﻿<?xml version="1.0" encoding="UTF-8"?><exam><id>20181031214925</id><questions><instructions><![CDATA[A1型题]]></instructions><question><type>1</type><format>text</format><desc><![CDATA[1.闻到苹果香味，看到苹果红色外观，触摸到苹果光滑的果皮等所引起的心理活动是]]></desc><options><option><id>A</id><type>text</type><desc><![CDATA[感觉]]></desc></option><option><id>B</id><type>text</type><desc><![CDATA[知觉]]></desc></option><option><id>C</id><type>text</type><desc><![CDATA[感受性]]></desc></option><option><id>D</id><type>text</type><desc><![CDATA[感觉阈限]]></desc></option><option><id>E</id><type>text</type><desc><![CDATA[感觉对比]]></desc></option></options><answers><![CDATA[A]]></answers></question><question><type>1</type><format>text</format><desc><![CDATA[2.从明亮处到黑暗处视觉感受性提高的过程是]]></desc><options><option><id>A</id><type>text</type><desc><![CDATA[绝对感受性]]></desc></option><option><id>B</id><type>text</type><desc><![CDATA[明适应]]></desc></option><option><id>C</id><type>text</type><desc><![CDATA[暗适应]]></desc></option><option><id>D</id><type>text</type><desc><![CDATA[对比]]></desc></option><option><id>E</id><type>text</type><desc><![CDATA[联觉]]></desc></option></options><answers><![CDATA[C]]></answers></question><question><type>1</type><format>text</format><desc><![CDATA[3.吃糖后接着吃桔子会觉得桔子酸，是感觉中的]]></desc><options><option><id>A</id><type>text</type><desc><![CDATA[适应]]></desc></option><option><id>B</id><type>text</type><desc><![CDATA[同时对比]]></desc></option><option><id>C</id><type>text</type><desc><![CDATA[先后对比]]></desc></option><option><id>D</id><type>text</type><desc><![CDATA[差别感受性]]></desc></option><option><id>E</id><type>text</type><desc><![CDATA[感觉后像]]></desc></option></options><answers><![CDATA[C]]></answers></question><question><type>1</type><format>text</format><desc><![CDATA[4.“草木皆兵”是一种]]></desc><options><option><id>A</id><type>text</type><desc><![CDATA[幻觉]]></desc></option><option><id>B</id><type>text</type><desc><![CDATA[错觉]]></desc></option><option><id>C</id><type>text</type><desc><![CDATA[错构]]></desc></option><option><id>D</id><type>text</type><desc><![CDATA[虚构]]></desc></option><option><id>E</id><type>text</type><desc><![CDATA[遗忘]]></desc></option></options><answers><![CDATA[B]]></answers></question><question><type>1</type><format>text</format><desc><![CDATA[5.上课时，学生将老师的声音作为知觉的对象，而将教室内其他的声响作为知觉的背景，这是由于]]></desc><options><option><id>A</id><type>text</type><desc><![CDATA[知觉的选择性]]></desc></option><option><id>B</id><type>text</type><desc><![CDATA[知觉的理解性]]></desc></option><option><id>C</id><type>text</type><desc><![CDATA[知觉的整体性]]></desc></option><option><id>D</id><type>text</type><desc><![CDATA[知觉的恒常性]]></desc></option><option><id>E</id><type>text</type><desc><![CDATA[感觉适应]]></desc></option></options><answers><![CDATA[A]]></answers></question><question><type>1</type><format>text</format><desc><![CDATA[6.一只白色的粉笔，无论把它置于明亮处还是黑暗处，人们都会把它知觉为白粉笔，被称为]]></desc><options><option><id>A</id><type>text</type><desc><![CDATA[知觉选择性]]></desc></option><option><id>B</id><type>text</type><desc><![CDATA[知觉理解性]]></desc></option><option><id>C</id><type>text</type><desc><![CDATA[知觉整体性]]></desc></option><option><id>D</id><type>text</type><desc><![CDATA[感觉适应]]></desc></option><option><id>E</id><type>text</type><desc><![CDATA[知觉恒常性]]></desc></option></options><answers><![CDATA[E]]></answers></question><question><type>1</type><format>text</format><desc><![CDATA[7.在记忆过程中不包括的环节为]]></desc><options><option><id>A</id><type>text</type><desc><![CDATA[识记]]></desc></option><option><id>B</id><type>text</type><desc><![CDATA[保持]]></desc></option><option><id>C</id><type>text</type><desc><![CDATA[验证]]></desc></option><option><id>D</id><type>text</type><desc><![CDATA[再认]]></desc></option><option><id>E</id><type>text</type><desc><![CDATA[回忆]]></desc></option></options><answers><![CDATA[C]]></answers></question><question><type>1</type><format>text</format><desc><![CDATA[8.人们从查询电话号码到拨通号码的时间间隔，大致相当于]]></desc><options><option><id>A</id><type>text</type><desc><![CDATA[感觉记忆]]></desc></option><option><id>B</id><type>text</type><desc><![CDATA[短时记忆]]></desc></option><option><id>C</id><type>text</type><desc><![CDATA[形象记忆]]></desc></option><option><id>D</id><type>text</type><desc><![CDATA[长时记忆]]></desc></option><option><id>E</id><type>text</type><desc><![CDATA[逻辑记忆]]></desc></option></options><answers><![CDATA[B]]></answers></question><question><type>1</type><format>text</format><desc><![CDATA[9.注意的稳定性是注意品质在哪方面的特征]]></desc><options><option><id>A</id><type>text</type><desc><![CDATA[广度]]></desc></option><option><id>B</id><type>text</type><desc><![CDATA[强度]]></desc></option><option><id>C</id><type>text</type><desc><![CDATA[时间]]></desc></option><option><id>D</id><type>text</type><desc><![CDATA[空间]]></desc></option><option><id>E</id><type>text</type><desc><![CDATA[速度]]></desc></option></options><answers><![CDATA[C]]></answers></question><question><type>1</type><format>text</format><desc><![CDATA[10.平时人们所说“一心二用”是]]></desc><options><option><id>A</id><type>text</type><desc><![CDATA[注意的范围]]></desc></option><option><id>B</id><type>text</type><desc><![CDATA[注意的敏捷性]]></desc></option><option><id>C</id><type>text</type><desc><![CDATA[注意的稳定]]></desc></option><option><id>D</id><type>text</type><desc><![CDATA[注意的分配]]></desc></option><option><id>E</id><type>text</type><desc><![CDATA[注意的分散]]></desc></option></options><answers><![CDATA[D]]></answers></question><question><type>1</type><format>text</format><desc><![CDATA[11.“忧者见之则忧，喜者见之则喜”是指]]></desc><options><option><id>A</id><type>text</type><desc><![CDATA[悲哀]]></desc></option><option><id>B</id><type>text</type><desc><![CDATA[愤怒]]></desc></option><option><id>C</id><type>text</type><desc><![CDATA[情感]]></desc></option><option><id>D</id><type>text</type><desc><![CDATA[心境]]></desc></option><option><id>E</id><type>text</type><desc><![CDATA[应激]]></desc></option></options><answers><![CDATA[D]]></answers></question><question><type>1</type><format>text</format><desc><![CDATA[12.按照心理学界的标准，四项基本情绪是]]></desc><options><option><id>A</id><type>text</type><desc><![CDATA[忧虑、快乐、悲哀和愤怒]]></desc></option><option><id>B</id><type>text</type><desc><![CDATA[忧虑、快乐、悲哀和恐惧]]></desc></option><option><id>C</id><type>text</type><desc><![CDATA[忧虑、快乐、恐惧和愤怒]]></desc></option><option><id>D</id><type>text</type><desc><![CDATA[快乐、悲哀、恐惧和愤怒]]></desc></option><option><id>E</id><type>text</type><desc><![CDATA[抑郁、伤心、悲哀和恐惧]]></desc></option></options><answers><![CDATA[D]]></answers></question><question><type>1</type><format>text</format><desc><![CDATA[13.身体各部分的姿态，例如愤怒时身体直立，挺胸握拳；高兴时手舞足蹈等，是指哪一种表情]]></desc><options><option><id>A</id><type>text</type><desc><![CDATA[面部]]></desc></option><option><id>B</id><type>text</type><desc><![CDATA[身段]]></desc></option><option><id>C</id><type>text</type><desc><![CDATA[语调]]></desc></option><option><id>D</id><type>text</type><desc><![CDATA[口部]]></desc></option><option><id>E</id><type>text</type><desc><![CDATA[语调]]></desc></option></options><answers><![CDATA[B]]></answers></question><question><type>1</type><format>text</format><desc><![CDATA[14.有时人在暴怒时拍案而起，暴跳如雷，这是属于]]></desc><options><option><id>A</id><type>text</type><desc><![CDATA[心境]]></desc></option><option><id>B</id><type>text</type><desc><![CDATA[激情]]></desc></option><option><id>C</id><type>text</type><desc><![CDATA[热情]]></desc></option><option><id>D</id><type>text</type><desc><![CDATA[应激]]></desc></option><option><id>E</id><type>text</type><desc><![CDATA[情感]]></desc></option></options><answers><![CDATA[B]]></answers></question><question><type>1</type><format>text</format><desc><![CDATA[15.情绪调节不包括]]></desc><options><option><id>A</id><type>text</type><desc><![CDATA[生理调节]]></desc></option><option><id>B</id><type>text</type><desc><![CDATA[人际调节]]></desc></option><option><id>C</id><type>text</type><desc><![CDATA[心理调节]]></desc></option><option><id>D</id><type>text</type><desc><![CDATA[行为调节]]></desc></option><option><id>E</id><type>text</type><desc><![CDATA[认知调节]]></desc></option></options><answers><![CDATA[C]]></answers></question><question><type>1</type><format>text</format><desc><![CDATA[16.下列身体反应，不属于应激条件下反应的是]]></desc><options><option><id>A</id><type>text</type><desc><![CDATA[呼吸加快]]></desc></option><option><id>B</id><type>text</type><desc><![CDATA[血压上升]]></desc></option><option><id>C</id><type>text</type><desc><![CDATA[血管舒张]]></desc></option><option><id>D</id><type>text</type><desc><![CDATA[消化功能减弱]]></desc></option><option><id>E</id><type>text</type><desc><![CDATA[心跳加快]]></desc></option></options><answers><![CDATA[C]]></answers></question><question><type>1</type><format>text</format><desc><![CDATA[17.“富贵不能淫，贫贱不能移，威武不能屈”，体现了一个人意志的（）品质]]></desc><options><option><id>A</id><type>text</type><desc><![CDATA[自觉性]]></desc></option><option><id>B</id><type>text</type><desc><![CDATA[果断性]]></desc></option><option><id>C</id><type>text</type><desc><![CDATA[自制性]]></desc></option><option><id>D</id><type>text</type><desc><![CDATA[坚持性]]></desc></option><option><id>E</id><type>text</type><desc><![CDATA[柔韧性]]></desc></option></options><answers><![CDATA[D]]></answers></question></questions><questions><instructions><![CDATA[A2型题]]></instructions><question><type>1</type><format>text</format><desc><![CDATA[18.读了毛泽东的《沁园春·雪》，头脑中出现一副“气势磅礴”的雪景图，头脑中出现的雪景图是一种]]></desc><options><option><id>A</id><type>text</type><desc><![CDATA[无意想象]]></desc></option><option><id>B</id><type>text</type><desc><![CDATA[有意想象]]></desc></option><option><id>C</id><type>text</type><desc><![CDATA[再造想象]]></desc></option><option><id>D</id><type>text</type><desc><![CDATA[创造想象]]></desc></option><option><id>E</id><type>text</type><desc><![CDATA[幻想]]></desc></option></options><answers><![CDATA[C]]></answers></question><question><type>1</type><format>text</format><desc><![CDATA[19.读了毛泽东的《沁园春·雪》，头脑中出现一副“气势磅礴”的雪景图，这种想象的基本材料是]]></desc><options><option><id>A</id><type>text</type><desc><![CDATA[表象]]></desc></option><option><id>B</id><type>text</type><desc><![CDATA[知觉映象]]></desc></option><option><id>C</id><type>text</type><desc><![CDATA[回忆]]></desc></option><option><id>D</id><type>text</type><desc><![CDATA[记忆]]></desc></option><option><id>E</id><type>text</type><desc><![CDATA[联想]]></desc></option></options><answers><![CDATA[A]]></answers></question><question><type>1</type><format>text</format><desc><![CDATA[20.美国著名女作家海伦·凯勒一岁半时，一场重病夺去她的视力和听力，随后她又失去了说话的能力,然而她没有消沉，她凭着顽强的毅力，靠学习盲文，以优越的成绩从哈佛大学毕业，并掌握了五种文字，出版了14部著作。此材料说明的道理是]]></desc><options><option><id>A</id><type>text</type><desc><![CDATA[挫折是一把“双刃剑”，“苦难是人生的老师”]]></desc></option><option><id>B</id><type>text</type><desc><![CDATA[有挫折就会有成功，不经历挫折的人不会成才]]></desc></option><option><id>C</id><type>text</type><desc><![CDATA[导致挫折的原因是多种多样的]]></desc></option><option><id>D</id><type>text</type><desc><![CDATA[只有伟人才会遭遇挫折，身处逆境]]></desc></option><option><id>E</id><type>text</type><desc><![CDATA[不经历挫折，写不出著作]]></desc></option></options><answers><![CDATA[A]]></answers></question></questions></exam>