﻿<?xml version="1.0" encoding="UTF-8"?><exam><id>20181031222219</id><questions><instructions><![CDATA[A1型题]]></instructions><question><type>1</type><format>text</format><desc><![CDATA[1.酸葡萄心理属于哪种心理防御机制]]></desc><options><option><id>A</id><type>text</type><desc><![CDATA[转移]]></desc></option><option><id>B</id><type>text</type><desc><![CDATA[压抑]]></desc></option><option><id>C</id><type>text</type><desc><![CDATA[合理化]]></desc></option><option><id>D</id><type>text</type><desc><![CDATA[补偿]]></desc></option><option><id>E</id><type>text</type><desc><![CDATA[否认]]></desc></option></options><answers><![CDATA[C]]></answers></question><question><type>1</type><format>text</format><desc><![CDATA[2.“此地无银三百两”是指的哪种心理防御机制]]></desc><options><option><id>A</id><type>text</type><desc><![CDATA[转移]]></desc></option><option><id>B</id><type>text</type><desc><![CDATA[反向]]></desc></option><option><id>C</id><type>text</type><desc><![CDATA[抵消]]></desc></option><option><id>D</id><type>text</type><desc><![CDATA[否认]]></desc></option><option><id>E</id><type>text</type><desc><![CDATA[投射]]></desc></option></options><answers><![CDATA[B]]></answers></question><question><type>1</type><format>text</format><desc><![CDATA[3.成熟的心理防御机制是指]]></desc><options><option><id>A</id><type>text</type><desc><![CDATA[外射]]></desc></option><option><id>B</id><type>text</type><desc><![CDATA[退行]]></desc></option><option><id>C</id><type>text</type><desc><![CDATA[幻想]]></desc></option><option><id>D</id><type>text</type><desc><![CDATA[补偿]]></desc></option><option><id>E</id><type>text</type><desc><![CDATA[升华]]></desc></option></options><answers><![CDATA[E]]></answers></question><question><type>1</type><format>text</format><desc><![CDATA[4.移民的思乡情，属于哪种应激源]]></desc><options><option><id>A</id><type>text</type><desc><![CDATA[个人健康问题]]></desc></option><option><id>B</id><type>text</type><desc><![CDATA[社会性应激源]]></desc></option><option><id>C</id><type>text</type><desc><![CDATA[职业问题]]></desc></option><option><id>D</id><type>text</type><desc><![CDATA[文化性应激源]]></desc></option><option><id>E</id><type>text</type><desc><![CDATA[创伤后应激障碍]]></desc></option></options><answers><![CDATA[D]]></answers></question><question><type>1</type><format>text</format><desc><![CDATA[5.应激的生理反应机制不包括]]></desc><options><option><id>A</id><type>text</type><desc><![CDATA[自主神经反应]]></desc></option><option><id>B</id><type>text</type><desc><![CDATA[下丘脑-垂体-靶腺轴]]></desc></option><option><id>C</id><type>text</type><desc><![CDATA[焦虑]]></desc></option><option><id>D</id><type>text</type><desc><![CDATA[交感-肾上腺髓质轴]]></desc></option><option><id>E</id><type>text</type><desc><![CDATA[免疫调节机制]]></desc></option></options><answers><![CDATA[C]]></answers></question><question><type>1</type><format>text</format><desc><![CDATA[6.应激的心理反应不包括]]></desc><options><option><id>A</id><type>text</type><desc><![CDATA[认知反应]]></desc></option><option><id>B</id><type>text</type><desc><![CDATA[偏执]]></desc></option><option><id>C</id><type>text</type><desc><![CDATA[恐惧]]></desc></option><option><id>D</id><type>text</type><desc><![CDATA[情绪反应]]></desc></option><option><id>E</id><type>text</type><desc><![CDATA[自主神经反应]]></desc></option></options><answers><![CDATA[E]]></answers></question><question><type>1</type><format>html</format><desc><![CDATA[7.问题处理<u>不包括</u>]]></desc><options><option><id>A</id><type>text</type><desc><![CDATA[注意转移]]></desc></option><option><id>B</id><type>text</type><desc><![CDATA[解决问题]]></desc></option><option><id>C</id><type>text</type><desc><![CDATA[提高社会技能]]></desc></option><option><id>D</id><type>text</type><desc><![CDATA[寻求信息]]></desc></option><option><id>E</id><type>text</type><desc><![CDATA[直面问题]]></desc></option></options><answers><![CDATA[A]]></answers></question></questions><questions><instructions><![CDATA[A2型题]]></instructions><question><type>1</type><format>text</format><desc><![CDATA[8.机体为了应对有害刺激而唤起体内整体防御能力的动员阶段是指应激的哪个阶段]]></desc><options><option><id>A</id><type>text</type><desc><![CDATA[警戒期]]></desc></option><option><id>B</id><type>text</type><desc><![CDATA[抵抗期或耐受期]]></desc></option><option><id>C</id><type>text</type><desc><![CDATA[交感-肾上腺髓质轴]]></desc></option><option><id>D</id><type>text</type><desc><![CDATA[延缓性应激反应]]></desc></option><option><id>E</id><type>text</type><desc><![CDATA[衰竭期]]></desc></option></options><answers><![CDATA[A]]></answers></question><question><type>1</type><format>text</format><desc><![CDATA[9.如果持续暴露在有害环境之中，机体就会转入适应阶段，通过增加合成代谢以增强对应激源的抵抗程度，是指应激的哪个阶段]]></desc><options><option><id>A</id><type>text</type><desc><![CDATA[警戒期]]></desc></option><option><id>B</id><type>text</type><desc><![CDATA[抵抗期]]></desc></option><option><id>C</id><type>text</type><desc><![CDATA[交感-肾上腺髓质轴]]></desc></option><option><id>D</id><type>text</type><desc><![CDATA[延缓性应激反应]]></desc></option><option><id>E</id><type>text</type><desc><![CDATA[衰竭期]]></desc></option></options><answers><![CDATA[B]]></answers></question><question><type>1</type><format>text</format><desc><![CDATA[10.应激除对健康造成即时损害外，还会产生余波效应，是指]]></desc><options><option><id>A</id><type>text</type><desc><![CDATA[警戒期]]></desc></option><option><id>B</id><type>text</type><desc><![CDATA[抵抗期或耐受期]]></desc></option><option><id>C</id><type>text</type><desc><![CDATA[交感-肾上腺髓质轴]]></desc></option><option><id>D</id><type>text</type><desc><![CDATA[延缓性应激反应]]></desc></option><option><id>E</id><type>text</type><desc><![CDATA[衰竭期]]></desc></option></options><answers><![CDATA[D]]></answers></question><question><type>1</type><format>text</format><desc><![CDATA[11.各种动机冲突、挫折和各种原因导致的自尊感降低，属于哪种应激源]]></desc><options><option><id>A</id><type>text</type><desc><![CDATA[躯体性应激源]]></desc></option><option><id>B</id><type>text</type><desc><![CDATA[心理性应激源]]></desc></option><option><id>C</id><type>text</type><desc><![CDATA[文化性应激源]]></desc></option><option><id>D</id><type>text</type><desc><![CDATA[人际关系问题]]></desc></option><option><id>E</id><type>text</type><desc><![CDATA[创伤后应激障碍]]></desc></option></options><answers><![CDATA[B]]></answers></question></questions></exam>