﻿<?xml version="1.0" encoding="UTF-8"?><exam><id>20181031221855</id><questions><instructions><![CDATA[A1型题]]></instructions><question><type>1</type><format>text</format><desc><![CDATA[1.世界卫生组织对健康的定义不包括下列哪项]]></desc><options><option><id>A</id><type>text</type><desc><![CDATA[躯体没有疾病]]></desc></option><option><id>B</id><type>text</type><desc><![CDATA[有完整的生理状态]]></desc></option><option><id>C</id><type>text</type><desc><![CDATA[有完整的心理状态]]></desc></option><option><id>D</id><type>text</type><desc><![CDATA[有一定的劳动能力]]></desc></option><option><id>E</id><type>text</type><desc><![CDATA[有社会适应能力]]></desc></option></options><answers><![CDATA[D]]></answers></question><question><type>1</type><format>text</format><desc><![CDATA[2.护士心理健康维护不包括]]></desc><options><option><id>A</id><type>text</type><desc><![CDATA[加强护士的社会支持]]></desc></option><option><id>B</id><type>text</type><desc><![CDATA[营造人性化工作环境]]></desc></option><option><id>C</id><type>text</type><desc><![CDATA[提高护士心理调适能力]]></desc></option><option><id>D</id><type>text</type><desc><![CDATA[建立心理督导机构]]></desc></option><option><id>E</id><type>text</type><desc><![CDATA[加强护理操作技能]]></desc></option></options><answers><![CDATA[E]]></answers></question><question><type>1</type><format>text</format><desc><![CDATA[3.患者，女性，9个月，因患肺炎而入院，入院当天患儿哭个不停，不愿离开母亲。该患儿主要的心理压力来源是]]></desc><options><option><id>A</id><type>text</type><desc><![CDATA[身体形象改变]]></desc></option><option><id>B</id><type>text</type><desc><![CDATA[缺乏对疾病的认识]]></desc></option><option><id>C</id><type>text</type><desc><![CDATA[中断学习]]></desc></option><option><id>D</id><type>text</type><desc><![CDATA[离开亲人和接触陌生人]]></desc></option><option><id>E</id><type>text</type><desc><![CDATA[失眠、做恶梦]]></desc></option></options><answers><![CDATA[D]]></answers><keypoints><![CDATA[解析：9个月大的婴儿，是依恋形成的关键年龄，不愿离开母亲，正是由于害怕离开亲人，接触陌生人。]]></keypoints></question><question><type>1</type><format>text</format><desc><![CDATA[4.皮亚杰认为12～15岁儿童思维的发展处在]]></desc><options><option><id>A</id><type>text</type><desc><![CDATA[感知运动阶段]]></desc></option><option><id>B</id><type>text</type><desc><![CDATA[前运算阶段]]></desc></option><option><id>C</id><type>text</type><desc><![CDATA[具体运算阶段]]></desc></option><option><id>D</id><type>text</type><desc><![CDATA[形式运算阶段]]></desc></option><option><id>E</id><type>text</type><desc><![CDATA[以上均不对]]></desc></option></options><answers><![CDATA[D]]></answers></question><question><type>1</type><format>text</format><desc><![CDATA[5.提出“最近发展区”思想的心理学家是]]></desc><options><option><id>A</id><type>text</type><desc><![CDATA[皮亚杰]]></desc></option><option><id>B</id><type>text</type><desc><![CDATA[埃里克森]]></desc></option><option><id>C</id><type>text</type><desc><![CDATA[弗洛伊德]]></desc></option><option><id>D</id><type>text</type><desc><![CDATA[斯金纳]]></desc></option><option><id>E</id><type>text</type><desc><![CDATA[维果斯基]]></desc></option></options><answers><![CDATA[E]]></answers></question><question><type>1</type><format>text</format><desc><![CDATA[6.埃里克森认为，幼儿期发展的主要任务是]]></desc><options><option><id>A</id><type>text</type><desc><![CDATA[获得信任感，克服怀疑感]]></desc></option><option><id>B</id><type>text</type><desc><![CDATA[获得自主感，克服羞怯感]]></desc></option><option><id>C</id><type>text</type><desc><![CDATA[获得主动感，克服内疚感]]></desc></option><option><id>D</id><type>text</type><desc><![CDATA[获得勤奋感，克服自卑感]]></desc></option><option><id>E</id><type>text</type><desc><![CDATA[获得自我同一性，克服统一性混乱]]></desc></option></options><answers><![CDATA[C]]></answers></question><question><type>1</type><format>text</format><desc><![CDATA[7.（）是指婴儿与主要抚养者（通常是母亲）之间最初的社会性联结]]></desc><options><option><id>A</id><type>text</type><desc><![CDATA[情感]]></desc></option><option><id>B</id><type>text</type><desc><![CDATA[亲子关系]]></desc></option><option><id>C</id><type>text</type><desc><![CDATA[母子关系]]></desc></option><option><id>D</id><type>text</type><desc><![CDATA[依恋]]></desc></option><option><id>E</id><type>text</type><desc><![CDATA[以上都不对]]></desc></option></options><answers><![CDATA[D]]></answers></question><question><type>1</type><format>text</format><desc><![CDATA[8.幼儿期的主导活动是]]></desc><options><option><id>A</id><type>text</type><desc><![CDATA[游戏]]></desc></option><option><id>B</id><type>text</type><desc><![CDATA[学习]]></desc></option><option><id>C</id><type>text</type><desc><![CDATA[劳动]]></desc></option><option><id>D</id><type>text</type><desc><![CDATA[自我服务性劳动]]></desc></option><option><id>E</id><type>text</type><desc><![CDATA[以上均不对]]></desc></option></options><answers><![CDATA[A]]></answers></question><question><type>1</type><format>text</format><desc><![CDATA[9.童年期的主导活动是]]></desc><options><option><id>A</id><type>text</type><desc><![CDATA[游戏]]></desc></option><option><id>B</id><type>text</type><desc><![CDATA[学习]]></desc></option><option><id>C</id><type>text</type><desc><![CDATA[劳动]]></desc></option><option><id>D</id><type>text</type><desc><![CDATA[自我服务性劳动]]></desc></option><option><id>E</id><type>text</type><desc><![CDATA[以上均不对]]></desc></option></options><answers><![CDATA[B]]></answers></question><question><type>1</type><format>text</format><desc><![CDATA[10.第二逆反期的独立自主要求主要在于]]></desc><options><option><id>A</id><type>text</type><desc><![CDATA[要求行为、动作的自主性与行事自由]]></desc></option><option><id>B</id><type>text</type><desc><![CDATA[反抗父母的漠不关心]]></desc></option><option><id>C</id><type>text</type><desc><![CDATA[要求精神自主和人格的独立]]></desc></option><option><id>D</id><type>text</type><desc><![CDATA[要求社会地位的优越]]></desc></option><option><id>E</id><type>text</type><desc><![CDATA[对内部心理需求的争取]]></desc></option></options><answers><![CDATA[C]]></answers></question><question><type>1</type><format>text</format><desc><![CDATA[11.中年期的年龄范围是]]></desc><options><option><id>A</id><type>text</type><desc><![CDATA[30～40岁]]></desc></option><option><id>B</id><type>text</type><desc><![CDATA[35岁～60岁]]></desc></option><option><id>C</id><type>text</type><desc><![CDATA[45～60岁或65岁]]></desc></option><option><id>D</id><type>text</type><desc><![CDATA[50～60岁或65岁]]></desc></option><option><id>E</id><type>text</type><desc><![CDATA[40～60岁]]></desc></option></options><answers><![CDATA[B]]></answers></question><question><type>1</type><format>text</format><desc><![CDATA[12.以下哪项不是成年晚期个体的特点]]></desc><options><option><id>A</id><type>text</type><desc><![CDATA[比较容易产生消极的情绪情感]]></desc></option><option><id>B</id><type>text</type><desc><![CDATA[情绪体验深刻而持久]]></desc></option><option><id>C</id><type>text</type><desc><![CDATA[出现各种“丧失”]]></desc></option><option><id>D</id><type>text</type><desc><![CDATA[感知觉是最早衰退的心理现象]]></desc></option><option><id>E</id><type>text</type><desc><![CDATA[人个特点易于改变]]></desc></option></options><answers><![CDATA[E]]></answers></question></questions></exam>