﻿<?xml version="1.0" encoding="UTF-8"?><exam><id>20181101215355</id><questions><instructions><![CDATA[A1型题]]></instructions><question><type>1</type><format>text</format><desc><![CDATA[1.自理理论的提出者是]]></desc><options><option><id>A</id><type>text</type><desc><![CDATA[Neuman]]></desc></option><option><id>B</id><type>text</type><desc><![CDATA[Roy]]></desc></option><option><id>C</id><type>text</type><desc><![CDATA[Orem]]></desc></option><option><id>D</id><type>text</type><desc><![CDATA[Leininger]]></desc></option><option><id>E</id><type>text</type><desc><![CDATA[Nightingale]]></desc></option></options><answers><![CDATA[C]]></answers></question><question><type>1</type><format>text</format><desc><![CDATA[2.适应模式的提出者是]]></desc><options><option><id>A</id><type>text</type><desc><![CDATA[Neuman]]></desc></option><option><id>B</id><type>text</type><desc><![CDATA[Roy]]></desc></option><option><id>C</id><type>text</type><desc><![CDATA[Orem]]></desc></option><option><id>D</id><type>text</type><desc><![CDATA[Leininger]]></desc></option><option><id>E</id><type>text</type><desc><![CDATA[Nightingale]]></desc></option></options><answers><![CDATA[B]]></answers></question><question><type>1</type><format>text</format><desc><![CDATA[3.健康系统模式的提出者是]]></desc><options><option><id>A</id><type>text</type><desc><![CDATA[Neuman]]></desc></option><option><id>B</id><type>text</type><desc><![CDATA[Roy]]></desc></option><option><id>C</id><type>text</type><desc><![CDATA[Orem]]></desc></option><option><id>D</id><type>text</type><desc><![CDATA[Leininger]]></desc></option><option><id>E</id><type>text</type><desc><![CDATA[Nightingale]]></desc></option></options><answers><![CDATA[A]]></answers></question><question><type>1</type><format>text</format><desc><![CDATA[4.跨文化理论的创立者是]]></desc><options><option><id>A</id><type>text</type><desc><![CDATA[Neuman]]></desc></option><option><id>B</id><type>text</type><desc><![CDATA[Roy]]></desc></option><option><id>C</id><type>text</type><desc><![CDATA[Orem]]></desc></option><option><id>D</id><type>text</type><desc><![CDATA[Leininger]]></desc></option><option><id>E</id><type>text</type><desc><![CDATA[Nightingale]]></desc></option></options><answers><![CDATA[D]]></answers></question><question><type>1</type><format>text</format><desc><![CDATA[5.人文关怀理论的创立者是]]></desc><options><option><id>A</id><type>text</type><desc><![CDATA[Neuman]]></desc></option><option><id>B</id><type>text</type><desc><![CDATA[Roy]]></desc></option><option><id>C</id><type>text</type><desc><![CDATA[Orem]]></desc></option><option><id>D</id><type>text</type><desc><![CDATA[Leininger]]></desc></option><option><id>E</id><type>text</type><desc><![CDATA[Jean Watson]]></desc></option></options><answers><![CDATA[E]]></answers></question><question><type>1</type><format>text</format><desc><![CDATA[6.自理缺陷理论的内容是]]></desc><options><option><id>A</id><type>text</type><desc><![CDATA[什么是自理]]></desc></option><option><id>B</id><type>text</type><desc><![CDATA[人有哪些自理需要]]></desc></option><option><id>C</id><type>text</type><desc><![CDATA[人何时需要护理]]></desc></option><option><id>D</id><type>text</type><desc><![CDATA[人有哪些自理缺陷]]></desc></option><option><id>E</id><type>text</type><desc><![CDATA[如何提供护理帮助]]></desc></option></options><answers><![CDATA[C]]></answers></question><question><type>1</type><format>text</format><desc><![CDATA[7.根据奥瑞姆的自理理论的内容，属于健康不佳时的自理需求是]]></desc><options><option><id>A</id><type>text</type><desc><![CDATA[维持独处和社会交往的平衡]]></desc></option><option><id>B</id><type>text</type><desc><![CDATA[摄入空气、水、食物]]></desc></option><option><id>C</id><type>text</type><desc><![CDATA[应对失去亲人的情况]]></desc></option><option><id>D</id><type>text</type><desc><![CDATA[患病后做出相应的生活方式改变]]></desc></option><option><id>E</id><type>text</type><desc><![CDATA[预防对健康有危害的因素]]></desc></option></options><answers><![CDATA[D]]></answers></question><question><type>1</type><format>html</format><desc><![CDATA[8.在Roy适应模式中，对输入刺激的描述<u><b>不正确的</b></u>是]]></desc><options><option><id>A</id><type>text</type><desc><![CDATA[凡能够激发个体反应的信息均为刺激]]></desc></option><option><id>B</id><type>text</type><desc><![CDATA[对个体的影响程度最大为主要刺激]]></desc></option><option><id>C</id><type>text</type><desc><![CDATA[相关刺激通常是可以观察和测量的]]></desc></option><option><id>D</id><type>text</type><desc><![CDATA[固有刺激通常是不可以观察和测量的]]></desc></option><option><id>E</id><type>text</type><desc><![CDATA[主要刺激是原有的、构成本人特征的刺激]]></desc></option></options><answers><![CDATA[E]]></answers></question><question><type>1</type><format>text</format><desc><![CDATA[9.根据Roy适应模式，下述行为反应属于生理功能方面的是]]></desc><options><option><id>A</id><type>text</type><desc><![CDATA[自我形象紊乱]]></desc></option><option><id>B</id><type>text</type><desc><![CDATA[角色冲突]]></desc></option><option><id>C</id><type>text</type><desc><![CDATA[分离性焦虑]]></desc></option><option><id>D</id><type>text</type><desc><![CDATA[营养不良]]></desc></option><option><id>E</id><type>text</type><desc><![CDATA[自卑自责]]></desc></option></options><answers><![CDATA[D]]></answers></question><question><type>1</type><format>html</format><desc><![CDATA[10.下列有关纽曼系统模式中弹性防御线的叙述<u><b>不正确的</b></u>是]]></desc><options><option><id>A</id><type>text</type><desc><![CDATA[弹性防御线位于个体防御系统的最外层]]></desc></option><option><id>B</id><type>text</type><desc><![CDATA[弹性防御线是一个虚线圈]]></desc></option><option><id>C</id><type>text</type><desc><![CDATA[弹性防御线也受系统5个变量的影响]]></desc></option><option><id>D</id><type>text</type><desc><![CDATA[弹性防御线是后天获得的，与个体生长发育无关]]></desc></option><option><id>E</id><type>text</type><desc><![CDATA[弹性防御线可由于失眠等原因迅速削弱其防御效能]]></desc></option></options><answers><![CDATA[D]]></answers></question><question><type>1</type><format>html</format><desc><![CDATA[11.莱宁格在跨文化护理理论的主要概念<u><b>不包括</b></u>]]></desc><options><option><id>A</id><type>text</type><desc><![CDATA[文化]]></desc></option><option><id>B</id><type>text</type><desc><![CDATA[关怀]]></desc></option><option><id>C</id><type>text</type><desc><![CDATA[文化关怀]]></desc></option><option><id>D</id><type>text</type><desc><![CDATA[护理关怀]]></desc></option><option><id>E</id><type>text</type><desc><![CDATA[跨文化护理]]></desc></option></options><answers><![CDATA[D]]></answers></question><question><type>1</type><format>text</format><desc><![CDATA[12.属于“日出模式”的第一层次的内容是]]></desc><options><option><id>A</id><type>text</type><desc><![CDATA[世界观和文化社会结构层]]></desc></option><option><id>B</id><type>text</type><desc><![CDATA[文化关怀与健康层]]></desc></option><option><id>C</id><type>text</type><desc><![CDATA[健康系统层]]></desc></option><option><id>D</id><type>text</type><desc><![CDATA[护理关怀决策层]]></desc></option><option><id>E</id><type>text</type><desc><![CDATA[护理关怀行为层]]></desc></option></options><answers><![CDATA[A]]></answers></question><question><type>1</type><format>text</format><desc><![CDATA[13.华生的关怀科学模式的理论基础是]]></desc><options><option><id>A</id><type>text</type><desc><![CDATA[人本主义]]></desc></option><option><id>B</id><type>text</type><desc><![CDATA[实用主义]]></desc></option><option><id>C</id><type>text</type><desc><![CDATA[系统理论]]></desc></option><option><id>D</id><type>text</type><desc><![CDATA[压力应对学说]]></desc></option><option><id>E</id><type>text</type><desc><![CDATA[人际关系理论]]></desc></option></options><answers><![CDATA[A]]></answers></question><question><type>1</type><format>text</format><desc><![CDATA[14.华生的关怀科学模式强调护理的核心是]]></desc><options><option><id>A</id><type>text</type><desc><![CDATA[人际关系]]></desc></option><option><id>B</id><type>text</type><desc><![CDATA[人的自理能力]]></desc></option><option><id>C</id><type>text</type><desc><![CDATA[治疗性护患关系]]></desc></option><option><id>D</id><type>text</type><desc><![CDATA[人的健康]]></desc></option><option><id>E</id><type>text</type><desc><![CDATA[人的适应]]></desc></option></options><answers><![CDATA[C]]></answers></question><question><type>1</type><format>text</format><desc><![CDATA[15.根据奥瑞姆的自理理论，对于昏迷病人一般应采取的护理系统是]]></desc><options><option><id>A</id><type>text</type><desc><![CDATA[全补偿系统]]></desc></option><option><id>B</id><type>text</type><desc><![CDATA[功能补偿系统]]></desc></option><option><id>C</id><type>text</type><desc><![CDATA[部分补偿系统]]></desc></option><option><id>D</id><type>text</type><desc><![CDATA[支持-教育系统]]></desc></option><option><id>E</id><type>text</type><desc><![CDATA[锻炼补偿系统]]></desc></option></options><answers><![CDATA[A]]></answers></question></questions><questions><instructions><![CDATA[A2型题]]></instructions><question><type>1</type><format>text</format><desc><![CDATA[16.某病人，男性，53岁。因情绪变化诱发心绞痛入院。根据Roy的适应模式，心肌缺血缺氧是该病人面临的]]></desc><options><option><id>A</id><type>text</type><desc><![CDATA[主要刺激]]></desc></option><option><id>B</id><type>text</type><desc><![CDATA[次要刺激]]></desc></option><option><id>C</id><type>text</type><desc><![CDATA[相关刺激]]></desc></option><option><id>D</id><type>text</type><desc><![CDATA[固有刺激]]></desc></option><option><id>E</id><type>text</type><desc><![CDATA[随机刺激]]></desc></option></options><answers><![CDATA[A]]></answers></question><question><type>1</type><format>text</format><desc><![CDATA[17.某病人，女性，60岁。因感染诱发左心衰竭入院。既往该病人有心衰史10年，吸烟史20年，每周1包烟。根据Roy的适应模式，吸烟史是该病人面临的]]></desc><options><option><id>A</id><type>text</type><desc><![CDATA[主要刺激]]></desc></option><option><id>B</id><type>text</type><desc><![CDATA[次要刺激]]></desc></option><option><id>C</id><type>text</type><desc><![CDATA[相关刺激]]></desc></option><option><id>D</id><type>text</type><desc><![CDATA[固有刺激]]></desc></option><option><id>E</id><type>text</type><desc><![CDATA[随机刺激]]></desc></option></options><answers><![CDATA[C]]></answers></question><question><type>1</type><format>text</format><desc><![CDATA[18.流感高发期，学校组织在校小学生注射流感疫苗，根据纽曼的健康系统模式，学校此行为属于哪一级预防行为]]></desc><options><option><id>A</id><type>text</type><desc><![CDATA[一级预防]]></desc></option><option><id>B</id><type>text</type><desc><![CDATA[二级预防]]></desc></option><option><id>C</id><type>text</type><desc><![CDATA[三级预防]]></desc></option><option><id>D</id><type>text</type><desc><![CDATA[早期预防]]></desc></option><option><id>E</id><type>text</type><desc><![CDATA[次级预防]]></desc></option></options><answers><![CDATA[A]]></answers></question><question><type>1</type><format>text</format><desc><![CDATA[19.某病人，女性，45岁。因脑出血收治入院，入院时呈浅昏迷状态，右侧肢体无力。经积极治疗，2周后，病人意识恢复，开始右侧肢体功能锻炼。4周后，病情平稳，准备出院。（依据奥瑞姆的自理理论）病人进行功能锻炼时，需要提供]]></desc><options><option><id>A</id><type>text</type><desc><![CDATA[全补偿系统]]></desc></option><option><id>B</id><type>text</type><desc><![CDATA[部分补偿系统]]></desc></option><option><id>C</id><type>text</type><desc><![CDATA[支持-教育系统]]></desc></option><option><id>D</id><type>text</type><desc><![CDATA[自我护理系统]]></desc></option><option><id>E</id><type>text</type><desc><![CDATA[家庭护理系统]]></desc></option></options><answers><![CDATA[C]]></answers><keypoints><![CDATA[解析：支持-教育系统指病人能够满足自理需要，但需要护士提供支持、教育以及指导等服务才能够完成。如乳腺癌术后恢复期进行患肢的功能锻炼、糖尿病病人的胰岛素注射等。]]></keypoints></question><question><type>1</type><format>text</format><desc><![CDATA[20.某病人，男性，35岁。因上腹部周期性疼痛入院，诊断为十二指肠溃疡，询问病史得知病人1年前由于投资失误，致经济状况欠佳，与妻子因债务问题关系紧张，3个月前与妻子离婚，1个月前病人出现失眠，1周前出现上腹部周期性疼痛。（依据纽曼健康系统模式）夫妻关系紧张是该病人的]]></desc><options><option><id>A</id><type>text</type><desc><![CDATA[内在压力源]]></desc></option><option><id>B</id><type>text</type><desc><![CDATA[外在压力源]]></desc></option><option><id>C</id><type>text</type><desc><![CDATA[生理压力源]]></desc></option><option><id>D</id><type>text</type><desc><![CDATA[心理压力源]]></desc></option><option><id>E</id><type>text</type><desc><![CDATA[人际间压力源]]></desc></option></options><answers><![CDATA[E]]></answers><keypoints><![CDATA[解析：纽曼将应激原分为以下3种：个体内应激原指来自于个体内、与个体内环境有关的生理、心理、社会文化、成长发展等方面的应激原，如疼痛、失眠、形象紊乱、孤独等；人际间应激原指来自于两个或多个个体之间，在近距离内作用的应激原，如护患冲突、同事关系紧张、人际沟通障碍等；个体外应激原指来自于个体系统之外、作用距离比人际间应激原更远的应激原，如大气污染、各种制度政策、法律法规等。]]></keypoints></question></questions></exam>