﻿<?xml version="1.0" encoding="UTF-8"?><exam><id>20181101215946</id><questions><instructions><![CDATA[A1型题]]></instructions><question><type>1</type><format>text</format><desc><![CDATA[1.评判性思维的核心目的是]]></desc><options><option><id>A</id><type>text</type><desc><![CDATA[诊断推理]]></desc></option><option><id>B</id><type>text</type><desc><![CDATA[质疑反思]]></desc></option><option><id>C</id><type>text</type><desc><![CDATA[临床决策]]></desc></option><option><id>D</id><type>text</type><desc><![CDATA[鉴别诊断]]></desc></option><option><id>E</id><type>text</type><desc><![CDATA[演绎推理]]></desc></option></options><answers><![CDATA[C]]></answers><keypoints><![CDATA[解析：临床护理决策是一个运用评判性思维的行为实践过程，是评判性思维的核心目的。]]></keypoints></question><question><type>1</type><format>html</format><desc><![CDATA[2.<u><b>不属于</b></u>护士评判性思维核心认知技能的是]]></desc><options><option><id>A</id><type>text</type><desc><![CDATA[解释]]></desc></option><option><id>B</id><type>text</type><desc><![CDATA[分析]]></desc></option><option><id>C</id><type>text</type><desc><![CDATA[评估]]></desc></option><option><id>D</id><type>text</type><desc><![CDATA[推论]]></desc></option><option><id>E</id><type>text</type><desc><![CDATA[猜测]]></desc></option></options><answers><![CDATA[E]]></answers><keypoints><![CDATA[解析：评判性思维由六方面的核心认知技能及相对应的亚技能组成，核心认知技能为解释、分析、评估、推论、说明和自我调控。]]></keypoints></question><question><type>1</type><format>text</format><desc><![CDATA[3.根据相关信息推测所得出的结论是]]></desc><options><option><id>A</id><type>text</type><desc><![CDATA[分析]]></desc></option><option><id>B</id><type>text</type><desc><![CDATA[解释]]></desc></option><option><id>C</id><type>text</type><desc><![CDATA[推论]]></desc></option><option><id>D</id><type>text</type><desc><![CDATA[说明]]></desc></option><option><id>E</id><type>text</type><desc><![CDATA[自我调控]]></desc></option></options><answers><![CDATA[C]]></answers><keypoints><![CDATA[解析：推论是根据相关信息设计关于事项的可选假说，推测可能性发生的情况，以得出合理的结论。]]></keypoints></question><question><type>1</type><format>text</format><desc><![CDATA[4.对推理的结论进行陈述以证明其正确性是]]></desc><options><option><id>A</id><type>text</type><desc><![CDATA[分析]]></desc></option><option><id>B</id><type>text</type><desc><![CDATA[解释]]></desc></option><option><id>C</id><type>text</type><desc><![CDATA[推论]]></desc></option><option><id>D</id><type>text</type><desc><![CDATA[说明]]></desc></option><option><id>E</id><type>text</type><desc><![CDATA[自我调控]]></desc></option></options><answers><![CDATA[B]]></answers><keypoints><![CDATA[解析：解释是对推理的结论进行陈述以证明其正确性。]]></keypoints></question><question><type>1</type><format>text</format><desc><![CDATA[5.运用评判性思维思考和解决问题过程中，要求审慎广泛地收集资料，分析、寻求问题发生的原因和证据，经过理性思考，得出结论。说明评判性思维是]]></desc><options><option><id>A</id><type>text</type><desc><![CDATA[主动思考的过程]]></desc></option><option><id>B</id><type>text</type><desc><![CDATA[被动思考的过程]]></desc></option><option><id>C</id><type>text</type><desc><![CDATA[质疑、反思的过程]]></desc></option><option><id>D</id><type>text</type><desc><![CDATA[审慎、开放的过程]]></desc></option><option><id>E</id><type>text</type><desc><![CDATA[自我调控的过程]]></desc></option></options><answers><![CDATA[D]]></answers></question><question><type>1</type><format>html</format><desc><![CDATA[6.关于评判性思维在护理教学中的应用，下列描述<u><b>错误的</b></u>是]]></desc><options><option><id>A</id><type>text</type><desc><![CDATA[在教学过程中，教师起主导作用，学生处于主体地位]]></desc></option><option><id>B</id><type>text</type><desc><![CDATA[教师引导和鼓励学生进行有益的探讨、质疑，学生主动质疑、探寻、选择和评价信息]]></desc></option><option><id>C</id><type>text</type><desc><![CDATA[采取讨论、探索、引导式的教学方法]]></desc></option><option><id>D</id><type>text</type><desc><![CDATA[教师是知识的传授者，学生是知识的接受者]]></desc></option><option><id>E</id><type>text</type><desc><![CDATA[师生之间是平等、民主、协作的关系]]></desc></option></options><answers><![CDATA[D]]></answers><keypoints><![CDATA[解析：评判性思维应用在护理教学过程中，教师发挥自身主导作用，学生在教育过程中有体现主体地位，学生有充分的自主权和选择权，并参与到评价学习过程中。在课堂教学中处于平等民主的师生关系，学生积极参与、思考、质疑、争论，敢于大胆提出自己的独立见解，从而创造有利于培养学生评判性思维的教学环境。]]></keypoints></question><question><type>1</type><format>text</format><desc><![CDATA[7.一般情况下，临床护理决策首先提倡使用哪种决策模式]]></desc><options><option><id>A</id><type>text</type><desc><![CDATA[病人决策模式]]></desc></option><option><id>B</id><type>text</type><desc><![CDATA[护士决策模式]]></desc></option><option><id>C</id><type>text</type><desc><![CDATA[共同决策模式]]></desc></option><option><id>D</id><type>text</type><desc><![CDATA[医生决策模式]]></desc></option><option><id>E</id><type>text</type><desc><![CDATA[家属决策模式]]></desc></option></options><answers><![CDATA[C]]></answers><keypoints><![CDATA[解析：随着社会的进步，病人更加关心与自身利益相关的各种决策，愿意了解和参与决策过程。因此，一般情况下，临床护理决策应首先提倡使用共同决策模式。]]></keypoints></question><question><type>1</type><format>text</format><desc><![CDATA[8.护士知道哪种方案对服务对象最为合适时，应采用的决策模式为]]></desc><options><option><id>A</id><type>text</type><desc><![CDATA[病人决策模式]]></desc></option><option><id>B</id><type>text</type><desc><![CDATA[护士决策模式]]></desc></option><option><id>C</id><type>text</type><desc><![CDATA[共同决策模式]]></desc></option><option><id>D</id><type>text</type><desc><![CDATA[医生决策模式]]></desc></option><option><id>E</id><type>text</type><desc><![CDATA[家属决策模式]]></desc></option></options><answers><![CDATA[B]]></answers><keypoints><![CDATA[解析：护士决策模式是指由护士为主导，护士单独或者与其他医务人员一起考虑收益和风险进而替病人作出选择，该模式决策的前提是护士知道哪种方案对病人最为合适。]]></keypoints></question><question><type>1</type><format>html</format><desc><![CDATA[9.临床护理决策的步骤<u><b>不包括</b></u>]]></desc><options><option><id>A</id><type>text</type><desc><![CDATA[明确问题]]></desc></option><option><id>B</id><type>text</type><desc><![CDATA[分析猜测]]></desc></option><option><id>C</id><type>text</type><desc><![CDATA[选择方案]]></desc></option><option><id>D</id><type>text</type><desc><![CDATA[实施方案]]></desc></option><option><id>E</id><type>text</type><desc><![CDATA[评价反馈]]></desc></option></options><answers><![CDATA[B]]></answers><keypoints><![CDATA[解析：临床护理决策的步骤包括明确问题、陈述目标、选择方案、实施方案、评价反馈。]]></keypoints></question><question><type>1</type><format>text</format><desc><![CDATA[10.临床护理决策的步骤中哪一步是合理决策、正确解决问题的前提]]></desc><options><option><id>A</id><type>text</type><desc><![CDATA[明确问题]]></desc></option><option><id>B</id><type>text</type><desc><![CDATA[分析猜测]]></desc></option><option><id>C</id><type>text</type><desc><![CDATA[选择方案]]></desc></option><option><id>D</id><type>text</type><desc><![CDATA[实施方案]]></desc></option><option><id>E</id><type>text</type><desc><![CDATA[评价反馈]]></desc></option></options><answers><![CDATA[A]]></answers><keypoints><![CDATA[解析：明确问题是合理决策、正确解决问题的前提。]]></keypoints></question><question><type>1</type><format>html</format><desc><![CDATA[11.影响临床护理决策的个体因素通常<u><b>不包括</b></u>]]></desc><options><option><id>A</id><type>text</type><desc><![CDATA[既往经验]]></desc></option><option><id>B</id><type>text</type><desc><![CDATA[个人价值观]]></desc></option><option><id>C</id><type>text</type><desc><![CDATA[个人社会地位]]></desc></option><option><id>D</id><type>text</type><desc><![CDATA[个性特征]]></desc></option><option><id>E</id><type>text</type><desc><![CDATA[思维方式]]></desc></option></options><answers><![CDATA[C]]></answers><keypoints><![CDATA[解析：影响临床护理决策的个体因素通常包括价值观、知识及经验、个性特征等。]]></keypoints></question><question><type>1</type><format>text</format><desc><![CDATA[12.护理人际关系属于影响护理临床决策的哪种因素]]></desc><options><option><id>A</id><type>text</type><desc><![CDATA[个体因素]]></desc></option><option><id>B</id><type>text</type><desc><![CDATA[情景因素]]></desc></option><option><id>C</id><type>text</type><desc><![CDATA[社会因素]]></desc></option><option><id>D</id><type>text</type><desc><![CDATA[环境因素]]></desc></option><option><id>E</id><type>text</type><desc><![CDATA[自然因素]]></desc></option></options><answers><![CDATA[D]]></answers><keypoints><![CDATA[解析：影响护理临床决策的环境因素可分为两类：物理环境因素和社会环境因素。物理环境因素包括病房设置、气候等；社会环境因素包括机构政策、护理专业规范、人际关系、可利用资源等。]]></keypoints></question><question><type>1</type><format>text</format><desc><![CDATA[13.下列影响临床护理决策因素中属于情景因素的是]]></desc><options><option><id>A</id><type>text</type><desc><![CDATA[思维方式]]></desc></option><option><id>B</id><type>text</type><desc><![CDATA[决策时间限制]]></desc></option><option><id>C</id><type>text</type><desc><![CDATA[护理人际关系]]></desc></option><option><id>D</id><type>text</type><desc><![CDATA[病房设置]]></desc></option><option><id>E</id><type>text</type><desc><![CDATA[情感倾向]]></desc></option></options><answers><![CDATA[B]]></answers><keypoints><![CDATA[解析：影响临床护理决策的情景因素有：①与护士本人有关的因素（护士在决策过程中自身所处的状态，对相关信息的把握程度会影响临床护理决策）；②与决策本身有关的因素（涉及病人的症状、体征、行为反应、护理干预及周围的环境特征等因素）；③决策时间限制（护士在规定的期限内完成任务）。]]></keypoints></question><question><type>1</type><format>html</format><desc><![CDATA[14.关于循证护理<u><b>错误</b></u>的是]]></desc><options><option><id>A</id><type>text</type><desc><![CDATA[首先明确需要解决的问题]]></desc></option><option><id>B</id><type>text</type><desc><![CDATA[收集相关证据很重要]]></desc></option><option><id>C</id><type>text</type><desc><![CDATA[核心思想是接受现有的专业知识]]></desc></option><option><id>D</id><type>text</type><desc><![CDATA[应该选择及使用其中最有效的证据]]></desc></option><option><id>E</id><type>text</type><desc><![CDATA[循证护理由六个步骤组成]]></desc></option></options><answers><![CDATA[C]]></answers><keypoints><![CDATA[解析：病人的需求和愿望是开展循证决策的核心。根据病人的病情不同、个人经历和价值观的差异等寻求满足其需求的最佳方式，而非一味“按常规行事”。“循证”则以尽可能以满足病人个体的利益和需求为目的，遵循最科学的证据，必要时不惜打破常规。故接受现有的专业知识不是循证护理的核心思想。]]></keypoints></question><question><type>1</type><format>html</format><desc><![CDATA[15.下列哪项<u><b>不属于</b></u>循证护理的基本要素]]></desc><options><option><id>A</id><type>text</type><desc><![CDATA[最佳证据]]></desc></option><option><id>B</id><type>text</type><desc><![CDATA[护士临床经验]]></desc></option><option><id>C</id><type>text</type><desc><![CDATA[评判性思维能力]]></desc></option><option><id>D</id><type>text</type><desc><![CDATA[病人实际情况和愿望]]></desc></option><option><id>E</id><type>text</type><desc><![CDATA[护士临床技能]]></desc></option></options><answers><![CDATA[C]]></answers><keypoints><![CDATA[解析：循证护理的基本要素有：①最佳最新的护理研究证据；②护士的临床经验和实践技能；③病人的实际情况、价值观和愿望。]]></keypoints></question><question><type>1</type><format>text</format><desc><![CDATA[16.循证护理中，研究者通常将研究证据按其科学性和可靠程度分为5级，其中3级证据指]]></desc><options><option><id>A</id><type>text</type><desc><![CDATA[强有力的证据，来自于一份以上设计严谨的RCT的系统评价]]></desc></option><option><id>B</id><type>text</type><desc><![CDATA[证据来自于非随机但设计严谨的试验]]></desc></option><option><id>C</id><type>text</type><desc><![CDATA[证据来自于多中心或研究小组设计的非实验性研究]]></desc></option><option><id>D</id><type>text</type><desc><![CDATA[专家意见]]></desc></option><option><id>E</id><type>text</type><desc><![CDATA[强有力的证据，来自于一份以上适当样本量、设计合理的RCT]]></desc></option></options><answers><![CDATA[B]]></answers><keypoints><![CDATA[解析：循证护理中研究者通常将研究证据按其科学性和可靠程度分为以下5级：Ⅰ级：强有力的证据，来自于一份以上设计严谨的RCT的系统评价。Ⅱ级：强有力的证据，来自于一份以上适当样本量、设计合理的RCT。Ⅲ级：证据来自于非随机但设计严谨的试验。Ⅳ级：证据来自于多中心或研究小组设计的非实验性研究。Ⅴ级：专家意见。]]></keypoints></question><question><type>1</type><format>text</format><desc><![CDATA[17.循证护理中，研究者通常将研究证据按其科学性和可靠程度分为5级，其中2级证据指]]></desc><options><option><id>A</id><type>text</type><desc><![CDATA[强有力的证据，来自于一份以上设计严谨的RCT的系统评价]]></desc></option><option><id>B</id><type>text</type><desc><![CDATA[证据来自于非随机但设计严谨的试验]]></desc></option><option><id>C</id><type>text</type><desc><![CDATA[证据来自于多中心或研究小组设计的非实验性研究]]></desc></option><option><id>D</id><type>text</type><desc><![CDATA[专家意见]]></desc></option><option><id>E</id><type>text</type><desc><![CDATA[强有力的证据，来自于一份以上适当样本量、设计合理的RCT]]></desc></option></options><answers><![CDATA[E]]></answers><keypoints><![CDATA[解析：循证护理证据分为以下5级：Ⅰ级：强有力的证据，来自于一份以上设计严谨的RCT的系统评价。Ⅱ级：强有力的证据，来自于一份以上适当样本量、设计合理的RCT。Ⅲ级：证据来自于非随机但设计严谨的试验。Ⅳ级：证据来自于多中心或研究小组设计的非实验性研究。Ⅴ级：专家意见。]]></keypoints></question><question><type>1</type><format>html</format><desc><![CDATA[18.变异的类型<u><b>不包括</b></u>]]></desc><options><option><id>A</id><type>text</type><desc><![CDATA[医院系统造成的变异]]></desc></option><option><id>B</id><type>text</type><desc><![CDATA[医务人员本身造成的变异]]></desc></option><option><id>C</id><type>text</type><desc><![CDATA[家属意愿造成的变异]]></desc></option><option><id>D</id><type>text</type><desc><![CDATA[疾病转归造成的变异]]></desc></option><option><id>E</id><type>text</type><desc><![CDATA[病人需求所造成的变异]]></desc></option></options><answers><![CDATA[C]]></answers></question><question><type>1</type><format>html</format><desc><![CDATA[19.临床路径的实施程序<u><b>不包括</b></u>]]></desc><options><option><id>A</id><type>text</type><desc><![CDATA[准备阶段]]></desc></option><option><id>B</id><type>text</type><desc><![CDATA[陈述目标]]></desc></option><option><id>C</id><type>text</type><desc><![CDATA[制定阶段]]></desc></option><option><id>D</id><type>text</type><desc><![CDATA[实施阶段]]></desc></option><option><id>E</id><type>text</type><desc><![CDATA[评价阶段]]></desc></option></options><answers><![CDATA[B]]></answers></question><question><type>1</type><format>html</format><desc><![CDATA[20.关于变异的管理方法<u><b>错误</b></u>的是]]></desc><options><option><id>A</id><type>text</type><desc><![CDATA[医护人员在制定医疗护理计划时不允许擅自偏离路径内容]]></desc></option><option><id>B</id><type>text</type><desc><![CDATA[如果需要偏离计划，必须经过主治医师和护理责任组长的同意并签名确认]]></desc></option><option><id>C</id><type>text</type><desc><![CDATA[主治医师和护理责任组长负责每天对医疗护理计划进行检查，发生变异时要分析原因]]></desc></option><option><id>D</id><type>text</type><desc><![CDATA[当发生严重偏离临床路径的变异，如改变术式、出现严重的并发症等，为了保障治疗护理工作的顺利进行，责任护士可自行调整路径计划]]></desc></option><option><id>E</id><type>text</type><desc><![CDATA[主治医师和护理责任组长应批准合理的变异情况，并在变异记录单上签名。]]></desc></option></options><answers><![CDATA[D]]></answers><keypoints><![CDATA[解析：当发生严重偏离临床路径的变异，如出现严重的并发症等，不能继续按照临床路径计划完成治疗护理时，经主治医师同意后，退出路径管理，并在变异记录单中详细记录和说明。]]></keypoints></question></questions></exam>