[{"foreignprice":"0","effectivetime":"","eisbn":"978-7-117-27192-9","showisbn":"978-7-117-27192-9","isbn":"978-7-117-27192-9","filetype":"0","id":2024518,"name":"急危重症护理学（第4版）","authorname":"胡爱招、王明弘","appintro":"{\"ppt\":\"5\",\"questions\":\"5\",\"webpage\":\"6\",\"slider\":\"1\",\"video\":\"70\"}","ishavecover":"1","ishavesourcefile":"1","publishdate":"2018-11-01 00:00:00","ebooksize":"21.9 MB","randomhitcount":"708","introduction":"全国高等学校五年制本套教材为国家卫生和计划生育委员会\u201C十三五\u201D规划教材、全国高等职业教育护理、助产专业规划教材，教材修订编写坚持\u201C三基五性三特定\u201D的基本原则，力求体现信息化教学成果和融合教材的编写理念。本教材主要介绍了儿科护理学基本理论知识和技能，教材中设置了学习目标、特色栏目、思维导图、思考题等，同时设置了随文的融合教材数字资源二维码，注重\u201C五个对接\u201D，突出与执业资格考试接轨，体现当代职业教育的最新精神。","topicno":"","prop1":"1","cataloginnercode":"000561000006000002","isopenmodel":"0","logofile":"upload/resources/image/2022/02/10/12645_260x370.jpg","cost":"0.00","price":"0.00","hitcount":"710","fileversion":"v1.2","giftinfo":"[]","currenttime":"","palpaycurrencytype":"","circleid":"","source":"","isresource":"1","catalogname":"教材/高职高专/专科护理","digitalauthor":"胡爱招","digitalcontent":"本套教材以融合教材形式出版，即融合纸书内容与数字服务的教材，每本教材均配有特色的数字内容，读者阅读纸书的同时可以通过扫描书中二维码阅读线上数字内容。本教材数字内容有教学课件、\u201C扫一扫，测一测\u201D、思路解析、图片、微课","isedu":"N","isszjc":"N","bodytext":"<p>全国高等学校五年制本套教材为国家卫生和计划生育委员会\u201C十三五\u201D规划教材、全国高等职业教育护理、助产专业规划教材，教材修订编写坚持\u201C三基五性三特定\u201D的基本原则，力求体现信息化教学成果和融合教材的编写理念。本教材主要介绍了儿科护理学基本理论知识和技能，教材中设置了学习目标、特色栏目、思维导图、思考题等，同时设置了随文的融合教材数字资源二维码，注重\u201C五个对接\u201D，突出与执业资格考试接轨，体现当代职业教育的最新精神。<br type=\"_moz\"/></p>"},{"foreignprice":"0","effectivetime":"","eisbn":"978-7-117-27295-7","showisbn":"978-7-117-27295-7","isbn":"978-7-117-27295-7","filetype":"0","id":2024252,"name":"传染病护理（第2版）","authorname":"张小来","appintro":"{\"video\":\"81\",\"ppt\":\"5\",\"questions\":\"5\",\"webpage\":\"47\",\"pdf\":\"1\"}","ishavecover":"1","ishavesourcefile":"1","publishdate":"2018-12-28 00:00:00","ebooksize":"29.0 MB","randomhitcount":"829","introduction":"套教材为国家卫生和计划生育委员会\u201C十三五\u201D规划教材、全国高等职业教育护理、助产专业规划教材，教材修订编写坚持\u201C三基五性三特定\u201D的基本原则，力求体现信息化教学成果和融合教材的编写理念。本教材主要介绍了传染病护理的基本理论知识和技能，教材中设置了学习目标、特色栏目、思维导图、思考题等，同时设置了随文的融合教材数字资源二维码，注重\u201C五个对接\u201D，突出与执业资格考试接轨，体现当代职业教育的最新精神。","topicno":"","prop1":"1","cataloginnercode":"000561000006000002","isopenmodel":"0","logofile":"upload/resources/image/2018/12/11/2009346_260x370.jpg","cost":"0.00","price":"0.00","hitcount":"830","fileversion":"v1.5","giftinfo":"[]","currenttime":"","palpaycurrencytype":"","circleid":"","source":"","isresource":"1","catalogname":"教材/高职高专/专科护理","digitalauthor":"张小来","digitalcontent":"数字内容为纸书内容的提炼与补充，内容有PPT、\u201C扫一扫，测一测\u201D、思路解析、图片、视频等。\n\n【     请     注     意     】为了提升教材增值内容的交互性、满足院校教与学的实际需求，\u201C扫一扫，测一测\u201D在人卫图书增值APP里呈现并应用。请从移动端应用市场里搜索\u201C人卫图书增值\u201D并下载安装使用。","isedu":"N","isszjc":"N","bodytext":"套教材为国家卫生和计划生育委员会&ldquo;十三五&rdquo;规划教材、全国高等职业教育护理、助产专业规划教材，教材修订编写坚持&ldquo;三基五性三特定&rdquo;的基本原则，力求体现信息化教学成果和融合教材的编写理念。本教材主要介绍了传染病护理的基本理论知识和技能，教材中设置了学习目标、特色栏目、思维导图、思考题等，同时设置了随文的融合教材数字资源二维码，注重&ldquo;五个对接&rdquo;，突出与执业资格考试接轨，体现当代职业教育的最新精神。"},{"foreignprice":"0","effectivetime":"","eisbn":"978-7-117-27193-6","showisbn":"978-7-117-27193-6","isbn":"978-7-117-27193-6","filetype":"0","id":2024412,"name":"儿科护理学（第4版）","authorname":"张玉兰、王玉香","appintro":"{\"video\":\"74\",\"ppt\":\"17\",\"questions\":\"17\",\"webpage\":\"18\",\"slider\":\"4\",\"audio\":\"4\"}","ishavecover":"1","ishavesourcefile":"1","publishdate":"2018-11-01 00:00:00","ebooksize":"66.6 MB","randomhitcount":"738","introduction":"全国高等学校五年制本套教材为国家卫生和计划生育委员会\u201C十三五\u201D规划教材、全国高等职业教育护理、助产专业规划教材，教材修订编写坚持\u201C三基五性三特定\u201D的基本原则，力求体现信息化教学成果和融合教材的编写理念。本教材主要介绍了儿科护理学基本理论知识和技能，教材中设置了学习目标、特色栏目、思维导图、思考题等，同时设置了随文的融合教材数字资源二维码，注重\u201C五个对接\u201D，突出与执业资格考试接轨，体现当代职业教育的最新精神。","topicno":"","prop1":"1","cataloginnercode":"000561000006000002","isopenmodel":"0","logofile":"upload/resources/image/2019/05/08/2009953_260x370.jpg","cost":"0.00","price":"0.00","hitcount":"753","fileversion":"v1.6","giftinfo":"[]","currenttime":"","palpaycurrencytype":"","circleid":"","source":"","isresource":"1","catalogname":"教材/高职高专/专科护理","digitalauthor":"张玉兰","digitalcontent":"本套教材以融合教材形式出版，即融合纸书内容与数字服务的教材，每本教材均配有特色的数字内容，读者阅读纸书的同时可以通过扫描书中二维码阅读线上数字内容。本教材数字内容有教学课件、\u201C扫一扫，测一测\u201D、思路解析、视频、图片、微课","isedu":"N","isszjc":"N","bodytext":"全国高等学校五年制本套教材为国家卫生和计划生育委员会&ldquo;十三五&rdquo;规划教材、全国高等职业教育护理、助产专业规划教材，教材修订编写坚持&ldquo;三基五性三特定&rdquo;的基本原则，力求体现信息化教学成果和融合教材的编写理念。本教材主要介绍了儿科护理学基本理论知识和技能，教材中设置了学习目标、特色栏目、思维导图、思考题等，同时设置了随文的融合教材数字资源二维码，注重&ldquo;五个对接&rdquo;，突出与执业资格考试接轨，体现当代职业教育的最新精神。<br type=\"_moz\" />"},{"foreignprice":"0","effectivetime":"","eisbn":"978-7-117-28235-2","showisbn":"978-7-117-28235-2","isbn":"978-7-117-28235-2","filetype":"0","id":2028774,"name":"中医护理学","authorname":"董建栋、崔剑平","appintro":"{\"ppt\":\"14\",\"questions\":\"12\",\"webpage\":\"4\",\"slider\":\"2\",\"audio\":\"4\"}","ishavecover":"1","ishavesourcefile":"1","publishdate":"2018-12-01 00:00:00","ebooksize":"48.3 MB","randomhitcount":"809","introduction":"本教材在编写理念上坚持理实并重，强化理实一体的理念；在形式上，较以前的传统教材更加灵活，由参编老师与出版社合作建设，在比较抽象、难以理解等内容处添加数字化资源，为便于理解和学习，形成书本和资源共同构成的立体化教材。同时还注重与护士执业资格考试相结合，着力体现中医特色，突出职业教育的特点，力求使学生能最大限度地掌握中医护理相关知识和技能。必将深受高职护理专业师生欢迎，有较高的出版价值。","topicno":"2018000220","prop1":"1","cataloginnercode":"000561000006000002","isopenmodel":"0","logofile":"upload/resources/image/2019/08/30/9210_260x370.jpg","cost":"0.00","price":"0.00","hitcount":"809","fileversion":"v1.2","giftinfo":"[]","currenttime":"","palpaycurrencytype":"","circleid":"","source":"","isresource":"1","catalogname":"教材/高职高专/专科护理","digitalauthor":"董建栋、崔剑平","digitalcontent":"数字配套教材为纸质教材的辅助学习内容，激活图书后可通过网页、手机随时随地进行学习。","isedu":"N","isszjc":"N","bodytext":"本教材在编写理念上坚持理实并重，强化理实一体的理念；在形式上，较以前的传统教材更加灵活，由参编老师与出版社合作建设，在比较抽象、难以理解等内容处添加数字化资源，为便于理解和学习，形成书本和资源共同构成的立体化教材。同时还注重与护士执业资格考试相结合，着力体现中医特色，突出职业教育的特点，力求使学生能最大限度地掌握中医护理相关知识和技能。必将深受高职护理专业师生欢迎，有较高的出版价值。"},{"foreignprice":"0","effectivetime":"","eisbn":"978-7-117-27457-9","showisbn":"978-7-117-27457-9","isbn":"978-7-117-27457-9","filetype":"0","id":2024188,"name":"老年护理学（第4版）","authorname":"孙建萍、张先庚","appintro":"{\"ppt\":\"10\",\"questions\":\"10\",\"webpage\":\"10\",\"video\":\"18\",\"slider\":\"1\",\"pdf\":\"2\"}","ishavecover":"1","ishavesourcefile":"1","publishdate":"2018-10-01 00:00:00","ebooksize":"62.1 MB","randomhitcount":"852","introduction":"本套教材全国高等职业教育护理、助产专业规划教材，教材修订编写坚持\u201C三基五性三特定\u201D的基本原则，力求体现信息化教学成果和融合教材的编写理念。本教材主要介绍了老年护理学基本理论知识和技能，教材中设置了学习目标、特色栏目、思维导图、思考题等，同时设置了随文的融合教材数字资源二维码，注重\u201C五个对接\u201D，突出与执业资格考试接轨，体现当代职业教育的最新精神。","topicno":"","prop1":"1","cataloginnercode":"000561000006000002","isopenmodel":"0","logofile":"upload/resources/image/2022/01/05/12603_260x370.jpg","cost":"0.00","price":"0.00","hitcount":"856","fileversion":"v1.4","giftinfo":"[]","currenttime":"","palpaycurrencytype":"","circleid":"","source":"","isresource":"1","catalogname":"教材/高职高专/专科护理","digitalauthor":"张先庚、孙建萍","digitalcontent":"本套教材以融合教材形式出版，即融合纸书内容与数字服务的教材，每本教材均配有特色的数字内容，读者阅读纸书的同时可以通过扫描书中二维码阅读线上数字内容。本书数字内容包括PPT、思路解析、\u201C扫一扫，测一测\u201D、视频、微课、图片等。激活图书后可通过网页、手机随时随地进行学习。","isedu":"N","isszjc":"N","bodytext":"<p>本套教材全国高等职业教育护理、助产专业规划教材，教材修订编写坚持\u201C三基五性三特定\u201D的基本原则，力求体现信息化教学成果和融合教材的编写理念。本教材主要介绍了老年护理学基本理论知识和技能，教材中设置了学习目标、特色栏目、思维导图、思考题等，同时设置了随文的融合教材数字资源二维码，注重\u201C五个对接\u201D，突出与执业资格考试接轨，体现当代职业教育的最新精神。</p>"},{"foreignprice":"0","effectivetime":"","eisbn":"978-7-117-27812-6","showisbn":"978-7-117-27812-6","isbn":"978-7-117-27812-6","filetype":"0","id":2025099,"name":"社区护理学（第4版）","authorname":"徐国辉","appintro":"{\"video\":\"18\",\"ppt\":\"12\",\"questions\":\"12\",\"webpage\":\"13\"}","ishavecover":"1","ishavesourcefile":"1","publishdate":"2018-12-01 00:00:00","ebooksize":"11.1 MB","randomhitcount":"578","introduction":"本教材修订编写坚持\u201C三基五性三特定\u201D的基本原则，力求体现信息化教学成果和融合教材的编写理念。本教材共12章，主要介绍了营养膳食的基本理论知识和技能，教材中设置了学习目标、特色栏目、思维导图、思考题等，同时设置了随文的融合教材数字资源二维码，注重\u201C五个对接\u201D，突出与执业资格考试接轨，体现当代职业教育的最新精神。","topicno":"","prop1":"1","cataloginnercode":"000561000006000002","isopenmodel":"0","logofile":"upload/resources/image/2022/01/04/12531_260x370.png","cost":"0.00","price":"0.00","hitcount":"578","fileversion":"v1.2","giftinfo":"[]","currenttime":"","palpaycurrencytype":"","circleid":"","source":"","isresource":"1","catalogname":"教材/高职高专/专科护理","digitalauthor":"徐国辉","digitalcontent":"本书配有自学PPT、在线测试习题（在人卫图书增值APP中呈现使用）、书后思考题思路解析、微课等数字内容，有助于更好地掌握本学科知识。","isedu":"N","isszjc":"N","bodytext":"<p>本<span style=\"text-indent: 28px; color: rgb(49, 49, 49); font-family: tahoma, arial, &quot;Microsoft Yahei&quot;, 黑体, &quot;Hiragino Sans GB&quot;, 宋体, sans-serif;\">教材修订编写坚持\u201C三基五性三特定\u201D的基本原则，力求体现信息化教学成果和融合教材的编写理念。本教材</span>共12章，<span style=\"color: rgb(49, 49, 49); font-family: tahoma, arial, &quot;Microsoft Yahei&quot;, 黑体, &quot;Hiragino Sans GB&quot;, 宋体, sans-serif; text-indent: 28px;\">主要介绍了营养膳食的基本理论知识和技能，教材中设置了学习目标、特色栏目、思维导图、思考题等，同时设置了随文的融合教材数字资源二维码，注重\u201C五个对接\u201D，突出与执业资格考试接轨，体现当代职业教育的最新精神。</span></p><div class=\"ui-tab pro-tjs mt20\" style=\"margin-top: 20px; color: rgb(51, 51, 51); font-family: tahoma, arial, &quot;Microsoft Yahei&quot;, 黑体, &quot;Hiragino Sans GB&quot;, 宋体, sans-serif; font-size: 12px; padding-left: 200px;\"><ul class=\"tabn list-paddingleft-2\" style=\"list-style-type: none;\"></ul></div>"},{"foreignprice":"0","effectivetime":"","eisbn":"2018002174","showisbn":"978-7-117-29955-8","isbn":"978-7-117-29955-8","filetype":"0","id":2037849,"name":"卫生法律法规（第2版）","authorname":"苏碧芳 陈兰云","appintro":"{\"video\":\"33\",\"ppt\":\"13\",\"questions\":\"13\",\"webpage\":\"13\"}","ishavecover":"1","ishavesourcefile":"1","publishdate":"2020-04-01 00:00:00","ebooksize":"10.8 MB","randomhitcount":"564","introduction":"本套教材为首套卫生职业教育融合教材，第一版2016年出版以来，在国内高等卫生职业教育领域反响良好。目前已出版三年，适时修订已确保教材品质和市场覆盖面。本次修订42个品种。本套教材为修订教材，主编基本以上一版教材主编为班底，长期从事卫生职业教育教学一线工作，均具有丰富的教材编写及选用经验。 本教材为高等卫生职业教育应用技能型规划教材之一。本教材由卫生法律法规基础理论和卫生法律法规现行制度两部分组成，依据其适用分类，分为十三章。教材内容基本涵盖了现行卫生法律法规的主要内容和司法精神，也可以作为在职卫生工作人员的参考书。","topicno":"2018002174","prop1":"1","cataloginnercode":"000561000006000018","isopenmodel":"0","logofile":"upload/resources/image/2020/07/15/10651_260x370.jpg","cost":"0.00","price":"0.00","hitcount":"564","fileversion":"v1.1","giftinfo":"[]","currenttime":"","palpaycurrencytype":"","circleid":"","source":"","isresource":"1","catalogname":"教材/高职高专/区域教材","digitalauthor":"苏碧芳 陈兰云","digitalcontent":"本套教材承接第一版的特色，以融合教材形式出版，即融合纸书内容与数字服务的教材，每本教材均配有特色的数字内容，读者阅读纸书的同时可以通过扫描书中二维码阅读线上数字内容。本教材数字内容包括\u201C扫一扫，自学汇\u201D课件、\u201C扫一扫，看总结\u201D单元知识总结、\u201C扫一扫，测一测\u201D练习题等固定模块，同时契合教材内容，制作系列微课等进一步丰富数字内容。","isedu":"N","isszjc":"N","bodytext":"本套教材为首套卫生职业教育融合教材，第一版2016年出版以来，在国内高等卫生职业教育领域反响良好。目前已出版三年，适时修订已确保教材品质和市场覆盖面。本次修订42个品种。本套教材为修订教材，主编基本以上一版教材主编为班底，长期从事卫生职业教育教学一线工作，均具有丰富的教材编写及选用经验。 本教材为高等卫生职业教育应用技能型规划教材之一。本教材由卫生法律法规基础理论和卫生法律法规现行制度两部分组成，依据其适用分类，分为十三章。教材内容基本涵盖了现行卫生法律法规的主要内容和司法精神，也可以作为在职卫生工作人员的参考书。"},{"foreignprice":"0","effectivetime":"","eisbn":"978-7-117-26913-1","showisbn":"978-7-117-26913-1","isbn":"978-7-117-26913-1","filetype":"0","id":23093,"name":"外科护理学（第4版）","authorname":"熊云新、叶国英","appintro":"{\"ppt\":\"44\",\"questions\":\"44\",\"webpage\":\"51\",\"video\":\"98\",\"slider\":\"22\",\"pdf\":\"1\"}","ishavecover":"1","ishavesourcefile":"1","publishdate":"2018-11-26 00:00:00","ebooksize":"223 MB","randomhitcount":"755","introduction":"本套教材为国家卫生健康委员会\u201C十三五\u201D规划教材、全国高等职业教育护理、助产专业规划教材，教材修订编写坚持\u201C三基五性三特定\u201D的基本原则，力求体现信息化教学成果和融合教材的编写理念。本教材主要介绍了外科护理学基本理论知识和技能，教材中设置了学习目标、特色栏目、思维导图、思考题等，同时设置了随文的融合教材数字资源二维码，注重\u201C五个对接\u201D，突出与执业资格考试接轨，体现当代职业教育的最新精神。","topicno":"","prop1":"1","cataloginnercode":"000561000006000002","isopenmodel":"0","logofile":"upload/resources/image/2022/02/25/12690_260x370.jpg","cost":"0.00","price":"0.00","hitcount":"763","fileversion":"v2.4","giftinfo":"[]","currenttime":"","palpaycurrencytype":"","circleid":"","source":"","isresource":"1","catalogname":"教材/高职高专/专科护理","digitalauthor":"熊云新、叶国英","digitalcontent":"本套教材以融合教材形式出版，即融合纸书内容与数字服务的教材，每本教材均配有特色的数字内容，读者阅读纸书的同时可以通过扫描书中二维码阅读线上数字内容。数字内容包括课件、思路解析、\u201C扫一扫，测一测\u201D、视频、动画等。激活图书后可通过网页、手机随时随地进行学习。","isedu":"N","isszjc":"N","bodytext":"<p>本套教材为国家卫生健康委员会\u201C十三五\u201D规划教材、全国高等职业教育护理、助产专业规划教材，教材修订编写坚持\u201C三基五性三特定\u201D的基本原则，力求体现信息化教学成果和融合教材的编写理念。本教材主要介绍了外科护理学基本理论知识和技能，教材中设置了学习目标、特色栏目、思维导图、思考题等，同时设置了随文的融合教材数字资源二维码，注重\u201C五个对接\u201D，突出与执业资格考试接轨，体现当代职业教育的最新精神。</p>"},{"foreignprice":"0","effectivetime":"","eisbn":"978-7-117-27745-7","showisbn":"978-7-117-27745-7","isbn":"978-7-117-27745-7","filetype":"0","id":2024727,"name":"眼耳鼻咽喉口腔科护理学（第4版）","authorname":"陈燕燕  赵佛容","appintro":"{\"ppt\":\"28\",\"questions\":\"28\",\"webpage\":\"29\",\"video\":\"24\"}","ishavecover":"1","ishavesourcefile":"1","publishdate":"2018-11-01 00:00:00","ebooksize":"22.7 MB","randomhitcount":"900","introduction":"本书配有课件、自测题等数字内容。","topicno":"","prop1":"1","cataloginnercode":"000561000006000002","isopenmodel":"0","logofile":"upload/resources/image/2018/12/28/2009441_260x370.jpg","cost":"0.00","price":"0.00","hitcount":"900","fileversion":"v1.3","giftinfo":"[]","currenttime":"","palpaycurrencytype":"","circleid":"","source":"","isresource":"1","catalogname":"教材/高职高专/专科护理","digitalauthor":"陈燕燕  赵佛容","digitalcontent":"本书配有课件、自测题等数字内容。","isedu":"N","isszjc":"N","bodytext":"本书配有课件、自测题等数字内容。"},{"foreignprice":"0","effectivetime":"","eisbn":"978-7-117-27458-6","showisbn":"978-7-117-27458-6","isbn":"978-7-117-27458-6","filetype":"0","id":2024308,"name":"内科护理学（第4版）","authorname":"冯丽华、史铁英","appintro":"{\"video\":\"17\",\"ppt\":\"54\",\"questions\":\"52\",\"webpage\":\"10\",\"slider\":\"5\",\"pdf\":\"1\"}","ishavecover":"1","ishavesourcefile":"1","publishdate":"2018-12-01 00:00:00","ebooksize":"43.6 MB","randomhitcount":"540","introduction":"本套教材为国家卫生和计划生育委员会\u201C十三五\u201D规划教材、全国高等职业教育护理、助产专业规划教材，教材修订编写坚持\u201C三基五性三特定\u201D的基本原则，力求体现信息化教学成果和融合教材的编写理念。本教材主要介绍了同内科护理学基本理论知识和技能，教材中设置了学习目标、特色栏目、思维导图、思考题等，同时设置了随文的融合教材数字资源二维码，注重\u201C五个对接\u201D，突出与执业资格考试接轨，体现当代职业教育的最新精神。","topicno":"","prop1":"1","cataloginnercode":"000561000006000002","isopenmodel":"0","logofile":"upload/resources/image/2019/07/22/2010204_260x370.jpg","cost":"0.00","price":"0.00","hitcount":"546","fileversion":"v1.3","giftinfo":"[]","currenttime":"","palpaycurrencytype":"","circleid":"","source":"","isresource":"1","catalogname":"教材/高职高专/专科护理","digitalauthor":"冯丽华、史铁英","digitalcontent":"数字内容为纸书内容的提炼与补充，内容有PPT、扫一扫测一测、思路解析、图片、视频等","isedu":"N","isszjc":"N","bodytext":"本套教材为国家卫生和计划生育委员会&ldquo;十三五&rdquo;规划教材、全国高等职业教育护理、助产专业规划教材，教材修订编写坚持&ldquo;三基五性三特定&rdquo;的基本原则，力求体现信息化教学成果和融合教材的编写理念。本教材主要介绍了同内科护理学基本理论知识和技能，教材中设置了学习目标、特色栏目、思维导图、思考题等，同时设置了随文的融合教材数字资源二维码，注重&ldquo;五个对接&rdquo;，突出与执业资格考试接轨，体现当代职业教育的最新精神。<br type=\"_moz\" />"},{"foreignprice":"0","effectivetime":"","eisbn":"978-7-117-27746-4","showisbn":"978-7-117-27746-4","isbn":"978-7-117-27746-4","filetype":"0","id":2024615,"name":"护理心理学基础（第3版）","authorname":"汪启荣","appintro":"{\"video\":\"27\",\"ppt\":\"10\",\"questions\":\"10\",\"webpage\":\"11\",\"slider\":\"1\",\"audio\":\"11\"}","ishavecover":"1","ishavesourcefile":"1","publishdate":"2018-10-01 00:00:00","ebooksize":"179 MB","randomhitcount":"775","introduction":"本套教材为国家卫生和计划生育委员会\u201C十三五\u201D规划教材、全国高等职业教育护理、助产专业规划教材，教材修订编写坚持\u201C三基五性三特定\u201D的基本原则，力求体现信息化教学成果和融合教材的编写理念。本教材主要介绍了护理学导论基本理论知识和技能，教材中设置了学习目标、特色栏目、思维导图、思考题等，同时设置了随文的融合教材数字资源二维码，注重\u201C五个对接\u201D，突出与执业资格考试接轨，体现当代职业教育的最新精神。","topicno":"","prop1":"1","cataloginnercode":"000561000006000002","isopenmodel":"0","logofile":"upload/resources/image/2021/08/20/12122_260x370.jpg","cost":"0.00","price":"0.00","hitcount":"776","fileversion":"v1.1","giftinfo":"[]","currenttime":"","palpaycurrencytype":"","circleid":"","source":"","isresource":"1","catalogname":"教材/高职高专/专科护理","digitalauthor":"汪启荣","digitalcontent":"本套教材以融合教材形式出版，即融合纸书内容与数字服务的教材，每本教材均配有特色的数字内容，读者阅读纸书的同时可以通过扫描书中二维码阅读线上数字内容。本教材数字内容有课件、文本、视频等。","isedu":"N","isszjc":"N","bodytext":"<p>本套教材为国家卫生和计划生育委员会\u201C十三五\u201D规划教材、全国高等职业教育护理、助产专业规划教材，教材修订编写坚持\u201C三基五性三特定\u201D的基本原则，力求体现信息化教学成果和融合教材的编写理念。本教材主要介绍了护理学导论基本理论知识和技能，教材中设置了学习目标、特色栏目、思维导图、思考题等，同时设置了随文的融合教材数字资源二维码，注重\u201C五个对接\u201D，突出与执业资格考试接轨，体现当代职业教育的最新精神。</p>"},{"foreignprice":"0","effectivetime":"","eisbn":"978-7-117-27095-3","showisbn":"978-7-117-27095-3","isbn":"978-7-117-27095-3","filetype":"0","id":2024403,"name":"精神科护理学（第4版）","authorname":"雷慧","appintro":"{\"video\":\"28\",\"ppt\":\"13\",\"questions\":\"13\",\"webpage\":\"32\"}","ishavecover":"1","ishavesourcefile":"1","publishdate":"2018-11-01 00:00:00","ebooksize":"29.8 MB","randomhitcount":"804","introduction":"本书配有课件、自测题等数字内容。","topicno":"","prop1":"1","cataloginnercode":"000561000006000002","isopenmodel":"0","logofile":"upload/resources/image/2018/12/17/2009357_260x370.jpg","cost":"0.00","price":"0.00","hitcount":"804","fileversion":"v1.2","giftinfo":"[]","currenttime":"","palpaycurrencytype":"","circleid":"","source":"","isresource":"1","catalogname":"教材/高职高专/专科护理","digitalauthor":"雷慧","digitalcontent":"本书配有课件、自测题等数字内容。","isedu":"N","isszjc":"N","bodytext":"本书配有课件、自测题等数字内容。"},{"foreignprice":"0","effectivetime":"","eisbn":"978-7-117-27742-6","showisbn":"978-7-117-27742-6","isbn":"978-7-117-27742-6","filetype":"0","id":2024976,"name":"妇产科护理学（第4版）","authorname":"夏海鸥","appintro":"{\"ppt\":\"22\",\"pdf\":\"23\",\"questions\":\"22\",\"video\":\"2\"}","ishavecover":"1","ishavesourcefile":"1","publishdate":"2019-01-31 00:00:00","ebooksize":"19.6 MB","randomhitcount":"687","introduction":"全国高等职业教育护理、助产专业规划教材是我国高等职业教育护理类专业教育领域起步早、历史久、修订版次多的权威、规范、经典国家级规划教材。第1轮按照原国教委\u201C面向21世纪课程\u201D要求由原卫生部教材办公室规划于1999年出版，第2轮于2007年出版。第三轮教材2012年启动于2013年12月出版，共38种，均为国家卫生和计划生育委员会\u201C十二五\u201D规划教材，其中24种为教育部\u201C十二五\u201D职业教育国家规划教材，单种平均印数20万余册，最高印数50余万册。第四轮教材46种，并加入数字资源，丰富教材内容。","topicno":"","prop1":"1","cataloginnercode":"000561000006000002","isopenmodel":"0","logofile":"upload/resources/image/2019/01/28/2009506_260x370.jpg","cost":"0.00","price":"0.00","hitcount":"687","fileversion":"v1.2","giftinfo":"[]","currenttime":"","palpaycurrencytype":"","circleid":"","source":"","isresource":"1","catalogname":"教材/高职高专/专科护理","digitalauthor":"夏海鸥","digitalcontent":"本套教材为国家卫生和计划生育委员会\u201C十三五\u201D规划教材、全国高等职业教育护理、助产专业规划教材，教材修订编写坚持\u201C三基五性三特定\u201D的基本原则，力求体现信息化教学成果和融合教材的编写理念。本教材主要介绍了妇产科护理学基本理论知识和技能，教材中设置了随文的融合教材数字资源二维码，注重\u201C五个对接\u201D，突出与执业资格考试接轨，体现当代职业教育的最新精神。","isedu":"N","isszjc":"N","bodytext":"<p>\n\t全国高等职业教育护理、助产专业规划教材是我国高等职业教育护理类专业教育领域起步早、历史久、修订版次多的权威、规范、经典国家级规划教材。第1轮按照原国教委&ldquo;面向21世纪课程&rdquo;要求由原卫生部教材办公室规划于1999年出版，第2轮于2007年出版。第三轮教材2012年启动于2013年12月出版，共38种，均为国家卫生和计划生育委员会&ldquo;十二五&rdquo;规划教材，其中24种为教育部&ldquo;十二五&rdquo;职业教育国家规划教材，单种平均印数20万余册，最高印数50余万册。第四轮教材46种，并加入数字资源，丰富教材内容。</p>"},{"foreignprice":"0","effectivetime":"","eisbn":"978-7-117-27339-8","showisbn":"978-7-117-27339-8","isbn":"978-7-117-27339-8","filetype":"0","id":2024152,"name":"健康评估（第4版）","authorname":"刘成玉","appintro":"{\"ppt\":\"11\",\"questions\":\"11\",\"webpage\":\"11\",\"video\":\"94\",\"slider\":\"5\",\"pdf\":\"1\"}","ishavecover":"1","ishavesourcefile":"1","publishdate":"2018-10-01 00:00:00","ebooksize":"308 MB","randomhitcount":"654","introduction":"本套教材为国家卫生和计划生育委员会\u201C十三五\u201D规划教材、全国高等职业教育护理、助产专业规划教材，教材修订编写坚持\u201C三基五性三特定\u201D的基本原则，力求体现信息化教学成果和融合教材的编写理念。本教材主要介绍了健康评估基本理论知识和技能，教材中设置了学习目标、特色栏目、思维导图、思考题等，同时设置了随文的融合教材数字资源二维码，注重\u201C五个对接\u201D，突出与执业资格考试接轨，体现当代职业教育的最新精神。","topicno":"","prop1":"1","cataloginnercode":"000561000006000002","isopenmodel":"0","logofile":"upload/resources/image/2022/02/25/12691_260x370.jpg","cost":"0.00","price":"0.00","hitcount":"661","fileversion":"v1.5","giftinfo":"[]","currenttime":"","palpaycurrencytype":"","circleid":"","source":"","isresource":"1","catalogname":"教材/高职高专/专科护理","digitalauthor":"刘成玉","digitalcontent":"本套教材以融合教材形式出版，即融合纸书内容与数字服务的教材，每本教材均配有特色的数字内容，读者阅读纸书的同时可以通过扫描书中二维码阅读线上数字内容。数字内容包括课件、思路解析、\u201C扫一扫，测一测\u201D、视频、微课、图片等。激活图书后可通过网页、手机随时随地进行学习。","isedu":"N","isszjc":"N","bodytext":"<p>本套教材为国家卫生和计划生育委员会\u201C十三五\u201D规划教材、全国高等职业教育护理、助产专业规划教材，教材修订编写坚持\u201C三基五性三特定\u201D的基本原则，力求体现信息化教学成果和融合教材的编写理念。本教材主要介绍了健康评估基本理论知识和技能，教材中设置了学习目标、特色栏目、思维导图、思考题等，同时设置了随文的融合教材数字资源二维码，注重\u201C五个对接\u201D，突出与执业资格考试接轨，体现当代职业教育的最新精神。</p>"},{"foreignprice":"0","effectivetime":"","eisbn":"978-7-117-27174-5","showisbn":"978-7-117-27174-5","isbn":"978-7-117-27174-5","filetype":"0","id":2024330,"name":"生理学（第2版）","authorname":"杨桂染","appintro":"{\"video\":\"45\",\"ppt\":\"12\",\"pdf\":\"13\",\"questions\":\"12\",\"slider\":\"2\"}","ishavecover":"1","ishavesourcefile":"1","publishdate":"2018-09-01 00:00:00","ebooksize":"41.9 MB","randomhitcount":"582","introduction":"全国高等职业教育护理、助产专业规划教材是我国高等职业教育护理类专业教育领域起步早、历史久、修订版次多的权威、规范、经典国家级规划教材。第1轮按照原国教委\u201C面向21世纪课程\u201D要求由原卫生部教材办公室规划于1999年出版，第2轮于2007年出版。第三轮教材2012年启动于2013年12月出版，共38种，均为国家卫生和计划生育委员会\u201C十二五\u201D规划教材，其中24种为教育部\u201C十二五\u201D职业教育国家规划教材，单种平均印数20万余册，最高印数50余万册。第四轮教材46种，计划于2018年9-12月出版。","topicno":"","prop1":"1","cataloginnercode":"000561000006000002","isopenmodel":"0","logofile":"upload/resources/image/2018/12/18/2009398_260x370.jpg","cost":"0.00","price":"0.00","hitcount":"583","fileversion":"v1.4","giftinfo":"[]","currenttime":"","palpaycurrencytype":"","circleid":"","source":"","isresource":"1","catalogname":"教材/高职高专/专科护理","digitalauthor":"杨桂染","digitalcontent":"数字内容为教材配套增值内容。","isedu":"N","isszjc":"N","bodytext":"全国高等职业教育护理、助产专业规划教材是我国高等职业教育护理类专业教育领域起步早、历史久、修订版次多的权威、规范、经典国家级规划教材。第1轮按照原国教委&ldquo;面向21世纪课程&rdquo;要求由原卫生部教材办公室规划于1999年出版，第2轮于2007年出版。第三轮教材2012年启动于2013年12月出版，共38种，均为国家卫生和计划生育委员会&ldquo;十二五&rdquo;规划教材，其中24种为教育部&ldquo;十二五&rdquo;职业教育国家规划教材，单种平均印数20万余册，最高印数50余万册。第四轮教材46种，计划于2018年9-12月出版。"},{"foreignprice":"0","effectivetime":"","eisbn":"978-7-117-27784-6","showisbn":"978-7-117-27784-6","isbn":"978-7-117-27784-6","filetype":"0","id":2024760,"name":"基础护理学（第4版）","authorname":"张连辉、邓翠珍","appintro":"{\"slider\":\"35\",\"video\":\"60\",\"ppt\":\"16\",\"questions\":\"15\",\"webpage\":\"15\",\"pdf\":\"1\"}","ishavecover":"1","ishavesourcefile":"1","publishdate":"2019-02-19 00:00:00","ebooksize":"596 MB","randomhitcount":"867","introduction":"本套教材为国家卫生和计划生育委员会\u201C十三五\u201D规划教材、全国高等职业教育护理、助产专业规划教材，教材修订编写坚持\u201C三基五性三特定\u201D的基本原则，力求体现信息化教学成果和融合教材的编写理念。本教材主要介绍了基础护理的基本理论知识和技能，教材中设置了学习目标、特色栏目、思维导图、思考题等，同时设置了随文的融合教材数字资源二维码，注重\u201C五个对接\u201D，突出与执业资格考试接轨，体现当代职业教育的最新精神。","topicno":"","prop1":"1","cataloginnercode":"000561000006000002","isopenmodel":"0","logofile":"upload/resources/image/2019/01/29/2009514_260x370.jpg","cost":"0.00","price":"0.00","hitcount":"867","fileversion":"v1.4","giftinfo":"[]","currenttime":"","palpaycurrencytype":"","circleid":"","source":"","isresource":"1","catalogname":"教材/高职高专/专科护理","digitalauthor":"张连辉、邓翠珍","digitalcontent":"本套教材以融合教材形式出版，即融合纸书内容与数字服务的教材，每本教材均配有特色的数字内容，读者阅读纸书的同时可以通过扫描书中二维码阅读线上数字内容。数字内容包括PPT、思路解析、\u201C扫一扫，测一测\u201D、视频、微课、图片等。激活图书后可通过网页、手机随时随地进行学习。","isedu":"N","isszjc":"N","bodytext":"本套教材为国家卫生和计划生育委员会&ldquo;十三五&rdquo;规划教材、全国高等职业教育护理、助产专业规划教材，教材修订编写坚持&ldquo;三基五性三特定&rdquo;的基本原则，力求体现信息化教学成果和融合教材的编写理念。本教材主要介绍了基础护理的基本理论知识和技能，教材中设置了学习目标、特色栏目、思维导图、思考题等，同时设置了随文的融合教材数字资源二维码，注重&ldquo;五个对接&rdquo;，突出与执业资格考试接轨，体现当代职业教育的最新精神。"},{"foreignprice":"0","effectivetime":"","eisbn":"978-7-117-27216-2","showisbn":"978-7-117-27216-2","isbn":"978-7-117-27216-2","filetype":"0","id":2024629,"name":"护用药理学（第4版）","authorname":"秦红兵","appintro":"{\"video\":\"33\",\"ppt\":\"45\",\"questions\":\"45\",\"webpage\":\"94\"}","ishavecover":"1","ishavesourcefile":"1","publishdate":"2018-12-01 00:00:00","ebooksize":"29.4 MB","randomhitcount":"525","introduction":"《护用药理学》共45章。","topicno":"","prop1":"1","cataloginnercode":"000561000006000002","isopenmodel":"0","logofile":"upload/resources/image/2019/02/15/2009586_260x370.jpg","cost":"0.00","price":"0.00","hitcount":"525","fileversion":"v1.1","giftinfo":"[]","currenttime":"","palpaycurrencytype":"","circleid":"","source":"","isresource":"1","catalogname":"教材/高职高专/专科护理","digitalauthor":"秦红兵","digitalcontent":"本书配有自学PPT、在线测试习题、书后思考题思路解析、微课、图片、拓展阅读等数字内容，有助于更好地掌握本学科知识。","isedu":"N","isszjc":"N","bodytext":"《护用药理学》共45章。"},{"foreignprice":"0","effectivetime":"","eisbn":"978-7-117-27189-9","showisbn":"978-7-117-27189-9","isbn":"978-7-117-27189-9","filetype":"0","id":2024805,"name":"病理学与病理生理学（第4版）","authorname":"陈振文　杨美玲","appintro":"{\"ppt\":\"36\",\"questions\":\"23\",\"webpage\":\"24\",\"video\":\"47\",\"slider\":\"7\",\"audio\":\"2\"}","ishavecover":"1","ishavesourcefile":"1","publishdate":"2018-12-01 00:00:00","ebooksize":"42.8 MB","randomhitcount":"785","introduction":"本套教材为全国高等职业教育护理、助产专业规划教材，教材修订编写坚持\u201C三基五性三特定\u201D的基本原则，力求体现信息化教学成果和融合教材的编写理念。本教材主要介绍了病理学及病理生理学基本理论知识和技能，教材中设置了学习目标、特色栏目、思维导图、思考题等，同时设置了随文的融合教材数字资源二维码，注重\u201C五个对接\u201D，突出与执业资格考试接轨，体现当代职业教育的最新精神。","topicno":"","prop1":"1","cataloginnercode":"000561000006000002","isopenmodel":"0","logofile":"upload/resources/image/2021/12/31/12487_260x370.jpg","cost":"0.00","price":"0.00","hitcount":"786","fileversion":"v1.6","giftinfo":"[]","currenttime":"","palpaycurrencytype":"","circleid":"","source":"","isresource":"1","catalogname":"教材/高职高专/专科护理","digitalauthor":"陈振文　杨美玲","digitalcontent":"本书配有课件、自测题等数字内容。","isedu":"N","isszjc":"N","bodytext":"<p>本套教材为全国高等职业教育护理、助产专业规划教材，教材修订编写坚持\u201C三基五性三特定\u201D的基本原则，力求体现信息化教学成果和融合教材的编写理念。本教材主要介绍了病理学及病理生理学基本理论知识和技能，教材中设置了学习目标、特色栏目、思维导图、思考题等，同时设置了随文的融合教材数字资源二维码，注重\u201C五个对接\u201D，突出与执业资格考试接轨，体现当代职业教育的最新精神。</p>"},{"foreignprice":"0","effectivetime":"","eisbn":"978-7-117-27748-8","showisbn":"978-7-117-27748-8","isbn":"978-7-117-27748-8","filetype":"0","id":2024953,"name":"护理礼仪与人际沟通（第2版）","authorname":"秦东华","appintro":"{\"ppt\":\"9\",\"questions\":\"9\",\"webpage\":\"10\",\"slider\":\"3\",\"video\":\"2\"}","ishavecover":"1","ishavesourcefile":"1","publishdate":"2018-12-01 00:00:00","ebooksize":"17.8 MB","randomhitcount":"621","introduction":"本轮规划教材从来自全国29个省市自治区140余所院校的2800余位申请者中遴选出67位专家担任主编，经第四届全国高等职业教育护理、助产专业教育教材建设评审委员会审定，较好地代表了全国高等职业教育护理、助产专业教育水平。","topicno":"","prop1":"1","cataloginnercode":"000561000006000002","isopenmodel":"0","logofile":"upload/resources/image/2019/09/25/9355_260x370.jpg","cost":"0.00","price":"0.00","hitcount":"623","fileversion":"v1.1","giftinfo":"[]","currenttime":"","palpaycurrencytype":"","circleid":"","source":"","isresource":"1","catalogname":"教材/高职高专/专科护理","digitalauthor":"秦东华","digitalcontent":"本套教材以融合教材形式出版，即融合纸书内容与数字服务的教材，每本教材均配有特色的数字内容，读者阅读纸书的同时可以通过扫描书中二维码阅读线上数字内容。本教材数字内容有课件、文本、视频等。","isedu":"N","isszjc":"N","bodytext":"本轮规划教材从来自全国29个省市自治区140余所院校的2800余位申请者中遴选出67位专家担任主编，经第四届全国高等职业教育护理、助产专业教育教材建设评审委员会审定，较好地代表了全国高等职业教育护理、助产专业教育水平。"},{"foreignprice":"0","effectivetime":"","eisbn":"978-7-117-22599-1","showisbn":"978-7-117-22599-1","isbn":"978-7-117-22599-1","filetype":"0","id":11685,"name":"人体解剖学与组织胚胎学","authorname":"","appintro":"{\"word\":\"28\",\"ppt\":\"26\",\"questions\":\"13\",\"video\":\"11\"}","ishavecover":"1","ishavesourcefile":"1","publishdate":"","ebooksize":"40.7 MB","randomhitcount":"879","introduction":"","topicno":"","prop1":"1","cataloginnercode":"000561000006000018","isopenmodel":"0","logofile":"upload/978-7-117-22599-1/coverPhoto_978-7-117-22599-1_V1.0_260x370.jpg","cost":"32.00","price":"32.00","hitcount":"1455","fileversion":"v1.2","giftinfo":"[]","currenttime":"","palpaycurrencytype":"","circleid":"","source":"","isresource":"1","catalogname":"教材/高职高专/区域教材","digitalauthor":"","digitalcontent":"","isedu":"N","isszjc":"N","bodytext":""},{"foreignprice":"0","effectivetime":"","eisbn":"978-7-117-27217-9","showisbn":"978-7-117-27217-9","isbn":"978-7-117-27217-9","filetype":"0","id":2024623,"name":"护理学导论（第4版）","authorname":"李晓松、章晓幸","appintro":"{\"video\":\"48\",\"ppt\":\"8\",\"pdf\":\"15\",\"questions\":\"8\",\"webpage\":\"8\"}","ishavecover":"1","ishavesourcefile":"1","publishdate":"2021-10-01 00:00:00","ebooksize":"562 MB","randomhitcount":"758","introduction":"本套教材为全国高等职业教育护理、助产专业规划教材，教材修订编写坚持\u201C三基五性三特定\u201D的基本原则，力求体现信息化教学成果和融合教材的编写理念。本教材主要介绍了护理学导论基本理论知识和技能，教材中设置了学习目标、特色栏目、思维导图、思考题等，同时设置了随文的融合教材数字资源二维码，注重\u201C五个对接\u201D，突出与执业资格考试接轨，体现当代职业教育的最新精神。","topicno":"","prop1":"1","cataloginnercode":"000561000006000002","isopenmodel":"0","logofile":"upload/resources/image/2022/01/04/12587_260x370.jpg","cost":"0.00","price":"0.00","hitcount":"759","fileversion":"v1.4","giftinfo":"[]","currenttime":"","palpaycurrencytype":"","circleid":"","source":"","isresource":"1","catalogname":"教材/高职高专/专科护理","digitalauthor":"李晓松、章晓幸","digitalcontent":"本套教材以融合教材形式出版，即融合纸书内容与数字服务的教材，每本教材均配有特色的数字内容，读者阅读纸书的同时可以通过扫描书中二维码阅读线上数字内容。本书数字内容包括PPT、思路解析、\u201C扫一扫，测一测\u201D、视频等。激活图书后可通过网页、手机随时随地进行学习。","isedu":"N","isszjc":"N","bodytext":"<p>本套教材为全国高等职业教育护理、助产专业规划教材，教材修订编写坚持\u201C三基五性三特定\u201D的基本原则，力求体现信息化教学成果和融合教材的编写理念。本教材主要介绍了护理学导论基本理论知识和技能，教材中设置了学习目标、特色栏目、思维导图、思考题等，同时设置了随文的融合教材数字资源二维码，注重\u201C五个对接\u201D，突出与执业资格考试接轨，体现当代职业教育的最新精神。</p>"}]