﻿<?xml version="1.0" encoding="UTF-8"?><exam><id>20181102083324</id><questions><instructions><![CDATA[一、单项选择题]]></instructions><question><type>1</type><format>text</format><desc><![CDATA[1.突触间隙的ACh消除的主要方式是]]></desc><options><option><id>A</id><type>text</type><desc><![CDATA[MAO灭活]]></desc></option><option><id>B</id><type>text</type><desc><![CDATA[COMT灭活]]></desc></option><option><id>C</id><type>text</type><desc><![CDATA[AChE灭活]]></desc></option><option><id>D</id><type>text</type><desc><![CDATA[磷酸二酯酶灭活]]></desc></option><option><id>E</id><type>text</type><desc><![CDATA[神经末梢再摄取]]></desc></option></options><answers><![CDATA[C]]></answers></question><question><type>1</type><format>text</format><desc><![CDATA[2.激动后可引起支气管平滑肌松弛的受体是]]></desc><options><option><id>A</id><type>text</type><desc><![CDATA[M受体]]></desc></option><option><id>B</id><type>text</type><desc><![CDATA[α<sub>1</sub>受体]]></desc></option><option><id>C</id><type>text</type><desc><![CDATA[α<sub>2</sub>受体]]></desc></option><option><id>D</id><type>text</type><desc><![CDATA[β<sub>1</sub>受体]]></desc></option><option><id>E</id><type>text</type><desc><![CDATA[β<sub>2</sub>受体]]></desc></option></options><answers><![CDATA[E]]></answers></question><question><type>1</type><format>html</format><desc><![CDATA[3.去甲肾上腺素能神经兴奋引起的效应<u><b>不包括</b></u>]]></desc><options><option><id>A</id><type>text</type><desc><![CDATA[心脏兴奋]]></desc></option><option><id>B</id><type>text</type><desc><![CDATA[胃肠平滑肌收缩]]></desc></option><option><id>C</id><type>text</type><desc><![CDATA[支气管平滑肌松弛]]></desc></option><option><id>D</id><type>text</type><desc><![CDATA[皮肤黏膜和内脏血管收缩]]></desc></option><option><id>E</id><type>text</type><desc><![CDATA[瞳孔扩大]]></desc></option></options><answers><![CDATA[B]]></answers></question><question><type>1</type><format>html</format><desc><![CDATA[4.β<sub>2</sub>受体兴奋可引起]]></desc><options><option><id>A</id><type>text</type><desc><![CDATA[瞳孔缩小]]></desc></option><option><id>B</id><type>text</type><desc><![CDATA[胃肠平滑肌收缩]]></desc></option><option><id>C</id><type>text</type><desc><![CDATA[支气管平滑肌松弛]]></desc></option><option><id>D</id><type>text</type><desc><![CDATA[腺体分泌增加]]></desc></option><option><id>E</id><type>text</type><desc><![CDATA[皮肤血管收缩]]></desc></option></options><answers><![CDATA[C]]></answers></question><question><type>1</type><format>html</format><desc><![CDATA[5.胆碱能神经<u><b>不包括</b></u>]]></desc><options><option><id>A</id><type>text</type><desc><![CDATA[部分交感神经节前纤维]]></desc></option><option><id>B</id><type>text</type><desc><![CDATA[部分副交感神经节前纤维]]></desc></option><option><id>C</id><type>text</type><desc><![CDATA[部分副交感神经节后纤维]]></desc></option><option><id>D</id><type>text</type><desc><![CDATA[大部分交感神经节后纤维]]></desc></option><option><id>E</id><type>text</type><desc><![CDATA[运动神经]]></desc></option></options><answers><![CDATA[D]]></answers></question><question><type>1</type><format>html</format><desc><![CDATA[6.M受体激动<u><b>不会</b></u>引起]]></desc><options><option><id>A</id><type>text</type><desc><![CDATA[血压升高]]></desc></option><option><id>B</id><type>text</type><desc><![CDATA[心率减慢]]></desc></option><option><id>C</id><type>text</type><desc><![CDATA[胃肠平滑肌收缩]]></desc></option><option><id>D</id><type>text</type><desc><![CDATA[瞳孔括约肌收缩]]></desc></option><option><id>E</id><type>text</type><desc><![CDATA[腺体分泌增加]]></desc></option></options><answers><![CDATA[A]]></answers></question><question><type>1</type><format>text</format><desc><![CDATA[7.属于去甲肾上腺素能神经的是]]></desc><options><option><id>A</id><type>text</type><desc><![CDATA[绝大部分交感神经节后纤维]]></desc></option><option><id>B</id><type>text</type><desc><![CDATA[交感神经节前纤维]]></desc></option><option><id>C</id><type>text</type><desc><![CDATA[副交感神经节后纤维]]></desc></option><option><id>D</id><type>text</type><desc><![CDATA[交感神经节前纤维]]></desc></option><option><id>E</id><type>text</type><desc><![CDATA[运动神经]]></desc></option></options><answers><![CDATA[A]]></answers></question><question><type>1</type><format>html</format><desc><![CDATA[8.N<SUB>M</SUB>受体兴奋可引起]]></desc><options><option><id>A</id><type>text</type><desc><![CDATA[神经节兴奋]]></desc></option><option><id>B</id><type>text</type><desc><![CDATA[骨骼肌收缩]]></desc></option><option><id>C</id><type>text</type><desc><![CDATA[支气管平滑肌收缩]]></desc></option><option><id>D</id><type>text</type><desc><![CDATA[心脏抑制]]></desc></option><option><id>E</id><type>text</type><desc><![CDATA[胃肠平滑肌收缩]]></desc></option></options><answers><![CDATA[B]]></answers></question><question><type>1</type><format>html</format><desc><![CDATA[9.胆碱能神经兴奋时，<u><b>不出现</b></u>]]></desc><options><option><id>A</id><type>text</type><desc><![CDATA[抑制心脏]]></desc></option><option><id>B</id><type>text</type><desc><![CDATA[舒张血管]]></desc></option><option><id>C</id><type>text</type><desc><![CDATA[腺体分泌]]></desc></option><option><id>D</id><type>text</type><desc><![CDATA[瞳孔扩大]]></desc></option><option><id>E</id><type>text</type><desc><![CDATA[支气管收缩]]></desc></option></options><answers><![CDATA[D]]></answers></question></questions></exam>