﻿<?xml version="1.0" encoding="UTF-8"?><exam><id>20181102110832</id><questions><instructions><![CDATA[一、单项选择题]]></instructions><question><type>1</type><format>text</format><desc><![CDATA[1.关于强心苷的描述正确的是]]></desc><options><option><id>A</id><type>text</type><desc><![CDATA[降低窦房结的自律性]]></desc></option><option><id>B</id><type>text</type><desc><![CDATA[加快房室结的传导速度]]></desc></option><option><id>C</id><type>text</type><desc><![CDATA[降低普肯耶纤维的自律性]]></desc></option><option><id>D</id><type>text</type><desc><![CDATA[抑制迷走神经]]></desc></option><option><id>E</id><type>text</type><desc><![CDATA[直接扩张血管]]></desc></option></options><answers><![CDATA[A]]></answers></question><question><type>1</type><format>text</format><desc><![CDATA[2.地高辛最佳的适应证是]]></desc><options><option><id>A</id><type>text</type><desc><![CDATA[肺源性心脏病引起的心力衰竭]]></desc></option><option><id>B</id><type>text</type><desc><![CDATA[严重心肌炎引起的心力衰竭]]></desc></option><option><id>C</id><type>text</type><desc><![CDATA[严重贫血引起的心力衰竭]]></desc></option><option><id>D</id><type>text</type><desc><![CDATA[甲状腺功能亢进引起的心力衰竭]]></desc></option><option><id>E</id><type>text</type><desc><![CDATA[伴有心房颤动的心力衰竭]]></desc></option></options><answers><![CDATA[E]]></answers></question><question><type>1</type><format>text</format><desc><![CDATA[3.具有正性肌力作用并能降低心肌耗氧量的是]]></desc><options><option><id>A</id><type>text</type><desc><![CDATA[多巴胺]]></desc></option><option><id>B</id><type>text</type><desc><![CDATA[肾上腺素]]></desc></option><option><id>C</id><type>text</type><desc><![CDATA[地高辛]]></desc></option><option><id>D</id><type>text</type><desc><![CDATA[麻黄碱]]></desc></option><option><id>E</id><type>text</type><desc><![CDATA[异丙肾上腺素]]></desc></option></options><answers><![CDATA[C]]></answers></question><question><type>1</type><format>text</format><desc><![CDATA[4.强心苷中毒导致的心律失常，可选用阿托品治疗的是]]></desc><options><option><id>A</id><type>text</type><desc><![CDATA[室性期前收缩]]></desc></option><option><id>B</id><type>text</type><desc><![CDATA[窦性心动过缓]]></desc></option><option><id>C</id><type>text</type><desc><![CDATA[阵发性室上性心动过速]]></desc></option><option><id>D</id><type>text</type><desc><![CDATA[室性心动过速]]></desc></option><option><id>E</id><type>text</type><desc><![CDATA[心房颤动]]></desc></option></options><answers><![CDATA[B]]></answers></question><question><type>1</type><format>text</format><desc><![CDATA[5.血管扩张药治疗心力衰竭的主要依据是]]></desc><options><option><id>A</id><type>text</type><desc><![CDATA[扩张冠状动脉，增加心肌供氧量]]></desc></option><option><id>B</id><type>text</type><desc><![CDATA[降低血压]]></desc></option><option><id>C</id><type>text</type><desc><![CDATA[降低心排出量]]></desc></option><option><id>D</id><type>text</type><desc><![CDATA[减少心肌耗氧量]]></desc></option><option><id>E</id><type>text</type><desc><![CDATA[减轻心脏前负荷和（或）后负荷]]></desc></option></options><answers><![CDATA[E]]></answers></question><question><type>1</type><format>html</format><desc><![CDATA[6.能选择性激动心脏β<sub>1</sub>受体，增强心肌收缩力的药物是]]></desc><options><option><id>A</id><type>text</type><desc><![CDATA[硝酸甘油]]></desc></option><option><id>B</id><type>text</type><desc><![CDATA[多巴酚丁胺]]></desc></option><option><id>C</id><type>text</type><desc><![CDATA[米力农]]></desc></option><option><id>D</id><type>text</type><desc><![CDATA[维拉帕米]]></desc></option><option><id>E</id><type>text</type><desc><![CDATA[卡托普利]]></desc></option></options><answers><![CDATA[B]]></answers></question><question><type>1</type><format>text</format><desc><![CDATA[7.强心苷治疗心房扑动的主要机制是]]></desc><options><option><id>A</id><type>text</type><desc><![CDATA[缩短心房有效不应期]]></desc></option><option><id>B</id><type>text</type><desc><![CDATA[加快房室结的传导作用]]></desc></option><option><id>C</id><type>text</type><desc><![CDATA[抑制窦房结]]></desc></option><option><id>D</id><type>text</type><desc><![CDATA[降低普肯耶纤维的自律性]]></desc></option><option><id>E</id><type>text</type><desc><![CDATA[延长心房不应期]]></desc></option></options><answers><![CDATA[A]]></answers></question><question><type>1</type><format>text</format><desc><![CDATA[8.强心苷中毒出现室性早搏宜选用]]></desc><options><option><id>A</id><type>text</type><desc><![CDATA[肾上腺素]]></desc></option><option><id>B</id><type>text</type><desc><![CDATA[苯妥英钠]]></desc></option><option><id>C</id><type>text</type><desc><![CDATA[维拉帕米]]></desc></option><option><id>D</id><type>text</type><desc><![CDATA[阿托品]]></desc></option><option><id>E</id><type>text</type><desc><![CDATA[奎尼丁]]></desc></option></options><answers><![CDATA[B]]></answers></question><question><type>1</type><format>text</format><desc><![CDATA[9.强心苷心脏毒性的发生机制是]]></desc><options><option><id>A</id><type>text</type><desc><![CDATA[重度抑制心肌细胞膜Na<sup>+</sup>-K<sup>+</sup>-ATP酶]]></desc></option><option><id>B</id><type>text</type><desc><![CDATA[兴奋心肌细胞膜Na<sup>+</sup>-K<sup>+</sup>-ATP酶]]></desc></option><option><id>C</id><type>text</type><desc><![CDATA[使心肌细胞内K<sup>+</sup>增加]]></desc></option><option><id>D</id><type>text</type><desc><![CDATA[使心肌细胞内Ca<sup>2+</sup>降低]]></desc></option><option><id>E</id><type>text</type><desc><![CDATA[增加心肌抑制因子的释放]]></desc></option></options><answers><![CDATA[A]]></answers></question><question><type>1</type><format>text</format><desc><![CDATA[10.强心苷用药护理要点,下列描述正确的是]]></desc><options><option><id>A</id><type>text</type><desc><![CDATA[注意是否存在高血钾、低血镁等诱发中毒的因素]]></desc></option><option><id>B</id><type>text</type><desc><![CDATA[胺碘酮、维拉帕米能降低地高辛的血药浓度]]></desc></option><option><id>C</id><type>text</type><desc><![CDATA[心率低于60次/分,应增加强心苷的用量]]></desc></option><option><id>D</id><type>text</type><desc><![CDATA[静脉推注钙剂增强地高辛的作用]]></desc></option><option><id>E</id><type>text</type><desc><![CDATA[室性心动过速、房室传导阻滞等禁用地高辛]]></desc></option></options><answers><![CDATA[E]]></answers></question><question><type>1</type><format>text</format><desc><![CDATA[11.利尿药治疗心力衰竭的描述正确的是]]></desc><options><option><id>A</id><type>text</type><desc><![CDATA[有体液潴留的CHF病人均应使用利尿药]]></desc></option><option><id>B</id><type>text</type><desc><![CDATA[开始要用大剂量]]></desc></option><option><id>C</id><type>text</type><desc><![CDATA[利尿药不能与β受体阻断药合用]]></desc></option><option><id>D</id><type>text</type><desc><![CDATA[不能与血管紧张素Ⅱ受体阻断药合用]]></desc></option><option><id>E</id><type>text</type><desc><![CDATA[能显著阻止或逆转心室重构，降低病死率]]></desc></option></options><answers><![CDATA[A]]></answers></question><question><type>1</type><format>text</format><desc><![CDATA[12.(受体阻断药治疗CHF的叙述正确的是]]></desc><options><option><id>A</id><type>text</type><desc><![CDATA[用于急性心力衰竭]]></desc></option><option><id>B</id><type>text</type><desc><![CDATA[对扩张型心肌病及缺血性CHF疗效不佳]]></desc></option><option><id>C</id><type>text</type><desc><![CDATA[不宜长期用药]]></desc></option><option><id>D</id><type>text</type><desc><![CDATA[用于病情稳定的慢性心功能不全病人]]></desc></option><option><id>E</id><type>text</type><desc><![CDATA[CHF病人有明显液体潴留时，应迅速使用(受体阻断药]]></desc></option></options><answers><![CDATA[D]]></answers></question><question><type>1</type><format>text</format><desc><![CDATA[13.有关血管紧张素Ⅰ转换酶抑制药的描述正确的是]]></desc><options><option><id>A</id><type>text</type><desc><![CDATA[不能缓解CHF的症状]]></desc></option><option><id>B</id><type>text</type><desc><![CDATA[不能阻滞心力衰竭的进展]]></desc></option><option><id>C</id><type>text</type><desc><![CDATA[不能用于CHF的治疗]]></desc></option><option><id>D</id><type>text</type><desc><![CDATA[大剂量使用不会引起低血压]]></desc></option><option><id>E</id><type>text</type><desc><![CDATA[所有左心室射血分数下降的CHF病人均需长期应用]]></desc></option></options><answers><![CDATA[E]]></answers></question><question><type>1</type><format>text</format><desc><![CDATA[14.卡托普利的临床应用正确的是]]></desc><options><option><id>A</id><type>text</type><desc><![CDATA[心房纤颤]]></desc></option><option><id>B</id><type>text</type><desc><![CDATA[充血性心力衰竭]]></desc></option><option><id>C</id><type>text</type><desc><![CDATA[室性心动过速]]></desc></option><option><id>D</id><type>text</type><desc><![CDATA[心房扑动]]></desc></option><option><id>E</id><type>text</type><desc><![CDATA[陈发性室上性心动过速]]></desc></option></options><answers><![CDATA[B]]></answers></question><question><type>1</type><format>text</format><desc><![CDATA[15.能防止和逆转心室重构的药物是]]></desc><options><option><id>A</id><type>text</type><desc><![CDATA[地高辛]]></desc></option><option><id>B</id><type>text</type><desc><![CDATA[呋塞米]]></desc></option><option><id>C</id><type>text</type><desc><![CDATA[缬沙坦]]></desc></option><option><id>D</id><type>text</type><desc><![CDATA[哌唑嗪]]></desc></option><option><id>E</id><type>text</type><desc><![CDATA[米力农]]></desc></option></options><answers><![CDATA[C]]></answers></question><question><type>1</type><format>text</format><desc><![CDATA[16.能提高地高辛的血药浓度的药物是]]></desc><options><option><id>A</id><type>text</type><desc><![CDATA[奎尼丁]]></desc></option><option><id>B</id><type>text</type><desc><![CDATA[呋塞米]]></desc></option><option><id>C</id><type>text</type><desc><![CDATA[缬沙坦]]></desc></option><option><id>D</id><type>text</type><desc><![CDATA[哌唑嗪]]></desc></option><option><id>E</id><type>text</type><desc><![CDATA[米力农]]></desc></option></options><answers><![CDATA[A]]></answers></question><question><type>1</type><format>text</format><desc><![CDATA[17.血管紧张素Ⅰ转换酶抑制药降低CHF死亡率的原因是]]></desc><options><option><id>A</id><type>text</type><desc><![CDATA[扩血管]]></desc></option><option><id>B</id><type>text</type><desc><![CDATA[减慢心率]]></desc></option><option><id>C</id><type>text</type><desc><![CDATA[降低耗氧量]]></desc></option><option><id>D</id><type>text</type><desc><![CDATA[阻止心室重构]]></desc></option><option><id>E</id><type>text</type><desc><![CDATA[增强心肌收缩力]]></desc></option></options><answers><![CDATA[D]]></answers></question><question><type>1</type><format>text</format><desc><![CDATA[18.强心苷对下列心力衰竭效果最好的是]]></desc><options><option><id>A</id><type>text</type><desc><![CDATA[心瓣膜病引起的心衰]]></desc></option><option><id>B</id><type>text</type><desc><![CDATA[贫血引起的心衰]]></desc></option><option><id>C</id><type>text</type><desc><![CDATA[甲亢引起的心衰]]></desc></option><option><id>D</id><type>text</type><desc><![CDATA[心包狭窄引起的心衰]]></desc></option><option><id>E</id><type>text</type><desc><![CDATA[心肌炎引起的心衰]]></desc></option></options><answers><![CDATA[A]]></answers></question><question><type>1</type><format>text</format><desc><![CDATA[19.对β受体阻断药正确的描述是]]></desc><options><option><id>A</id><type>text</type><desc><![CDATA[用于急性充血性心力衰竭的治疗]]></desc></option><option><id>B</id><type>text</type><desc><![CDATA[在地高辛、ACE抑制药等治疗的基础上、病情相对稳定的CHF病人]]></desc></option><option><id>C</id><type>text</type><desc><![CDATA[对扩张型心肌病及缺血性CHF疗效差]]></desc></option><option><id>D</id><type>text</type><desc><![CDATA[治疗CHF时发挥作用快]]></desc></option><option><id>E</id><type>text</type><desc><![CDATA[CHF病人禁止使用]]></desc></option></options><answers><![CDATA[B]]></answers></question><question><type>1</type><format>text</format><desc><![CDATA[20.扩张小动脉和小静脉，避光滴注的药物是]]></desc><options><option><id>A</id><type>text</type><desc><![CDATA[肼曲嗪]]></desc></option><option><id>B</id><type>text</type><desc><![CDATA[硝酸甘油]]></desc></option><option><id>C</id><type>text</type><desc><![CDATA[氨氯地平]]></desc></option><option><id>D</id><type>text</type><desc><![CDATA[硝普钠]]></desc></option><option><id>E</id><type>text</type><desc><![CDATA[哌唑嗪]]></desc></option></options><answers><![CDATA[D]]></answers></question></questions></exam>