﻿<?xml version="1.0" encoding="UTF-8"?><exam><id>20181102132024</id><questions><instructions><![CDATA[一、单项选择题]]></instructions><question><type>1</type><format>text</format><desc><![CDATA[1.易透过血脑屏障的药物是]]></desc><options><option><id>A</id><type>text</type><desc><![CDATA[咪康唑]]></desc></option><option><id>B</id><type>text</type><desc><![CDATA[氟康唑]]></desc></option><option><id>C</id><type>text</type><desc><![CDATA[克霉唑]]></desc></option><option><id>D</id><type>text</type><desc><![CDATA[酮康唑]]></desc></option><option><id>E</id><type>text</type><desc><![CDATA[制霉菌素]]></desc></option></options><answers><![CDATA[B]]></answers></question><question><type>1</type><format>text</format><desc><![CDATA[2.主要治疗深部真菌感染的药物是]]></desc><options><option><id>A</id><type>text</type><desc><![CDATA[咪康唑]]></desc></option><option><id>B</id><type>text</type><desc><![CDATA[克霉唑]]></desc></option><option><id>C</id><type>text</type><desc><![CDATA[制霉菌素]]></desc></option><option><id>D</id><type>text</type><desc><![CDATA[特比萘芬]]></desc></option><option><id>E</id><type>text</type><desc><![CDATA[两性霉素B]]></desc></option></options><answers><![CDATA[E]]></answers></question><question><type>1</type><format>text</format><desc><![CDATA[3.局部给药治疗口腔、皮肤、阴道等部位念珠菌病的药物是]]></desc><options><option><id>A</id><type>text</type><desc><![CDATA[氟胞嘧啶]]></desc></option><option><id>B</id><type>text</type><desc><![CDATA[四环素]]></desc></option><option><id>C</id><type>text</type><desc><![CDATA[特比萘芬]]></desc></option><option><id>D</id><type>text</type><desc><![CDATA[红霉素]]></desc></option><option><id>E</id><type>text</type><desc><![CDATA[制霉菌素]]></desc></option></options><answers><![CDATA[E]]></answers></question><question><type>1</type><format>text</format><desc><![CDATA[4.两性霉素B抗真菌的作用机制是]]></desc><options><option><id>A</id><type>text</type><desc><![CDATA[抑制真菌细胞膜的的合成]]></desc></option><option><id>B</id><type>text</type><desc><![CDATA[与真菌细胞膜中的麦角胺固醇结合，改变膜的通透性]]></desc></option><option><id>C</id><type>text</type><desc><![CDATA[抑制菌体蛋白质合成]]></desc></option><option><id>D</id><type>text</type><desc><![CDATA[抑制菌体DNA的合成]]></desc></option><option><id>E</id><type>text</type><desc><![CDATA[干扰真菌有丝分裂]]></desc></option></options><answers><![CDATA[B]]></answers></question><question><type>1</type><format>text</format><desc><![CDATA[5.易产生耐药性，需与两性霉素联合用于治疗隐球菌脑膜炎的药物是]]></desc><options><option><id>A</id><type>text</type><desc><![CDATA[克霉唑]]></desc></option><option><id>B</id><type>text</type><desc><![CDATA[咪康唑]]></desc></option><option><id>C</id><type>text</type><desc><![CDATA[氟康唑]]></desc></option><option><id>D</id><type>text</type><desc><![CDATA[氟胞嘧啶]]></desc></option><option><id>E</id><type>text</type><desc><![CDATA[酮康唑]]></desc></option></options><answers><![CDATA[D]]></answers></question><question><type>1</type><format>text</format><desc><![CDATA[6.病人，女性，50岁。真菌性阴道炎，局部使用的药物首选]]></desc><options><option><id>A</id><type>text</type><desc><![CDATA[咪康唑]]></desc></option><option><id>B</id><type>text</type><desc><![CDATA[氟康唑]]></desc></option><option><id>C</id><type>text</type><desc><![CDATA[制霉菌素]]></desc></option><option><id>D</id><type>text</type><desc><![CDATA[特比萘芬]]></desc></option><option><id>E</id><type>text</type><desc><![CDATA[两性霉素B]]></desc></option></options><answers><![CDATA[C]]></answers></question><question><type>1</type><format>text</format><desc><![CDATA[7.对甲型、乙型流感病毒有明显抑制作用的药物是]]></desc><options><option><id>A</id><type>text</type><desc><![CDATA[阿昔洛韦]]></desc></option><option><id>B</id><type>text</type><desc><![CDATA[拉米夫定]]></desc></option><option><id>C</id><type>text</type><desc><![CDATA[干扰素]]></desc></option><option><id>D</id><type>text</type><desc><![CDATA[奥司他韦]]></desc></option><option><id>E</id><type>text</type><desc><![CDATA[齐多夫定]]></desc></option></options><answers><![CDATA[D]]></answers></question><question><type>1</type><format>text</format><desc><![CDATA[8.治疗单纯疱疹病毒感染的首选药物是]]></desc><options><option><id>A</id><type>text</type><desc><![CDATA[阿昔洛韦]]></desc></option><option><id>B</id><type>text</type><desc><![CDATA[金刚烷胺]]></desc></option><option><id>C</id><type>text</type><desc><![CDATA[干扰素]]></desc></option><option><id>D</id><type>text</type><desc><![CDATA[拉米夫定]]></desc></option><option><id>E</id><type>text</type><desc><![CDATA[齐多夫定]]></desc></option></options><answers><![CDATA[A]]></answers></question><question><type>1</type><format>text</format><desc><![CDATA[9.具有免疫增强作用，可用于乙肝治疗的药物是]]></desc><options><option><id>A</id><type>text</type><desc><![CDATA[金刚烷胺]]></desc></option><option><id>B</id><type>text</type><desc><![CDATA[利巴韦林]]></desc></option><option><id>C</id><type>text</type><desc><![CDATA[干扰素]]></desc></option><option><id>D</id><type>text</type><desc><![CDATA[碘苷]]></desc></option><option><id>E</id><type>text</type><desc><![CDATA[氟胞嘧啶]]></desc></option></options><answers><![CDATA[C]]></answers></question><question><type>1</type><format>text</format><desc><![CDATA[10.治疗艾滋病可选用的药物是]]></desc><options><option><id>A</id><type>text</type><desc><![CDATA[阿昔洛韦]]></desc></option><option><id>B</id><type>text</type><desc><![CDATA[伐昔洛韦]]></desc></option><option><id>C</id><type>text</type><desc><![CDATA[利巴韦林]]></desc></option><option><id>D</id><type>text</type><desc><![CDATA[齐多夫定]]></desc></option><option><id>E</id><type>text</type><desc><![CDATA[奥司他韦]]></desc></option></options><answers><![CDATA[D]]></answers></question></questions></exam>