﻿<?xml version="1.0" encoding="UTF-8"?><exam><id>20181102111853</id><questions><instructions><![CDATA[一、单项选择题]]></instructions><question><type>1</type><format>html</format><desc><![CDATA[1.下列<u><b>不具有</b></u>扩张冠状动脉作用的药物是]]></desc><options><option><id>A</id><type>text</type><desc><![CDATA[维拉帕米]]></desc></option><option><id>B</id><type>text</type><desc><![CDATA[硝酸甘油]]></desc></option><option><id>C</id><type>text</type><desc><![CDATA[普萘洛尔]]></desc></option><option><id>D</id><type>text</type><desc><![CDATA[硝酸异山梨酯]]></desc></option><option><id>E</id><type>text</type><desc><![CDATA[地尔硫]]></desc></option></options><answers><![CDATA[C]]></answers></question><question><type>1</type><format>html</format><desc><![CDATA[2.与硝酸甘油扩张血管作用<u><b>无关</b></u>的不良反应是]]></desc><options><option><id>A</id><type>text</type><desc><![CDATA[心率加快]]></desc></option><option><id>B</id><type>text</type><desc><![CDATA[眼压增高]]></desc></option><option><id>C</id><type>text</type><desc><![CDATA[直立性低血压]]></desc></option><option><id>D</id><type>text</type><desc><![CDATA[耐受性]]></desc></option><option><id>E</id><type>text</type><desc><![CDATA[面部潮红]]></desc></option></options><answers><![CDATA[D]]></answers></question><question><type>1</type><format>html</format><desc><![CDATA[3.<u><b>不宜</b></u>用于变异型心绞痛的药物是]]></desc><options><option><id>A</id><type>text</type><desc><![CDATA[硝酸甘油]]></desc></option><option><id>B</id><type>text</type><desc><![CDATA[普萘洛尔]]></desc></option><option><id>C</id><type>text</type><desc><![CDATA[维拉帕米]]></desc></option><option><id>D</id><type>text</type><desc><![CDATA[硝苯地平]]></desc></option><option><id>E</id><type>text</type><desc><![CDATA[毒扁豆碱]]></desc></option></options><answers><![CDATA[B]]></answers></question><question><type>1</type><format>html</format><desc><![CDATA[4.治疗心绞痛长期应用后<u><b>不能</b></u>突然停药的药物是]]></desc><options><option><id>A</id><type>text</type><desc><![CDATA[普萘洛尔]]></desc></option><option><id>B</id><type>text</type><desc><![CDATA[硝苯地平]]></desc></option><option><id>C</id><type>text</type><desc><![CDATA[维拉帕米]]></desc></option><option><id>D</id><type>text</type><desc><![CDATA[硝酸甘油]]></desc></option><option><id>E</id><type>text</type><desc><![CDATA[硝酸异山梨酯]]></desc></option></options><answers><![CDATA[A]]></answers></question><question><type>1</type><format>text</format><desc><![CDATA[5.硝酸酯类治疗心绞痛的特点是]]></desc><options><option><id>A</id><type>text</type><desc><![CDATA[室壁肌张力降低]]></desc></option><option><id>B</id><type>text</type><desc><![CDATA[心率加快]]></desc></option><option><id>C</id><type>text</type><desc><![CDATA[外周阻力下降]]></desc></option><option><id>D</id><type>text</type><desc><![CDATA[心室舒张末期压力降低]]></desc></option><option><id>E</id><type>text</type><desc><![CDATA[心率不变]]></desc></option></options><answers><![CDATA[C]]></answers></question><question><type>1</type><format>text</format><desc><![CDATA[6.硝酸甘油不具有的药理作用是]]></desc><options><option><id>A</id><type>text</type><desc><![CDATA[扩张静脉]]></desc></option><option><id>B</id><type>text</type><desc><![CDATA[降低前负荷]]></desc></option><option><id>C</id><type>text</type><desc><![CDATA[降低后负荷]]></desc></option><option><id>D</id><type>text</type><desc><![CDATA[降低回心血量]]></desc></option><option><id>E</id><type>text</type><desc><![CDATA[室壁肌张力增高]]></desc></option></options><answers><![CDATA[E]]></answers></question><question><type>1</type><format>html</format><desc><![CDATA[7.伴有哮喘的心绞痛病人<u><b>不宜</b></u>选用]]></desc><options><option><id>A</id><type>text</type><desc><![CDATA[普萘洛尔]]></desc></option><option><id>B</id><type>text</type><desc><![CDATA[硝苯地平]]></desc></option><option><id>C</id><type>text</type><desc><![CDATA[维拉帕米]]></desc></option><option><id>D</id><type>text</type><desc><![CDATA[硝酸甘油]]></desc></option><option><id>E</id><type>text</type><desc><![CDATA[地尔硫]]></desc></option></options><answers><![CDATA[A]]></answers></question><question><type>1</type><format>text</format><desc><![CDATA[8.硝酸甘油抗心绞痛最常采用的给药途径是]]></desc><options><option><id>A</id><type>text</type><desc><![CDATA[软膏涂抹]]></desc></option><option><id>B</id><type>text</type><desc><![CDATA[舌下含服]]></desc></option><option><id>C</id><type>text</type><desc><![CDATA[肌内注射]]></desc></option><option><id>D</id><type>text</type><desc><![CDATA[贴膜剂经皮给药]]></desc></option><option><id>E</id><type>text</type><desc><![CDATA[口服]]></desc></option></options><answers><![CDATA[B]]></answers></question></questions></exam>