﻿<?xml version="1.0" encoding="UTF-8"?><exam><id>20181102131235</id><questions><instructions><![CDATA[一、单项选择题]]></instructions><question><type>1</type><format>text</format><desc><![CDATA[1.可引起灰婴综合征的抗生素是]]></desc><options><option><id>A</id><type>text</type><desc><![CDATA[阿米卡星]]></desc></option><option><id>B</id><type>text</type><desc><![CDATA[庆大霉素]]></desc></option><option><id>C</id><type>text</type><desc><![CDATA[链霉素]]></desc></option><option><id>D</id><type>text</type><desc><![CDATA[氯霉素]]></desc></option><option><id>E</id><type>text</type><desc><![CDATA[四环素]]></desc></option></options><answers><![CDATA[D]]></answers></question><question><type>1</type><format>text</format><desc><![CDATA[2.对多西环素的药理作用说法正确是]]></desc><options><option><id>A</id><type>text</type><desc><![CDATA[对病毒感染有效]]></desc></option><option><id>B</id><type>text</type><desc><![CDATA[对真菌感染有效]]></desc></option><option><id>C</id><type>text</type><desc><![CDATA[可杀灭结核分枝杆菌]]></desc></option><option><id>D</id><type>text</type><desc><![CDATA[对阳性菌作用强于青霉素]]></desc></option><option><id>E</id><type>text</type><desc><![CDATA[对立克次体感染有效]]></desc></option></options><answers><![CDATA[E]]></answers></question><question><type>1</type><format>text</format><desc><![CDATA[3.四环素类抗生素的作用机制是]]></desc><options><option><id>A</id><type>text</type><desc><![CDATA[抑制细菌细胞壁合成]]></desc></option><option><id>B</id><type>text</type><desc><![CDATA[抑制细菌DNA合成]]></desc></option><option><id>C</id><type>text</type><desc><![CDATA[抑制细菌蛋白质合成]]></desc></option><option><id>D</id><type>text</type><desc><![CDATA[抑制细菌RNA的合成]]></desc></option><option><id>E</id><type>text</type><desc><![CDATA[抑制细菌叶酸的代谢]]></desc></option></options><answers><![CDATA[C]]></answers></question><question><type>1</type><format>text</format><desc><![CDATA[4.下列可影响骨、牙生长的药物是]]></desc><options><option><id>A</id><type>text</type><desc><![CDATA[红霉素]]></desc></option><option><id>B</id><type>text</type><desc><![CDATA[四环素]]></desc></option><option><id>C</id><type>text</type><desc><![CDATA[妥布霉素]]></desc></option><option><id>D</id><type>text</type><desc><![CDATA[克拉霉素]]></desc></option><option><id>E</id><type>text</type><desc><![CDATA[林可霉素]]></desc></option></options><answers><![CDATA[B]]></answers></question><question><type>1</type><format>text</format><desc><![CDATA[5.下列治疗衣原体属感染可作为首选药的是]]></desc><options><option><id>A</id><type>text</type><desc><![CDATA[庆大霉素]]></desc></option><option><id>B</id><type>text</type><desc><![CDATA[妥布霉素]]></desc></option><option><id>C</id><type>text</type><desc><![CDATA[四环素]]></desc></option><option><id>D</id><type>text</type><desc><![CDATA[青霉素G]]></desc></option><option><id>E</id><type>text</type><desc><![CDATA[磷霉素]]></desc></option></options><answers><![CDATA[C]]></answers></question><question><type>1</type><format>text</format><desc><![CDATA[6.口服铁剂对下列药物的肠道吸收影响最大的是]]></desc><options><option><id>A</id><type>text</type><desc><![CDATA[乙酰螺旋霉素]]></desc></option><option><id>B</id><type>text</type><desc><![CDATA[氯霉素]]></desc></option><option><id>C</id><type>text</type><desc><![CDATA[阿奇霉素]]></desc></option><option><id>D</id><type>text</type><desc><![CDATA[四环素]]></desc></option><option><id>E</id><type>text</type><desc><![CDATA[头孢氨苄]]></desc></option></options><answers><![CDATA[D]]></answers></question><question><type>1</type><format>text</format><desc><![CDATA[7.氯霉素最严重的不良反应是]]></desc><options><option><id>A</id><type>text</type><desc><![CDATA[过敏反应]]></desc></option><option><id>B</id><type>text</type><desc><![CDATA[抑制骨髓造血功能]]></desc></option><option><id>C</id><type>text</type><desc><![CDATA[胃肠道反应]]></desc></option><option><id>D</id><type>text</type><desc><![CDATA[二重感染]]></desc></option><option><id>E</id><type>text</type><desc><![CDATA[中毒性精神病]]></desc></option></options><answers><![CDATA[B]]></answers></question></questions></exam>