﻿<?xml version="1.0" encoding="UTF-8"?><exam><id>20181102082759</id><questions><instructions><![CDATA[一、单项选择题]]></instructions><question><type>1</type><format>text</format><desc><![CDATA[1.药物最常用的给药方法是]]></desc><options><option><id>A</id><type>text</type><desc><![CDATA[口服给药]]></desc></option><option><id>B</id><type>text</type><desc><![CDATA[舌下给药]]></desc></option><option><id>C</id><type>text</type><desc><![CDATA[直肠给药]]></desc></option><option><id>D</id><type>text</type><desc><![CDATA[肌内注射]]></desc></option><option><id>E</id><type>text</type><desc><![CDATA[皮下注射]]></desc></option></options><answers><![CDATA[A]]></answers></question><question><type>1</type><format>text</format><desc><![CDATA[2.能产生首过消除的给药途径是]]></desc><options><option><id>A</id><type>text</type><desc><![CDATA[口服给药]]></desc></option><option><id>B</id><type>text</type><desc><![CDATA[舌下给药]]></desc></option><option><id>C</id><type>text</type><desc><![CDATA[直肠给药]]></desc></option><option><id>D</id><type>text</type><desc><![CDATA[肌内注射]]></desc></option><option><id>E</id><type>text</type><desc><![CDATA[静脉注射]]></desc></option></options><answers><![CDATA[A]]></answers></question><question><type>1</type><format>text</format><desc><![CDATA[3.碱化尿液，可使弱酸性药物经肾排泄时]]></desc><options><option><id>A</id><type>text</type><desc><![CDATA[解离增多、再吸收增多、排出减少]]></desc></option><option><id>B</id><type>text</type><desc><![CDATA[解离减少、再吸收增多、排出增多]]></desc></option><option><id>C</id><type>text</type><desc><![CDATA[解离减少、再吸收减少、排出增多]]></desc></option><option><id>D</id><type>text</type><desc><![CDATA[解离增多、再吸收减少、排出增多]]></desc></option><option><id>E</id><type>text</type><desc><![CDATA[解离增多、再吸收减少、排出减少]]></desc></option></options><answers><![CDATA[D]]></answers></question><question><type>1</type><format>text</format><desc><![CDATA[4.按半衰期为给药间隔时间恒量给药时，血浆药物浓度达到稳态浓度的给药次数是]]></desc><options><option><id>A</id><type>text</type><desc><![CDATA[1次]]></desc></option><option><id>B</id><type>text</type><desc><![CDATA[3次]]></desc></option><option><id>C</id><type>text</type><desc><![CDATA[5次]]></desc></option><option><id>D</id><type>text</type><desc><![CDATA[7次]]></desc></option><option><id>E</id><type>text</type><desc><![CDATA[9次]]></desc></option></options><answers><![CDATA[C]]></answers></question><question><type>1</type><format>text</format><desc><![CDATA[5.药酶诱导剂对药物代谢的影响是]]></desc><options><option><id>A</id><type>text</type><desc><![CDATA[使药物在体内停留时间延长]]></desc></option><option><id>B</id><type>text</type><desc><![CDATA[血药浓度升高]]></desc></option><option><id>C</id><type>text</type><desc><![CDATA[代谢加快]]></desc></option><option><id>D</id><type>text</type><desc><![CDATA[代谢减慢]]></desc></option><option><id>E</id><type>text</type><desc><![CDATA[毒性增大]]></desc></option></options><answers><![CDATA[C]]></answers></question><question><type>1</type><format>html</format><desc><![CDATA[6.对药酶抑制剂的叙述，<u><b>错误</b></u>的是]]></desc><options><option><id>A</id><type>text</type><desc><![CDATA[能抑制药酶活性]]></desc></option><option><id>B</id><type>text</type><desc><![CDATA[减慢其他经肝代谢药物的代谢]]></desc></option><option><id>C</id><type>text</type><desc><![CDATA[使其他药物血药浓度升高]]></desc></option><option><id>D</id><type>text</type><desc><![CDATA[降低其他药物的毒性]]></desc></option><option><id>E</id><type>text</type><desc><![CDATA[异烟肼具有药酶抑制作用]]></desc></option></options><answers><![CDATA[D]]></answers></question><question><type>1</type><format>html</format><desc><![CDATA[7.影响药物分布的因素<u><b>不包括</b></u>]]></desc><options><option><id>A</id><type>text</type><desc><![CDATA[药物与组织的亲和力]]></desc></option><option><id>B</id><type>text</type><desc><![CDATA[吸收环境]]></desc></option><option><id>C</id><type>text</type><desc><![CDATA[体液的pH]]></desc></option><option><id>D</id><type>text</type><desc><![CDATA[血脑屏障]]></desc></option><option><id>E</id><type>text</type><desc><![CDATA[药物与血浆蛋白结合率]]></desc></option></options><answers><![CDATA[B]]></answers></question><question><type>1</type><format>text</format><desc><![CDATA[8.阿司匹林与抗凝血药华法林合用引起出血，是因为阿司匹林影响华法林的]]></desc><options><option><id>A</id><type>text</type><desc><![CDATA[吸收]]></desc></option><option><id>B</id><type>text</type><desc><![CDATA[分布]]></desc></option><option><id>C</id><type>text</type><desc><![CDATA[代谢]]></desc></option><option><id>D</id><type>text</type><desc><![CDATA[排泄]]></desc></option><option><id>E</id><type>text</type><desc><![CDATA[消除]]></desc></option></options><answers><![CDATA[B]]></answers></question><question><type>1</type><format>html</format><desc><![CDATA[9.某药<i>t</i><sub>1/2</sub>为10小时，一次给药后，药物在体内基本消除的时间约为]]></desc><options><option><id>A</id><type>text</type><desc><![CDATA[1天]]></desc></option><option><id>B</id><type>text</type><desc><![CDATA[2天]]></desc></option><option><id>C</id><type>text</type><desc><![CDATA[3天]]></desc></option><option><id>D</id><type>text</type><desc><![CDATA[4天]]></desc></option><option><id>E</id><type>text</type><desc><![CDATA[5天]]></desc></option></options><answers><![CDATA[B]]></answers></question><question><type>1</type><format>text</format><desc><![CDATA[10.为迅速达到稳态血药浓度可采用]]></desc><options><option><id>A</id><type>text</type><desc><![CDATA[每隔半个半衰期给一次剂量]]></desc></option><option><id>B</id><type>text</type><desc><![CDATA[每隔一个半衰期给一次剂量]]></desc></option><option><id>C</id><type>text</type><desc><![CDATA[每隔两个半衰期给一次剂量]]></desc></option><option><id>D</id><type>text</type><desc><![CDATA[首次剂量加1.5倍]]></desc></option><option><id>E</id><type>text</type><desc><![CDATA[首次剂量加倍]]></desc></option></options><answers><![CDATA[E]]></answers></question><question><type>1</type><format>html</format><desc><![CDATA[11.对药物体内排泄的叙述，<u><b>错误</b></u>的是]]></desc><options><option><id>A</id><type>text</type><desc><![CDATA[经肾小球滤过的药物，大部分经肾小管排出]]></desc></option><option><id>B</id><type>text</type><desc><![CDATA[有肠肝循环的药物其排泄减慢]]></desc></option><option><id>C</id><type>text</type><desc><![CDATA[有些药物可经肾小管分泌排出]]></desc></option><option><id>D</id><type>text</type><desc><![CDATA[弱酸性药物在酸性尿液中排出减少]]></desc></option><option><id>E</id><type>text</type><desc><![CDATA[脂溶性药物排出增多]]></desc></option></options><answers><![CDATA[E]]></answers></question><question><type>1</type><format>html</format><desc><![CDATA[12.某药的<i>t</i><sub>1/2</sub>为12小时，按一个<i>t</i><sub>1/2</sub>为给药间隔时间，达坪值的时间应为]]></desc><options><option><id>A</id><type>text</type><desc><![CDATA[1天]]></desc></option><option><id>B</id><type>text</type><desc><![CDATA[1.5天]]></desc></option><option><id>C</id><type>text</type><desc><![CDATA[2.5天]]></desc></option><option><id>D</id><type>text</type><desc><![CDATA[3.5天]]></desc></option><option><id>E</id><type>text</type><desc><![CDATA[4天]]></desc></option></options><answers><![CDATA[C]]></answers></question><question><type>1</type><format>text</format><desc><![CDATA[13．已知某药按一级动力学消除，上午8时测得的血药浓度为100mg/L，晚5时测得的血药浓度为12.5mg/L，该药的半衰期为]]></desc><options><option><id>A</id><type>text</type><desc><![CDATA[2小时]]></desc></option><option><id>B</id><type>text</type><desc><![CDATA[3小时]]></desc></option><option><id>C</id><type>text</type><desc><![CDATA[4小时]]></desc></option><option><id>D</id><type>text</type><desc><![CDATA[5小时]]></desc></option><option><id>E</id><type>text</type><desc><![CDATA[6小时]]></desc></option></options><answers><![CDATA[B]]></answers></question><question><type>1</type><format>html</format><desc><![CDATA[14.对生物利用度的叙述<u><b>错误</b></u>的是]]></desc><options><option><id>A</id><type>text</type><desc><![CDATA[反映药物被机体吸收利用的程度]]></desc></option><option><id>B</id><type>text</type><desc><![CDATA[反映药物消除的速度]]></desc></option><option><id>C</id><type>text</type><desc><![CDATA[反映药物吸收的速度]]></desc></option><option><id>D</id><type>text</type><desc><![CDATA[高则表明药物吸收良好]]></desc></option><option><id>E</id><type>text</type><desc><![CDATA[检验药品质量的指标之一]]></desc></option></options><answers><![CDATA[B]]></answers></question><question><type>1</type><format>text</format><desc><![CDATA[15．硝酸甘油口服后可经门静脉进入肝，再进入体循环的药量约10%左右，说明该药]]></desc><options><option><id>A</id><type>text</type><desc><![CDATA[吸收速度快]]></desc></option><option><id>B</id><type>text</type><desc><![CDATA[分布速度慢]]></desc></option><option><id>C</id><type>text</type><desc><![CDATA[代谢速度慢]]></desc></option><option><id>D</id><type>text</type><desc><![CDATA[排泄速度快]]></desc></option><option><id>E</id><type>text</type><desc><![CDATA[首过消除多]]></desc></option></options><answers><![CDATA[E]]></answers></question><question><type>1</type><format>html</format><desc><![CDATA[16.病人，男性，61岁，心慌、气短、呼吸困难，心率118次/分，口唇紫绀，颈静脉怒张，肝脾肿大，下肢水肿，给予每日0.25mg地高辛治疗。已知地高辛的<i>t</i><sub>1/2</sub>为1.5天，口服吸收率为90%，估计该病人上述症状得到改善的时间是]]></desc><options><option><id>A</id><type>text</type><desc><![CDATA[2天]]></desc></option><option><id>B</id><type>text</type><desc><![CDATA[3天]]></desc></option><option><id>C</id><type>text</type><desc><![CDATA[7天]]></desc></option><option><id>D</id><type>text</type><desc><![CDATA[10天]]></desc></option><option><id>E</id><type>text</type><desc><![CDATA[12天]]></desc></option></options><answers><![CDATA[C]]></answers></question></questions></exam>