﻿<?xml version="1.0" encoding="UTF-8"?><exam><id>20181102105115</id><questions><instructions><![CDATA[一、单项选择题]]></instructions><question><type>1</type><format>html</format><desc><![CDATA[1.吗啡<u><b>不具有</b></u>的药理作用是]]></desc><options><option><id>A</id><type>text</type><desc><![CDATA[抑制呼吸]]></desc></option><option><id>B</id><type>text</type><desc><![CDATA[引起恶心]]></desc></option><option><id>C</id><type>text</type><desc><![CDATA[舒张胆道括约肌]]></desc></option><option><id>D</id><type>text</type><desc><![CDATA[抑制咳嗽]]></desc></option><option><id>E</id><type>text</type><desc><![CDATA[引起体位性低血压]]></desc></option></options><answers><![CDATA[C]]></answers></question><question><type>1</type><format>text</format><desc><![CDATA[2.吗啡的镇痛作用最适于]]></desc><options><option><id>A</id><type>text</type><desc><![CDATA[诊断未明的急腹症]]></desc></option><option><id>B</id><type>text</type><desc><![CDATA[分娩止痛]]></desc></option><option><id>C</id><type>text</type><desc><![CDATA[颅脑外伤的疼痛]]></desc></option><option><id>D</id><type>text</type><desc><![CDATA[其它药物无效的急性锐痛]]></desc></option><option><id>E</id><type>text</type><desc><![CDATA[用于授乳妇女的止痛]]></desc></option></options><answers><![CDATA[D]]></answers></question><question><type>1</type><format>text</format><desc><![CDATA[3.心源性哮喘可选用]]></desc><options><option><id>A</id><type>text</type><desc><![CDATA[肾上腺素]]></desc></option><option><id>B</id><type>text</type><desc><![CDATA[异丙肾上腺素]]></desc></option><option><id>C</id><type>text</type><desc><![CDATA[氢化可的松]]></desc></option><option><id>D</id><type>text</type><desc><![CDATA[吗啡]]></desc></option><option><id>E</id><type>text</type><desc><![CDATA[克伦特罗]]></desc></option></options><answers><![CDATA[D]]></answers></question><question><type>1</type><format>html</format><desc><![CDATA[4.吗啡<u><b>无以下</b></u>的不良反应是]]></desc><options><option><id>A</id><type>text</type><desc><![CDATA[颅内压增高]]></desc></option><option><id>B</id><type>text</type><desc><![CDATA[胆囊内压力明显增高]]></desc></option><option><id>C</id><type>text</type><desc><![CDATA[抑制消化液的分泌]]></desc></option><option><id>D</id><type>text</type><desc><![CDATA[腹泻]]></desc></option><option><id>E</id><type>text</type><desc><![CDATA[恶心、呕吐]]></desc></option></options><answers><![CDATA[D]]></answers></question><question><type>1</type><format>html</format><desc><![CDATA[5.<u><b>不属于</b></u>吗啡禁忌证的是]]></desc><options><option><id>A</id><type>text</type><desc><![CDATA[分娩止痛]]></desc></option><option><id>B</id><type>text</type><desc><![CDATA[支气管哮喘]]></desc></option><option><id>C</id><type>text</type><desc><![CDATA[诊断未明的急腹症]]></desc></option><option><id>D</id><type>text</type><desc><![CDATA[肝功能严重减退病人]]></desc></option><option><id>E</id><type>text</type><desc><![CDATA[心源性哮喘]]></desc></option></options><answers><![CDATA[E]]></answers></question><question><type>1</type><format>text</format><desc><![CDATA[6.临床主要用于镇咳的药物是]]></desc><options><option><id>A</id><type>text</type><desc><![CDATA[安那度]]></desc></option><option><id>B</id><type>text</type><desc><![CDATA[消炎痛]]></desc></option><option><id>C</id><type>text</type><desc><![CDATA[颅通定]]></desc></option><option><id>D</id><type>text</type><desc><![CDATA[哌替啶]]></desc></option><option><id>E</id><type>text</type><desc><![CDATA[可待因]]></desc></option></options><answers><![CDATA[E]]></answers></question><question><type>1</type><format>html</format><desc><![CDATA[7.哌替啶临床应用<u><b>不包括</b></u>]]></desc><options><option><id>A</id><type>text</type><desc><![CDATA[麻醉前给药]]></desc></option><option><id>B</id><type>text</type><desc><![CDATA[人工冬眠]]></desc></option><option><id>C</id><type>text</type><desc><![CDATA[镇痛]]></desc></option><option><id>D</id><type>text</type><desc><![CDATA[止泻]]></desc></option><option><id>E</id><type>text</type><desc><![CDATA[心源性哮喘]]></desc></option></options><answers><![CDATA[D]]></answers></question><question><type>1</type><format>text</format><desc><![CDATA[8.有非成瘾性镇痛药之称的药物是]]></desc><options><option><id>A</id><type>text</type><desc><![CDATA[吗啡]]></desc></option><option><id>B</id><type>text</type><desc><![CDATA[喷他佐辛]]></desc></option><option><id>C</id><type>text</type><desc><![CDATA[颅通定]]></desc></option><option><id>D</id><type>text</type><desc><![CDATA[哌替啶]]></desc></option><option><id>E</id><type>text</type><desc><![CDATA[美沙酮]]></desc></option></options><answers><![CDATA[B]]></answers></question><question><type>1</type><format>text</format><desc><![CDATA[9.病人，男性，30岁。极度消瘦，急诊时已昏迷，查体阳性所见呼吸高度抑制，四肢及臀部多处注射针痕，瞳孔极度缩小，诊断中毒的可能药物是]]></desc><options><option><id>A</id><type>text</type><desc><![CDATA[地西泮]]></desc></option><option><id>B</id><type>text</type><desc><![CDATA[氯丙嗪]]></desc></option><option><id>C</id><type>text</type><desc><![CDATA[吗啡]]></desc></option><option><id>D</id><type>text</type><desc><![CDATA[阿托品]]></desc></option><option><id>E</id><type>text</type><desc><![CDATA[苯巴比妥]]></desc></option></options><answers><![CDATA[C]]></answers></question><question><type>1</type><format>text</format><desc><![CDATA[10.病人，男性，55岁，1小时前因右侧腰背部剧烈疼痛，难以忍受，出冷汗，服颠茄片不见好转，急来院门诊。尿常规检查：可见红细胞。B型超声波检查：肾结石。病人宜用的止痛药是]]></desc><options><option><id>A</id><type>text</type><desc><![CDATA[阿托品]]></desc></option><option><id>B</id><type>text</type><desc><![CDATA[哌替啶]]></desc></option><option><id>C</id><type>text</type><desc><![CDATA[阿托品并用哌替啶]]></desc></option><option><id>D</id><type>text</type><desc><![CDATA[吗啡]]></desc></option><option><id>E</id><type>text</type><desc><![CDATA[阿托品并用吗啡]]></desc></option></options><answers><![CDATA[C]]></answers></question><question><type>1</type><format>text</format><desc><![CDATA[11.病人，男性，53岁。2周前因突发心前区压榨样疼痛而入院，经心电图检查诊断为急性前壁心肌梗死，治疗后病情较平稳。1天前夜间突然发作剧烈咳嗽，并伴以憋气而醒转。病人平卧时感到气急难忍，不得不采取坐位，且咳出粉红色泡沫样痰。诊断：急性左心衰。除给予吸氧及强心、利尿、扩血管等治疗外，还可选用的有效药物是]]></desc><options><option><id>A</id><type>text</type><desc><![CDATA[罗通定]]></desc></option><option><id>B</id><type>text</type><desc><![CDATA[哌替啶]]></desc></option><option><id>C</id><type>text</type><desc><![CDATA[吲哚美辛]]></desc></option><option><id>D</id><type>text</type><desc><![CDATA[吗啡]]></desc></option><option><id>E</id><type>text</type><desc><![CDATA[烯丙吗啡]]></desc></option></options><answers><![CDATA[D]]></answers></question><question><type>1</type><format>text</format><desc><![CDATA[12.病人，男性，20岁。运动员，骨折急诊入院，医生皮下注射吗啡10mg，为加强镇痛效果，30分钟后又静脉注射另一镇痛药60mg，结果病人反而很快又疼起来了，静脉注射另一镇痛药可能是]]></desc><options><option><id>A</id><type>text</type><desc><![CDATA[喷他佐辛]]></desc></option><option><id>B</id><type>text</type><desc><![CDATA[美沙酮]]></desc></option><option><id>C</id><type>text</type><desc><![CDATA[罗痛定]]></desc></option><option><id>D</id><type>text</type><desc><![CDATA[芬太尼]]></desc></option><option><id>E</id><type>text</type><desc><![CDATA[哌替啶]]></desc></option></options><answers><![CDATA[A]]></answers></question><question><type>1</type><format>text</format><desc><![CDATA[13.病人，女性，30岁。晚上月经期腹胀、疼痛难忍，难以入睡，应考虑选用的药物是]]></desc><options><option><id>A</id><type>text</type><desc><![CDATA[可待因]]></desc></option><option><id>B</id><type>text</type><desc><![CDATA[阿司匹林]]></desc></option><option><id>C</id><type>text</type><desc><![CDATA[吗啡]]></desc></option><option><id>D</id><type>text</type><desc><![CDATA[哌替啶]]></desc></option><option><id>E</id><type>text</type><desc><![CDATA[罗通定]]></desc></option></options><answers><![CDATA[E]]></answers></question></questions></exam>