﻿<?xml version="1.0" encoding="UTF-8"?><exam><id>20181102132342</id><questions><instructions><![CDATA[一、单项选择题]]></instructions><question><type>1</type><format>text</format><desc><![CDATA[1.对各部位各类型结核病均为首选的药物是]]></desc><options><option><id>A</id><type>text</type><desc><![CDATA[链霉素]]></desc></option><option><id>B</id><type>text</type><desc><![CDATA[利福平]]></desc></option><option><id>C</id><type>text</type><desc><![CDATA[异烟肼]]></desc></option><option><id>D</id><type>text</type><desc><![CDATA[乙胺丁醇]]></desc></option><option><id>E</id><type>text</type><desc><![CDATA[吡嗪酰胺]]></desc></option></options><answers><![CDATA[C]]></answers></question><question><type>1</type><format>html</format><desc><![CDATA[2.应用异烟肼时，常合用维生素B<sub>6</sub>的目的是]]></desc><options><option><id>A</id><type>text</type><desc><![CDATA[增强疗效]]></desc></option><option><id>B</id><type>text</type><desc><![CDATA[预防周围神经炎]]></desc></option><option><id>C</id><type>text</type><desc><![CDATA[延缓耐药性产生]]></desc></option><option><id>D</id><type>text</type><desc><![CDATA[减轻肝损害]]></desc></option><option><id>E</id><type>text</type><desc><![CDATA[预防过敏反应]]></desc></option></options><answers><![CDATA[B]]></answers></question><question><type>1</type><format>text</format><desc><![CDATA[3.有癫痫或精神病史的结核病病人慎用]]></desc><options><option><id>A</id><type>text</type><desc><![CDATA[利福平]]></desc></option><option><id>B</id><type>text</type><desc><![CDATA[吡嗪酰胺]]></desc></option><option><id>C</id><type>text</type><desc><![CDATA[乙胺丁醇]]></desc></option><option><id>D</id><type>text</type><desc><![CDATA[异烟肼]]></desc></option><option><id>E</id><type>text</type><desc><![CDATA[对氨基水杨酸钠]]></desc></option></options><answers><![CDATA[D]]></answers></question><question><type>1</type><format>text</format><desc><![CDATA[4.异烟肼长期大剂量应用易引起]]></desc><options><option><id>A</id><type>text</type><desc><![CDATA[恶性贫血]]></desc></option><option><id>B</id><type>text</type><desc><![CDATA[维生素B<sub>1</sub>缺乏]]></desc></option><option><id>C</id><type>text</type><desc><![CDATA[耳聋]]></desc></option><option><id>D</id><type>text</type><desc><![CDATA[周围神经炎]]></desc></option><option><id>E</id><type>text</type><desc><![CDATA[肾功能损害]]></desc></option></options><answers><![CDATA[D]]></answers></question><question><type>1</type><format>text</format><desc><![CDATA[5.初治肺结核病人短程化疗中应包括的两种药物是]]></desc><options><option><id>A</id><type>text</type><desc><![CDATA[异烟肼和链霉素]]></desc></option><option><id>B</id><type>text</type><desc><![CDATA[异烟肼和利福平]]></desc></option><option><id>C</id><type>text</type><desc><![CDATA[异烟肼和乙胺丁醇]]></desc></option><option><id>D</id><type>text</type><desc><![CDATA[利福平和链霉素]]></desc></option><option><id>E</id><type>text</type><desc><![CDATA[利福平和吡嗪酰胺]]></desc></option></options><answers><![CDATA[B]]></answers></question><question><type>1</type><format>text</format><desc><![CDATA[6.异烟肼与利福平合用易造成]]></desc><options><option><id>A</id><type>text</type><desc><![CDATA[胃肠道反应加剧]]></desc></option><option><id>B</id><type>text</type><desc><![CDATA[增强肝毒性]]></desc></option><option><id>C</id><type>text</type><desc><![CDATA[增加中枢损害]]></desc></option><option><id>D</id><type>text</type><desc><![CDATA[过敏反应]]></desc></option><option><id>E</id><type>text</type><desc><![CDATA[血液系统损害]]></desc></option></options><answers><![CDATA[B]]></answers></question><question><type>1</type><format>html</format><desc><![CDATA[7.下列关于利福平叙述<u><b>错误</b></u>的是]]></desc><options><option><id>A</id><type>text</type><desc><![CDATA[人工合成的口服广谱抗菌药]]></desc></option><option><id>B</id><type>text</type><desc><![CDATA[因食物可影响其吸收，应空腹服用]]></desc></option><option><id>C</id><type>text</type><desc><![CDATA[只对结核菌有效]]></desc></option><option><id>D</id><type>text</type><desc><![CDATA[代谢物可使尿、粪、泪液、痰液和汗液染成橘红色]]></desc></option><option><id>E</id><type>text</type><desc><![CDATA[可引起肝损害]]></desc></option></options><answers><![CDATA[C]]></answers></question><question><type>1</type><format>text</format><desc><![CDATA[8.可引起球后视神经炎的抗结核病药是]]></desc><options><option><id>A</id><type>text</type><desc><![CDATA[利福平]]></desc></option><option><id>B</id><type>text</type><desc><![CDATA[链霉素]]></desc></option><option><id>C</id><type>text</type><desc><![CDATA[异烟肼]]></desc></option><option><id>D</id><type>text</type><desc><![CDATA[乙胺丁醇]]></desc></option><option><id>E</id><type>text</type><desc><![CDATA[吡嗪酰胺]]></desc></option></options><answers><![CDATA[D]]></answers></question><question><type>1</type><format>text</format><desc><![CDATA[9.对氨基水杨酸钠的突出优点是]]></desc><options><option><id>A</id><type>text</type><desc><![CDATA[抗菌力强]]></desc></option><option><id>B</id><type>text</type><desc><![CDATA[穿透力强]]></desc></option><option><id>C</id><type>text</type><desc><![CDATA[抗菌谱广]]></desc></option><option><id>D</id><type>text</type><desc><![CDATA[耐药性产生较慢]]></desc></option><option><id>E</id><type>text</type><desc><![CDATA[肝损害较小]]></desc></option></options><answers><![CDATA[D]]></answers></question><question><type>1</type><format>html</format><desc><![CDATA[10.结核病化疗的原则<u><b>不包括</b></u>]]></desc><options><option><id>A</id><type>text</type><desc><![CDATA[早期用药]]></desc></option><option><id>B</id><type>text</type><desc><![CDATA[联合用药]]></desc></option><option><id>C</id><type>text</type><desc><![CDATA[全程用药]]></desc></option><option><id>D</id><type>text</type><desc><![CDATA[规律用药]]></desc></option><option><id>E</id><type>text</type><desc><![CDATA[间歇用药]]></desc></option></options><answers><![CDATA[E]]></answers></question></questions></exam>