﻿<?xml version="1.0" encoding="UTF-8"?><exam><id>20181102105357</id><questions><instructions><![CDATA[一、单项选择题]]></instructions><question><type>1</type><format>text</format><desc><![CDATA[1.解热镇痛药解热作用特点是]]></desc><options><option><id>A</id><type>text</type><desc><![CDATA[能使正常人体温降到正常以下]]></desc></option><option><id>B</id><type>text</type><desc><![CDATA[能使发热病人体温降到正常以下]]></desc></option><option><id>C</id><type>text</type><desc><![CDATA[能使发热病人体温降到正常水平]]></desc></option><option><id>D</id><type>text</type><desc><![CDATA[必须配合物理降温措施]]></desc></option><option><id>E</id><type>text</type><desc><![CDATA[配合物理降温，能将体温降至正常以下]]></desc></option></options><answers><![CDATA[C]]></answers></question><question><type>1</type><format>html</format><desc><![CDATA[2.阿司匹林<u><b>不具有</b></u>下列哪项作用]]></desc><options><option><id>A</id><type>text</type><desc><![CDATA[解热]]></desc></option><option><id>B</id><type>text</type><desc><![CDATA[镇痛]]></desc></option><option><id>C</id><type>text</type><desc><![CDATA[抗炎抗风湿]]></desc></option><option><id>D</id><type>text</type><desc><![CDATA[抑制血小板聚集]]></desc></option><option><id>E</id><type>text</type><desc><![CDATA[直接抑制体温调解中枢]]></desc></option></options><answers><![CDATA[E]]></answers></question><question><type>1</type><format>text</format><desc><![CDATA[3.预防心肌梗死可用的药物是]]></desc><options><option><id>A</id><type>text</type><desc><![CDATA[消炎痛]]></desc></option><option><id>B</id><type>text</type><desc><![CDATA[阿司匹林]]></desc></option><option><id>C</id><type>text</type><desc><![CDATA[醋氨酚]]></desc></option><option><id>D</id><type>text</type><desc><![CDATA[保泰松]]></desc></option><option><id>E</id><type>text</type><desc><![CDATA[萘普生]]></desc></option></options><answers><![CDATA[B]]></answers></question><question><type>1</type><format>html</format><desc><![CDATA[4.关于阿司匹林的不良反应，<u><b>错误</b></u>的叙述是]]></desc><options><option><id>A</id><type>text</type><desc><![CDATA[胃肠道反应最为常见]]></desc></option><option><id>B</id><type>text</type><desc><![CDATA[凝血障碍，术前1周应停用]]></desc></option><option><id>C</id><type>text</type><desc><![CDATA[过敏反应，哮喘、慢性荨麻疹病人不宜用]]></desc></option><option><id>D</id><type>text</type><desc><![CDATA[水钠潴留引起局部水肿]]></desc></option><option><id>E</id><type>text</type><desc><![CDATA[水杨酸反应是中毒反应]]></desc></option></options><answers><![CDATA[D]]></answers></question><question><type>1</type><format>text</format><desc><![CDATA[5.可引起瑞夷综合征的药物是]]></desc><options><option><id>A</id><type>text</type><desc><![CDATA[阿司匹林]]></desc></option><option><id>B</id><type>text</type><desc><![CDATA[对乙酰氨基酚]]></desc></option><option><id>C</id><type>text</type><desc><![CDATA[布洛芬]]></desc></option><option><id>D</id><type>text</type><desc><![CDATA[塞来昔布]]></desc></option><option><id>E</id><type>text</type><desc><![CDATA[吲哚美辛]]></desc></option></options><answers><![CDATA[A]]></answers></question><question><type>1</type><format>text</format><desc><![CDATA[6.治疗阿司匹林过量引起的水杨酸反应，最有效的措施是静脉滴注]]></desc><options><option><id>A</id><type>text</type><desc><![CDATA[生理盐水]]></desc></option><option><id>B</id><type>text</type><desc><![CDATA[碳酸氢钠]]></desc></option><option><id>C</id><type>text</type><desc><![CDATA[甘露醇]]></desc></option><option><id>D</id><type>text</type><desc><![CDATA[呋塞米]]></desc></option><option><id>E</id><type>text</type><desc><![CDATA[氯化铵]]></desc></option></options><answers><![CDATA[B]]></answers></question><question><type>1</type><format>html</format><desc><![CDATA[7.<u><b>无</b></u>抗炎抗风湿作用的药物是]]></desc><options><option><id>A</id><type>text</type><desc><![CDATA[阿司匹林]]></desc></option><option><id>B</id><type>text</type><desc><![CDATA[保泰松]]></desc></option><option><id>C</id><type>text</type><desc><![CDATA[对乙酰氨基酚]]></desc></option><option><id>D</id><type>text</type><desc><![CDATA[吲哚美辛]]></desc></option><option><id>E</id><type>text</type><desc><![CDATA[布洛芬]]></desc></option></options><answers><![CDATA[C]]></answers></question><question><type>1</type><format>text</format><desc><![CDATA[8.属于选择性环氧合酶-2抑制剂的是]]></desc><options><option><id>A</id><type>text</type><desc><![CDATA[吡罗昔康]]></desc></option><option><id>B</id><type>text</type><desc><![CDATA[双氯芬酸]]></desc></option><option><id>C</id><type>text</type><desc><![CDATA[布洛芬]]></desc></option><option><id>D</id><type>text</type><desc><![CDATA[塞来昔布]]></desc></option><option><id>E</id><type>text</type><desc><![CDATA[吲哚美辛]]></desc></option></options><answers><![CDATA[D]]></answers></question><question><type>1</type><format>text</format><desc><![CDATA[9.病人，女性，40岁。半个月前无明显诱因出现腰痛，活动更甚，5天后腰疼缓解，痛及双膝关节，后渐发展至双肘关节、腕关节、双踝关节，呈游走性，疼痛关节活动不利，诊断为风湿性关节炎。治疗药物首选]]></desc><options><option><id>A</id><type>text</type><desc><![CDATA[扑热息痛]]></desc></option><option><id>B</id><type>text</type><desc><![CDATA[阿司匹林]]></desc></option><option><id>C</id><type>text</type><desc><![CDATA[保泰松]]></desc></option><option><id>D</id><type>text</type><desc><![CDATA[布洛芬]]></desc></option><option><id>E</id><type>text</type><desc><![CDATA[吲哚美辛]]></desc></option></options><answers><![CDATA[B]]></answers></question><question><type>1</type><format>text</format><desc><![CDATA[10.病人，男性，32岁，患有溃疡病。近期因感冒，引起头痛、发热，最好选用]]></desc><options><option><id>A</id><type>text</type><desc><![CDATA[扑热息痛]]></desc></option><option><id>B</id><type>text</type><desc><![CDATA[阿司匹林]]></desc></option><option><id>C</id><type>text</type><desc><![CDATA[保泰松]]></desc></option><option><id>D</id><type>text</type><desc><![CDATA[双氯芬酸]]></desc></option><option><id>E</id><type>text</type><desc><![CDATA[吲哚美辛]]></desc></option></options><answers><![CDATA[A]]></answers></question><question><type>1</type><format>text</format><desc><![CDATA[11.病人，女性，34岁。患有类风湿性关节炎，长期大量服用阿司匹林，引起牙龈出血，应选用治疗的药物是]]></desc><options><option><id>A</id><type>text</type><desc><![CDATA[维生素C]]></desc></option><option><id>B</id><type>text</type><desc><![CDATA[维生素K]]></desc></option><option><id>C</id><type>text</type><desc><![CDATA[维生素B<sub>12</sub>]]></desc></option><option><id>D</id><type>text</type><desc><![CDATA[维生素A]]></desc></option><option><id>E</id><type>text</type><desc><![CDATA[维生素E]]></desc></option></options><answers><![CDATA[B]]></answers></question><question><type>1</type><format>text</format><desc><![CDATA[12.病人，女性，39岁，有哮喘病史。1天前因发热服用阿司匹林250mg，用药后30分钟哮喘严重发作，大汗，发绀，强迫坐位。说法正确的是]]></desc><options><option><id>A</id><type>text</type><desc><![CDATA[由于发热引发了哮喘]]></desc></option><option><id>B</id><type>text</type><desc><![CDATA[由于阿司匹林诱发了哮喘]]></desc></option><option><id>C</id><type>text</type><desc><![CDATA[由于阿司匹林中毒出现的症状]]></desc></option><option><id>D</id><type>text</type><desc><![CDATA[用肾上腺素治疗哮喘]]></desc></option><option><id>E</id><type>text</type><desc><![CDATA[以抗原-抗体反应为基础的过敏反应]]></desc></option></options><answers><![CDATA[B]]></answers></question></questions></exam>