﻿<?xml version="1.0" encoding="UTF-8"?><exam><id>20181024215139</id><questions><instructions><![CDATA[A1型题]]></instructions><question><type>1</type><format>html</format><desc><![CDATA[1.急危重症护理的范畴<u><b>不包括</b></u>以下]]></desc><options><option><id>A</id><type>text</type><desc><![CDATA[院前急救]]></desc></option><option><id>B</id><type>text</type><desc><![CDATA[急诊科救护]]></desc></option><option><id>C</id><type>text</type><desc><![CDATA[慢性病控制]]></desc></option><option><id>D</id><type>text</type><desc><![CDATA[ICU监护]]></desc></option><option><id>E</id><type>text</type><desc><![CDATA[灾难救护]]></desc></option></options><answers><![CDATA[C]]></answers></question><question><type>1</type><format>text</format><desc><![CDATA[2.急诊医疗服务体系在概念上强调急诊的]]></desc><options><option><id>A</id><type>text</type><desc><![CDATA[即刻性、连续性、层次性和系统性]]></desc></option><option><id>B</id><type>text</type><desc><![CDATA[紧急性、连续性、层次性和系统性]]></desc></option><option><id>C</id><type>text</type><desc><![CDATA[即刻性、分段性、层次性和系统性]]></desc></option><option><id>D</id><type>text</type><desc><![CDATA[即刻性、连续性、整体性和系统性]]></desc></option><option><id>E</id><type>text</type><desc><![CDATA[即刻性、连续性、层次性和多学科性]]></desc></option></options><answers><![CDATA[A]]></answers></question></questions></exam>