{"_ZVING_RESULT":"[{\"id\":\"48639846\",\"pid\":\"0\",\"name\":\"第一章 绪论\",\"level\":\"0\",\"code\":\"48639845\",\"directorycode\":\"1\",\"directorytype\":\"body\"},{\"id\":\"48639848\",\"pid\":\"0\",\"name\":\"第二章 细胞的基本功能\",\"level\":\"0\",\"code\":\"48639847\",\"directorycode\":\"2\",\"directorytype\":\"body\"},{\"id\":\"48639850\",\"pid\":\"0\",\"name\":\"第三章 血液\",\"level\":\"0\",\"code\":\"48639849\",\"directorycode\":\"3\",\"directorytype\":\"body\"},{\"id\":\"48639852\",\"pid\":\"0\",\"name\":\"第四章 血液循环\",\"level\":\"0\",\"code\":\"48639851\",\"directorycode\":\"4\",\"directorytype\":\"body\"},{\"id\":\"48639854\",\"pid\":\"0\",\"name\":\"第五章 呼吸\",\"level\":\"0\",\"code\":\"48639853\",\"directorycode\":\"5\",\"directorytype\":\"body\"},{\"id\":\"48639856\",\"pid\":\"0\",\"name\":\"第六章 消化和吸收\",\"level\":\"0\",\"code\":\"48639855\",\"directorycode\":\"6\",\"directorytype\":\"body\"},{\"id\":\"48639858\",\"pid\":\"0\",\"name\":\"第七章 能量代谢与体温\",\"level\":\"0\",\"code\":\"48639857\",\"directorycode\":\"7\",\"directorytype\":\"body\"},{\"id\":\"48639860\",\"pid\":\"0\",\"name\":\"第八章 尿的生成与排出\",\"level\":\"0\",\"code\":\"48639859\",\"directorycode\":\"8\",\"directorytype\":\"body\"},{\"id\":\"48639862\",\"pid\":\"0\",\"name\":\"第九章 感觉器官\",\"level\":\"0\",\"code\":\"48639861\",\"directorycode\":\"9\",\"directorytype\":\"body\"},{\"id\":\"48639864\",\"pid\":\"0\",\"name\":\"第十章 神经系统\",\"level\":\"0\",\"code\":\"48639863\",\"directorycode\":\"10\",\"directorytype\":\"body\"},{\"id\":\"48639866\",\"pid\":\"0\",\"name\":\"第十一章 内分泌\",\"level\":\"0\",\"code\":\"48639865\",\"directorycode\":\"11\",\"directorytype\":\"body\"},{\"id\":\"48639868\",\"pid\":\"0\",\"name\":\"第十二章 生殖\",\"level\":\"0\",\"code\":\"48639867\",\"directorycode\":\"12\",\"directorytype\":\"body\"},{\"id\":\"48639870\",\"pid\":\"0\",\"name\":\"教学大纲\",\"level\":\"0\",\"code\":\"48639869\",\"directorycode\":\"13\",\"directorytype\":\"body\"}]","_ZVING_STATUS":"OK"}