﻿<?xml version="1.0" encoding="UTF-8"?><exam><id>20180929094413</id><questions><instructions><![CDATA[A1型题]]></instructions><question><type>1</type><format>text</format><desc><![CDATA[1.人体生理学是研究]]></desc><options><option><id>A</id><type>text</type><desc><![CDATA[人体物理变化的规律]]></desc></option><option><id>B</id><type>text</type><desc><![CDATA[人体化学变化的规律]]></desc></option><option><id>C</id><type>text</type><desc><![CDATA[正常人体功能活动及其规律]]></desc></option><option><id>D</id><type>text</type><desc><![CDATA[异常人体功能活动的规律]]></desc></option><option><id>E</id><type>text</type><desc><![CDATA[人体生命的表现]]></desc></option></options><answers><![CDATA[C]]></answers><keypoints><![CDATA[解析：生理学是生物科学的分支，是研究生物体及其各个组成部分正常功能活动规律的一门科学。生物体是指自然界中包括人体在内的一切有生命的个体。]]></keypoints></question><question><type>1</type><format>text</format><desc><![CDATA[2.机体中细胞生活的内环境是指]]></desc><options><option><id>A</id><type>text</type><desc><![CDATA[细胞外液]]></desc></option><option><id>B</id><type>text</type><desc><![CDATA[细胞内液]]></desc></option><option><id>C</id><type>text</type><desc><![CDATA[脑脊液]]></desc></option><option><id>D</id><type>text</type><desc><![CDATA[组织液]]></desc></option><option><id>E</id><type>text</type><desc><![CDATA[血液]]></desc></option></options><answers><![CDATA[A]]></answers><keypoints><![CDATA[解析：细胞外液是细胞直接生活的液体环境，称为内环境即，包括血浆，组织液，淋巴液，各种腔室液等。]]></keypoints></question><question><type>1</type><format>text</format><desc><![CDATA[3.能比较迅速反映内环境变动状况的体液是]]></desc><options><option><id>A</id><type>text</type><desc><![CDATA[脑脊液]]></desc></option><option><id>B</id><type>text</type><desc><![CDATA[血浆]]></desc></option><option><id>C</id><type>text</type><desc><![CDATA[尿液]]></desc></option><option><id>D</id><type>text</type><desc><![CDATA[淋巴液]]></desc></option><option><id>E</id><type>text</type><desc><![CDATA[细胞内液]]></desc></option></options><answers><![CDATA[B]]></answers></question><question><type>1</type><format>text</format><desc><![CDATA[4.家兔，雄性，体重2.0kg，20%氨基甲酸乙酯麻醉，剂量1g/kg。切开腹壁找到膀胱，两侧输尿管插管，收集尿液观察影响尿生成的因素。这种实验方法属于]]></desc><options><option><id>A</id><type>text</type><desc><![CDATA[整体实验]]></desc></option><option><id>B</id><type>text</type><desc><![CDATA[离体实验]]></desc></option><option><id>C</id><type>text</type><desc><![CDATA[在体慢性实验]]></desc></option><option><id>D</id><type>text</type><desc><![CDATA[在体急性实验]]></desc></option><option><id>E</id><type>text</type><desc><![CDATA[临床实验]]></desc></option></options><answers><![CDATA[D]]></answers><keypoints><![CDATA[解析：该实验是在动物麻醉状态下，直接在动物身上通过手术暴露出要观察的组织器官的实验，周期较短，属于与在体急性实验。]]></keypoints></question><question><type>1</type><format>text</format><desc><![CDATA[5.衡量组织兴奋性的指标是]]></desc><options><option><id>A</id><type>text</type><desc><![CDATA[阈上刺激]]></desc></option><option><id>B</id><type>text</type><desc><![CDATA[阈下刺激]]></desc></option><option><id>C</id><type>text</type><desc><![CDATA[静息电位]]></desc></option><option><id>D</id><type>text</type><desc><![CDATA[阈强度]]></desc></option><option><id>E</id><type>text</type><desc><![CDATA[动作电位]]></desc></option></options><answers><![CDATA[D]]></answers><keypoints><![CDATA[解析：阈强度通常可作为衡量细胞兴奋性高低的指标，它与兴奋性呈反变关系，即阈强度大说明细胞的兴奋性低，阈强度小说明细胞的兴奋性高。]]></keypoints></question><question><type>1</type><format>text</format><desc><![CDATA[6.生命的基本特征是]]></desc><options><option><id>A</id><type>text</type><desc><![CDATA[兴奋性]]></desc></option><option><id>B</id><type>text</type><desc><![CDATA[适应性]]></desc></option><option><id>C</id><type>text</type><desc><![CDATA[生长发育]]></desc></option><option><id>D</id><type>text</type><desc><![CDATA[新陈代谢]]></desc></option><option><id>E</id><type>text</type><desc><![CDATA[生殖]]></desc></option></options><answers><![CDATA[D]]></answers><keypoints><![CDATA[解析：生命的基本特征有：新陈代谢，兴奋性，生殖。新陈代谢是生命活动的最基本特征，机体的一切生命活动都是在新陈代谢的基础上实现的，新陈代谢一旦停止，生命也就随之终结。]]></keypoints></question><question><type>1</type><format>text</format><desc><![CDATA[7.神经调节的基本方式是]]></desc><options><option><id>A</id><type>text</type><desc><![CDATA[反射]]></desc></option><option><id>B</id><type>text</type><desc><![CDATA[反馈]]></desc></option><option><id>C</id><type>text</type><desc><![CDATA[非条件反射]]></desc></option><option><id>D</id><type>text</type><desc><![CDATA[条件反射]]></desc></option><option><id>E</id><type>text</type><desc><![CDATA[反应]]></desc></option></options><answers><![CDATA[A]]></answers><keypoints><![CDATA[解析：体内存在三种调节机制：神经调节、体液调节、自身调节。其中神经调节是机体功能的主要调节方式，其调节的基本方式是反射。]]></keypoints></question><question><type>1</type><format>text</format><desc><![CDATA[8.条件反射的特征是]]></desc><options><option><id>A</id><type>text</type><desc><![CDATA[遗传获得]]></desc></option><option><id>B</id><type>text</type><desc><![CDATA[属于负反馈]]></desc></option><option><id>C</id><type>text</type><desc><![CDATA[数量较少]]></desc></option><option><id>D</id><type>text</type><desc><![CDATA[后天获得]]></desc></option><option><id>E</id><type>text</type><desc><![CDATA[属于正反馈]]></desc></option></options><answers><![CDATA[D]]></answers></question><question><type>1</type><format>html</format><desc><![CDATA[9.下列哪项<u><b>不属于</b></u>反射弧的环节]]></desc><options><option><id>A</id><type>text</type><desc><![CDATA[突触]]></desc></option><option><id>B</id><type>text</type><desc><![CDATA[传入神经与传出神经]]></desc></option><option><id>C</id><type>text</type><desc><![CDATA[感受器]]></desc></option><option><id>D</id><type>text</type><desc><![CDATA[中枢]]></desc></option><option><id>E</id><type>text</type><desc><![CDATA[效应器]]></desc></option></options><answers><![CDATA[A]]></answers><keypoints><![CDATA[解析：反射活动的结构基础是反射弧，由感受器、传入神经、反射中枢、传出神经和效应器五个部分组成。]]></keypoints></question><question><type>1</type><format>text</format><desc><![CDATA[10.下列属于正反馈调节的是]]></desc><options><option><id>A</id><type>text</type><desc><![CDATA[减压反射]]></desc></option><option><id>B</id><type>text</type><desc><![CDATA[排尿反射]]></desc></option><option><id>C</id><type>text</type><desc><![CDATA[体温调节]]></desc></option><option><id>D</id><type>text</type><desc><![CDATA[血糖浓度调节]]></desc></option><option><id>E</id><type>text</type><desc><![CDATA[血压调节]]></desc></option></options><answers><![CDATA[B]]></answers></question></questions></exam>