﻿<?xml version="1.0" encoding="UTF-8"?><exam><id>20180929093716</id><questions><instructions><![CDATA[A1型题]]></instructions><question><type>1</type><format>text</format><desc><![CDATA[1.血细胞比容是指血细胞]]></desc><options><option><id>A</id><type>text</type><desc><![CDATA[与血浆容积之比]]></desc></option><option><id>B</id><type>text</type><desc><![CDATA[与血清容积之比]]></desc></option><option><id>C</id><type>text</type><desc><![CDATA[在全血中所占的浓度百分比]]></desc></option><option><id>D</id><type>text</type><desc><![CDATA[在全血中所占的容积百分比]]></desc></option><option><id>E</id><type>text</type><desc><![CDATA[在全血中所占的重量百分比]]></desc></option></options><answers><![CDATA[D]]></answers></question><question><type>1</type><format>html</format><desc><![CDATA[2.下列哪项<u><b>不是</b></u>血浆蛋白的生理功能]]></desc><options><option><id>A</id><type>text</type><desc><![CDATA[缓冲血浆酸碱变化]]></desc></option><option><id>B</id><type>text</type><desc><![CDATA[运输O<sub>2</sub>和CO<sub>2</sub>]]></desc></option><option><id>C</id><type>text</type><desc><![CDATA[参与血液凝固]]></desc></option><option><id>D</id><type>text</type><desc><![CDATA[参与机体的免疫功能]]></desc></option><option><id>E</id><type>text</type><desc><![CDATA[形成血浆胶体渗透压]]></desc></option></options><answers><![CDATA[B]]></answers></question><question><type>1</type><format>text</format><desc><![CDATA[3.维持血细胞正常形态的因素是]]></desc><options><option><id>A</id><type>text</type><desc><![CDATA[细胞内液K<sup>+</sup>的浓度]]></desc></option><option><id>B</id><type>text</type><desc><![CDATA[血浆晶体渗透压]]></desc></option><option><id>C</id><type>text</type><desc><![CDATA[血浆Na<sup>+</sup>的浓度]]></desc></option><option><id>D</id><type>text</type><desc><![CDATA[血浆胶体渗透压]]></desc></option><option><id>E</id><type>text</type><desc><![CDATA[血浆Cl<sup>-</sup>的浓度]]></desc></option></options><answers><![CDATA[B]]></answers></question><question><type>1</type><format>text</format><desc><![CDATA[4.血浆胶体渗透压的生理作用是]]></desc><options><option><id>A</id><type>text</type><desc><![CDATA[调节血管内外水的平衡]]></desc></option><option><id>B</id><type>text</type><desc><![CDATA[调节细胞内外水的平衡]]></desc></option><option><id>C</id><type>text</type><desc><![CDATA[维持血细胞正常形态]]></desc></option><option><id>D</id><type>text</type><desc><![CDATA[预防溶血现象的发生]]></desc></option><option><id>E</id><type>text</type><desc><![CDATA[决定血浆总渗透压]]></desc></option></options><answers><![CDATA[A]]></answers></question><question><type>1</type><format>text</format><desc><![CDATA[5.将红细胞沉降率快者的红细胞置于正常人的血浆中，其红细胞沉降率将]]></desc><options><option><id>A</id><type>text</type><desc><![CDATA[增快]]></desc></option><option><id>B</id><type>text</type><desc><![CDATA[减慢]]></desc></option><option><id>C</id><type>text</type><desc><![CDATA[正常]]></desc></option><option><id>D</id><type>text</type><desc><![CDATA[无变化]]></desc></option><option><id>E</id><type>text</type><desc><![CDATA[无法测定]]></desc></option></options><answers><![CDATA[C]]></answers></question><question><type>1</type><format>text</format><desc><![CDATA[6.机体内缺铁时，可引起]]></desc><options><option><id>A</id><type>text</type><desc><![CDATA[再生障碍性贫血]]></desc></option><option><id>B</id><type>text</type><desc><![CDATA[溶血性贫血]]></desc></option><option><id>C</id><type>text</type><desc><![CDATA[小细胞低色素性贫血]]></desc></option><option><id>D</id><type>text</type><desc><![CDATA[巨幼红细胞性贫血]]></desc></option><option><id>E</id><type>text</type><desc><![CDATA[继发性贫血]]></desc></option></options><answers><![CDATA[C]]></answers></question><question><type>1</type><format>text</format><desc><![CDATA[7.巨幼红细胞性贫血是由于人体内缺乏]]></desc><options><option><id>A</id><type>text</type><desc><![CDATA[雄激素]]></desc></option><option><id>B</id><type>text</type><desc><![CDATA[铁和蛋白质]]></desc></option><option><id>C</id><type>text</type><desc><![CDATA[维生素B<sub>12</sub>或叶酸或内因子]]></desc></option><option><id>D</id><type>text</type><desc><![CDATA[促红细胞生成素]]></desc></option><option><id>E</id><type>text</type><desc><![CDATA[维生素K]]></desc></option></options><answers><![CDATA[C]]></answers></question><question><type>1</type><format>text</format><desc><![CDATA[8.促红细胞生成素主要由哪个器官合成]]></desc><options><option><id>A</id><type>text</type><desc><![CDATA[心]]></desc></option><option><id>B</id><type>text</type><desc><![CDATA[肺]]></desc></option><option><id>C</id><type>text</type><desc><![CDATA[肝]]></desc></option><option><id>D</id><type>text</type><desc><![CDATA[肾]]></desc></option><option><id>E</id><type>text</type><desc><![CDATA[胃]]></desc></option></options><answers><![CDATA[D]]></answers></question><question><type>1</type><format>text</format><desc><![CDATA[9.能加工处理并呈递抗原，诱导特异性免疫应答的白细胞是]]></desc><options><option><id>A</id><type>text</type><desc><![CDATA[淋巴细胞]]></desc></option><option><id>B</id><type>text</type><desc><![CDATA[血小板]]></desc></option><option><id>C</id><type>text</type><desc><![CDATA[单核细胞]]></desc></option><option><id>D</id><type>text</type><desc><![CDATA[嗜酸性粒细胞]]></desc></option><option><id>E</id><type>text</type><desc><![CDATA[中性粒细胞]]></desc></option></options><answers><![CDATA[C]]></answers></question><question><type>1</type><format>text</format><desc><![CDATA[10.当外周血中血小板数值低于下列哪一数值时，易发生皮肤和黏膜出血]]></desc><options><option><id>A</id><type>text</type><desc><![CDATA[5万/μl（50×10<sup>9</sup>/L）]]></desc></option><option><id>B</id><type>text</type><desc><![CDATA[10万/μl（100×10<sup>9</sup>/L）]]></desc></option><option><id>C</id><type>text</type><desc><![CDATA[15万/μl（150×10<sup>9</sup>/L）]]></desc></option><option><id>D</id><type>text</type><desc><![CDATA[20万/μl（200×10<sup>9</sup>/L）]]></desc></option><option><id>E</id><type>text</type><desc><![CDATA[25万/μl（250×10<sup>9</sup>/L）]]></desc></option></options><answers><![CDATA[A]]></answers></question><question><type>1</type><format>html</format><desc><![CDATA[11.以下哪项<u><b>不是</b></u>血小板的生理功能]]></desc><options><option><id>A</id><type>text</type><desc><![CDATA[释放ADP、纤维蛋白原等物质]]></desc></option><option><id>B</id><type>text</type><desc><![CDATA[维持血管内皮的完整性]]></desc></option><option><id>C</id><type>text</type><desc><![CDATA[参与生理性止血]]></desc></option><option><id>D</id><type>text</type><desc><![CDATA[促进血液凝固]]></desc></option><option><id>E</id><type>text</type><desc><![CDATA[吞噬病原微生物，识别和杀伤肿瘤细胞]]></desc></option></options><answers><![CDATA[E]]></answers></question><question><type>1</type><format>text</format><desc><![CDATA[12.不存在于血液中，却能启动外源性凝血途径的凝血因子是]]></desc><options><option><id>A</id><type>text</type><desc><![CDATA[因子Ⅰ]]></desc></option><option><id>B</id><type>text</type><desc><![CDATA[因子Ⅱ]]></desc></option><option><id>C</id><type>text</type><desc><![CDATA[因子Ⅲ]]></desc></option><option><id>D</id><type>text</type><desc><![CDATA[因子Ⅶ]]></desc></option><option><id>E</id><type>text</type><desc><![CDATA[因子Ⅻ]]></desc></option></options><answers><![CDATA[C]]></answers></question><question><type>1</type><format>text</format><desc><![CDATA[13.凝血因子Ⅱ、Ⅶ、Ⅸ、Ⅹ在肝脏合成需依赖于哪种维生素]]></desc><options><option><id>A</id><type>text</type><desc><![CDATA[维生素A]]></desc></option><option><id>B</id><type>text</type><desc><![CDATA[维生素B<sub>2</sub>]]></desc></option><option><id>C</id><type>text</type><desc><![CDATA[维生素D]]></desc></option><option><id>D</id><type>text</type><desc><![CDATA[维生素E]]></desc></option><option><id>E</id><type>text</type><desc><![CDATA[维生素K]]></desc></option></options><answers><![CDATA[E]]></answers></question><question><type>1</type><format>text</format><desc><![CDATA[14.内源性凝血途径与外源性凝血途径的主要不同在于]]></desc><options><option><id>A</id><type>text</type><desc><![CDATA[因子Ⅱ的激活过程]]></desc></option><option><id>B</id><type>text</type><desc><![CDATA[因子X的激活过程]]></desc></option><option><id>C</id><type>text</type><desc><![CDATA[纤维蛋白的形成过程]]></desc></option><option><id>D</id><type>text</type><desc><![CDATA[有无ⅩⅢ参与]]></desc></option><option><id>E</id><type>text</type><desc><![CDATA[有无Ca<sup>2+</sup>参与]]></desc></option></options><answers><![CDATA[B]]></answers></question><question><type>1</type><format>text</format><desc><![CDATA[15.血清与血浆的主要区别在于血清中不含]]></desc><options><option><id>A</id><type>text</type><desc><![CDATA[白蛋白]]></desc></option><option><id>B</id><type>text</type><desc><![CDATA[凝血因子]]></desc></option><option><id>C</id><type>text</type><desc><![CDATA[纤维蛋白原]]></desc></option><option><id>D</id><type>text</type><desc><![CDATA[电解质]]></desc></option><option><id>E</id><type>text</type><desc><![CDATA[红细胞]]></desc></option></options><answers><![CDATA[C]]></answers></question><question><type>1</type><format>text</format><desc><![CDATA[16.肝素抗凝血的主要机制是]]></desc><options><option><id>A</id><type>text</type><desc><![CDATA[抑制因子Ⅱ的激活]]></desc></option><option><id>B</id><type>text</type><desc><![CDATA[促进内皮细胞释放组织因子途径抑制物]]></desc></option><option><id>C</id><type>text</type><desc><![CDATA[增强抗凝血酶Ⅲ与凝血酶的亲和力]]></desc></option><option><id>D</id><type>text</type><desc><![CDATA[抑制因子X的激活]]></desc></option><option><id>E</id><type>text</type><desc><![CDATA[拮抗Ca<sup>2+</sup>]]></desc></option></options><answers><![CDATA[C]]></answers></question><question><type>1</type><format>text</format><desc><![CDATA[17.AB型血红细胞膜上含有的抗原是]]></desc><options><option><id>A</id><type>text</type><desc><![CDATA[A抗原]]></desc></option><option><id>B</id><type>text</type><desc><![CDATA[B抗原]]></desc></option><option><id>C</id><type>text</type><desc><![CDATA[D抗原]]></desc></option><option><id>D</id><type>text</type><desc><![CDATA[A抗原和B抗原]]></desc></option><option><id>E</id><type>text</type><desc><![CDATA[无A抗原和B抗原]]></desc></option></options><answers><![CDATA[D]]></answers></question><question><type>1</type><format>text</format><desc><![CDATA[18.某人的红细胞与B型血的血清发生凝集，而其血清与B型血红细胞不凝集，其血型为]]></desc><options><option><id>A</id><type>text</type><desc><![CDATA[A型]]></desc></option><option><id>B</id><type>text</type><desc><![CDATA[B型]]></desc></option><option><id>C</id><type>text</type><desc><![CDATA[AB型]]></desc></option><option><id>D</id><type>text</type><desc><![CDATA[O型]]></desc></option><option><id>E</id><type>text</type><desc><![CDATA[以上都不是]]></desc></option></options><answers><![CDATA[C]]></answers></question><question><type>1</type><format>text</format><desc><![CDATA[19.Rh阳性是指红细胞膜上含有]]></desc><options><option><id>A</id><type>text</type><desc><![CDATA[A抗原]]></desc></option><option><id>B</id><type>text</type><desc><![CDATA[B抗原]]></desc></option><option><id>C</id><type>text</type><desc><![CDATA[C抗原]]></desc></option><option><id>D</id><type>text</type><desc><![CDATA[D抗原]]></desc></option><option><id>E</id><type>text</type><desc><![CDATA[E抗原]]></desc></option></options><answers><![CDATA[D]]></answers></question><question><type>1</type><format>html</format><desc><![CDATA[20.关于交叉配血试验的叙述，<u><b>错误的</b></u>是]]></desc><options><option><id>A</id><type>text</type><desc><![CDATA[主侧指供血者的红细胞与受血者的血清相混合]]></desc></option><option><id>B</id><type>text</type><desc><![CDATA[已知ABO血型相同时，输血时可不必做此试验]]></desc></option><option><id>C</id><type>text</type><desc><![CDATA[主侧和次侧均无凝集反应，可以输血]]></desc></option><option><id>D</id><type>text</type><desc><![CDATA[主侧发生凝集反应，不管次侧结果如何，严禁输血]]></desc></option><option><id>E</id><type>text</type><desc><![CDATA[主侧无凝集反应，次侧发生凝集，在严密观察下，可以少量、缓慢输血]]></desc></option></options><answers><![CDATA[B]]></answers></question></questions></exam>