﻿<?xml version="1.0" encoding="UTF-8"?><exam><id>20180929091702</id><questions><instructions><![CDATA[A1型题]]></instructions><question><type>1</type><format>html</format><desc><![CDATA[1.以下关于神经元的描述<u><b>错误</b></u>的是]]></desc><options><option><id>A</id><type>text</type><desc><![CDATA[胞体能合成神经递质]]></desc></option><option><id>B</id><type>text</type><desc><![CDATA[胞体接受刺激并整合信息]]></desc></option><option><id>C</id><type>text</type><desc><![CDATA[一个神经元可有一个树突和多个轴突]]></desc></option><option><id>D</id><type>text</type><desc><![CDATA[轴突始段爆发动作电位]]></desc></option><option><id>E</id><type>text</type><desc><![CDATA[有髓神经纤维兴奋的传导速度更快]]></desc></option></options><answers><![CDATA[C]]></answers></question><question><type>1</type><format>html</format><desc><![CDATA[2.突触传递的特征<u><b>错误</b></u>的是]]></desc><options><option><id>A</id><type>text</type><desc><![CDATA[单向传递]]></desc></option><option><id>B</id><type>text</type><desc><![CDATA[能总和]]></desc></option><option><id>C</id><type>text</type><desc><![CDATA[突触延搁]]></desc></option><option><id>D</id><type>text</type><desc><![CDATA[对内环境变化不敏感]]></desc></option><option><id>E</id><type>text</type><desc><![CDATA[兴奋节律改变]]></desc></option></options><answers><![CDATA[D]]></answers></question><question><type>1</type><format>text</format><desc><![CDATA[3.兴奋性突触后电位是]]></desc><options><option><id>A</id><type>text</type><desc><![CDATA[动作电位]]></desc></option><option><id>B</id><type>text</type><desc><![CDATA[阈电位]]></desc></option><option><id>C</id><type>text</type><desc><![CDATA[局部电位]]></desc></option><option><id>D</id><type>text</type><desc><![CDATA[静息电位]]></desc></option><option><id>E</id><type>text</type><desc><![CDATA[终板电位]]></desc></option></options><answers><![CDATA[C]]></answers></question><question><type>1</type><format>text</format><desc><![CDATA[4.反射活动总和作用的结构基础是神经元间的]]></desc><options><option><id>A</id><type>text</type><desc><![CDATA[链锁式联系]]></desc></option><option><id>B</id><type>text</type><desc><![CDATA[环式联系]]></desc></option><option><id>C</id><type>text</type><desc><![CDATA[辐射式联系]]></desc></option><option><id>D</id><type>text</type><desc><![CDATA[聚合式联系]]></desc></option><option><id>E</id><type>text</type><desc><![CDATA[侧支式联系]]></desc></option></options><answers><![CDATA[D]]></answers></question><question><type>1</type><format>text</format><desc><![CDATA[5.丘脑特异性投射系统的主要作用是]]></desc><options><option><id>A</id><type>text</type><desc><![CDATA[引起特定的感觉]]></desc></option><option><id>B</id><type>text</type><desc><![CDATA[协调随意运动]]></desc></option><option><id>C</id><type>text</type><desc><![CDATA[调节内脏活动]]></desc></option><option><id>D</id><type>text</type><desc><![CDATA[加强肌紧张]]></desc></option><option><id>E</id><type>text</type><desc><![CDATA[维持大脑皮质的兴奋状态]]></desc></option></options><answers><![CDATA[A]]></answers></question><question><type>1</type><format>html</format><desc><![CDATA[6.<u><b>不属于</b></u>内脏痛特征的是]]></desc><options><option><id>A</id><type>text</type><desc><![CDATA[对切割不敏感]]></desc></option><option><id>B</id><type>text</type><desc><![CDATA[对烧灼敏感]]></desc></option><option><id>C</id><type>text</type><desc><![CDATA[定位不精确]]></desc></option><option><id>D</id><type>text</type><desc><![CDATA[对刺激分辨力差]]></desc></option><option><id>E</id><type>text</type><desc><![CDATA[对缺血敏感]]></desc></option></options><answers><![CDATA[B]]></answers></question><question><type>1</type><format>text</format><desc><![CDATA[7.肌紧张的感受器是]]></desc><options><option><id>A</id><type>text</type><desc><![CDATA[肌腱]]></desc></option><option><id>B</id><type>text</type><desc><![CDATA[肌梭]]></desc></option><option><id>C</id><type>text</type><desc><![CDATA[梭外肌]]></desc></option><option><id>D</id><type>text</type><desc><![CDATA[梭内肌]]></desc></option><option><id>E</id><type>text</type><desc><![CDATA[腱器官]]></desc></option></options><answers><![CDATA[B]]></answers></question><question><type>1</type><format>html</format><desc><![CDATA[8.下列<u><b>不属于</b></u>脊髓反射的是]]></desc><options><option><id>A</id><type>text</type><desc><![CDATA[排便反射]]></desc></option><option><id>B</id><type>text</type><desc><![CDATA[发汗反射]]></desc></option><option><id>C</id><type>text</type><desc><![CDATA[膝跳反射]]></desc></option><option><id>D</id><type>text</type><desc><![CDATA[勃起反射]]></desc></option><option><id>E</id><type>text</type><desc><![CDATA[角膜反射]]></desc></option></options><answers><![CDATA[E]]></answers></question><question><type>1</type><format>text</format><desc><![CDATA[9.小脑的主要功能]]></desc><options><option><id>A</id><type>text</type><desc><![CDATA[调节内脏活动]]></desc></option><option><id>B</id><type>text</type><desc><![CDATA[传导内脏痛]]></desc></option><option><id>C</id><type>text</type><desc><![CDATA[调节躯体运动]]></desc></option><option><id>D</id><type>text</type><desc><![CDATA[传导躯体感觉]]></desc></option><option><id>E</id><type>text</type><desc><![CDATA[维持觉醒]]></desc></option></options><answers><![CDATA[C]]></answers></question><question><type>1</type><format>text</format><desc><![CDATA[10.去大脑僵直的原因是脑干网状结构]]></desc><options><option><id>A</id><type>text</type><desc><![CDATA[抑制区活动增强]]></desc></option><option><id>B</id><type>text</type><desc><![CDATA[易化区活动增强]]></desc></option><option><id>C</id><type>text</type><desc><![CDATA[抑制区活动占优势]]></desc></option><option><id>D</id><type>text</type><desc><![CDATA[易化区活动减弱]]></desc></option><option><id>E</id><type>text</type><desc><![CDATA[出现抑制解除]]></desc></option></options><answers><![CDATA[B]]></answers></question><question><type>1</type><format>text</format><desc><![CDATA[11.维持躯体运动的最基本反射是]]></desc><options><option><id>A</id><type>text</type><desc><![CDATA[屈肌反射]]></desc></option><option><id>B</id><type>text</type><desc><![CDATA[对侧伸肌反射]]></desc></option><option><id>C</id><type>text</type><desc><![CDATA[肌紧张]]></desc></option><option><id>D</id><type>text</type><desc><![CDATA[腱反射]]></desc></option><option><id>E</id><type>text</type><desc><![CDATA[膝跳反射]]></desc></option></options><answers><![CDATA[C]]></answers></question><question><type>1</type><format>text</format><desc><![CDATA[12.交感神经活动增强时]]></desc><options><option><id>A</id><type>text</type><desc><![CDATA[支气管平滑肌舒张]]></desc></option><option><id>B</id><type>text</type><desc><![CDATA[胃肠平滑肌收缩]]></desc></option><option><id>C</id><type>text</type><desc><![CDATA[胰岛素分泌增加]]></desc></option><option><id>D</id><type>text</type><desc><![CDATA[瞳孔缩小]]></desc></option><option><id>E</id><type>text</type><desc><![CDATA[心率减慢]]></desc></option></options><answers><![CDATA[A]]></answers></question><question><type>1</type><format>text</format><desc><![CDATA[13.胆碱能神经纤维末梢释放的递质是]]></desc><options><option><id>A</id><type>text</type><desc><![CDATA[氨基酸]]></desc></option><option><id>B</id><type>text</type><desc><![CDATA[肾上腺素]]></desc></option><option><id>C</id><type>text</type><desc><![CDATA[去甲肾上腺素]]></desc></option><option><id>D</id><type>text</type><desc><![CDATA[多巴胺]]></desc></option><option><id>E</id><type>text</type><desc><![CDATA[乙酰胆碱]]></desc></option></options><answers><![CDATA[E]]></answers></question><question><type>1</type><format>text</format><desc><![CDATA[14.α受体阻断剂是]]></desc><options><option><id>A</id><type>text</type><desc><![CDATA[简箭毒碱]]></desc></option><option><id>B</id><type>text</type><desc><![CDATA[酚妥拉明]]></desc></option><option><id>C</id><type>text</type><desc><![CDATA[普萘洛尔]]></desc></option><option><id>D</id><type>text</type><desc><![CDATA[阿托品]]></desc></option><option><id>E</id><type>text</type><desc><![CDATA[烟碱]]></desc></option></options><answers><![CDATA[B]]></answers></question><question><type>1</type><format>html</format><desc><![CDATA[15.下列生理活动的基本中枢<u><b>不在</b></u>延髓的是]]></desc><options><option><id>A</id><type>text</type><desc><![CDATA[咳嗽]]></desc></option><option><id>B</id><type>text</type><desc><![CDATA[瞳孔对光反射]]></desc></option><option><id>C</id><type>text</type><desc><![CDATA[心血管运动]]></desc></option><option><id>D</id><type>text</type><desc><![CDATA[呕吐]]></desc></option><option><id>E</id><type>text</type><desc><![CDATA[呼吸运动]]></desc></option></options><answers><![CDATA[B]]></answers></question><question><type>1</type><format>text</format><desc><![CDATA[16.下丘脑对内脏活动的主要调节功能不包括]]></desc><options><option><id>A</id><type>text</type><desc><![CDATA[摄食行为调节]]></desc></option><option><id>B</id><type>text</type><desc><![CDATA[体温调节]]></desc></option><option><id>C</id><type>text</type><desc><![CDATA[呼吸调节]]></desc></option><option><id>D</id><type>text</type><desc><![CDATA[控制生物节律]]></desc></option><option><id>E</id><type>text</type><desc><![CDATA[水平衡调节]]></desc></option></options><answers><![CDATA[C]]></answers></question><question><type>1</type><format>text</format><desc><![CDATA[17.一般优势半球的优势是指]]></desc><options><option><id>A</id><type>text</type><desc><![CDATA[重量]]></desc></option><option><id>B</id><type>text</type><desc><![CDATA[运动功能]]></desc></option><option><id>C</id><type>text</type><desc><![CDATA[感觉功能]]></desc></option><option><id>D</id><type>text</type><desc><![CDATA[语言功能]]></desc></option><option><id>E</id><type>text</type><desc><![CDATA[皮层沟回的数目]]></desc></option></options><answers><![CDATA[D]]></answers></question><question><type>1</type><format>html</format><desc><![CDATA[18.有关觉醒和睡眠的描述<u><b>错误</b></u>是]]></desc><options><option><id>A</id><type>text</type><desc><![CDATA[脑电觉醒是指脑电波呈现去同步化快波，而行为上不一定处于觉醒状态]]></desc></option><option><id>B</id><type>text</type><desc><![CDATA[一般儿童每天需要睡眠10～12小时]]></desc></option><option><id>C</id><type>text</type><desc><![CDATA[慢波睡眠有利于促进生长和体力恢复]]></desc></option><option><id>D</id><type>text</type><desc><![CDATA[快波睡眠促进精力恢复]]></desc></option><option><id>E</id><type>text</type><desc><![CDATA[慢波睡眠时相血压升高、经常做梦]]></desc></option></options><answers><![CDATA[E]]></answers></question></questions></exam>