﻿<?xml version="1.0" encoding="UTF-8"?><exam><id>20180929095004</id><questions><instructions><![CDATA[A1型题]]></instructions><question><type>1</type><format>text</format><desc><![CDATA[1.心肌分为快、慢反应细胞的主要依据是]]></desc><options><option><id>A</id><type>text</type><desc><![CDATA[4期自动除极的速度]]></desc></option><option><id>B</id><type>text</type><desc><![CDATA[动作电位复极化的速度]]></desc></option><option><id>C</id><type>text</type><desc><![CDATA[静息电位的幅度]]></desc></option><option><id>D</id><type>text</type><desc><![CDATA[0期去极化速度]]></desc></option><option><id>E</id><type>text</type><desc><![CDATA[阈电位水平]]></desc></option></options><answers><![CDATA[D]]></answers></question><question><type>1</type><format>text</format><desc><![CDATA[2.下列非自律细胞的是]]></desc><options><option><id>A</id><type>text</type><desc><![CDATA[窦房结P细胞]]></desc></option><option><id>B</id><type>text</type><desc><![CDATA[心房、心室肌细胞]]></desc></option><option><id>C</id><type>text</type><desc><![CDATA[心室传导束的普肯耶细胞]]></desc></option><option><id>D</id><type>text</type><desc><![CDATA[房结区细胞]]></desc></option><option><id>E</id><type>text</type><desc><![CDATA[结希区细胞]]></desc></option></options><answers><![CDATA[B]]></answers></question><question><type>1</type><format>text</format><desc><![CDATA[3.下列细胞无收缩性的是]]></desc><options><option><id>A</id><type>text</type><desc><![CDATA[窦房结P细胞]]></desc></option><option><id>B</id><type>text</type><desc><![CDATA[心室传导束的普肯耶细胞]]></desc></option><option><id>C</id><type>text</type><desc><![CDATA[房结区细胞]]></desc></option><option><id>D</id><type>text</type><desc><![CDATA[结希区细胞]]></desc></option><option><id>E</id><type>text</type><desc><![CDATA[以上都是]]></desc></option></options><answers><![CDATA[E]]></answers></question><question><type>1</type><format>text</format><desc><![CDATA[4.心室肌细胞动作电位平台期的离子活动是]]></desc><options><option><id>A</id><type>text</type><desc><![CDATA[Na<sup>＋</sup>内流和Cl<sup>－</sup>外流]]></desc></option><option><id>B</id><type>text</type><desc><![CDATA[Na<sup>＋</sup>内流和K<sup>＋</sup>外流]]></desc></option><option><id>C</id><type>text</type><desc><![CDATA[Ca2<sup>＋</sup>内流和K<sup>＋</sup>外流]]></desc></option><option><id>D</id><type>text</type><desc><![CDATA[Ca2<sup>＋</sup>外流和K<sup>＋</sup>内流]]></desc></option><option><id>E</id><type>text</type><desc><![CDATA[Cl<sup>－</sup>内流和K<sup>＋</sup>外流]]></desc></option></options><answers><![CDATA[C]]></answers></question><question><type>1</type><format>text</format><desc><![CDATA[5.心室肌细胞动作电位的特点是]]></desc><options><option><id>A</id><type>text</type><desc><![CDATA[平台期]]></desc></option><option><id>B</id><type>text</type><desc><![CDATA[动作电位幅度大]]></desc></option><option><id>C</id><type>text</type><desc><![CDATA[不应期短]]></desc></option><option><id>D</id><type>text</type><desc><![CDATA[复极速度快]]></desc></option><option><id>E</id><type>text</type><desc><![CDATA[阈电位水平高]]></desc></option></options><answers><![CDATA[A]]></answers></question><question><type>1</type><format>text</format><desc><![CDATA[6.下列非心肌细胞生理特性的是]]></desc><options><option><id>A</id><type>text</type><desc><![CDATA[自律性]]></desc></option><option><id>B</id><type>text</type><desc><![CDATA[传导性]]></desc></option><option><id>C</id><type>text</type><desc><![CDATA[收缩性]]></desc></option><option><id>D</id><type>text</type><desc><![CDATA[兴奋性]]></desc></option><option><id>E</id><type>text</type><desc><![CDATA[绝缘性]]></desc></option></options><answers><![CDATA[E]]></answers></question><question><type>1</type><format>text</format><desc><![CDATA[7.窦房结作为心脏起搏点的原因是]]></desc><options><option><id>A</id><type>text</type><desc><![CDATA[能自动去极化]]></desc></option><option><id>B</id><type>text</type><desc><![CDATA[兴奋性最高]]></desc></option><option><id>C</id><type>text</type><desc><![CDATA[自律性最高]]></desc></option><option><id>D</id><type>text</type><desc><![CDATA[复极4期电位稳定]]></desc></option><option><id>E</id><type>text</type><desc><![CDATA[复极4期电位不稳定]]></desc></option></options><answers><![CDATA[C]]></answers></question><question><type>1</type><format>text</format><desc><![CDATA[8.心脏房室延搁的生理意义是]]></desc><options><option><id>A</id><type>text</type><desc><![CDATA[增强心肌收缩力]]></desc></option><option><id>B</id><type>text</type><desc><![CDATA[使心室不产生强直收缩]]></desc></option><option><id>C</id><type>text</type><desc><![CDATA[延长心室肌有效不应期]]></desc></option><option><id>D</id><type>text</type><desc><![CDATA[使心房和心室不会同步收缩]]></desc></option><option><id>E</id><type>text</type><desc><![CDATA[使心房不产生强直收缩]]></desc></option></options><answers><![CDATA[D]]></answers></question><question><type>1</type><format>text</format><desc><![CDATA[9.心肌细胞的兴奋性不同于与神经、骨骼肌细胞的是]]></desc><options><option><id>A</id><type>text</type><desc><![CDATA[有周期性变化]]></desc></option><option><id>B</id><type>text</type><desc><![CDATA[有相对不应期]]></desc></option><option><id>C</id><type>text</type><desc><![CDATA[有效不应期长]]></desc></option><option><id>D</id><type>text</type><desc><![CDATA[有超常期]]></desc></option><option><id>E</id><type>text</type><desc><![CDATA[无超常期]]></desc></option></options><answers><![CDATA[C]]></answers></question><question><type>1</type><format>text</format><desc><![CDATA[10.心室肌的有效不应期相当于]]></desc><options><option><id>A</id><type>text</type><desc><![CDATA[收缩期中间]]></desc></option><option><id>B</id><type>text</type><desc><![CDATA[收缩期和舒张期早期]]></desc></option><option><id>C</id><type>text</type><desc><![CDATA[舒张期结束]]></desc></option><option><id>D</id><type>text</type><desc><![CDATA[收缩期早期]]></desc></option><option><id>E</id><type>text</type><desc><![CDATA[舒张期结束后]]></desc></option></options><answers><![CDATA[B]]></answers></question><question><type>1</type><format>text</format><desc><![CDATA[11.期前收缩之后出现代偿间歇的原因是]]></desc><options><option><id>A</id><type>text</type><desc><![CDATA[窦房结的节律性兴奋少发放一次]]></desc></option><option><id>B</id><type>text</type><desc><![CDATA[窦房结的节律性兴奋传出速度大大减慢]]></desc></option><option><id>C</id><type>text</type><desc><![CDATA[期前收缩的有效不应期特别长]]></desc></option><option><id>D</id><type>text</type><desc><![CDATA[窦房结的一次节律性兴奋落在期前收缩的有效不应期中]]></desc></option><option><id>E</id><type>text</type><desc><![CDATA[窦房结的节律性兴奋多发放一次]]></desc></option></options><answers><![CDATA[D]]></answers></question><question><type>1</type><format>text</format><desc><![CDATA[12.心肌无法产生强直收缩的原因是]]></desc><options><option><id>A</id><type>text</type><desc><![CDATA[心肌的“全”或“无”收缩特性]]></desc></option><option><id>B</id><type>text</type><desc><![CDATA[心肌肌浆网不发达，Ca<sup>2＋</sup>贮存少]]></desc></option><option><id>C</id><type>text</type><desc><![CDATA[心肌有效不应期特别长]]></desc></option><option><id>D</id><type>text</type><desc><![CDATA[心肌有自动产生节律性兴奋的特点]]></desc></option><option><id>E</id><type>text</type><desc><![CDATA[心肌超常期特别长]]></desc></option></options><answers><![CDATA[C]]></answers></question><question><type>1</type><format>text</format><desc><![CDATA[13.心动周期持续的时间长短取决于]]></desc><options><option><id>A</id><type>text</type><desc><![CDATA[心房收缩时间]]></desc></option><option><id>B</id><type>text</type><desc><![CDATA[心房舒张时间]]></desc></option><option><id>C</id><type>text</type><desc><![CDATA[心室收缩时间]]></desc></option><option><id>D</id><type>text</type><desc><![CDATA[心率]]></desc></option><option><id>E</id><type>text</type><desc><![CDATA[心室舒张时间]]></desc></option></options><answers><![CDATA[D]]></answers></question><question><type>1</type><format>text</format><desc><![CDATA[14.射血速度最快是在]]></desc><options><option><id>A</id><type>text</type><desc><![CDATA[等容收缩期]]></desc></option><option><id>B</id><type>text</type><desc><![CDATA[等容舒张期]]></desc></option><option><id>C</id><type>text</type><desc><![CDATA[减慢射血期]]></desc></option><option><id>D</id><type>text</type><desc><![CDATA[快速充盈期]]></desc></option><option><id>E</id><type>text</type><desc><![CDATA[快速射血期]]></desc></option></options><answers><![CDATA[E]]></answers></question><question><type>1</type><format>text</format><desc><![CDATA[15.由动脉瓣关闭到下次动脉瓣开放前的时间相当于]]></desc><options><option><id>A</id><type>text</type><desc><![CDATA[等容收缩期]]></desc></option><option><id>B</id><type>text</type><desc><![CDATA[等容舒张期]]></desc></option><option><id>C</id><type>text</type><desc><![CDATA[心室射血期]]></desc></option><option><id>D</id><type>text</type><desc><![CDATA[心室舒张期和等容收缩期]]></desc></option><option><id>E</id><type>text</type><desc><![CDATA[心室舒张期]]></desc></option></options><answers><![CDATA[D]]></answers></question><question><type>1</type><format>text</format><desc><![CDATA[16.房室瓣开放见于]]></desc><options><option><id>A</id><type>text</type><desc><![CDATA[等容收缩期末]]></desc></option><option><id>B</id><type>text</type><desc><![CDATA[等容舒张期初]]></desc></option><option><id>C</id><type>text</type><desc><![CDATA[等容收缩期初]]></desc></option><option><id>D</id><type>text</type><desc><![CDATA[等容舒张期末]]></desc></option><option><id>E</id><type>text</type><desc><![CDATA[房缩期]]></desc></option></options><answers><![CDATA[D]]></answers></question><question><type>1</type><format>text</format><desc><![CDATA[17.心室充盈大部分是由于]]></desc><options><option><id>A</id><type>text</type><desc><![CDATA[骨骼肌挤压作用加速静脉血液回流]]></desc></option><option><id>B</id><type>text</type><desc><![CDATA[心房肌收缩的挤压作用]]></desc></option><option><id>C</id><type>text</type><desc><![CDATA[心室肌舒张的抽吸作用]]></desc></option><option><id>D</id><type>text</type><desc><![CDATA[胸内负压的作用]]></desc></option><option><id>E</id><type>text</type><desc><![CDATA[胸廓扩张]]></desc></option></options><answers><![CDATA[C]]></answers></question><question><type>1</type><format>text</format><desc><![CDATA[18.第二心音产生的主要原因是]]></desc><options><option><id>A</id><type>text</type><desc><![CDATA[心室收缩时，血液冲击动脉瓣引起的振动]]></desc></option><option><id>B</id><type>text</type><desc><![CDATA[心室舒张时，动脉管壁弹性回缩引起的振动]]></desc></option><option><id>C</id><type>text</type><desc><![CDATA[心室收缩，动脉瓣突然开放时的振动]]></desc></option><option><id>D</id><type>text</type><desc><![CDATA[心室舒张，动脉瓣迅速关闭时的振动]]></desc></option><option><id>E</id><type>text</type><desc><![CDATA[心房舒张，动脉瓣迅速关闭时的振动]]></desc></option></options><answers><![CDATA[D]]></answers></question><question><type>1</type><format>text</format><desc><![CDATA[19.可用于分析比较不同身材个体心功能的常用指标是]]></desc><options><option><id>A</id><type>text</type><desc><![CDATA[每分输出量]]></desc></option><option><id>B</id><type>text</type><desc><![CDATA[心指数]]></desc></option><option><id>C</id><type>text</type><desc><![CDATA[射血分数]]></desc></option><option><id>D</id><type>text</type><desc><![CDATA[心脏作功量]]></desc></option><option><id>E</id><type>text</type><desc><![CDATA[心力贮备]]></desc></option></options><answers><![CDATA[B]]></answers></question><question><type>1</type><format>text</format><desc><![CDATA[20.静脉回心血量增多时，可以引起]]></desc><options><option><id>A</id><type>text</type><desc><![CDATA[心室后负荷减小]]></desc></option><option><id>B</id><type>text</type><desc><![CDATA[心室舒张期延长]]></desc></option><option><id>C</id><type>text</type><desc><![CDATA[心室前负荷增加]]></desc></option><option><id>D</id><type>text</type><desc><![CDATA[心室充盈期缩短]]></desc></option><option><id>E</id><type>text</type><desc><![CDATA[中心静脉压降低]]></desc></option></options><answers><![CDATA[C]]></answers></question></questions></exam>