{
	"code": 1,
	"msg": "获取成功",
	"data": {
		"examId": "8cbyajaseyljgyuhuv3tyw",
		"courseOpenId": "he9fazcsj7hnprzqm1z1a",
		"openClassId": "odniajascl1f1hsp3we1vg",
		"ztWay": 2,
		"examTitle": "第二章 出入院护理",
		"totalScore": 100,
		"remark": "",
		"uploadUrl": "https://upload.icve.com.cn/?space=ssykt&time=637560161219661595&bucket=icve&token=1C0268FBB986A78F819CB3525A052DCB",
		"previewUrl": "",
		"state": 2,
		"canRead": 1,
		"questions": [
			{
				"paperStuQuestionId": "cgdoajespzpinaiekz0mqa_0_0",
				"questionId": "28pkajassolaq3eho8tm3g",
				"questionType": 1,
				"queTypeName": "单选题",
				"sortOrder": 0,
				"title": "<p>协助病人由病床向平车挪动的顺序是</p><p><br/></p>",
				"dataJson": "[{\"SortOrder\":0,\"Content\":\"上身、臀部、下肢\",\"IsAnswer\":true},{\"SortOrder\":1,\"Content\":\"上身、下肢、臀部\",\"IsAnswer\":false},{\"SortOrder\":2,\"Content\":\"下肢、臀部、上身\",\"IsAnswer\":false},{\"SortOrder\":3,\"Content\":\"臀部、上身、下肢\",\"IsAnswer\":false},{\"SortOrder\":4,\"Content\":\"臀部、下肢、上身\",\"IsAnswer\":false}]",
				"answer": "0",
				"newAnswer": "0",
				"resultAnalysis": "",
				"questionScore": 5,
				"isAssignmented": 1,
				"studentAnswer": "0",
				"newStudentAnswer": "0",
				"uploadUrl": "https://upload.icve.com.cn/?space=ssykt&time=637560161219661595&bucket=icve&token=1C0268FBB986A78F819CB3525A052DCB",
				"previewUrl": "",
				"isRight": 1,
				"getScore": 5,
				"bigQuestionId": "",
				"commentary": "",
				"commentaryFileData": [],
				"subQuestionList": []
			},
			{
				"paperStuQuestionId": "cgdoajespzpinaiekz0mqa_1_1",
				"questionId": "9kplajassojim3v9d8w47q",
				"questionType": 1,
				"queTypeName": "单选题",
				"sortOrder": 1,
				"title": "<p>.病人王某，因一氧化碳中毒急诊入院，护士用平车护送病人入病区的途中，吸氧和输液的处理方法是</p><p><br/></p>",
				"dataJson": "[{\"SortOrder\":0,\"Content\":\"暂停输液，继续输氧&nbsp;&nbsp;\",\"IsAnswer\":false},{\"SortOrder\":1,\"Content\":\"暂停输氧，继续输液\",\"IsAnswer\":false},{\"SortOrder\":2,\"Content\":\"拔管，暂停输液，继续输氧\",\"IsAnswer\":false},{\"SortOrder\":3,\"Content\":\"留管，暂停输氧，继续输氧\",\"IsAnswer\":false},{\"SortOrder\":4,\"Content\":\"维持输液和输氧\",\"IsAnswer\":true}]",
				"answer": "4",
				"newAnswer": "4",
				"resultAnalysis": "",
				"questionScore": 5,
				"isAssignmented": 1,
				"studentAnswer": "4",
				"newStudentAnswer": "4",
				"uploadUrl": "https://upload.icve.com.cn/?space=ssykt&time=637560161219661595&bucket=icve&token=1C0268FBB986A78F819CB3525A052DCB",
				"previewUrl": "",
				"isRight": 1,
				"getScore": 5,
				"bigQuestionId": "",
				"commentary": "",
				"commentaryFileData": [],
				"subQuestionList": []
			},
			{
				"paperStuQuestionId": "cgdoajespzpinaiekz0mqa_2_2",
				"questionId": "egrlajasgz5hecvqtnv1pw",
				"questionType": 1,
				"queTypeName": "单选题",
				"sortOrder": 2,
				"title": "<p>麻疹病人入院时应安置在</p><p><br/></p>",
				"dataJson": "[{\"SortOrder\":0,\"Content\":\"抢救室\",\"IsAnswer\":false},{\"SortOrder\":1,\"Content\":\"观察病室\",\"IsAnswer\":false},{\"SortOrder\":2,\"Content\":\"危重病室&nbsp;&nbsp;\",\"IsAnswer\":false},{\"SortOrder\":3,\"Content\":\"&nbsp;隔离病室\",\"IsAnswer\":true},{\"SortOrder\":4,\"Content\":\"普通病室\",\"IsAnswer\":false}]",
				"answer": "3",
				"newAnswer": "3",
				"resultAnalysis": "",
				"questionScore": 5,
				"isAssignmented": 1,
				"studentAnswer": "3",
				"newStudentAnswer": "3",
				"uploadUrl": "https://upload.icve.com.cn/?space=ssykt&time=637560161219661595&bucket=icve&token=1C0268FBB986A78F819CB3525A052DCB",
				"previewUrl": "",
				"isRight": 1,
				"getScore": 5,
				"bigQuestionId": "",
				"commentary": "",
				"commentaryFileData": [],
				"subQuestionList": []
			},
			{
				"paperStuQuestionId": "cgdoajespzpinaiekz0mqa_3_3",
				"questionId": "gw3hajas4dgiivruoerta",
				"questionType": 1,
				"queTypeName": "单选题",
				"sortOrder": 3,
				"title": "<p>出院病人的床单位处理不正确的是</p><p><br/></p>",
				"dataJson": "[{\"SortOrder\":0,\"Content\":\"撤去被服送洗\",\"IsAnswer\":false},{\"SortOrder\":1,\"Content\":\"被褥置于日光下曝晒6小时\",\"IsAnswer\":false},{\"SortOrder\":2,\"Content\":\"床、桌用洗涤剂擦洗&nbsp;&nbsp;\",\"IsAnswer\":false},{\"SortOrder\":3,\"Content\":\"茶具、痰杯煮沸消毒\",\"IsAnswer\":false},{\"SortOrder\":4,\"Content\":\"将床单位改为备用床\",\"IsAnswer\":true}]",
				"answer": "4",
				"newAnswer": "4",
				"resultAnalysis": "",
				"questionScore": 5,
				"isAssignmented": 1,
				"studentAnswer": "4",
				"newStudentAnswer": "4",
				"uploadUrl": "https://upload.icve.com.cn/?space=ssykt&time=637560161219661595&bucket=icve&token=1C0268FBB986A78F819CB3525A052DCB",
				"previewUrl": "",
				"isRight": 1,
				"getScore": 5,
				"bigQuestionId": "",
				"commentary": "",
				"commentaryFileData": [],
				"subQuestionList": []
			},
			{
				"paperStuQuestionId": "cgdoajespzpinaiekz0mqa_4_4",
				"questionId": "i3dxajasjr9lp0jxusoetg",
				"questionType": 1,
				"queTypeName": "单选题",
				"sortOrder": 4,
				"title": "<p>协助病人坐轮椅，下列错误的是</p>",
				"dataJson": "[{\"SortOrder\":0,\"Content\":\"检查轮椅性能是否完好\",\"IsAnswer\":false},{\"SortOrder\":1,\"Content\":\"将椅背与床尾平齐，翻起脚踏板\",\"IsAnswer\":false},{\"SortOrder\":2,\"Content\":\"拉起车闸固定车轮\",\"IsAnswer\":false},{\"SortOrder\":3,\"Content\":\"病人坐稳后放下脚踏板\",\"IsAnswer\":false},{\"SortOrder\":4,\"Content\":\"病人尽可能使身体靠前坐\",\"IsAnswer\":true}]",
				"answer": "4",
				"newAnswer": "4",
				"resultAnalysis": "",
				"questionScore": 5,
				"isAssignmented": 1,
				"studentAnswer": "4",
				"newStudentAnswer": "4",
				"uploadUrl": "https://upload.icve.com.cn/?space=ssykt&time=637560161219661595&bucket=icve&token=1C0268FBB986A78F819CB3525A052DCB",
				"previewUrl": "",
				"isRight": 1,
				"getScore": 5,
				"bigQuestionId": "",
				"commentary": "",
				"commentaryFileData": [],
				"subQuestionList": []
			},
			{
				"paperStuQuestionId": "cgdoajespzpinaiekz0mqa_5_5",
				"questionId": "i3jmajastabkqgr4tdcgw",
				"questionType": 1,
				"queTypeName": "单选题",
				"sortOrder": 5,
				"title": "<p>对门诊病人就诊首先应实行</p><p><br/></p>",
				"dataJson": "[{\"SortOrder\":0,\"Content\":\"心理安慰&nbsp;\",\"IsAnswer\":false},{\"SortOrder\":1,\"Content\":\"卫生指导\",\"IsAnswer\":false},{\"SortOrder\":2,\"Content\":\"预检分诊\",\"IsAnswer\":true},{\"SortOrder\":3,\"Content\":\"查阅病历资料&nbsp;\",\"IsAnswer\":false},{\"SortOrder\":4,\"Content\":\"健康教育\",\"IsAnswer\":false}]",
				"answer": "2",
				"newAnswer": "2",
				"resultAnalysis": "",
				"questionScore": 5,
				"isAssignmented": 1,
				"studentAnswer": "2",
				"newStudentAnswer": "2",
				"uploadUrl": "https://upload.icve.com.cn/?space=ssykt&time=637560161219661595&bucket=icve&token=1C0268FBB986A78F819CB3525A052DCB",
				"previewUrl": "",
				"isRight": 1,
				"getScore": 5,
				"bigQuestionId": "",
				"commentary": "",
				"commentaryFileData": [],
				"subQuestionList": []
			},
			{
				"paperStuQuestionId": "cgdoajespzpinaiekz0mqa_6_6",
				"questionId": "gwxgajastbjeey97isg5g",
				"questionType": 1,
				"queTypeName": "单选题",
				"sortOrder": 6,
				"title": "<p>休克病人入病室后护士首先应</p><p><br/></p>",
				"dataJson": "[{\"SortOrder\":0,\"Content\":\"填写各种卡片\",\"IsAnswer\":false},{\"SortOrder\":1,\"Content\":\"通知医生，配合抢救\",\"IsAnswer\":true},{\"SortOrder\":2,\"Content\":\"询问病史\",\"IsAnswer\":false},{\"SortOrder\":3,\"Content\":\"通知营养室，准备膳食\",\"IsAnswer\":false},{\"SortOrder\":4,\"Content\":\"&nbsp;介绍病史病友\",\"IsAnswer\":false}]",
				"answer": "1",
				"newAnswer": "1",
				"resultAnalysis": "",
				"questionScore": 5,
				"isAssignmented": 1,
				"studentAnswer": "1",
				"newStudentAnswer": "1",
				"uploadUrl": "https://upload.icve.com.cn/?space=ssykt&time=637560161219661595&bucket=icve&token=1C0268FBB986A78F819CB3525A052DCB",
				"previewUrl": "",
				"isRight": 1,
				"getScore": 5,
				"bigQuestionId": "",
				"commentary": "",
				"commentaryFileData": [],
				"subQuestionList": []
			},
			{
				"paperStuQuestionId": "cgdoajespzpinaiekz0mqa_7_7",
				"questionId": "in3jajashqxgxnjgx7mwog",
				"questionType": 1,
				"queTypeName": "单选题",
				"sortOrder": 7,
				"title": "<p>颈椎骨折患者适宜采用</p><p><br/></p>",
				"dataJson": "[{\"SortOrder\":0,\"Content\":\"轮椅运送\",\"IsAnswer\":false},{\"SortOrder\":1,\"Content\":\"平车二人搬运法\",\"IsAnswer\":false},{\"SortOrder\":2,\"Content\":\"&nbsp;平车三人搬运法&nbsp; &nbsp;&nbsp;\",\"IsAnswer\":false},{\"SortOrder\":3,\"Content\":\"平车四人搬运法\",\"IsAnswer\":true},{\"SortOrder\":4,\"Content\":\"平车一人搬运法\",\"IsAnswer\":false}]",
				"answer": "3",
				"newAnswer": "3",
				"resultAnalysis": "",
				"questionScore": 5,
				"isAssignmented": 1,
				"studentAnswer": "4",
				"newStudentAnswer": "4",
				"uploadUrl": "https://upload.icve.com.cn/?space=ssykt&time=637560161219661595&bucket=icve&token=1C0268FBB986A78F819CB3525A052DCB",
				"previewUrl": "",
				"isRight": 2,
				"getScore": 0,
				"bigQuestionId": "",
				"commentary": "",
				"commentaryFileData": [],
				"subQuestionList": []
			},
			{
				"paperStuQuestionId": "cgdoajespzpinaiekz0mqa_8_8",
				"questionId": "llxgajasar9bnswfchikow",
				"questionType": 1,
				"queTypeName": "单选题",
				"sortOrder": 8,
				"title": "<p>&nbsp;接住院处通知后，病区护士应立即根据病情准备合适的</p><p><br/></p>",
				"dataJson": "[{\"SortOrder\":0,\"Content\":\"营养饮食\",\"IsAnswer\":false},{\"SortOrder\":1,\"Content\":\"分级护理\",\"IsAnswer\":false},{\"SortOrder\":2,\"Content\":\"病床单位\",\"IsAnswer\":true},{\"SortOrder\":3,\"Content\":\"治疗药物\",\"IsAnswer\":false},{\"SortOrder\":4,\"Content\":\"护理措施\",\"IsAnswer\":false}]",
				"answer": "2",
				"newAnswer": "2",
				"resultAnalysis": "",
				"questionScore": 5,
				"isAssignmented": 1,
				"studentAnswer": "2",
				"newStudentAnswer": "2",
				"uploadUrl": "https://upload.icve.com.cn/?space=ssykt&time=637560161219661595&bucket=icve&token=1C0268FBB986A78F819CB3525A052DCB",
				"previewUrl": "",
				"isRight": 1,
				"getScore": 5,
				"bigQuestionId": "",
				"commentary": "",
				"commentaryFileData": [],
				"subQuestionList": []
			},
			{
				"paperStuQuestionId": "cgdoajespzpinaiekz0mqa_9_9",
				"questionId": "pb3najasfrdocvtrk0u0q",
				"questionType": 1,
				"queTypeName": "单选题",
				"sortOrder": 9,
				"title": "<p>特级护理适用于</p><p><br/></p>",
				"dataJson": "[{\"SortOrder\":0,\"Content\":\"肝移植患者 &nbsp;&nbsp; &nbsp;\",\"IsAnswer\":false},{\"SortOrder\":1,\"Content\":\"肾衰竭患者&nbsp;\",\"IsAnswer\":false},{\"SortOrder\":2,\"Content\":\"昏迷患者&nbsp;&nbsp;&nbsp;\",\"IsAnswer\":true},{\"SortOrder\":3,\"Content\":\"择期手术患者\",\"IsAnswer\":false},{\"SortOrder\":4,\"Content\":\"年老体弱者\",\"IsAnswer\":false}]",
				"answer": "2",
				"newAnswer": "2",
				"resultAnalysis": "",
				"questionScore": 5,
				"isAssignmented": 1,
				"studentAnswer": "4",
				"newStudentAnswer": "4",
				"uploadUrl": "https://upload.icve.com.cn/?space=ssykt&time=637560161219661595&bucket=icve&token=1C0268FBB986A78F819CB3525A052DCB",
				"previewUrl": "",
				"isRight": 2,
				"getScore": 0,
				"bigQuestionId": "",
				"commentary": "",
				"commentaryFileData": [],
				"subQuestionList": []
			},
			{
				"paperStuQuestionId": "cgdoajespzpinaiekz0mqa_10_10",
				"questionId": "plhkajasq4zpwds9gu7g",
				"questionType": 1,
				"queTypeName": "单选题",
				"sortOrder": 10,
				"title": "<p>二人搬运法正确的方法是</p><p><br/></p>",
				"dataJson": "[{\"SortOrder\":0,\"Content\":\"甲平托头、颈、肩及腰部，乙托臀、腘窝\",\"IsAnswer\":true},{\"SortOrder\":1,\"Content\":\"甲托颈、背及腰部，乙托臀部\",\"IsAnswer\":false},{\"SortOrder\":2,\"Content\":\"甲托头、颈部，乙托臀、小腿\",\"IsAnswer\":false},{\"SortOrder\":3,\"Content\":\"甲托头背部，乙托臀膝部\",\"IsAnswer\":false},{\"SortOrder\":4,\"Content\":\"甲托头、肩部，乙托臀、小腿\",\"IsAnswer\":false}]",
				"answer": "0",
				"newAnswer": "0",
				"resultAnalysis": "",
				"questionScore": 5,
				"isAssignmented": 1,
				"studentAnswer": "0",
				"newStudentAnswer": "0",
				"uploadUrl": "https://upload.icve.com.cn/?space=ssykt&time=637560161219661595&bucket=icve&token=1C0268FBB986A78F819CB3525A052DCB",
				"previewUrl": "",
				"isRight": 1,
				"getScore": 5,
				"bigQuestionId": "",
				"commentary": "",
				"commentaryFileData": [],
				"subQuestionList": []
			},
			{
				"paperStuQuestionId": "cgdoajespzpinaiekz0mqa_11_11",
				"questionId": "rp3vajasuojcgdi37u16w",
				"questionType": 1,
				"queTypeName": "单选题",
				"sortOrder": 11,
				"title": "<h1>轮椅运送法不正确的是</h1><p><br/></p>",
				"dataJson": "[{\"SortOrder\":0,\"Content\":\".轮椅背与床尾呈锐角\",\"IsAnswer\":true},{\"SortOrder\":1,\"Content\":\"将闸制动，协助患者坐入轮椅\",\"IsAnswer\":false},{\"SortOrder\":2,\"Content\":\"嘱患者向后靠坐稳\",\"IsAnswer\":false},{\"SortOrder\":3,\"Content\":\"嘱患者不可前倾\",\"IsAnswer\":false},{\"SortOrder\":4,\"Content\":\"嘱患者不可自行下轮椅\",\"IsAnswer\":false}]",
				"answer": "0",
				"newAnswer": "0",
				"resultAnalysis": "",
				"questionScore": 5,
				"isAssignmented": 1,
				"studentAnswer": "0",
				"newStudentAnswer": "0",
				"uploadUrl": "https://upload.icve.com.cn/?space=ssykt&time=637560161219661595&bucket=icve&token=1C0268FBB986A78F819CB3525A052DCB",
				"previewUrl": "",
				"isRight": 1,
				"getScore": 5,
				"bigQuestionId": "",
				"commentary": "",
				"commentaryFileData": [],
				"subQuestionList": []
			},
			{
				"paperStuQuestionId": "cgdoajespzpinaiekz0mqa_12_12",
				"questionId": "sypsajaskytbfqryoekllg",
				"questionType": 1,
				"queTypeName": "单选题",
				"sortOrder": 12,
				"title": "<p>患者王某，男，65岁，胃癌，行胃大部切除术，术中生命体征正常，术后回病房。护士应遵照医嘱给予该患者</p><p></p><p><br/></p>",
				"dataJson": "[{\"SortOrder\":0,\"Content\":\"特级护理\",\"IsAnswer\":false},{\"SortOrder\":1,\"Content\":\"一级护理\",\"IsAnswer\":true},{\"SortOrder\":2,\"Content\":\"二级护理\",\"IsAnswer\":false},{\"SortOrder\":3,\"Content\":\"三级护理&nbsp; &nbsp; &nbsp;\",\"IsAnswer\":false},{\"SortOrder\":4,\"Content\":\"四级护理\",\"IsAnswer\":false}]",
				"answer": "1",
				"newAnswer": "1",
				"resultAnalysis": "",
				"questionScore": 5,
				"isAssignmented": 1,
				"studentAnswer": "2",
				"newStudentAnswer": "2",
				"uploadUrl": "https://upload.icve.com.cn/?space=ssykt&time=637560161219661595&bucket=icve&token=1C0268FBB986A78F819CB3525A052DCB",
				"previewUrl": "",
				"isRight": 2,
				"getScore": 0,
				"bigQuestionId": "",
				"commentary": "",
				"commentaryFileData": [],
				"subQuestionList": []
			},
			{
				"paperStuQuestionId": "cgdoajespzpinaiekz0mqa_13_13",
				"questionId": "vniajaso1kpwp7frehow",
				"questionType": 1,
				"queTypeName": "单选题",
				"sortOrder": 13,
				"title": "<p>用轮椅接送病人时，轮椅位置是</p><p><br/></p>",
				"dataJson": "[{\"SortOrder\":0,\"Content\":\"放在床尾，面向床铺\",\"IsAnswer\":false},{\"SortOrder\":1,\"Content\":\"放在床头，面向床尾\",\"IsAnswer\":false},{\"SortOrder\":2,\"Content\":\"放在床旁，椅背靠床沿\",\"IsAnswer\":false},{\"SortOrder\":3,\"Content\":\"放在床旁，面向床尾\",\"IsAnswer\":false},{\"SortOrder\":4,\"Content\":\"面向床头、椅背与床尾平齐\",\"IsAnswer\":true}]",
				"answer": "4",
				"newAnswer": "4",
				"resultAnalysis": "",
				"questionScore": 5,
				"isAssignmented": 1,
				"studentAnswer": "4",
				"newStudentAnswer": "4",
				"uploadUrl": "https://upload.icve.com.cn/?space=ssykt&time=637560161219661595&bucket=icve&token=1C0268FBB986A78F819CB3525A052DCB",
				"previewUrl": "",
				"isRight": 1,
				"getScore": 5,
				"bigQuestionId": "",
				"commentary": "",
				"commentaryFileData": [],
				"subQuestionList": []
			},
			{
				"paperStuQuestionId": "cgdoajespzpinaiekz0mqa_14_14",
				"questionId": "x2llajasm7jmbxgzoqn2ba",
				"questionType": 1,
				"queTypeName": "单选题",
				"sortOrder": 14,
				"title": "<p>用平车运送输液病人最重要的是</p><p><br/></p>",
				"dataJson": "[{\"SortOrder\":0,\"Content\":\"上坡头在前\",\"IsAnswer\":false},{\"SortOrder\":1,\"Content\":\"下坡头在后\",\"IsAnswer\":false},{\"SortOrder\":2,\"Content\":\"做好穿刺部位的固定，防止针头脱出\",\"IsAnswer\":true},{\"SortOrder\":3,\"Content\":\"使病人躺卧在平车中间\",\"IsAnswer\":false},{\"SortOrder\":4,\"Content\":\"不可用车撞门\",\"IsAnswer\":false}]",
				"answer": "2",
				"newAnswer": "2",
				"resultAnalysis": "",
				"questionScore": 5,
				"isAssignmented": 1,
				"studentAnswer": "2",
				"newStudentAnswer": "2",
				"uploadUrl": "https://upload.icve.com.cn/?space=ssykt&time=637560161219661595&bucket=icve&token=1C0268FBB986A78F819CB3525A052DCB",
				"previewUrl": "",
				"isRight": 1,
				"getScore": 5,
				"bigQuestionId": "",
				"commentary": "",
				"commentaryFileData": [],
				"subQuestionList": []
			},
			{
				"paperStuQuestionId": "cgdoajespzpinaiekz0mqa_15_15",
				"questionId": "y9boajaseppfnj3rouljmg",
				"questionType": 1,
				"queTypeName": "单选题",
				"sortOrder": 15,
				"title": "<p>一级护理的巡视时间为</p><p><br/></p><p><br/></p><p><br/></p>",
				"dataJson": "[{\"SortOrder\":0,\"Content\":\"24h专人护理&nbsp;&nbsp;\",\"IsAnswer\":false},{\"SortOrder\":1,\"Content\":\"每小时巡视一次\",\"IsAnswer\":true},{\"SortOrder\":2,\"Content\":\"每2h巡视一次\",\"IsAnswer\":false},{\"SortOrder\":3,\"Content\":\"每3h时巡视一次&nbsp;\",\"IsAnswer\":false},{\"SortOrder\":4,\"Content\":\"每日巡视两次\",\"IsAnswer\":false}]",
				"answer": "1",
				"newAnswer": "1",
				"resultAnalysis": "",
				"questionScore": 5,
				"isAssignmented": 1,
				"studentAnswer": "1",
				"newStudentAnswer": "1",
				"uploadUrl": "https://upload.icve.com.cn/?space=ssykt&time=637560161219661595&bucket=icve&token=1C0268FBB986A78F819CB3525A052DCB",
				"previewUrl": "",
				"isRight": 1,
				"getScore": 5,
				"bigQuestionId": "",
				"commentary": "",
				"commentaryFileData": [],
				"subQuestionList": []
			},
			{
				"paperStuQuestionId": "cgdoajespzpinaiekz0mqa_16_16",
				"questionId": "v2biazcs8rtkmw1iwepg",
				"questionType": 1,
				"queTypeName": "单选题",
				"sortOrder": 16,
				"title": "<p>男性，30岁，因工作不慎皮肤出现大面积灼烧，病人神志不清。根据病情应给予</p>",
				"dataJson": "[{\"SortOrder\":0,\"Content\":\"一级护理\",\"IsAnswer\":false},{\"SortOrder\":1,\"Content\":\"二级护理\",\"IsAnswer\":false},{\"SortOrder\":2,\"Content\":\"三级护理\",\"IsAnswer\":false},{\"SortOrder\":3,\"Content\":\"特级护理\",\"IsAnswer\":true},{\"SortOrder\":4,\"Content\":\"四级护理\",\"IsAnswer\":false}]",
				"answer": "3",
				"newAnswer": "3",
				"resultAnalysis": "从题干可以得知，病人出现了大面积烧伤，属于特级护理的护理对象。",
				"questionScore": 5,
				"isAssignmented": 1,
				"studentAnswer": "3",
				"newStudentAnswer": "3",
				"uploadUrl": "https://upload.icve.com.cn/?space=ssykt&time=637560161219661595&bucket=icve&token=1C0268FBB986A78F819CB3525A052DCB",
				"previewUrl": "",
				"isRight": 1,
				"getScore": 5,
				"bigQuestionId": "",
				"commentary": "",
				"commentaryFileData": [],
				"subQuestionList": []
			},
			{
				"paperStuQuestionId": "cgdoajespzpinaiekz0mqa_17_17",
				"questionId": "v2biazcsx5tcsjy4l4pumq",
				"questionType": 1,
				"queTypeName": "单选题",
				"sortOrder": 17,
				"title": "<p>遇到刑事案件，急诊预检护士应立即通知</p>",
				"dataJson": "[{\"SortOrder\":0,\"Content\":\"院长\",\"IsAnswer\":false},{\"SortOrder\":1,\"Content\":\"公安部门\",\"IsAnswer\":true},{\"SortOrder\":2,\"Content\":\"家属\",\"IsAnswer\":false},{\"SortOrder\":3,\"Content\":\"值班医生\",\"IsAnswer\":false},{\"SortOrder\":4,\"Content\":\"医务科\",\"IsAnswer\":false}]",
				"answer": "1",
				"newAnswer": "1",
				"resultAnalysis": "",
				"questionScore": 5,
				"isAssignmented": 1,
				"studentAnswer": "1",
				"newStudentAnswer": "1",
				"uploadUrl": "https://upload.icve.com.cn/?space=ssykt&time=637560161219661595&bucket=icve&token=1C0268FBB986A78F819CB3525A052DCB",
				"previewUrl": "",
				"isRight": 1,
				"getScore": 5,
				"bigQuestionId": "",
				"commentary": "",
				"commentaryFileData": [],
				"subQuestionList": []
			},
			{
				"paperStuQuestionId": "cgdoajespzpinaiekz0mqa_18_18",
				"questionId": "v2biazcsuoplyrtyteazga",
				"questionType": 1,
				"queTypeName": "单选题",
				"sortOrder": 18,
				"title": "<p>用平车搬运腰椎骨折患者，下列措施哪项不妥</p>",
				"dataJson": "[{\"SortOrder\":0,\"Content\":\"车上垫木板\",\"IsAnswer\":false},{\"SortOrder\":1,\"Content\":\"先做好骨折部位的固定\",\"IsAnswer\":false},{\"SortOrder\":2,\"Content\":\"宜用四人搬运法\",\"IsAnswer\":false},{\"SortOrder\":3,\"Content\":\"下坡时头在后\",\"IsAnswer\":false},{\"SortOrder\":4,\"Content\":\"让家属推车，护士在旁密切观察\",\"IsAnswer\":true}]",
				"answer": "4",
				"newAnswer": "4",
				"resultAnalysis": "推车运送病人时，不应让家属推车。护士应站在病人的头侧，便于观察病情。",
				"questionScore": 5,
				"isAssignmented": 1,
				"studentAnswer": "4",
				"newStudentAnswer": "4",
				"uploadUrl": "https://upload.icve.com.cn/?space=ssykt&time=637560161219661595&bucket=icve&token=1C0268FBB986A78F819CB3525A052DCB",
				"previewUrl": "",
				"isRight": 1,
				"getScore": 5,
				"bigQuestionId": "",
				"commentary": "",
				"commentaryFileData": [],
				"subQuestionList": []
			},
			{
				"paperStuQuestionId": "cgdoajespzpinaiekz0mqa_19_19",
				"questionId": "v2biazcs5llikejt7hdzoa",
				"questionType": 1,
				"queTypeName": "单选题",
				"sortOrder": 19,
				"title": "<p>男性，30岁，因工作不慎皮肤出现大面积灼烧，病人神志不清。根据对病人病情的判断，护士巡视病房时间应做到</p><p><br/></p>",
				"dataJson": "[{\"SortOrder\":0,\"Content\":\"每日巡视两次\",\"IsAnswer\":false},{\"SortOrder\":1,\"Content\":\"每1小时巡视一次\",\"IsAnswer\":false},{\"SortOrder\":2,\"Content\":\"每2小时巡视一次\",\"IsAnswer\":false},{\"SortOrder\":3,\"Content\":\"专任24小时护理\",\"IsAnswer\":true},{\"SortOrder\":4,\"Content\":\"每班巡视一次\",\"IsAnswer\":false}]",
				"answer": "3",
				"newAnswer": "3",
				"resultAnalysis": "从题干可以得知，病人出现了大面积烧伤，属于特级护理的护理对象；特级护理要求安排专任24小时护理。",
				"questionScore": 5,
				"isAssignmented": 1,
				"studentAnswer": "3",
				"newStudentAnswer": "3",
				"uploadUrl": "https://upload.icve.com.cn/?space=ssykt&time=637560161219661595&bucket=icve&token=1C0268FBB986A78F819CB3525A052DCB",
				"previewUrl": "",
				"isRight": 1,
				"getScore": 5,
				"bigQuestionId": "",
				"commentary": "",
				"commentaryFileData": [],
				"subQuestionList": []
			}
		]
	}
}