﻿<?xml version="1.0" encoding="UTF-8"?><exam><id>20180929092205</id><questions><instructions><![CDATA[A1型题]]></instructions><question><type>1</type><format>text</format><desc><![CDATA[1.肾的滤过作用主要是在哪个部位完成]]></desc><options><option><id>A</id><type>text</type><desc><![CDATA[近端小管]]></desc></option><option><id>B</id><type>text</type><desc><![CDATA[髓袢]]></desc></option><option><id>C</id><type>text</type><desc><![CDATA[远端小管]]></desc></option><option><id>D</id><type>text</type><desc><![CDATA[滤过屏障]]></desc></option><option><id>E</id><type>text</type><desc><![CDATA[集合管]]></desc></option></options><answers><![CDATA[D]]></answers><keypoints><![CDATA[解析：肾的滤过作用是通过肾小球滤过膜的结构来完成。肾小球滤过膜由毛细血管内皮细胞、基膜和肾小囊脏层上皮细胞三层构成，滤过膜具有孔隙的机械屏障和带负电荷的电荷屏障作用，故选D。]]></keypoints></question><question><type>1</type><format>text</format><desc><![CDATA[2.合成和分泌肾素的是]]></desc><options><option><id>A</id><type>text</type><desc><![CDATA[球旁细胞]]></desc></option><option><id>B</id><type>text</type><desc><![CDATA[肾间质细胞]]></desc></option><option><id>C</id><type>text</type><desc><![CDATA[致密斑细胞]]></desc></option><option><id>D</id><type>text</type><desc><![CDATA[系膜细胞]]></desc></option><option><id>E</id><type>text</type><desc><![CDATA[足细胞]]></desc></option></options><answers><![CDATA[A]]></answers><keypoints><![CDATA[解析：肾素是由入球小动脉的球旁细胞分泌的内分泌激素，通过肾素-血管紧张素-醛固酮系统调节轴作用，对全身血流量、血压及细胞外液的相对稳态起到重要作用。]]></keypoints></question><question><type>1</type><format>text</format><desc><![CDATA[3.正常情况下，可通过肾小球滤过膜的血浆成分]]></desc><options><option><id>A</id><type>text</type><desc><![CDATA[葡萄糖]]></desc></option><option><id>B</id><type>text</type><desc><![CDATA[氨基酸]]></desc></option><option><id>C</id><type>text</type><desc><![CDATA[电解质]]></desc></option><option><id>D</id><type>text</type><desc><![CDATA[小分子蛋白质]]></desc></option><option><id>E</id><type>text</type><desc><![CDATA[以上都可通过]]></desc></option></options><answers><![CDATA[E]]></answers><keypoints><![CDATA[解析：肾小球滤过膜是血浆成分滤过形成原尿的结构，由毛细血管内皮细胞、基膜和肾小囊脏层上皮细胞三层构成，具有机械屏障和电荷屏障作用，不允许大分子物质及带负电荷的物质通过，因此允许水、小分子物质和带正电荷物质通过，故选E。]]></keypoints></question><question><type>1</type><format>text</format><desc><![CDATA[4.引起抗利尿激素分泌最敏感的因素是]]></desc><options><option><id>A</id><type>text</type><desc><![CDATA[循环血量减少]]></desc></option><option><id>B</id><type>text</type><desc><![CDATA[血浆晶体渗透压增高]]></desc></option><option><id>C</id><type>text</type><desc><![CDATA[血浆胶体渗透压增高]]></desc></option><option><id>D</id><type>text</type><desc><![CDATA[动脉血压降低]]></desc></option><option><id>E</id><type>text</type><desc><![CDATA[疼痛刺激]]></desc></option></options><answers><![CDATA[B]]></answers><keypoints><![CDATA[解析：抗利尿激素的作用是提高远端小管和集合管对水的通透性，从而增加了水的重吸收量，使尿液浓缩尿量减少而起到抗利尿。因此，机体体内缺水时，如大量出汗、大失血时，即血浆晶体渗透压增高或循环血量减少（以前者为主），导致抗利尿激素分泌量增加，故选B。]]></keypoints></question><question><type>1</type><format>text</format><desc><![CDATA[5.与近髓肾单位相比，皮质肾单位的特点是]]></desc><options><option><id>A</id><type>text</type><desc><![CDATA[数目少而体积大，髓袢长]]></desc></option><option><id>B</id><type>text</type><desc><![CDATA[入球、出球小动脉口径相近]]></desc></option><option><id>C</id><type>text</type><desc><![CDATA[出球小动脉后形成直小血管]]></desc></option><option><id>D</id><type>text</type><desc><![CDATA[肾素含量少]]></desc></option><option><id>E</id><type>text</type><desc><![CDATA[功能侧重于滤过]]></desc></option></options><answers><![CDATA[E]]></answers><keypoints><![CDATA[解析：皮质肾单位约占肾单位总数的80%-90%，入球、出球小动脉口径比值为2：1，因此肾小球毛细血管内压较高，肾小球有效滤过压增高有利于滤过形成原尿，故选E。]]></keypoints></question><question><type>1</type><format>text</format><desc><![CDATA[6.有关近端小管对Na+的重吸收，正确的是]]></desc><options><option><id>A</id><type>text</type><desc><![CDATA[约占滤液量的99%]]></desc></option><option><id>B</id><type>text</type><desc><![CDATA[受肾小球滤过率的影响]]></desc></option><option><id>C</id><type>text</type><desc><![CDATA[与葡萄糖、氨基酸的重吸收率平行]]></desc></option><option><id>D</id><type>text</type><desc><![CDATA[受血管升压素的调节]]></desc></option><option><id>E</id><type>text</type><desc><![CDATA[受醛固酮的调节]]></desc></option></options><answers><![CDATA[B]]></answers><keypoints><![CDATA[解析：醛固酮调节远曲小管对Na+和K+的重吸收，血管升压素只调节水的重吸收；葡萄糖、氨基酸的重吸收需要膜转运蛋白的作用，在近端小管重吸收约65%的Na<sup>+</sup>和水的量，故选B。]]></keypoints></question><question><type>1</type><format>text</format><desc><![CDATA[7.高位截瘫患者早期排尿障碍表规为]]></desc><options><option><id>A</id><type>text</type><desc><![CDATA[尿失禁]]></desc></option><option><id>B</id><type>text</type><desc><![CDATA[尿潴留]]></desc></option><option><id>C</id><type>text</type><desc><![CDATA[无尿]]></desc></option><option><id>D</id><type>text</type><desc><![CDATA[尿崩症]]></desc></option><option><id>E</id><type>text</type><desc><![CDATA[少尿]]></desc></option></options><answers><![CDATA[B]]></answers><keypoints><![CDATA[解析：高位截瘫患者在短时间内脊髓突然失去大脑的控制调节，进入无反应状态。随之，尿液的排泄也进入无反应状态称之为尿潴留，故选B。]]></keypoints></question><question><type>1</type><format>text</format><desc><![CDATA[8.肾小球有效滤过压等于]]></desc><options><option><id>A</id><type>text</type><desc><![CDATA[肾小球毛细血管血压＋血浆胶体渗透压-囊内压]]></desc></option><option><id>B</id><type>text</type><desc><![CDATA[肾小球毛细血管血压-血浆晶体渗透压＋囊内压]]></desc></option><option><id>C</id><type>text</type><desc><![CDATA[肾小球毛细血管血压＋血浆胶体渗透压＋囊内压]]></desc></option><option><id>D</id><type>text</type><desc><![CDATA[肾小球毛细血管血压-血浆晶体渗透压-囊内压]]></desc></option><option><id>E</id><type>text</type><desc><![CDATA[肾小球毛细血管血压-血浆胶体渗透压-囊内压]]></desc></option></options><answers><![CDATA[E]]></answers><keypoints><![CDATA[解析：肾小球有效滤过压是肾小球滤过的动力，由于血浆蛋白不易通透，所以肾小囊的胶体渗透压可以忽略不计，因此形成原尿的力为肾小球毛细血管血压、血浆胶体渗透压和肾小囊囊内压，后两者是滤过的阻力，因此肾小球有效滤过压=肾小球毛细血管血压-血浆胶体渗透压-囊内压，故选E。]]></keypoints></question><question><type>1</type><format>text</format><desc><![CDATA[9.下述情况能导致肾小球滤过率减少的是]]></desc><options><option><id>A</id><type>text</type><desc><![CDATA[血浆胶体渗透压下降]]></desc></option><option><id>B</id><type>text</type><desc><![CDATA[血浆胶体渗透压升高]]></desc></option><option><id>C</id><type>text</type><desc><![CDATA[血浆晶体渗透压下降]]></desc></option><option><id>D</id><type>text</type><desc><![CDATA[血浆晶体渗透压升高]]></desc></option><option><id>E</id><type>text</type><desc><![CDATA[肾小球毛细血管血压升高]]></desc></option></options><answers><![CDATA[B]]></answers><keypoints><![CDATA[解析：影响肾小球滤过率的因素有滤过膜的通透性和面积、有效滤过压及肾血浆流量，其中，血浆胶体渗透压下降、肾小球毛细血管血压升高都会导致肾小球滤过压增加，而血浆晶体渗透压和原尿的晶体渗透压相等，不会对肾小球滤过率产生影响，故选B。]]></keypoints></question><question><type>1</type><format>html</format><desc><![CDATA[10.关于肾小管HCO<sub>3</sub><sup>-</sup>重吸收的叙述，<u><b>错误的是</b></u>]]></desc><options><option><id>A</id><type>text</type><desc><![CDATA[主要在近端小管重吸收]]></desc></option><option><id>B</id><type>text</type><desc><![CDATA[与H<sup>+</sup>的分泌有关]]></desc></option><option><id>C</id><type>text</type><desc><![CDATA[HCO<sub>3</sub><sup>-</sup>是以CO<sub>2</sub>扩散的形式重吸收]]></desc></option><option><id>D</id><type>text</type><desc><![CDATA[HCO<sub>3</sub><sup>-</sup>重吸收需碳酸酐酶的帮助]]></desc></option><option><id>E</id><type>text</type><desc><![CDATA[Cl<sup>-</sup>的重吸收优先于HCO<sub>3</sub><sup>-</sup>的重吸收]]></desc></option></options><answers><![CDATA[E]]></answers><keypoints><![CDATA[解析：HCO<sub>3</sub><sup>-</sup>是以CO<sub>2</sub>扩散的形式在肾小管出进行重吸收。肾小管上皮细胞泌H+，与管腔中的HCO<sub>3</sub><sup>-</sup>在碳酸酐酶的作用下生成CO<sub>2</sub>和H<sub>2</sub>O，CO<sub>2</sub>单纯扩散进入肾小管上皮细胞在碳酸酐酶的作用下生成HCO<sub>3</sub><sup>-</sup>，然后再进入血管，重吸收回血，故选E。]]></keypoints></question><question><type>1</type><format>text</format><desc><![CDATA[11.剧烈运动时，少尿的主要原因是]]></desc><options><option><id>A</id><type>text</type><desc><![CDATA[肾小球毛细血管血压增高]]></desc></option><option><id>B</id><type>text</type><desc><![CDATA[抗利尿激素分泌增多]]></desc></option><option><id>C</id><type>text</type><desc><![CDATA[肾小动脉收缩，肾血流量减少]]></desc></option><option><id>D</id><type>text</type><desc><![CDATA[醛固酮分泌增多]]></desc></option><option><id>E</id><type>text</type><desc><![CDATA[肾小球滤过膜面积减少]]></desc></option></options><answers><![CDATA[C]]></answers><keypoints><![CDATA[解析：剧烈运动时，交感神经兴奋，肾上腺髓质分泌儿茶酚胺增多，使入球小动脉收缩，肾血流量及肾小球滤过率减少，引起排出的终尿量的减少，故选C。]]></keypoints></question><question><type>1</type><format>text</format><desc><![CDATA[12.糖尿出现时，全血血糖浓度至少为]]></desc><options><option><id>A</id><type>text</type><desc><![CDATA[83.33mmol/L（1500mg/dl）]]></desc></option><option><id>B</id><type>text</type><desc><![CDATA[66.67mmol/L（1200mg/dl）]]></desc></option><option><id>C</id><type>text</type><desc><![CDATA[27.78mmol/L（500mg/dl）]]></desc></option><option><id>D</id><type>text</type><desc><![CDATA[11.11mmol/L（200mg/dl）]]></desc></option><option><id>E</id><type>text</type><desc><![CDATA[8.89mmol/L（160mg/dl）]]></desc></option></options><answers><![CDATA[D]]></answers><keypoints><![CDATA[解析：当血液中葡萄糖的浓度大于一定阈值的时候，超过了肾脏对葡萄糖的重吸收能力，此时尿液中可以检测到葡萄糖的存在，此阈值称为肾糖阈，故选D。]]></keypoints></question><question><type>1</type><format>text</format><desc><![CDATA[13.正常人24小时排尿量]]></desc><options><option><id>A</id><type>text</type><desc><![CDATA[大于3000ml]]></desc></option><option><id>B</id><type>text</type><desc><![CDATA[约等于2500ml]]></desc></option><option><id>C</id><type>text</type><desc><![CDATA[2000～2500ml]]></desc></option><option><id>D</id><type>text</type><desc><![CDATA[1000～2000ml]]></desc></option><option><id>E</id><type>text</type><desc><![CDATA[500～1000ml]]></desc></option></options><answers><![CDATA[D]]></answers><keypoints><![CDATA[解析：肾脏的主要功能是泌尿，即通过尿液排出机体内的代谢物质或多余的物质。每天的原尿生成量是180L/24h,正常终尿量约占原尿量的1％，因此由尿道排出的终尿量约为1～2L/24h，故选D。]]></keypoints></question><question><type>1</type><format>text</format><desc><![CDATA[14.正常终尿量约占原尿量的]]></desc><options><option><id>A</id><type>text</type><desc><![CDATA[1％]]></desc></option><option><id>B</id><type>text</type><desc><![CDATA[5％]]></desc></option><option><id>C</id><type>text</type><desc><![CDATA[10％]]></desc></option><option><id>D</id><type>text</type><desc><![CDATA[20％]]></desc></option><option><id>E</id><type>text</type><desc><![CDATA[50％]]></desc></option></options><answers><![CDATA[A]]></answers><keypoints><![CDATA[解析：肾小球滤过率是125ml/min,每天的原尿生成量是180L/24h,最后由尿道排出的终尿量为1～2L/24h，因此99%被肾小管重吸收，而正常终尿量约占原尿量的1％，故选A。]]></keypoints></question><question><type>1</type><format>text</format><desc><![CDATA[15.关于肾小球滤过膜的描述，错误的是]]></desc><options><option><id>A</id><type>text</type><desc><![CDATA[由毛细血管内皮细胞、基膜和肾小囊脏层上皮细胞三层组成]]></desc></option><option><id>B</id><type>text</type><desc><![CDATA[基膜对滤过膜的通透性起重要作用]]></desc></option><option><id>C</id><type>text</type><desc><![CDATA[通透性与被滤过物质分子大小有关]]></desc></option><option><id>D</id><type>text</type><desc><![CDATA[带正电荷分子更易通过]]></desc></option><option><id>E</id><type>text</type><desc><![CDATA[带负电荷分子更易通过]]></desc></option></options><answers><![CDATA[E]]></answers><keypoints><![CDATA[解析：肾小球滤过膜是血浆成分滤过形成原尿的结构，由毛细血管内皮细胞、基膜和肾小囊脏层上皮细胞三层构成，具有机械屏障和电荷屏障作用，不允许大分子物质及带负电荷的物质通过，因此允许水、小分子物质和带正电荷物质通过，故选E。]]></keypoints></question><question><type>1</type><format>text</format><desc><![CDATA[16.肾小球滤过率是指]]></desc><options><option><id>A</id><type>text</type><desc><![CDATA[一侧肾脏每分钟生成的原尿量]]></desc></option><option><id>B</id><type>text</type><desc><![CDATA[两侧肾脏每分钟生成的原尿量]]></desc></option><option><id>C</id><type>text</type><desc><![CDATA[两侧肾脏每分钟生成的尿量]]></desc></option><option><id>D</id><type>text</type><desc><![CDATA[一侧肾脏每分钟生成的尿量]]></desc></option><option><id>E</id><type>text</type><desc><![CDATA[两侧肾脏每分钟的血浆流量]]></desc></option></options><answers><![CDATA[B]]></answers><keypoints><![CDATA[解析：肾小球滤过率是评价肾功能的一项重要指标，即单位时间内两侧肾脏所生成的超滤液（原尿）量称为肾小球滤过率，故选B。]]></keypoints></question><question><type>1</type><format>text</format><desc><![CDATA[17.正常人体使肾小球滤过率增高的因素是]]></desc><options><option><id>A</id><type>text</type><desc><![CDATA[肾小球毛细血管压降低]]></desc></option><option><id>B</id><type>text</type><desc><![CDATA[血浆晶体渗透压升高]]></desc></option><option><id>C</id><type>text</type><desc><![CDATA[血浆胶体渗透压降低]]></desc></option><option><id>D</id><type>text</type><desc><![CDATA[原尿胶体渗透压升高]]></desc></option><option><id>E</id><type>text</type><desc><![CDATA[肾小球血浆流量减少]]></desc></option></options><answers><![CDATA[C]]></answers><keypoints><![CDATA[解析：影响肾小球滤过率的因素有滤过膜的通透性和面积、有效滤过压及肾血浆流量，其中，血浆流量的减少、胶体渗透压升高、肾小球毛细血管血压降低都会导致肾小球滤过压降低，而血浆晶体渗透压和原尿的晶体渗透压相等，不会对肾小球滤过率产生影响，故选C。]]></keypoints></question><question><type>1</type><format>text</format><desc><![CDATA[18.近髓肾单位的主要功能是]]></desc><options><option><id>A</id><type>text</type><desc><![CDATA[释放肾素]]></desc></option><option><id>B</id><type>text</type><desc><![CDATA[分泌醛固酮]]></desc></option><option><id>C</id><type>text</type><desc><![CDATA[释放ADH]]></desc></option><option><id>D</id><type>text</type><desc><![CDATA[排泄钠、氯]]></desc></option><option><id>E</id><type>text</type><desc><![CDATA[浓缩与稀释尿液]]></desc></option></options><answers><![CDATA[E]]></answers><keypoints><![CDATA[解析：近髓肾单位的髓袢长而深入到肾髓质层，且与直小血管均成“U”型结构，有利于肾小管外渗透压梯度的形成，调节肾小管和集合管对水的重吸收，所以主要功能是浓缩和稀释尿液，故选E。]]></keypoints></question></questions><questions><instructions><![CDATA[A2型题]]></instructions><question><type>1</type><format>text</format><desc><![CDATA[19.某患者多食、多饮、多尿，血糖浓度为180mg/100ml，尿糖（+）。其尿量增加的主要原因是]]></desc><options><option><id>A</id><type>text</type><desc><![CDATA[肾小球滤过率增加]]></desc></option><option><id>B</id><type>text</type><desc><![CDATA[血浆晶体渗透压升高]]></desc></option><option><id>C</id><type>text</type><desc><![CDATA[肾小管中溶质浓度增加]]></desc></option><option><id>D</id><type>text</type><desc><![CDATA[肾小管分泌增加]]></desc></option><option><id>E</id><type>text</type><desc><![CDATA[醛固酮分泌增加]]></desc></option></options><answers><![CDATA[C]]></answers><keypoints><![CDATA[解析：小管液中的溶质所形成的渗透压是对抗肾小管重吸收水分的力量。若小管液中未被吸收的溶质浓度增加，造成小管液的渗透压增大，将会妨碍肾小管对水的重吸收。由此而形成的利尿作用称为渗透性利尿，故选C。]]></keypoints></question><question><type>1</type><format>text</format><desc><![CDATA[20.病者男性，55岁，患慢性肾小球肾炎15年，近月来精神萎靡，纳差，尿量少于100ml/24h,下腹无胀痛，空虚，请评估该患者的排尿形态为]]></desc><options><option><id>A</id><type>text</type><desc><![CDATA[尿失禁]]></desc></option><option><id>B</id><type>text</type><desc><![CDATA[无尿]]></desc></option><option><id>C</id><type>text</type><desc><![CDATA[少尿]]></desc></option><option><id>D</id><type>text</type><desc><![CDATA[尿潴留]]></desc></option><option><id>E</id><type>text</type><desc><![CDATA[排尿正常]]></desc></option></options><answers><![CDATA[B]]></answers><keypoints><![CDATA[解析：一般情况下，正常人24小时尿量在1500ml左右。若尿量经常超过2500ml者称为多尿；尿量少于500ml/24h者称为少尿；尿量少于100ml/24h者称为无尿，故选B。]]></keypoints></question></questions></exam>