﻿<?xml version="1.0" encoding="UTF-8"?><exam><id>20180929092850</id><questions><instructions><![CDATA[A1型题]]></instructions><question><type>1</type><format>text</format><desc><![CDATA[1.人唾液中含有的酶是]]></desc><options><option><id>A</id><type>text</type><desc><![CDATA[脂肪酶和蛋白酶]]></desc></option><option><id>B</id><type>text</type><desc><![CDATA[脂肪酶和溶菌酶]]></desc></option><option><id>C</id><type>text</type><desc><![CDATA[淀粉酶和溶菌酶]]></desc></option><option><id>D</id><type>text</type><desc><![CDATA[淀粉酶和脂肪酶]]></desc></option><option><id>E</id><type>text</type><desc><![CDATA[蛋白酶和溶菌酶]]></desc></option></options><answers><![CDATA[C]]></answers></question><question><type>1</type><format>text</format><desc><![CDATA[2.在胃液中可激活胃蛋白酶原、促进铁和钙吸收的成分是]]></desc><options><option><id>A</id><type>text</type><desc><![CDATA[粘液]]></desc></option><option><id>B</id><type>text</type><desc><![CDATA[盐酸]]></desc></option><option><id>C</id><type>text</type><desc><![CDATA[内因子]]></desc></option><option><id>D</id><type>text</type><desc><![CDATA[碳酸]]></desc></option><option><id>E</id><type>text</type><desc><![CDATA[维生素B<sub>12</sub>]]></desc></option></options><answers><![CDATA[B]]></answers></question><question><type>1</type><format>text</format><desc><![CDATA[3.胃蛋白酶作用的最适pH是]]></desc><options><option><id>A</id><type>text</type><desc><![CDATA[0.2～0.3]]></desc></option><option><id>B</id><type>text</type><desc><![CDATA[2.0～3.5]]></desc></option><option><id>C</id><type>text</type><desc><![CDATA[4.0～5.5]]></desc></option><option><id>D</id><type>text</type><desc><![CDATA[5.6～6.5]]></desc></option><option><id>E</id><type>text</type><desc><![CDATA[6.5～7.2]]></desc></option></options><answers><![CDATA[B]]></answers></question><question><type>1</type><format>text</format><desc><![CDATA[4.参与构成胃黏膜屏障的主要离子是]]></desc><options><option><id>A</id><type>text</type><desc><![CDATA[Na<sup>+</sup>]]></desc></option><option><id>B</id><type>text</type><desc><![CDATA[Ca<sup>2+</sup>]]></desc></option><option><id>C</id><type>text</type><desc><![CDATA[H<sup>+</sup>]]></desc></option><option><id>D</id><type>text</type><desc><![CDATA[HCO<sub>3</sub><sup>-</sup>]]></desc></option><option><id>E</id><type>text</type><desc><![CDATA[Cl<sup>-</sup>]]></desc></option></options><answers><![CDATA[D]]></answers></question><question><type>1</type><format>text</format><desc><![CDATA[5.胃黏膜处于高酸和胃蛋白酶的环境中，却并不被消化是由于]]></desc><options><option><id>A</id><type>text</type><desc><![CDATA[粘液屏障]]></desc></option><option><id>B</id><type>text</type><desc><![CDATA[碳酸盐屏障]]></desc></option><option><id>C</id><type>text</type><desc><![CDATA[粘液-碳酸氢盐屏障和胃黏膜屏障]]></desc></option><option><id>D</id><type>text</type><desc><![CDATA[粘液细胞保护]]></desc></option><option><id>E</id><type>text</type><desc><![CDATA[粘液凝胶层保护]]></desc></option></options><answers><![CDATA[C]]></answers><keypoints><![CDATA[解析：胃黏膜存在粘液-碳酸氢盐屏障，可有效地阻挡H<sup>+</sup>向胃黏膜扩散，保护胃黏膜免受强酸的侵蚀。此外，胃黏膜上皮细胞顶端相邻细胞膜之间存在紧密连接，具有防止H<sup>+</sup>向黏膜内扩散，称为胃黏膜屏障。]]></keypoints></question><question><type>1</type><format>text</format><desc><![CDATA[6.内因子促进下列何种物质吸收]]></desc><options><option><id>A</id><type>text</type><desc><![CDATA[铁]]></desc></option><option><id>B</id><type>text</type><desc><![CDATA[钙]]></desc></option><option><id>C</id><type>text</type><desc><![CDATA[维生素K]]></desc></option><option><id>D</id><type>text</type><desc><![CDATA[维生素B<sub>12</sub>]]></desc></option><option><id>E</id><type>text</type><desc><![CDATA[胆盐]]></desc></option></options><answers><![CDATA[D]]></answers><keypoints><![CDATA[解析：内因子为胃腺壁细胞分泌的—种糖蛋白，它有两个活性部位，一个部位与进入胃内的维生素B<sub>12</sub>结合成复合物，保护维生素B<sub>12</sub>不被小肠内水解酶的破坏；另一个部位与回肠黏膜上皮细胞的受体结合，促进维生素B<sub>12</sub>的吸收。]]></keypoints></question><question><type>1</type><format>html</format><desc><![CDATA[7.有关胃黏膜自身防御<u><b>错误</b></u>的是]]></desc><options><option><id>A</id><type>text</type><desc><![CDATA[胃黏膜血流丰富]]></desc></option><option><id>B</id><type>text</type><desc><![CDATA[酒精、阿司匹林等可破坏胃黏膜屏障作用]]></desc></option><option><id>C</id><type>text</type><desc><![CDATA[可有效地阻挡Na<sup>+</sup>从胃腔侵入胃黏膜内]]></desc></option><option><id>D</id><type>text</type><desc><![CDATA[胃黏膜局部存在前列腺素类物质，具有细胞保护作用]]></desc></option><option><id>E</id><type>text</type><desc><![CDATA[胃上皮细胞的顶端膜及细胞之间存在着紧密连接]]></desc></option></options><answers><![CDATA[C]]></answers></question><question><type>1</type><format>html</format><desc><![CDATA[8.对胃液中盐酸作用的描述，<u><b>错误</b></u>的是]]></desc><options><option><id>A</id><type>text</type><desc><![CDATA[激活胃蛋白酶原]]></desc></option><option><id>B</id><type>text</type><desc><![CDATA[提供胃蛋白酶所需的最适宜的pH环境]]></desc></option><option><id>C</id><type>text</type><desc><![CDATA[使蛋白质变性，易于水解]]></desc></option><option><id>D</id><type>text</type><desc><![CDATA[杀死进入胃内的细菌]]></desc></option><option><id>E</id><type>text</type><desc><![CDATA[进入小肠后抑制胰液的分泌]]></desc></option></options><answers><![CDATA[E]]></answers><keypoints><![CDATA[解析：胃液中的盐酸又称胃酸，由胃腺壁细胞分泌。盐酸的主要作用有：①激活无活性的胃蛋白酶原，使之转变成有活性的胃蛋白酶，并为胃蛋白酶提供适宜的酸性环境；②使食物中的蛋白质变性，易于消化；③可杀死进入胃内的细菌；④盐酸进入小肠后可促进钙、铁的吸收；⑤盐酸进入小肠后可促进胰液、胆汁和小肠液的分泌。]]></keypoints></question><question><type>1</type><format>text</format><desc><![CDATA[9.混合食物由胃完全排空通常需要]]></desc><options><option><id>A</id><type>text</type><desc><![CDATA[1～1.5小时]]></desc></option><option><id>B</id><type>text</type><desc><![CDATA[2～3小时]]></desc></option><option><id>C</id><type>text</type><desc><![CDATA[4～6小时]]></desc></option><option><id>D</id><type>text</type><desc><![CDATA[7～8小时]]></desc></option><option><id>E</id><type>text</type><desc><![CDATA[12～24小时]]></desc></option></options><answers><![CDATA[C]]></answers></question><question><type>1</type><format>text</format><desc><![CDATA[10.激活胰液中胰蛋白酶原的是]]></desc><options><option><id>A</id><type>text</type><desc><![CDATA[盐酸]]></desc></option><option><id>B</id><type>text</type><desc><![CDATA[胆汁]]></desc></option><option><id>C</id><type>text</type><desc><![CDATA[内因子]]></desc></option><option><id>D</id><type>text</type><desc><![CDATA[肠激酶和胰蛋白酶]]></desc></option><option><id>E</id><type>text</type><desc><![CDATA[胰蛋白酶和糜蛋白酶]]></desc></option></options><answers><![CDATA[D]]></answers><keypoints><![CDATA[解析：小肠液中的肠激酶是激活胰蛋白酶原的特异性酶，在肠激酶的作用下，胰蛋白酶原转变为胰蛋白酶。]]></keypoints></question><question><type>1</type><format>text</format><desc><![CDATA[11.糜蛋白酶原的激活有赖于]]></desc><options><option><id>A</id><type>text</type><desc><![CDATA[盐酸]]></desc></option><option><id>B</id><type>text</type><desc><![CDATA[肠激酶]]></desc></option><option><id>C</id><type>text</type><desc><![CDATA[胰蛋白酶]]></desc></option><option><id>D</id><type>text</type><desc><![CDATA[碳酸氢盐]]></desc></option><option><id>E</id><type>text</type><desc><![CDATA[组织液]]></desc></option></options><answers><![CDATA[C]]></answers><keypoints><![CDATA[解析：胰蛋白酶通过正反馈自身激活胰蛋白酶原，同时又可将糜蛋白酶原激活为糜蛋白酶。]]></keypoints></question><question><type>1</type><format>text</format><desc><![CDATA[12.胆汁中与脂肪消化关系密切的成分是]]></desc><options><option><id>A</id><type>text</type><desc><![CDATA[胆固醇]]></desc></option><option><id>B</id><type>text</type><desc><![CDATA[卵磷脂]]></desc></option><option><id>C</id><type>text</type><desc><![CDATA[胆色素]]></desc></option><option><id>D</id><type>text</type><desc><![CDATA[胆盐]]></desc></option><option><id>E</id><type>text</type><desc><![CDATA[脂肪酸]]></desc></option></options><answers><![CDATA[D]]></answers></question><question><type>1</type><format>text</format><desc><![CDATA[13.胆盐的吸收主要部位在]]></desc><options><option><id>A</id><type>text</type><desc><![CDATA[胃]]></desc></option><option><id>B</id><type>text</type><desc><![CDATA[十二指肠]]></desc></option><option><id>C</id><type>text</type><desc><![CDATA[空肠]]></desc></option><option><id>D</id><type>text</type><desc><![CDATA[回肠]]></desc></option><option><id>E</id><type>text</type><desc><![CDATA[总胆管]]></desc></option></options><answers><![CDATA[D]]></answers></question><question><type>1</type><format>text</format><desc><![CDATA[14.对缩胆囊素的生理作用描述，正确的是]]></desc><options><option><id>A</id><type>text</type><desc><![CDATA[促进胰液中水，HCO<sub>3</sub><sup>-</sup>的分泌]]></desc></option><option><id>B</id><type>text</type><desc><![CDATA[抑制胃液分泌]]></desc></option><option><id>C</id><type>text</type><desc><![CDATA[抑制小肠的运动]]></desc></option><option><id>D</id><type>text</type><desc><![CDATA[促进胆囊收缩和胰液中消化酶的分泌]]></desc></option><option><id>E</id><type>text</type><desc><![CDATA[抑制胰腺外分泌组织增长]]></desc></option></options><answers><![CDATA[D]]></answers></question><question><type>1</type><format>text</format><desc><![CDATA[15.胆盐可与脂肪分解产物形成水溶性复合物，聚合形成]]></desc><options><option><id>A</id><type>text</type><desc><![CDATA[乳糜微粒]]></desc></option><option><id>B</id><type>text</type><desc><![CDATA[载脂小体]]></desc></option><option><id>C</id><type>text</type><desc><![CDATA[微胶粒]]></desc></option><option><id>D</id><type>text</type><desc><![CDATA[载脂蛋白]]></desc></option><option><id>E</id><type>text</type><desc><![CDATA[混合乳糜微粒]]></desc></option></options><answers><![CDATA[C]]></answers></question><question><type>1</type><format>text</format><desc><![CDATA[16.关于胆盐的肠-肝循环，正确的是]]></desc><options><option><id>A</id><type>text</type><desc><![CDATA[胆盐在空肠末端被吸收]]></desc></option><option><id>B</id><type>text</type><desc><![CDATA[由肝静脉返肝脏]]></desc></option><option><id>C</id><type>text</type><desc><![CDATA[每次重吸收约70％]]></desc></option><option><id>D</id><type>text</type><desc><![CDATA[胆盐的肠-肝循环收缩胆囊作用明显]]></desc></option><option><id>E</id><type>text</type><desc><![CDATA[返回的胆盐对胆汁分泌有促进作用]]></desc></option></options><answers><![CDATA[E]]></answers><keypoints><![CDATA[解析：随胆汁进入小肠的胆盐，约95%在回肠末端被吸收入血，通过肝门静脉重新回到肝，再次参与组成胆汁成分，此过程称为胆盐的肠-肝循环]]></keypoints></question><question><type>1</type><format>text</format><desc><![CDATA[17.下列哪一种酶是由小肠腺分泌的]]></desc><options><option><id>A</id><type>text</type><desc><![CDATA[肠淀粉酶]]></desc></option><option><id>B</id><type>text</type><desc><![CDATA[胰脂肪酶]]></desc></option><option><id>C</id><type>text</type><desc><![CDATA[肠激酶]]></desc></option><option><id>D</id><type>text</type><desc><![CDATA[胆固醇脂酶]]></desc></option><option><id>E</id><type>text</type><desc><![CDATA[核糖核酸酶]]></desc></option></options><answers><![CDATA[C]]></answers></question><question><type>1</type><format>text</format><desc><![CDATA[18.下列哪种形式运动是胃肠其他运动形式的基础]]></desc><options><option><id>A</id><type>text</type><desc><![CDATA[蠕动]]></desc></option><option><id>B</id><type>text</type><desc><![CDATA[逆蠕动]]></desc></option><option><id>C</id><type>text</type><desc><![CDATA[紧张性收缩]]></desc></option><option><id>D</id><type>text</type><desc><![CDATA[分节运动]]></desc></option><option><id>E</id><type>text</type><desc><![CDATA[容受性收缩]]></desc></option></options><answers><![CDATA[C]]></answers><keypoints><![CDATA[解析：张性收缩是胃肠道各种运动的基础。其意义在于保持消化道一定的形状和位置，并维持消化道内一定的压力。]]></keypoints></question><question><type>1</type><format>html</format><desc><![CDATA[19.对大肠内消化描述，<u><b>错误</b></u>的是]]></desc><options><option><id>A</id><type>text</type><desc><![CDATA[大肠液的pH为8.3～8.4]]></desc></option><option><id>B</id><type>text</type><desc><![CDATA[大肠能吸收水]]></desc></option><option><id>C</id><type>text</type><desc><![CDATA[大肠运动强而快]]></desc></option><option><id>D</id><type>text</type><desc><![CDATA[对刺激反应较迟缓]]></desc></option><option><id>E</id><type>text</type><desc><![CDATA[储存粪便]]></desc></option></options><answers><![CDATA[C]]></answers></question><question><type>1</type><format>text</format><desc><![CDATA[20.大肠内的细菌可合成]]></desc><options><option><id>A</id><type>text</type><desc><![CDATA[维生素A]]></desc></option><option><id>B</id><type>text</type><desc><![CDATA[维生素C]]></desc></option><option><id>C</id><type>text</type><desc><![CDATA[维生素D]]></desc></option><option><id>D</id><type>text</type><desc><![CDATA[维生素E]]></desc></option><option><id>E</id><type>text</type><desc><![CDATA[维生素K]]></desc></option></options><answers><![CDATA[E]]></answers><keypoints><![CDATA[解析：大肠内的细菌还可利用肠内某些简单物质合成B族维生素和维生素K，经肠壁吸收后被机体所利用。]]></keypoints></question><question><type>1</type><format>text</format><desc><![CDATA[21.排便反射的初级中枢位于]]></desc><options><option><id>A</id><type>text</type><desc><![CDATA[脊髓腰骶段]]></desc></option><option><id>B</id><type>text</type><desc><![CDATA[脊髓胸腰段]]></desc></option><option><id>C</id><type>text</type><desc><![CDATA[延髓]]></desc></option><option><id>D</id><type>text</type><desc><![CDATA[脑桥]]></desc></option><option><id>E</id><type>text</type><desc><![CDATA[中脑]]></desc></option></options><answers><![CDATA[A]]></answers></question><question><type>1</type><format>text</format><desc><![CDATA[22.营养物质吸收最主要的部位是]]></desc><options><option><id>A</id><type>text</type><desc><![CDATA[食管]]></desc></option><option><id>B</id><type>text</type><desc><![CDATA[口腔]]></desc></option><option><id>C</id><type>text</type><desc><![CDATA[胃]]></desc></option><option><id>D</id><type>text</type><desc><![CDATA[小肠]]></desc></option><option><id>E</id><type>text</type><desc><![CDATA[大肠]]></desc></option></options><answers><![CDATA[D]]></answers></question><question><type>1</type><format>text</format><desc><![CDATA[23.吸收后以淋巴管为主要转运途径的物质是]]></desc><options><option><id>A</id><type>text</type><desc><![CDATA[单糖]]></desc></option><option><id>B</id><type>text</type><desc><![CDATA[氨基酸]]></desc></option><option><id>C</id><type>text</type><desc><![CDATA[乳糜微粒]]></desc></option><option><id>D</id><type>text</type><desc><![CDATA[短链脂肪酸]]></desc></option><option><id>E</id><type>text</type><desc><![CDATA[无机盐]]></desc></option></options><answers><![CDATA[C]]></answers></question><question><type>1</type><format>html</format><desc><![CDATA[24.维生素B<sub>12</sub>的主要吸收部位是]]></desc><options><option><id>A</id><type>text</type><desc><![CDATA[胃]]></desc></option><option><id>B</id><type>text</type><desc><![CDATA[十二指肠]]></desc></option><option><id>C</id><type>text</type><desc><![CDATA[空肠]]></desc></option><option><id>D</id><type>text</type><desc><![CDATA[回肠]]></desc></option><option><id>E</id><type>text</type><desc><![CDATA[结肠]]></desc></option></options><answers><![CDATA[D]]></answers></question></questions></exam>