﻿<?xml version="1.0" encoding="UTF-8"?><exam><id>20180929095326</id><questions><instructions><![CDATA[A1型题]]></instructions><question><type>1</type><format>text</format><desc><![CDATA[1.当用光照射左眼时]]></desc><options><option><id>A</id><type>text</type><desc><![CDATA[左瞳孔缩小]]></desc></option><option><id>B</id><type>text</type><desc><![CDATA[右瞳孔缩小]]></desc></option><option><id>C</id><type>text</type><desc><![CDATA[两侧瞳孔都缩小]]></desc></option><option><id>D</id><type>text</type><desc><![CDATA[两侧瞳孔都不变]]></desc></option><option><id>E</id><type>text</type><desc><![CDATA[以上都不是]]></desc></option></options><answers><![CDATA[C]]></answers></question><question><type>1</type><format>text</format><desc><![CDATA[2.瞳孔对光反射中枢位于]]></desc><options><option><id>A</id><type>text</type><desc><![CDATA[枕叶皮质]]></desc></option><option><id>B</id><type>text</type><desc><![CDATA[丘脑外侧膝状体]]></desc></option><option><id>C</id><type>text</type><desc><![CDATA[中脑]]></desc></option><option><id>D</id><type>text</type><desc><![CDATA[脑桥]]></desc></option><option><id>E</id><type>text</type><desc><![CDATA[延髓]]></desc></option></options><answers><![CDATA[C]]></answers></question><question><type>1</type><format>text</format><desc><![CDATA[3.看近物时，对视觉调节的描述正确的是]]></desc><options><option><id>A</id><type>text</type><desc><![CDATA[晶状体变凸，瞳孔扩大]]></desc></option><option><id>B</id><type>text</type><desc><![CDATA[晶状体变凸，瞳孔缩小]]></desc></option><option><id>C</id><type>text</type><desc><![CDATA[晶状体变扁平，瞳孔缩小]]></desc></option><option><id>D</id><type>text</type><desc><![CDATA[晶状体变扁平，瞳孔扩大]]></desc></option><option><id>E</id><type>text</type><desc><![CDATA[晶状体变凸，瞳孔不变]]></desc></option></options><answers><![CDATA[B]]></answers></question><question><type>1</type><format>text</format><desc><![CDATA[4.视网膜上的感光细胞为]]></desc><options><option><id>A</id><type>text</type><desc><![CDATA[色素上皮细胞]]></desc></option><option><id>B</id><type>text</type><desc><![CDATA[视锥和视杆细胞]]></desc></option><option><id>C</id><type>text</type><desc><![CDATA[双极细胞]]></desc></option><option><id>D</id><type>text</type><desc><![CDATA[神经节细胞]]></desc></option><option><id>E</id><type>text</type><desc><![CDATA[水平细胞]]></desc></option></options><answers><![CDATA[B]]></answers></question><question><type>1</type><format>text</format><desc><![CDATA[5.眼作最大调节后能看清物体的最近距离为]]></desc><options><option><id>A</id><type>text</type><desc><![CDATA[节点]]></desc></option><option><id>B</id><type>text</type><desc><![CDATA[前主焦点]]></desc></option><option><id>C</id><type>text</type><desc><![CDATA[后主焦点]]></desc></option><option><id>D</id><type>text</type><desc><![CDATA[远点]]></desc></option><option><id>E</id><type>text</type><desc><![CDATA[近点]]></desc></option></options><answers><![CDATA[E]]></answers></question><question><type>1</type><format>text</format><desc><![CDATA[6.悬韧带的放松可使]]></desc><options><option><id>A</id><type>text</type><desc><![CDATA[瞳孔缩小]]></desc></option><option><id>B</id><type>text</type><desc><![CDATA[晶状体凸度增加]]></desc></option><option><id>C</id><type>text</type><desc><![CDATA[晶状体凸度减少]]></desc></option><option><id>D</id><type>text</type><desc><![CDATA[角膜曲度增加]]></desc></option><option><id>E</id><type>text</type><desc><![CDATA[角膜曲度减少]]></desc></option></options><answers><![CDATA[B]]></answers></question><question><type>1</type><format>text</format><desc><![CDATA[7.散光眼的产生原因为]]></desc><options><option><id>A</id><type>text</type><desc><![CDATA[晶状体曲率半径过小]]></desc></option><option><id>B</id><type>text</type><desc><![CDATA[眼球前后径过长]]></desc></option><option><id>C</id><type>text</type><desc><![CDATA[角膜表面在不同方向上的曲率半径不同]]></desc></option><option><id>D</id><type>text</type><desc><![CDATA[眼球前后径过短]]></desc></option><option><id>E</id><type>text</type><desc><![CDATA[睫状肌疲劳或萎缩]]></desc></option></options><answers><![CDATA[C]]></answers></question><question><type>1</type><format>text</format><desc><![CDATA[8.视网膜感光细胞几乎全为视锥细胞的是]]></desc><options><option><id>A</id><type>text</type><desc><![CDATA[黄斑]]></desc></option><option><id>B</id><type>text</type><desc><![CDATA[中央凹]]></desc></option><option><id>C</id><type>text</type><desc><![CDATA[视神经]]></desc></option><option><id>D</id><type>text</type><desc><![CDATA[视乳头]]></desc></option><option><id>E</id><type>text</type><desc><![CDATA[视网膜周边部]]></desc></option></options><answers><![CDATA[B]]></answers></question><question><type>1</type><format>text</format><desc><![CDATA[9.下列颜色视野中，范围最小的为]]></desc><options><option><id>A</id><type>text</type><desc><![CDATA[黄色]]></desc></option><option><id>B</id><type>text</type><desc><![CDATA[白色]]></desc></option><option><id>C</id><type>text</type><desc><![CDATA[绿色]]></desc></option><option><id>D</id><type>text</type><desc><![CDATA[红色]]></desc></option><option><id>E</id><type>text</type><desc><![CDATA[蓝色]]></desc></option></options><answers><![CDATA[C]]></answers></question><question><type>1</type><format>text</format><desc><![CDATA[10.视锥系统的特点是]]></desc><options><option><id>A</id><type>text</type><desc><![CDATA[对光敏感低，能辨颜色，分辨能力高]]></desc></option><option><id>B</id><type>text</type><desc><![CDATA[对光敏感低，不能辨颜色，分辨能力高]]></desc></option><option><id>C</id><type>text</type><desc><![CDATA[对光敏感高，能辨颜色，分辨能力高]]></desc></option><option><id>D</id><type>text</type><desc><![CDATA[对光敏感高，不能辨颜色，分辨能力高]]></desc></option><option><id>E</id><type>text</type><desc><![CDATA[对光敏感低，不能辨颜色，分辨能力低]]></desc></option></options><answers><![CDATA[A]]></answers></question><question><type>1</type><format>text</format><desc><![CDATA[11.视杆细胞的感光色素是]]></desc><options><option><id>A</id><type>text</type><desc><![CDATA[视紫红质]]></desc></option><option><id>B</id><type>text</type><desc><![CDATA[视黄醛]]></desc></option><option><id>C</id><type>text</type><desc><![CDATA[视紫蓝质]]></desc></option><option><id>D</id><type>text</type><desc><![CDATA[视紫绿质]]></desc></option><option><id>E</id><type>text</type><desc><![CDATA[视蛋白]]></desc></option></options><answers><![CDATA[A]]></answers></question><question><type>1</type><format>text</format><desc><![CDATA[12.远视眼矫正应戴]]></desc><options><option><id>A</id><type>text</type><desc><![CDATA[棱镜]]></desc></option><option><id>B</id><type>text</type><desc><![CDATA[平面镜]]></desc></option><option><id>C</id><type>text</type><desc><![CDATA[凹透镜]]></desc></option><option><id>D</id><type>text</type><desc><![CDATA[凸透镜]]></desc></option><option><id>E</id><type>text</type><desc><![CDATA[圆柱透镜]]></desc></option></options><answers><![CDATA[D]]></answers></question><question><type>1</type><format>text</format><desc><![CDATA[13.正常人耳能感受的振动频率区域为]]></desc><options><option><id>A</id><type>text</type><desc><![CDATA[0～16Hz]]></desc></option><option><id>B</id><type>text</type><desc><![CDATA[20～20000Hz]]></desc></option><option><id>C</id><type>text</type><desc><![CDATA[1000～3000Hz]]></desc></option><option><id>D</id><type>text</type><desc><![CDATA[3000～30000Hz]]></desc></option><option><id>E</id><type>text</type><desc><![CDATA[30000～40000Hz]]></desc></option></options><answers><![CDATA[B]]></answers></question><question><type>1</type><format>text</format><desc><![CDATA[14.鼓膜穿孔引起]]></desc><options><option><id>A</id><type>text</type><desc><![CDATA[低频听力受损]]></desc></option><option><id>B</id><type>text</type><desc><![CDATA[高频听力受损]]></desc></option><option><id>C</id><type>text</type><desc><![CDATA[听力无影响]]></desc></option><option><id>D</id><type>text</type><desc><![CDATA[传音性耳聋]]></desc></option><option><id>E</id><type>text</type><desc><![CDATA[感音性耳聋]]></desc></option></options><answers><![CDATA[D]]></answers></question><question><type>1</type><format>text</format><desc><![CDATA[15.耳蜗神经病变引起]]></desc><options><option><id>A</id><type>text</type><desc><![CDATA[低频听力受损]]></desc></option><option><id>B</id><type>text</type><desc><![CDATA[高频听力受损]]></desc></option><option><id>C</id><type>text</type><desc><![CDATA[听力无影响]]></desc></option><option><id>D</id><type>text</type><desc><![CDATA[传音性耳聋]]></desc></option><option><id>E</id><type>text</type><desc><![CDATA[感音性耳聋]]></desc></option></options><answers><![CDATA[E]]></answers></question></questions></exam>