﻿<?xml version="1.0" encoding="UTF-8"?><exam><id>20180929093134</id><questions><instructions><![CDATA[A1型题]]></instructions><question><type>1</type><format>text</format><desc><![CDATA[1.呼吸机的工作原理是造成]]></desc><options><option><id>A</id><type>text</type><desc><![CDATA[呼吸运动]]></desc></option><option><id>B</id><type>text</type><desc><![CDATA[肺泡内压]]></desc></option><option><id>C</id><type>text</type><desc><![CDATA[大气压]]></desc></option><option><id>D</id><type>text</type><desc><![CDATA[肺内压与大气压之差]]></desc></option><option><id>E</id><type>text</type><desc><![CDATA[胸内压与大气压之差]]></desc></option></options><answers><![CDATA[D]]></answers><keypoints><![CDATA[解析：气体进出肺泡的直接动力是肺内压与大气压之差，因此人为的造成二者之间的周期性变化是人工呼吸的原理所在。]]></keypoints></question><question><type>1</type><format>text</format><desc><![CDATA[2.正常情况下呼吸的方式是]]></desc><options><option><id>A</id><type>text</type><desc><![CDATA[腹式呼吸]]></desc></option><option><id>B</id><type>text</type><desc><![CDATA[胸式呼吸]]></desc></option><option><id>C</id><type>text</type><desc><![CDATA[混合式呼吸]]></desc></option><option><id>D</id><type>text</type><desc><![CDATA[主动呼吸]]></desc></option><option><id>E</id><type>text</type><desc><![CDATA[被动呼吸]]></desc></option></options><answers><![CDATA[C]]></answers><keypoints><![CDATA[解析：正常成人的呼吸模式是胸式与腹式呼吸共存的混合式呼吸方式。]]></keypoints></question><question><type>1</type><format>text</format><desc><![CDATA[3.下列部位中，二氧化碳分压最高的部位是]]></desc><options><option><id>A</id><type>text</type><desc><![CDATA[空气]]></desc></option><option><id>B</id><type>text</type><desc><![CDATA[肺泡]]></desc></option><option><id>C</id><type>text</type><desc><![CDATA[动脉血]]></desc></option><option><id>D</id><type>text</type><desc><![CDATA[静脉血]]></desc></option><option><id>E</id><type>text</type><desc><![CDATA[组织部位]]></desc></option></options><answers><![CDATA[E]]></answers><keypoints><![CDATA[解析：组织细胞代谢需要消耗氧气，产生二氧化碳，所以组织部位二氧化碳分压最高。]]></keypoints></question><question><type>1</type><format>text</format><desc><![CDATA[4.调节呼吸最重要的生理性体液因素是]]></desc><options><option><id>A</id><type>text</type><desc><![CDATA[H<sup>+</sup>]]></desc></option><option><id>B</id><type>text</type><desc><![CDATA[HCO<sub>3</sub><sup>-</sup>]]></desc></option><option><id>C</id><type>text</type><desc><![CDATA[CO<sub>２</sub>]]></desc></option><option><id>D</id><type>text</type><desc><![CDATA[Cl<sup>-</sup>]]></desc></option><option><id>E</id><type>text</type><desc><![CDATA[O<sub>２</sub>]]></desc></option></options><answers><![CDATA[C]]></answers><keypoints><![CDATA[解析：CO<sub>２</sub>是调节呼吸及维持呼吸中枢兴奋性必不可少的条件，是调节呼吸最重要的生理性体液因素。]]></keypoints></question><question><type>1</type><format>html</format><desc><![CDATA[5.血液中H<sup>+</sup>对呼吸的刺激主要是通过]]></desc><options><option><id>A</id><type>text</type><desc><![CDATA[直接刺激中枢的呼吸神经元]]></desc></option><option><id>B</id><type>text</type><desc><![CDATA[刺激中枢的化学感受器]]></desc></option><option><id>C</id><type>text</type><desc><![CDATA[刺激颈动脉窦和主动脉弓感受器]]></desc></option><option><id>D</id><type>text</type><desc><![CDATA[刺激颈动脉体和主动脉体感受器]]></desc></option><option><id>E</id><type>text</type><desc><![CDATA[抑制颈动脉体和主动脉体感受器]]></desc></option></options><answers><![CDATA[D]]></answers><keypoints><![CDATA[解析：血液中的H<sup>+</sup>不易透过血脑屏障，其对呼吸的调节作用主要是通过刺激外周化学感受器实现的。]]></keypoints></question><question><type>1</type><format>text</format><desc><![CDATA[6.肺牵张反射的传入神经是]]></desc><options><option><id>A</id><type>text</type><desc><![CDATA[迷走神经]]></desc></option><option><id>B</id><type>text</type><desc><![CDATA[交感神经]]></desc></option><option><id>C</id><type>text</type><desc><![CDATA[窦神经]]></desc></option><option><id>D</id><type>text</type><desc><![CDATA[主动脉神经]]></desc></option><option><id>E</id><type>text</type><desc><![CDATA[膈神经]]></desc></option></options><answers><![CDATA[A]]></answers><keypoints><![CDATA[解析：肺牵张反射是指肺扩张或肺缩小时引起吸气抑制或吸气兴奋的反射，其传入神经为迷走神经。]]></keypoints></question><question><type>1</type><format>text</format><desc><![CDATA[7.平静呼吸时，吸气末胸内压]]></desc><options><option><id>A</id><type>text</type><desc><![CDATA[等于大气压与胸内压之和]]></desc></option><option><id>B</id><type>text</type><desc><![CDATA[高于大气压]]></desc></option><option><id>C</id><type>text</type><desc><![CDATA[等于大气压]]></desc></option><option><id>D</id><type>text</type><desc><![CDATA[等于肺内压]]></desc></option><option><id>E</id><type>text</type><desc><![CDATA[低于大气压]]></desc></option></options><answers><![CDATA[E]]></answers><keypoints><![CDATA[解析：胸膜腔内压力无论平静吸气还是平静呼气总是低于大气压。]]></keypoints></question><question><type>1</type><format>html</format><desc><![CDATA[8.吸入气中CO<sub>２</sub>浓度适当提高，可使]]></desc><options><option><id>A</id><type>text</type><desc><![CDATA[呼吸变浅、频率加快，肺通气量增加]]></desc></option><option><id>B</id><type>text</type><desc><![CDATA[呼吸变浅、频率加快，肺通气量减少]]></desc></option><option><id>C</id><type>text</type><desc><![CDATA[呼吸加深、频率加快，肺通气量增加]]></desc></option><option><id>D</id><type>text</type><desc><![CDATA[呼吸加深、频率变慢，肺通气量减少]]></desc></option><option><id>E</id><type>text</type><desc><![CDATA[呼吸变浅、频率变慢，肺通气量减少]]></desc></option></options><answers><![CDATA[C]]></answers><keypoints><![CDATA[解析：血液中一定水平CO<sub>２</sub>分压是维持呼吸中枢兴奋性必不可少的条件。吸入气中适当提高CO<sub>２</sub>浓度，可使呼吸运动加强，肺通气量增加。]]></keypoints></question><question><type>1</type><format>text</format><desc><![CDATA[9.脑桥呼吸调整中枢的主要功能是]]></desc><options><option><id>A</id><type>text</type><desc><![CDATA[激活延髓长呼中枢]]></desc></option><option><id>B</id><type>text</type><desc><![CDATA[限制吸气的时程]]></desc></option><option><id>C</id><type>text</type><desc><![CDATA[作为牵张反射的中枢]]></desc></option><option><id>D</id><type>text</type><desc><![CDATA[形成基本的呼吸节律]]></desc></option><option><id>E</id><type>text</type><desc><![CDATA[抑制延髓长呼中枢]]></desc></option></options><answers><![CDATA[B]]></answers><keypoints><![CDATA[解析：脑桥呼吸调整中枢的作用是限制吸气，促使吸气转化为呼气，与延髓共同形成正常的呼吸节律。]]></keypoints></question><question><type>1</type><format>text</format><desc><![CDATA[10.有效通气量是指]]></desc><options><option><id>A</id><type>text</type><desc><![CDATA[肺活量]]></desc></option><option><id>B</id><type>text</type><desc><![CDATA[每分通气量]]></desc></option><option><id>C</id><type>text</type><desc><![CDATA[肺泡通气量]]></desc></option><option><id>D</id><type>text</type><desc><![CDATA[潮气量]]></desc></option><option><id>E</id><type>text</type><desc><![CDATA[最大通气量]]></desc></option></options><answers><![CDATA[C]]></answers><keypoints><![CDATA[解析：从气体交换的角度，只有进入肺泡并且与肺泡毛细血管内的血液进行气体交换的那部分气体才是有效的。]]></keypoints></question><question><type>1</type><format>text</format><desc><![CDATA[11.正常呼吸节律的形成依赖于]]></desc><options><option><id>A</id><type>text</type><desc><![CDATA[延髓和脑桥的活动]]></desc></option><option><id>B</id><type>text</type><desc><![CDATA[中脑和脑桥的活动]]></desc></option><option><id>C</id><type>text</type><desc><![CDATA[下丘脑和延髓的活动]]></desc></option><option><id>D</id><type>text</type><desc><![CDATA[大脑皮质的活动]]></desc></option><option><id>E</id><type>text</type><desc><![CDATA[脊髓和延髓的活动]]></desc></option></options><answers><![CDATA[A]]></answers><keypoints><![CDATA[解析：延髓是产生呼吸运动的基本中枢，脑桥中存在着呼吸调整中枢，二者共同活动维持正常的呼吸节律。]]></keypoints></question><question><type>1</type><format>text</format><desc><![CDATA[12.气体交换的动力是]]></desc><options><option><id>A</id><type>text</type><desc><![CDATA[气体溶解度]]></desc></option><option><id>B</id><type>text</type><desc><![CDATA[气体分子量]]></desc></option><option><id>C</id><type>text</type><desc><![CDATA[气体分压差]]></desc></option><option><id>D</id><type>text</type><desc><![CDATA[温度差]]></desc></option><option><id>E</id><type>text</type><desc><![CDATA[气体扩散速度]]></desc></option></options><answers><![CDATA[C]]></answers><keypoints><![CDATA[解析：气体交换的过程实际上是气体分子的扩散过程，扩散的动力是气体的分压差。]]></keypoints></question><question><type>1</type><format>text</format><desc><![CDATA[13.评价肺通气功能较好的指标是]]></desc><options><option><id>A</id><type>text</type><desc><![CDATA[潮气量]]></desc></option><option><id>B</id><type>text</type><desc><![CDATA[肺活量]]></desc></option><option><id>C</id><type>text</type><desc><![CDATA[残气量]]></desc></option><option><id>D</id><type>text</type><desc><![CDATA[时间肺活量]]></desc></option><option><id>E</id><type>text</type><desc><![CDATA[功能残气量]]></desc></option></options><answers><![CDATA[D]]></answers><keypoints><![CDATA[解析：肺活量可反映一次呼吸时肺的最大通气能力，是肺功能测定的常用指标，但难以充分反映肺组织的弹性状态和气道通畅程度等变化。时间肺活量能更好地反映肺通气功能。]]></keypoints></question><question><type>1</type><format>text</format><desc><![CDATA[14.下列关于通气/血流比值的描述，哪一项是不正确的]]></desc><options><option><id>A</id><type>text</type><desc><![CDATA[安静时正常值为0.84]]></desc></option><option><id>B</id><type>text</type><desc><![CDATA[通气血流比值减小，意味着生理无效腔增大]]></desc></option><option><id>C</id><type>text</type><desc><![CDATA[肺下部部分血液得不到充分气体交换，比值减小]]></desc></option><option><id>D</id><type>text</type><desc><![CDATA[肺动脉栓塞时，比值增大]]></desc></option><option><id>E</id><type>text</type><desc><![CDATA[通气/血流比值减小，意味肺泡通气量减小]]></desc></option></options><answers><![CDATA[B]]></answers><keypoints><![CDATA[解析：通气/血流比值是指每分肺泡通气量与每分肺血流量之比，正常值平均为0.84，表示通气量与肺血流量匹配。若此值增大，意味着生理无效腔增大；减小意味着部分血液得不到充分气体交换，相当于动静脉短路。]]></keypoints></question><question><type>1</type><format>text</format><desc><![CDATA[15.正常成人安静时的呼吸频率为]]></desc><options><option><id>A</id><type>text</type><desc><![CDATA[60～90次/min]]></desc></option><option><id>B</id><type>text</type><desc><![CDATA[30～50次/min]]></desc></option><option><id>C</id><type>text</type><desc><![CDATA[20～25次/min]]></desc></option><option><id>D</id><type>text</type><desc><![CDATA[12～18次/min]]></desc></option><option><id>E</id><type>text</type><desc><![CDATA[8～10次/min]]></desc></option></options><answers><![CDATA[D]]></answers></question><question><type>1</type><format>text</format><desc><![CDATA[16.平静呼吸时，吸气末肺内压]]></desc><options><option><id>A</id><type>text</type><desc><![CDATA[等于大气压]]></desc></option><option><id>B</id><type>text</type><desc><![CDATA[高于大气压]]></desc></option><option><id>C</id><type>text</type><desc><![CDATA[低于大气压]]></desc></option><option><id>D</id><type>text</type><desc><![CDATA[等于胸内压]]></desc></option><option><id>E</id><type>text</type><desc><![CDATA[等于大气压与胸内压之和]]></desc></option></options><answers><![CDATA[A]]></answers><keypoints><![CDATA[解析：平静呼吸时，吸气末和呼气末肺内压等于大气压；吸气时肺内压低于大气压，呼气时肺内压高于大气压。]]></keypoints></question><question><type>1</type><format>text</format><desc><![CDATA[17.呼吸的基本环节不包括]]></desc><options><option><id>A</id><type>text</type><desc><![CDATA[肺通气]]></desc></option><option><id>B</id><type>text</type><desc><![CDATA[肺换气]]></desc></option><option><id>C</id><type>text</type><desc><![CDATA[组织通气]]></desc></option><option><id>D</id><type>text</type><desc><![CDATA[组织换气]]></desc></option><option><id>E</id><type>text</type><desc><![CDATA[气体的运输]]></desc></option></options><answers><![CDATA[C]]></answers></question><question><type>1</type><format>text</format><desc><![CDATA[18.无效腔气量加倍时，肺通气/血流比值将]]></desc><options><option><id>A</id><type>text</type><desc><![CDATA[加倍]]></desc></option><option><id>B</id><type>text</type><desc><![CDATA[减小]]></desc></option><option><id>C</id><type>text</type><desc><![CDATA[增大]]></desc></option><option><id>D</id><type>text</type><desc><![CDATA[减半]]></desc></option><option><id>E</id><type>text</type><desc><![CDATA[不变]]></desc></option></options><answers><![CDATA[C]]></answers></question><question><type>1</type><format>text</format><desc><![CDATA[19.潮气量为500ml，呼吸频率为16次/min，无效腔气量为150ml，肺泡通气量为]]></desc><options><option><id>A</id><type>text</type><desc><![CDATA[2.4L/min]]></desc></option><option><id>B</id><type>text</type><desc><![CDATA[4L/min]]></desc></option><option><id>C</id><type>text</type><desc><![CDATA[5.6L/min]]></desc></option><option><id>D</id><type>text</type><desc><![CDATA[6L/min]]></desc></option><option><id>E</id><type>text</type><desc><![CDATA[8L/min]]></desc></option></options><answers><![CDATA[C]]></answers><keypoints><![CDATA[解析：肺泡通气量=（潮气量－无效腔气量）×呼吸频率。]]></keypoints></question><question><type>1</type><format>text</format><desc><![CDATA[20.下列那种呼吸通气效率最低]]></desc><options><option><id>A</id><type>text</type><desc><![CDATA[平静呼吸]]></desc></option><option><id>B</id><type>text</type><desc><![CDATA[深而慢的呼吸]]></desc></option><option><id>C</id><type>text</type><desc><![CDATA[深而快的呼吸]]></desc></option><option><id>D</id><type>text</type><desc><![CDATA[浅而快的呼吸]]></desc></option><option><id>E</id><type>text</type><desc><![CDATA[以上都不对]]></desc></option></options><answers><![CDATA[D]]></answers><keypoints><![CDATA[解析：从肺泡通气量=（潮气量－无效腔气量）×呼吸频率可以看出，“浅而快的呼吸”通气效率最低。]]></keypoints></question></questions></exam>