﻿<?xml version="1.0" encoding="UTF-8"?><exam><id>20180929092601</id><questions><instructions><![CDATA[A1型题]]></instructions><question><type>1</type><format>html</format><desc><![CDATA[1.下列关于三大营养物质在体内代谢的说法，哪一项是<u><b>错误的</b></u>]]></desc><options><option><id>A</id><type>text</type><desc><![CDATA[机体所需要能量的50%～70%由糖提供]]></desc></option><option><id>B</id><type>text</type><desc><![CDATA[只有将能量转移至ATP才能被组织活动所利用]]></desc></option><option><id>C</id><type>text</type><desc><![CDATA[能源物质在体内氧化释放的能量50%以上转化为热能]]></desc></option><option><id>D</id><type>text</type><desc><![CDATA[蛋白质在体内氧化和体外燃烧时所产生的能量相等]]></desc></option><option><id>E</id><type>text</type><desc><![CDATA[人体在不做外功的情况下，所消耗的能量全部转化为热能]]></desc></option></options><answers><![CDATA[D]]></answers><keypoints><![CDATA[解析：一般情况下，机体不靠蛋白质供能，因为蛋白质在体内氧化分解不彻底，一部分以尿素形式从尿中排出，还有少量含氮产物从粪便中排出，因此，其在体内氧化的生物热价小于其在体外燃烧的物理热价。]]></keypoints></question><question><type>1</type><format>text</format><desc><![CDATA[2.下列哪种物质既是体内的供能物质又是储能物质]]></desc><options><option><id>A</id><type>text</type><desc><![CDATA[葡萄糖]]></desc></option><option><id>B</id><type>text</type><desc><![CDATA[二磷酸腺苷]]></desc></option><option><id>C</id><type>text</type><desc><![CDATA[三磷酸腺苷]]></desc></option><option><id>D</id><type>text</type><desc><![CDATA[脂肪酸]]></desc></option><option><id>E</id><type>text</type><desc><![CDATA[蛋白质]]></desc></option></options><answers><![CDATA[C]]></answers><keypoints><![CDATA[解析：三磷酸腺苷（ATP）既是体内重要的储能物质，又是直接供能物质。]]></keypoints></question><question><type>1</type><format>text</format><desc><![CDATA[3.食物的氧热价是指]]></desc><options><option><id>A</id><type>text</type><desc><![CDATA[1g食物氧化时所释放的能量]]></desc></option><option><id>B</id><type>text</type><desc><![CDATA[氧化1g食物消耗1L氧气所释放的能量]]></desc></option><option><id>C</id><type>text</type><desc><![CDATA[1g食物在体内代谢过程中所释放的能量]]></desc></option><option><id>D</id><type>text</type><desc><![CDATA[1g食物在体外燃烧时所释放的能量]]></desc></option><option><id>E</id><type>text</type><desc><![CDATA[食物氧化消耗1L氧气所释放的能量]]></desc></option></options><answers><![CDATA[E]]></answers><keypoints><![CDATA[解析：某营养物质氧化时，每消耗1LO<sub>2</sub>所产生的热量，称为该营养物质的氧热价。]]></keypoints></question><question><type>1</type><format>text</format><desc><![CDATA[4.在下列营养物质中特殊动力效应最强的是]]></desc><options><option><id>A</id><type>text</type><desc><![CDATA[蛋白质]]></desc></option><option><id>B</id><type>text</type><desc><![CDATA[脂肪]]></desc></option><option><id>C</id><type>text</type><desc><![CDATA[无机盐]]></desc></option><option><id>D</id><type>text</type><desc><![CDATA[维生素]]></desc></option><option><id>E</id><type>text</type><desc><![CDATA[糖]]></desc></option></options><answers><![CDATA[A]]></answers><keypoints><![CDATA[解析：食物的特殊动力效应因食物种类不同而不同，蛋白质食物所产生的特殊动力效应最为显著，约为30%；糖和脂肪所产生的特殊动力效应分别约为6%和4%；混合性食物的特殊动力效应约为10%。]]></keypoints></question><question><type>1</type><format>text</format><desc><![CDATA[5.影响能量代谢最显著的因素是]]></desc><options><option><id>A</id><type>text</type><desc><![CDATA[精神活动]]></desc></option><option><id>B</id><type>text</type><desc><![CDATA[进食]]></desc></option><option><id>C</id><type>text</type><desc><![CDATA[环境温度]]></desc></option><option><id>D</id><type>text</type><desc><![CDATA[肌肉活动]]></desc></option><option><id>E</id><type>text</type><desc><![CDATA[激素]]></desc></option></options><answers><![CDATA[D]]></answers><keypoints><![CDATA[解析：肌肉活动是影响能量代谢最显著的因素。]]></keypoints></question><question><type>1</type><format>text</format><desc><![CDATA[6.生理情况下，人体能量代谢何时最低]]></desc><options><option><id>A</id><type>text</type><desc><![CDATA[室温为18～25℃]]></desc></option><option><id>B</id><type>text</type><desc><![CDATA[进食12h后]]></desc></option><option><id>C</id><type>text</type><desc><![CDATA[完全静息时]]></desc></option><option><id>D</id><type>text</type><desc><![CDATA[熟睡时]]></desc></option><option><id>E</id><type>text</type><desc><![CDATA[清醒时]]></desc></option></options><answers><![CDATA[D]]></answers><keypoints><![CDATA[解析：基础代谢率并不是人体最低水平的代谢率，因为熟睡时的代谢率更低，低于基础代谢率8%～10%。]]></keypoints></question><question><type>1</type><format>text</format><desc><![CDATA[7.关于基础状态的说法，哪一项是错误的]]></desc><options><option><id>A</id><type>text</type><desc><![CDATA[清晨静卧]]></desc></option><option><id>B</id><type>text</type><desc><![CDATA[禁食12h]]></desc></option><option><id>C</id><type>text</type><desc><![CDATA[精神安宁]]></desc></option><option><id>D</id><type>text</type><desc><![CDATA[室温在20～25℃]]></desc></option><option><id>E</id><type>text</type><desc><![CDATA[清晨睡眠]]></desc></option></options><answers><![CDATA[E]]></answers><keypoints><![CDATA[解析：基础状态是指机体在尽量排除肌肉活动、精神紧张、进食、环境温度等因素后所处的状态，即清晨、清醒、静卧，空腹（禁食12小时以上），室温保持在20～25℃，精神安宁的状态。]]></keypoints></question><question><type>1</type><format>text</format><desc><![CDATA[8.正常人的直肠温度、口腔温度和腋窝温度之间的关系是]]></desc><options><option><id>A</id><type>text</type><desc><![CDATA[直肠温>口腔温>腋窝温]]></desc></option><option><id>B</id><type>text</type><desc><![CDATA[直肠温>腋窝温>口腔温]]></desc></option><option><id>C</id><type>text</type><desc><![CDATA[口腔温>直肠温>腋窝温]]></desc></option><option><id>D</id><type>text</type><desc><![CDATA[口腔温>腋窝温>直肠温]]></desc></option><option><id>E</id><type>text</type><desc><![CDATA[腋窝温>口腔温>直肠温]]></desc></option></options><answers><![CDATA[A]]></answers><keypoints><![CDATA[解析：人体体温是指机体深部的平均温度，常用直肠、腋窝和口腔三个部位来间接测量，在三个部位中，直肠温度最高，为36.9～37.9℃，最接近深部体温平均值；其次是口腔，为36.7～37.7℃；腋窝温度最低，为36.0～37.4℃。]]></keypoints></question><question><type>1</type><format>text</format><desc><![CDATA[9.体温调节的基本中枢位于]]></desc><options><option><id>A</id><type>text</type><desc><![CDATA[下丘脑]]></desc></option><option><id>B</id><type>text</type><desc><![CDATA[下丘脑的视前区—下丘脑前部]]></desc></option><option><id>C</id><type>text</type><desc><![CDATA[大脑皮层运动区]]></desc></option><option><id>D</id><type>text</type><desc><![CDATA[脑干网状结构]]></desc></option><option><id>E</id><type>text</type><desc><![CDATA[中脑]]></desc></option></options><answers><![CDATA[B]]></answers><keypoints><![CDATA[解析：体温调节的基本中枢位于下丘脑的视前区—下丘脑前部，即PO/AH。]]></keypoints></question><question><type>1</type><format>text</format><desc><![CDATA[10.支配全身皮肤大多数小汗腺的神经纤维是]]></desc><options><option><id>A</id><type>text</type><desc><![CDATA[交感胆碱能纤维]]></desc></option><option><id>B</id><type>text</type><desc><![CDATA[副交感胆碱能纤维]]></desc></option><option><id>C</id><type>text</type><desc><![CDATA[交感肾上腺素能纤维]]></desc></option><option><id>D</id><type>text</type><desc><![CDATA[副交感肽能纤维]]></desc></option><option><id>E</id><type>text</type><desc><![CDATA[多巴胺能纤维]]></desc></option></options><answers><![CDATA[A]]></answers><keypoints><![CDATA[解析：小汗腺分布于全身皮肤，与体温调节有关，常由温热性刺激引起发汗，主要受交感胆碱能神经纤维的支配。]]></keypoints></question><question><type>1</type><format>text</format><desc><![CDATA[11.在环境温度低于30℃时，机体处于安静状态下的主要散热方式是]]></desc><options><option><id>A</id><type>text</type><desc><![CDATA[辐射散热]]></desc></option><option><id>B</id><type>text</type><desc><![CDATA[传导散热]]></desc></option><option><id>C</id><type>text</type><desc><![CDATA[对流散热]]></desc></option><option><id>D</id><type>text</type><desc><![CDATA[发汗]]></desc></option><option><id>E</id><type>text</type><desc><![CDATA[不感蒸发]]></desc></option></options><answers><![CDATA[A]]></answers><keypoints><![CDATA[解析：当环境温度低于皮肤温度时，辐射、传导、对流、蒸发散热等四种方式均可散热，但以辐射散热为主。]]></keypoints></question><question><type>1</type><format>text</format><desc><![CDATA[12.生理学所说的体温，是指]]></desc><options><option><id>A</id><type>text</type><desc><![CDATA[皮肤温度]]></desc></option><option><id>B</id><type>text</type><desc><![CDATA[直肠温度]]></desc></option><option><id>C</id><type>text</type><desc><![CDATA[口腔温度]]></desc></option><option><id>D</id><type>text</type><desc><![CDATA[腋窝温度]]></desc></option><option><id>E</id><type>text</type><desc><![CDATA[深部平均温度]]></desc></option></options><answers><![CDATA[E]]></answers><keypoints><![CDATA[解析：机体深部的温度称为体核温度，一般不随环境温度的变化而变化，相对稳定，且各部位的温差较小，因此生理学所讲的体温通常是指机体深部的平均温度。]]></keypoints></question><question><type>1</type><format>text</format><desc><![CDATA[13.机体主要的散热器官是]]></desc><options><option><id>A</id><type>text</type><desc><![CDATA[肺]]></desc></option><option><id>B</id><type>text</type><desc><![CDATA[消化道]]></desc></option><option><id>C</id><type>text</type><desc><![CDATA[肾]]></desc></option><option><id>D</id><type>text</type><desc><![CDATA[脑]]></desc></option><option><id>E</id><type>text</type><desc><![CDATA[皮肤]]></desc></option></options><answers><![CDATA[E]]></answers><keypoints><![CDATA[解析：人体主要的散热部位是皮肤，当环境温度低于体温时，大部分体热通过皮肤以辐射、传导、对流和蒸发散热等方式散发到周围环境中，小部分体热随呼吸、排尿、排便等排泄物而散发。]]></keypoints></question><question><type>1</type><format>text</format><desc><![CDATA[14.影响能量代谢最显著的因素是]]></desc><options><option><id>A</id><type>text</type><desc><![CDATA[高温]]></desc></option><option><id>B</id><type>text</type><desc><![CDATA[寒冷]]></desc></option><option><id>C</id><type>text</type><desc><![CDATA[情绪紧张]]></desc></option><option><id>D</id><type>text</type><desc><![CDATA[进食]]></desc></option><option><id>E</id><type>text</type><desc><![CDATA[肌肉活动]]></desc></option></options><answers><![CDATA[E]]></answers><keypoints><![CDATA[解析：肌肉活动对能量代谢的影响最为显著。机体任何一种轻微的运动形式即可显著增加耗O<sub>2</sub>量，提高能量代谢率。机体劳动或运动时的耗O<sub>2</sub>量可达安静状态的10～20倍。]]></keypoints></question></questions><questions><instructions><![CDATA[A2型题]]></instructions><question><type>2</type><format>text</format><desc><![CDATA[15.正常育龄期女性在月经周期中基础体温的最低点是]]></desc><options><option><id>A</id><type>text</type><desc><![CDATA[排卵前一周]]></desc></option><option><id>B</id><type>text</type><desc><![CDATA[月经期第一天]]></desc></option><option><id>C</id><type>text</type><desc><![CDATA[整个卵泡期]]></desc></option><option><id>D</id><type>text</type><desc><![CDATA[排卵日]]></desc></option><option><id>E</id><type>text</type><desc><![CDATA[整个黄体期]]></desc></option></options><answers><![CDATA[D]]></answers><keypoints><![CDATA[解析：成熟女性的基础体温随月经周期的变化而呈现规律性波动，在一个月经周期中，女性的基础体温在排卵前期（卵泡期）较低，排卵日降至最低，排卵后（黄体期）升高0.3～0.6℃，并维持在较高水平，直至下次月经期前。]]></keypoints></question><question><type>2</type><format>text</format><desc><![CDATA[16.成年女性体温随月经周期发生变动，可能与下列哪种激素有关]]></desc><options><option><id>A</id><type>text</type><desc><![CDATA[卵泡刺激素]]></desc></option><option><id>B</id><type>text</type><desc><![CDATA[黄体生成素]]></desc></option><option><id>C</id><type>text</type><desc><![CDATA[雌激素]]></desc></option><option><id>D</id><type>text</type><desc><![CDATA[孕激素]]></desc></option><option><id>E</id><type>text</type><desc><![CDATA[甲状腺激素]]></desc></option></options><answers><![CDATA[D]]></answers><keypoints><![CDATA[解析：成熟女性的基础体温随月经周期的变化而呈现规律性波动，在一个月经周期中，女性的基础体温在排卵前期（卵泡期）较低，排卵日降至最低，排卵后（黄体期）升高0.3～0.6℃，并维持在较高水平，直至下次月经期前。排卵后的体温升高，一般认为与黄体分泌的孕激素有关。]]></keypoints></question><question><type>2</type><format>text</format><desc><![CDATA[17.病人，突起畏寒、战栗，体温达39.5℃，此时该患者体内的变化是由于]]></desc><options><option><id>A</id><type>text</type><desc><![CDATA[调定点上调]]></desc></option><option><id>B</id><type>text</type><desc><![CDATA[散热中枢兴奋]]></desc></option><option><id>C</id><type>text</type><desc><![CDATA[产热中枢兴奋]]></desc></option><option><id>D</id><type>text</type><desc><![CDATA[皮肤血管舒张]]></desc></option><option><id>E</id><type>text</type><desc><![CDATA[体温调节功能障碍]]></desc></option></options><answers><![CDATA[A]]></answers><keypoints><![CDATA[解析：调定点学说认为，下丘脑PO/AH敏感神经元起着“调定点”的作用，即设定正常体温值，通过控制产热与散热过程的平衡来维持体温的相对稳定。由细菌等所致的发热，是由于在致热源的作用下，使PO/AH的热敏神经元反应阈值升高，而冷敏神经元反应阈值降低，导致调定点重调定而上移，如上移到39.5℃，机体的产热与散热过程将在新的温度水平—39.5℃达到平衡。]]></keypoints></question><question><type>2</type><format>text</format><desc><![CDATA[18.高热患者经过对因治疗后，体温逐渐恢复正常。此时，关于患者的体温调节过程变化，下列哪项说法是错误的]]></desc><options><option><id>A</id><type>text</type><desc><![CDATA[产热中枢抑制]]></desc></option><option><id>B</id><type>text</type><desc><![CDATA[发热条件下的体温调节功能恢复正常]]></desc></option><option><id>C</id><type>text</type><desc><![CDATA[散热中枢兴奋]]></desc></option><option><id>D</id><type>text</type><desc><![CDATA[皮肤血管扩张]]></desc></option><option><id>E</id><type>text</type><desc><![CDATA[调定点恢复正常]]></desc></option></options><answers><![CDATA[B]]></answers><keypoints><![CDATA[解析：高热患者经积极治疗后体温恢复正常，是调定点重调定而下移的结果，而患者的体温调节功能是正常的。]]></keypoints></question><question><type>2</type><format>html</format><desc><![CDATA[19.下列关于体温的说法中，哪一项是<u><b>不正确</b></u>的]]></desc><options><option><id>A</id><type>text</type><desc><![CDATA[新生儿的体温易波动]]></desc></option><option><id>B</id><type>text</type><desc><![CDATA[清晨2:00～6:00体温最低]]></desc></option><option><id>C</id><type>text</type><desc><![CDATA[情绪激动时体温可升高]]></desc></option><option><id>D</id><type>text</type><desc><![CDATA[午后1:00～6:00体温最高]]></desc></option><option><id>E</id><type>text</type><desc><![CDATA[成年女子体温低于同龄男子]]></desc></option></options><answers><![CDATA[E]]></answers><keypoints><![CDATA[解析：在相同状态下，成年女性的体温平均高于同龄男性0.3℃。]]></keypoints></question><question><type>2</type><format>text</format><desc><![CDATA[20.临床上用冰帽冰袋给高热患者进行物理降温属于]]></desc><options><option><id>A</id><type>text</type><desc><![CDATA[辐射散热]]></desc></option><option><id>B</id><type>text</type><desc><![CDATA[传导散热]]></desc></option><option><id>C</id><type>text</type><desc><![CDATA[对流散热]]></desc></option><option><id>D</id><type>text</type><desc><![CDATA[皮肤蒸发散热]]></desc></option><option><id>E</id><type>text</type><desc><![CDATA[不感蒸发散热]]></desc></option></options><answers><![CDATA[B]]></answers><keypoints><![CDATA[解析：用冰帽冰袋给高热患者进行物理降温是传导散热在临床上的应用。]]></keypoints></question></questions></exam>