﻿<?xml version="1.0" encoding="UTF-8"?><exam><id>20180929094100</id><questions><instructions><![CDATA[A1型题]]></instructions><question><type>1</type><format>html</format><desc><![CDATA[1.人体内O<sub>2</sub>、CO<sub>2</sub>和尿素进出细胞膜是通过]]></desc><options><option><id>A</id><type>text</type><desc><![CDATA[单纯扩散]]></desc></option><option><id>B</id><type>text</type><desc><![CDATA[易化扩散]]></desc></option><option><id>C</id><type>text</type><desc><![CDATA[主动转运]]></desc></option><option><id>D</id><type>text</type><desc><![CDATA[入胞]]></desc></option><option><id>E</id><type>text</type><desc><![CDATA[出胞]]></desc></option></options><answers><![CDATA[A]]></answers></question><question><type>1</type><format>text</format><desc><![CDATA[2.单纯扩散和易化扩散的共同点是]]></desc><options><option><id>A</id><type>text</type><desc><![CDATA[借助于通道蛋白的帮助]]></desc></option><option><id>B</id><type>text</type><desc><![CDATA[顺浓度差转运]]></desc></option><option><id>C</id><type>text</type><desc><![CDATA[需要ATP供能]]></desc></option><option><id>D</id><type>text</type><desc><![CDATA[通过“生物泵”的活动]]></desc></option><option><id>E</id><type>text</type><desc><![CDATA[借助于载体蛋白的帮助]]></desc></option></options><answers><![CDATA[B]]></answers></question><question><type>1</type><format>text</format><desc><![CDATA[3.易化扩散不同于单纯扩散的是]]></desc><options><option><id>A</id><type>text</type><desc><![CDATA[顺浓度差转运]]></desc></option><option><id>B</id><type>text</type><desc><![CDATA[逆浓度差转运]]></desc></option><option><id>C</id><type>text</type><desc><![CDATA[消耗能量]]></desc></option><option><id>D</id><type>text</type><desc><![CDATA[需要通道蛋白和载体蛋白]]></desc></option><option><id>E</id><type>text</type><desc><![CDATA[需要ATP酶]]></desc></option></options><answers><![CDATA[D]]></answers></question><question><type>1</type><format>text</format><desc><![CDATA[4.神经末梢释放递质是通过什么方式进行的]]></desc><options><option><id>A</id><type>text</type><desc><![CDATA[主动转运]]></desc></option><option><id>B</id><type>text</type><desc><![CDATA[单纯扩散]]></desc></option><option><id>C</id><type>text</type><desc><![CDATA[易化扩散]]></desc></option><option><id>D</id><type>text</type><desc><![CDATA[入胞作用]]></desc></option><option><id>E</id><type>text</type><desc><![CDATA[出胞作用]]></desc></option></options><answers><![CDATA[E]]></answers></question><question><type>1</type><format>text</format><desc><![CDATA[5.静息电位是指细胞在安静状态时，存在于]]></desc><options><option><id>A</id><type>text</type><desc><![CDATA[细胞膜外的电位差]]></desc></option><option><id>B</id><type>text</type><desc><![CDATA[细胞内的电位差]]></desc></option><option><id>C</id><type>text</type><desc><![CDATA[细胞膜两侧内负外正的电位差]]></desc></option><option><id>D</id><type>text</type><desc><![CDATA[细胞膜两侧内正外负的电位差]]></desc></option><option><id>E</id><type>text</type><desc><![CDATA[细胞与细胞之间的电位差]]></desc></option></options><answers><![CDATA[C]]></answers></question><question><type>1</type><format>text</format><desc><![CDATA[6.大多数细胞产生和维持静息电位的主要原因是]]></desc><options><option><id>A</id><type>text</type><desc><![CDATA[细胞内高K<sup>+</sup>浓度和安静时膜主要对K<sup>+</sup>有通透性]]></desc></option><option><id>B</id><type>text</type><desc><![CDATA[细胞内高K<sup>+</sup>浓度和安静时膜主要对Na<sup>+</sup>有通透性]]></desc></option><option><id>C</id><type>text</type><desc><![CDATA[细胞外高Na<sup>+</sup>浓度和安静时膜主要对K<sup>+</sup>有通透性]]></desc></option><option><id>D</id><type>text</type><desc><![CDATA[细胞内高Na<sup>+</sup>浓度和安静时膜主要对Na<sup>+</sup>有通透性]]></desc></option><option><id>E</id><type>text</type><desc><![CDATA[细胞外高K<sup>+</sup>浓度和安静时膜主要对K<sup>+</sup>有通透性]]></desc></option></options><answers><![CDATA[A]]></answers></question><question><type>1</type><format>html</format><desc><![CDATA[7.人工增加离体神经纤维浸浴液中K<sup>+</sup>浓度，静息电位的绝对值将]]></desc><options><option><id>A</id><type>text</type><desc><![CDATA[不变]]></desc></option><option><id>B</id><type>text</type><desc><![CDATA[增大]]></desc></option><option><id>C</id><type>text</type><desc><![CDATA[减小]]></desc></option><option><id>D</id><type>text</type><desc><![CDATA[先增大后减小]]></desc></option><option><id>E</id><type>text</type><desc><![CDATA[先减小后增大]]></desc></option></options><answers><![CDATA[C]]></answers><keypoints><![CDATA[解析：增大浸浴液中K<sup>+</sup>的浓度，相当于增大了神经细胞外液K<sup>+</sup>的浓度，这样会使得细胞内外K<sup>+</sup>的浓度差和电位差均减小，安静状态下由细胞内流向细胞外的K<sup>+</sup>会随之减少，导致留在细胞内的K<sup>+</sup>增多，增多的K<sup>+</sup>会抵消掉一部分负电荷，使细胞膜内负电位值减小，即静息电位的绝对值减小，因此选C。]]></keypoints></question><question><type>1</type><format>text</format><desc><![CDATA[8.细胞的静息电位由正常的-90mV改变为-95mV时，其兴奋性]]></desc><options><option><id>A</id><type>text</type><desc><![CDATA[升高]]></desc></option><option><id>B</id><type>text</type><desc><![CDATA[降低]]></desc></option><option><id>C</id><type>text</type><desc><![CDATA[不变]]></desc></option><option><id>D</id><type>text</type><desc><![CDATA[先升高后降低]]></desc></option><option><id>E</id><type>text</type><desc><![CDATA[先降低后升高]]></desc></option></options><answers><![CDATA[B]]></answers></question><question><type>1</type><format>text</format><desc><![CDATA[9.下列关于“钠泵”的叙述中，错误的是]]></desc><options><option><id>A</id><type>text</type><desc><![CDATA[钠泵是一种镶嵌在膜脂质双层中的特殊蛋白质]]></desc></option><option><id>B</id><type>text</type><desc><![CDATA[钠泵是一种主动转运Na<sup>+</sup>、K<sup>+</sup>出入细胞的特殊蛋白质]]></desc></option><option><id>C</id><type>text</type><desc><![CDATA[钠泵能转运K<sup>+</sup>入细胞，转运Na<sup>+</sup>出细胞]]></desc></option><option><id>D</id><type>text</type><desc><![CDATA[钠泵只能转运Na+]]></desc></option><option><id>E</id><type>text</type><desc><![CDATA[钠泵又称钠-钾依赖式ATP酶]]></desc></option></options><answers><![CDATA[D]]></answers></question><question><type>1</type><format>text</format><desc><![CDATA[10.以下关于可兴奋细胞动作电位的描述，正确的是]]></desc><options><option><id>A</id><type>text</type><desc><![CDATA[动作电位是细胞受刺激时出现的快速而不可逆的电位变化]]></desc></option><option><id>B</id><type>text</type><desc><![CDATA[在动作电位的去极相，膜电位由内正外负变为内负外正]]></desc></option><option><id>C</id><type>text</type><desc><![CDATA[动作电位复极相与K<sup>+</sup>通道开放有关，与Na<sup>+</sup>离子通道无关]]></desc></option><option><id>D</id><type>text</type><desc><![CDATA[动作电位的大小不随刺激强度和传导距离而改变]]></desc></option><option><id>E</id><type>text</type><desc><![CDATA[不同的细胞动作电位的幅值都相同]]></desc></option></options><answers><![CDATA[D]]></answers></question><question><type>1</type><format>text</format><desc><![CDATA[11.阈电位是]]></desc><options><option><id>A</id><type>text</type><desc><![CDATA[引起动作电位的临界膜电位]]></desc></option><option><id>B</id><type>text</type><desc><![CDATA[引起超极化的临界膜电位]]></desc></option><option><id>C</id><type>text</type><desc><![CDATA[引起局部电位的临界膜电位]]></desc></option><option><id>D</id><type>text</type><desc><![CDATA[引起动作电位复极的临界膜电位]]></desc></option><option><id>E</id><type>text</type><desc><![CDATA[衡量传导性高低的指标]]></desc></option></options><answers><![CDATA[A]]></answers></question><question><type>1</type><format>html</format><desc><![CDATA[12.关于终板电位的论述，<u><b>错误的</b></u>是]]></desc><options><option><id>A</id><type>text</type><desc><![CDATA[无不应期]]></desc></option><option><id>B</id><type>text</type><desc><![CDATA[可总和]]></desc></option><option><id>C</id><type>text</type><desc><![CDATA[其大小与神经末梢释放乙酰胆碱量成正比]]></desc></option><option><id>D</id><type>text</type><desc><![CDATA[可以电紧张的形式向周围传播]]></desc></option><option><id>E</id><type>text</type><desc><![CDATA[具有“全或无”的性质]]></desc></option></options><answers><![CDATA[E]]></answers><keypoints><![CDATA[解析：终板电位属于局部电位，而局部电位不具有“全或无”的特点，其幅度变化是随着刺激强度的增大而增大，因此选E。]]></keypoints></question><question><type>1</type><format>text</format><desc><![CDATA[13.兴奋-收缩耦联是由]]></desc><options><option><id>A</id><type>text</type><desc><![CDATA[神经兴奋的电位变化导致肌肉兴奋的电位变化的过程]]></desc></option><option><id>B</id><type>text</type><desc><![CDATA[肌肉兴奋的电位变化导致神经兴奋的电位变化的过程]]></desc></option><option><id>C</id><type>text</type><desc><![CDATA[神经兴奋的电位变化导致肌肉收缩的机械变化的过程]]></desc></option><option><id>D</id><type>text</type><desc><![CDATA[肌肉兴奋的电位变化导致肌肉收缩的机械变化的过程]]></desc></option><option><id>E</id><type>text</type><desc><![CDATA[肌肉收缩的机械变化导致神经兴奋的电位变化]]></desc></option></options><answers><![CDATA[D]]></answers></question><question><type>1</type><format>text</format><desc><![CDATA[14.神经-骨骼肌接头处传递的化学递质是]]></desc><options><option><id>A</id><type>text</type><desc><![CDATA[肾上腺素]]></desc></option><option><id>B</id><type>text</type><desc><![CDATA[去甲肾上腺素]]></desc></option><option><id>C</id><type>text</type><desc><![CDATA[γ-氨基丁酸]]></desc></option><option><id>D</id><type>text</type><desc><![CDATA[乙酰胆碱]]></desc></option><option><id>E</id><type>text</type><desc><![CDATA[5-羟色胺]]></desc></option></options><answers><![CDATA[D]]></answers></question><question><type>1</type><format>text</format><desc><![CDATA[15.正常体内骨骼肌收缩绝大多数属于]]></desc><options><option><id>A</id><type>text</type><desc><![CDATA[不完全强直收缩]]></desc></option><option><id>B</id><type>text</type><desc><![CDATA[完全强直收缩]]></desc></option><option><id>C</id><type>text</type><desc><![CDATA[一连串单收缩]]></desc></option><option><id>D</id><type>text</type><desc><![CDATA[一次单收缩]]></desc></option><option><id>E</id><type>text</type><desc><![CDATA[以上都是]]></desc></option></options><answers><![CDATA[B]]></answers></question><question><type>1</type><format>text</format><desc><![CDATA[16.肌肉的初长度取决于]]></desc><options><option><id>A</id><type>text</type><desc><![CDATA[肌肉收缩能力]]></desc></option><option><id>B</id><type>text</type><desc><![CDATA[前负荷和后负荷之差]]></desc></option><option><id>C</id><type>text</type><desc><![CDATA[后负荷]]></desc></option><option><id>D</id><type>text</type><desc><![CDATA[前负荷和后负荷之和]]></desc></option><option><id>E</id><type>text</type><desc><![CDATA[前负荷]]></desc></option></options><answers><![CDATA[E]]></answers></question></questions><questions><instructions><![CDATA[A2型题]]></instructions><question><type>2</type><format>html</format><desc><![CDATA[17.小肠上皮细胞对葡萄糖进行逆浓度差吸收时，伴有Na<sup>+</sup>顺浓度差进入细胞，称为继发性主动转运，所需能量间接来自]]></desc><options><option><id>A</id><type>text</type><desc><![CDATA[线粒体]]></desc></option><option><id>B</id><type>text</type><desc><![CDATA[钠泵]]></desc></option><option><id>C</id><type>text</type><desc><![CDATA[钙泵]]></desc></option><option><id>D</id><type>text</type><desc><![CDATA[高尔基体]]></desc></option><option><id>E</id><type>text</type><desc><![CDATA[中心体]]></desc></option></options><answers><![CDATA[B]]></answers></question><question><type>2</type><format>text</format><desc><![CDATA[18.记录神经纤维动作电位时，加入选择性离子通道阻断剂河豚毒，会出现]]></desc><options><option><id>A</id><type>text</type><desc><![CDATA[静息电位变小]]></desc></option><option><id>B</id><type>text</type><desc><![CDATA[静息电位变大]]></desc></option><option><id>C</id><type>text</type><desc><![CDATA[去极相不出现]]></desc></option><option><id>D</id><type>text</type><desc><![CDATA[超射不出现]]></desc></option><option><id>E</id><type>text</type><desc><![CDATA[复极相延缓]]></desc></option></options><answers><![CDATA[C]]></answers><keypoints><![CDATA[解析：河豚毒可以阻断细胞膜上的Na<sup>+</sup>通道，使得Na<sup>+</sup>无法顺浓度差由细胞外进入到细胞内，导致由Na<sup>+</sup>大量快速内流引起的动作电位去极相无法出现，因此选C。]]></keypoints></question><question><type>2</type><format>text</format><desc><![CDATA[19.在对枪乌贼巨大轴突进行实验时，改变标本浸浴液中的哪一项因素不会对静息电位的大小产生大的影响]]></desc><options><option><id>A</id><type>text</type><desc><![CDATA[Na<sup>+</sup>浓度]]></desc></option><option><id>B</id><type>text</type><desc><![CDATA[K<sup>+</sup>浓度]]></desc></option><option><id>C</id><type>text</type><desc><![CDATA[温度]]></desc></option><option><id>D</id><type>text</type><desc><![CDATA[pH]]></desc></option><option><id>E</id><type>text</type><desc><![CDATA[缺氧]]></desc></option></options><answers><![CDATA[A]]></answers><keypoints><![CDATA[解析：细胞处于静息状态时，细胞膜对K<sup>+</sup>的通透性较大，对Na<sup>+</sup>的通透性较小，仅为K<sup>+</sup>通透性的1/100～1/50，所以Na<sup>+</sup>对静息电位产生的作用很小。当改变标本浸浴液即细胞外液中Na<sup>+</sup>浓度时，对静息电位的大小不会产生大的影响，因此选A。]]></keypoints></question><question><type>2</type><format>text</format><desc><![CDATA[20.动作电位沿运动神经纤维传导抵达神经-肌肉接头部位时，轴突末梢释放ACh，使终板膜产生终板电位，然后在什么部位引发动作电位]]></desc><options><option><id>A</id><type>text</type><desc><![CDATA[横管膜]]></desc></option><option><id>B</id><type>text</type><desc><![CDATA[接头后膜]]></desc></option><option><id>C</id><type>text</type><desc><![CDATA[终板膜]]></desc></option><option><id>D</id><type>text</type><desc><![CDATA[肌细胞膜]]></desc></option><option><id>E</id><type>text</type><desc><![CDATA[三联管膜]]></desc></option></options><answers><![CDATA[D]]></answers><keypoints><![CDATA[解析：终板电位具有局部电位的所有特征，其大小与神经末梢释放的ACh量成正比，无不应期，有总和现象。终板膜上无电压门控Na+通道，不会产生动作电位。但具有局部电位特征的终板电位可通过总和使具有电压门控Na<sup>+</sup>通道的肌细胞膜达到阈电位，进而产生动作电位，并传播至整个肌细胞膜，因此选D。]]></keypoints></question></questions></exam>