﻿<?xml version="1.0" encoding="UTF-8"?><exam><id>20180929091447</id><questions><instructions><![CDATA[A1型题]]></instructions><question><type>1</type><format>text</format><desc><![CDATA[1.激素是]]></desc><options><option><id>A</id><type>text</type><desc><![CDATA[腺体的分泌物]]></desc></option><option><id>B</id><type>text</type><desc><![CDATA[激素是含氮类化合物]]></desc></option><option><id>C</id><type>text</type><desc><![CDATA[细胞的代谢产物]]></desc></option><option><id>D</id><type>text</type><desc><![CDATA[作用于受体的物质]]></desc></option><option><id>E</id><type>text</type><desc><![CDATA[内分泌细胞分泌的生物活性物质]]></desc></option></options><answers><![CDATA[E]]></answers></question><question><type>1</type><format>text</format><desc><![CDATA[2.不受下丘脑-垂体-靶腺轴调控的激素是]]></desc><options><option><id>A</id><type>text</type><desc><![CDATA[皮质醇]]></desc></option><option><id>B</id><type>text</type><desc><![CDATA[雌激素]]></desc></option><option><id>C</id><type>text</type><desc><![CDATA[甲状腺素]]></desc></option><option><id>D</id><type>text</type><desc><![CDATA[雄激素]]></desc></option><option><id>E</id><type>text</type><desc><![CDATA[肾上腺素]]></desc></option></options><answers><![CDATA[E]]></answers></question><question><type>1</type><format>text</format><desc><![CDATA[3．侏儒症是由于幼年时期缺乏]]></desc><options><option><id>A</id><type>text</type><desc><![CDATA[甲状腺激素]]></desc></option><option><id>B</id><type>text</type><desc><![CDATA[生长素]]></desc></option><option><id>C</id><type>text</type><desc><![CDATA[性激素]]></desc></option><option><id>D</id><type>text</type><desc><![CDATA[肾上腺糖皮质激素]]></desc></option><option><id>E</id><type>text</type><desc><![CDATA[甲状旁腺激素]]></desc></option></options><answers><![CDATA[B]]></answers></question><question><type>1</type><format>text</format><desc><![CDATA[4.成年后，腺垂体生长素分泌过多，对机体的影响是]]></desc><options><option><id>A</id><type>text</type><desc><![CDATA[巨人症]]></desc></option><option><id>B</id><type>text</type><desc><![CDATA[肢端肥大症]]></desc></option><option><id>C</id><type>text</type><desc><![CDATA[新陈代谢增加]]></desc></option><option><id>D</id><type>text</type><desc><![CDATA[血糖降低]]></desc></option><option><id>E</id><type>text</type><desc><![CDATA[侏儒症]]></desc></option></options><answers><![CDATA[B]]></answers></question><question><type>1</type><format>text</format><desc><![CDATA[5.下列哪一项不属于甲状腺激素的生理作用]]></desc><options><option><id>A</id><type>text</type><desc><![CDATA[促进蛋白质合成]]></desc></option><option><id>B</id><type>text</type><desc><![CDATA[促进组织器官发育成熟]]></desc></option><option><id>C</id><type>text</type><desc><![CDATA[减少蛋白质分解]]></desc></option><option><id>D</id><type>text</type><desc><![CDATA[增加心肌收缩力]]></desc></option><option><id>E</id><type>text</type><desc><![CDATA[提高中枢神经兴奋性]]></desc></option></options><answers><![CDATA[B]]></answers></question><question><type>1</type><format>text</format><desc><![CDATA[6.引起呆小症是由于]]></desc><options><option><id>A</id><type>text</type><desc><![CDATA[幼年时生长素分泌不足]]></desc></option><option><id>B</id><type>text</type><desc><![CDATA[胰岛素分泌不足]]></desc></option><option><id>C</id><type>text</type><desc><![CDATA[糖皮质激素分泌不足]]></desc></option><option><id>D</id><type>text</type><desc><![CDATA[幼年时甲状腺激素分泌不足]]></desc></option><option><id>E</id><type>text</type><desc><![CDATA[幼年时甲状腺激素分泌过多]]></desc></option></options><answers><![CDATA[D]]></answers></question><question><type>1</type><format>text</format><desc><![CDATA[7.影响神经系统发育最重要的激素是]]></desc><options><option><id>A</id><type>text</type><desc><![CDATA[肾上腺素]]></desc></option><option><id>B</id><type>text</type><desc><![CDATA[甲状腺激素]]></desc></option><option><id>C</id><type>text</type><desc><![CDATA[生长素]]></desc></option><option><id>D</id><type>text</type><desc><![CDATA[胰岛素]]></desc></option><option><id>E</id><type>text</type><desc><![CDATA[醛固酮]]></desc></option></options><answers><![CDATA[B]]></answers></question><question><type>1</type><format>text</format><desc><![CDATA[8.能增加机体产热量，使基础代谢率升高的主要激素是]]></desc><options><option><id>A</id><type>text</type><desc><![CDATA[肾上腺素]]></desc></option><option><id>B</id><type>text</type><desc><![CDATA[胰岛素]]></desc></option><option><id>C</id><type>text</type><desc><![CDATA[甲状腺激素]]></desc></option><option><id>D</id><type>text</type><desc><![CDATA[睾丸酮]]></desc></option><option><id>E</id><type>text</type><desc><![CDATA[生长素]]></desc></option></options><answers><![CDATA[C]]></answers></question><question><type>1</type><format>text</format><desc><![CDATA[9.下列有关甲状腺功能的调节，错误的是]]></desc><options><option><id>A</id><type>text</type><desc><![CDATA[受下丘脑-腺垂体系统的调节]]></desc></option><option><id>B</id><type>text</type><desc><![CDATA[受血中甲状腺激素反馈性调节]]></desc></option><option><id>C</id><type>text</type><desc><![CDATA[甲状腺自身调节]]></desc></option><option><id>D</id><type>text</type><desc><![CDATA[受下丘脑神经垂体系统调节]]></desc></option><option><id>E</id><type>text</type><desc><![CDATA[食物中长期缺碘，可使促甲状腺激素分泌增多]]></desc></option></options><answers><![CDATA[E]]></answers></question><question><type>1</type><format>text</format><desc><![CDATA[10.关于糖皮质激素的作用，错误的是]]></desc><options><option><id>A</id><type>text</type><desc><![CDATA[促进蛋白质分解]]></desc></option><option><id>B</id><type>text</type><desc><![CDATA[影响体脂分布]]></desc></option><option><id>C</id><type>text</type><desc><![CDATA[可使血糖降低]]></desc></option><option><id>D</id><type>text</type><desc><![CDATA[促进糖异生]]></desc></option><option><id>E</id><type>text</type><desc><![CDATA[增强机体对有害刺激的耐受能力]]></desc></option></options><answers><![CDATA[C]]></answers></question><question><type>1</type><format>text</format><desc><![CDATA[11.调节血糖浓度，使其降低的激素是]]></desc><options><option><id>A</id><type>text</type><desc><![CDATA[雌激素]]></desc></option><option><id>B</id><type>text</type><desc><![CDATA[肾上腺素]]></desc></option><option><id>C</id><type>text</type><desc><![CDATA[胰岛素]]></desc></option><option><id>D</id><type>text</type><desc><![CDATA[去甲肾上腺素]]></desc></option><option><id>E</id><type>text</type><desc><![CDATA[甲状旁腺激素]]></desc></option></options><answers><![CDATA[C]]></answers></question><question><type>1</type><format>text</format><desc><![CDATA[12.胰岛素分泌]]></desc><options><option><id>A</id><type>text</type><desc><![CDATA[以激素调节为主]]></desc></option><option><id>B</id><type>text</type><desc><![CDATA[以神经调节为主]]></desc></option><option><id>C</id><type>text</type><desc><![CDATA[以血糖浓度反馈调节为主]]></desc></option><option><id>D</id><type>text</type><desc><![CDATA[受靶腺激素与下丘脑调节肽双重控制]]></desc></option><option><id>E</id><type>text</type><desc><![CDATA[以自身调节为主]]></desc></option></options><answers><![CDATA[C]]></answers></question><question><type>1</type><format>text</format><desc><![CDATA[13.胰岛素的作用，错误的是]]></desc><options><option><id>A</id><type>text</type><desc><![CDATA[促进蛋白质合成]]></desc></option><option><id>B</id><type>text</type><desc><![CDATA[促进脂肪合成]]></desc></option><option><id>C</id><type>text</type><desc><![CDATA[促进糖原合成]]></desc></option><option><id>D</id><type>text</type><desc><![CDATA[促进血糖升高]]></desc></option><option><id>E</id><type>text</type><desc><![CDATA[促进DNA.RNA的合成]]></desc></option></options><answers><![CDATA[D]]></answers></question><question><type>1</type><format>text</format><desc><![CDATA[14.患者，男性，56岁，长期居住于山区，他患有单纯性甲状腺肿的主要原因是]]></desc><options><option><id>A</id><type>text</type><desc><![CDATA[食物长期含碘多]]></desc></option><option><id>B</id><type>text</type><desc><![CDATA[食物长期含碘少]]></desc></option><option><id>C</id><type>text</type><desc><![CDATA[甲状腺激素分泌过多]]></desc></option><option><id>D</id><type>text</type><desc><![CDATA[促甲状腺素分泌过少]]></desc></option><option><id>E</id><type>text</type><desc><![CDATA[促甲状腺素释放激素分泌过少]]></desc></option></options><answers><![CDATA[B]]></answers></question><question><type>1</type><format>text</format><desc><![CDATA[15.患者，女性，23岁，长期大量使用糖皮质激素治疗症状缓解后，不能骤然停药的原因是]]></desc><options><option><id>A</id><type>text</type><desc><![CDATA[糖皮质激素有成瘾性]]></desc></option><option><id>B</id><type>text</type><desc><![CDATA[突然停药，引起肾上腺皮质功能亢进]]></desc></option><option><id>C</id><type>text</type><desc><![CDATA[突然停药，病人糖代谢障碍]]></desc></option><option><id>D</id><type>text</type><desc><![CDATA[突然停药，可发生肾上腺皮质功能不足]]></desc></option><option><id>E</id><type>text</type><desc><![CDATA[体内ACTH增多]]></desc></option></options><answers><![CDATA[D]]></answers></question><question><type>1</type><format>text</format><desc><![CDATA[16.女性，35岁，甲状腺手术后，出现了手足搐搦，是由于损伤了]]></desc><options><option><id>A</id><type>text</type><desc><![CDATA[甲状腺]]></desc></option><option><id>B</id><type>text</type><desc><![CDATA[甲状旁腺]]></desc></option><option><id>C</id><type>text</type><desc><![CDATA[胸腺]]></desc></option><option><id>D</id><type>text</type><desc><![CDATA[肾上腺]]></desc></option><option><id>E</id><type>text</type><desc><![CDATA[垂体]]></desc></option></options><answers><![CDATA[B]]></answers></question><question><type>1</type><format>text</format><desc><![CDATA[17.女性，52岁，失眠多梦，烦躁不安，多汗消瘦，血压高，心率快，此时最可能的原因是]]></desc><options><option><id>A</id><type>text</type><desc><![CDATA[甲状腺功能亢进]]></desc></option><option><id>B</id><type>text</type><desc><![CDATA[甲状腺功能低下]]></desc></option><option><id>C</id><type>text</type><desc><![CDATA[肾上腺皮质功能亢进]]></desc></option><option><id>D</id><type>text</type><desc><![CDATA[甲状腺肿]]></desc></option><option><id>E</id><type>text</type><desc><![CDATA[肾上腺皮质功能低下]]></desc></option></options><answers><![CDATA[A]]></answers></question></questions></exam>