﻿<?xml version="1.0" encoding="UTF-8"?><exam><id>20180929091148</id><questions><instructions><![CDATA[A1型题]]></instructions><question><type>1</type><format>text</format><desc><![CDATA[1.下列关于睾丸生理功能的叙述，正确的是]]></desc><options><option><id>A</id><type>text</type><desc><![CDATA[储存精子]]></desc></option><option><id>B</id><type>text</type><desc><![CDATA[促进精子成熟]]></desc></option><option><id>C</id><type>text</type><desc><![CDATA[输送精子]]></desc></option><option><id>D</id><type>text</type><desc><![CDATA[分泌雄激素]]></desc></option><option><id>E</id><type>text</type><desc><![CDATA[分泌雌激素]]></desc></option></options><answers><![CDATA[D]]></answers><keypoints><![CDATA[解析：睾丸的曲细精管有生精功能，另外睾丸具有内分泌功能，可分泌雄激素和抑制素。]]></keypoints></question><question><type>1</type><format>text</format><desc><![CDATA[2.精子获能发生于]]></desc><options><option><id>A</id><type>text</type><desc><![CDATA[输精管]]></desc></option><option><id>B</id><type>text</type><desc><![CDATA[曲细精管]]></desc></option><option><id>C</id><type>text</type><desc><![CDATA[附睾]]></desc></option><option><id>D</id><type>text</type><desc><![CDATA[前列腺]]></desc></option><option><id>E</id><type>text</type><desc><![CDATA[女性生殖道]]></desc></option></options><answers><![CDATA[E]]></answers><keypoints><![CDATA[解析:精子获能是指其使卵子受精的能力。大多数哺乳动物的精子必须在雌性生殖道内停留一段时间，才能获得使归子受精的能力,称为精子获能。]]></keypoints></question><question><type>1</type><format>text</format><desc><![CDATA[3.睾丸间质细胞的生理功能是]]></desc><options><option><id>A</id><type>text</type><desc><![CDATA[分泌雄激素]]></desc></option><option><id>B</id><type>text</type><desc><![CDATA[营养和支持生殖细胞]]></desc></option><option><id>C</id><type>text</type><desc><![CDATA[起血睾屏障作用]]></desc></option><option><id>D</id><type>text</type><desc><![CDATA[产生精子]]></desc></option><option><id>E</id><type>text</type><desc><![CDATA[分泌雄激素结合蛋白]]></desc></option></options><answers><![CDATA[A]]></answers><keypoints><![CDATA[解析:间质细胞是睾丸的主要内分泌细胞,它的主要机能是分泌雄激素。]]></keypoints></question><question><type>1</type><format>text</format><desc><![CDATA[4.睾酮的化学本质是]]></desc><options><option><id>A</id><type>text</type><desc><![CDATA[胺类]]></desc></option><option><id>B</id><type>text</type><desc><![CDATA[类固醇类]]></desc></option><option><id>C</id><type>text</type><desc><![CDATA[肽类]]></desc></option><option><id>D</id><type>text</type><desc><![CDATA[蛋白质]]></desc></option><option><id>E</id><type>text</type><desc><![CDATA[激素类]]></desc></option></options><answers><![CDATA[B]]></answers><keypoints><![CDATA[解析:在类固醇激素中具有生物活性的6个家族典型代表分别是孕酮、醛固酮、皮质醇、胆钙化醇等]]></keypoints></question><question><type>1</type><format>text</format><desc><![CDATA[5.灭活睾酮的器官是]]></desc><options><option><id>A</id><type>text</type><desc><![CDATA[肝脏]]></desc></option><option><id>B</id><type>text</type><desc><![CDATA[肾脏]]></desc></option><option><id>C</id><type>text</type><desc><![CDATA[肺脏]]></desc></option><option><id>D</id><type>text</type><desc><![CDATA[靶组织细胞]]></desc></option><option><id>E</id><type>text</type><desc><![CDATA[胰腺]]></desc></option></options><answers><![CDATA[A]]></answers><keypoints><![CDATA[解析：睾酮主要在靶器官组织中降解，在肝内经还原、氧化及侧链裂解转变为17-酮类固酮,包括雄酮、异雄酮及胆烷醇酮等代谢产物随尿液排出。]]></keypoints></question><question><type>1</type><format>text</format><desc><![CDATA[6.妊娠后期孕妇血中雌激素和孕激素处于高水平的原因是]]></desc><options><option><id>A</id><type>text</type><desc><![CDATA[下丘脑促垂体区分泌活动加强]]></desc></option><option><id>B</id><type>text</type><desc><![CDATA[腺垂体分泌活动加强]]></desc></option><option><id>C</id><type>text</type><desc><![CDATA[卵巢分泌活动加强]]></desc></option><option><id>D</id><type>text</type><desc><![CDATA[胎盘分泌活动加强]]></desc></option><option><id>E</id><type>text</type><desc><![CDATA[胎盘受腺垂体活动增强的影响]]></desc></option></options><answers><![CDATA[D]]></answers><keypoints><![CDATA[解析：妊娠后期孕妇的胎盘能分泌大量的孕激素和雌激素。]]></keypoints></question><question><type>1</type><format>text</format><desc><![CDATA[7.增殖期末，下列哪种激素促进排卵]]></desc><options><option><id>A</id><type>text</type><desc><![CDATA[LH]]></desc></option><option><id>B</id><type>text</type><desc><![CDATA[孕酮]]></desc></option><option><id>C</id><type>text</type><desc><![CDATA[卵泡刺激素]]></desc></option><option><id>D</id><type>text</type><desc><![CDATA[雄激素]]></desc></option><option><id>E</id><type>text</type><desc><![CDATA[雌激素]]></desc></option></options><answers><![CDATA[A]]></answers><keypoints><![CDATA[解析:在排卵前一天，血中雌激素(即雌二醇)浓度达到顶峰，但此时高浓度的雌激素对下丘脑不是起负反馈作用，而是起正反馈调节作用，使促性腺激素释放激素分泌增多，刺激LH和FSH分泌,其中以LH分泌增加最为明显。这是引发排卵的关键因素。]]></keypoints></question><question><type>1</type><format>text</format><desc><![CDATA[8.下列关于孕激素作用的叙述，正确的是]]></desc><options><option><id>A</id><type>text</type><desc><![CDATA[使子宫内膜发生增生期变化]]></desc></option><option><id>B</id><type>text</type><desc><![CDATA[使子宫内膜发生分泌期变化]]></desc></option><option><id>C</id><type>text</type><desc><![CDATA[降低血浆低密度脂蛋白含量]]></desc></option><option><id>D</id><type>text</type><desc><![CDATA[促使并维持女性第二性征的出现]]></desc></option><option><id>E</id><type>text</type><desc><![CDATA[促进子宫收缩]]></desc></option></options><answers><![CDATA[B]]></answers><keypoints><![CDATA[解析:A、C和D三项均为雌激素的生理作用;只有B项是孕激素的生理作用]]></keypoints></question><question><type>1</type><format>text</format><desc><![CDATA[9.排卵后形成的黄体可分泌的激素有]]></desc><options><option><id>A</id><type>text</type><desc><![CDATA[黄体生成素]]></desc></option><option><id>B</id><type>text</type><desc><![CDATA[卵泡刺激素]]></desc></option><option><id>C</id><type>text</type><desc><![CDATA[促性腺激素释放激素]]></desc></option><option><id>D</id><type>text</type><desc><![CDATA[人绒毛膜生长素]]></desc></option><option><id>E</id><type>text</type><desc><![CDATA[孕激素和雌激素]]></desc></option></options><answers><![CDATA[E]]></answers><keypoints><![CDATA[解析:排卵后的残余卵泡发育成黄体，并分泌大量孕激素和雌激素]]></keypoints></question><question><type>1</type><format>text</format><desc><![CDATA[10.月经周期中控制排卵发生的关键因素是]]></desc><options><option><id>A</id><type>text</type><desc><![CDATA[排卵前雌激素高峰]]></desc></option><option><id>B</id><type>text</type><desc><![CDATA[孕激素高峰]]></desc></option><option><id>C</id><type>text</type><desc><![CDATA[卵泡刺激素高峰]]></desc></option><option><id>D</id><type>text</type><desc><![CDATA[黄体生成素高峰]]></desc></option><option><id>E</id><type>text</type><desc><![CDATA[促性腺激素释放激素高峰]]></desc></option></options><answers><![CDATA[D]]></answers><keypoints><![CDATA[解析:排卵前,出现黄体生成素的高峰是极为重要的,如消除这一高峰,则排卵将被抑制,所以，黄体生成素的高峰是控制排卵的关键因素。]]></keypoints></question><question><type>1</type><format>text</format><desc><![CDATA[11.女性正常排卵的黄体]]></desc><options><option><id>A</id><type>text</type><desc><![CDATA[分泌孕酮]]></desc></option><option><id>B</id><type>text</type><desc><![CDATA[分泌雌激素]]></desc></option><option><id>C</id><type>text</type><desc><![CDATA[分泌黄体生成素]]></desc></option><option><id>D</id><type>text</type><desc><![CDATA[分泌孕酮及雌激素]]></desc></option><option><id>E</id><type>text</type><desc><![CDATA[分泌孕酮、雌激素和黄体生成素]]></desc></option></options><answers><![CDATA[D]]></answers><keypoints><![CDATA[解析:女性正常排卵的黄体,可分泌孕酮及雌激素,但不分泌黄体生成素。]]></keypoints></question><question><type>1</type><format>text</format><desc><![CDATA[12.无排卵月经经常是由于缺少]]></desc><options><option><id>A</id><type>text</type><desc><![CDATA[雌激素]]></desc></option><option><id>B</id><type>text</type><desc><![CDATA[孕激素]]></desc></option><option><id>C</id><type>text</type><desc><![CDATA[雌激素和孕激素]]></desc></option><option><id>D</id><type>text</type><desc><![CDATA[卵泡刺激素]]></desc></option><option><id>E</id><type>text</type><desc><![CDATA[以上都不是]]></desc></option></options><answers><![CDATA[B]]></answers><keypoints><![CDATA[解析:在正常月经周期中,雌激素引起子宫内的增殖变化,在此基础上,孕激素使内膜转化为分泌期有些女性,在某个月经周期中,虽有卵泡发育,但不排卵,此时虽无黄体生成但仍有月经,称为无排卵月经，和激素撤退性出血相似。]]></keypoints></question><question><type>1</type><format>html</format><desc><![CDATA[13.雄激素的作用，下列哪项是<u><b>不正确</b></u>的]]></desc><options><option><id>A</id><type>text</type><desc><![CDATA[刺激雄性附性器官发育，并使之维持在成熟状态]]></desc></option><option><id>B</id><type>text</type><desc><![CDATA[刺激男性副性征出现]]></desc></option><option><id>C</id><type>text</type><desc><![CDATA[促进肌肉与骨骼生长，使男子身高在青春期冲刺式生长]]></desc></option><option><id>D</id><type>text</type><desc><![CDATA[分泌过盛，可使男子身高超出常人]]></desc></option><option><id>E</id><type>text</type><desc><![CDATA[维持正常的性欲]]></desc></option></options><answers><![CDATA[D]]></answers><keypoints><![CDATA[解析:雄激素除可刺激男性副性征的出现及生殖器的发育与成熟外，对代谢也有作用，主要是促进蛋白质合成,特别是肌肉和骨骼的蛋白质合成，可使青春期男子身体发生一次比较显著的增长。]]></keypoints></question></questions></exam>