{"_ZVING_RESULT":"[{\"id\":\"42761926\",\"pid\":\"0\",\"name\":\"第一章 绪论\",\"level\":\"0\",\"code\":\"42761925\",\"directorycode\":\"1\",\"directorytype\":\"body\"},{\"id\":\"42761928\",\"pid\":\"0\",\"name\":\"第二章 老年人健康及生活质量评估\",\"level\":\"0\",\"code\":\"42761927\",\"directorycode\":\"2\",\"directorytype\":\"body\"},{\"id\":\"42761930\",\"pid\":\"0\",\"name\":\"第三章 老年人的健康保健\",\"level\":\"0\",\"code\":\"42761929\",\"directorycode\":\"3\",\"directorytype\":\"body\"},{\"id\":\"42761932\",\"pid\":\"0\",\"name\":\"第四章 老年人的安全用药与护理\",\"level\":\"0\",\"code\":\"42761931\",\"directorycode\":\"4\",\"directorytype\":\"body\"},{\"id\":\"42761934\",\"pid\":\"0\",\"name\":\"第五章 老年期常见心理与精神问题的护理\",\"level\":\"0\",\"code\":\"42761933\",\"directorycode\":\"5\",\"directorytype\":\"body\"},{\"id\":\"42761936\",\"pid\":\"0\",\"name\":\"第六章 老年人认知与感知的护理\",\"level\":\"0\",\"code\":\"42761935\",\"directorycode\":\"6\",\"directorytype\":\"body\"},{\"id\":\"42761938\",\"pid\":\"0\",\"name\":\"第七章 老年人营养与排泄的护理\",\"level\":\"0\",\"code\":\"42761937\",\"directorycode\":\"7\",\"directorytype\":\"body\"},{\"id\":\"42761940\",\"pid\":\"0\",\"name\":\"第八章 老年人休息与活动的护理\",\"level\":\"0\",\"code\":\"42761939\",\"directorycode\":\"8\",\"directorytype\":\"body\"},{\"id\":\"42761942\",\"pid\":\"0\",\"name\":\"第九章 老年期其他特殊问题的护理\",\"level\":\"0\",\"code\":\"42761941\",\"directorycode\":\"9\",\"directorytype\":\"body\"},{\"id\":\"42761944\",\"pid\":\"0\",\"name\":\"第十章 老年临终关怀\",\"level\":\"0\",\"code\":\"42761943\",\"directorycode\":\"10\",\"directorytype\":\"body\"},{\"id\":\"42761946\",\"pid\":\"0\",\"name\":\"教学大纲\",\"level\":\"0\",\"code\":\"42761945\",\"directorycode\":\"11\",\"directorytype\":\"body\"}]","_ZVING_STATUS":"OK"}