﻿<?xml version="1.0" encoding="UTF-8"?><exam><id>20180918161743</id><questions><instructions><![CDATA[A1型题]]></instructions><question><type>1</type><format>text</format><desc><![CDATA[1.老年人口腔干燥最主要的原因是]]></desc><options><option><id>A</id><type>text</type><desc><![CDATA[口角皲裂]]></desc></option><option><id>B</id><type>text</type><desc><![CDATA[精神症状躯体化表现]]></desc></option><option><id>C</id><type>text</type><desc><![CDATA[牙齿龋坏]]></desc></option><option><id>D</id><type>text</type><desc><![CDATA[唾液腺自身的退行性变化]]></desc></option><option><id>E</id><type>text</type><desc><![CDATA[营养缺乏]]></desc></option></options><answers><![CDATA[D]]></answers></question><question><type>1</type><format>html</format><desc><![CDATA[2.老年尿失禁的护理措施，下列选项<u><b>不妥</b></u>的是]]></desc><options><option><id>A</id><type>text</type><desc><![CDATA[加强皮肤护理，预防压疮]]></desc></option><option><id>B</id><type>text</type><desc><![CDATA[指导患者行盆底肌肉训练]]></desc></option><option><id>C</id><type>text</type><desc><![CDATA[视病情留置导尿]]></desc></option><option><id>D</id><type>text</type><desc><![CDATA[重视心理护理]]></desc></option><option><id>E</id><type>text</type><desc><![CDATA[控制饮水，减少尿量]]></desc></option></options><answers><![CDATA[E]]></answers></question><question><type>1</type><format>html</format><desc><![CDATA[3.下列哪种说法与引起便秘<u><b>无关</b></u>]]></desc><options><option><id>A</id><type>text</type><desc><![CDATA[饮食中有充足的膳食纤维]]></desc></option><option><id>B</id><type>text</type><desc><![CDATA[精神、神经性病变]]></desc></option><option><id>C</id><type>text</type><desc><![CDATA[缺乏锻炼]]></desc></option><option><id>D</id><type>text</type><desc><![CDATA[药物影响]]></desc></option><option><id>E</id><type>text</type><desc><![CDATA[不按时排便]]></desc></option></options><answers><![CDATA[A]]></answers></question><question><type>1</type><format>html</format><desc><![CDATA[4.老年便秘患者的饮食护理中<u><b>不合理</b></u>的措施是]]></desc><options><option><id>A</id><type>text</type><desc><![CDATA[选用薯类、玉米等杂粮]]></desc></option><option><id>B</id><type>text</type><desc><![CDATA[食用精制面粉和糖]]></desc></option><option><id>C</id><type>text</type><desc><![CDATA[常吃核桃、芝麻等润肠作用的食物]]></desc></option><option><id>D</id><type>text</type><desc><![CDATA[多饮水，最好晨起空腹饮一杯温开水或淡盐水]]></desc></option><option><id>E</id><type>text</type><desc><![CDATA[防止偏食、进食太少]]></desc></option></options><answers><![CDATA[B]]></answers></question><question><type>1</type><format>text</format><desc><![CDATA[5.便秘老年人应采取]]></desc><options><option><id>A</id><type>text</type><desc><![CDATA[适当增加富含膳食纤维的食物]]></desc></option><option><id>B</id><type>text</type><desc><![CDATA[睡前增加饮水量]]></desc></option><option><id>C</id><type>text</type><desc><![CDATA[排便时可以看书或读报等活动]]></desc></option><option><id>D</id><type>text</type><desc><![CDATA[少食蔬菜和水果]]></desc></option><option><id>E</id><type>text</type><desc><![CDATA[减少活动量]]></desc></option></options><answers><![CDATA[A]]></answers></question><question><type>1</type><format>text</format><desc><![CDATA[6.与血中胆固醇水平提高相关的内分泌腺体退行性改变是]]></desc><options><option><id>A</id><type>text</type><desc><![CDATA[垂体前叶]]></desc></option><option><id>B</id><type>text</type><desc><![CDATA[甲状腺]]></desc></option><option><id>C</id><type>text</type><desc><![CDATA[胰岛]]></desc></option><option><id>D</id><type>text</type><desc><![CDATA[卵巢]]></desc></option><option><id>E</id><type>text</type><desc><![CDATA[睾丸]]></desc></option></options><answers><![CDATA[B]]></answers></question><question><type>1</type><format>text</format><desc><![CDATA[7.糖尿病患者控制饮食的主要目的是]]></desc><options><option><id>A</id><type>text</type><desc><![CDATA[减少热量，防止肥胖]]></desc></option><option><id>B</id><type>text</type><desc><![CDATA[降低血糖浓度]]></desc></option><option><id>C</id><type>text</type><desc><![CDATA[防止水电解质紊乱]]></desc></option><option><id>D</id><type>text</type><desc><![CDATA[保持大便通畅]]></desc></option><option><id>E</id><type>text</type><desc><![CDATA[预防各种并发症]]></desc></option></options><answers><![CDATA[B]]></answers></question><question><type>1</type><format>html</format><desc><![CDATA[8.下列关于老年人血糖特点，描述<u><b>错误</b></u>的是]]></desc><options><option><id>A</id><type>text</type><desc><![CDATA[空腹血糖随年龄上升而增加]]></desc></option><option><id>B</id><type>text</type><desc><![CDATA[老年人体检测定血糖时只需检测空腹血糖]]></desc></option><option><id>C</id><type>text</type><desc><![CDATA[老年人糖尿病以餐后高血糖为主]]></desc></option><option><id>D</id><type>text</type><desc><![CDATA[多数老年糖尿病患者空腹血糖正常]]></desc></option><option><id>E</id><type>text</type><desc><![CDATA[糖耐量随年龄增加而有所下降]]></desc></option></options><answers><![CDATA[B]]></answers></question><question><type>1</type><format>html</format><desc><![CDATA[9.老年糖尿病的特点<u><b>不包括</b></u>]]></desc><options><option><id>A</id><type>text</type><desc><![CDATA[易并发大血管病变，是致残、致死的重要原因]]></desc></option><option><id>B</id><type>text</type><desc><![CDATA[易为伴随疾病掩盖症状]]></desc></option><option><id>C</id><type>text</type><desc><![CDATA[多为1型糖尿病]]></desc></option><option><id>D</id><type>text</type><desc><![CDATA[在某些应激情况下，可突发严重高血糖致非酮症高渗性昏迷]]></desc></option><option><id>E</id><type>text</type><desc><![CDATA[症状、体征不典型]]></desc></option></options><answers><![CDATA[C]]></answers></question><question><type>1</type><format>text</format><desc><![CDATA[10.对肥胖患者预防糖尿病的最好健康教育是]]></desc><options><option><id>A</id><type>text</type><desc><![CDATA[限制总热量摄取]]></desc></option><option><id>B</id><type>text</type><desc><![CDATA[提高对肥胖的认识，加强自我健康管理]]></desc></option><option><id>C</id><type>text</type><desc><![CDATA[参加体育锻炼]]></desc></option><option><id>D</id><type>text</type><desc><![CDATA[不食含糖食品]]></desc></option><option><id>E</id><type>text</type><desc><![CDATA[低热量加蔬菜]]></desc></option></options><answers><![CDATA[B]]></answers></question><question><type>1</type><format>text</format><desc><![CDATA[11.老年糖尿病的基本病理变化是]]></desc><options><option><id>A</id><type>text</type><desc><![CDATA[生长激素分泌过多]]></desc></option><option><id>B</id><type>text</type><desc><![CDATA[甲状腺分泌过多]]></desc></option><option><id>C</id><type>text</type><desc><![CDATA[胰岛素分泌过多]]></desc></option><option><id>D</id><type>text</type><desc><![CDATA[糖皮质激素分泌过多]]></desc></option><option><id>E</id><type>text</type><desc><![CDATA[胰岛素绝对或相对不足]]></desc></option></options><answers><![CDATA[E]]></answers></question><question><type>1</type><format>text</format><desc><![CDATA[12.良性前列腺增生的典型症状是]]></desc><options><option><id>A</id><type>text</type><desc><![CDATA[尿急]]></desc></option><option><id>B</id><type>text</type><desc><![CDATA[尿潴留]]></desc></option><option><id>C</id><type>text</type><desc><![CDATA[进行性排尿困难]]></desc></option><option><id>D</id><type>text</type><desc><![CDATA[尿痛]]></desc></option><option><id>E</id><type>text</type><desc><![CDATA[尿频]]></desc></option></options><answers><![CDATA[C]]></answers></question></questions><questions><instructions><![CDATA[A2型题]]></instructions><question><type>2</type><format>text</format><desc><![CDATA[13.王奶奶，79岁，近一周出现便秘，应指导其多进食]]></desc><options><option><id>A</id><type>text</type><desc><![CDATA[鸡蛋]]></desc></option><option><id>B</id><type>text</type><desc><![CDATA[蛋糕]]></desc></option><option><id>C</id><type>text</type><desc><![CDATA[芹菜]]></desc></option><option><id>D</id><type>text</type><desc><![CDATA[肉类]]></desc></option><option><id>E</id><type>text</type><desc><![CDATA[牛奶]]></desc></option></options><answers><![CDATA[C]]></answers></question><question><type>2</type><format>text</format><desc><![CDATA[14.张奶奶，70岁，育有二男一女，近日来出现咳嗽，打喷嚏时，自觉有尿不自主地溢出，尿湿裤子，这种现象称为]]></desc><options><option><id>A</id><type>text</type><desc><![CDATA[压力性尿失禁]]></desc></option><option><id>B</id><type>text</type><desc><![CDATA[混合性尿失禁]]></desc></option><option><id>C</id><type>text</type><desc><![CDATA[急迫性尿失禁]]></desc></option><option><id>D</id><type>text</type><desc><![CDATA[充盈性尿失禁]]></desc></option><option><id>E</id><type>text</type><desc><![CDATA[暂时性尿失禁]]></desc></option></options><answers><![CDATA[A]]></answers></question><question><type>2</type><format>text</format><desc><![CDATA[15.赵奶奶，80岁，瘫痪3年，为预防发生压疮，应采取的措施是]]></desc><options><option><id>A</id><type>text</type><desc><![CDATA[每日更换衣服与被服]]></desc></option><option><id>B</id><type>text</type><desc><![CDATA[为降低骨突处压力，建议使用橡胶气圈]]></desc></option><option><id>C</id><type>text</type><desc><![CDATA[每周一次物理治疗]]></desc></option><option><id>D</id><type>text</type><desc><![CDATA[定期更换体位与局部按摩]]></desc></option><option><id>E</id><type>text</type><desc><![CDATA[局部置热水袋促进血液循环]]></desc></option></options><answers><![CDATA[D]]></answers></question><question><type>2</type><format>text</format><desc><![CDATA[16.赵爷爷，82岁，进行性排尿困难，多年尿频、夜尿增多，逐渐加重，近一月来出现尿少，尿不净，时常尿裤子。检查：膀胱区浊音界扩大、触之较硬，彩超显示膀胱过度充盈，尿潴留，前列腺增生。此种尿失禁属于]]></desc><options><option><id>A</id><type>text</type><desc><![CDATA[压力性尿失禁]]></desc></option><option><id>B</id><type>text</type><desc><![CDATA[混合性尿失禁]]></desc></option><option><id>C</id><type>text</type><desc><![CDATA[急迫性尿失禁]]></desc></option><option><id>D</id><type>text</type><desc><![CDATA[充盈性尿失禁]]></desc></option><option><id>E</id><type>text</type><desc><![CDATA[暂时性尿失禁]]></desc></option></options><answers><![CDATA[D]]></answers></question><question><type>2</type><format>text</format><desc><![CDATA[17.王奶奶在注射普通胰岛素后1小时后才吃早餐，此时出现头晕、心悸、多汗、饥饿感，应首先考虑发生了]]></desc><options><option><id>A</id><type>text</type><desc><![CDATA[血容量不足]]></desc></option><option><id>B</id><type>text</type><desc><![CDATA[胰岛素过敏]]></desc></option><option><id>C</id><type>text</type><desc><![CDATA[低血糖反应]]></desc></option><option><id>D</id><type>text</type><desc><![CDATA[酮症酸中毒早期]]></desc></option><option><id>E</id><type>text</type><desc><![CDATA[高渗性昏迷先兆]]></desc></option></options><answers><![CDATA[C]]></answers></question><question><type>2</type><format>text</format><desc><![CDATA[18.李奶奶，64岁，患糖尿病，胰岛素治疗期间突然心悸、饥饿、出汗，随机意识不清，首要措施为]]></desc><options><option><id>A</id><type>text</type><desc><![CDATA[加大胰岛素剂量]]></desc></option><option><id>B</id><type>text</type><desc><![CDATA[加用优降糖]]></desc></option><option><id>C</id><type>text</type><desc><![CDATA[静脉注射50%葡萄糖]]></desc></option><option><id>D</id><type>text</type><desc><![CDATA[静脉滴注碳酸氢钠]]></desc></option><option><id>E</id><type>text</type><desc><![CDATA[应用呼吸兴奋剂]]></desc></option></options><answers><![CDATA[C]]></answers></question><question><type>2</type><format>html</format><desc><![CDATA[19.李爷爷，69岁，3年前确诊患有前列腺增生，3年来一直在服用药物控制症状，以下是护士对李爷爷进行的健康宣教，<u><b>不正确</b></u>的是]]></desc><options><option><id>A</id><type>text</type><desc><![CDATA[加强老年前列腺增生基本知识的宣教]]></desc></option><option><id>B</id><type>text</type><desc><![CDATA[每天饮水不超过2000ml，减少尿频]]></desc></option><option><id>C</id><type>text</type><desc><![CDATA[不憋尿，忌烟酒，不吃辛辣刺激性食物]]></desc></option><option><id>D</id><type>text</type><desc><![CDATA[每年进行直肠指诊、前列腺B 超检查]]></desc></option><option><id>E</id><type>text</type><desc><![CDATA[避免过度劳累、受凉、久坐]]></desc></option></options><answers><![CDATA[B]]></answers></question><question><type>2</type><format>text</format><desc><![CDATA[20.王奶奶，83岁，因尿失禁留置导尿管，引流通畅但尿色黄、浑浊，医嘱抗感染治疗。护理方面应注意]]></desc><options><option><id>A</id><type>text</type><desc><![CDATA[热敷下腹部]]></desc></option><option><id>B</id><type>text</type><desc><![CDATA[立即拔出导尿管]]></desc></option><option><id>C</id><type>text</type><desc><![CDATA[鼓励多饮水，遵医嘱膀胱冲洗]]></desc></option><option><id>D</id><type>text</type><desc><![CDATA[进行超声检查]]></desc></option><option><id>E</id><type>text</type><desc><![CDATA[定时更换卧位]]></desc></option></options><answers><![CDATA[C]]></answers></question></questions></exam>