﻿<?xml version="1.0" encoding="UTF-8"?><exam><id>20180918161144</id><questions><instructions><![CDATA[A1型题]]></instructions><question><type>1</type><format>html</format><desc><![CDATA[1.以下关于老年人心理变化特点的描述<u><b>不正确</b></u>的是]]></desc><options><option><id>A</id><type>text</type><desc><![CDATA[身心变化不同步进行]]></desc></option><option><id>B</id><type>text</type><desc><![CDATA[心理发展具有潜能和可塑性]]></desc></option><option><id>C</id><type>text</type><desc><![CDATA[心理变化体现出获得与丧失的统一]]></desc></option><option><id>D</id><type>text</type><desc><![CDATA[心理变化存在较大的个体差异]]></desc></option><option><id>E</id><type>text</type><desc><![CDATA[身心变化趋于同步]]></desc></option></options><answers><![CDATA[E]]></answers></question><question><type>1</type><format>text</format><desc><![CDATA[2.离退休综合征属于]]></desc><options><option><id>A</id><type>text</type><desc><![CDATA[适应性障碍]]></desc></option><option><id>B</id><type>text</type><desc><![CDATA[文化休克]]></desc></option><option><id>C</id><type>text</type><desc><![CDATA[压力源]]></desc></option><option><id>D</id><type>text</type><desc><![CDATA[自理缺陷]]></desc></option><option><id>E</id><type>text</type><desc><![CDATA[病理改变]]></desc></option></options><answers><![CDATA[A]]></answers></question><question><type>1</type><format>html</format><desc><![CDATA[3.下列引起空巢综合征的原因<u><b>不包括</b></u>]]></desc><options><option><id>A</id><type>text</type><desc><![CDATA[子女无法与老年人居住在一起]]></desc></option><option><id>B</id><type>text</type><desc><![CDATA[老年人对子女情感依赖性弱]]></desc></option><option><id>C</id><type>text</type><desc><![CDATA[部分已婚子女长久不探望老年人]]></desc></option><option><id>D</id><type>text</type><desc><![CDATA[子女工作繁忙，顾不上照顾老年人]]></desc></option><option><id>E</id><type>text</type><desc><![CDATA[老年人生理功能衰退或疾病缠身]]></desc></option></options><answers><![CDATA[B]]></answers></question><question><type>1</type><format>html</format><desc><![CDATA[4.下列对血管性痴呆的描述<u><b>不符</b></u>的是]]></desc><options><option><id>A</id><type>text</type><desc><![CDATA[病程常呈现明显的波动性]]></desc></option><option><id>B</id><type>text</type><desc><![CDATA[病程稳定发展]]></desc></option><option><id>C</id><type>text</type><desc><![CDATA[伴有局灶性神经系统的体征]]></desc></option><option><id>D</id><type>text</type><desc><![CDATA[病因未明]]></desc></option><option><id>E</id><type>text</type><desc><![CDATA[仅限于症状治疗,尚无有效的病因治疗]]></desc></option></options><answers><![CDATA[B]]></answers></question><question><type>1</type><format>text</format><desc><![CDATA[5.隐匿性抑郁症的主要临床特点是]]></desc><options><option><id>A</id><type>text</type><desc><![CDATA[心境低落]]></desc></option><option><id>B</id><type>text</type><desc><![CDATA[思维迟缓]]></desc></option><option><id>C</id><type>text</type><desc><![CDATA[活动减少]]></desc></option><option><id>D</id><type>text</type><desc><![CDATA[记忆减退]]></desc></option><option><id>E</id><type>text</type><desc><![CDATA[躯体症状为主]]></desc></option></options><answers><![CDATA[E]]></answers></question><question><type>1</type><format>html</format><desc><![CDATA[6.下列关于老年抑郁症的健康指导<u><b>不妥</b></u>的是]]></desc><options><option><id>A</id><type>text</type><desc><![CDATA[坚持用药]]></desc></option><option><id>B</id><type>text</type><desc><![CDATA[定期门诊复查]]></desc></option><option><id>C</id><type>text</type><desc><![CDATA[临床治愈后即停药]]></desc></option><option><id>D</id><type>text</type><desc><![CDATA[复发者维持治疗两年或更长]]></desc></option><option><id>E</id><type>text</type><desc><![CDATA[家庭给予老人更多的关心和照顾]]></desc></option></options><answers><![CDATA[C]]></answers></question><question><type>1</type><format>text</format><desc><![CDATA[7.阿尔茨海默病临床首发症状是]]></desc><options><option><id>A</id><type>text</type><desc><![CDATA[记忆障碍]]></desc></option><option><id>B</id><type>text</type><desc><![CDATA[定向障碍]]></desc></option><option><id>C</id><type>text</type><desc><![CDATA[人格障碍]]></desc></option><option><id>D</id><type>text</type><desc><![CDATA[思维障碍]]></desc></option><option><id>E</id><type>text</type><desc><![CDATA[睡眠障碍]]></desc></option></options><answers><![CDATA[A]]></answers></question><question><type>1</type><format>text</format><desc><![CDATA[8.老年抑郁症发作最危险的病理意向活动是]]></desc><options><option><id>A</id><type>text</type><desc><![CDATA[自杀企图和行为]]></desc></option><option><id>B</id><type>text</type><desc><![CDATA[情感低落]]></desc></option><option><id>C</id><type>text</type><desc><![CDATA[思维障碍]]></desc></option><option><id>D</id><type>text</type><desc><![CDATA[意志活动减退]]></desc></option><option><id>E</id><type>text</type><desc><![CDATA[躯体或生物学症状]]></desc></option></options><answers><![CDATA[A]]></answers></question><question><type>1</type><format>text</format><desc><![CDATA[9.抑郁症患者自杀发生的最危险时期是]]></desc><options><option><id>A</id><type>text</type><desc><![CDATA[饭后]]></desc></option><option><id>B</id><type>text</type><desc><![CDATA[中午]]></desc></option><option><id>C</id><type>text</type><desc><![CDATA[晚上]]></desc></option><option><id>D</id><type>text</type><desc><![CDATA[凌晨]]></desc></option><option><id>E</id><type>text</type><desc><![CDATA[傍晚]]></desc></option></options><answers><![CDATA[D]]></answers></question></questions><questions><instructions><![CDATA[A2型题]]></instructions><question><type>2</type><format>html</format><desc><![CDATA[10.李奶奶，65岁，丧偶，儿女均在国外，现独居于家，近日因跌倒致股骨颈骨折卧床，感孤独、特别思念儿女、有自怜和无助的表述，<u><b>不正确</b></u>的护理方法是]]></desc><options><option><id>A</id><type>text</type><desc><![CDATA[主动关心老人，满足其需要]]></desc></option><option><id>B</id><type>text</type><desc><![CDATA[鼓励老人利用现代通信与子女沟通]]></desc></option><option><id>C</id><type>text</type><desc><![CDATA[左邻右舍亲朋好友多探视]]></desc></option><option><id>D</id><type>text</type><desc><![CDATA[志愿者提供及时的、个性化服务]]></desc></option><option><id>E</id><type>text</type><desc><![CDATA[送老人至清静处疗养]]></desc></option></options><answers><![CDATA[E]]></answers></question><question><type>2</type><format>text</format><desc><![CDATA[11.陈爷爷因老年期痴呆入住在老年病房。一天深夜，护士发现陈爷爷在走廊里溜达，他说在找他妻子。护士的做法应当是]]></desc><options><option><id>A</id><type>text</type><desc><![CDATA[采取就事论事的态度帮助他回到房间]]></desc></option><option><id>B</id><type>text</type><desc><![CDATA[提醒他待在自己的房间里]]></desc></option><option><id>C</id><type>text</type><desc><![CDATA[提醒他现在在哪里，评估为什么睡眠困难]]></desc></option><option><id>D</id><type>text</type><desc><![CDATA[让他睡在休息室里，这样他不会打搅他人]]></desc></option><option><id>E</id><type>text</type><desc><![CDATA[立即给予安眠药]]></desc></option></options><answers><![CDATA[C]]></answers></question><question><type>2</type><format>text</format><desc><![CDATA[12.李奶奶，68岁，近半年来常沉默寡言、闷闷不乐，有时偷偷流泪，情绪极度低落，该老人的主要心理精神问题是]]></desc><options><option><id>A</id><type>text</type><desc><![CDATA[焦虑]]></desc></option><option><id>B</id><type>text</type><desc><![CDATA[抑郁]]></desc></option><option><id>C</id><type>text</type><desc><![CDATA[恐惧]]></desc></option><option><id>D</id><type>text</type><desc><![CDATA[痴呆]]></desc></option><option><id>E</id><type>text</type><desc><![CDATA[自闭]]></desc></option></options><answers><![CDATA[B]]></answers></question></questions></exam>