﻿<?xml version="1.0" encoding="UTF-8"?><exam><id>20180918160259</id><questions><instructions><![CDATA[A1型题]]></instructions><question><type>1</type><format>html</format><desc><![CDATA[1.社区老年保健的重点人群<u><b>不包括</u></b>]]></desc><options><option><id>A</id><type>text</type><desc><![CDATA[高龄老年人]]></desc></option><option><id>B</id><type>text</type><desc><![CDATA[独居老年人]]></desc></option><option><id>C</id><type>text</type><desc><![CDATA[丧偶老年人]]></desc></option><option><id>D</id><type>text</type><desc><![CDATA[老年精神障碍者]]></desc></option><option><id>E</id><type>text</type><desc><![CDATA[近期住院的老年人]]></desc></option></options><answers><![CDATA[E]]></answers></question><question><type>1</type><format>html</format><desc><![CDATA[2.下列<u><b>不属于</b></u>非语言交流技巧的是]]></desc><options><option><id>A</id><type>text</type><desc><![CDATA[认真倾听]]></desc></option><option><id>B</id><type>text</type><desc><![CDATA[面对面坐、微笑]]></desc></option><option><id>C</id><type>text</type><desc><![CDATA[身体倾向患者]]></desc></option><option><id>D</id><type>text</type><desc><![CDATA[目光接触]]></desc></option><option><id>E</id><type>text</type><desc><![CDATA[放松、自然、大方]]></desc></option></options><answers><![CDATA[A]]></answers></question><question><type>1</type><format>text</format><desc><![CDATA[3.老年人运动后最适宜心率为]]></desc><options><option><id>A</id><type>text</type><desc><![CDATA[140－年龄]]></desc></option><option><id>B</id><type>text</type><desc><![CDATA[150－年龄]]></desc></option><option><id>C</id><type>text</type><desc><![CDATA[160－年龄]]></desc></option><option><id>D</id><type>text</type><desc><![CDATA[170－年龄]]></desc></option><option><id>E</id><type>text</type><desc><![CDATA[180－年龄]]></desc></option></options><answers><![CDATA[D]]></answers></question><question><type>1</type><format>html</format><desc><![CDATA[4.以下<u><b>不是</b></u>中医养生保健的基本观念的是]]></desc><options><option><id>A</id><type>text</type><desc><![CDATA[生命观]]></desc></option><option><id>B</id><type>text</type><desc><![CDATA[寿夭观]]></desc></option><option><id>C</id><type>text</type><desc><![CDATA[片面观]]></desc></option><option><id>D</id><type>text</type><desc><![CDATA[和谐观]]></desc></option><option><id>E</id><type>text</type><desc><![CDATA[权衡观]]></desc></option></options><answers><![CDATA[C]]></answers></question><question><type>1</type><format>html</format><desc><![CDATA[5.下列关于中药服药方法的叙述，<u><b>不正确</b></u>的是]]></desc><options><option><id>A</id><type>text</type><desc><![CDATA[催吐药宜傍晚服]]></desc></option><option><id>B</id><type>text</type><desc><![CDATA[消导药宜饭后服]]></desc></option><option><id>C</id><type>text</type><desc><![CDATA[滋补药宜空腹服]]></desc></option><option><id>D</id><type>text</type><desc><![CDATA[安神药宜睡前半小时服]]></desc></option><option><id>E</id><type>text</type><desc><![CDATA[峻下逐水药宜清晨空腹服]]></desc></option></options><answers><![CDATA[A]]></answers></question><question><type>1</type><format>html</format><desc><![CDATA[6.<u><b>不属于</b></u>拔罐法注意事项的是]]></desc><options><option><id>A</id><type>text</type><desc><![CDATA[病室温度适宜，避免直接吹风，防止受凉]]></desc></option><option><id>B</id><type>text</type><desc><![CDATA[拔罐时应取合理、舒适的体位]]></desc></option><option><id>C</id><type>text</type><desc><![CDATA[拔罐时动作要稳、准、慢]]></desc></option><option><id>D</id><type>text</type><desc><![CDATA[拔罐中应注意询问患者的感觉，观察局部情况]]></desc></option><option><id>E</id><type>text</type><desc><![CDATA[拔罐过程中，体位切勿移动，以免火罐脱落]]></desc></option></options><answers><![CDATA[C]]></answers></question></questions><questions><instructions><![CDATA[A2型题]]></instructions><question><type>2</type><format>html</format><desc><![CDATA[7.李爷爷，退休工人，62岁，每日坚持晨练。如何判断运动量是否适宜]]></desc><options><option><id>A</id><type>text</type><desc><![CDATA[运动后3～5分钟之内恢复运动前的心率，同时运动时全身有热感或微微出汗，运动后自觉精神充沛，睡眠好，食欲佳]]></desc></option><option><id>B</id><type>text</type><desc><![CDATA[运动时身体不发热或无出汗，脉搏次数不增或增加不多，心率在运动结束后3分钟内恢复到运动前心率]]></desc></option><option><id>C</id><type>text</type><desc><![CDATA[运动后达到了最适宜心率，运动结束后需10分钟以上才能恢复运动前心率，运动后感到疲劳、头晕、心悸、气促、睡眠不良]]></desc></option><option><id>D</id><type>text</type><desc><![CDATA[运动时身体不发热或无出汗，脉搏次数不增或增加不多，心率在运动结束后5分钟内恢复到运动前心率]]></desc></option><option><id>E</id><type>text</type><desc><![CDATA[运动时出现严重的胸闷、气喘、心绞痛或心率减慢、心律失常]]></desc></option></options><answers><![CDATA[A]]></answers></question><question><type>2</type><format>text</format><desc><![CDATA[8.周爷爷，64岁，退休工程师，有高血压史。每日坚持晨练。近日感冒仍坚持晨练。半小时后出现胸闷、气喘、心前区疼痛。提示]]></desc><options><option><id>A</id><type>text</type><desc><![CDATA[运动量适宜，继续锻炼至出汗，有利于感冒恢复]]></desc></option><option><id>B</id><type>text</type><desc><![CDATA[运动量偏小，加大运动量至出汗，有利于感冒恢复]]></desc></option><option><id>C</id><type>text</type><desc><![CDATA[运动量偏大，减少运动量]]></desc></option><option><id>D</id><type>text</type><desc><![CDATA[原地休息，继续观察]]></desc></option><option><id>E</id><type>text</type><desc><![CDATA[应立即停止运动，并及时检查治疗]]></desc></option></options><answers><![CDATA[E]]></answers></question><question><type>2</type><format>html</format><desc><![CDATA[9.陈爷爷，65岁，退休在家，有高血压史，子女都不在身边，护士指导老人进行日常生活保健时，<u><b>错误</b></u>的是]]></desc><options><option><id>A</id><type>text</type><desc><![CDATA[皮肤瘙痒者尽量避免搔抓或烫洗等强刺激，忌用碱性肥皂]]></desc></option><option><id>B</id><type>text</type><desc><![CDATA[每日的食盐摄入量不超过8g]]></desc></option><option><id>C</id><type>text</type><desc><![CDATA[摄取食物做到“三高、一低、四少”：高蛋白质、高维生素、高纤维素；低脂肪；少盐、少油、少糖、少辛辣调味品]]></desc></option><option><id>D</id><type>text</type><desc><![CDATA[运动项目应以低、中等强度的有氧运动为主]]></desc></option><option><id>E</id><type>text</type><desc><![CDATA[饭前锻炼，至少要休息30分钟，才能用餐；饭后则至少要休息1.5小时以上才能锻炼]]></desc></option></options><answers><![CDATA[B]]></answers></question><question><type>2</type><format>html</format><desc><![CDATA[10.周奶奶，64岁，常年睡眠不好，护士为其进行睡眠与休息的健康指导时，<u><b>不妥</b></u>的是]]></desc><options><option><id>A</id><type>text</type><desc><![CDATA[睡前避免饮浓茶、咖啡以及服用兴奋中枢的药物，养成刷牙、漱口、温水泡脚等习惯]]></desc></option><option><id>B</id><type>text</type><desc><![CDATA[适度而规律的活动，是促进自然入睡的好方法，如散步、慢跑、打太极拳、跳舞等]]></desc></option><option><id>C</id><type>text</type><desc><![CDATA[每日睡9小时为宜]]></desc></option><option><id>D</id><type>text</type><desc><![CDATA[老年人需要较多的休息，但要注意休息的质量，看电视、看书等时间不宜过长，否则不仅达不到休息目的，反而会增加疲劳感]]></desc></option><option><id>E</id><type>text</type><desc><![CDATA[好的睡眠环境可提高睡眠质量，居室要清洁、安全、光线柔和、温湿度适宜等]]></desc></option></options><answers><![CDATA[C]]></answers></question><question><type>2</type><format>text</format><desc><![CDATA[11.李爷爷，患有缺血性脑卒中3年，又侧肢体功能障碍，生活不能自理，可选择最适宜的养老照顾模式是]]></desc><options><option><id>A</id><type>text</type><desc><![CDATA[家庭养老照顾模式]]></desc></option><option><id>B</id><type>text</type><desc><![CDATA[居家养老照顾模式]]></desc></option><option><id>C</id><type>text</type><desc><![CDATA[机构养老照顾模式]]></desc></option><option><id>D</id><type>text</type><desc><![CDATA[“医养结合”养老照顾模式]]></desc></option><option><id>E</id><type>text</type><desc><![CDATA[互助养老照顾模式]]></desc></option></options><answers><![CDATA[D]]></answers></question><question><type>2</type><format>html</format><desc><![CDATA[12.王奶奶，70岁，3个月前亲人病故，精神抑郁寡欢，睡眠较差，遵医嘱行耳穴神门贴压，耳穴帖压法操作<u><b>不正确</b></u>的是]]></desc><options><option><id>A</id><type>text</type><desc><![CDATA[进行耳穴探查]]></desc></option><option><id>B</id><type>text</type><desc><![CDATA[皮肤消毒]]></desc></option><option><id>C</id><type>text</type><desc><![CDATA[对准穴位贴压]]></desc></option><option><id>D</id><type>text</type><desc><![CDATA[每穴揉按3～5分钟]]></desc></option><option><id>E</id><type>text</type><desc><![CDATA[每日按压3～5次，隔1～3天换1次]]></desc></option></options><answers><![CDATA[D]]></answers></question></questions></exam>