﻿<?xml version="1.0" encoding="UTF-8"?><exam><id>20180918163324</id><questions><instructions><![CDATA[A1型题]]></instructions><question><type>1</type><format>text</format><desc><![CDATA[1.老年人最常见的意外事故为]]></desc><options><option><id>A</id><type>text</type><desc><![CDATA[疼痛]]></desc></option><option><id>B</id><type>text</type><desc><![CDATA[跌倒]]></desc></option><option><id>C</id><type>text</type><desc><![CDATA[噎呛]]></desc></option><option><id>D</id><type>text</type><desc><![CDATA[烫伤]]></desc></option><option><id>E</id><type>text</type><desc><![CDATA[坠床]]></desc></option></options><answers><![CDATA[B]]></answers></question><question><type>1</type><format>html</format><desc><![CDATA[2.发现老年人跌倒后，做法<u><b>不正确</b></u>的是]]></desc><options><option><id>A</id><type>text</type><desc><![CDATA[直接扶起老人]]></desc></option><option><id>B</id><type>text</type><desc><![CDATA[检查生命体征，判断病情]]></desc></option><option><id>C</id><type>text</type><desc><![CDATA[拨打急救电话]]></desc></option><option><id>D</id><type>text</type><desc><![CDATA[送医院抢救]]></desc></option><option><id>E</id><type>text</type><desc><![CDATA[有外伤者进行包扎止血]]></desc></option></options><answers><![CDATA[A]]></answers></question><question><type>1</type><format>html</format><desc><![CDATA[3.针对老年人跌倒的情况，采取的预防措施<u><b>不正确</b></u>的是]]></desc><options><option><id>A</id><type>text</type><desc><![CDATA[地板防滑]]></desc></option><option><id>B</id><type>text</type><desc><![CDATA[卫生间安装扶手]]></desc></option><option><id>C</id><type>text</type><desc><![CDATA[交通高峰期出行]]></desc></option><option><id>D</id><type>text</type><desc><![CDATA[衣裤合身]]></desc></option><option><id>E</id><type>text</type><desc><![CDATA[照明充足]]></desc></option></options><answers><![CDATA[C]]></answers></question><question><type>1</type><format>text</format><desc><![CDATA[4.发生噎呛的患者的早期表现是]]></desc><options><option><id>A</id><type>text</type><desc><![CDATA[手乱抓，两眼发直]]></desc></option><option><id>B</id><type>text</type><desc><![CDATA[满头大汗，口唇发绀]]></desc></option><option><id>C</id><type>text</type><desc><![CDATA[一手呈“V”字状紧贴于颈前喉部]]></desc></option><option><id>D</id><type>text</type><desc><![CDATA[抽搐]]></desc></option><option><id>E</id><type>text</type><desc><![CDATA[大小便失禁]]></desc></option></options><answers><![CDATA[C]]></answers></question><question><type>1</type><format>text</format><desc><![CDATA[5.容易导致老年人进食意外发生的因素是]]></desc><options><option><id>A</id><type>text</type><desc><![CDATA[进食时保持直立体位]]></desc></option><option><id>B</id><type>text</type><desc><![CDATA[偏瘫的老年人进食时，卧于健侧，汤匙从患侧放入]]></desc></option><option><id>C</id><type>text</type><desc><![CDATA[进食时应注意力集中]]></desc></option><option><id>D</id><type>text</type><desc><![CDATA[频繁呛咳的患者进餐时，照顾者可用汤匙将食物送至舌根处]]></desc></option><option><id>E</id><type>text</type><desc><![CDATA[一次进食不宜过多]]></desc></option></options><answers><![CDATA[B]]></answers></question><question><type>1</type><format>html</format><desc><![CDATA[6.关于老年人疼痛说法<u><b>错误</b></u>的是]]></desc><options><option><id>A</id><type>text</type><desc><![CDATA[持续性疼痛]]></desc></option><option><id>B</id><type>text</type><desc><![CDATA[常伴有焦虑、抑郁、疲劳等症状]]></desc></option><option><id>C</id><type>text</type><desc><![CDATA[功能障碍与生活行为受限明显]]></desc></option><option><id>D</id><type>text</type><desc><![CDATA[康复缓慢]]></desc></option><option><id>E</id><type>text</type><desc><![CDATA[不会影响其生活质量]]></desc></option></options><answers><![CDATA[E]]></answers></question><question><type>1</type><format>html</format><desc><![CDATA[7.影响老年人正常性生活的因素中<u><b>不正确</b></u>的是]]></desc><options><option><id>A</id><type>text</type><desc><![CDATA[女性患糖尿病]]></desc></option><option><id>B</id><type>text</type><desc><![CDATA[子女分别赡养老年人]]></desc></option><option><id>C</id><type>text</type><desc><![CDATA[老年人居住养老机构]]></desc></option><option><id>D</id><type>text</type><desc><![CDATA[老年人有性需求是“老不正经”的认知]]></desc></option><option><id>E</id><type>text</type><desc><![CDATA[利用抚摸、亲吻等取代传统的性生活]]></desc></option></options><answers><![CDATA[E]]></answers></question><question><type>1</type><format>text</format><desc><![CDATA[8.下列属于非阿片类镇痛药的是]]></desc><options><option><id>A</id><type>text</type><desc><![CDATA[吗啡]]></desc></option><option><id>B</id><type>text</type><desc><![CDATA[布洛芬]]></desc></option><option><id>C</id><type>text</type><desc><![CDATA[美沙酮]]></desc></option><option><id>D</id><type>text</type><desc><![CDATA[哌替啶]]></desc></option><option><id>E</id><type>text</type><desc><![CDATA[芬太尼]]></desc></option></options><answers><![CDATA[B]]></answers></question><question><type>1</type><format>html</format><desc><![CDATA[9.下列<u><b>不属于</b></u>诱发或增加老年人受虐的因素是]]></desc><options><option><id>A</id><type>text</type><desc><![CDATA[老人与有精神障碍者同住]]></desc></option><option><id>B</id><type>text</type><desc><![CDATA[老人独居]]></desc></option><option><id>C</id><type>text</type><desc><![CDATA[老人患脑梗]]></desc></option><option><id>D</id><type>text</type><desc><![CDATA[照顾者吸毒]]></desc></option><option><id>E</id><type>text</type><desc><![CDATA[施虐者儿童期间曾受到虐待]]></desc></option></options><answers><![CDATA[B]]></answers></question></questions><questions><instructions><![CDATA[A2型题]]></instructions><question><type>2</type><format>html</format><desc><![CDATA[10.患者，女性，71岁，早晨上台阶时，臀部着地摔倒，不能站立和行走，自感局部剧痛，神志尚清楚，家人随即将其送往医院，患者平素视力不好，患类风湿关节炎20年，颈椎病5年，曾跌倒过1次。对该患者进行护理时，以下<u><b>不正确</b></u>的是]]></desc><options><option><id>A</id><type>text</type><desc><![CDATA[为避免患者再次跌倒，指导患者尽量减少活动]]></desc></option><option><id>B</id><type>text</type><desc><![CDATA[安慰患者，减少对跌倒的恐惧]]></desc></option><option><id>C</id><type>text</type><desc><![CDATA[必要时指导患者使用拐杖]]></desc></option><option><id>D</id><type>text</type><desc><![CDATA[协助医师确定患者的损伤情况，积极治疗患者的类风湿关节炎和颈椎病]]></desc></option><option><id>E</id><type>text</type><desc><![CDATA[指导其家属改善患者的居住环境]]></desc></option></options><answers><![CDATA[A]]></answers></question><question><type>2</type><format>text</format><desc><![CDATA[11.患者，女性，67岁，体型肥胖，平素不喜运动，两年前因行走后左膝关节疼痛到医院就诊，诊断为“骨关节炎”，一日前外出时站立不稳，头部着地，送至医院就诊。该患者跌倒的原因为]]></desc><options><option><id>A</id><type>text</type><desc><![CDATA[生理因素]]></desc></option><option><id>B</id><type>text</type><desc><![CDATA[病理因素]]></desc></option><option><id>C</id><type>text</type><desc><![CDATA[药物因素]]></desc></option><option><id>D</id><type>text</type><desc><![CDATA[心理因素]]></desc></option><option><id>E</id><type>text</type><desc><![CDATA[环境因素]]></desc></option></options><answers><![CDATA[B]]></answers></question><question><type>2</type><format>text</format><desc><![CDATA[12.患者，男性，70岁，在家无明显诱因突发出现头晕伴饮水呛咳，进食困难，伴右侧上肢少许麻木，无头痛、恶心、呕吐，无意识障碍，无大小便失禁等。由家属送到医院急诊求治，诊断为“脑梗塞”收入神经内科诊疗，经过半月治疗，吞咽困难未见明显改善，呛咳频繁发生，患者当前最首要的护理诊断是]]></desc><options><option><id>A</id><type>text</type><desc><![CDATA[清理呼吸道无效]]></desc></option><option><id>B</id><type>text</type><desc><![CDATA[有急性意识障碍的危险]]></desc></option><option><id>C</id><type>text</type><desc><![CDATA[气体交换受损]]></desc></option><option><id>D</id><type>text</type><desc><![CDATA[有窒息的危险]]></desc></option><option><id>E</id><type>text</type><desc><![CDATA[潜在并发症]]></desc></option></options><answers><![CDATA[D]]></answers></question><question><type>2</type><format>html</format><desc><![CDATA[13.患者，男性，72岁，午餐时间一边吃饭一边跟周围病友聊天，突然，患者面部胀红，并有呛咳，一手呈“V”字状紧贴于颈前喉部，表情痛苦，下列急救措施操作<u><b>错误</b></u>的是]]></desc><options><option><id>A</id><type>text</type><desc><![CDATA[患者取坐位]]></desc></option><option><id>B</id><type>text</type><desc><![CDATA[护士位于患者背后]]></desc></option><option><id>C</id><type>text</type><desc><![CDATA[护士双手臂由腋下环绕患者的腰部]]></desc></option><option><id>D</id><type>text</type><desc><![CDATA[护士一手握拳，将拳头的拇指一侧放在患者的胸廓下段与脐上的腹部]]></desc></option><option><id>E</id><type>text</type><desc><![CDATA[用另一手握拳，肘部张开，用快速向上的冲击力挤压患者腹部，反复多次]]></desc></option></options><answers><![CDATA[A]]></answers></question><question><type>2</type><format>text</format><desc><![CDATA[14.患者，男性，69岁，诊断为“肺癌晚期”入院，入院后患者主诉胸痛难忍，咳嗽频繁并有气喘，难以交流。下列关于疼痛的护理正确的是]]></desc><options><option><id>A</id><type>text</type><desc><![CDATA[口服止痛药可由护士直接发给患者即可]]></desc></option><option><id>B</id><type>text</type><desc><![CDATA[用药后疼痛不缓解也不用继续用药]]></desc></option><option><id>C</id><type>text</type><desc><![CDATA[间歇性疼痛发作时告知患者要忍耐]]></desc></option><option><id>D</id><type>text</type><desc><![CDATA[告知患者和家属正确评估疼痛的重要性]]></desc></option><option><id>E</id><type>text</type><desc><![CDATA[当疼痛发作时可自己根据情况适度加药]]></desc></option></options><answers><![CDATA[D]]></answers></question><question><type>2</type><format>html</format><desc><![CDATA[15.患者，女性，62岁，3天前搬重物时，突发腰部疼痛，为持续性胀痛，咳嗽、腹部用力时疼痛加重，自行口服“布洛芬”后疼痛有所缓解，但腰部活动仍感疼痛。对患者的非药物性护理措施中<u><b>错误</b></u>的是]]></desc><options><option><id>A</id><type>text</type><desc><![CDATA[及时解释并安抚患者情绪，解除患者的焦虑]]></desc></option><option><id>B</id><type>text</type><desc><![CDATA[教会患者转移注意力]]></desc></option><option><id>C</id><type>text</type><desc><![CDATA[使患者处于舒适体位]]></desc></option><option><id>D</id><type>text</type><desc><![CDATA[教给患者放松技术]]></desc></option><option><id>E</id><type>text</type><desc><![CDATA[鼓励患者运动]]></desc></option></options><answers><![CDATA[E]]></answers></question><question><type>2</type><format>html</format><desc><![CDATA[16.患者，男性，63岁，已婚，妻子65岁，身体健康。患者因前列腺炎到泌尿外科就诊，问诊中医生了解到患者近半年已停止性生活，体检血压150/90mmHg，既往无高血压史。针对患者的性生活指导，<u><b>错误</b></u>的是]]></desc><options><option><id>A</id><type>text</type><desc><![CDATA[保持心情舒畅]]></desc></option><option><id>B</id><type>text</type><desc><![CDATA[戒烟限酒]]></desc></option><option><id>C</id><type>text</type><desc><![CDATA[规律运动，保持体能]]></desc></option><option><id>D</id><type>text</type><desc><![CDATA[选择在充分休息后进行]]></desc></option><option><id>E</id><type>text</type><desc><![CDATA[为避免前列腺炎加重，可保持暂停性生活状态]]></desc></option></options><answers><![CDATA[E]]></answers></question><question><type>2</type><format>text</format><desc><![CDATA[17.张奶奶，67岁，丧偶，退休教师，育有一子一女。女儿女婿双双下岗，生活困难，为了让女儿生活更好，也让女儿照顾自己的晚年生活，张奶奶主动与女儿一家同住。期间张奶奶不但承担了家里的日常生活费用，每月还给女儿2000元。但是女儿一旦遇到不如意，就对她大发脾气，生活也不知节俭，不到月底就将生活费用光，然后向母亲伸手要钱，一旦被拒绝，便会谩骂，言词不堪入耳。女儿虐待张奶奶的行为主要属于]]></desc><options><option><id>A</id><type>text</type><desc><![CDATA[心理虐待]]></desc></option><option><id>B</id><type>text</type><desc><![CDATA[经济虐待]]></desc></option><option><id>C</id><type>text</type><desc><![CDATA[生理虐待]]></desc></option><option><id>D</id><type>text</type><desc><![CDATA[忽视]]></desc></option><option><id>E</id><type>text</type><desc><![CDATA[性虐待]]></desc></option></options><answers><![CDATA[A]]></answers></question></questions></exam>