﻿<?xml version="1.0" encoding="UTF-8"?><exam><id>20180918154518</id><questions><instructions><![CDATA[A1型题]]></instructions><question><type>1</type><format>text</format><desc><![CDATA[1.在老年人健康资料收集中最重要的方法是]]></desc><options><option><id>A</id><type>text</type><desc><![CDATA[交谈]]></desc></option><option><id>B</id><type>text</type><desc><![CDATA[体格检查]]></desc></option><option><id>C</id><type>text</type><desc><![CDATA[观察]]></desc></option><option><id>D</id><type>text</type><desc><![CDATA[阅读]]></desc></option><option><id>E</id><type>text</type><desc><![CDATA[测试]]></desc></option></options><answers><![CDATA[A]]></answers></question><question><type>1</type><format>text</format><desc><![CDATA[2.对老年人进行体格检查时，室内温度最好保持在]]></desc><options><option><id>A</id><type>text</type><desc><![CDATA[16～18℃]]></desc></option><option><id>B</id><type>text</type><desc><![CDATA[18～20℃]]></desc></option><option><id>C</id><type>text</type><desc><![CDATA[20～22℃]]></desc></option><option><id>D</id><type>text</type><desc><![CDATA[22～24℃]]></desc></option><option><id>E</id><type>text</type><desc><![CDATA[24～26℃]]></desc></option></options><answers><![CDATA[D]]></answers></question><question><type>1</type><format>html</format><desc><![CDATA[3.下列<u><b>不是</b></u>老年人一般状况的特点的是]]></desc><options><option><id>A</id><type>text</type><desc><![CDATA[老年人身高随着年龄的增长而逐渐缩短]]></desc></option><option><id>B</id><type>text</type><desc><![CDATA[老年人基础体温和最高体温高于年轻人]]></desc></option><option><id>C</id><type>text</type><desc><![CDATA[老年人体重在65～75岁达高峰，随后下降]]></desc></option><option><id>D</id><type>text</type><desc><![CDATA[老年人常有高血压和体位性低血压]]></desc></option><option><id>E</id><type>text</type><desc><![CDATA[老年人午后体温比清晨高1℃以上应视为发热]]></desc></option></options><answers><![CDATA[B]]></answers></question><question><type>1</type><format>html</format><desc><![CDATA[4.老年人身体健康的评估<u><b>不包括</b></u>下列]]></desc><options><option><id>A</id><type>text</type><desc><![CDATA[健康史的采集]]></desc></option><option><id>B</id><type>text</type><desc><![CDATA[体格检查]]></desc></option><option><id>C</id><type>text</type><desc><![CDATA[功能状态评估]]></desc></option><option><id>D</id><type>text</type><desc><![CDATA[社会功能评估]]></desc></option><option><id>E</id><type>text</type><desc><![CDATA[辅助检查]]></desc></option></options><answers><![CDATA[D]]></answers></question><question><type>1</type><format>text</format><desc><![CDATA[5.下列对老年人记忆特点的描述，正确是]]></desc><options><option><id>A</id><type>text</type><desc><![CDATA[老年人次级记忆保持较好，初级记忆减退比较明显]]></desc></option><option><id>B</id><type>text</type><desc><![CDATA[老年人再认能力的保持远比回忆能力差]]></desc></option><option><id>C</id><type>text</type><desc><![CDATA[老年人有意记忆处于主导地位，无意记忆能力下降]]></desc></option><option><id>D</id><type>text</type><desc><![CDATA[老年人机械记忆较好，逻辑记忆较差]]></desc></option><option><id>E</id><type>text</type><desc><![CDATA[老年人近事记忆良好，远事记忆衰退]]></desc></option></options><answers><![CDATA[C]]></answers></question><question><type>1</type><format>text</format><desc><![CDATA[6.老年人最常见也是最需要进行干预的情绪状态是]]></desc><options><option><id>A</id><type>text</type><desc><![CDATA[焦虑和恐惧]]></desc></option><option><id>B</id><type>text</type><desc><![CDATA[恐惧和孤独]]></desc></option><option><id>C</id><type>text</type><desc><![CDATA[绝望和抑郁]]></desc></option><option><id>D</id><type>text</type><desc><![CDATA[孤独和烦躁]]></desc></option><option><id>E</id><type>text</type><desc><![CDATA[焦虑和抑郁]]></desc></option></options><answers><![CDATA[E]]></answers></question><question><type>1</type><format>html</format><desc><![CDATA[7.下列<u><b>不属于</b></u>社会环境的因素的是]]></desc><options><option><id>A</id><type>text</type><desc><![CDATA[经济状况]]></desc></option><option><id>B</id><type>text</type><desc><![CDATA[生活方式]]></desc></option><option><id>C</id><type>text</type><desc><![CDATA[社区环境]]></desc></option><option><id>D</id><type>text</type><desc><![CDATA[风俗习惯]]></desc></option><option><id>E</id><type>text</type><desc><![CDATA[社会支持]]></desc></option></options><answers><![CDATA[D]]></answers></question><question><type>1</type><format>text</format><desc><![CDATA[8.老年人专用的抑郁筛查量表是]]></desc><options><option><id>A</id><type>text</type><desc><![CDATA[汉密尔顿抑郁量表]]></desc></option><option><id>B</id><type>text</type><desc><![CDATA[老年抑郁量表]]></desc></option><option><id>C</id><type>text</type><desc><![CDATA[抑郁自评量表]]></desc></option><option><id>D</id><type>text</type><desc><![CDATA[幸福度量表]]></desc></option><option><id>E</id><type>text</type><desc><![CDATA[生活质量评定表]]></desc></option></options><answers><![CDATA[B]]></answers></question><question><type>1</type><format>html</format><desc><![CDATA[9.家庭评估<u><b>不包括</b></u>]]></desc><options><option><id>A</id><type>text</type><desc><![CDATA[家庭成员基本资料]]></desc></option><option><id>B</id><type>text</type><desc><![CDATA[家庭结构]]></desc></option><option><id>C</id><type>text</type><desc><![CDATA[家庭功能]]></desc></option><option><id>D</id><type>text</type><desc><![CDATA[家庭压力]]></desc></option><option><id>E</id><type>text</type><desc><![CDATA[家庭背景]]></desc></option></options><answers><![CDATA[E]]></answers></question></questions><questions><instructions><![CDATA[A2型题]]></instructions><question><type>2</type><format>text</format><desc><![CDATA[10.刘爷爷，67岁，虽已退休多年，但退而不休，仍在某民间团体机构继续努力工作，且干劲不减当年。患者采用的退休方式是]]></desc><options><option><id>A</id><type>text</type><desc><![CDATA[重组型]]></desc></option><option><id>B</id><type>text</type><desc><![CDATA[离退型]]></desc></option><option><id>C</id><type>text</type><desc><![CDATA[坚持型]]></desc></option><option><id>D</id><type>text</type><desc><![CDATA[收缩型]]></desc></option><option><id>E</id><type>text</type><desc><![CDATA[被动依赖型]]></desc></option></options><answers><![CDATA[C]]></answers></question><question><type>2</type><format>text</format><desc><![CDATA[11.叶奶奶，65岁，近2年来感到自己对电话号码等数字的记忆减退。此情况表明患者的下列哪种记忆力下降了]]></desc><options><option><id>A</id><type>text</type><desc><![CDATA[机械记忆]]></desc></option><option><id>B</id><type>text</type><desc><![CDATA[逻辑记忆]]></desc></option><option><id>C</id><type>text</type><desc><![CDATA[远期记忆]]></desc></option><option><id>D</id><type>text</type><desc><![CDATA[近期记忆]]></desc></option><option><id>E</id><type>text</type><desc><![CDATA[初级记忆]]></desc></option></options><answers><![CDATA[A]]></answers></question></questions></exam>