﻿<?xml version="1.0" encoding="UTF-8"?><exam><id>20180918163635</id><questions><instructions><![CDATA[A1型题]]></instructions><question><type>1</type><format>text</format><desc><![CDATA[1.世界上第一个现代临终关怀机构是]]></desc><options><option><id>A</id><type>text</type><desc><![CDATA[美国新港临终关怀病院]]></desc></option><option><id>B</id><type>text</type><desc><![CDATA[英国圣克里斯多弗临终关怀院]]></desc></option><option><id>C</id><type>text</type><desc><![CDATA[加拿大姑息护理协会]]></desc></option><option><id>D</id><type>text</type><desc><![CDATA[西欧修道院]]></desc></option><option><id>E</id><type>text</type><desc><![CDATA[天津医学院临终关怀研究中心]]></desc></option></options><answers><![CDATA[B]]></answers></question><question><type>1</type><format>text</format><desc><![CDATA[2.我国第一个研究死亡的机构是]]></desc><options><option><id>A</id><type>text</type><desc><![CDATA[天津医学院临终关怀研究中心]]></desc></option><option><id>B</id><type>text</type><desc><![CDATA[松堂医院]]></desc></option><option><id>C</id><type>text</type><desc><![CDATA[中国生命关怀协会]]></desc></option><option><id>D</id><type>text</type><desc><![CDATA[中国老龄事业发展基金会]]></desc></option><option><id>E</id><type>text</type><desc><![CDATA[中国心理卫生协会临终关怀专业委员会]]></desc></option></options><answers><![CDATA[A]]></answers></question><question><type>1</type><format>html</format><desc><![CDATA[3.<u><b>不属于</b></u>老年临终关怀的意义的是]]></desc><options><option><id>A</id><type>text</type><desc><![CDATA[维护临终老人人格尊严]]></desc></option><option><id>B</id><type>text</type><desc><![CDATA[提高临终老人生命质量]]></desc></option><option><id>C</id><type>text</type><desc><![CDATA[减轻临终老人家属负担]]></desc></option><option><id>D</id><type>text</type><desc><![CDATA[为有效利用和合理分配医疗资源提供可能]]></desc></option><option><id>E</id><type>text</type><desc><![CDATA[临终关怀教育尚未普及]]></desc></option></options><answers><![CDATA[E]]></answers></question><question><type>1</type><format>html</format><desc><![CDATA[4.以下<u><b>不属于</b></u>临终关怀特点的是]]></desc><options><option><id>A</id><type>text</type><desc><![CDATA[桑德斯博士于20世纪60年代提出和创立]]></desc></option><option><id>B</id><type>text</type><desc><![CDATA[在社会的欢迎氛围中产生和发展起来]]></desc></option><option><id>C</id><type>text</type><desc><![CDATA[使死亡时间缩短]]></desc></option><option><id>D</id><type>text</type><desc><![CDATA[缓解、消除临终者的生理疼痛]]></desc></option><option><id>E</id><type>text</type><desc><![CDATA[具有浓厚的人道主义色彩]]></desc></option></options><answers><![CDATA[C]]></answers></question><question><type>1</type><format>html</format><desc><![CDATA[5.下列<u><b>不是</b></u>丧偶者的心理特征的是]]></desc><options><option><id>A</id><type>text</type><desc><![CDATA[麻木]]></desc></option><option><id>B</id><type>text</type><desc><![CDATA[自责]]></desc></option><option><id>C</id><type>text</type><desc><![CDATA[怀念]]></desc></option><option><id>D</id><type>text</type><desc><![CDATA[恢复]]></desc></option><option><id>E</id><type>text</type><desc><![CDATA[协议]]></desc></option></options><answers><![CDATA[E]]></answers></question><question><type>1</type><format>html</format><desc><![CDATA[6.下列<u><b>不属于</b></u>临终老人的心理护理的是]]></desc><options><option><id>A</id><type>text</type><desc><![CDATA[理解患者的心理需求]]></desc></option><option><id>B</id><type>text</type><desc><![CDATA[尽量满足患者的意愿]]></desc></option><option><id>C</id><type>text</type><desc><![CDATA[尊重老年人的民族习惯和宗教信仰]]></desc></option><option><id>D</id><type>text</type><desc><![CDATA[对患者否认期的言行要努力纠正]]></desc></option><option><id>E</id><type>text</type><desc><![CDATA[语言亲切，照顾要周到]]></desc></option></options><answers><![CDATA[D]]></answers></question><question><type>1</type><format>html</format><desc><![CDATA[7.对肿瘤老人疼痛护理时的注意事项<u><b>不包括</b></u>]]></desc><options><option><id>A</id><type>text</type><desc><![CDATA[正确进行疼痛评估]]></desc></option><option><id>B</id><type>text</type><desc><![CDATA[采取心理治疗、音乐疗法、针灸疗法、按摩和放松疗法，冷敷或热敷，转移注意力]]></desc></option><option><id>C</id><type>text</type><desc><![CDATA[轻度疼痛的老人选用第1阶梯解热镇痛类药物]]></desc></option><option><id>D</id><type>text</type><desc><![CDATA[配合医生给予姑息性治疗]]></desc></option><option><id>E</id><type>text</type><desc><![CDATA[重度疼痛选用第3阶梯弱阿片类药物]]></desc></option></options><answers><![CDATA[E]]></answers></question></questions><questions><instructions><![CDATA[A2型题]]></instructions><question><type>2</type><format>text</format><desc><![CDATA[8.吴爷爷，男，68岁，肺癌晚期脑转移，病情日趋恶化，极度虚弱，对其护理的目标是]]></desc><options><option><id>A</id><type>text</type><desc><![CDATA[让患者有尊严地度过余生]]></desc></option><option><id>B</id><type>text</type><desc><![CDATA[提供根治疗法]]></desc></option><option><id>C</id><type>text</type><desc><![CDATA[延长生命过程]]></desc></option><option><id>D</id><type>text</type><desc><![CDATA[实施安乐死]]></desc></option><option><id>B</id><type>text</type><desc><![CDATA[放弃特殊治疗]]></desc></option></options><answers><![CDATA[A]]></answers></question><question><type>2</type><format>text</format><desc><![CDATA[9.张奶奶，女，65岁，丈夫因车祸去世，生前婚姻关系很和谐，夫妻二人相敬如宾，举案齐眉，因无法接受丈夫的离开，整日卧床，回忆过去，在头脑中经常出现老伴的身影，心情极度低落，觉得生活没有希望。你认为该患者属于哪一阶段]]></desc><options><option><id>A</id><type>text</type><desc><![CDATA[麻木]]></desc></option><option><id>B</id><type>text</type><desc><![CDATA[自责]]></desc></option><option><id>C</id><type>text</type><desc><![CDATA[怀念]]></desc></option><option><id>D</id><type>text</type><desc><![CDATA[恢复]]></desc></option><option><id>E</id><type>text</type><desc><![CDATA[愤怒]]></desc></option></options><answers><![CDATA[C]]></answers></question><question><type>2</type><format>html</format><desc><![CDATA[10.刘奶奶，女，64岁，乳腺癌晚期已转移，目前神志不清，疼痛剧烈，疗效不佳，患者试图自杀。对此阶段的患者护理中<u><b>不妥</b></u>的是]]></desc><options><option><id>A</id><type>text</type><desc><![CDATA[多给予同情和照顾]]></desc></option><option><id>B</id><type>text</type><desc><![CDATA[允许家属适时陪伴]]></desc></option><option><id>C</id><type>text</type><desc><![CDATA[为患者布置安静舒适的环境]]></desc></option><option><id>D</id><type>text</type><desc><![CDATA[尽量不让患者流露出失落、悲伤的情绪]]></desc></option><option><id>E</id><type>text</type><desc><![CDATA[单位领导同事看望患者，多给予过去工作的肯定]]></desc></option></options><answers><![CDATA[D]]></answers></question></questions></exam>