﻿<?xml version="1.0" encoding="UTF-8"?><exam><id>20180918162117</id><questions><instructions><![CDATA[A1型题]]></instructions><question><type>1</type><format>html</format><desc><![CDATA[1.老年骨质疏松症的临床表现下列描述<u><b>不妥</b></u>的是]]></desc><options><option><id>A</id><type>text</type><desc><![CDATA[本病早期多无明显表现]]></desc></option><option><id>B</id><type>text</type><desc><![CDATA[易发生骨折，多见于脊椎、股骨和桡骨骨折]]></desc></option><option><id>C</id><type>text</type><desc><![CDATA[脊椎椎体压缩性骨折可引起身长缩短]]></desc></option><option><id>D</id><type>text</type><desc><![CDATA[疼痛是由骨关节病所致]]></desc></option><option><id>E</id><type>text</type><desc><![CDATA[部分患者以全身骨痛、腰背痛多见]]></desc></option></options><answers><![CDATA[D]]></answers></question><question><type>1</type><format>html</format><desc><![CDATA[2.下列<u><b>不符合</b></u>老年骨关节炎临床表现的是]]></desc><options><option><id>A</id><type>text</type><desc><![CDATA[患者易发生骨折]]></desc></option><option><id>B</id><type>text</type><desc><![CDATA[主要症状是关节疼痛]]></desc></option><option><id>C</id><type>text</type><desc><![CDATA[活动过多疼痛加重]]></desc></option><option><id>D</id><type>text</type><desc><![CDATA[部分患者休息时也疼痛]]></desc></option><option><id>E</id><type>text</type><desc><![CDATA[早期疼痛轻，随病情发展而加重]]></desc></option></options><answers><![CDATA[A]]></answers></question><question><type>1</type><format>html</format><desc><![CDATA[3.老年期呼吸道的退行性变化<u><b>不包括</b></u>]]></desc><options><option><id>A</id><type>text</type><desc><![CDATA[肺功能降低，呼吸容量减少]]></desc></option><option><id>B</id><type>text</type><desc><![CDATA[腺体萎缩，黏膜干燥]]></desc></option><option><id>C</id><type>text</type><desc><![CDATA[肺泡残气量增加]]></desc></option><option><id>D</id><type>text</type><desc><![CDATA[胸廓前后径增大]]></desc></option><option><id>E</id><type>text</type><desc><![CDATA[小气道干燥]]></desc></option></options><answers><![CDATA[E]]></answers></question><question><type>1</type><format>text</format><desc><![CDATA[4.早期诊断骨质疏松依靠]]></desc><options><option><id>A</id><type>text</type><desc><![CDATA[病史、体征]]></desc></option><option><id>B</id><type>text</type><desc><![CDATA[X线摄片]]></desc></option><option><id>C</id><type>text</type><desc><![CDATA[骨密度测定]]></desc></option><option><id>D</id><type>text</type><desc><![CDATA[骨代谢指标]]></desc></option><option><id>E</id><type>text</type><desc><![CDATA[CT检查]]></desc></option></options><answers><![CDATA[C]]></answers></question><question><type>1</type><format>html</format><desc><![CDATA[5.下列<u><b>不符合</b></u>老年人心血管系统特点的是]]></desc><options><option><id>A</id><type>text</type><desc><![CDATA[心排血量降低]]></desc></option><option><id>B</id><type>text</type><desc><![CDATA[心室壁弹性降低，导致心率减慢]]></desc></option><option><id>C</id><type>text</type><desc><![CDATA[血管弹性降低，变硬]]></desc></option><option><id>D</id><type>text</type><desc><![CDATA[脉压增大]]></desc></option><option><id>E</id><type>text</type><desc><![CDATA[收缩压和舒张压均明显升高]]></desc></option></options><answers><![CDATA[E]]></answers></question><question><type>1</type><format>html</format><desc><![CDATA[6.对于老年急性心肌梗死患者，描述<u><b>不正确</b></u>的是]]></desc><options><option><id>A</id><type>text</type><desc><![CDATA[并发症多]]></desc></option><option><id>B</id><type>text</type><desc><![CDATA[症状典型]]></desc></option><option><id>C</id><type>text</type><desc><![CDATA[常可在休息和睡眠过程中发生]]></desc></option><option><id>D</id><type>text</type><desc><![CDATA[可由便秘、饱餐、情绪激动引起]]></desc></option><option><id>E</id><type>text</type><desc><![CDATA[缺乏体育锻炼和社交活动是主要危险因素]]></desc></option></options><answers><![CDATA[B]]></answers></question><question><type>1</type><format>html</format><desc><![CDATA[7.老年高血压患者治疗原则，<u><b>不正确</b></u>的是]]></desc><options><option><id>A</id><type>text</type><desc><![CDATA[治疗前检查有无直立性低血压]]></desc></option><option><id>B</id><type>text</type><desc><![CDATA[选择对合并症有益的药物]]></desc></option><option><id>C</id><type>text</type><desc><![CDATA[治疗开始即给予足量的药物，以保证降压疗效]]></desc></option><option><id>D</id><type>text</type><desc><![CDATA[应用长效剂型]]></desc></option><option><id>E</id><type>text</type><desc><![CDATA[定时监测血压]]></desc></option></options><answers><![CDATA[C]]></answers></question></questions><questions><instructions><![CDATA[A2型题]]></instructions><question><type>2</type><format>text</format><desc><![CDATA[8.患者，女，76岁，腰背部疼痛多年，四肢关节疼痛加重1月，夜间和清晨醒来时加重，日间减轻，在为其制订护理计划时，正确的是]]></desc><options><option><id>A</id><type>text</type><desc><![CDATA[指导患者避免运动]]></desc></option><option><id>B</id><type>text</type><desc><![CDATA[钙剂最好饭后服用，以利于吸收]]></desc></option><option><id>C</id><type>text</type><desc><![CDATA[钙剂与绿叶蔬菜同时烹调有助于钙的吸收]]></desc></option><option><id>D</id><type>text</type><desc><![CDATA[老年骨质疏松患者补充钙剂越多越好]]></desc></option><option><id>E</id><type>text</type><desc><![CDATA[注意环境安全，防止跌倒]]></desc></option></options><answers><![CDATA[E]]></answers></question><question><type>2</type><format>html</format><desc><![CDATA[9.患者，男，80岁，因跌倒导致骨折，对该患者的饮食指导<u><b>错误</b></u>的是]]></desc><options><option><id>A</id><type>text</type><desc><![CDATA[指导患者摄入含钙丰富的食物]]></desc></option><option><id>B</id><type>text</type><desc><![CDATA[可多食用禽、蛋、肝、鱼肝油]]></desc></option><option><id>C</id><type>text</type><desc><![CDATA[钙剂与绿叶蔬菜同时烹调有助于钙的吸收]]></desc></option><option><id>D</id><type>text</type><desc><![CDATA[除增加含钙饮食外，还可补充碳酸钙、枸橼酸钙]]></desc></option><option><id>E</id><type>text</type><desc><![CDATA[补钙的同时注意维生素D的补充]]></desc></option></options><answers><![CDATA[C]]></answers></question><question><type>2</type><format>html</format><desc><![CDATA[10.患者，男，72岁，因腰椎间盘突出症加重入院，在制订护理计划时<u><b>不合适</b></u>的是]]></desc><options><option><id>A</id><type>text</type><desc><![CDATA[卧硬板床，抬高床头20°]]></desc></option><option><id>B</id><type>text</type><desc><![CDATA[因疼痛影响入睡时，可遵医嘱采用热疗、磁疗、超声疗法、推拿、按摩和给予镇痛剂等药物缓解疼痛，保证充足睡眠]]></desc></option><option><id>C</id><type>text</type><desc><![CDATA[经常改变体位，避免用同一姿势过久站立或坐]]></desc></option><option><id>D</id><type>text</type><desc><![CDATA[为避免疼痛，应尽量卧床休息，避免一切活动]]></desc></option><option><id>E</id><type>text</type><desc><![CDATA[可佩带腰围，以对腰椎起到保护和制动作用]]></desc></option></options><answers><![CDATA[D]]></answers></question><question><type>2</type><format>text</format><desc><![CDATA[11.患者，女，69岁，关节疼痛、肿胀、变形，以下检查可采用的是]]></desc><options><option><id>A</id><type>text</type><desc><![CDATA[X线检查]]></desc></option><option><id>B</id><type>text</type><desc><![CDATA[CT]]></desc></option><option><id>C</id><type>text</type><desc><![CDATA[MRI]]></desc></option><option><id>D</id><type>text</type><desc><![CDATA[骨密度、骨代谢指标检查]]></desc></option><option><id>E</id><type>text</type><desc><![CDATA[A、B和C]]></desc></option></options><answers><![CDATA[E]]></answers></question><question><type>2</type><format>html</format><desc><![CDATA[12.患者，女，69岁，关节疼痛、肿胀、变形，对其进行用药指导，<u><b>不合理</b></u>的是]]></desc><options><option><id>A</id><type>text</type><desc><![CDATA[尽量避免使用阿司匹林、水杨酸、吲哚美辛等副作用大、且对关节软骨有损害作用的药物]]></desc></option><option><id>B</id><type>text</type><desc><![CDATA[非甾体抗炎药应使用最低有效剂量，缓解后即停止]]></desc></option><option><id>C</id><type>text</type><desc><![CDATA[可通过理疗等方法缓解疼痛者，最好不使用药物]]></desc></option><option><id>D</id><type>text</type><desc><![CDATA[为避免疼痛发作，可在缓解期预防性使用非甾体抗炎药]]></desc></option><option><id>E</id><type>text</type><desc><![CDATA[关节内注射抗风湿药，应加强临床观察，监测X线片和关节积液]]></desc></option></options><answers><![CDATA[D]]></answers></question><question><type>2</type><format>text</format><desc><![CDATA[13.患者，女，63岁，肥胖体型，睡着时发现打鼾，且一晚上多次出现呼吸暂停，这种现象已有多年，此时应注意]]></desc><options><option><id>A</id><type>text</type><desc><![CDATA[生理现象]]></desc></option><option><id>B</id><type>text</type><desc><![CDATA[肥胖人常有的正常现象]]></desc></option><option><id>C</id><type>text</type><desc><![CDATA[可能有呼吸睡眠暂停综合征]]></desc></option><option><id>D</id><type>text</type><desc><![CDATA[原发性鼾症]]></desc></option><option><id>E</id><type>text</type><desc><![CDATA[不可诊断疾病]]></desc></option></options><answers><![CDATA[C]]></answers></question><question><type>2</type><format>html</format><desc><![CDATA[14.患者，男，61岁，慢性阻塞性肺疾病呼吸衰竭，行气管插管机械通气。1天后神志转清，PaCO<sub>2</sub>由85mmHg降至38mmHg。神志转清后第2天出现烦躁不安，胡言乱语，肌肉颤动。为明确原因最为重要的检查项目是]]></desc><options><option><id>A</id><type>text</type><desc><![CDATA[胸片]]></desc></option><option><id>B</id><type>text</type><desc><![CDATA[脑部CT]]></desc></option><option><id>C</id><type>text</type><desc><![CDATA[血气分析]]></desc></option><option><id>D</id><type>text</type><desc><![CDATA[血常规]]></desc></option><option><id>E</id><type>text</type><desc><![CDATA[以上都不是]]></desc></option></options><answers><![CDATA[C]]></answers></question><question><type>2</type><format>text</format><desc><![CDATA[15.患者，女，67岁，既往肺心病病史20年，此次患大叶性肺炎，咳嗽，咳痰2周，在家自己服用抗生素，未见明显效果，并出现呼吸困难，昨天出现烦躁不安，接着神志恍惚，送至医院就诊，查体：口唇发绀，颈静脉充盈，两肺底闻及细湿啰音，体温37.4℃，脉搏110次/分，血压120/70 mmHg，双下肢水肿，尿蛋白阳性。患者最可能出现的并发症是]]></desc><options><option><id>A</id><type>text</type><desc><![CDATA[呼吸衰竭]]></desc></option><option><id>B</id><type>text</type><desc><![CDATA[上消化道出血]]></desc></option><option><id>C</id><type>text</type><desc><![CDATA[急性脑出血]]></desc></option><option><id>D</id><type>text</type><desc><![CDATA[肾功能衰竭]]></desc></option><option><id>E</id><type>text</type><desc><![CDATA[急性心力衰竭]]></desc></option></options><answers><![CDATA[A]]></answers></question><question><type>2</type><format>html</format><desc><![CDATA[16.患者，男，63岁，咳嗽、咳痰伴喘息20余年，加重5天，2天来高热嗜睡。查体：嗜睡、球结膜水肿，皮肤红润，唇发绀不著，BP 140/95mmHg，呼吸27次/分，脉搏120次/分，无颈静脉怒张，双肺可闻干湿啰音，心脏不大，肝脾肋下未触及，双下肢轻度凹陷性水肿，双侧腱反射减弱。WBC 10.6×10<sup>9</sup>/L，N 79%。以下处理<u><b>不正确</b></u>的是]]></desc><options><option><id>A</id><type>text</type><desc><![CDATA[通畅气道]]></desc></option><option><id>B</id><type>text</type><desc><![CDATA[尽早使用利尿剂减轻脑水肿]]></desc></option><option><id>C</id><type>text</type><desc><![CDATA[抗感染治疗]]></desc></option><option><id>D</id><type>text</type><desc><![CDATA[低浓度持续吸氧]]></desc></option><option><id>E</id><type>text</type><desc><![CDATA[应用呼吸兴奋剂]]></desc></option></options><answers><![CDATA[E]]></answers></question><question><type>2</type><format>text</format><desc><![CDATA[17.患者，女，68岁，诊断为“慢性阻塞性肺部疾病急性加重，肺部感染，咳嗽咳黄白色黏痰，可以帮助患者保持呼吸道通畅的护理措施是]]></desc><options><option><id>A</id><type>text</type><desc><![CDATA[指导并协助患者进行有效咳嗽、咳痰]]></desc></option><option><id>B</id><type>text</type><desc><![CDATA[每1～2小时给予翻身一次，并给予拍背]]></desc></option><option><id>C</id><type>text</type><desc><![CDATA[用多孔导管经鼻或经口进行机械吸引]]></desc></option><option><id>D</id><type>text</type><desc><![CDATA[鼓励饮水，口服或雾化吸入祛痰药]]></desc></option><option><id>E</id><type>text</type><desc><![CDATA[以上都是]]></desc></option></options><answers><![CDATA[E]]></answers></question><question><type>2</type><format>text</format><desc><![CDATA[18.患者，男，71岁。诊断为慢性阻塞性肺疾病，血气分析结果显示：动脉血氧分压4.6kPa，二氧化碳分压12.4kPa，该患者吸氧适宜的是]]></desc><options><option><id>A</id><type>text</type><desc><![CDATA[高浓度、高流量、持续给氧]]></desc></option><option><id>B</id><type>text</type><desc><![CDATA[高浓度、高流量、间断合氧]]></desc></option><option><id>C</id><type>text</type><desc><![CDATA[低浓度、低流量、持续给氧]]></desc></option><option><id>D</id><type>text</type><desc><![CDATA[低浓度、低流量、间断给氧]]></desc></option><option><id>E</id><type>text</type><desc><![CDATA[低浓度与高流量交替持续给氧]]></desc></option></options><answers><![CDATA[C]]></answers></question></questions></exam>