﻿<?xml version="1.0" encoding="UTF-8"?><exam><id>20180918160814</id><questions><instructions><![CDATA[A1型题]]></instructions><question><type>1</type><format>html</format><desc><![CDATA[1.下列关于老年人药物代谢特点的叙述，<u><b>不妥</b></u>的是]]></desc><options><option><id>A</id><type>text</type><desc><![CDATA[功能性肝细胞、肝血流量减少]]></desc></option><option><id>B</id><type>text</type><desc><![CDATA[肝药物代谢酶活性降低]]></desc></option><option><id>C</id><type>text</type><desc><![CDATA[药物代谢的主要场所是肝脏]]></desc></option><option><id>D</id><type>text</type><desc><![CDATA[肝脏合成蛋白质的能力降低，致结合型药物增多]]></desc></option><option><id>E</id><type>text</type><desc><![CDATA[药物血浆半衰期延长]]></desc></option></options><answers><![CDATA[D]]></answers></question><question><type>1</type><format>html</format><desc><![CDATA[2.引起老年人药物不良反应发生率高的原因，应<u><b>除外</b></u>的是]]></desc><options><option><id>A</id><type>text</type><desc><![CDATA[多种药物联合应用]]></desc></option><option><id>B</id><type>text</type><desc><![CDATA[肝、肾功能衰退]]></desc></option><option><id>C</id><type>text</type><desc><![CDATA[遵守医嘱程度不高]]></desc></option><option><id>D</id><type>text</type><desc><![CDATA[记忆力减退，忘记服药]]></desc></option><option><id>E</id><type>text</type><desc><![CDATA[年老对疾病和不适的感受性差]]></desc></option></options><answers><![CDATA[D]]></answers></question><question><type>1</type><format>html</format><desc><![CDATA[3.下列关于提高老年人服药依从性的措施，叙述<u><b>不妥</b></u>的是]]></desc><options><option><id>A</id><type>text</type><desc><![CDATA[帮助老年人树立正确的健康观]]></desc></option><option><id>B</id><type>text</type><desc><![CDATA[尽量减少老年人用药的种类和次数]]></desc></option><option><id>C</id><type>text</type><desc><![CDATA[为减少老年人用药次数而加大用药剂量]]></desc></option><option><id>D</id><type>text</type><desc><![CDATA[对老年人及其照顾者说明正确的用药方法]]></desc></option><option><id>E</id><type>text</type><desc><![CDATA[药物名称、用法和用量用醒目大字标出]]></desc></option></options><answers><![CDATA[C]]></answers></question><question><type>1</type><format>html</format><desc><![CDATA[4.<u><b>不易</b></u>引起体位性低血压的药物是]]></desc><options><option><id>A</id><type>text</type><desc><![CDATA[氨基糖苷类抗生素]]></desc></option><option><id>B</id><type>text</type><desc><![CDATA[降压药]]></desc></option><option><id>C</id><type>text</type><desc><![CDATA[利尿剂]]></desc></option><option><id>D</id><type>text</type><desc><![CDATA[血管扩张药]]></desc></option><option><id>E</id><type>text</type><desc><![CDATA[三环抗抑郁药]]></desc></option></options><answers><![CDATA[A]]></answers></question><question><type>1</type><format>html</format><desc><![CDATA[5.有关提高老年人服药依从性的行为治疗措施，<u><b>错误</b></u>的是]]></desc><options><option><id>A</id><type>text</type><desc><![CDATA[行为监测]]></desc></option><option><id>B</id><type>text</type><desc><![CDATA[刺激]]></desc></option><option><id>C</id><type>text</type><desc><![CDATA[控制]]></desc></option><option><id>D</id><type>text</type><desc><![CDATA[强化行为]]></desc></option><option><id>E</id><type>text</type><desc><![CDATA[弱化行为]]></desc></option></options><answers><![CDATA[E]]></answers></question><question><type>1</type><format>text</format><desc><![CDATA[6.有关老年人最佳用药时间，正确的是]]></desc><options><option><id>A</id><type>text</type><desc><![CDATA[优降糖、糖适平在饭后用药]]></desc></option><option><id>B</id><type>text</type><desc><![CDATA[二甲双胍应在饭前半小时用药]]></desc></option><option><id>C</id><type>text</type><desc><![CDATA[拜糖平与食物同服]]></desc></option><option><id>D</id><type>text</type><desc><![CDATA[治疗变异型心绞痛主张睡前用长效钙拮抗剂]]></desc></option><option><id>E</id><type>text</type><desc><![CDATA[治疗杓型高血压应在早、晚分别服用长效降压药]]></desc></option></options><answers><![CDATA[D]]></answers></question><question><type>1</type><format>text</format><desc><![CDATA[7.有关老年人药效学改变的特点的叙述，正确的是]]></desc><options><option><id>A</id><type>text</type><desc><![CDATA[中枢神经系统退行性变化，对中枢神经系统抑制药的敏感性减弱]]></desc></option><option><id>B</id><type>text</type><desc><![CDATA[肝、肾解毒和排泄功能减退，对中枢性镇痛药的敏感性增高]]></desc></option><option><id>C</id><type>text</type><desc><![CDATA[对洋地黄类强心药的正性肌力敏感性增高，毒性反应敏感性增高，治疗安全范围变窄]]></desc></option><option><id>D</id><type>text</type><desc><![CDATA[对胰岛素和口服降糖药的敏感性降低]]></desc></option><option><id>E</id><type>text</type><desc><![CDATA[由于β受体亲和力下降，对β<sub>2</sub>受体激动剂的敏感性增高]]></desc></option></options><answers><![CDATA[B]]></answers></question><question><type>1</type><format>html</format><desc><![CDATA[8.老年人在用药期间，一旦出现新的症状，最简单，最有效的干预措施是]]></desc><options><option><id>A</id><type>text</type><desc><![CDATA[增加药物剂量]]></desc></option><option><id>B</id><type>text</type><desc><![CDATA[减少药物剂量]]></desc></option><option><id>C</id><type>text</type><desc><![CDATA[继续用药并密切观察新症状]]></desc></option><option><id>D</id><type>text</type><desc><![CDATA[调整用药时间]]></desc></option><option><id>E</id><type>text</type><desc><![CDATA[暂停用药]]></desc></option></options><answers><![CDATA[E]]></answers></question><question><type>1</type><format>html</format><desc><![CDATA[9.有关加强老年人药物治疗的健康指导，<u><b>错误</b></u>的是]]></desc><options><option><id>A</id><type>text</type><desc><![CDATA[加强老年人用药的解释工作]]></desc></option><option><id>B</id><type>text</type><desc><![CDATA[鼓励老年人首选非药物措施]]></desc></option><option><id>C</id><type>text</type><desc><![CDATA[指导老年人不随意购买及服用药物]]></desc></option><option><id>D</id><type>text</type><desc><![CDATA[告诉老年人一旦发现忘记服药，应及时补服]]></desc></option><option><id>E</id><type>text</type><desc><![CDATA[加强老年人家属的安全用药知识教育]]></desc></option></options><answers><![CDATA[D]]></answers></question><question><type>1</type><format>html</format><desc><![CDATA[10.关于老年人使用非处方药的原则，<u><b>不包括</b></u>的是]]></desc><options><option><id>A</id><type>text</type><desc><![CDATA[注意药物使用方法]]></desc></option><option><id>B</id><type>text</type><desc><![CDATA[注意药物不良反应]]></desc></option><option><id>C</id><type>text</type><desc><![CDATA[注意使用最新的药物]]></desc></option><option><id>D</id><type>text</type><desc><![CDATA[警惕药物相互作用]]></desc></option><option><id>E</id><type>text</type><desc><![CDATA[需加强老年人家属的安全用药知识教育]]></desc></option></options><answers><![CDATA[C]]></answers></question><question><type>1</type><format>html</format><desc><![CDATA[11.下列各项中<u><b>不属于</b></u>管理家庭药箱的方法是]]></desc><options><option><id>A</id><type>text</type><desc><![CDATA[建立药品登记表]]></desc></option><option><id>B</id><type>text</type><desc><![CDATA[分类分开管理]]></desc></option><option><id>C</id><type>text</type><desc><![CDATA[注意药品的储存条件]]></desc></option><option><id>D</id><type>text</type><desc><![CDATA[尽量避免联合用药]]></desc></option><option><id>E</id><type>text</type><desc><![CDATA[及时清除过期变质药物]]></desc></option></options><answers><![CDATA[D]]></answers></question></questions><questions><instructions><![CDATA[A2型题]]></instructions><question><type>2</type><format>html</format><desc><![CDATA[12.张爷爷因便秘向护士小米求助咨询，小米随即建议其服用果导片。小米的做法<u><b>违背</b></u>的用药原则是]]></desc><options><option><id>A</id><type>text</type><desc><![CDATA[先老药，后新药]]></desc></option><option><id>B</id><type>text</type><desc><![CDATA[先外用药，后内服药]]></desc></option><option><id>C</id><type>text</type><desc><![CDATA[先非药物疗法，后药物疗法]]></desc></option><option><id>D</id><type>text</type><desc><![CDATA[先明确诊断，后用药]]></desc></option><option><id>E</id><type>text</type><desc><![CDATA[用药方案简单明了]]></desc></option></options><answers><![CDATA[C]]></answers></question><question><type>2</type><format>html</format><desc><![CDATA[13.李爷爷患有高血压，医嘱服用降压药物，但老人常常忘记服药，为提高李爷爷的服药依从性，下列措施<u><b>不正确</b></u>的是]]></desc><options><option><id>A</id><type>text</type><desc><![CDATA[引导老人和家属共同商量治疗方案，鼓励老人表达自己的意愿]]></desc></option><option><id>B</id><type>text</type><desc><![CDATA[用药方案应力求简单，必要时加大用药剂量减少用药次数]]></desc></option><option><id>C</id><type>text</type><desc><![CDATA[服药时间应尽量契合老人的日常生活习惯，设置闹铃提醒老人按时服药]]></desc></option><option><id>D</id><type>text</type><desc><![CDATA[药物的名称、用法和用量以醒目大字标出]]></desc></option><option><id>E</id><type>text</type><desc><![CDATA[使用专用药物盒，把每天的药物分别放于盒内，便于老人服药]]></desc></option></options><answers><![CDATA[B]]></answers></question><question><type>2</type><format>text</format><desc><![CDATA[14.罗爷爷，65岁，最近一直有胀气，嗳酸的现象，医嘱给予健胃药物，服药时间正确的是]]></desc><options><option><id>A</id><type>text</type><desc><![CDATA[饭后服]]></desc></option><option><id>B</id><type>text</type><desc><![CDATA[饭前服]]></desc></option><option><id>C</id><type>text</type><desc><![CDATA[空腹服]]></desc></option><option><id>D</id><type>text</type><desc><![CDATA[睡前服]]></desc></option><option><id>E</id><type>text</type><desc><![CDATA[服后不宜饮水]]></desc></option></options><answers><![CDATA[B]]></answers></question><question><type>2</type><format>text</format><desc><![CDATA[15.张奶奶，近几日因上呼吸道感染，咳嗽咳痰，医嘱棕色合剂10ml一日三次口服，该药正确的服用方法是]]></desc><options><option><id>A</id><type>text</type><desc><![CDATA[饭后服]]></desc></option><option><id>B</id><type>text</type><desc><![CDATA[饭前服]]></desc></option><option><id>C</id><type>text</type><desc><![CDATA[空腹服]]></desc></option><option><id>D</id><type>text</type><desc><![CDATA[睡前服]]></desc></option><option><id>E</id><type>text</type><desc><![CDATA[服后不宜饮水]]></desc></option></options><answers><![CDATA[E]]></answers></question></questions></exam>