﻿<?xml version="1.0" encoding="UTF-8"?><exam><id>20180918161437</id><questions><instructions><![CDATA[A1型题]]></instructions><question><type>1</type><format>text</format><desc><![CDATA[1.患有高血压的老年人情绪激动易诱发]]></desc><options><option><id>A</id><type>text</type><desc><![CDATA[心力衰竭]]></desc></option><option><id>B</id><type>text</type><desc><![CDATA[癫痫发作]]></desc></option><option><id>C</id><type>text</type><desc><![CDATA[脑出血]]></desc></option><option><id>D</id><type>text</type><desc><![CDATA[脑梗死]]></desc></option><option><id>E</id><type>text</type><desc><![CDATA[蛛网膜下腔出血]]></desc></option></options><answers><![CDATA[C]]></answers></question><question><type>1</type><format>text</format><desc><![CDATA[2.帕金森病的特征性症状是]]></desc><options><option><id>A</id><type>text</type><desc><![CDATA[头痛]]></desc></option><option><id>B</id><type>text</type><desc><![CDATA[呕吐]]></desc></option><option><id>C</id><type>text</type><desc><![CDATA[意识丧失]]></desc></option><option><id>D</id><type>text</type><desc><![CDATA[静止性震颤]]></desc></option><option><id>E</id><type>text</type><desc><![CDATA[姿势步态异常]]></desc></option></options><answers><![CDATA[D]]></answers></question><question><type>1</type><format>text</format><desc><![CDATA[3.对于脑出血的患者，医嘱给予20%甘露醇静脉滴注，其主要作用是]]></desc><options><option><id>A</id><type>text</type><desc><![CDATA[降低血压]]></desc></option><option><id>B</id><type>text</type><desc><![CDATA[营养脑细胞]]></desc></option><option><id>C</id><type>text</type><desc><![CDATA[帮助止血]]></desc></option><option><id>D</id><type>text</type><desc><![CDATA[降低颅内压]]></desc></option><option><id>E</id><type>text</type><desc><![CDATA[保护血管]]></desc></option></options><answers><![CDATA[D]]></answers></question><question><type>1</type><format>text</format><desc><![CDATA[4.急性脑血管病患者颅内压增高最急需的措施是]]></desc><options><option><id>A</id><type>text</type><desc><![CDATA[头颅MRI]]></desc></option><option><id>B</id><type>text</type><desc><![CDATA[腰穿]]></desc></option><option><id>C</id><type>text</type><desc><![CDATA[脑血管造影]]></desc></option><option><id>D</id><type>text</type><desc><![CDATA[静脉快速滴入20%甘露醇]]></desc></option><option><id>E</id><type>text</type><desc><![CDATA[头颅CT]]></desc></option></options><answers><![CDATA[D]]></answers></question></questions><questions><instructions><![CDATA[A2型题]]></instructions><question><type>2</type><format>text</format><desc><![CDATA[5.患者，女性，72岁，在家做家务时突然跌倒在地，当时意识清醒，自己从地上爬起，后因左侧肢体无力再次跌倒，并出现大小便失禁，随后意识丧失呈嗜睡状态，以脑出血入院，给予20%甘露醇治疗，其目的是]]></desc><options><option><id>A</id><type>text</type><desc><![CDATA[镇静]]></desc></option><option><id>B</id><type>text</type><desc><![CDATA[降低颅内压]]></desc></option><option><id>C</id><type>text</type><desc><![CDATA[预防上消化道出血]]></desc></option><option><id>D</id><type>text</type><desc><![CDATA[止血]]></desc></option><option><id>E</id><type>text</type><desc><![CDATA[降血压]]></desc></option></options><answers><![CDATA[B]]></answers></question><question><type>2</type><format>html</format><desc><![CDATA[6.患者，男性，68岁，急诊以“脑梗塞”收入院。入院后护士经评估判断该患者能经口进食，但仍存在吞咽困难。为防止因进食所致的窒息和误吸，护士采取的措施<u><b>不妥</b></u>的是]]></desc><options><option><id>A</id><type>text</type><desc><![CDATA[进食前注意休息，避免疲劳]]></desc></option><option><id>B</id><type>text</type><desc><![CDATA[营造安静、舒适的进餐环境]]></desc></option><option><id>C</id><type>text</type><desc><![CDATA[嘱患者进餐时不要讲话]]></desc></option><option><id>D</id><type>text</type><desc><![CDATA[嘱患者使用吸管喝汤]]></desc></option><option><id>E</id><type>text</type><desc><![CDATA[进餐后保持坐位半小时以上]]></desc></option></options><answers><![CDATA[D]]></answers></question><question><type>2</type><format>text</format><desc><![CDATA[7.患者，男性，70岁，有心房颤动病史。清晨起床自行上厕所时摔倒，家人发现其口角歪斜，自述左侧上下肢麻木。送医院检查，神志清楚，左侧偏瘫，CT见低密度影。最可能的诊断是]]></desc><options><option><id>A</id><type>text</type><desc><![CDATA[脑出血]]></desc></option><option><id>B</id><type>text</type><desc><![CDATA[脑挫伤]]></desc></option><option><id>C</id><type>text</type><desc><![CDATA[脑震荡]]></desc></option><option><id>D</id><type>text</type><desc><![CDATA[蛛网膜下腔出血]]></desc></option><option><id>E</id><type>text</type><desc><![CDATA[脑梗死]]></desc></option></options><answers><![CDATA[E]]></answers></question><question><type>2</type><format>html</format><desc><![CDATA[8.患者，男性，80岁，脑出血入院，出现意识模糊，频繁呕吐。右侧瞳孔大，血压196/140mmHg，左侧偏瘫。应<u><b>禁止</b></u>使用的护理措施为]]></desc><options><option><id>A</id><type>text</type><desc><![CDATA[绝对卧床休息，头偏向一侧]]></desc></option><option><id>B</id><type>text</type><desc><![CDATA[应用脱水，降颅压治疗]]></desc></option><option><id>C</id><type>text</type><desc><![CDATA[遵医嘱降血压]]></desc></option><option><id>D</id><type>text</type><desc><![CDATA[置瘫痪肢体于功能位]]></desc></option><option><id>E</id><type>text</type><desc><![CDATA[协助生活护理，采用灌肠保持大便通畅]]></desc></option></options><answers><![CDATA[E]]></answers></question><question><type>2</type><format>text</format><desc><![CDATA[9.患者，女性，65岁，高血压病史16年，糖尿病12年。突发右侧肢体无力，说话不流利，逐渐加重2日。体检：神志清楚，血压正常，混合性失语，右侧鼻唇沟浅，伸舌右侧，饮水自右侧口角漏出，右侧上下肢肌力0级，肌张力低，腱反射低下，右下肢病理征阳性，脑CT未见异常。最可能的诊断是]]></desc><options><option><id>A</id><type>text</type><desc><![CDATA[脑膜炎]]></desc></option><option><id>B</id><type>text</type><desc><![CDATA[脑栓塞]]></desc></option><option><id>C</id><type>text</type><desc><![CDATA[脑血栓形成]]></desc></option><option><id>D</id><type>text</type><desc><![CDATA[脑出血]]></desc></option><option><id>E</id><type>text</type><desc><![CDATA[蛛网膜下腔出血]]></desc></option></options><answers><![CDATA[C]]></answers></question><question><type>2</type><format>text</format><desc><![CDATA[10.患者，男性，71岁。主因右侧肢体活动不便4小时入院。患者神志清楚，有高血压及糖尿病史，曾有过短暂性脑缺血发作史，右侧肢体肌力为2级。该疾病最常见的病因是]]></desc><options><option><id>A</id><type>text</type><desc><![CDATA[劳累]]></desc></option><option><id>B</id><type>text</type><desc><![CDATA[伤风感冒]]></desc></option><option><id>C</id><type>text</type><desc><![CDATA[动脉粥样硬化]]></desc></option><option><id>D</id><type>text</type><desc><![CDATA[肥胖]]></desc></option><option><id>E</id><type>text</type><desc><![CDATA[动脉瘤]]></desc></option></options><answers><![CDATA[C]]></answers></question></questions></exam>