﻿<?xml version="1.0" encoding="UTF-8"?><exam><id>20181102131632</id><questions><instructions><![CDATA[一、单项选择题]]></instructions><question><type>1</type><format>html</format><desc><![CDATA[1.喹诺酮类药物抗菌作用机制是]]></desc><options><option><id>A</id><type>text</type><desc><![CDATA[抑制二氢叶酸还原酶]]></desc></option><option><id>B</id><type>text</type><desc><![CDATA[抑制二氢叶酸合成酶]]></desc></option><option><id>C</id><type>text</type><desc><![CDATA[改变细菌细胞膜通透性]]></desc></option><option><id>D</id><type>text</type><desc><![CDATA[抑制细菌DNA回旋酶]]></desc></option><option><id>E</id><type>text</type><desc><![CDATA[抑制RNA多聚酶]]></desc></option></options><answers><![CDATA[D]]></answers></question><question><type>1</type><format>text</format><desc><![CDATA[2.磺胺类药物作用机制是]]></desc><options><option><id>A</id><type>text</type><desc><![CDATA[抑制二氢叶酸合成酶]]></desc></option><option><id>B</id><type>text</type><desc><![CDATA[抑制二氢叶酸还原酶]]></desc></option><option><id>C</id><type>text</type><desc><![CDATA[抑制叶酸还原酶]]></desc></option><option><id>D</id><type>text</type><desc><![CDATA[抑制一碳单位转移酶]]></desc></option><option><id>E</id><type>text</type><desc><![CDATA[抑制四氢叶酸还原酶]]></desc></option></options><answers><![CDATA[A]]></answers></question><question><type>1</type><format>text</format><desc><![CDATA[3.甲氧苄啶作用机制是]]></desc><options><option><id>A</id><type>text</type><desc><![CDATA[抑制二氢叶酸合成酶]]></desc></option><option><id>B</id><type>text</type><desc><![CDATA[改变细菌细胞膜通透性]]></desc></option><option><id>C</id><type>text</type><desc><![CDATA[破坏细菌细胞壁]]></desc></option><option><id>D</id><type>text</type><desc><![CDATA[抑制菌体蛋白质合成]]></desc></option><option><id>E</id><type>text</type><desc><![CDATA[抑制二氢叶酸还原酶]]></desc></option></options><answers><![CDATA[E]]></answers></question><question><type>1</type><format>text</format><desc><![CDATA[4.小儿禁用喹诺酮类药物的原因主要在于该类药物易引起]]></desc><options><option><id>A</id><type>text</type><desc><![CDATA[关节病变]]></desc></option><option><id>B</id><type>text</type><desc><![CDATA[胃肠道反应]]></desc></option><option><id>C</id><type>text</type><desc><![CDATA[过敏反应]]></desc></option><option><id>D</id><type>text</type><desc><![CDATA[肝功能损害]]></desc></option><option><id>E</id><type>text</type><desc><![CDATA[肾功能损害]]></desc></option></options><answers><![CDATA[A]]></answers></question><question><type>1</type><format>text</format><desc><![CDATA[5.与抗酸药同时应用可减少其吸收的药物是]]></desc><options><option><id>A</id><type>text</type><desc><![CDATA[磺胺类]]></desc></option><option><id>B</id><type>text</type><desc><![CDATA[链霉素]]></desc></option><option><id>C</id><type>text</type><desc><![CDATA[喹诺酮类]]></desc></option><option><id>D</id><type>text</type><desc><![CDATA[硝基呋喃类]]></desc></option><option><id>E</id><type>text</type><desc><![CDATA[红霉素类]]></desc></option></options><answers><![CDATA[C]]></answers></question><question><type>1</type><format>text</format><desc><![CDATA[6.预防磺胺嘧啶所致的肾脏损害，应该]]></desc><options><option><id>A</id><type>text</type><desc><![CDATA[少喝水]]></desc></option><option><id>B</id><type>text</type><desc><![CDATA[酸化尿液]]></desc></option><option><id>C</id><type>text</type><desc><![CDATA[大量饮水和同服等量碳酸氢钠]]></desc></option><option><id>D</id><type>text</type><desc><![CDATA[与维生素B<sub>6</sub>合用]]></desc></option><option><id>E</id><type>text</type><desc><![CDATA[采用静脉滴注]]></desc></option></options><answers><![CDATA[C]]></answers></question><question><type>1</type><format>text</format><desc><![CDATA[7.TMP与磺胺类药物合用增强抗菌作用的原因是]]></desc><options><option><id>A</id><type>text</type><desc><![CDATA[磺胺类药物的吸收增加]]></desc></option><option><id>B</id><type>text</type><desc><![CDATA[减少磺胺类药物的排泄]]></desc></option><option><id>C</id><type>text</type><desc><![CDATA[减少磺胺类药物的代谢]]></desc></option><option><id>D</id><type>text</type><desc><![CDATA[减少尿中磺胺类药物结晶析出]]></desc></option><option><id>E</id><type>text</type><desc><![CDATA[双重阻断细菌叶酸代谢]]></desc></option></options><answers><![CDATA[E]]></answers></question><question><type>1</type><format>text</format><desc><![CDATA[8.SMZ口服用于全身感染时需加服碳酸氢钠的原因是]]></desc><options><option><id>A</id><type>text</type><desc><![CDATA[增强抗菌作用]]></desc></option><option><id>B</id><type>text</type><desc><![CDATA[防止过敏反应]]></desc></option><option><id>C</id><type>text</type><desc><![CDATA[碱化尿液]]></desc></option><option><id>D</id><type>text</type><desc><![CDATA[预防代谢性酸中毒]]></desc></option><option><id>E</id><type>text</type><desc><![CDATA[减少口服时的刺激]]></desc></option></options><answers><![CDATA[C]]></answers></question><question><type>1</type><format>text</format><desc><![CDATA[9.对肠内外阿米巴病均有良效的药物是]]></desc><options><option><id>A</id><type>text</type><desc><![CDATA[红霉素]]></desc></option><option><id>B</id><type>text</type><desc><![CDATA[四环素]]></desc></option><option><id>C</id><type>text</type><desc><![CDATA[甲硝唑]]></desc></option><option><id>D</id><type>text</type><desc><![CDATA[青霉素]]></desc></option><option><id>E</id><type>text</type><desc><![CDATA[甲氧苄啶]]></desc></option></options><answers><![CDATA[C]]></answers></question><question><type>1</type><format>text</format><desc><![CDATA[10.硝基咪唑类最常见的不良反应是]]></desc><options><option><id>A</id><type>text</type><desc><![CDATA[肾损害]]></desc></option><option><id>B</id><type>text</type><desc><![CDATA[肝损害]]></desc></option><option><id>C</id><type>text</type><desc><![CDATA[过敏反应]]></desc></option><option><id>D</id><type>text</type><desc><![CDATA[胃肠道反应]]></desc></option><option><id>E</id><type>text</type><desc><![CDATA[耳毒性]]></desc></option></options><answers><![CDATA[D]]></answers></question><question><type>1</type><format>text</format><desc><![CDATA[11.病人，女性，51岁。最近一段时间时感阴道瘙痒、分泌物增多，医生诊断为阴道滴虫病，首选下列哪种药物治疗效果最佳]]></desc><options><option><id>A</id><type>text</type><desc><![CDATA[甲硝唑]]></desc></option><option><id>B</id><type>text</type><desc><![CDATA[利福平]]></desc></option><option><id>C</id><type>text</type><desc><![CDATA[红霉素]]></desc></option><option><id>D</id><type>text</type><desc><![CDATA[呋喃坦啶]]></desc></option><option><id>E</id><type>text</type><desc><![CDATA[诺氟沙星]]></desc></option></options><answers><![CDATA[A]]></answers></question></questions></exam>