﻿<?xml version="1.0" encoding="UTF-8"?><exam><id>20181102111442</id><questions><instructions><![CDATA[一、单项选择题]]></instructions><question><type>1</type><format>text</format><desc><![CDATA[1.下列描述正确的是]]></desc><options><option><id>A</id><type>text</type><desc><![CDATA[阵发性室性心动过速首选维拉帕米]]></desc></option><option><id>B</id><type>text</type><desc><![CDATA[利多卡因能相对延长浦肯野纤维ERP]]></desc></option><option><id>C</id><type>text</type><desc><![CDATA[抗心律失常药促进K<sup>+</sup>外流，绝对延长ERP]]></desc></option><option><id>D</id><type>text</type><desc><![CDATA[普鲁卡因胺对房型性律失常效果好]]></desc></option><option><id>E</id><type>text</type><desc><![CDATA[胺碘酮可使折返激动时的双向阻滞变为单向阻滞而消除折返]]></desc></option></options><answers><![CDATA[B]]></answers></question><question><type>1</type><format>text</format><desc><![CDATA[2.属于延长动作电位时程的药物是]]></desc><options><option><id>A</id><type>text</type><desc><![CDATA[利多卡因]]></desc></option><option><id>B</id><type>text</type><desc><![CDATA[胺碘酮]]></desc></option><option><id>C</id><type>text</type><desc><![CDATA[维拉帕米]]></desc></option><option><id>D</id><type>text</type><desc><![CDATA[奎尼丁]]></desc></option><option><id>E</id><type>text</type><desc><![CDATA[苯妥英钠]]></desc></option></options><answers><![CDATA[B]]></answers></question><question><type>1</type><format>text</format><desc><![CDATA[3.美西律治疗有效的心律失常是]]></desc><options><option><id>A</id><type>text</type><desc><![CDATA[室性心律失常]]></desc></option><option><id>B</id><type>text</type><desc><![CDATA[心房颤动]]></desc></option><option><id>C</id><type>text</type><desc><![CDATA[心房扑动]]></desc></option><option><id>D</id><type>text</type><desc><![CDATA[室上性心动过速]]></desc></option><option><id>E</id><type>text</type><desc><![CDATA[窦性心动过速]]></desc></option></options><answers><![CDATA[A]]></answers></question><question><type>1</type><format>text</format><desc><![CDATA[4.可用于治疗窦性心动过速的首选药是]]></desc><options><option><id>A</id><type>text</type><desc><![CDATA[奎尼丁]]></desc></option><option><id>B</id><type>text</type><desc><![CDATA[美西律]]></desc></option><option><id>C</id><type>text</type><desc><![CDATA[苯妥英钠]]></desc></option><option><id>D</id><type>text</type><desc><![CDATA[普萘洛尔]]></desc></option><option><id>E</id><type>text</type><desc><![CDATA[利多卡因]]></desc></option></options><answers><![CDATA[D]]></answers></question><question><type>1</type><format>text</format><desc><![CDATA[5.下列选项中正确的是]]></desc><options><option><id>A</id><type>text</type><desc><![CDATA[利多卡因可选择性作用于浦肯野纤维]]></desc></option><option><id>B</id><type>text</type><desc><![CDATA[利多卡因对室上性心律失常有效]]></desc></option><option><id>C</id><type>text</type><desc><![CDATA[普萘洛尔对室性心动过速效果好]]></desc></option><option><id>D</id><type>text</type><desc><![CDATA[维拉帕米禁用于阵发性室上性心动过速]]></desc></option><option><id>E</id><type>text</type><desc><![CDATA[苯妥英钠禁用于强心苷中毒所引起的室性心律失常]]></desc></option></options><answers><![CDATA[A]]></answers></question><question><type>1</type><format>text</format><desc><![CDATA[6.心肌梗死引起的心律失常常选用]]></desc><options><option><id>A</id><type>text</type><desc><![CDATA[普罗帕酮]]></desc></option><option><id>B</id><type>text</type><desc><![CDATA[苯妥英钠]]></desc></option><option><id>C</id><type>text</type><desc><![CDATA[普萘洛尔]]></desc></option><option><id>D</id><type>text</type><desc><![CDATA[维拉帕米]]></desc></option><option><id>E</id><type>text</type><desc><![CDATA[利多卡因]]></desc></option></options><answers><![CDATA[E]]></answers></question><question><type>1</type><format>text</format><desc><![CDATA[7.室性心动过速常选用]]></desc><options><option><id>A</id><type>text</type><desc><![CDATA[利多卡因]]></desc></option><option><id>B</id><type>text</type><desc><![CDATA[普鲁卡因胺]]></desc></option><option><id>C</id><type>text</type><desc><![CDATA[普萘洛尔]]></desc></option><option><id>D</id><type>text</type><desc><![CDATA[维拉帕米]]></desc></option><option><id>E</id><type>text</type><desc><![CDATA[胺碘酮]]></desc></option></options><answers><![CDATA[A]]></answers></question><question><type>1</type><format>text</format><desc><![CDATA[8.维拉帕米可用于]]></desc><options><option><id>A</id><type>text</type><desc><![CDATA[病窦综合征]]></desc></option><option><id>B</id><type>text</type><desc><![CDATA[阵发性室上性心动过速]]></desc></option><option><id>C</id><type>text</type><desc><![CDATA[心功能不全]]></desc></option><option><id>D</id><type>text</type><desc><![CDATA[Ⅱ或Ⅲ度房室传导阻滞]]></desc></option><option><id>E</id><type>text</type><desc><![CDATA[心源性休克]]></desc></option></options><answers><![CDATA[B]]></answers></question><question><type>1</type><format>text</format><desc><![CDATA[9.治疗强心苷引起的室性期前收缩常选用]]></desc><options><option><id>A</id><type>text</type><desc><![CDATA[美西律]]></desc></option><option><id>B</id><type>text</type><desc><![CDATA[氟卡尼]]></desc></option><option><id>C</id><type>text</type><desc><![CDATA[利多卡因]]></desc></option><option><id>D</id><type>text</type><desc><![CDATA[苯妥英钠]]></desc></option><option><id>E</id><type>text</type><desc><![CDATA[普罗帕酮]]></desc></option></options><answers><![CDATA[D]]></answers></question><question><type>1</type><format>text</format><desc><![CDATA[10.属于Ⅰc类药物的是]]></desc><options><option><id>A</id><type>text</type><desc><![CDATA[利多卡因]]></desc></option><option><id>B</id><type>text</type><desc><![CDATA[苯妥英钠]]></desc></option><option><id>C</id><type>text</type><desc><![CDATA[普罗帕酮]]></desc></option><option><id>D</id><type>text</type><desc><![CDATA[美西律]]></desc></option><option><id>E</id><type>text</type><desc><![CDATA[普鲁卡因胺]]></desc></option></options><answers><![CDATA[C]]></answers></question><question><type>1</type><format>html</format><desc><![CDATA[11.关于利多卡因，<u><b>错误</b></u>的描述是]]></desc><options><option><id>A</id><type>text</type><desc><![CDATA[促进4相K<sup>+</sup>外流，提高浦肯野纤维自律性]]></desc></option><option><id>B</id><type>text</type><desc><![CDATA[主要用于室性心律失常]]></desc></option><option><id>C</id><type>text</type><desc><![CDATA[高浓度利多卡因可减慢传导]]></desc></option><option><id>D</id><type>text</type><desc><![CDATA[口服易吸收，但首过效应明显，常静脉给药]]></desc></option><option><id>E</id><type>text</type><desc><![CDATA[促进浦肯野纤维3相K<sup>+</sup>外流，相对延长ERP]]></desc></option></options><answers><![CDATA[A]]></answers></question><question><type>1</type><format>text</format><desc><![CDATA[12.阵发性室上性心动过速宜选用]]></desc><options><option><id>A</id><type>text</type><desc><![CDATA[奎尼丁]]></desc></option><option><id>B</id><type>text</type><desc><![CDATA[普鲁卡因胺]]></desc></option><option><id>C</id><type>text</type><desc><![CDATA[苯妥英钠]]></desc></option><option><id>D</id><type>text</type><desc><![CDATA[利多卡因]]></desc></option><option><id>E</id><type>text</type><desc><![CDATA[维拉帕米]]></desc></option></options><answers><![CDATA[E]]></answers></question><question><type>1</type><format>text</format><desc><![CDATA[13.长期大量应用胺碘酮最严重的不良反应是]]></desc><options><option><id>A</id><type>text</type><desc><![CDATA[肝损害]]></desc></option><option><id>B</id><type>text</type><desc><![CDATA[角膜褐色微粒沉着]]></desc></option><option><id>C</id><type>text</type><desc><![CDATA[甲状腺功能亢进或低下]]></desc></option><option><id>D</id><type>text</type><desc><![CDATA[窦性心动过缓、房室传导阻滞]]></desc></option><option><id>E</id><type>text</type><desc><![CDATA[肺纤维化]]></desc></option></options><answers><![CDATA[E]]></answers></question><question><type>1</type><format>text</format><desc><![CDATA[14.对普萘洛尔的描述正确的是]]></desc><options><option><id>A</id><type>text</type><desc><![CDATA[不用于急性充血性心力衰竭]]></desc></option><option><id>B</id><type>text</type><desc><![CDATA[不用于心绞痛]]></desc></option><option><id>C</id><type>text</type><desc><![CDATA[不用于窦性心动过速]]></desc></option><option><id>D</id><type>text</type><desc><![CDATA[不用于甲亢及甲状腺危象]]></desc></option><option><id>E</id><type>text</type><desc><![CDATA[不用于高血压]]></desc></option></options><answers><![CDATA[A]]></answers></question><question><type>1</type><format>text</format><desc><![CDATA[15.下列描述正确的是]]></desc><options><option><id>A</id><type>text</type><desc><![CDATA[普鲁卡因胺属于Ⅰb类药]]></desc></option><option><id>B</id><type>text</type><desc><![CDATA[利多卡因属于Ⅰb类药]]></desc></option><option><id>C</id><type>text</type><desc><![CDATA[苯妥英钠属于Ⅰc类药]]></desc></option><option><id>D</id><type>text</type><desc><![CDATA[维拉帕米属于延长动作电位时程药]]></desc></option><option><id>E</id><type>text</type><desc><![CDATA[胺碘酮提高浦肯野纤维的自律性]]></desc></option></options><answers><![CDATA[B]]></answers></question><question><type>1</type><format>text</format><desc><![CDATA[16.可治疗外周神经痛的抗心律失常药是]]></desc><options><option><id>A</id><type>text</type><desc><![CDATA[维拉帕米]]></desc></option><option><id>B</id><type>text</type><desc><![CDATA[利多卡因]]></desc></option><option><id>C</id><type>text</type><desc><![CDATA[普萘洛尔]]></desc></option><option><id>D</id><type>text</type><desc><![CDATA[普鲁卡因胺]]></desc></option><option><id>E</id><type>text</type><desc><![CDATA[苯妥英钠]]></desc></option></options><answers><![CDATA[E]]></answers></question><question><type>1</type><format>text</format><desc><![CDATA[17.延长复极过程的药物是]]></desc><options><option><id>A</id><type>text</type><desc><![CDATA[胺碘酮]]></desc></option><option><id>B</id><type>text</type><desc><![CDATA[普鲁卡因胺]]></desc></option><option><id>C</id><type>text</type><desc><![CDATA[普萘洛尔]]></desc></option><option><id>D</id><type>text</type><desc><![CDATA[普罗帕酮]]></desc></option><option><id>E</id><type>text</type><desc><![CDATA[美西律]]></desc></option></options><answers><![CDATA[A]]></answers></question><question><type>1</type><format>text</format><desc><![CDATA[18.首过消除明显，不宜口服的药物是]]></desc><options><option><id>A</id><type>text</type><desc><![CDATA[维拉帕米]]></desc></option><option><id>B</id><type>text</type><desc><![CDATA[苯妥英钠]]></desc></option><option><id>C</id><type>text</type><desc><![CDATA[利多卡因]]></desc></option><option><id>D</id><type>text</type><desc><![CDATA[普萘洛尔]]></desc></option><option><id>E</id><type>text</type><desc><![CDATA[胺碘酮]]></desc></option></options><answers><![CDATA[C]]></answers></question></questions></exam>