﻿<?xml version="1.0" encoding="UTF-8"?><exam><id>20181102112635</id><questions><instructions><![CDATA[一、单项选择题]]></instructions><question><type>1</type><format>html</format><desc><![CDATA[1.糖皮质激素的药理作用<u><b>不包括</b></u>]]></desc><options><option><id>A</id><type>text</type><desc><![CDATA[抗炎作用]]></desc></option><option><id>B</id><type>text</type><desc><![CDATA[抗免疫作用]]></desc></option><option><id>C</id><type>text</type><desc><![CDATA[抗病毒作用]]></desc></option><option><id>D</id><type>text</type><desc><![CDATA[抗休克作用]]></desc></option><option><id>E</id><type>text</type><desc><![CDATA[抗过敏作用]]></desc></option></options><answers><![CDATA[C]]></answers></question><question><type>1</type><format>html</format><desc><![CDATA[2.糖皮质激素对血液和造血系统的影响<u><b>不包括</b></u>]]></desc><options><option><id>A</id><type>text</type><desc><![CDATA[使血红蛋白增加]]></desc></option><option><id>B</id><type>text</type><desc><![CDATA[使红细胞含量增加]]></desc></option><option><id>C</id><type>text</type><desc><![CDATA[使血液中淋巴细胞减少]]></desc></option><option><id>D</id><type>text</type><desc><![CDATA[使血液中血小板减少]]></desc></option><option><id>E</id><type>text</type><desc><![CDATA[使血液中纤维蛋白原增加]]></desc></option></options><answers><![CDATA[D]]></answers></question><question><type>1</type><format>html</format><desc><![CDATA[3.严重肝功能不良的病人用糖皮质激素类药治疗<u><b>不宜</b></u>选用]]></desc><options><option><id>A</id><type>text</type><desc><![CDATA[泼尼松]]></desc></option><option><id>B</id><type>text</type><desc><![CDATA[泼尼松龙]]></desc></option><option><id>C</id><type>text</type><desc><![CDATA[氢化可的松]]></desc></option><option><id>D</id><type>text</type><desc><![CDATA[地塞米松]]></desc></option><option><id>E</id><type>text</type><desc><![CDATA[倍他米松]]></desc></option></options><answers><![CDATA[A]]></answers></question><question><type>1</type><format>html</format><desc><![CDATA[4.长期使用糖皮质激素类药<u><b>不会</b></u>引起的不良反应是]]></desc><options><option><id>A</id><type>text</type><desc><![CDATA[诱发消化道溃疡]]></desc></option><option><id>B</id><type>text</type><desc><![CDATA[引起高血压]]></desc></option><option><id>C</id><type>text</type><desc><![CDATA[骨质疏松]]></desc></option><option><id>D</id><type>text</type><desc><![CDATA[引起再生障碍性贫血]]></desc></option><option><id>E</id><type>text</type><desc><![CDATA[皮肤变薄]]></desc></option></options><answers><![CDATA[D]]></answers></question><question><type>1</type><format>html</format><desc><![CDATA[5.<u><b>不适合</b></u>用糖皮质激素类药治疗的疾病是]]></desc><options><option><id>A</id><type>text</type><desc><![CDATA[支气管哮喘]]></desc></option><option><id>B</id><type>text</type><desc><![CDATA[过敏性休克]]></desc></option><option><id>C</id><type>text</type><desc><![CDATA[肾病综合征]]></desc></option><option><id>D</id><type>text</type><desc><![CDATA[中毒性肺炎]]></desc></option><option><id>E</id><type>text</type><desc><![CDATA[肺结核]]></desc></option></options><answers><![CDATA[E]]></answers></question></questions><questions><instructions><![CDATA[二、共用题干选择题]]></instructions><question><type>3</type><format>text</format><desc><![CDATA[1.病人，男性，14岁。因食欲下降、眼睑水肿、尿中泡沫多数月就诊，经检查诊断为肾病综合征，医生给予泼尼松口服治疗。]]></desc><children><question><type>3</type><format>text</format><desc><![CDATA[（1）给药时间最好在隔日]]></desc><options><option><id>A</id><type>text</type><desc><![CDATA[早上3～5点]]></desc></option><option><id>B</id><type>text</type><desc><![CDATA[上午7～8点]]></desc></option><option><id>C</id><type>text</type><desc><![CDATA[中午12点]]></desc></option><option><id>D</id><type>text</type><desc><![CDATA[下午4～5点]]></desc></option><option><id>E</id><type>text</type><desc><![CDATA[凌晨1～2点]]></desc></option></options><answers><![CDATA[B]]></answers></question><question><type>3</type><format>text</format><desc><![CDATA[（2）采用隔日疗法的目的是为了避免]]></desc><options><option><id>A</id><type>text</type><desc><![CDATA[反跳现象]]></desc></option><option><id>B</id><type>text</type><desc><![CDATA[类肾上腺皮质功能亢进]]></desc></option><option><id>C</id><type>text</type><desc><![CDATA[诱发或加重感染]]></desc></option><option><id>D</id><type>text</type><desc><![CDATA[医源性肾上腺皮质功能减退]]></desc></option><option><id>E</id><type>text</type><desc><![CDATA[胃酸、胃蛋白酶分泌增加]]></desc></option></options><answers><![CDATA[D]]></answers></question></children></question></questions></exam>