﻿<?xml version="1.0" encoding="UTF-8"?><exam><id>20181102125344</id><questions><instructions><![CDATA[一、单项选择题]]></instructions><question><type>1</type><format>text</format><desc><![CDATA[1.抗菌谱是指药物的]]></desc><options><option><id>A</id><type>text</type><desc><![CDATA[抗菌活性]]></desc></option><option><id>B</id><type>text</type><desc><![CDATA[治疗效果]]></desc></option><option><id>C</id><type>text</type><desc><![CDATA[抗菌范围]]></desc></option><option><id>D</id><type>text</type><desc><![CDATA[适应证]]></desc></option><option><id>E</id><type>text</type><desc><![CDATA[杀菌能力]]></desc></option></options><answers><![CDATA[C]]></answers></question><question><type>1</type><format>text</format><desc><![CDATA[2.下面关于抗生素说法正确的是]]></desc><options><option><id>A</id><type>text</type><desc><![CDATA[都是天然的]]></desc></option><option><id>B</id><type>text</type><desc><![CDATA[包括天然和人工半合成]]></desc></option><option><id>C</id><type>text</type><desc><![CDATA[都是人工合成的]]></desc></option><option><id>D</id><type>text</type><desc><![CDATA[都是人工半合成的]]></desc></option><option><id>E</id><type>text</type><desc><![CDATA[是寄生虫产生的]]></desc></option></options><answers><![CDATA[B]]></answers></question><question><type>1</type><format>text</format><desc><![CDATA[3.下面对化疗指数描述正确的是]]></desc><options><option><id>A</id><type>text</type><desc><![CDATA[化疗药物的半数致死量]]></desc></option><option><id>B</id><type>text</type><desc><![CDATA[化疗药物的半数有效量]]></desc></option><option><id>C</id><type>text</type><desc><![CDATA[是衡量化疗药物安全性的指标]]></desc></option><option><id>D</id><type>text</type><desc><![CDATA[化疗指数越大，药物毒性越大]]></desc></option><option><id>E</id><type>text</type><desc><![CDATA[是衡量化疗药物抗菌力的指标]]></desc></option></options><answers><![CDATA[C]]></answers></question><question><type>1</type><format>html</format><desc><![CDATA[4.关于抗菌活性叙述，<u><b>错误</b></u>的是]]></desc><options><option><id>A</id><type>text</type><desc><![CDATA[指抗菌药物的抗菌力]]></desc></option><option><id>B</id><type>text</type><desc><![CDATA[包括MIC和MBC]]></desc></option><option><id>C</id><type>text</type><desc><![CDATA[指抗菌药物的抗菌范围]]></desc></option><option><id>D</id><type>text</type><desc><![CDATA[MIC指抗菌药物的抑菌力]]></desc></option><option><id>E</id><type>text</type><desc><![CDATA[MBC指抗菌药物的杀菌力]]></desc></option></options><answers><![CDATA[C]]></answers></question><question><type>1</type><format>html</format><desc><![CDATA[5.下面<u><b>不是</b></u>细菌产生耐药性的原因]]></desc><options><option><id>A</id><type>text</type><desc><![CDATA[产生灭活酶]]></desc></option><option><id>B</id><type>text</type><desc><![CDATA[改变细胞壁的通透性]]></desc></option><option><id>C</id><type>text</type><desc><![CDATA[改变代谢途径]]></desc></option><option><id>D</id><type>text</type><desc><![CDATA[改变药物作用的靶位蛋白]]></desc></option><option><id>E</id><type>text</type><desc><![CDATA[减少对药物的泵出]]></desc></option></options><answers><![CDATA[E]]></answers></question><question><type>1</type><format>html</format><desc><![CDATA[6.下面<u><b>不是</b></u>抗菌药物的抗菌机制]]></desc><options><option><id>A</id><type>text</type><desc><![CDATA[抑制细菌细胞壁合成]]></desc></option><option><id>B</id><type>text</type><desc><![CDATA[抑制菌体蛋白质合成]]></desc></option><option><id>C</id><type>text</type><desc><![CDATA[影响细菌胞浆膜的通透性]]></desc></option><option><id>D</id><type>text</type><desc><![CDATA[影响细菌线粒体的功能]]></desc></option><option><id>E</id><type>text</type><desc><![CDATA[影响细菌核酸和叶酸代谢]]></desc></option></options><answers><![CDATA[D]]></answers></question></questions></exam>