﻿<?xml version="1.0" encoding="UTF-8"?><exam><id>20181102131043</id><questions><instructions><![CDATA[一、单项选择题]]></instructions><question><type>1</type><format>text</format><desc><![CDATA[1.氨基糖苷类抗生素的抗菌机制是]]></desc><options><option><id>A</id><type>text</type><desc><![CDATA[抑制细菌蛋白质合成]]></desc></option><option><id>B</id><type>text</type><desc><![CDATA[抑制细菌细胞壁合成]]></desc></option><option><id>C</id><type>text</type><desc><![CDATA[影响细菌细胞膜通透性]]></desc></option><option><id>D</id><type>text</type><desc><![CDATA[抑制细菌RNA合成]]></desc></option><option><id>E</id><type>text</type><desc><![CDATA[抑制细菌DNA合成]]></desc></option></options><answers><![CDATA[A]]></answers></question><question><type>1</type><format>html</format><desc><![CDATA[2.下列关于药物特点的叙述<u><b>不正确</b></u>的是]]></desc><options><option><id>A</id><type>text</type><desc><![CDATA[阿米卡星在常用氨基糖苷类抗生素中抗菌谱最广，但抗菌活性较庆大霉素弱]]></desc></option><option><id>B</id><type>text</type><desc><![CDATA[链霉素可作为鼠疫和兔热病治疗的首选药]]></desc></option><option><id>C</id><type>text</type><desc><![CDATA[阿米卡星不易产生耐药性]]></desc></option><option><id>D</id><type>text</type><desc><![CDATA[庆大霉素用于肠道感染时可以口服给药]]></desc></option><option><id>E</id><type>text</type><desc><![CDATA[妥布霉素的不良反应在常用氨基糖苷类抗生素中最严重]]></desc></option></options><answers><![CDATA[E]]></answers></question><question><type>1</type><format>text</format><desc><![CDATA[3.氨基糖苷类抗生素的主要不良反应是]]></desc><options><option><id>A</id><type>text</type><desc><![CDATA[抑制骨髓]]></desc></option><option><id>B</id><type>text</type><desc><![CDATA[耳毒性]]></desc></option><option><id>C</id><type>text</type><desc><![CDATA[肝毒性]]></desc></option><option><id>D</id><type>text</type><desc><![CDATA[心脏毒性]]></desc></option><option><id>E</id><type>text</type><desc><![CDATA[消化道反应]]></desc></option></options><answers><![CDATA[B]]></answers></question><question><type>1</type><format>text</format><desc><![CDATA[4.对铜绿假单胞菌作用最强的氨基糖苷类抗生素是]]></desc><options><option><id>A</id><type>text</type><desc><![CDATA[卡那霉素]]></desc></option><option><id>B</id><type>text</type><desc><![CDATA[庆大霉素]]></desc></option><option><id>C</id><type>text</type><desc><![CDATA[阿米卡星]]></desc></option><option><id>D</id><type>text</type><desc><![CDATA[妥布霉素]]></desc></option><option><id>E</id><type>text</type><desc><![CDATA[链霉素]]></desc></option></options><answers><![CDATA[D]]></answers></question><question><type>1</type><format>html</format><desc><![CDATA[5.以下对氨基糖苷类共性的叙述中<u><b>错误</b></u>的是]]></desc><options><option><id>A</id><type>text</type><desc><![CDATA[对革兰阴性杆菌作用强]]></desc></option><option><id>B</id><type>text</type><desc><![CDATA[属静止期杀菌药]]></desc></option><option><id>C</id><type>text</type><desc><![CDATA[治疗全身感染应注射给药]]></desc></option><option><id>D</id><type>text</type><desc><![CDATA[对耳及肾脏有毒性]]></desc></option><option><id>E</id><type>text</type><desc><![CDATA[本类各药间无交叉耐药性]]></desc></option></options><answers><![CDATA[E]]></answers></question><question><type>1</type><format>html</format><desc><![CDATA[6.下列<u><b>不属于</b></u>氨基糖苷类药物不良反应是]]></desc><options><option><id>A</id><type>text</type><desc><![CDATA[抑制骨髓造血功能]]></desc></option><option><id>B</id><type>text</type><desc><![CDATA[耳毒性]]></desc></option><option><id>C</id><type>text</type><desc><![CDATA[肾毒性]]></desc></option><option><id>D</id><type>text</type><desc><![CDATA[神经肌肉阻滞]]></desc></option><option><id>E</id><type>text</type><desc><![CDATA[过敏反应]]></desc></option></options><answers><![CDATA[A]]></answers></question><question><type>1</type><format>html</format><desc><![CDATA[7.病人，女性，32岁。发热、腰痛、尿频、尿急1个月，近3天全身关节酸痛、尿频、尿急加重。体检：体温39.5℃，白细胞13×10<sup>9</sup>/L，中性粒细胞86%，尿培养大肠埃希菌阳性，诊断为大肠埃希菌性尿路感染，应首选]]></desc><options><option><id>A</id><type>text</type><desc><![CDATA[青霉索]]></desc></option><option><id>B</id><type>text</type><desc><![CDATA[红霉索]]></desc></option><option><id>C</id><type>text</type><desc><![CDATA[灰黄霉素]]></desc></option><option><id>D</id><type>text</type><desc><![CDATA[庆大霉素]]></desc></option><option><id>E</id><type>text</type><desc><![CDATA[林可霉素]]></desc></option></options><answers><![CDATA[D]]></answers></question><question><type>1</type><format>text</format><desc><![CDATA[8.病人，女性，近期出现发热、脾肿大、瘀点等症状，心脏听诊可闻及杂音，并伴有乏力、食欲缺乏、苍白等，血培养为草绿色链球菌，诊断为细菌性心内膜炎，常选用下列哪种方案治疗]]></desc><options><option><id>A</id><type>text</type><desc><![CDATA[庆大霉素+红霉素]]></desc></option><option><id>B</id><type>text</type><desc><![CDATA[青霉素G+TMP]]></desc></option><option><id>C</id><type>text</type><desc><![CDATA[强力霉素]]></desc></option><option><id>D</id><type>text</type><desc><![CDATA[青霉素G+红霉素]]></desc></option><option><id>E</id><type>text</type><desc><![CDATA[青霉素G+链霉素]]></desc></option></options><answers><![CDATA[E]]></answers></question></questions></exam>