﻿<?xml version="1.0" encoding="UTF-8"?><exam><id>20181102112408</id><questions><instructions><![CDATA[一、单项选择题]]></instructions><question><type>1</type><format>text</format><desc><![CDATA[1.具有抗LDL氧化修饰作用的药物是]]></desc><options><option><id>A</id><type>text</type><desc><![CDATA[辛伐他汀]]></desc></option><option><id>B</id><type>text</type><desc><![CDATA[洛伐他汀]]></desc></option><option><id>C</id><type>text</type><desc><![CDATA[普罗布考]]></desc></option><option><id>D</id><type>text</type><desc><![CDATA[烟酸]]></desc></option><option><id>E</id><type>text</type><desc><![CDATA[氯贝丁酯]]></desc></option></options><answers><![CDATA[C]]></answers></question><question><type>1</type><format>html</format><desc><![CDATA[2.抗动脉粥样硬化药<u><b>不包括</b></u>]]></desc><options><option><id>A</id><type>text</type><desc><![CDATA[肝素]]></desc></option><option><id>B</id><type>text</type><desc><![CDATA[调血脂药]]></desc></option><option><id>C</id><type>text</type><desc><![CDATA[多烯脂肪酸类]]></desc></option><option><id>D</id><type>text</type><desc><![CDATA[抗氧化药]]></desc></option><option><id>E</id><type>text</type><desc><![CDATA[硝酸酯类]]></desc></option></options><answers><![CDATA[E]]></answers></question><question><type>1</type><format>text</format><desc><![CDATA[3.有调血脂作用，亦能稳定动脉粥样硬化斑块或使斑块缩小的药物是]]></desc><options><option><id>A</id><type>text</type><desc><![CDATA[辛伐他汀]]></desc></option><option><id>B</id><type>text</type><desc><![CDATA[考来烯胺]]></desc></option><option><id>C</id><type>text</type><desc><![CDATA[普罗布考]]></desc></option><option><id>D</id><type>text</type><desc><![CDATA[烟酸]]></desc></option><option><id>E</id><type>text</type><desc><![CDATA[氯贝丁酯]]></desc></option></options><answers><![CDATA[A]]></answers></question><question><type>1</type><format>text</format><desc><![CDATA[4.能明显降低血浆胆固醇的是]]></desc><options><option><id>A</id><type>text</type><desc><![CDATA[苯氧酸类]]></desc></option><option><id>B</id><type>text</type><desc><![CDATA[多烯脂肪酸]]></desc></option><option><id>C</id><type>text</type><desc><![CDATA[抗氧化剂]]></desc></option><option><id>D</id><type>text</type><desc><![CDATA[烟酸]]></desc></option><option><id>E</id><type>text</type><desc><![CDATA[他汀类]]></desc></option></options><answers><![CDATA[E]]></answers></question><question><type>1</type><format>text</format><desc><![CDATA[5.能将LDL降低也将HDL降低的药物是]]></desc><options><option><id>A</id><type>text</type><desc><![CDATA[普罗布考]]></desc></option><option><id>B</id><type>text</type><desc><![CDATA[氟伐他汀]]></desc></option><option><id>C</id><type>text</type><desc><![CDATA[非诺贝特]]></desc></option><option><id>D</id><type>text</type><desc><![CDATA[烟酸]]></desc></option><option><id>E</id><type>text</type><desc><![CDATA[考来替泊]]></desc></option></options><answers><![CDATA[A]]></answers></question><question><type>1</type><format>text</format><desc><![CDATA[6.能明显降低血浆三酰甘油的药物是]]></desc><options><option><id>A</id><type>text</type><desc><![CDATA[贝特类]]></desc></option><option><id>B</id><type>text</type><desc><![CDATA[胆汁酸结合树脂]]></desc></option><option><id>C</id><type>text</type><desc><![CDATA[抗氧化剂]]></desc></option><option><id>D</id><type>text</type><desc><![CDATA[洛伐他汀]]></desc></option><option><id>E</id><type>text</type><desc><![CDATA[阿托伐他汀]]></desc></option></options><answers><![CDATA[A]]></answers></question><question><type>1</type><format>text</format><desc><![CDATA[7.可引起横纹肌溶解症的药物是]]></desc><options><option><id>A</id><type>text</type><desc><![CDATA[肝素]]></desc></option><option><id>B</id><type>text</type><desc><![CDATA[考来烯胺]]></desc></option><option><id>C</id><type>text</type><desc><![CDATA[普罗布考]]></desc></option><option><id>D</id><type>text</type><desc><![CDATA[辛伐他汀]]></desc></option><option><id>E</id><type>text</type><desc><![CDATA[烟酸]]></desc></option></options><answers><![CDATA[D]]></answers></question><question><type>1</type><format>text</format><desc><![CDATA[8.贝特类疗效最好的高脂血症类型是]]></desc><options><option><id>A</id><type>text</type><desc><![CDATA[Ⅱb型]]></desc></option><option><id>B</id><type>text</type><desc><![CDATA[Ⅳ型]]></desc></option><option><id>C</id><type>text</type><desc><![CDATA[家族性Ⅲ型]]></desc></option><option><id>D</id><type>text</type><desc><![CDATA[Ⅱ型]]></desc></option><option><id>E</id><type>text</type><desc><![CDATA[Ⅴ型]]></desc></option></options><answers><![CDATA[C]]></answers></question><question><type>1</type><format>html</format><desc><![CDATA[9.关于抗动脉粥样硬化药，叙述<u><b>错误</b></u>的是]]></desc><options><option><id>A</id><type>text</type><desc><![CDATA[多不饱和脂肪酸可抑制动脉粥样硬化斑块的形成并使之消退]]></desc></option><option><id>B</id><type>text</type><desc><![CDATA[保护动脉内皮药不能预防动脉粥样硬化]]></desc></option><option><id>C</id><type>text</type><desc><![CDATA[普罗布考是抗氧化剂]]></desc></option><option><id>D</id><type>text</type><desc><![CDATA[HMG-CoA还原酶是合成胆固醇的限速酶]]></desc></option><option><id>E</id><type>text</type><desc><![CDATA[抗动脉粥样硬化药可以通过降低血脂、抗氧化、保护动脉内皮等方面起到治疗作用]]></desc></option></options><answers><![CDATA[B]]></answers></question></questions></exam>