﻿<?xml version="1.0" encoding="UTF-8"?><exam><id>20181102123333</id><questions><instructions><![CDATA[一、单项选择题]]></instructions><question><type>1</type><format>text</format><desc><![CDATA[1.雌激素的临床应用是]]></desc><options><option><id>A</id><type>text</type><desc><![CDATA[痛经]]></desc></option><option><id>B</id><type>text</type><desc><![CDATA[功能性子宫出血]]></desc></option><option><id>C</id><type>text</type><desc><![CDATA[消耗性疾病]]></desc></option><option><id>D</id><type>text</type><desc><![CDATA[先兆流产]]></desc></option><option><id>E</id><type>text</type><desc><![CDATA[绝经期前的乳腺癌]]></desc></option></options><answers><![CDATA[B]]></answers></question><question><type>1</type><format>text</format><desc><![CDATA[2.雌激素类药和孕激素类药均可用于]]></desc><options><option><id>A</id><type>text</type><desc><![CDATA[前列腺癌]]></desc></option><option><id>B</id><type>text</type><desc><![CDATA[绝经期综合征]]></desc></option><option><id>C</id><type>text</type><desc><![CDATA[乳房胀痛]]></desc></option><option><id>D</id><type>text</type><desc><![CDATA[晚期乳腺癌]]></desc></option><option><id>E</id><type>text</type><desc><![CDATA[痤疮]]></desc></option></options><answers><![CDATA[A]]></answers></question><question><type>1</type><format>text</format><desc><![CDATA[3.主要抑制排卵的短效口服避孕药是]]></desc><options><option><id>A</id><type>text</type><desc><![CDATA[苯丙酸诺龙]]></desc></option><option><id>B</id><type>text</type><desc><![CDATA[丙酸睾丸素]]></desc></option><option><id>C</id><type>text</type><desc><![CDATA[复方炔诺酮]]></desc></option><option><id>D</id><type>text</type><desc><![CDATA[炔诺酮]]></desc></option><option><id>E</id><type>text</type><desc><![CDATA[炔雌醇]]></desc></option></options><answers><![CDATA[C]]></answers></question><question><type>1</type><format>text</format><desc><![CDATA[4.抑制排卵避孕药的最常见的不良反应是]]></desc><options><option><id>A</id><type>text</type><desc><![CDATA[子宫不规则出血]]></desc></option><option><id>B</id><type>text</type><desc><![CDATA[闭经]]></desc></option><option><id>C</id><type>text</type><desc><![CDATA[类早孕反应]]></desc></option><option><id>D</id><type>text</type><desc><![CDATA[哺乳妇女乳汁减少]]></desc></option><option><id>E</id><type>text</type><desc><![CDATA[乳房肿块]]></desc></option></options><answers><![CDATA[C]]></answers></question><question><type>1</type><format>text</format><desc><![CDATA[5.属于同化激素类的药物是]]></desc><options><option><id>A</id><type>text</type><desc><![CDATA[泼尼松龙]]></desc></option><option><id>B</id><type>text</type><desc><![CDATA[黄体酮]]></desc></option><option><id>C</id><type>text</type><desc><![CDATA[苯丙酸诺龙]]></desc></option><option><id>D</id><type>text</type><desc><![CDATA[丙酸睾酮]]></desc></option><option><id>E</id><type>text</type><desc><![CDATA[去氧皮质酮]]></desc></option></options><answers><![CDATA[C]]></answers></question><question><type>1</type><format>text</format><desc><![CDATA[6.属于雌激素类药的是]]></desc><options><option><id>A</id><type>text</type><desc><![CDATA[甲睾酮]]></desc></option><option><id>B</id><type>text</type><desc><![CDATA[丙酸睾酮]]></desc></option><option><id>C</id><type>text</type><desc><![CDATA[棉酚]]></desc></option><option><id>D</id><type>text</type><desc><![CDATA[炔雌醇]]></desc></option><option><id>E</id><type>text</type><desc><![CDATA[氯米芬]]></desc></option></options><answers><![CDATA[D]]></answers></question><question><type>1</type><format>text</format><desc><![CDATA[7.主要影响精子的避孕药有]]></desc><options><option><id>A</id><type>text</type><desc><![CDATA[孕激素类药]]></desc></option><option><id>B</id><type>text</type><desc><![CDATA[同化激素类药]]></desc></option><option><id>C</id><type>text</type><desc><![CDATA[烷苯醇醚]]></desc></option><option><id>D</id><type>text</type><desc><![CDATA[雌激素类药]]></desc></option><option><id>E</id><type>text</type><desc><![CDATA[雄激素类药]]></desc></option></options><answers><![CDATA[C]]></answers></question><question><type>1</type><format>html</format><desc><![CDATA[8.<u><b>不属于</b></u>雌激素的药物是]]></desc><options><option><id>A</id><type>text</type><desc><![CDATA[雌二醇]]></desc></option><option><id>B</id><type>text</type><desc><![CDATA[丙酸睾酮]]></desc></option><option><id>C</id><type>text</type><desc><![CDATA[雌三醇]]></desc></option><option><id>D</id><type>text</type><desc><![CDATA[炔雌醇]]></desc></option><option><id>E</id><type>text</type><desc><![CDATA[炔雌醚]]></desc></option></options><answers><![CDATA[B]]></answers></question><question><type>1</type><format>html</format><desc><![CDATA[9.<u><b>不属于</b></u>孕激素的药物是]]></desc><options><option><id>A</id><type>text</type><desc><![CDATA[甲睾酮]]></desc></option><option><id>B</id><type>text</type><desc><![CDATA[黄体酮]]></desc></option><option><id>C</id><type>text</type><desc><![CDATA[甲地孕酮]]></desc></option><option><id>D</id><type>text</type><desc><![CDATA[氯地孕酮]]></desc></option><option><id>E</id><type>text</type><desc><![CDATA[醋酸甲羟孕酮]]></desc></option></options><answers><![CDATA[A]]></answers></question><question><type>1</type><format>text</format><desc><![CDATA[10.病人，女性，60岁。患老年性阴道炎，该病人询问护士发病原因，护士告知直接影响阴道自净作用的激素下降，该激素是]]></desc><options><option><id>A</id><type>text</type><desc><![CDATA[雌激素]]></desc></option><option><id>B</id><type>text</type><desc><![CDATA[孕激素]]></desc></option><option><id>C</id><type>text</type><desc><![CDATA[促性激素]]></desc></option><option><id>D</id><type>text</type><desc><![CDATA[促卵泡素]]></desc></option><option><id>E</id><type>text</type><desc><![CDATA[促性激素释放激素]]></desc></option></options><answers><![CDATA[A]]></answers></question></questions><questions><instructions><![CDATA[二、共用题干选择题]]></instructions><question><type>3</type><format>text</format><desc><![CDATA[1.病人，女性，46岁。近期月经紊乱，潮热，出汗，情绪低落，记忆力减退。诊断：围绝经期（更年期）综合征。予以补充雌激素替代疗法。]]></desc><children><question><type>3</type><format>text</format><desc><![CDATA[（1）护士应该指导病人预防骨质疏松症每天喝牛奶的同时补充]]></desc><options><option><id>A</id><type>text</type><desc><![CDATA[维生素A]]></desc></option><option><id>B</id><type>text</type><desc><![CDATA[维生素B]]></desc></option><option><id>C</id><type>text</type><desc><![CDATA[维生素C]]></desc></option><option><id>D</id><type>text</type><desc><![CDATA[维生素D<sub>3</sub>]]></desc></option><option><id>E</id><type>text</type><desc><![CDATA[维生素E]]></desc></option></options><answers><![CDATA[D]]></answers></question><question><type>3</type><format>html</format><desc><![CDATA[（2）告知病人激素替代疗法的<u><b>禁忌证</b></u>是]]></desc><options><option><id>A</id><type>text</type><desc><![CDATA[不明原因的子宫出血]]></desc></option><option><id>B</id><type>text</type><desc><![CDATA[冠心病]]></desc></option><option><id>C</id><type>text</type><desc><![CDATA[子宫肌瘤切除]]></desc></option><option><id>D</id><type>text</type><desc><![CDATA[骨质疏松]]></desc></option><option><id>E</id><type>text</type><desc><![CDATA[更年期绝经综合征]]></desc></option></options><answers><![CDATA[A]]></answers></question></children></question></questions></exam>