﻿<?xml version="1.0" encoding="UTF-8"?><exam><id>20181102124003</id><questions><instructions><![CDATA[一、单项选择题]]></instructions><question><type>1</type><format>text</format><desc><![CDATA[1.苯海拉明抗过敏机制主要是]]></desc><options><option><id>A</id><type>text</type><desc><![CDATA[激动H<sub>1</sub>受体]]></desc></option><option><id>B</id><type>text</type><desc><![CDATA[阻断H<sub>1</sub>受体]]></desc></option><option><id>C</id><type>text</type><desc><![CDATA[激动H<sub>2</sub>受体]]></desc></option><option><id>D</id><type>text</type><desc><![CDATA[阻断H<sub>2</sub>受体]]></desc></option><option><id>E</id><type>text</type><desc><![CDATA[阻断M受体]]></desc></option></options><answers><![CDATA[B]]></answers></question><question><type>1</type><format>html</format><desc><![CDATA[2.H<sub>1</sub>受体阻断药的最佳适应证是]]></desc><options><option><id>A</id><type>text</type><desc><![CDATA[消化道溃疡]]></desc></option><option><id>B</id><type>text</type><desc><![CDATA[支气管哮喘]]></desc></option><option><id>C</id><type>text</type><desc><![CDATA[过敏性哮喘]]></desc></option><option><id>D</id><type>text</type><desc><![CDATA[晕动病]]></desc></option><option><id>E</id><type>text</type><desc><![CDATA[皮肤黏膜变态反应]]></desc></option></options><answers><![CDATA[E]]></answers></question><question><type>1</type><format>html</format><desc><![CDATA[3.H<sub>1</sub>受体阻断药疗效最差的是]]></desc><options><option><id>A</id><type>text</type><desc><![CDATA[过敏性鼻炎]]></desc></option><option><id>B</id><type>text</type><desc><![CDATA[荨麻疹]]></desc></option><option><id>C</id><type>text</type><desc><![CDATA[过敏性休克]]></desc></option><option><id>D</id><type>text</type><desc><![CDATA[接触性皮炎]]></desc></option><option><id>E</id><type>text</type><desc><![CDATA[花粉症]]></desc></option></options><answers><![CDATA[C]]></answers></question><question><type>1</type><format>text</format><desc><![CDATA[4.对异丙嗪描述正确的是]]></desc><options><option><id>A</id><type>text</type><desc><![CDATA[可以阻断H<sub>2</sub>受体]]></desc></option><option><id>B</id><type>text</type><desc><![CDATA[可减少胃酸释放]]></desc></option><option><id>C</id><type>text</type><desc><![CDATA[具有镇吐作用]]></desc></option><option><id>D</id><type>text</type><desc><![CDATA[对支气管哮喘疗效好]]></desc></option><option><id>E</id><type>text</type><desc><![CDATA[可以治疗消化道溃疡]]></desc></option></options><answers><![CDATA[C]]></answers></question><question><type>1</type><format>html</format><desc><![CDATA[5.H<sub>1</sub>受体阻断药最常见的不良反应是]]></desc><options><option><id>A</id><type>text</type><desc><![CDATA[烦躁、失眠]]></desc></option><option><id>B</id><type>text</type><desc><![CDATA[镇静、嗜睡]]></desc></option><option><id>C</id><type>text</type><desc><![CDATA[恶心、呕吐]]></desc></option><option><id>D</id><type>text</type><desc><![CDATA[黄疸]]></desc></option><option><id>E</id><type>text</type><desc><![CDATA[致畸]]></desc></option></options><answers><![CDATA[B]]></answers></question><question><type>1</type><format>text</format><desc><![CDATA[6.病人，男性，患过敏性鼻炎多年，一直没有彻底根治。现病人鼻塞、鼻痒、流清涕等症状加重，可选择缓解症状的药物是]]></desc><options><option><id>A</id><type>text</type><desc><![CDATA[肾上腺素]]></desc></option><option><id>B</id><type>text</type><desc><![CDATA[阿司匹林]]></desc></option><option><id>C</id><type>text</type><desc><![CDATA[苯海拉明]]></desc></option><option><id>D</id><type>text</type><desc><![CDATA[红霉素]]></desc></option><option><id>E</id><type>text</type><desc><![CDATA[环丙沙星]]></desc></option></options><answers><![CDATA[C]]></answers></question><question><type>1</type><format>html</format><desc><![CDATA[7.病人，男性，乘坐长途汽车后，曾出现恶心、呕吐、头痛、头晕等现象。若病人再次乘坐长途汽车前，<u><b>不能选</b></u>的药物是]]></desc><options><option><id>A</id><type>text</type><desc><![CDATA[异丙嗪]]></desc></option><option><id>B</id><type>text</type><desc><![CDATA[苯海拉明]]></desc></option><option><id>C</id><type>text</type><desc><![CDATA[东莨菪碱]]></desc></option><option><id>D</id><type>text</type><desc><![CDATA[氯丙嗪]]></desc></option><option><id>E</id><type>text</type><desc><![CDATA[胃复安]]></desc></option></options><answers><![CDATA[D]]></answers></question><question><type>1</type><format>text</format><desc><![CDATA[8.病人，男性，食海鲜后出现皮肤瘙痒、鲜红色皮疹、红斑等症状。现该病人整夜无法睡眠，可选择治疗药物是]]></desc><options><option><id>A</id><type>text</type><desc><![CDATA[安定]]></desc></option><option><id>B</id><type>text</type><desc><![CDATA[苯巴比妥]]></desc></option><option><id>C</id><type>text</type><desc><![CDATA[苯海拉明]]></desc></option><option><id>D</id><type>text</type><desc><![CDATA[阿司咪唑]]></desc></option><option><id>E</id><type>text</type><desc><![CDATA[左西替利嗪]]></desc></option></options><answers><![CDATA[C]]></answers></question></questions><questions><instructions><![CDATA[二、共用题干选择题]]></instructions><question><type>3</type><format>text</format><desc><![CDATA[1.病人，男性，37岁。因局部皮肤出现皮状红色突起，瘙痒难忍，于是到医院就诊。经检查诊断为荨麻疹。]]></desc><children><question><type>3</type><format>text</format><desc><![CDATA[（1）该病人适宜选择的治疗药物是]]></desc><options><option><id>A</id><type>text</type><desc><![CDATA[苯海拉明]]></desc></option><option><id>B</id><type>text</type><desc><![CDATA[异丙嗪]]></desc></option><option><id>C</id><type>text</type><desc><![CDATA[氯苯那敏]]></desc></option><option><id>D</id><type>text</type><desc><![CDATA[西替利嗪]]></desc></option><option><id>E</id><type>text</type><desc><![CDATA[苯巴比妥]]></desc></option></options><answers><![CDATA[D]]></answers></question><question><type>3</type><format>text</format><desc><![CDATA[（2）该病人用药护理描述正确的是]]></desc><options><option><id>A</id><type>text</type><desc><![CDATA[该病人可以选择异丙嗪或苯海拉明]]></desc></option><option><id>B</id><type>text</type><desc><![CDATA[若病人选择西替利嗪时，可能会出现食欲减退、恶心、呕吐等消化道反应]]></desc></option><option><id>C</id><type>text</type><desc><![CDATA[若病人选择西替利嗪时，会出现较严重的困倦、嗜睡等症状]]></desc></option><option><id>D</id><type>text</type><desc><![CDATA[青光眼病人可以使用氯苯那敏]]></desc></option><option><id>E</id><type>text</type><desc><![CDATA[为提高疗效，可以把苯海拉明与氯苯那敏合用]]></desc></option></options><answers><![CDATA[B]]></answers></question></children></question></questions></exam>