﻿<?xml version="1.0" encoding="UTF-8"?><exam><id>20181102112839</id><questions><instructions><![CDATA[一、单项选择题]]></instructions><question><type>1</type><format>text</format><desc><![CDATA[1.甲巯咪唑治疗甲亢的作用机制是]]></desc><options><option><id>A</id><type>text</type><desc><![CDATA[直接拮抗已合成的甲状腺激素]]></desc></option><option><id>B</id><type>text</type><desc><![CDATA[使促甲状腺激素释放减少]]></desc></option><option><id>C</id><type>text</type><desc><![CDATA[抑制甲状腺腺泡内过氧化酶，减少甲状腺激素的合成]]></desc></option><option><id>D</id><type>text</type><desc><![CDATA[抑制腺体细胞增生]]></desc></option><option><id>E</id><type>text</type><desc><![CDATA[破坏甲状腺组织]]></desc></option></options><answers><![CDATA[C]]></answers></question><question><type>1</type><format>text</format><desc><![CDATA[2.轻度甲状腺功能亢进症治疗宜选用]]></desc><options><option><id>A</id><type>text</type><desc><![CDATA[大剂量碘剂]]></desc></option><option><id>B</id><type>text</type><desc><![CDATA[小剂量碘剂]]></desc></option><option><id>C</id><type>text</type><desc><![CDATA[硫脲类]]></desc></option><option><id>D</id><type>text</type><desc><![CDATA[甲状腺素]]></desc></option><option><id>E</id><type>text</type><desc><![CDATA[放射性碘]]></desc></option></options><answers><![CDATA[C]]></answers></question><question><type>1</type><format>text</format><desc><![CDATA[3.硫脲类药最主要的不良反应为]]></desc><options><option><id>A</id><type>text</type><desc><![CDATA[肝损害]]></desc></option><option><id>B</id><type>text</type><desc><![CDATA[前庭功能损害]]></desc></option><option><id>C</id><type>text</type><desc><![CDATA[粒细胞减少症]]></desc></option><option><id>D</id><type>text</type><desc><![CDATA[血小板减少症]]></desc></option><option><id>E</id><type>text</type><desc><![CDATA[胃溃疡]]></desc></option></options><answers><![CDATA[C]]></answers></question><question><type>1</type><format>text</format><desc><![CDATA[4.地方性甲状腺肿应选用]]></desc><options><option><id>A</id><type>text</type><desc><![CDATA[左甲状腺素]]></desc></option><option><id>B</id><type>text</type><desc><![CDATA[丙硫氧嘧啶]]></desc></option><option><id>C</id><type>text</type><desc><![CDATA[小剂量碘]]></desc></option><option><id>D</id><type>text</type><desc><![CDATA[大剂量碘]]></desc></option><option><id>E</id><type>text</type><desc><![CDATA[少量<sup>131</sup>I]]></desc></option></options><answers><![CDATA[C]]></answers></question><question><type>1</type><format>text</format><desc><![CDATA[5.甲状腺功能亢进症行甲状腺次全切除术前2周应用大剂量复方碘溶液口服的目的是]]></desc><options><option><id>A</id><type>text</type><desc><![CDATA[增强病人对手术的耐受性]]></desc></option><option><id>B</id><type>text</type><desc><![CDATA[使甲状腺腺体变大，便于手术操作]]></desc></option><option><id>C</id><type>text</type><desc><![CDATA[使甲状腺腺体变小变韧]]></desc></option><option><id>D</id><type>text</type><desc><![CDATA[抑制呼吸道腺体分泌]]></desc></option><option><id>E</id><type>text</type><desc><![CDATA[降低血压]]></desc></option></options><answers><![CDATA[C]]></answers></question></questions><questions><instructions><![CDATA[二、共用题干选择题]]></instructions><question><type>3</type><format>text</format><desc><![CDATA[1.一甲亢病人，经丙硫氧嘧啶治疗2月后，症状未见好转，甲状腺肿块有压迫症状，遂行手术治疗，术后出现黏液性水肿。]]></desc><children><question><type>3</type><format>text</format><desc><![CDATA[（1）出现黏液性水肿的原因是]]></desc><options><option><id>A</id><type>text</type><desc><![CDATA[甲状腺功能亢进]]></desc></option><option><id>B</id><type>text</type><desc><![CDATA[甲状腺功能低下]]></desc></option><option><id>C</id><type>text</type><desc><![CDATA[甲状腺危象]]></desc></option><option><id>D</id><type>text</type><desc><![CDATA[丙硫氧嘧啶的不良反应]]></desc></option><option><id>E</id><type>text</type><desc><![CDATA[手术麻醉并发症]]></desc></option></options><answers><![CDATA[B]]></answers></question><question><type>3</type><format>text</format><desc><![CDATA[（2）应给予哪种药物治疗]]></desc><options><option><id>A</id><type>text</type><desc><![CDATA[服用碘剂]]></desc></option><option><id>B</id><type>text</type><desc><![CDATA[服用甲状腺素片]]></desc></option><option><id>C</id><type>text</type><desc><![CDATA[服用糖皮质激素]]></desc></option><option><id>D</id><type>text</type><desc><![CDATA[服用利尿剂]]></desc></option><option><id>E</id><type>text</type><desc><![CDATA[补充蛋白质]]></desc></option></options><answers><![CDATA[B]]></answers></question></children></question></questions></exam>