﻿<?xml version="1.0" encoding="UTF-8"?><exam><id>20181102123706</id><questions><instructions><![CDATA[一、单项选择题]]></instructions><question><type>1</type><format>text</format><desc><![CDATA[1.缩宫素对子宫平滑肌作用特点是]]></desc><options><option><id>A</id><type>text</type><desc><![CDATA[小剂量即可引起子宫肌张力持续增高，甚至强直性收缩]]></desc></option><option><id>B</id><type>text</type><desc><![CDATA[子宫平滑肌对药物敏感性与体内性激素水平无关]]></desc></option><option><id>C</id><type>text</type><desc><![CDATA[小剂量引起子宫底节律性收缩，子宫颈松弛]]></desc></option><option><id>D</id><type>text</type><desc><![CDATA[妊娠早期的子宫对其敏感性最强]]></desc></option><option><id>E</id><type>text</type><desc><![CDATA[临产时的子宫对其敏感性最低]]></desc></option></options><answers><![CDATA[C]]></answers></question><question><type>1</type><format>html</format><desc><![CDATA[2.缩宫素<u><b>无效的</b></u>给药途径是]]></desc><options><option><id>A</id><type>text</type><desc><![CDATA[口服]]></desc></option><option><id>B</id><type>text</type><desc><![CDATA[皮下注射]]></desc></option><option><id>C</id><type>text</type><desc><![CDATA[鼻腔喷雾]]></desc></option><option><id>D</id><type>text</type><desc><![CDATA[口腔黏膜给药]]></desc></option><option><id>E</id><type>text</type><desc><![CDATA[肌内注射]]></desc></option></options><answers><![CDATA[A]]></answers></question><question><type>1</type><format>text</format><desc><![CDATA[3.对宫口已开全、无产道障碍而宫缩乏力的产妇应选用]]></desc><options><option><id>A</id><type>text</type><desc><![CDATA[小剂量缩宫素静脉滴注]]></desc></option><option><id>B</id><type>text</type><desc><![CDATA[大剂量缩宫素静脉滴注]]></desc></option><option><id>C</id><type>text</type><desc><![CDATA[小剂量麦角新碱静脉滴注]]></desc></option><option><id>D</id><type>text</type><desc><![CDATA[大剂量麦角新碱静脉滴注]]></desc></option><option><id>E</id><type>text</type><desc><![CDATA[大剂量前列腺素静脉滴注]]></desc></option></options><answers><![CDATA[A]]></answers></question><question><type>1</type><format>html</format><desc><![CDATA[4.下述有关缩宫素的叙述，<u><b>错误的</b></u>是]]></desc><options><option><id>A</id><type>text</type><desc><![CDATA[小剂量引起子宫底部肌肉收缩、子宫颈松驰]]></desc></option><option><id>B</id><type>text</type><desc><![CDATA[大剂量引起子宫肌节律性收缩]]></desc></option><option><id>C</id><type>text</type><desc><![CDATA[雌激素提高子宫肌对缩宫素的敏感性]]></desc></option><option><id>D</id><type>text</type><desc><![CDATA[临产时子宫对缩宫素最敏感]]></desc></option><option><id>E</id><type>text</type><desc><![CDATA[有剖宫产史产妇应忌用]]></desc></option></options><answers><![CDATA[B]]></answers></question><question><type>1</type><format>html</format><desc><![CDATA[5.缩宫素的<u><b>禁忌证</b></u>是]]></desc><options><option><id>A</id><type>text</type><desc><![CDATA[产道异常]]></desc></option><option><id>B</id><type>text</type><desc><![CDATA[胎位不正]]></desc></option><option><id>C</id><type>text</type><desc><![CDATA[头盆不称]]></desc></option><option><id>D</id><type>text</type><desc><![CDATA[前置胎盘或有剖宫产史者]]></desc></option><option><id>E</id><type>text</type><desc><![CDATA[以上都是]]></desc></option></options><answers><![CDATA[E]]></answers></question><question><type>1</type><format>text</format><desc><![CDATA[6.麦角新碱治疗产后子宫出血是因为其可以]]></desc><options><option><id>A</id><type>text</type><desc><![CDATA[使血管收缩]]></desc></option><option><id>B</id><type>text</type><desc><![CDATA[使子宫肌强烈收缩]]></desc></option><option><id>C</id><type>text</type><desc><![CDATA[促进血管修复]]></desc></option><option><id>D</id><type>text</type><desc><![CDATA[促进凝血过程]]></desc></option><option><id>E</id><type>text</type><desc><![CDATA[以上都不是]]></desc></option></options><answers><![CDATA[B]]></answers></question><question><type>1</type><format>text</format><desc><![CDATA[7.下列抑制子宫平滑肌收缩的药物是]]></desc><options><option><id>A</id><type>text</type><desc><![CDATA[缩宫素]]></desc></option><option><id>B</id><type>text</type><desc><![CDATA[麦角新碱]]></desc></option><option><id>C</id><type>text</type><desc><![CDATA[前列腺素]]></desc></option><option><id>D</id><type>text</type><desc><![CDATA[利托君]]></desc></option><option><id>E</id><type>text</type><desc><![CDATA[垂体后叶素]]></desc></option></options><answers><![CDATA[D]]></answers></question><question><type>1</type><format>text</format><desc><![CDATA[8.初产妇，33岁，确诊为妊娠合并贫血。为预防该孕妇发生产后出血，在胎肩娩出即使用]]></desc><options><option><id>A</id><type>text</type><desc><![CDATA[利君托]]></desc></option><option><id>B</id><type>text</type><desc><![CDATA[缩宫素]]></desc></option><option><id>C</id><type>text</type><desc><![CDATA[麦角胺]]></desc></option><option><id>D</id><type>text</type><desc><![CDATA[前列腺素]]></desc></option><option><id>E</id><type>text</type><desc><![CDATA[米非司酮<sub></sub>]]></desc></option></options><answers><![CDATA[B]]></answers></question></questions></exam>