﻿<?xml version="1.0" encoding="UTF-8"?><exam><id>20181102082503</id><questions><instructions><![CDATA[一、单项选择题]]></instructions><question><type>1</type><format>text</format><desc><![CDATA[1.药物的基本作用是指]]></desc><options><option><id>A</id><type>text</type><desc><![CDATA[防治作用和不良反应]]></desc></option><option><id>B</id><type>text</type><desc><![CDATA[兴奋作用和抑制作用]]></desc></option><option><id>C</id><type>text</type><desc><![CDATA[选择作用和普遍细胞作用]]></desc></option><option><id>D</id><type>text</type><desc><![CDATA[直接作用和间接作用]]></desc></option><option><id>E</id><type>text</type><desc><![CDATA[局部作用和吸收作用]]></desc></option></options><answers><![CDATA[B]]></answers></question><question><type>1</type><format>text</format><desc><![CDATA[2.药物作用的两重性是指]]></desc><options><option><id>A</id><type>text</type><desc><![CDATA[防治作用和不良反应]]></desc></option><option><id>B</id><type>text</type><desc><![CDATA[治疗作用和副作用]]></desc></option><option><id>C</id><type>text</type><desc><![CDATA[防治作用和毒性反应]]></desc></option><option><id>D</id><type>text</type><desc><![CDATA[兴奋作用和抑制作用]]></desc></option><option><id>E</id><type>text</type><desc><![CDATA[选择作用和普遍细胞作用]]></desc></option></options><answers><![CDATA[A]]></answers></question><question><type>1</type><format>html</format><desc><![CDATA[3.对药物作用选择性的叙述，<u><b>错误</b></u>的是]]></desc><options><option><id>A</id><type>text</type><desc><![CDATA[药物作用的选择性是相对的]]></desc></option><option><id>B</id><type>text</type><desc><![CDATA[药物的选择性与剂量大小无关]]></desc></option><option><id>C</id><type>text</type><desc><![CDATA[选择性低的药物副作用多]]></desc></option><option><id>D</id><type>text</type><desc><![CDATA[选择性高的药物针对性强]]></desc></option><option><id>E</id><type>text</type><desc><![CDATA[大多数药物均有各自的选择性]]></desc></option></options><answers><![CDATA[B]]></answers></question><question><type>1</type><format>text</format><desc><![CDATA[4.药物副反应的药理学基础是]]></desc><options><option><id>A</id><type>text</type><desc><![CDATA[用药剂量过大]]></desc></option><option><id>B</id><type>text</type><desc><![CDATA[用药时间过长]]></desc></option><option><id>C</id><type>text</type><desc><![CDATA[机体对药物敏感性过高]]></desc></option><option><id>D</id><type>text</type><desc><![CDATA[药物选择性低]]></desc></option><option><id>E</id><type>text</type><desc><![CDATA[药物安全范围小]]></desc></option></options><answers><![CDATA[D]]></answers></question><question><type>1</type><format>text</format><desc><![CDATA[5.与药物超敏反应发生有关的因素是]]></desc><options><option><id>A</id><type>text</type><desc><![CDATA[剂量]]></desc></option><option><id>B</id><type>text</type><desc><![CDATA[年龄]]></desc></option><option><id>C</id><type>text</type><desc><![CDATA[特异体质]]></desc></option><option><id>D</id><type>text</type><desc><![CDATA[给药途径]]></desc></option><option><id>E</id><type>text</type><desc><![CDATA[治疗指数]]></desc></option></options><answers><![CDATA[C]]></answers></question><question><type>1</type><format>text</format><desc><![CDATA[6.对受体激动药的叙述，正确的是]]></desc><options><option><id>A</id><type>text</type><desc><![CDATA[只有内在活性]]></desc></option><option><id>B</id><type>text</type><desc><![CDATA[只有亲和力]]></desc></option><option><id>C</id><type>text</type><desc><![CDATA[既有亲和力又有内在活性]]></desc></option><option><id>D</id><type>text</type><desc><![CDATA[既无亲和力也无内在活性]]></desc></option><option><id>E</id><type>text</type><desc><![CDATA[既无亲和力仅有微弱的内在活性]]></desc></option></options><answers><![CDATA[C]]></answers></question><question><type>1</type><format>text</format><desc><![CDATA[7.青霉素治疗肺部细菌感染是]]></desc><options><option><id>A</id><type>text</type><desc><![CDATA[对因治疗]]></desc></option><option><id>B</id><type>text</type><desc><![CDATA[对症治疗]]></desc></option><option><id>C</id><type>text</type><desc><![CDATA[局部治疗]]></desc></option><option><id>D</id><type>text</type><desc><![CDATA[全身治疗]]></desc></option><option><id>E</id><type>text</type><desc><![CDATA[直接治疗]]></desc></option></options><answers><![CDATA[A]]></answers></question><question><type>1</type><format>html</format><desc><![CDATA[8.对受体部分激动药的叙述，<u><b>错误</b></u>的是]]></desc><options><option><id>A</id><type>text</type><desc><![CDATA[药物与受体有亲和力]]></desc></option><option><id>B</id><type>text</type><desc><![CDATA[药物与受体有较弱的内在活性]]></desc></option><option><id>C</id><type>text</type><desc><![CDATA[单独使用有较弱的受体激动效应]]></desc></option><option><id>D</id><type>text</type><desc><![CDATA[与受体激动药合用则增强激动药的效应]]></desc></option><option><id>E</id><type>text</type><desc><![CDATA[具有激动药和拮抗药的双重特点]]></desc></option></options><answers><![CDATA[D]]></answers></question><question><type>1</type><format>html</format><desc><![CDATA[9.对药物副反应的叙述<u><b>错误</b></u>的是]]></desc><options><option><id>A</id><type>text</type><desc><![CDATA[危害多不严重]]></desc></option><option><id>B</id><type>text</type><desc><![CDATA[多因剂量过大引起]]></desc></option><option><id>C</id><type>text</type><desc><![CDATA[与防治作用同时出现]]></desc></option><option><id>D</id><type>text</type><desc><![CDATA[可预知]]></desc></option><option><id>E</id><type>text</type><desc><![CDATA[与防治作用可相互转化]]></desc></option></options><answers><![CDATA[B]]></answers></question><question><type>1</type><format>html</format><desc><![CDATA[10.对毒性反应的叙述，<u><b>错误</b></u>的是]]></desc><options><option><id>A</id><type>text</type><desc><![CDATA[危害性较大，通常不可预知]]></desc></option><option><id>B</id><type>text</type><desc><![CDATA[与用药剂量过大有关]]></desc></option><option><id>C</id><type>text</type><desc><![CDATA[与用药时间过长有关]]></desc></option><option><id>D</id><type>text</type><desc><![CDATA[机体对药物特别敏感]]></desc></option><option><id>E</id><type>text</type><desc><![CDATA[三致反应属于慢性毒性反应]]></desc></option></options><answers><![CDATA[A]]></answers></question><question><type>1</type><format>html</format><desc><![CDATA[11.对超敏反应的叙述<u><b>错误</b></u>的是]]></desc><options><option><id>A</id><type>text</type><desc><![CDATA[为一种病理性免疫反应]]></desc></option><option><id>B</id><type>text</type><desc><![CDATA[严重时可引起过敏性休克]]></desc></option><option><id>C</id><type>text</type><desc><![CDATA[通常不易预知]]></desc></option><option><id>D</id><type>text</type><desc><![CDATA[与特异体质有关]]></desc></option><option><id>E</id><type>text</type><desc><![CDATA[与用药剂量有关]]></desc></option></options><answers><![CDATA[E]]></answers></question><question><type>1</type><format>text</format><desc><![CDATA[12.病人，女性，31岁，因受凉后腹痛就诊，医生给予解痉药阿托品0.3mg，服药后腹痛缓解，但患者感到心悸、口干等，这些反应属于]]></desc><options><option><id>A</id><type>text</type><desc><![CDATA[副反应]]></desc></option><option><id>B</id><type>text</type><desc><![CDATA[毒性反应]]></desc></option><option><id>C</id><type>text</type><desc><![CDATA[耐受性]]></desc></option><option><id>D</id><type>text</type><desc><![CDATA[依赖性]]></desc></option><option><id>E</id><type>text</type><desc><![CDATA[超敏反应]]></desc></option></options><answers><![CDATA[A]]></answers></question><question><type>1</type><format>text</format><desc><![CDATA[13.病人，男性，46岁，因工作压力过大引起失眠，长期服用地西泮，开始每晚服5mg即可入睡，近半年来每晚服10mg仍不能入睡，这是因为机体对药物产生了]]></desc><options><option><id>A</id><type>text</type><desc><![CDATA[副反应]]></desc></option><option><id>B</id><type>text</type><desc><![CDATA[继发反应]]></desc></option><option><id>C</id><type>text</type><desc><![CDATA[毒性反应]]></desc></option><option><id>D</id><type>text</type><desc><![CDATA[耐药性]]></desc></option><option><id>E</id><type>text</type><desc><![CDATA[耐受性]]></desc></option></options><answers><![CDATA[E]]></answers></question></questions></exam>