﻿<?xml version="1.0" encoding="UTF-8"?><exam><id>20181102090419</id><questions><instructions><![CDATA[一、单项选择题]]></instructions><question><type>1</type><format>html</format><desc><![CDATA[1.下列属于选择性β<sub>1</sub>受体阻断药的是]]></desc><options><option><id>A</id><type>text</type><desc><![CDATA[普萘洛尔]]></desc></option><option><id>B</id><type>text</type><desc><![CDATA[吲哚洛尔]]></desc></option><option><id>C</id><type>text</type><desc><![CDATA[艾司洛尔]]></desc></option><option><id>D</id><type>text</type><desc><![CDATA[噻吗洛尔]]></desc></option><option><id>E</id><type>text</type><desc><![CDATA[美托洛尔]]></desc></option></options><answers><![CDATA[E]]></answers></question><question><type>1</type><format>text</format><desc><![CDATA[2.心绞痛病人长期应用普萘洛尔突然停药最易引起]]></desc><options><option><id>A</id><type>text</type><desc><![CDATA[恶心，呕吐]]></desc></option><option><id>B</id><type>text</type><desc><![CDATA[腹泻]]></desc></option><option><id>C</id><type>text</type><desc><![CDATA[过敏反应]]></desc></option><option><id>D</id><type>text</type><desc><![CDATA[心功能不全]]></desc></option><option><id>E</id><type>text</type><desc><![CDATA[心绞痛发作]]></desc></option></options><answers><![CDATA[E]]></answers></question><question><type>1</type><format>html</format><desc><![CDATA[3.下列<u><b>不属于</b></u>β受体阻断药适应症的是]]></desc><options><option><id>A</id><type>text</type><desc><![CDATA[支气管哮喘]]></desc></option><option><id>B</id><type>text</type><desc><![CDATA[心绞痛]]></desc></option><option><id>C</id><type>text</type><desc><![CDATA[心律失常]]></desc></option><option><id>D</id><type>text</type><desc><![CDATA[高血压]]></desc></option><option><id>E</id><type>text</type><desc><![CDATA[青光眼]]></desc></option></options><answers><![CDATA[A]]></answers></question><question><type>1</type><format>html</format><desc><![CDATA[4.β受体阻断药<u><b>禁用于</b></u>支气管哮喘是由于]]></desc><options><option><id>A</id><type>text</type><desc><![CDATA[阻断支气管β<sub>2</sub>受体]]></desc></option><option><id>B</id><type>text</type><desc><![CDATA[阻断支气管β<sub>1</sub>受体]]></desc></option><option><id>C</id><type>text</type><desc><![CDATA[阻断支气管黏膜α<sub>1</sub>受体]]></desc></option><option><id>D</id><type>text</type><desc><![CDATA[阻断支气管M受体]]></desc></option><option><id>E</id><type>text</type><desc><![CDATA[激动支气管M受体]]></desc></option></options><answers><![CDATA[A]]></answers></question><question><type>1</type><format>html</format><desc><![CDATA[5.普萘洛尔<u><b>不具有</b></u>的药理作用是]]></desc><options><option><id>A</id><type>text</type><desc><![CDATA[抑制脂肪分解]]></desc></option><option><id>B</id><type>text</type><desc><![CDATA[增加呼吸道阻力]]></desc></option><option><id>C</id><type>text</type><desc><![CDATA[抑制肾素分泌]]></desc></option><option><id>D</id><type>text</type><desc><![CDATA[增加糖原分解]]></desc></option><option><id>E</id><type>text</type><desc><![CDATA[降低心肌耗氧量]]></desc></option></options><answers><![CDATA[D]]></answers></question><question><type>1</type><format>text</format><desc><![CDATA[6.去甲肾上腺素静滴时外漏，可用来缓解症状的药物是]]></desc><options><option><id>A</id><type>text</type><desc><![CDATA[异丙肾上腺素]]></desc></option><option><id>B</id><type>text</type><desc><![CDATA[山莨菪碱]]></desc></option><option><id>C</id><type>text</type><desc><![CDATA[酚妥拉明]]></desc></option><option><id>D</id><type>text</type><desc><![CDATA[氯丙嗪]]></desc></option><option><id>E</id><type>text</type><desc><![CDATA[多巴胺]]></desc></option></options><answers><![CDATA[C]]></answers></question><question><type>1</type><format>text</format><desc><![CDATA[7.治疗外周血管痉挛性疾病宜选用的药物是]]></desc><options><option><id>A</id><type>text</type><desc><![CDATA[M受体激动药]]></desc></option><option><id>B</id><type>text</type><desc><![CDATA[N受体激动药]]></desc></option><option><id>C</id><type>text</type><desc><![CDATA[α受体阻断药]]></desc></option><option><id>D</id><type>text</type><desc><![CDATA[β受体阻断药]]></desc></option><option><id>E</id><type>text</type><desc><![CDATA[β受体激动药]]></desc></option></options><answers><![CDATA[C]]></answers></question><question><type>1</type><format>html</format><desc><![CDATA[8.选择性阻断α<sub>1</sub>受体的药物是]]></desc><options><option><id>A</id><type>text</type><desc><![CDATA[哌唑嗪]]></desc></option><option><id>B</id><type>text</type><desc><![CDATA[间羟胺]]></desc></option><option><id>C</id><type>text</type><desc><![CDATA[酚妥拉明]]></desc></option><option><id>D</id><type>text</type><desc><![CDATA[异丙肾上腺素]]></desc></option><option><id>E</id><type>text</type><desc><![CDATA[酚苄明]]></desc></option></options><answers><![CDATA[A]]></answers></question><question><type>1</type><format>html</format><desc><![CDATA[9.<u><b>禁用</b></u>普萘洛尔的疾病是]]></desc><options><option><id>A</id><type>text</type><desc><![CDATA[高血压]]></desc></option><option><id>B</id><type>text</type><desc><![CDATA[心绞痛]]></desc></option><option><id>C</id><type>text</type><desc><![CDATA[窦性心动过速]]></desc></option><option><id>D</id><type>text</type><desc><![CDATA[支气管哮喘]]></desc></option><option><id>E</id><type>text</type><desc><![CDATA[甲亢]]></desc></option></options><answers><![CDATA[D]]></answers></question><question><type>1</type><format>html</format><desc><![CDATA[10.下列<u><b>不属于</b></u>β受体阻断药不良反应的是]]></desc><options><option><id>A</id><type>text</type><desc><![CDATA[诱发和加重支气管哮喘]]></desc></option><option><id>B</id><type>text</type><desc><![CDATA[外周血管收缩和痉挛]]></desc></option><option><id>C</id><type>text</type><desc><![CDATA[反跳现象]]></desc></option><option><id>D</id><type>text</type><desc><![CDATA[掩盖低血糖反应]]></desc></option><option><id>E</id><type>text</type><desc><![CDATA[心绞痛]]></desc></option></options><answers><![CDATA[E]]></answers></question><question><type>1</type><format>html</format><desc><![CDATA[11.普萘洛尔<u><b>不具有</b></u>的适应症是]]></desc><options><option><id>A</id><type>text</type><desc><![CDATA[甲状腺功能亢进]]></desc></option><option><id>B</id><type>text</type><desc><![CDATA[偏头痛]]></desc></option><option><id>C</id><type>text</type><desc><![CDATA[窦性心动过缓]]></desc></option><option><id>D</id><type>text</type><desc><![CDATA[青光眼]]></desc></option><option><id>E</id><type>text</type><desc><![CDATA[高血压]]></desc></option></options><answers><![CDATA[C]]></answers></question><question><type>1</type><format>text</format><desc><![CDATA[12.普萘洛尔使心率减慢的原因是]]></desc><options><option><id>A</id><type>text</type><desc><![CDATA[阻断心脏M受体]]></desc></option><option><id>B</id><type>text</type><desc><![CDATA[激动神经节N<SUB>N</SUB>受体]]></desc></option><option><id>C</id><type>text</type><desc><![CDATA[阻断心脏β<sub>1</sub>受体]]></desc></option><option><id>D</id><type>text</type><desc><![CDATA[阻断交感神经末梢突触前膜α<sub>2</sub>]]></desc></option><option><id>E</id><type>text</type><desc><![CDATA[激动心脏β<sub>1</sub>受体]]></desc></option></options><answers><![CDATA[C]]></answers></question></questions></exam>