﻿<?xml version="1.0" encoding="UTF-8"?><exam><id>20181102130809</id><questions><instructions><![CDATA[一、单项选择题]]></instructions><question><type>1</type><format>text</format><desc><![CDATA[1.常用于治疗军团菌、支原体、衣原体的药物是]]></desc><options><option><id>A</id><type>text</type><desc><![CDATA[磺胺类类抗菌药]]></desc></option><option><id>B</id><type>text</type><desc><![CDATA[氨基糖苷类抗生素]]></desc></option><option><id>C</id><type>text</type><desc><![CDATA[四环素类抗生素]]></desc></option><option><id>D</id><type>text</type><desc><![CDATA[大环内酯类抗生素]]></desc></option><option><id>E</id><type>text</type><desc><![CDATA[头孢菌素类抗生素]]></desc></option></options><answers><![CDATA[D]]></answers></question><question><type>1</type><format>text</format><desc><![CDATA[2.治疗军团菌病的首选药物是]]></desc><options><option><id>A</id><type>text</type><desc><![CDATA[青霉素G]]></desc></option><option><id>B</id><type>text</type><desc><![CDATA[红霉素]]></desc></option><option><id>C</id><type>text</type><desc><![CDATA[四环素]]></desc></option><option><id>D</id><type>text</type><desc><![CDATA[氯霉素]]></desc></option><option><id>E</id><type>text</type><desc><![CDATA[头孢唑林]]></desc></option></options><answers><![CDATA[B]]></answers></question><question><type>1</type><format>text</format><desc><![CDATA[3.大环内酯类抗生素的作用机制是]]></desc><options><option><id>A</id><type>text</type><desc><![CDATA[抑制细菌细胞壁合成]]></desc></option><option><id>B</id><type>text</type><desc><![CDATA[抑制细菌DNA合成]]></desc></option><option><id>C</id><type>text</type><desc><![CDATA[抑制细菌蛋白质合成]]></desc></option><option><id>D</id><type>text</type><desc><![CDATA[增加细菌细胞膜的通透性]]></desc></option><option><id>E</id><type>text</type><desc><![CDATA[抑制叶酸的代谢]]></desc></option></options><answers><![CDATA[C]]></answers></question><question><type>1</type><format>text</format><desc><![CDATA[4.治疗小儿支原体肺炎首选的抗生素是]]></desc><options><option><id>A</id><type>text</type><desc><![CDATA[庆大霉素]]></desc></option><option><id>B</id><type>text</type><desc><![CDATA[氨苄青霉素]]></desc></option><option><id>C</id><type>text</type><desc><![CDATA[头孢噻肟]]></desc></option><option><id>D</id><type>text</type><desc><![CDATA[青霉素]]></desc></option><option><id>E</id><type>text</type><desc><![CDATA[红霉素]]></desc></option></options><answers><![CDATA[E]]></answers></question><question><type>1</type><format>html</format><desc><![CDATA[5.下列<u><b>不属于</b></u>大环内脂类药物的是]]></desc><options><option><id>A</id><type>text</type><desc><![CDATA[克拉霉素]]></desc></option><option><id>B</id><type>text</type><desc><![CDATA[阿奇霉素]]></desc></option><option><id>C</id><type>text</type><desc><![CDATA[罗红霉素]]></desc></option><option><id>D</id><type>text</type><desc><![CDATA[林可霉素]]></desc></option><option><id>E</id><type>text</type><desc><![CDATA[乙酰螺旋霉素]]></desc></option></options><answers><![CDATA[D]]></answers></question><question><type>1</type><format>text</format><desc><![CDATA[6.下列半衰期最长的大环内酯类药物是]]></desc><options><option><id>A</id><type>text</type><desc><![CDATA[红霉素]]></desc></option><option><id>B</id><type>text</type><desc><![CDATA[罗红霉素]]></desc></option><option><id>C</id><type>text</type><desc><![CDATA[地红霉素]]></desc></option><option><id>D</id><type>text</type><desc><![CDATA[克拉霉素]]></desc></option><option><id>E</id><type>text</type><desc><![CDATA[阿奇霉素]]></desc></option></options><answers><![CDATA[E]]></answers></question><question><type>1</type><format>text</format><desc><![CDATA[7.容易导致“假膜性肠炎”的药物是]]></desc><options><option><id>A</id><type>text</type><desc><![CDATA[红霉素]]></desc></option><option><id>B</id><type>text</type><desc><![CDATA[庆大霉素]]></desc></option><option><id>C</id><type>text</type><desc><![CDATA[万古霉素]]></desc></option><option><id>D</id><type>text</type><desc><![CDATA[林可霉素]]></desc></option><option><id>E</id><type>text</type><desc><![CDATA[青霉素G]]></desc></option></options><answers><![CDATA[D]]></answers></question><question><type>1</type><format>text</format><desc><![CDATA[8.关于万古霉素的特点说法正确的是]]></desc><options><option><id>A</id><type>text</type><desc><![CDATA[对革兰阳性菌有强大的杀灭作用]]></desc></option><option><id>B</id><type>text</type><desc><![CDATA[通过抑制细菌蛋白质的合成而杀菌]]></desc></option><option><id>C</id><type>text</type><desc><![CDATA[基本没有耳毒性和肾毒性]]></desc></option><option><id>D</id><type>text</type><desc><![CDATA[与其他抗生素有交叉耐药性]]></desc></option><option><id>E</id><type>text</type><desc><![CDATA[治疗伤寒有良效]]></desc></option></options><answers><![CDATA[A]]></answers></question><question><type>1</type><format>text</format><desc><![CDATA[9.治疗金葡菌引起的骨髓炎，首选药是]]></desc><options><option><id>A</id><type>text</type><desc><![CDATA[链霉素]]></desc></option><option><id>B</id><type>text</type><desc><![CDATA[庆大霉素]]></desc></option><option><id>C</id><type>text</type><desc><![CDATA[四环素]]></desc></option><option><id>D</id><type>text</type><desc><![CDATA[林可霉素]]></desc></option><option><id>E</id><type>text</type><desc><![CDATA[多黏菌素]]></desc></option></options><answers><![CDATA[D]]></answers></question><question><type>1</type><format>html</format><desc><![CDATA[10.以下叙述<u><b>不正确</b></u>的是]]></desc><options><option><id>A</id><type>text</type><desc><![CDATA[林可霉素的抗菌机制是抑制细菌蛋白质合成]]></desc></option><option><id>B</id><type>text</type><desc><![CDATA[林可霉素与红霉素合用可提高抗菌活性]]></desc></option><option><id>C</id><type>text</type><desc><![CDATA[克林霉素较林可霉素抗菌作用强，且毒性较小]]></desc></option><option><id>D</id><type>text</type><desc><![CDATA[林可霉素和克林霉素均对厌氧菌有较强的抗菌作用]]></desc></option><option><id>E</id><type>text</type><desc><![CDATA[对于林可霉素引起的假膜性肠炎，可用万古霉素或甲硝唑治疗]]></desc></option></options><answers><![CDATA[B]]></answers></question><question><type>1</type><format>html</format><desc><![CDATA[11.关于多黏菌素的特点叙述<u><b>不正确</b></u>的是]]></desc><options><option><id>A</id><type>text</type><desc><![CDATA[属窄谱杀菌药，仅对革兰阴性菌有效]]></desc></option><option><id>B</id><type>text</type><desc><![CDATA[抗菌机制是作用于细菌胞浆膜，使膜的通透性增加]]></desc></option><option><id>C</id><type>text</type><desc><![CDATA[毒性较大，多为局部用药]]></desc></option><option><id>D</id><type>text</type><desc><![CDATA[主要毒性为肾损害和神经系统毒性]]></desc></option><option><id>E</id><type>text</type><desc><![CDATA[与氨基糖苷类抗生素合用可减轻不良反应]]></desc></option></options><answers><![CDATA[E]]></answers></question><question><type>1</type><format>html</format><desc><![CDATA[12.关于磷霉素的特点叙述<u><b>不正确</b></u>的是]]></desc><options><option><id>A</id><type>text</type><desc><![CDATA[属广谱杀菌药]]></desc></option><option><id>B</id><type>text</type><desc><![CDATA[抗菌机制是抑制细菌细胞壁的早期合成]]></desc></option><option><id>C</id><type>text</type><desc><![CDATA[抗菌活性较青霉素类和头孢菌素类强]]></desc></option><option><id>D</id><type>text</type><desc><![CDATA[与β内酰胺类或氨基糖苷类合用可提高抗菌效果]]></desc></option><option><id>E</id><type>text</type><desc><![CDATA[不良反应较轻]]></desc></option></options><answers><![CDATA[C]]></answers></question><question><type>1</type><format>text</format><desc><![CDATA[13.患儿，男性，6岁。高热，呼吸困难，双肺有广泛小水泡音，结合辅助检查诊断为支气管肺炎，青霉素皮试阳性，宜选用]]></desc><options><option><id>A</id><type>text</type><desc><![CDATA[氯霉素]]></desc></option><option><id>B</id><type>text</type><desc><![CDATA[四环素]]></desc></option><option><id>C</id><type>text</type><desc><![CDATA[头孢唑啉]]></desc></option><option><id>D</id><type>text</type><desc><![CDATA[磺胺嘧啶]]></desc></option><option><id>E</id><type>text</type><desc><![CDATA[红霉素]]></desc></option></options><answers><![CDATA[E]]></answers></question><question><type>1</type><format>text</format><desc><![CDATA[14.病人，男性，20岁。阵发性刺激性咳嗽2周，伴胸痛。口服止咳药和头孢拉定5天，仍无明显缓解。经检查，疑为肺炎支原体感染，可改用的抗生素是]]></desc><options><option><id>A</id><type>text</type><desc><![CDATA[氯霉素]]></desc></option><option><id>B</id><type>text</type><desc><![CDATA[头孢曲松]]></desc></option><option><id>C</id><type>text</type><desc><![CDATA[阿奇霉素]]></desc></option><option><id>D</id><type>text</type><desc><![CDATA[林可霉素]]></desc></option><option><id>E</id><type>text</type><desc><![CDATA[多黏菌素]]></desc></option></options><answers><![CDATA[C]]></answers></question></questions></exam>