﻿<?xml version="1.0" encoding="UTF-8"?><exam><id>20181102125019</id><questions><instructions><![CDATA[一、单项选择题]]></instructions><question><type>1</type><format>text</format><desc><![CDATA[1.能吸附大量毒物、气体的止泻药是]]></desc><options><option><id>A</id><type>text</type><desc><![CDATA[药用炭]]></desc></option><option><id>B</id><type>text</type><desc><![CDATA[阿片制剂]]></desc></option><option><id>C</id><type>text</type><desc><![CDATA[地芬诺酯]]></desc></option><option><id>D</id><type>text</type><desc><![CDATA[次碳酸铋]]></desc></option><option><id>E</id><type>text</type><desc><![CDATA[鞣酸蛋白]]></desc></option></options><answers><![CDATA[A]]></answers></question><question><type>1</type><format>text</format><desc><![CDATA[2.对溃疡面有收敛、保护作用的抗酸药物是]]></desc><options><option><id>A</id><type>text</type><desc><![CDATA[氢氧化镁]]></desc></option><option><id>B</id><type>text</type><desc><![CDATA[碳酸钙]]></desc></option><option><id>C</id><type>text</type><desc><![CDATA[三硅酸镁]]></desc></option><option><id>D</id><type>text</type><desc><![CDATA[氢氧化铝]]></desc></option><option><id>E</id><type>text</type><desc><![CDATA[碳酸氢钠]]></desc></option></options><answers><![CDATA[D]]></answers></question><question><type>1</type><format>text</format><desc><![CDATA[3.雷尼替丁抑制胃酸分泌的机制是]]></desc><options><option><id>A</id><type>text</type><desc><![CDATA[阻滞M受体]]></desc></option><option><id>B</id><type>text</type><desc><![CDATA[阻滞H<sub>2</sub>受体]]></desc></option><option><id>C</id><type>text</type><desc><![CDATA[阻滞H<sub>1</sub>受体]]></desc></option><option><id>D</id><type>text</type><desc><![CDATA[保护胃黏膜]]></desc></option><option><id>E</id><type>text</type><desc><![CDATA[中和胃酸]]></desc></option></options><answers><![CDATA[B]]></answers></question><question><type>1</type><format>html</format><desc><![CDATA[4.能选择性阻滞M<sub>1</sub>受体、抑制胃酸分泌的药物是]]></desc><options><option><id>A</id><type>text</type><desc><![CDATA[阿托品]]></desc></option><option><id>B</id><type>text</type><desc><![CDATA[哌仑西平]]></desc></option><option><id>C</id><type>text</type><desc><![CDATA[丙谷胺]]></desc></option><option><id>D</id><type>text</type><desc><![CDATA[西咪替丁]]></desc></option><option><id>E</id><type>text</type><desc><![CDATA[奥美拉唑]]></desc></option></options><answers><![CDATA[B]]></answers></question><question><type>1</type><format>html</format><desc><![CDATA[5.有关硫糖铝的叙述<u><b>错误</b></u>的是]]></desc><options><option><id>A</id><type>text</type><desc><![CDATA[pH＜4时，可聚合成胶胨状]]></desc></option><option><id>B</id><type>text</type><desc><![CDATA[聚合物可附着于黏膜和溃疡面]]></desc></option><option><id>C</id><type>text</type><desc><![CDATA[能直接与胃蛋白酶结合]]></desc></option><option><id>D</id><type>text</type><desc><![CDATA[减少胃黏液和碳酸氢盐的分泌]]></desc></option><option><id>E</id><type>text</type><desc><![CDATA[促进黏膜上皮细胞的更新]]></desc></option></options><answers><![CDATA[D]]></answers></question><question><type>1</type><format>text</format><desc><![CDATA[6.牛奶、抗酸药可干扰其作用的药物是]]></desc><options><option><id>A</id><type>text</type><desc><![CDATA[哌仑西平]]></desc></option><option><id>B</id><type>text</type><desc><![CDATA[丙谷胺]]></desc></option><option><id>C</id><type>text</type><desc><![CDATA[法莫替丁]]></desc></option><option><id>D</id><type>text</type><desc><![CDATA[奥美拉唑]]></desc></option><option><id>E</id><type>text</type><desc><![CDATA[枸橼酸铋钾]]></desc></option></options><answers><![CDATA[E]]></answers></question><question><type>1</type><format>text</format><desc><![CDATA[7.易造成流产的胃黏膜保护药是]]></desc><options><option><id>A</id><type>text</type><desc><![CDATA[米索前列醇]]></desc></option><option><id>B</id><type>text</type><desc><![CDATA[硫糖铝]]></desc></option><option><id>C</id><type>text</type><desc><![CDATA[奥美拉唑]]></desc></option><option><id>D</id><type>text</type><desc><![CDATA[胶体碱式枸橼酸铋]]></desc></option><option><id>E</id><type>text</type><desc><![CDATA[雷尼替丁]]></desc></option></options><answers><![CDATA[A]]></answers></question><question><type>1</type><format>text</format><desc><![CDATA[8.能引起腹泻的抗酸药是]]></desc><options><option><id>A</id><type>text</type><desc><![CDATA[硫酸镁]]></desc></option><option><id>B</id><type>text</type><desc><![CDATA[氢氧化镁]]></desc></option><option><id>C</id><type>text</type><desc><![CDATA[硫酸钠]]></desc></option><option><id>D</id><type>text</type><desc><![CDATA[枸橼酸铋]]></desc></option><option><id>E</id><type>text</type><desc><![CDATA[碳酸氢钠]]></desc></option></options><answers><![CDATA[B]]></answers></question><question><type>1</type><format>text</format><desc><![CDATA[9.能引起便秘的抗酸药是]]></desc><options><option><id>A</id><type>text</type><desc><![CDATA[氢氧化铝]]></desc></option><option><id>B</id><type>text</type><desc><![CDATA[乳果糖]]></desc></option><option><id>C</id><type>text</type><desc><![CDATA[三硅酸镁]]></desc></option><option><id>D</id><type>text</type><desc><![CDATA[碳酸氢钠]]></desc></option><option><id>E</id><type>text</type><desc><![CDATA[硫酸镁]]></desc></option></options><answers><![CDATA[A]]></answers></question></questions><questions><instructions><![CDATA[二、共用题干选择题]]></instructions><question><type>3</type><format>text</format><desc><![CDATA[1.病人，女性，第一胎，孕38周，患妊娠高血压疾病（重度）已临产，宫缩痛时出现抽搐。]]></desc><children><question><type>3</type><format>text</format><desc><![CDATA[（1）应用下列哪种药物可控制病人的抽搐]]></desc><options><option><id>A</id><type>text</type><desc><![CDATA[葡萄糖酸钙]]></desc></option><option><id>B</id><type>text</type><desc><![CDATA[葡萄糖酸锌]]></desc></option><option><id>C</id><type>text</type><desc><![CDATA[硝普钠]]></desc></option><option><id>D</id><type>text</type><desc><![CDATA[硫酸镁]]></desc></option><option><id>E</id><type>text</type><desc><![CDATA[哌唑嗪]]></desc></option></options><answers><![CDATA[D]]></answers></question><question><type>3</type><format>text</format><desc><![CDATA[（2）在静脉滴注上述药物的过程中，病人的血压急剧下降、呼吸抑制，应用下列哪种药物解救]]></desc><options><option><id>A</id><type>text</type><desc><![CDATA[钠盐]]></desc></option><option><id>B</id><type>text</type><desc><![CDATA[钙盐]]></desc></option><option><id>C</id><type>text</type><desc><![CDATA[钾盐]]></desc></option><option><id>D</id><type>text</type><desc><![CDATA[铁剂]]></desc></option><option><id>E</id><type>text</type><desc><![CDATA[肾上腺素]]></desc></option></options><answers><![CDATA[B]]></answers></question></children></question></questions></exam>