﻿<?xml version="1.0" encoding="UTF-8"?><exam><id>20181102133134</id><questions><instructions><![CDATA[一、单项选择题]]></instructions><question><type>1</type><format>text</format><desc><![CDATA[1.主要作用于S期的抗癌药是]]></desc><options><option><id>A</id><type>text</type><desc><![CDATA[烷化剂]]></desc></option><option><id>B</id><type>text</type><desc><![CDATA[抗癌抗生素]]></desc></option><option><id>C</id><type>text</type><desc><![CDATA[抗代谢药]]></desc></option><option><id>D</id><type>text</type><desc><![CDATA[长春碱类]]></desc></option><option><id>E</id><type>text</type><desc><![CDATA[阿霉素]]></desc></option></options><answers><![CDATA[C]]></answers></question><question><type>1</type><format>text</format><desc><![CDATA[2.放线菌素D主要用于]]></desc><options><option><id>A</id><type>text</type><desc><![CDATA[治疗阴性杆菌感染]]></desc></option><option><id>B</id><type>text</type><desc><![CDATA[真菌感染]]></desc></option><option><id>C</id><type>text</type><desc><![CDATA[绿脓杆菌感染]]></desc></option><option><id>D</id><type>text</type><desc><![CDATA[恶性肿瘤]]></desc></option><option><id>E</id><type>text</type><desc><![CDATA[放线菌病]]></desc></option></options><answers><![CDATA[D]]></answers></question><question><type>1</type><format>text</format><desc><![CDATA[3.为了减轻甲氨蝶呤的毒性反应，用的救援剂是]]></desc><options><option><id>A</id><type>text</type><desc><![CDATA[叶酸]]></desc></option><option><id>B</id><type>text</type><desc><![CDATA[维生素B<sub>12</sub>]]></desc></option><option><id>C</id><type>text</type><desc><![CDATA[维生素C]]></desc></option><option><id>D</id><type>text</type><desc><![CDATA[亚叶酸钙]]></desc></option><option><id>E</id><type>text</type><desc><![CDATA[铁剂]]></desc></option></options><answers><![CDATA[D]]></answers></question><question><type>1</type><format>text</format><desc><![CDATA[4.自消安最适用于]]></desc><options><option><id>A</id><type>text</type><desc><![CDATA[急性淋巴细胞性白血病]]></desc></option><option><id>B</id><type>text</type><desc><![CDATA[急性粒细胞性白血病]]></desc></option><option><id>C</id><type>text</type><desc><![CDATA[慢性粒细胞性白血病]]></desc></option><option><id>D</id><type>text</type><desc><![CDATA[慢性淋巴细胞性白血病]]></desc></option><option><id>E</id><type>text</type><desc><![CDATA[急性白血病]]></desc></option></options><answers><![CDATA[C]]></answers></question><question><type>1</type><format>text</format><desc><![CDATA[5.干扰纺锤丝微管蛋白合成，使细胞分裂停止的药物是]]></desc><options><option><id>A</id><type>text</type><desc><![CDATA[甲氨蝶呤]]></desc></option><option><id>B</id><type>text</type><desc><![CDATA[放线菌素D]]></desc></option><option><id>C</id><type>text</type><desc><![CDATA[阿糖胞苷]]></desc></option><option><id>D</id><type>text</type><desc><![CDATA[长春碱]]></desc></option><option><id>E</id><type>text</type><desc><![CDATA[氟尿嘧啶]]></desc></option></options><answers><![CDATA[D]]></answers></question><question><type>1</type><format>text</format><desc><![CDATA[6.甲氨蝶呤抗肿瘤的主要机制是]]></desc><options><option><id>A</id><type>text</type><desc><![CDATA[抑制肿瘤细胞的蛋白质合成]]></desc></option><option><id>B</id><type>text</type><desc><![CDATA[抑制二氢叶酸还原酶]]></desc></option><option><id>C</id><type>text</type><desc><![CDATA[阻碍了肿瘤细胞的嘌呤合成代谢]]></desc></option><option><id>D</id><type>text</type><desc><![CDATA[干扰肿瘤细胞的RNA转录]]></desc></option><option><id>E</id><type>text</type><desc><![CDATA[直接破坏DNA]]></desc></option></options><answers><![CDATA[B]]></answers></question><question><type>1</type><format>text</format><desc><![CDATA[7.环磷酰胺疗效显著的恶性肿瘤是]]></desc><options><option><id>A</id><type>text</type><desc><![CDATA[恶性淋巴瘤]]></desc></option><option><id>B</id><type>text</type><desc><![CDATA[多发性骨髓瘤]]></desc></option><option><id>C</id><type>text</type><desc><![CDATA[乳腺癌]]></desc></option><option><id>D</id><type>text</type><desc><![CDATA[卵巢癌]]></desc></option><option><id>E</id><type>text</type><desc><![CDATA[肺癌]]></desc></option></options><answers><![CDATA[A]]></answers></question><question><type>1</type><format>text</format><desc><![CDATA[8.博来霉素引起的最严重不良反应是]]></desc><options><option><id>A</id><type>text</type><desc><![CDATA[骨髓抑制]]></desc></option><option><id>B</id><type>text</type><desc><![CDATA[心脏毒性]]></desc></option><option><id>C</id><type>text</type><desc><![CDATA[胃肠道反应]]></desc></option><option><id>D</id><type>text</type><desc><![CDATA[肺纤维化]]></desc></option><option><id>E</id><type>text</type><desc><![CDATA[肾脏损害]]></desc></option></options><answers><![CDATA[D]]></answers></question><question><type>1</type><format>html</format><desc><![CDATA[9.下列哪种药物<u><b>不属于</b></u>抗代谢药]]></desc><options><option><id>A</id><type>text</type><desc><![CDATA[巯嘌呤]]></desc></option><option><id>B</id><type>text</type><desc><![CDATA[阿糖胞苷]]></desc></option><option><id>C</id><type>text</type><desc><![CDATA[氟尿嘧啶]]></desc></option><option><id>D</id><type>text</type><desc><![CDATA[环磷酰胺]]></desc></option><option><id>E</id><type>text</type><desc><![CDATA[羟基脲]]></desc></option></options><answers><![CDATA[D]]></answers></question><question><type>1</type><format>text</format><desc><![CDATA[10.可能引起出血性膀胱炎的药物是]]></desc><options><option><id>A</id><type>text</type><desc><![CDATA[羟基脲]]></desc></option><option><id>B</id><type>text</type><desc><![CDATA[阿糖胞苷]]></desc></option><option><id>C</id><type>text</type><desc><![CDATA[阿霉素]]></desc></option><option><id>D</id><type>text</type><desc><![CDATA[放线菌素D]]></desc></option><option><id>E</id><type>text</type><desc><![CDATA[环磷酰胺]]></desc></option></options><answers><![CDATA[E]]></answers></question><question><type>1</type><format>text</format><desc><![CDATA[11.可能抑制核苷酸还原酶的药物是]]></desc><options><option><id>A</id><type>text</type><desc><![CDATA[放线菌素D]]></desc></option><option><id>B</id><type>text</type><desc><![CDATA[羟基脲]]></desc></option><option><id>C</id><type>text</type><desc><![CDATA[阿糖胞苷]]></desc></option><option><id>D</id><type>text</type><desc><![CDATA[氟尿嘧啶]]></desc></option><option><id>E</id><type>text</type><desc><![CDATA[甲氨蝶呤]]></desc></option></options><answers><![CDATA[B]]></answers></question><question><type>1</type><format>text</format><desc><![CDATA[12.对消化道肿瘤有显著疗效的药物是]]></desc><options><option><id>A</id><type>text</type><desc><![CDATA[甲氨蝶呤]]></desc></option><option><id>B</id><type>text</type><desc><![CDATA[放线菌素D]]></desc></option><option><id>C</id><type>text</type><desc><![CDATA[阿糖胞苷]]></desc></option><option><id>D</id><type>text</type><desc><![CDATA[长春碱]]></desc></option><option><id>E</id><type>text</type><desc><![CDATA[氟尿嘧啶]]></desc></option></options><answers><![CDATA[E]]></answers></question></questions></exam>