﻿<?xml version="1.0" encoding="UTF-8"?><exam><id>20181102090948</id><questions><instructions><![CDATA[一、单项选择题]]></instructions><question><type>1</type><format>html</format><desc><![CDATA[1.地西泮的药理作用<u><b>不包括</b></u>]]></desc><options><option><id>A</id><type>text</type><desc><![CDATA[抗焦虑作用]]></desc></option><option><id>B</id><type>text</type><desc><![CDATA[镇静催眠作用]]></desc></option><option><id>C</id><type>text</type><desc><![CDATA[麻醉作用]]></desc></option><option><id>D</id><type>text</type><desc><![CDATA[抗惊厥和抗癫痫作用]]></desc></option><option><id>E</id><type>text</type><desc><![CDATA[中枢性肌松作用]]></desc></option></options><answers><![CDATA[C]]></answers></question><question><type>1</type><format>html</format><desc><![CDATA[2.对地西泮叙述<u><b>错误</b></u>的是]]></desc><options><option><id>A</id><type>text</type><desc><![CDATA[口服吸收迅速而完全]]></desc></option><option><id>B</id><type>text</type><desc><![CDATA[肌注吸收慢而不规则]]></desc></option><option><id>C</id><type>text</type><desc><![CDATA[可透过胎盘屏障]]></desc></option><option><id>D</id><type>text</type><desc><![CDATA[可通过乳汁排泄]]></desc></option><option><id>E</id><type>text</type><desc><![CDATA[为迅速显效，静脉注射时速度应快]]></desc></option></options><answers><![CDATA[E]]></answers></question><question><type>1</type><format>text</format><desc><![CDATA[3.治疗癫痫持续状态宜首选]]></desc><options><option><id>A</id><type>text</type><desc><![CDATA[苯妥英钠静注]]></desc></option><option><id>B</id><type>text</type><desc><![CDATA[苯巴比妥静注]]></desc></option><option><id>C</id><type>text</type><desc><![CDATA[地西泮静注]]></desc></option><option><id>D</id><type>text</type><desc><![CDATA[水合氯醛灌肠]]></desc></option><option><id>E</id><type>text</type><desc><![CDATA[硫喷妥钠静注]]></desc></option></options><answers><![CDATA[C]]></answers></question><question><type>1</type><format>text</format><desc><![CDATA[4.苯二氮受体的拮抗剂是]]></desc><options><option><id>A</id><type>text</type><desc><![CDATA[阿托品]]></desc></option><option><id>B</id><type>text</type><desc><![CDATA[酚妥拉明]]></desc></option><option><id>C</id><type>text</type><desc><![CDATA[氟马西尼]]></desc></option><option><id>D</id><type>text</type><desc><![CDATA[美托洛尔]]></desc></option><option><id>E</id><type>text</type><desc><![CDATA[普萘洛尔]]></desc></option></options><answers><![CDATA[C]]></answers></question><question><type>1</type><format>html</format><desc><![CDATA[5.关于苯二氮类药物叙述<u><b>错误的</b></u>是]]></desc><options><option><id>A</id><type>text</type><desc><![CDATA[是目前常用的镇静催眠药]]></desc></option><option><id>B</id><type>text</type><desc><![CDATA[可治疗焦虑症]]></desc></option><option><id>C</id><type>text</type><desc><![CDATA[可用于心脏电复律前给药]]></desc></option><option><id>D</id><type>text</type><desc><![CDATA[可治疗小儿高热惊厥]]></desc></option><option><id>E</id><type>text</type><desc><![CDATA[长期应用不会产生依赖性和成瘾性]]></desc></option></options><answers><![CDATA[E]]></answers></question><question><type>1</type><format>text</format><desc><![CDATA[6.可用作静脉麻醉的巴比妥类药物是]]></desc><options><option><id>A</id><type>text</type><desc><![CDATA[苯巴比妥]]></desc></option><option><id>B</id><type>text</type><desc><![CDATA[戊巴比妥]]></desc></option><option><id>C</id><type>text</type><desc><![CDATA[异戊巴比妥]]></desc></option><option><id>D</id><type>text</type><desc><![CDATA[司可巴比妥]]></desc></option><option><id>E</id><type>text</type><desc><![CDATA[硫喷妥钠]]></desc></option></options><answers><![CDATA[E]]></answers></question><question><type>1</type><format>text</format><desc><![CDATA[7.巴比妥类药物中毒致死的主要原因是]]></desc><options><option><id>A</id><type>text</type><desc><![CDATA[肝功能损害]]></desc></option><option><id>B</id><type>text</type><desc><![CDATA[循环功能衰竭]]></desc></option><option><id>C</id><type>text</type><desc><![CDATA[呼吸中枢麻痹]]></desc></option><option><id>D</id><type>text</type><desc><![CDATA[麻醉作用]]></desc></option><option><id>E</id><type>text</type><desc><![CDATA[肾功能衰竭]]></desc></option></options><answers><![CDATA[C]]></answers></question><question><type>1</type><format>text</format><desc><![CDATA[8.苯巴比妥钠急性中毒时，为加速其从肾脏排泄，应采取的措施是]]></desc><options><option><id>A</id><type>text</type><desc><![CDATA[静脉滴注生理盐水]]></desc></option><option><id>B</id><type>text</type><desc><![CDATA[静脉滴注5％葡萄糖溶液]]></desc></option><option><id>C</id><type>text</type><desc><![CDATA[静脉滴注碳酸氢钠溶液]]></desc></option><option><id>D</id><type>text</type><desc><![CDATA[静脉滴注低分子右旋糖酐]]></desc></option><option><id>E</id><type>text</type><desc><![CDATA[静脉滴注甘露醇]]></desc></option></options><answers><![CDATA[C]]></answers></question><question><type>1</type><format>text</format><desc><![CDATA[9.病人，男性，4岁。1年来发生多次癫痫大发作，近2天因发作频繁，发作间隙持续昏迷而入院。诊断为：癫痫持续状态。首选的治疗药是]]></desc><options><option><id>A</id><type>text</type><desc><![CDATA[地西泮]]></desc></option><option><id>B</id><type>text</type><desc><![CDATA[氟西泮]]></desc></option><option><id>C</id><type>text</type><desc><![CDATA[奥沙西泮]]></desc></option><option><id>D</id><type>text</type><desc><![CDATA[艾司唑仑]]></desc></option><option><id>E</id><type>text</type><desc><![CDATA[三唑仑]]></desc></option></options><answers><![CDATA[A]]></answers></question><question><type>1</type><format>text</format><desc><![CDATA[10.病人，女性，18岁。近2年经常无原因出现紧张、坐立不安、心悸、手抖等症状，近1周加重来就诊，诊断为焦虑症。首选的治疗药是]]></desc><options><option><id>A</id><type>text</type><desc><![CDATA[苯巴比妥]]></desc></option><option><id>B</id><type>text</type><desc><![CDATA[硫喷妥钠]]></desc></option><option><id>C</id><type>text</type><desc><![CDATA[地西泮]]></desc></option><option><id>D</id><type>text</type><desc><![CDATA[佐匹克隆]]></desc></option><option><id>E</id><type>text</type><desc><![CDATA[水合氯醛]]></desc></option></options><answers><![CDATA[C]]></answers></question></questions></exam>