﻿<?xml version="1.0" encoding="UTF-8"?><exam><id>20181102133345</id><questions><instructions><![CDATA[一、单项选择题]]></instructions><question><type>1</type><format>text</format><desc><![CDATA[1.环孢素主要作用于]]></desc><options><option><id>A</id><type>text</type><desc><![CDATA[B细胞]]></desc></option><option><id>B</id><type>text</type><desc><![CDATA[T细胞]]></desc></option><option><id>C</id><type>text</type><desc><![CDATA[NK细胞]]></desc></option><option><id>D</id><type>text</type><desc><![CDATA[补体细胞]]></desc></option><option><id>E</id><type>text</type><desc><![CDATA[巨噬细胞]]></desc></option></options><answers><![CDATA[B]]></answers></question><question><type>1</type><format>text</format><desc><![CDATA[2.硫唑嘌呤的主要临床应用是]]></desc><options><option><id>A</id><type>text</type><desc><![CDATA[肺移植]]></desc></option><option><id>B</id><type>text</type><desc><![CDATA[血小板减少性紫癜]]></desc></option><option><id>C</id><type>text</type><desc><![CDATA[免疫缺陷性疾病]]></desc></option><option><id>D</id><type>text</type><desc><![CDATA[肾移植]]></desc></option><option><id>E</id><type>text</type><desc><![CDATA[白血病]]></desc></option></options><answers><![CDATA[D]]></answers></question><question><type>1</type><format>text</format><desc><![CDATA[3.具有广谱抗病毒作用的免疫增强剂是]]></desc><options><option><id>A</id><type>text</type><desc><![CDATA[胸腺素]]></desc></option><option><id>B</id><type>text</type><desc><![CDATA[左旋咪唑]]></desc></option><option><id>C</id><type>text</type><desc><![CDATA[卡介苗]]></desc></option><option><id>D</id><type>text</type><desc><![CDATA[转移因子]]></desc></option><option><id>E</id><type>text</type><desc><![CDATA[干扰素]]></desc></option></options><answers><![CDATA[E]]></answers></question><question><type>1</type><format>html</format><desc><![CDATA[4.下列<u><b>不属于</b></u>免疫抑制药的是]]></desc><options><option><id>A</id><type>text</type><desc><![CDATA[环孢素]]></desc></option><option><id>B</id><type>text</type><desc><![CDATA[雷公藤总苷]]></desc></option><option><id>C</id><type>text</type><desc><![CDATA[硫唑嘌呤]]></desc></option><option><id>D</id><type>text</type><desc><![CDATA[转移因子]]></desc></option><option><id>E</id><type>text</type><desc><![CDATA[西罗莫司]]></desc></option></options><answers><![CDATA[D]]></answers></question><question><type>1</type><format>html</format><desc><![CDATA[5.下列<u><b>不属于</b></u>免疫增强剂的是]]></desc><options><option><id>A</id><type>text</type><desc><![CDATA[胸腺肽]]></desc></option><option><id>B</id><type>text</type><desc><![CDATA[异丙肌苷]]></desc></option><option><id>C</id><type>text</type><desc><![CDATA[左旋咪唑]]></desc></option><option><id>D</id><type>text</type><desc><![CDATA[硫唑嘌呤]]></desc></option><option><id>E</id><type>text</type><desc><![CDATA[转移因子]]></desc></option></options><answers><![CDATA[D]]></answers></question></questions></exam>