﻿<?xml version="1.0" encoding="UTF-8"?><exam><id>20181102110450</id><questions><instructions><![CDATA[一、单项选择题]]></instructions><question><type>1</type><format>text</format><desc><![CDATA[1.卡托普利是通过]]></desc><options><option><id>A</id><type>text</type><desc><![CDATA[利尿降压]]></desc></option><option><id>B</id><type>text</type><desc><![CDATA[血管扩张降压]]></desc></option><option><id>C</id><type>text</type><desc><![CDATA[钙拮抗降压]]></desc></option><option><id>D</id><type>text</type><desc><![CDATA[抑制血管紧张素I转化酶降压]]></desc></option><option><id>E</id><type>text</type><desc><![CDATA[α受体阻断降压]]></desc></option></options><answers><![CDATA[D]]></answers></question><question><type>1</type><format>html</format><desc><![CDATA[2.有关血管紧张素I转化酶抑制药(ACEI)的叙述，<u><b>错误</b></u>的是]]></desc><options><option><id>A</id><type>text</type><desc><![CDATA[可减少血管紧张素Ⅱ的生成]]></desc></option><option><id>B</id><type>text</type><desc><![CDATA[可抑制缓激肽降解]]></desc></option><option><id>C</id><type>text</type><desc><![CDATA[可减轻心室重构]]></desc></option><option><id>D</id><type>text</type><desc><![CDATA[增强醛固酮的生成]]></desc></option><option><id>E</id><type>text</type><desc><![CDATA[可降低心脏前、后负荷]]></desc></option></options><answers><![CDATA[D]]></answers></question><question><type>1</type><format>text</format><desc><![CDATA[3.请选出ACEI类药物]]></desc><options><option><id>A</id><type>text</type><desc><![CDATA[Nifedipine]]></desc></option><option><id>B</id><type>text</type><desc><![CDATA[Propranolol]]></desc></option><option><id>C</id><type>text</type><desc><![CDATA[Captopril]]></desc></option><option><id>D</id><type>text</type><desc><![CDATA[Amiodarone]]></desc></option><option><id>E</id><type>text</type><desc><![CDATA[Lidocaine]]></desc></option></options><answers><![CDATA[C]]></answers></question><question><type>1</type><format>text</format><desc><![CDATA[4.长期使用血管紧张素I转化酶抑制药（ACEI）最常见的副作用是]]></desc><options><option><id>A</id><type>text</type><desc><![CDATA[水钠潴留]]></desc></option><option><id>B</id><type>text</type><desc><![CDATA[心动过速]]></desc></option><option><id>C</id><type>text</type><desc><![CDATA[头痛]]></desc></option><option><id>D</id><type>text</type><desc><![CDATA[咳嗽]]></desc></option><option><id>E</id><type>text</type><desc><![CDATA[腹泻]]></desc></option></options><answers><![CDATA[D]]></answers></question><question><type>1</type><format>text</format><desc><![CDATA[5.高血压病人合并左心室肥厚的病人，最宜服用的药物是]]></desc><options><option><id>A</id><type>text</type><desc><![CDATA[钙拮抗剂]]></desc></option><option><id>B</id><type>text</type><desc><![CDATA[利尿药]]></desc></option><option><id>C</id><type>text</type><desc><![CDATA[神经节阻断药]]></desc></option><option><id>D</id><type>text</type><desc><![CDATA[中枢性降压药]]></desc></option><option><id>E</id><type>text</type><desc><![CDATA[血管紧张素I转换酶抑制剂]]></desc></option></options><answers><![CDATA[E]]></answers></question><question><type>1</type><format>text</format><desc><![CDATA[6.卡托普利（巯甲丙脯酸）的抗高血压作用机制是]]></desc><options><option><id>A</id><type>text</type><desc><![CDATA[抑制肾素活性]]></desc></option><option><id>B</id><type>text</type><desc><![CDATA[抑制血管紧张素I转换酶活性]]></desc></option><option><id>C</id><type>text</type><desc><![CDATA[抑制血管紧张素I的生成]]></desc></option><option><id>D</id><type>text</type><desc><![CDATA[抑制β-羟化酶的活性]]></desc></option><option><id>E</id><type>text</type><desc><![CDATA[阻滞血管紧张素Ⅱ受体]]></desc></option></options><answers><![CDATA[B]]></answers></question><question><type>1</type><format>html</format><desc><![CDATA[7.请选出AT<sub>1</sub>受体拮抗剂]]></desc><options><option><id>A</id><type>text</type><desc><![CDATA[氢氯噻嗪]]></desc></option><option><id>B</id><type>text</type><desc><![CDATA[卡托普利]]></desc></option><option><id>C</id><type>text</type><desc><![CDATA[普萘洛尔]]></desc></option><option><id>D</id><type>text</type><desc><![CDATA[硝苯地平]]></desc></option><option><id>E</id><type>text</type><desc><![CDATA[氯沙坦]]></desc></option></options><answers><![CDATA[E]]></answers></question><question><type>1</type><format>text</format><desc><![CDATA[8.特异地抑制血管紧张素I转化酶的药物]]></desc><options><option><id>A</id><type>text</type><desc><![CDATA[可乐定]]></desc></option><option><id>B</id><type>text</type><desc><![CDATA[美加明]]></desc></option><option><id>C</id><type>text</type><desc><![CDATA[利血平]]></desc></option><option><id>D</id><type>text</type><desc><![CDATA[卡托普利]]></desc></option><option><id>E</id><type>text</type><desc><![CDATA[氢氯噻嗪]]></desc></option></options><answers><![CDATA[D]]></answers></question><question><type>1</type><format>text</format><desc><![CDATA[9.具有中枢性降压作用的药物]]></desc><options><option><id>A</id><type>text</type><desc><![CDATA[可乐定]]></desc></option><option><id>B</id><type>text</type><desc><![CDATA[美加明]]></desc></option><option><id>C</id><type>text</type><desc><![CDATA[利血平]]></desc></option><option><id>D</id><type>text</type><desc><![CDATA[卡托普利]]></desc></option><option><id>E</id><type>text</type><desc><![CDATA[氢氯噻嗪]]></desc></option></options><answers><![CDATA[A]]></answers></question><question><type>1</type><format>html</format><desc><![CDATA[10.可阻滞自主神经节上N<sub>l</sub>受体的药物]]></desc><options><option><id>A</id><type>text</type><desc><![CDATA[可乐定]]></desc></option><option><id>B</id><type>text</type><desc><![CDATA[美加明]]></desc></option><option><id>C</id><type>text</type><desc><![CDATA[利血平]]></desc></option><option><id>D</id><type>text</type><desc><![CDATA[卡托普利]]></desc></option><option><id>E</id><type>text</type><desc><![CDATA[氢氯噻嗪]]></desc></option></options><answers><![CDATA[B]]></answers></question><question><type>1</type><format>text</format><desc><![CDATA[11.可耗竭肾上腺素能神经末梢递质的药物]]></desc><options><option><id>A</id><type>text</type><desc><![CDATA[可乐定]]></desc></option><option><id>B</id><type>text</type><desc><![CDATA[美加明]]></desc></option><option><id>C</id><type>text</type><desc><![CDATA[利血平]]></desc></option><option><id>D</id><type>text</type><desc><![CDATA[卡托普利]]></desc></option><option><id>E</id><type>text</type><desc><![CDATA[氢氯噻嗪]]></desc></option></options><answers><![CDATA[C]]></answers></question><question><type>1</type><format>text</format><desc><![CDATA[12.具有利尿降压作用的药物是]]></desc><options><option><id>A</id><type>text</type><desc><![CDATA[可乐定]]></desc></option><option><id>B</id><type>text</type><desc><![CDATA[美加明]]></desc></option><option><id>C</id><type>text</type><desc><![CDATA[利血平]]></desc></option><option><id>D</id><type>text</type><desc><![CDATA[卡托普利]]></desc></option><option><id>E</id><type>text</type><desc><![CDATA[氢氯噻嗪]]></desc></option></options><answers><![CDATA[E]]></answers></question><question><type>1</type><format>text</format><desc><![CDATA[13.卡托普利可以特异性抑制的酶是]]></desc><options><option><id>A</id><type>text</type><desc><![CDATA[单胺氧化酶]]></desc></option><option><id>B</id><type>text</type><desc><![CDATA[胆碱酯酶]]></desc></option><option><id>C</id><type>text</type><desc><![CDATA[甲状腺过氧化物酶]]></desc></option><option><id>D</id><type>text</type><desc><![CDATA[粘肽代谢酶]]></desc></option><option><id>E</id><type>text</type><desc><![CDATA[血管紧张素I转化酶]]></desc></option></options><answers><![CDATA[E]]></answers></question><question><type>1</type><format>text</format><desc><![CDATA[14.硝普钠主要用于]]></desc><options><option><id>A</id><type>text</type><desc><![CDATA[高血压危象]]></desc></option><option><id>B</id><type>text</type><desc><![CDATA[中度高血压伴肾功能不全]]></desc></option><option><id>C</id><type>text</type><desc><![CDATA[重度高血压]]></desc></option><option><id>D</id><type>text</type><desc><![CDATA[轻、中度高血压]]></desc></option><option><id>E</id><type>text</type><desc><![CDATA[中、重度高血压]]></desc></option></options><answers><![CDATA[A]]></answers></question><question><type>1</type><format>text</format><desc><![CDATA[15.轻度高血压病人可首选]]></desc><options><option><id>A</id><type>text</type><desc><![CDATA[血管紧张素I转换酶抑制剂]]></desc></option><option><id>B</id><type>text</type><desc><![CDATA[β受体阻断剂]]></desc></option><option><id>C</id><type>text</type><desc><![CDATA[利尿药]]></desc></option><option><id>D</id><type>text</type><desc><![CDATA[钙拮抗剂]]></desc></option><option><id>E</id><type>text</type><desc><![CDATA[中抠性降压药]]></desc></option></options><answers><![CDATA[C]]></answers></question><question><type>1</type><format>text</format><desc><![CDATA[16.有可能诱发心绞痛的降压药是]]></desc><options><option><id>A</id><type>text</type><desc><![CDATA[肼苯哒嗪]]></desc></option><option><id>B</id><type>text</type><desc><![CDATA[利血平]]></desc></option><option><id>C</id><type>text</type><desc><![CDATA[哌唑嗪]]></desc></option><option><id>D</id><type>text</type><desc><![CDATA[可乐定]]></desc></option><option><id>E</id><type>text</type><desc><![CDATA[普萘洛尔]]></desc></option></options><answers><![CDATA[A]]></answers></question><question><type>1</type><format>text</format><desc><![CDATA[17.高血压病人在长期用药过程中，突然停药易引起严重高血压的药物是]]></desc><options><option><id>A</id><type>text</type><desc><![CDATA[普萘洛尔]]></desc></option><option><id>B</id><type>text</type><desc><![CDATA[肼苯哒嗪]]></desc></option><option><id>C</id><type>text</type><desc><![CDATA[卡托普利]]></desc></option><option><id>D</id><type>text</type><desc><![CDATA[氨氯地平]]></desc></option><option><id>E</id><type>text</type><desc><![CDATA[吲哚帕胺]]></desc></option></options><answers><![CDATA[A]]></answers></question><question><type>1</type><format>text</format><desc><![CDATA[18.抢救高血压危象病人，最好选用]]></desc><options><option><id>A</id><type>text</type><desc><![CDATA[胍乙啶]]></desc></option><option><id>B</id><type>text</type><desc><![CDATA[硝普钠]]></desc></option><option><id>C</id><type>text</type><desc><![CDATA[美托洛尔]]></desc></option><option><id>D</id><type>text</type><desc><![CDATA[氨氯地平]]></desc></option><option><id>E</id><type>text</type><desc><![CDATA[依那普利]]></desc></option></options><answers><![CDATA[B]]></answers></question><question><type>1</type><format>text</format><desc><![CDATA[19.最常引起体位性低血压的药物是]]></desc><options><option><id>A</id><type>text</type><desc><![CDATA[卡托普利]]></desc></option><option><id>B</id><type>text</type><desc><![CDATA[吲哒帕胺]]></desc></option><option><id>C</id><type>text</type><desc><![CDATA[特拉唑嗪]]></desc></option><option><id>D</id><type>text</type><desc><![CDATA[胍乙啶]]></desc></option><option><id>E</id><type>text</type><desc><![CDATA[氨氯地平]]></desc></option></options><answers><![CDATA[D]]></answers></question></questions></exam>