﻿<?xml version="1.0" encoding="UTF-8"?><exam><id>20181102105521</id><questions><instructions><![CDATA[一、单项选择题]]></instructions><question><type>1</type><format>text</format><desc><![CDATA[1.中枢兴奋药共同的严重不良反应是]]></desc><options><option><id>A</id><type>text</type><desc><![CDATA[心动过速]]></desc></option><option><id>B</id><type>text</type><desc><![CDATA[血压升高]]></desc></option><option><id>C</id><type>text</type><desc><![CDATA[惊厥]]></desc></option><option><id>D</id><type>text</type><desc><![CDATA[提高骨胳肌张力]]></desc></option><option><id>E</id><type>text</type><desc><![CDATA[头痛眩晕]]></desc></option></options><answers><![CDATA[C]]></answers></question><question><type>1</type><format>text</format><desc><![CDATA[2.咖啡因兴奋中枢的主要部位是]]></desc><options><option><id>A</id><type>text</type><desc><![CDATA[大脑皮层]]></desc></option><option><id>B</id><type>text</type><desc><![CDATA[脊髓]]></desc></option><option><id>C</id><type>text</type><desc><![CDATA[呼吸中枢]]></desc></option><option><id>D</id><type>text</type><desc><![CDATA[延髓]]></desc></option><option><id>E</id><type>text</type><desc><![CDATA[中脑-边缘系统]]></desc></option></options><answers><![CDATA[A]]></answers></question><question><type>1</type><format>text</format><desc><![CDATA[3.治疗小儿遗尿症有效的药物是]]></desc><options><option><id>A</id><type>text</type><desc><![CDATA[尼可刹米]]></desc></option><option><id>B</id><type>text</type><desc><![CDATA[洛贝林]]></desc></option><option><id>C</id><type>text</type><desc><![CDATA[氯酯醒]]></desc></option><option><id>D</id><type>text</type><desc><![CDATA[咖啡因]]></desc></option><option><id>E</id><type>text</type><desc><![CDATA[二甲弗林]]></desc></option></options><answers><![CDATA[C]]></answers></question><question><type>1</type><format>text</format><desc><![CDATA[4.对呼吸中枢兴奋作用最强的药物是]]></desc><options><option><id>A</id><type>text</type><desc><![CDATA[洛贝林]]></desc></option><option><id>B</id><type>text</type><desc><![CDATA[二甲弗林]]></desc></option><option><id>C</id><type>text</type><desc><![CDATA[咖啡因]]></desc></option><option><id>D</id><type>text</type><desc><![CDATA[尼可刹米]]></desc></option><option><id>E</id><type>text</type><desc><![CDATA[阿托品]]></desc></option></options><answers><![CDATA[B]]></answers></question><question><type>1</type><format>text</format><desc><![CDATA[5.新生儿窒息导致呼吸衰竭首选的药物是]]></desc><options><option><id>A</id><type>text</type><desc><![CDATA[洛贝林]]></desc></option><option><id>B</id><type>text</type><desc><![CDATA[二甲弗林]]></desc></option><option><id>C</id><type>text</type><desc><![CDATA[氯酯醒]]></desc></option><option><id>D</id><type>text</type><desc><![CDATA[尼可刹米]]></desc></option><option><id>E</id><type>text</type><desc><![CDATA[咖啡因]]></desc></option></options><answers><![CDATA[A]]></answers></question><question><type>1</type><format>text</format><desc><![CDATA[6.病人，男性，36岁。有吸毒史，身上有多次针眼，已处于昏迷状态，被家属送医就诊，医生发现病人瞳孔极度缩小，初步诊断为吗啡急性中毒。应治疗此病人呼吸衰竭的药物是]]></desc><options><option><id>A</id><type>text</type><desc><![CDATA[尼可刹米]]></desc></option><option><id>B</id><type>text</type><desc><![CDATA[氯酯醒]]></desc></option><option><id>C</id><type>text</type><desc><![CDATA[甲氯芬酯]]></desc></option><option><id>D</id><type>text</type><desc><![CDATA[哌醋甲酯]]></desc></option><option><id>E</id><type>text</type><desc><![CDATA[二甲弗林]]></desc></option></options><answers><![CDATA[A]]></answers></question><question><type>1</type><format>text</format><desc><![CDATA[7.病人，女性，28岁。与丈夫吵架后服用大量的巴比妥类安眠药物昏迷不醒，被家人及时发现后送医抢救，最佳解救的药物是]]></desc><options><option><id>A</id><type>text</type><desc><![CDATA[贝美格]]></desc></option><option><id>B</id><type>text</type><desc><![CDATA[尼可刹米]]></desc></option><option><id>C</id><type>text</type><desc><![CDATA[氯酯醒]]></desc></option><option><id>D</id><type>text</type><desc><![CDATA[哌醋甲酯]]></desc></option><option><id>E</id><type>text</type><desc><![CDATA[洛贝林]]></desc></option></options><answers><![CDATA[A]]></answers></question><question><type>1</type><format>text</format><desc><![CDATA[8.病人，男性，36岁，有消化性溃疡病史。近日精神萎靡不振，为了提高工作效率，病人服用药物缓解，但出现了反酸、腹痛、上腹不适，此药物可能是]]></desc><options><option><id>A</id><type>text</type><desc><![CDATA[洛贝林]]></desc></option><option><id>B</id><type>text</type><desc><![CDATA[二甲弗林]]></desc></option><option><id>C</id><type>text</type><desc><![CDATA[氯酯醒]]></desc></option><option><id>D</id><type>text</type><desc><![CDATA[尼可刹米]]></desc></option><option><id>E</id><type>text</type><desc><![CDATA[咖啡因]]></desc></option></options><answers><![CDATA[E]]></answers></question><question><type>1</type><format>text</format><desc><![CDATA[9.病人，女，28岁。由于产道异常，导致新生儿窒息引起的呼吸衰竭，宜选用抢救的药物是]]></desc><options><option><id>A</id><type>text</type><desc><![CDATA[洛贝林]]></desc></option><option><id>B</id><type>text</type><desc><![CDATA[二甲弗林]]></desc></option><option><id>C</id><type>text</type><desc><![CDATA[咖啡因]]></desc></option><option><id>D</id><type>text</type><desc><![CDATA[尼可刹米]]></desc></option><option><id>E</id><type>text</type><desc><![CDATA[阿托品]]></desc></option></options><answers><![CDATA[A]]></answers></question></questions></exam>