﻿<?xml version="1.0" encoding="UTF-8"?><exam><id>20181102090650</id><questions><instructions><![CDATA[一、单项选择题]]></instructions><question><type>1</type><format>html</format><desc><![CDATA[1.普鲁卡因<u><b>不宜</b></u>用于]]></desc><options><option><id>A</id><type>text</type><desc><![CDATA[表面麻醉]]></desc></option><option><id>B</id><type>text</type><desc><![CDATA[浸润麻醉]]></desc></option><option><id>C</id><type>text</type><desc><![CDATA[传导麻醉]]></desc></option><option><id>D</id><type>text</type><desc><![CDATA[蛛网膜下腔麻醉]]></desc></option><option><id>E</id><type>text</type><desc><![CDATA[硬膜外麻醉]]></desc></option></options><answers><![CDATA[A]]></answers></question><question><type>1</type><format>text</format><desc><![CDATA[2.丁卡因主要用于]]></desc><options><option><id>A</id><type>text</type><desc><![CDATA[表面麻醉]]></desc></option><option><id>B</id><type>text</type><desc><![CDATA[浸润麻醉]]></desc></option><option><id>C</id><type>text</type><desc><![CDATA[传导麻醉]]></desc></option><option><id>D</id><type>text</type><desc><![CDATA[蛛网膜下腔麻醉]]></desc></option><option><id>E</id><type>text</type><desc><![CDATA[硬膜外麻醉]]></desc></option></options><answers><![CDATA[A]]></answers></question><question><type>1</type><format>text</format><desc><![CDATA[3.可用做局部封闭的药物是]]></desc><options><option><id>A</id><type>text</type><desc><![CDATA[普鲁卡因]]></desc></option><option><id>B</id><type>text</type><desc><![CDATA[丁卡因]]></desc></option><option><id>C</id><type>text</type><desc><![CDATA[利多卡因]]></desc></option><option><id>D</id><type>text</type><desc><![CDATA[布比卡因]]></desc></option><option><id>E</id><type>text</type><desc><![CDATA[罗哌卡因]]></desc></option></options><answers><![CDATA[A]]></answers></question><question><type>1</type><format>text</format><desc><![CDATA[4.具有抗心律失常作用的药物是]]></desc><options><option><id>A</id><type>text</type><desc><![CDATA[普鲁卡因]]></desc></option><option><id>B</id><type>text</type><desc><![CDATA[丁卡因]]></desc></option><option><id>C</id><type>text</type><desc><![CDATA[利多卡因]]></desc></option><option><id>D</id><type>text</type><desc><![CDATA[布比卡因]]></desc></option><option><id>E</id><type>text</type><desc><![CDATA[普鲁卡因胺]]></desc></option></options><answers><![CDATA[C]]></answers></question><question><type>1</type><format>text</format><desc><![CDATA[5.毒性最大的局醉药是]]></desc><options><option><id>A</id><type>text</type><desc><![CDATA[普鲁卡因]]></desc></option><option><id>B</id><type>text</type><desc><![CDATA[丁卡因]]></desc></option><option><id>C</id><type>text</type><desc><![CDATA[利多卡因]]></desc></option><option><id>D</id><type>text</type><desc><![CDATA[布比卡因]]></desc></option><option><id>E</id><type>text</type><desc><![CDATA[罗哌卡因]]></desc></option></options><answers><![CDATA[B]]></answers></question><question><type>1</type><format>text</format><desc><![CDATA[6.为了减少局麻药吸收中毒，延长局麻作用时间，常在局麻药中加入适量]]></desc><options><option><id>A</id><type>text</type><desc><![CDATA[肾上腺素]]></desc></option><option><id>B</id><type>text</type><desc><![CDATA[去甲肾上腺素]]></desc></option><option><id>C</id><type>text</type><desc><![CDATA[异丙肾上腺素]]></desc></option><option><id>D</id><type>text</type><desc><![CDATA[多巴胺]]></desc></option><option><id>E</id><type>text</type><desc><![CDATA[阿托品]]></desc></option></options><answers><![CDATA[A]]></answers></question><question><type>1</type><format>text</format><desc><![CDATA[7.可用作围手术期镇痛的局麻药是]]></desc><options><option><id>A</id><type>text</type><desc><![CDATA[普鲁卡因]]></desc></option><option><id>B</id><type>text</type><desc><![CDATA[丁卡因]]></desc></option><option><id>C</id><type>text</type><desc><![CDATA[利多卡因]]></desc></option><option><id>D</id><type>text</type><desc><![CDATA[布比卡因]]></desc></option><option><id>E</id><type>text</type><desc><![CDATA[罗哌卡因]]></desc></option></options><answers><![CDATA[E]]></answers></question><question><type>1</type><format>text</format><desc><![CDATA[8.病人，女性，25岁。因患近视预行激光手术治疗。宜选用的麻醉药是]]></desc><options><option><id>A</id><type>text</type><desc><![CDATA[普鲁卡因]]></desc></option><option><id>B</id><type>text</type><desc><![CDATA[丁卡因]]></desc></option><option><id>C</id><type>text</type><desc><![CDATA[利多卡因]]></desc></option><option><id>D</id><type>text</type><desc><![CDATA[布比卡因]]></desc></option><option><id>E</id><type>text</type><desc><![CDATA[罗哌卡因]]></desc></option></options><answers><![CDATA[B]]></answers></question><question><type>1</type><format>text</format><desc><![CDATA[9.病人，女性，28岁。妊娠40周，经医生检查需行剖宫产手术。首选的麻醉药是]]></desc><options><option><id>A</id><type>text</type><desc><![CDATA[普鲁卡因]]></desc></option><option><id>B</id><type>text</type><desc><![CDATA[丁卡因]]></desc></option><option><id>C</id><type>text</type><desc><![CDATA[利多卡因]]></desc></option><option><id>D</id><type>text</type><desc><![CDATA[布比卡因]]></desc></option><option><id>E</id><type>text</type><desc><![CDATA[罗哌卡因]]></desc></option></options><answers><![CDATA[E]]></answers></question></questions></exam>