﻿<?xml version="1.0" encoding="UTF-8"?><exam><id>20181102104539</id><questions><instructions><![CDATA[一、单项选择题]]></instructions><question><type>1</type><format>text</format><desc><![CDATA[1.增加左旋多巴抗帕金森病疗效，减少不良反应的药物是]]></desc><options><option><id>A</id><type>text</type><desc><![CDATA[卡比多巴]]></desc></option><option><id>B</id><type>text</type><desc><![CDATA[维生素B<sub>6</sub>]]></desc></option><option><id>C</id><type>text</type><desc><![CDATA[利舍平]]></desc></option><option><id>D</id><type>text</type><desc><![CDATA[苯乙肼]]></desc></option><option><id>E</id><type>text</type><desc><![CDATA[丙胺太林]]></desc></option></options><answers><![CDATA[A]]></answers></question><question><type>1</type><format>text</format><desc><![CDATA[2.在脑内变成多巴胺才能产生抗帕金森病作用的药物是]]></desc><options><option><id>A</id><type>text</type><desc><![CDATA[金刚烷胺]]></desc></option><option><id>B</id><type>text</type><desc><![CDATA[苯海索]]></desc></option><option><id>C</id><type>text</type><desc><![CDATA[司来吉兰]]></desc></option><option><id>D</id><type>text</type><desc><![CDATA[左旋多巴]]></desc></option><option><id>E</id><type>text</type><desc><![CDATA[溴隐亭]]></desc></option></options><answers><![CDATA[D]]></answers></question><question><type>1</type><format>html</format><desc><![CDATA[3.用左旋多巴治疗帕金森病，下列哪种说法是<u><b>错误</b></u>的]]></desc><options><option><id>A</id><type>text</type><desc><![CDATA[起效缓慢]]></desc></option><option><id>B</id><type>text</type><desc><![CDATA[对氯丙嗪引起的帕金森综合征无效]]></desc></option><option><id>C</id><type>text</type><desc><![CDATA[对重症和年老体弱者疗效好]]></desc></option><option><id>D</id><type>text</type><desc><![CDATA[对轻症病人和年轻病人疗效好]]></desc></option><option><id>E</id><type>text</type><desc><![CDATA[对肌肉僵直和运动困难疗效好]]></desc></option></options><answers><![CDATA[C]]></answers></question><question><type>1</type><format>html</format><desc><![CDATA[4.左旋多巴的不良反应<u><b>不包括</b></u>]]></desc><options><option><id>A</id><type>text</type><desc><![CDATA[胃肠道反应]]></desc></option><option><id>B</id><type>text</type><desc><![CDATA[心血管反应]]></desc></option><option><id>C</id><type>text</type><desc><![CDATA[精神症状]]></desc></option><option><id>D</id><type>text</type><desc><![CDATA[不自主异常运动和开-关现象]]></desc></option><option><id>E</id><type>text</type><desc><![CDATA[过敏反应]]></desc></option></options><answers><![CDATA[E]]></answers></question><question><type>1</type><format>html</format><desc><![CDATA[5.维生素B<sub>6</sub>与左旋多巴合用可]]></desc><options><option><id>A</id><type>text</type><desc><![CDATA[增强左旋多巴的副作用]]></desc></option><option><id>B</id><type>text</type><desc><![CDATA[减少左旋多巴的副作用]]></desc></option><option><id>C</id><type>text</type><desc><![CDATA[增加左旋多巴的血药浓度]]></desc></option><option><id>D</id><type>text</type><desc><![CDATA[增强左旋多巴的作用]]></desc></option><option><id>E</id><type>text</type><desc><![CDATA[抑制<I>L</I>-芳香族氨基酸脱羧酶的活性]]></desc></option></options><answers><![CDATA[A]]></answers></question><question><type>1</type><format>text</format><desc><![CDATA[6.溴隐亭治疗帕金森病是由于]]></desc><options><option><id>A</id><type>text</type><desc><![CDATA[中枢抗胆碱作用]]></desc></option><option><id>B</id><type>text</type><desc><![CDATA[激动DA受体]]></desc></option><option><id>C</id><type>text</type><desc><![CDATA[激动GABA受体]]></desc></option><option><id>D</id><type>text</type><desc><![CDATA[提高脑内DA浓度]]></desc></option><option><id>E</id><type>text</type><desc><![CDATA[使DA降解减少]]></desc></option></options><answers><![CDATA[B]]></answers></question><question><type>1</type><format>text</format><desc><![CDATA[7.具有抗病毒作用的抗帕金森病药物是]]></desc><options><option><id>A</id><type>text</type><desc><![CDATA[左旋多巴]]></desc></option><option><id>B</id><type>text</type><desc><![CDATA[卡比多巴]]></desc></option><option><id>C</id><type>text</type><desc><![CDATA[金刚烷胺]]></desc></option><option><id>D</id><type>text</type><desc><![CDATA[溴隐亭]]></desc></option><option><id>E</id><type>text</type><desc><![CDATA[司来吉兰]]></desc></option></options><answers><![CDATA[C]]></answers></question><question><type>1</type><format>text</format><desc><![CDATA[8.关于苯海索的叙述正确的是]]></desc><options><option><id>A</id><type>text</type><desc><![CDATA[抗震颤作用好]]></desc></option><option><id>B</id><type>text</type><desc><![CDATA[改善僵直及运动迟缓较好]]></desc></option><option><id>C</id><type>text</type><desc><![CDATA[对抗精神病药引起的帕金森综合征无效]]></desc></option><option><id>D</id><type>text</type><desc><![CDATA[对过度流涎无作用]]></desc></option><option><id>E</id><type>text</type><desc><![CDATA[前列腺肥大者可用]]></desc></option></options><answers><![CDATA[A]]></answers></question><question><type>1</type><format>text</format><desc><![CDATA[9.治疗阿尔茨海默病的药物是]]></desc><options><option><id>A</id><type>text</type><desc><![CDATA[他克林]]></desc></option><option><id>B</id><type>text</type><desc><![CDATA[苯海索]]></desc></option><option><id>C</id><type>text</type><desc><![CDATA[左旋多巴]]></desc></option><option><id>D</id><type>text</type><desc><![CDATA[托卡朋]]></desc></option><option><id>E</id><type>text</type><desc><![CDATA[卡比多巴]]></desc></option></options><answers><![CDATA[A]]></answers></question><question><type>1</type><format>html</format><desc><![CDATA[10.下列用于治疗阿尔茨海默病的药物中，<u><b>不属于</b></u>抗胆碱酯酶药的是]]></desc><options><option><id>A</id><type>text</type><desc><![CDATA[他克林]]></desc></option><option><id>B</id><type>text</type><desc><![CDATA[呫诺美林]]></desc></option><option><id>C</id><type>text</type><desc><![CDATA[石杉碱甲]]></desc></option><option><id>D</id><type>text</type><desc><![CDATA[加兰他敏]]></desc></option><option><id>E</id><type>text</type><desc><![CDATA[美曲磷酯]]></desc></option></options><answers><![CDATA[B]]></answers></question><question><type>1</type><format>text</format><desc><![CDATA[11.病人，男性，68岁。1年来无诱因逐渐出现动作迟缓，做精细运动不灵活，双手有震颤，双侧肢体肌张力增高。经诊断患有帕金森病，可首选哪种药物治疗]]></desc><options><option><id>A</id><type>text</type><desc><![CDATA[加兰他敏]]></desc></option><option><id>B</id><type>text</type><desc><![CDATA[美曲磷酯]]></desc></option><option><id>C</id><type>text</type><desc><![CDATA[苯海索]]></desc></option><option><id>D</id><type>text</type><desc><![CDATA[左旋多巴]]></desc></option><option><id>E</id><type>text</type><desc><![CDATA[苯扎托品]]></desc></option></options><answers><![CDATA[D]]></answers></question><question><type>1</type><format>text</format><desc><![CDATA[12.病人，女性，72岁。出现明显的记忆力减退，做事缺乏主动性，对日常活动及生活中的爱好丧失兴趣，个人自理能力下降，多次走失。经诊断患有阿尔茨海默病，常用的治疗药物有]]></desc><options><option><id>A</id><type>text</type><desc><![CDATA[氯丙嗪]]></desc></option><option><id>B</id><type>text</type><desc><![CDATA[多奈哌齐]]></desc></option><option><id>C</id><type>text</type><desc><![CDATA[氟哌啶醇]]></desc></option><option><id>D</id><type>text</type><desc><![CDATA[司来吉兰]]></desc></option><option><id>E</id><type>text</type><desc><![CDATA[金刚烷胺]]></desc></option></options><answers><![CDATA[B]]></answers></question></questions></exam>