﻿<?xml version="1.0" encoding="UTF-8"?><exam><id>20181102105725</id><questions><instructions><![CDATA[一、单项选择题]]></instructions><question><type>1</type><format>text</format><desc><![CDATA[1.呋塞米的利尿作用机制是]]></desc><options><option><id>A</id><type>text</type><desc><![CDATA[抑制肾小管碳酸酐酶]]></desc></option><option><id>B</id><type>text</type><desc><![CDATA[抑制Na<sup>+</sup>-Cl<sup>-</sup>共同转运子]]></desc></option><option><id>C</id><type>text</type><desc><![CDATA[抑制Na<sup>+</sup>-K<sup>+</sup>-2Cl<sup>-</sup>共转运子]]></desc></option><option><id>D</id><type>text</type><desc><![CDATA[对抗醛固酮的钠钾交换]]></desc></option><option><id>E</id><type>text</type><desc><![CDATA[抑制磷酸二酯酶，使cAMP增多]]></desc></option></options><answers><![CDATA[C]]></answers></question><question><type>1</type><format>text</format><desc><![CDATA[2.用于降低眼内压的药物是]]></desc><options><option><id>A</id><type>text</type><desc><![CDATA[螺内酯]]></desc></option><option><id>B</id><type>text</type><desc><![CDATA[氢氯噻嗪]]></desc></option><option><id>C</id><type>text</type><desc><![CDATA[呋塞米]]></desc></option><option><id>D</id><type>text</type><desc><![CDATA[氨苯蝶啶]]></desc></option><option><id>E</id><type>text</type><desc><![CDATA[20%甘露醇]]></desc></option></options><answers><![CDATA[E]]></answers></question><question><type>1</type><format>text</format><desc><![CDATA[3.与醛固酮竞争醛固酮受体的利尿药是]]></desc><options><option><id>A</id><type>text</type><desc><![CDATA[50%的葡萄糖]]></desc></option><option><id>B</id><type>text</type><desc><![CDATA[呋塞米]]></desc></option><option><id>C</id><type>text</type><desc><![CDATA[螺内酯]]></desc></option><option><id>D</id><type>text</type><desc><![CDATA[氢氯噻嗪]]></desc></option><option><id>E</id><type>text</type><desc><![CDATA[甘露醇]]></desc></option></options><answers><![CDATA[C]]></answers></question><question><type>1</type><format>text</format><desc><![CDATA[4.糖尿病病人慎用的药物首先考虑]]></desc><options><option><id>A</id><type>text</type><desc><![CDATA[乙酰唑胺]]></desc></option><option><id>B</id><type>text</type><desc><![CDATA[呋塞米]]></desc></option><option><id>C</id><type>text</type><desc><![CDATA[螺内酯]]></desc></option><option><id>D</id><type>text</type><desc><![CDATA[氢氯噻唪]]></desc></option><option><id>E</id><type>text</type><desc><![CDATA[甘露醇]]></desc></option></options><answers><![CDATA[D]]></answers></question><question><type>1</type><format>text</format><desc><![CDATA[5.治疗急性肺水肿应选用的药物是]]></desc><options><option><id>A</id><type>text</type><desc><![CDATA[呋塞米]]></desc></option><option><id>B</id><type>text</type><desc><![CDATA[氨苯喋啶]]></desc></option><option><id>C</id><type>text</type><desc><![CDATA[螺内酯]]></desc></option><option><id>D</id><type>text</type><desc><![CDATA[氢氯噻嗪]]></desc></option><option><id>E</id><type>text</type><desc><![CDATA[甘露醇]]></desc></option></options><answers><![CDATA[A]]></answers></question><question><type>1</type><format>html</format><desc><![CDATA[6.配伍用药<u><b>不合理</b></u>的是]]></desc><options><option><id>A</id><type>text</type><desc><![CDATA[氢氯噻嗪+螺内酯]]></desc></option><option><id>B</id><type>text</type><desc><![CDATA[呋塞米+氯化钾]]></desc></option><option><id>C</id><type>text</type><desc><![CDATA[氢氯噻嗪+氯化钾]]></desc></option><option><id>D</id><type>text</type><desc><![CDATA[呋塞米+庆大霉素]]></desc></option><option><id>E</id><type>text</type><desc><![CDATA[呋塞米+氨苯蝶啶]]></desc></option></options><answers><![CDATA[D]]></answers></question><question><type>1</type><format>text</format><desc><![CDATA[7.下列药物中，利尿效果最强的药物是]]></desc><options><option><id>A</id><type>text</type><desc><![CDATA[呋塞米]]></desc></option><option><id>B</id><type>text</type><desc><![CDATA[乙酰唑胺]]></desc></option><option><id>C</id><type>text</type><desc><![CDATA[螺内酯]]></desc></option><option><id>D</id><type>text</type><desc><![CDATA[氢氯噻嗪]]></desc></option><option><id>E</id><type>text</type><desc><![CDATA[布美他尼]]></desc></option></options><answers><![CDATA[E]]></answers></question><question><type>1</type><format>text</format><desc><![CDATA[8.用于治疗尿崩症的利尿药是]]></desc><options><option><id>A</id><type>text</type><desc><![CDATA[呋塞米]]></desc></option><option><id>B</id><type>text</type><desc><![CDATA[乙酰唑胺]]></desc></option><option><id>C</id><type>text</type><desc><![CDATA[螺内酯]]></desc></option><option><id>D</id><type>text</type><desc><![CDATA[氢氯噻嗪]]></desc></option><option><id>E</id><type>text</type><desc><![CDATA[甘露醇]]></desc></option></options><answers><![CDATA[D]]></answers></question><question><type>1</type><format>text</format><desc><![CDATA[9.关于螺内酯的叙述正确的是]]></desc><options><option><id>A</id><type>text</type><desc><![CDATA[利尿作用强]]></desc></option><option><id>B</id><type>text</type><desc><![CDATA[抑制Na<sup>+</sup>-Cl<sup>-</sup>共同转运子]]></desc></option><option><id>C</id><type>text</type><desc><![CDATA[可引起低钾血症]]></desc></option><option><id>D</id><type>text</type><desc><![CDATA[具有抗醛固酮作用]]></desc></option><option><id>E</id><type>text</type><desc><![CDATA[不主张与呋塞米合用]]></desc></option></options><answers><![CDATA[D]]></answers></question><question><type>1</type><format>text</format><desc><![CDATA[10.治疗肝性水肿应选用]]></desc><options><option><id>A</id><type>text</type><desc><![CDATA[螺内酯]]></desc></option><option><id>B</id><type>text</type><desc><![CDATA[呋塞米]]></desc></option><option><id>C</id><type>text</type><desc><![CDATA[乙酰唑胺]]></desc></option><option><id>D</id><type>text</type><desc><![CDATA[布美他尼]]></desc></option><option><id>E</id><type>text</type><desc><![CDATA[氢氯噻嗪]]></desc></option></options><answers><![CDATA[A]]></answers></question><question><type>1</type><format>text</format><desc><![CDATA[11.可致耳毒性的利尿药是]]></desc><options><option><id>A</id><type>text</type><desc><![CDATA[氢氯噻嗪]]></desc></option><option><id>B</id><type>text</type><desc><![CDATA[乙酰唑胺]]></desc></option><option><id>C</id><type>text</type><desc><![CDATA[呋塞米]]></desc></option><option><id>D</id><type>text</type><desc><![CDATA[螺内酯]]></desc></option><option><id>E</id><type>text</type><desc><![CDATA[氨苯蝶啶]]></desc></option></options><answers><![CDATA[C]]></answers></question><question><type>1</type><format>text</format><desc><![CDATA[12.血浆醛固酮水平增高的心源性水肿最好选用]]></desc><options><option><id>A</id><type>text</type><desc><![CDATA[呋塞米]]></desc></option><option><id>B</id><type>text</type><desc><![CDATA[氢氯噻嗪]]></desc></option><option><id>C</id><type>text</type><desc><![CDATA[乙酰唑胺]]></desc></option><option><id>D</id><type>text</type><desc><![CDATA[布美他尼]]></desc></option><option><id>E</id><type>text</type><desc><![CDATA[螺内酯]]></desc></option></options><answers><![CDATA[E]]></answers></question><question><type>1</type><format>text</format><desc><![CDATA[13.长期应用螺内酯最易引起的是]]></desc><options><option><id>A</id><type>text</type><desc><![CDATA[高血钙]]></desc></option><option><id>B</id><type>text</type><desc><![CDATA[低血钙]]></desc></option><option><id>C</id><type>text</type><desc><![CDATA[高血钾]]></desc></option><option><id>D</id><type>text</type><desc><![CDATA[低血钾]]></desc></option><option><id>E</id><type>text</type><desc><![CDATA[低血镁]]></desc></option></options><answers><![CDATA[C]]></answers></question><question><type>1</type><format>text</format><desc><![CDATA[14.主要作用于髓袢升支粗段皮质部和髓质部的利尿药是]]></desc><options><option><id>A</id><type>text</type><desc><![CDATA[螺内酯]]></desc></option><option><id>B</id><type>text</type><desc><![CDATA[氨苯蝶啶]]></desc></option><option><id>C</id><type>text</type><desc><![CDATA[甘露醇]]></desc></option><option><id>D</id><type>text</type><desc><![CDATA[呋塞米]]></desc></option><option><id>E</id><type>text</type><desc><![CDATA[氢氯噻唪]]></desc></option></options><answers><![CDATA[D]]></answers></question><question><type>1</type><format>text</format><desc><![CDATA[15.心力衰竭合并肾衰竭病人选用的利尿药是]]></desc><options><option><id>A</id><type>text</type><desc><![CDATA[阿米洛利]]></desc></option><option><id>B</id><type>text</type><desc><![CDATA[氨苯蝶啶]]></desc></option><option><id>C</id><type>text</type><desc><![CDATA[呋塞米]]></desc></option><option><id>D</id><type>text</type><desc><![CDATA[螺内酯]]></desc></option><option><id>E</id><type>text</type><desc><![CDATA[氢氯噻嗪]]></desc></option></options><answers><![CDATA[C]]></answers></question><question><type>1</type><format>text</format><desc><![CDATA[16.具有抗尿崩症作用的药物是]]></desc><options><option><id>A</id><type>text</type><desc><![CDATA[氢氯噻嗪]]></desc></option><option><id>B</id><type>text</type><desc><![CDATA[螺内酯]]></desc></option><option><id>C</id><type>text</type><desc><![CDATA[甘露醇]]></desc></option><option><id>D</id><type>text</type><desc><![CDATA[呋塞米]]></desc></option><option><id>E</id><type>text</type><desc><![CDATA[50％葡萄糖]]></desc></option></options><answers><![CDATA[A]]></answers></question><question><type>1</type><format>text</format><desc><![CDATA[17.水肿病人合并高尿酸血症时宜选用的利尿药]]></desc><options><option><id>A</id><type>text</type><desc><![CDATA[氨苯喋啶]]></desc></option><option><id>B</id><type>text</type><desc><![CDATA[呋塞米]]></desc></option><option><id>C</id><type>text</type><desc><![CDATA[氯噻酮]]></desc></option><option><id>D</id><type>text</type><desc><![CDATA[氢氯噻嗪]]></desc></option><option><id>E</id><type>text</type><desc><![CDATA[布美他尼]]></desc></option></options><answers><![CDATA[A]]></answers></question><question><type>1</type><format>text</format><desc><![CDATA[18.可引起男子乳房发育的药物是]]></desc><options><option><id>A</id><type>text</type><desc><![CDATA[甘露醇]]></desc></option><option><id>B</id><type>text</type><desc><![CDATA[螺内酯]]></desc></option><option><id>C</id><type>text</type><desc><![CDATA[呋塞米]]></desc></option><option><id>D</id><type>text</type><desc><![CDATA[糖皮质激素]]></desc></option><option><id>E</id><type>text</type><desc><![CDATA[氢氯噻嗪]]></desc></option></options><answers><![CDATA[B]]></answers></question><question><type>1</type><format>text</format><desc><![CDATA[19.治疔脑水肿的首选药是]]></desc><options><option><id>A</id><type>text</type><desc><![CDATA[20%甘露醇]]></desc></option><option><id>B</id><type>text</type><desc><![CDATA[螺内脂]]></desc></option><option><id>C</id><type>text</type><desc><![CDATA[呋塞米]]></desc></option><option><id>D</id><type>text</type><desc><![CDATA[氯噻酮]]></desc></option><option><id>E</id><type>text</type><desc><![CDATA[氢氯噻嗪]]></desc></option></options><answers><![CDATA[A]]></answers></question><question><type>1</type><format>text</format><desc><![CDATA[20.静脉滴注甘露醇引起利尿的最正确的描述是]]></desc><options><option><id>A</id><type>text</type><desc><![CDATA[排水利尿]]></desc></option><option><id>B</id><type>text</type><desc><![CDATA[排钠性利尿]]></desc></option><option><id>C</id><type>text</type><desc><![CDATA[保钾性利尿]]></desc></option><option><id>D</id><type>text</type><desc><![CDATA[渗透性利尿]]></desc></option><option><id>E</id><type>text</type><desc><![CDATA[排钾性利尿]]></desc></option></options><answers><![CDATA[D]]></answers></question><question><type>1</type><format>html</format><desc><![CDATA[21.呋塞米用药后<u><b>不会</b></u>引起]]></desc><options><option><id>A</id><type>text</type><desc><![CDATA[尿酸排泄增加]]></desc></option><option><id>B</id><type>text</type><desc><![CDATA[低钾血症]]></desc></option><option><id>C</id><type>text</type><desc><![CDATA[低钠血症]]></desc></option><option><id>D</id><type>text</type><desc><![CDATA[耳毒性]]></desc></option><option><id>E</id><type>text</type><desc><![CDATA[低镁血症]]></desc></option></options><answers><![CDATA[A]]></answers></question><question><type>1</type><format>html</format><desc><![CDATA[22.高钾血症病人<u><b>禁用</b></u>下列何种利尿药]]></desc><options><option><id>A</id><type>text</type><desc><![CDATA[氢氯噻嗪]]></desc></option><option><id>B</id><type>text</type><desc><![CDATA[氯噻酮]]></desc></option><option><id>C</id><type>text</type><desc><![CDATA[布美他尼]]></desc></option><option><id>D</id><type>text</type><desc><![CDATA[呋塞米]]></desc></option><option><id>E</id><type>text</type><desc><![CDATA[氨苯蝶啶]]></desc></option></options><answers><![CDATA[E]]></answers></question><question><type>1</type><format>text</format><desc><![CDATA[23.下列描述正确的是]]></desc><options><option><id>A</id><type>text</type><desc><![CDATA[心源性水肿不能用氢氯噻嗪]]></desc></option><option><id>B</id><type>text</type><desc><![CDATA[高血压不能用氢氯噻嗪]]></desc></option><option><id>C</id><type>text</type><desc><![CDATA[尿崩症不能用氢氯噻嗪]]></desc></option><option><id>D</id><type>text</type><desc><![CDATA[糖尿病慎用氢氯噻嗪]]></desc></option><option><id>E</id><type>text</type><desc><![CDATA[特发性尿钙增多不能用氢氯噻嗪]]></desc></option></options><answers><![CDATA[D]]></answers></question><question><type>1</type><format>text</format><desc><![CDATA[24.能促进尿酸排泄的药物是]]></desc><options><option><id>A</id><type>text</type><desc><![CDATA[氢氯噻嗪]]></desc></option><option><id>B</id><type>text</type><desc><![CDATA[螺内酯]]></desc></option><option><id>C</id><type>text</type><desc><![CDATA[布美他尼]]></desc></option><option><id>D</id><type>text</type><desc><![CDATA[呋塞米]]></desc></option><option><id>E</id><type>text</type><desc><![CDATA[氨苯蝶啶]]></desc></option></options><answers><![CDATA[E]]></answers></question><question><type>1</type><format>text</format><desc><![CDATA[25.呋塞米的用药护理正确的是]]></desc><options><option><id>A</id><type>text</type><desc><![CDATA[了解病人近期是否使用强心苷、氨基糖苷类药物等]]></desc></option><option><id>B</id><type>text</type><desc><![CDATA[巴比妥类药物中毒时，不能使用呋塞米]]></desc></option><option><id>C</id><type>text</type><desc><![CDATA[病人有耳鸣或听力丧失时，减少呋塞米的用量即可]]></desc></option><option><id>D</id><type>text</type><desc><![CDATA[利尿药最好在睡前使用]]></desc></option><option><id>E</id><type>text</type><desc><![CDATA[利尿药的安全范围大，大量使用也很安全]]></desc></option></options><answers><![CDATA[A]]></answers></question></questions></exam>