﻿<?xml version="1.0" encoding="UTF-8"?><exam><id>20181102132924</id><questions><instructions><![CDATA[一、单项选择题]]></instructions><question><type>1</type><format>text</format><desc><![CDATA[1.戊二醛浸泡金属类用物时，为了防锈可加入]]></desc><options><option><id>A</id><type>text</type><desc><![CDATA[0.5％亚硝酸钠]]></desc></option><option><id>B</id><type>text</type><desc><![CDATA[5％亚硝酸钠]]></desc></option><option><id>C</id><type>text</type><desc><![CDATA[5％碳酸氢钠]]></desc></option><option><id>D</id><type>text</type><desc><![CDATA[2％碳酸氢钠]]></desc></option><option><id>E</id><type>text</type><desc><![CDATA[0.5％碳酸氢钠]]></desc></option></options><answers><![CDATA[A]]></answers></question><question><type>1</type><format>html</format><desc><![CDATA[2.消毒防腐药<u><b>不用于</b></u>]]></desc><options><option><id>A</id><type>text</type><desc><![CDATA[体表消毒]]></desc></option><option><id>B</id><type>text</type><desc><![CDATA[胃肠道消毒]]></desc></option><option><id>C</id><type>text</type><desc><![CDATA[器械消毒]]></desc></option><option><id>D</id><type>text</type><desc><![CDATA[环境消毒]]></desc></option><option><id>E</id><type>text</type><desc><![CDATA[排泄物消毒]]></desc></option></options><answers><![CDATA[B]]></answers></question><question><type>1</type><format>text</format><desc><![CDATA[3.无刺激性、杀菌作用强的消毒防腐药是]]></desc><options><option><id>A</id><type>text</type><desc><![CDATA[酚类]]></desc></option><option><id>B</id><type>text</type><desc><![CDATA[醛类]]></desc></option><option><id>C</id><type>text</type><desc><![CDATA[卤素类]]></desc></option><option><id>D</id><type>text</type><desc><![CDATA[醇类]]></desc></option><option><id>E</id><type>text</type><desc><![CDATA[表面活性剂]]></desc></option></options><answers><![CDATA[E]]></answers></question><question><type>1</type><format>text</format><desc><![CDATA[4.常用于水果消毒冲洗的氧化剂是]]></desc><options><option><id>A</id><type>text</type><desc><![CDATA[含氯石灰水]]></desc></option><option><id>B</id><type>text</type><desc><![CDATA[乳酸]]></desc></option><option><id>C</id><type>text</type><desc><![CDATA[苯扎溴铵]]></desc></option><option><id>D</id><type>text</type><desc><![CDATA[高锰酸钾]]></desc></option><option><id>E</id><type>text</type><desc><![CDATA[碘酊]]></desc></option></options><answers><![CDATA[D]]></answers></question><question><type>1</type><format>text</format><desc><![CDATA[5.苯扎溴铵用于器械消毒时的溶液浓度为]]></desc><options><option><id>A</id><type>text</type><desc><![CDATA[0.01%]]></desc></option><option><id>B</id><type>text</type><desc><![CDATA[0.03%]]></desc></option><option><id>C</id><type>text</type><desc><![CDATA[0.05%]]></desc></option><option><id>D</id><type>text</type><desc><![CDATA[0.1%]]></desc></option><option><id>E</id><type>text</type><desc><![CDATA[0.5%]]></desc></option></options><answers><![CDATA[E]]></answers></question><question><type>1</type><format>html</format><desc><![CDATA[6.<u><b>不能</b></u>用作皮肤消毒的是]]></desc><options><option><id>A</id><type>text</type><desc><![CDATA[乙醇]]></desc></option><option><id>B</id><type>text</type><desc><![CDATA[聚维酮碘]]></desc></option><option><id>C</id><type>text</type><desc><![CDATA[戊二醛]]></desc></option><option><id>D</id><type>text</type><desc><![CDATA[碘酊]]></desc></option><option><id>E</id><type>text</type><desc><![CDATA[苯扎溴铵]]></desc></option></options><answers><![CDATA[C]]></answers></question><question><type>1</type><format>html</format><desc><![CDATA[7.<u><b>不用于</b></u>环境消毒的药物是]]></desc><options><option><id>A</id><type>text</type><desc><![CDATA[醋酸]]></desc></option><option><id>B</id><type>text</type><desc><![CDATA[甲醛]]></desc></option><option><id>C</id><type>text</type><desc><![CDATA[乙醇]]></desc></option><option><id>D</id><type>text</type><desc><![CDATA[过氧乙酸]]></desc></option><option><id>E</id><type>text</type><desc><![CDATA[氯己定]]></desc></option></options><answers><![CDATA[C]]></answers></question><question><type>1</type><format>text</format><desc><![CDATA[8.常用的阳离子表面活性剂是]]></desc><options><option><id>A</id><type>text</type><desc><![CDATA[乙醇]]></desc></option><option><id>B</id><type>text</type><desc><![CDATA[聚维酮碘]]></desc></option><option><id>C</id><type>text</type><desc><![CDATA[氯己定]]></desc></option><option><id>D</id><type>text</type><desc><![CDATA[碘酊]]></desc></option><option><id>E</id><type>text</type><desc><![CDATA[过氧乙酸]]></desc></option></options><answers><![CDATA[C]]></answers></question></questions></exam>