﻿<?xml version="1.0" encoding="UTF-8"?><exam><id>20181102133641</id><questions><instructions><![CDATA[一、单项选择题]]></instructions><question><type>1</type><format>text</format><desc><![CDATA[1.有机磷酸酯类中毒的机制是]]></desc><options><option><id>A</id><type>text</type><desc><![CDATA[激动M受体]]></desc></option><option><id>B</id><type>text</type><desc><![CDATA[阻断M受体]]></desc></option><option><id>C</id><type>text</type><desc><![CDATA[抑制胆碱酯酶]]></desc></option><option><id>D</id><type>text</type><desc><![CDATA[激动N受体]]></desc></option><option><id>E</id><type>text</type><desc><![CDATA[阻断N受体]]></desc></option></options><answers><![CDATA[C]]></answers></question><question><type>1</type><format>html</format><desc><![CDATA[2.有机磷酸酯类中毒时，<u><b>不属于</b></u>M样症状的是]]></desc><options><option><id>A</id><type>text</type><desc><![CDATA[肌肉震颤]]></desc></option><option><id>B</id><type>text</type><desc><![CDATA[小便失禁]]></desc></option><option><id>C</id><type>text</type><desc><![CDATA[腹痛、腹泻]]></desc></option><option><id>D</id><type>text</type><desc><![CDATA[瞳孔缩小]]></desc></option><option><id>E</id><type>text</type><desc><![CDATA[流涎、流泪、流汗]]></desc></option></options><answers><![CDATA[A]]></answers></question><question><type>1</type><format>html</format><desc><![CDATA[3.有机磷酸酯类中毒应用阿托品解救时“阿托品化”的指征<u><b>不包括</b></u>]]></desc><options><option><id>A</id><type>text</type><desc><![CDATA[瞳孔扩大]]></desc></option><option><id>B</id><type>text</type><desc><![CDATA[瞳孔缩小]]></desc></option><option><id>C</id><type>text</type><desc><![CDATA[颜面潮红]]></desc></option><option><id>D</id><type>text</type><desc><![CDATA[肺湿啰音消失]]></desc></option><option><id>E</id><type>text</type><desc><![CDATA[口干、皮肤干燥]]></desc></option></options><answers><![CDATA[B]]></answers></question><question><type>1</type><format>html</format><desc><![CDATA[4.<u><b>不能</b></u>用于对硫磷中毒洗胃的是]]></desc><options><option><id>A</id><type>text</type><desc><![CDATA[注射用水]]></desc></option><option><id>B</id><type>text</type><desc><![CDATA[饮用水]]></desc></option><option><id>C</id><type>text</type><desc><![CDATA[生理盐水]]></desc></option><option><id>D</id><type>text</type><desc><![CDATA[高锰酸钾溶液]]></desc></option><option><id>E</id><type>text</type><desc><![CDATA[碳酸氢钠溶液]]></desc></option></options><answers><![CDATA[D]]></answers></question><question><type>1</type><format>text</format><desc><![CDATA[5.砷中毒的首选解毒药物是]]></desc><options><option><id>A</id><type>text</type><desc><![CDATA[青霉胺]]></desc></option><option><id>B</id><type>text</type><desc><![CDATA[依地酸钙钠]]></desc></option><option><id>C</id><type>text</type><desc><![CDATA[二巯丙磺钠]]></desc></option><option><id>D</id><type>text</type><desc><![CDATA[亚甲蓝]]></desc></option><option><id>E</id><type>text</type><desc><![CDATA[乙酰胺]]></desc></option></options><answers><![CDATA[C]]></answers></question><question><type>1</type><format>text</format><desc><![CDATA[6.汞中毒的首选解毒药物是]]></desc><options><option><id>A</id><type>text</type><desc><![CDATA[青霉胺]]></desc></option><option><id>B</id><type>text</type><desc><![CDATA[二巯丙磺钠]]></desc></option><option><id>C</id><type>text</type><desc><![CDATA[二巯丁二钠]]></desc></option><option><id>D</id><type>text</type><desc><![CDATA[亚甲蓝]]></desc></option><option><id>E</id><type>text</type><desc><![CDATA[乙酰胺]]></desc></option></options><answers><![CDATA[B]]></answers></question><question><type>1</type><format>text</format><desc><![CDATA[7.主要用于遗传性铜代谢障碍性疾病的药物是]]></desc><options><option><id>A</id><type>text</type><desc><![CDATA[青霉胺]]></desc></option><option><id>B</id><type>text</type><desc><![CDATA[去铁胺]]></desc></option><option><id>C</id><type>text</type><desc><![CDATA[依地酸钙钠]]></desc></option><option><id>D</id><type>text</type><desc><![CDATA[亚硝酸钠]]></desc></option><option><id>E</id><type>text</type><desc><![CDATA[二巯丁二钠]]></desc></option></options><answers><![CDATA[A]]></answers></question><question><type>1</type><format>text</format><desc><![CDATA[8.铅中毒的首选解毒药物是]]></desc><options><option><id>A</id><type>text</type><desc><![CDATA[二巯丁二钠]]></desc></option><option><id>B</id><type>text</type><desc><![CDATA[依地酸钙钠]]></desc></option><option><id>C</id><type>text</type><desc><![CDATA[青霉胺]]></desc></option><option><id>D</id><type>text</type><desc><![CDATA[亚硝酸钠]]></desc></option><option><id>E</id><type>text</type><desc><![CDATA[去铁胺]]></desc></option></options><answers><![CDATA[B]]></answers></question><question><type>1</type><format>text</format><desc><![CDATA[9.铁中毒的首选解毒药物是]]></desc><options><option><id>A</id><type>text</type><desc><![CDATA[二巯丁二钠]]></desc></option><option><id>B</id><type>text</type><desc><![CDATA[依地酸钙钠]]></desc></option><option><id>C</id><type>text</type><desc><![CDATA[青霉胺]]></desc></option><option><id>D</id><type>text</type><desc><![CDATA[亚硝酸钠]]></desc></option><option><id>E</id><type>text</type><desc><![CDATA[去铁胺]]></desc></option></options><answers><![CDATA[E]]></answers></question><question><type>1</type><format>text</format><desc><![CDATA[10.属于高铁血红蛋白形成剂是]]></desc><options><option><id>A</id><type>text</type><desc><![CDATA[二巯丙醇]]></desc></option><option><id>B</id><type>text</type><desc><![CDATA[依地酸钙钠]]></desc></option><option><id>C</id><type>text</type><desc><![CDATA[硫代硫酸钠]]></desc></option><option><id>D</id><type>text</type><desc><![CDATA[亚硝酸钠]]></desc></option><option><id>E</id><type>text</type><desc><![CDATA[青霉胺]]></desc></option></options><answers><![CDATA[D]]></answers></question><question><type>1</type><format>text</format><desc><![CDATA[11.解救亚硝酸钠导致的高铁血红蛋白血症，可选用]]></desc><options><option><id>A</id><type>text</type><desc><![CDATA[大剂量亚甲蓝]]></desc></option><option><id>B</id><type>text</type><desc><![CDATA[小剂量亚甲蓝]]></desc></option><option><id>C</id><type>text</type><desc><![CDATA[大剂量硫代硫酸钠]]></desc></option><option><id>D</id><type>text</type><desc><![CDATA[小剂量硫代硫酸钠]]></desc></option><option><id>E</id><type>text</type><desc><![CDATA[二巯丙磺酸钠]]></desc></option></options><answers><![CDATA[B]]></answers></question><question><type>1</type><format>text</format><desc><![CDATA[12.常用的供硫剂是]]></desc><options><option><id>A</id><type>text</type><desc><![CDATA[二巯丙醇]]></desc></option><option><id>B</id><type>text</type><desc><![CDATA[二巯丙磺酸钠]]></desc></option><option><id>C</id><type>text</type><desc><![CDATA[二巯丁二钠]]></desc></option><option><id>D</id><type>text</type><desc><![CDATA[硫代硫酸钠]]></desc></option><option><id>E</id><type>text</type><desc><![CDATA[青霉胺]]></desc></option></options><answers><![CDATA[D]]></answers></question><question><type>1</type><format>text</format><desc><![CDATA[13.抗凝血类灭鼠药中毒的特效解毒药是]]></desc><options><option><id>A</id><type>text</type><desc><![CDATA[维生素K<sub>1</sub>]]></desc></option><option><id>B</id><type>text</type><desc><![CDATA[氯解磷定]]></desc></option><option><id>C</id><type>text</type><desc><![CDATA[青霉胺]]></desc></option><option><id>D</id><type>text</type><desc><![CDATA[乙酰胺]]></desc></option><option><id>E</id><type>text</type><desc><![CDATA[阿托品]]></desc></option></options><answers><![CDATA[A]]></answers></question><question><type>1</type><format>text</format><desc><![CDATA[14.有机氟类灭鼠药中毒的特效解毒药是]]></desc><options><option><id>A</id><type>text</type><desc><![CDATA[氯解磷定]]></desc></option><option><id>B</id><type>text</type><desc><![CDATA[碘解磷定]]></desc></option><option><id>C</id><type>text</type><desc><![CDATA[维生素K<sub>1</sub>]]></desc></option><option><id>D</id><type>text</type><desc><![CDATA[乙酰胺]]></desc></option><option><id>E</id><type>text</type><desc><![CDATA[二巯丙醇]]></desc></option></options><answers><![CDATA[D]]></answers></question></questions></exam>