﻿<?xml version="1.0" encoding="UTF-8"?><exam><id>20181102083205</id><questions><instructions><![CDATA[一、单项选择题]]></instructions><question><type>1</type><format>text</format><desc><![CDATA[1.老年人的用药剂量通常是成人剂量的]]></desc><options><option><id>A</id><type>text</type><desc><![CDATA[1/2]]></desc></option><option><id>B</id><type>text</type><desc><![CDATA[1/3]]></desc></option><option><id>C</id><type>text</type><desc><![CDATA[2/3]]></desc></option><option><id>D</id><type>text</type><desc><![CDATA[3/4]]></desc></option><option><id>E</id><type>text</type><desc><![CDATA[3/5]]></desc></option></options><answers><![CDATA[D]]></answers></question><question><type>1</type><format>html</format><desc><![CDATA[2．对影响药物作用的生理因素叙述，<u><b>错误</b></u>的是]]></desc><options><option><id>A</id><type>text</type><desc><![CDATA[月经期使用抗凝药可使月经量增多]]></desc></option><option><id>B</id><type>text</type><desc><![CDATA[肝、肾功能不全的患者，药物的消除速度减慢]]></desc></option><option><id>C</id><type>text</type><desc><![CDATA[药物的特异质反应与遗传因素有关]]></desc></option><option><id>D</id><type>text</type><desc><![CDATA[安慰剂对心绞痛具有一定疗效]]></desc></option><option><id>E</id><type>text</type><desc><![CDATA[低蛋白血症患者对药物的敏感性低]]></desc></option></options><answers><![CDATA[E]]></answers></question><question><type>1</type><format>text</format><desc><![CDATA[3.不同的给药途径，药物出现作用的快慢顺序为]]></desc><options><option><id>A</id><type>text</type><desc><![CDATA[静脉给药＞吸入＞舌下给药＞肌内注射＞皮下注射＞直肠给药＞口服给药＞皮肤给药]]></desc></option><option><id>B</id><type>text</type><desc><![CDATA[静脉给药＞舌下给药＞吸入＞肌内注射＞皮下注射＞直肠给药＞口服给药＞皮肤给药]]></desc></option><option><id>C</id><type>text</type><desc><![CDATA[静脉给药＞吸入＞舌下给药＞肌内注射＞皮下注射＞口服给药＞直肠给药＞皮肤给药]]></desc></option><option><id>D</id><type>text</type><desc><![CDATA[吸入＞静脉给药＞舌下给药＞肌内注射＞皮下注射＞直肠给药＞口服给药＞皮肤给药]]></desc></option><option><id>E</id><type>text</type><desc><![CDATA[静脉给药＞吸入＞肌内注射＞舌下给药＞皮下注射＞直肠给药＞口服给药＞皮肤给药]]></desc></option></options><answers><![CDATA[A]]></answers></question><question><type>1</type><format>text</format><desc><![CDATA[4.对胃有刺激性的药物通常应]]></desc><options><option><id>A</id><type>text</type><desc><![CDATA[空腹服]]></desc></option><option><id>B</id><type>text</type><desc><![CDATA[饭前服]]></desc></option><option><id>C</id><type>text</type><desc><![CDATA[饭后服]]></desc></option><option><id>D</id><type>text</type><desc><![CDATA[睡前服]]></desc></option><option><id>E</id><type>text</type><desc><![CDATA[定时服]]></desc></option></options><answers><![CDATA[C]]></answers></question><question><type>1</type><format>text</format><desc><![CDATA[5.解救有机磷农药中毒时阿托品的剂量可超过极量，其决定因素是]]></desc><options><option><id>A</id><type>text</type><desc><![CDATA[生理因素]]></desc></option><option><id>B</id><type>text</type><desc><![CDATA[心理因素]]></desc></option><option><id>C</id><type>text</type><desc><![CDATA[遗传因素]]></desc></option><option><id>D</id><type>text</type><desc><![CDATA[病理因素]]></desc></option><option><id>E</id><type>text</type><desc><![CDATA[个体差异]]></desc></option></options><answers><![CDATA[D]]></answers></question><question><type>1</type><format>html</format><desc><![CDATA[6.对联合用药的叙述，<u><b>错误</b></u>的是]]></desc><options><option><id>A</id><type>text</type><desc><![CDATA[产生的协同作用可以提高药物疗效]]></desc></option><option><id>B</id><type>text</type><desc><![CDATA[产生的协同作用可以增加药物毒性]]></desc></option><option><id>C</id><type>text</type><desc><![CDATA[产生的拮抗作用可以降低药物疗效]]></desc></option><option><id>D</id><type>text</type><desc><![CDATA[产生的拮抗作用都是对机体不利的]]></desc></option><option><id>E</id><type>text</type><desc><![CDATA[可以产生配伍禁忌]]></desc></option></options><answers><![CDATA[D]]></answers></question><question><type>1</type><format>text</format><desc><![CDATA[7.对影响药物作用的因素叙述，正确的是]]></desc><options><option><id>A</id><type>text</type><desc><![CDATA[肌内注射时，水溶液较乳剂吸收慢]]></desc></option><option><id>B</id><type>text</type><desc><![CDATA[结构相似的药物，可以产生拮抗作用]]></desc></option><option><id>C</id><type>text</type><desc><![CDATA[同一药物的不同剂型，其药物生物利用度没有差异]]></desc></option><option><id>D</id><type>text</type><desc><![CDATA[同一药物的不同给药途径，不可能产生不同的药理效应]]></desc></option><option><id>E</id><type>text</type><desc><![CDATA[半衰期长的药物，每日给药次数相应增多]]></desc></option></options><answers><![CDATA[B]]></answers></question><question><type>1</type><format>text</format><desc><![CDATA[8.与安慰剂对某些疾病具有一定疗效有关的因素是]]></desc><options><option><id>A</id><type>text</type><desc><![CDATA[生理因素]]></desc></option><option><id>B</id><type>text</type><desc><![CDATA[病理因素]]></desc></option><option><id>C</id><type>text</type><desc><![CDATA[心理因素]]></desc></option><option><id>D</id><type>text</type><desc><![CDATA[遗传因素]]></desc></option><option><id>E</id><type>text</type><desc><![CDATA[个体差异]]></desc></option></options><answers><![CDATA[C]]></answers></question><question><type>1</type><format>text</format><desc><![CDATA[9.药物治疗指数最大的药物是]]></desc><options><option><id>A</id><type>text</type><desc><![CDATA[A药的LD<sub>50</sub>=50mg，ED<sub>50</sub>=100mg]]></desc></option><option><id>B</id><type>text</type><desc><![CDATA[B药的LD<sub>50</sub>=100mg，ED<sub>50</sub>=50mg]]></desc></option><option><id>C</id><type>text</type><desc><![CDATA[C药的LD<sub>50</sub>=500mg，ED<sub>50</sub>=250mg]]></desc></option><option><id>D</id><type>text</type><desc><![CDATA[D药的LD<sub>50</sub>=50mg，ED<sub>50</sub>=10mg]]></desc></option><option><id>E</id><type>text</type><desc><![CDATA[E药的LD<sub>50</sub>=100mg，ED<sub>50</sub>=25mg]]></desc></option></options><answers><![CDATA[D]]></answers></question><question><type>1</type><format>text</format><desc><![CDATA[10.药物产生的最大效应的能力称为]]></desc><options><option><id>A</id><type>text</type><desc><![CDATA[阈剂量]]></desc></option><option><id>B</id><type>text</type><desc><![CDATA[效能]]></desc></option><option><id>C</id><type>text</type><desc><![CDATA[效价强度]]></desc></option><option><id>D</id><type>text</type><desc><![CDATA[治疗量]]></desc></option><option><id>E</id><type>text</type><desc><![CDATA[ED<sub>50</sub>]]></desc></option></options><answers><![CDATA[B]]></answers></question></questions></exam>