﻿<?xml version="1.0" encoding="UTF-8"?><exam><id>20181102104845</id><questions><instructions><![CDATA[一、单项选择题]]></instructions><question><type>1</type><format>text</format><desc><![CDATA[1.氯丙嗪抗精神病作用的主要机制是]]></desc><options><option><id>A</id><type>text</type><desc><![CDATA[阻断黑质-纹状体通路D<sub>2</sub>受体]]></desc></option><option><id>B</id><type>text</type><desc><![CDATA[阻断中脑-边缘系统通路和中脑-皮质通路D<sub>2</sub>受体]]></desc></option><option><id>C</id><type>text</type><desc><![CDATA[阻断结节-漏斗通路D<sub>2</sub>受体]]></desc></option><option><id>D</id><type>text</type><desc><![CDATA[阻断肾上腺素(受体]]></desc></option><option><id>E</id><type>text</type><desc><![CDATA[阻断M胆碱受体]]></desc></option></options><answers><![CDATA[B]]></answers></question><question><type>1</type><format>html</format><desc><![CDATA[2.氯丙嗪<u><b>不宜</b></u>用于治疗]]></desc><options><option><id>A</id><type>text</type><desc><![CDATA[精神分裂症]]></desc></option><option><id>B</id><type>text</type><desc><![CDATA[顽固性呃逆]]></desc></option><option><id>C</id><type>text</type><desc><![CDATA[晕动症所致的呕吐]]></desc></option><option><id>D</id><type>text</type><desc><![CDATA[人工冬眠]]></desc></option><option><id>E</id><type>text</type><desc><![CDATA[其他精神病伴有的躁动和妄想等症状]]></desc></option></options><answers><![CDATA[C]]></answers></question><question><type>1</type><format>text</format><desc><![CDATA[3.长期应用氯丙嗪治疗精神病的最常见不良反应是]]></desc><options><option><id>A</id><type>text</type><desc><![CDATA[过敏反应]]></desc></option><option><id>B</id><type>text</type><desc><![CDATA[直立性低血压]]></desc></option><option><id>C</id><type>text</type><desc><![CDATA[锥体外系反应]]></desc></option><option><id>D</id><type>text</type><desc><![CDATA[内分泌紊乱]]></desc></option><option><id>E</id><type>text</type><desc><![CDATA[中枢抑制症状]]></desc></option></options><answers><![CDATA[C]]></answers></question><question><type>1</type><format>html</format><desc><![CDATA[4.有关氯丙嗪对体温调节的影响，<u><b>不正确</b></u>的是]]></desc><options><option><id>A</id><type>text</type><desc><![CDATA[抑制下丘脑体温调节中枢]]></desc></option><option><id>B</id><type>text</type><desc><![CDATA[在低温环境中使体温降低]]></desc></option><option><id>C</id><type>text</type><desc><![CDATA[在高温环境中使体温升高]]></desc></option><option><id>D</id><type>text</type><desc><![CDATA[可降低发热体温，对正常体温无影响]]></desc></option><option><id>E</id><type>text</type><desc><![CDATA[可用于低温麻醉]]></desc></option></options><answers><![CDATA[D]]></answers></question><question><type>1</type><format>text</format><desc><![CDATA[5.锥体外系反应轻微的药物是]]></desc><options><option><id>A</id><type>text</type><desc><![CDATA[五氟利多]]></desc></option><option><id>B</id><type>text</type><desc><![CDATA[氟哌啶醇]]></desc></option><option><id>C</id><type>text</type><desc><![CDATA[氯丙嗪]]></desc></option><option><id>D</id><type>text</type><desc><![CDATA[氟哌利多]]></desc></option><option><id>E</id><type>text</type><desc><![CDATA[氯氮平]]></desc></option></options><answers><![CDATA[E]]></answers></question><question><type>1</type><format>text</format><desc><![CDATA[6.具有抗焦虑抑郁情绪的抗精神病药物是]]></desc><options><option><id>A</id><type>text</type><desc><![CDATA[氯丙嗪]]></desc></option><option><id>B</id><type>text</type><desc><![CDATA[五氟利多]]></desc></option><option><id>C</id><type>text</type><desc><![CDATA[氯普噻吨]]></desc></option><option><id>D</id><type>text</type><desc><![CDATA[氯氮平]]></desc></option><option><id>E</id><type>text</type><desc><![CDATA[氟哌啶醇]]></desc></option></options><answers><![CDATA[C]]></answers></question><question><type>1</type><format>text</format><desc><![CDATA[7.其他抗精神病药治疗无效的精神分裂症病人，可选用]]></desc><options><option><id>A</id><type>text</type><desc><![CDATA[氯氮平]]></desc></option><option><id>B</id><type>text</type><desc><![CDATA[氟奋乃静]]></desc></option><option><id>C</id><type>text</type><desc><![CDATA[硫利达嗪]]></desc></option><option><id>D</id><type>text</type><desc><![CDATA[氯丙嗪]]></desc></option><option><id>E</id><type>text</type><desc><![CDATA[三氟拉嗪]]></desc></option></options><answers><![CDATA[A]]></answers></question><question><type>1</type><format>html</format><desc><![CDATA[8.关于丙米嗪的叙述哪一项是<u><b>错误</b></u>的]]></desc><options><option><id>A</id><type>text</type><desc><![CDATA[抑制神经末梢突触前膜对去甲肾上腺素和5-HT的再摄取]]></desc></option><option><id>B</id><type>text</type><desc><![CDATA[阻断M胆碱受体]]></desc></option><option><id>C</id><type>text</type><desc><![CDATA[对精神分裂症的抑郁症状效果较好]]></desc></option><option><id>D</id><type>text</type><desc><![CDATA[对正常人有镇静作用]]></desc></option><option><id>E</id><type>text</type><desc><![CDATA[抑郁症病人连续用药后，可出现精神振奋、情绪高涨]]></desc></option></options><answers><![CDATA[C]]></answers></question><question><type>1</type><format>text</format><desc><![CDATA[9.病人，男性，32岁。因精神分裂症长期服用氯丙嗪，原来的兴奋、躁动、幻觉、妄想等症状消失，但近日来出现肌肉震颤、动作迟缓、流涎等症状，诊断为氯丙嗪引起的帕金森综合征，应采取何药治疗]]></desc><options><option><id>A</id><type>text</type><desc><![CDATA[金刚烷胺]]></desc></option><option><id>B</id><type>text</type><desc><![CDATA[苯海索]]></desc></option><option><id>C</id><type>text</type><desc><![CDATA[卡比多巴]]></desc></option><option><id>D</id><type>text</type><desc><![CDATA[左旋多巴]]></desc></option><option><id>E</id><type>text</type><desc><![CDATA[溴隐亭]]></desc></option></options><answers><![CDATA[B]]></answers></question><question><type>1</type><format>text</format><desc><![CDATA[10.病人，女性，28岁。因1小时前吞服一整瓶氯丙嗪而入院。查体：病人昏睡，血压下降达休克水平，心电图出现Q-T间期延长。此时除洗胃及其他对症治疗外，应给予的升压药物是]]></desc><options><option><id>A</id><type>text</type><desc><![CDATA[麻黄碱]]></desc></option><option><id>B</id><type>text</type><desc><![CDATA[多巴胺]]></desc></option><option><id>C</id><type>text</type><desc><![CDATA[肾上腺素]]></desc></option><option><id>D</id><type>text</type><desc><![CDATA[去甲肾上腺素]]></desc></option><option><id>E</id><type>text</type><desc><![CDATA[异丙肾上腺素]]></desc></option></options><answers><![CDATA[D]]></answers></question><question><type>1</type><format>text</format><desc><![CDATA[11.病人，男性，21岁，2周前无明显诱因突然出现兴奋、话多、活动增多、夸大，说自己能开大公司，行为冲动，脾气大，多次和陌生人发生冲突并动手打人。经诊断患有躁狂症，可选用哪种药物进行治疗]]></desc><options><option><id>A</id><type>text</type><desc><![CDATA[丙米嗪]]></desc></option><option><id>B</id><type>text</type><desc><![CDATA[地昔帕明]]></desc></option><option><id>C</id><type>text</type><desc><![CDATA[碳酸锂]]></desc></option><option><id>D</id><type>text</type><desc><![CDATA[氟西汀]]></desc></option><option><id>E</id><type>text</type><desc><![CDATA[阿米替林]]></desc></option></options><answers><![CDATA[C]]></answers></question></questions></exam>