﻿<?xml version="1.0" encoding="UTF-8"?><exam><id>20181102083739</id><questions><instructions><![CDATA[一、单项选择题]]></instructions><question><type>1</type><format>text</format><desc><![CDATA[1.毛果芸香碱滴眼可引起]]></desc><options><option><id>A</id><type>text</type><desc><![CDATA[缩瞳、升高眼内压、调节痉挛]]></desc></option><option><id>B</id><type>text</type><desc><![CDATA[缩瞳、降低眼内压、调节麻痹]]></desc></option><option><id>C</id><type>text</type><desc><![CDATA[扩瞳、降低眼内压、调节麻痹]]></desc></option><option><id>D</id><type>text</type><desc><![CDATA[扩瞳、升高眼内压、调节痉挛]]></desc></option><option><id>E</id><type>text</type><desc><![CDATA[缩瞳、降低眼内压、调节痉挛]]></desc></option></options><answers><![CDATA[E]]></answers></question><question><type>1</type><format>text</format><desc><![CDATA[2.眼部注射给药，用于人工晶状体植入、白内障摘除、角膜移植等需要缩瞳的眼科手术的药物是]]></desc><options><option><id>A</id><type>text</type><desc><![CDATA[新斯的明]]></desc></option><option><id>B</id><type>text</type><desc><![CDATA[卡巴胆碱]]></desc></option><option><id>C</id><type>text</type><desc><![CDATA[毛果芸香碱]]></desc></option><option><id>D</id><type>text</type><desc><![CDATA[乙酰胆碱]]></desc></option><option><id>E</id><type>text</type><desc><![CDATA[毒扁豆碱]]></desc></option></options><answers><![CDATA[B]]></answers></question><question><type>1</type><format>text</format><desc><![CDATA[3.毛果芸香碱使瞳孔缩小是因为其能]]></desc><options><option><id>A</id><type>text</type><desc><![CDATA[激动虹膜括约肌上的M受体]]></desc></option><option><id>B</id><type>text</type><desc><![CDATA[激动虹膜辐射肌上的α受体]]></desc></option><option><id>C</id><type>text</type><desc><![CDATA[激动睫状肌上的M受体]]></desc></option><option><id>D</id><type>text</type><desc><![CDATA[激动睫状肌上的α受体]]></desc></option><option><id>E</id><type>text</type><desc><![CDATA[激动睫状肌上的β受体]]></desc></option></options><answers><![CDATA[A]]></answers></question><question><type>1</type><format>text</format><desc><![CDATA[4.关于毛果芸香碱的叙述，正确的是]]></desc><options><option><id>A</id><type>text</type><desc><![CDATA[毛果芸香碱为M受体激动药]]></desc></option><option><id>B</id><type>text</type><desc><![CDATA[可抑制胆碱酯酶活性]]></desc></option><option><id>C</id><type>text</type><desc><![CDATA[可导致视近物模糊而视远物清楚]]></desc></option><option><id>D</id><type>text</type><desc><![CDATA[不易透过角膜，对眼的作用很弱]]></desc></option><option><id>E</id><type>text</type><desc><![CDATA[可用于治疗重症肌无力]]></desc></option></options><answers><![CDATA[A]]></answers></question><question><type>1</type><format>html</format><desc><![CDATA[5.关于新斯的明的叙述，<u><b>错误</b></u>的是]]></desc><options><option><id>A</id><type>text</type><desc><![CDATA[对骨骼肌的兴奋作用最强]]></desc></option><option><id>B</id><type>text</type><desc><![CDATA[为难逆性胆碱酯酶抑制药]]></desc></option><option><id>C</id><type>text</type><desc><![CDATA[可用于术后腹气胀和尿潴留]]></desc></option><option><id>D</id><type>text</type><desc><![CDATA[不易透过角膜，对眼的作用很弱]]></desc></option><option><id>E</id><type>text</type><desc><![CDATA[禁用于支气管哮喘病人]]></desc></option></options><answers><![CDATA[B]]></answers></question><question><type>1</type><format>html</format><desc><![CDATA[6.新斯的明<u><b>禁用</b></u>于]]></desc><options><option><id>A</id><type>text</type><desc><![CDATA[青光眼]]></desc></option><option><id>B</id><type>text</type><desc><![CDATA[重症肌无力]]></desc></option><option><id>C</id><type>text</type><desc><![CDATA[机械性肠梗阻]]></desc></option><option><id>D</id><type>text</type><desc><![CDATA[术后尿潴留]]></desc></option><option><id>E</id><type>text</type><desc><![CDATA[高血压]]></desc></option></options><answers><![CDATA[C]]></answers></question><question><type>1</type><format>text</format><desc><![CDATA[7.新斯的明最强大的作用是]]></desc><options><option><id>A</id><type>text</type><desc><![CDATA[促进腺体分泌]]></desc></option><option><id>B</id><type>text</type><desc><![CDATA[心脏抑制]]></desc></option><option><id>C</id><type>text</type><desc><![CDATA[瞳孔缩小]]></desc></option><option><id>D</id><type>text</type><desc><![CDATA[兴奋胃肠道平滑肌]]></desc></option><option><id>E</id><type>text</type><desc><![CDATA[兴奋骨骼肌]]></desc></option></options><answers><![CDATA[E]]></answers></question><question><type>1</type><format>text</format><desc><![CDATA[8.关于毒扁豆碱的叙述，正确的是]]></desc><options><option><id>A</id><type>text</type><desc><![CDATA[能直接激动M受体]]></desc></option><option><id>B</id><type>text</type><desc><![CDATA[对M受体的选择性强]]></desc></option><option><id>C</id><type>text</type><desc><![CDATA[为易逆性胆碱酯酶抑制药]]></desc></option><option><id>D</id><type>text</type><desc><![CDATA[可用于治疗重症肌无力]]></desc></option><option><id>E</id><type>text</type><desc><![CDATA[不引起调节痉挛]]></desc></option></options><answers><![CDATA[C]]></answers></question><question><type>1</type><format>text</format><desc><![CDATA[9.毛果芸香碱调节痉挛的作用是因其激动]]></desc><options><option><id>A</id><type>text</type><desc><![CDATA[虹膜括约肌上的M受体]]></desc></option><option><id>B</id><type>text</type><desc><![CDATA[睫状肌上的α受体]]></desc></option><option><id>C</id><type>text</type><desc><![CDATA[虹膜瞳孔开大肌上的α受体]]></desc></option><option><id>D</id><type>text</type><desc><![CDATA[睫状肌上的M受体]]></desc></option><option><id>E</id><type>text</type><desc><![CDATA[睫状肌上的β受体]]></desc></option></options><answers><![CDATA[D]]></answers></question><question><type>1</type><format>text</format><desc><![CDATA[10.腹部手术后发生的腹气胀，最好选用的药物是]]></desc><options><option><id>A</id><type>text</type><desc><![CDATA[卡巴胆碱]]></desc></option><option><id>B</id><type>text</type><desc><![CDATA[乙酰胆碱]]></desc></option><option><id>C</id><type>text</type><desc><![CDATA[毛果芸香碱]]></desc></option><option><id>D</id><type>text</type><desc><![CDATA[新斯的明]]></desc></option><option><id>E</id><type>text</type><desc><![CDATA[毒扁豆碱]]></desc></option></options><answers><![CDATA[D]]></answers></question><question><type>1</type><format>text</format><desc><![CDATA[11.病人，男性，39岁。因眼睑下垂、声音嘶哑、复视、表情淡漠、四肢无力、咀嚼、吞咽困难等症状入院。经检查，诊断为重症肌无力。该病人应选用的治疗药物是]]></desc><options><option><id>A</id><type>text</type><desc><![CDATA[乙酰胆碱]]></desc></option><option><id>B</id><type>text</type><desc><![CDATA[卡巴胆碱]]></desc></option><option><id>C</id><type>text</type><desc><![CDATA[毛果芸香碱]]></desc></option><option><id>D</id><type>text</type><desc><![CDATA[新斯的明]]></desc></option><option><id>E</id><type>text</type><desc><![CDATA[毒扁豆碱]]></desc></option></options><answers><![CDATA[D]]></answers></question><question><type>1</type><format>text</format><desc><![CDATA[12.病人，女性，50岁。病人因剧烈眼痛，头痛，恶心，呕吐，急诊来院。检查：明显的睫状充血，角膜水肿，前房浅。瞳孔中等度开大，呈竖椭圆形，眼压升高为51mmHg。房角镜检查：房角关闭。诊断：闭角型青光眼急性发作。该病人应立即使用的治疗药物是]]></desc><options><option><id>A</id><type>text</type><desc><![CDATA[毛果芸香碱]]></desc></option><option><id>B</id><type>text</type><desc><![CDATA[新斯的明]]></desc></option><option><id>C</id><type>text</type><desc><![CDATA[阿托品]]></desc></option><option><id>D</id><type>text</type><desc><![CDATA[肾上腺素]]></desc></option><option><id>E</id><type>text</type><desc><![CDATA[去甲肾上腺素]]></desc></option></options><answers><![CDATA[A]]></answers></question><question><type>1</type><format>text</format><desc><![CDATA[13.病人，男性，45岁。腹部手术后发生尿潴留，诊断为膀胱麻痹所致，最好选用的药物是]]></desc><options><option><id>A</id><type>text</type><desc><![CDATA[乙酰胆碱]]></desc></option><option><id>B</id><type>text</type><desc><![CDATA[卡巴胆碱]]></desc></option><option><id>C</id><type>text</type><desc><![CDATA[毛果芸香碱]]></desc></option><option><id>D</id><type>text</type><desc><![CDATA[新斯的明]]></desc></option><option><id>E</id><type>text</type><desc><![CDATA[毒扁豆碱]]></desc></option></options><answers><![CDATA[D]]></answers></question><question><type>1</type><format>text</format><desc><![CDATA[14.病人，女性，35岁。因呼吸困难入院，诊断为重症肌无力，应选用的治疗药物是]]></desc><options><option><id>A</id><type>text</type><desc><![CDATA[乙酰胆碱]]></desc></option><option><id>B</id><type>text</type><desc><![CDATA[卡巴胆碱]]></desc></option><option><id>C</id><type>text</type><desc><![CDATA[毛果芸香碱]]></desc></option><option><id>D</id><type>text</type><desc><![CDATA[新斯的明]]></desc></option><option><id>E</id><type>text</type><desc><![CDATA[毒扁豆碱]]></desc></option></options><answers><![CDATA[D]]></answers></question><question><type>1</type><format>text</format><desc><![CDATA[15.病人，男性，59岁。因青光眼入院，应选用的治疗药物是]]></desc><options><option><id>A</id><type>text</type><desc><![CDATA[乙酰胆碱]]></desc></option><option><id>B</id><type>text</type><desc><![CDATA[新斯的明]]></desc></option><option><id>C</id><type>text</type><desc><![CDATA[毛果芸香碱]]></desc></option><option><id>D</id><type>text</type><desc><![CDATA[安贝氯铵]]></desc></option><option><id>E</id><type>text</type><desc><![CDATA[吡斯的明]]></desc></option></options><answers><![CDATA[C]]></answers></question><question><type>1</type><format>html</format><desc><![CDATA[16.病人，女性，48岁。因眼睑下垂，斜视、复视，肌无力入院，诊断为重症肌无力，选用新斯的明治疗。该病人用药过程中，<u><b>不能</b></u>合用的药物是]]></desc><options><option><id>A</id><type>text</type><desc><![CDATA[庆大霉素]]></desc></option><option><id>B</id><type>text</type><desc><![CDATA[罗红霉素]]></desc></option><option><id>C</id><type>text</type><desc><![CDATA[青霉素]]></desc></option><option><id>D</id><type>text</type><desc><![CDATA[阿莫西林]]></desc></option><option><id>E</id><type>text</type><desc><![CDATA[头孢哌酮]]></desc></option></options><answers><![CDATA[A]]></answers></question><question><type>1</type><format>text</format><desc><![CDATA[17.病人，女性，45岁。主诉：近日出现视物模糊，四肢无力，咀嚼、吞咽困难。检查：眼睑下垂，肌张力下降。诊断：重症肌无力。选用溴新斯的明治疗。该药如果使用过量可引起]]></desc><options><option><id>A</id><type>text</type><desc><![CDATA[机械性肠梗阻]]></desc></option><option><id>B</id><type>text</type><desc><![CDATA[胆碱能危象]]></desc></option><option><id>C</id><type>text</type><desc><![CDATA[骨髓抑制]]></desc></option><option><id>D</id><type>text</type><desc><![CDATA[心脏毒性]]></desc></option><option><id>E</id><type>text</type><desc><![CDATA[肝脏毒性]]></desc></option></options><answers><![CDATA[B]]></answers></question><question><type>1</type><format>text</format><desc><![CDATA[18.病人，女性，22岁。因剧烈眼胀、头痛、视力锐减就诊。经检查，病人眼内压升高，诊断为急性闭角型青光眼。选用毛果芸香碱治疗，该药常用的给药途径为]]></desc><options><option><id>A</id><type>text</type><desc><![CDATA[口服]]></desc></option><option><id>B</id><type>text</type><desc><![CDATA[肌内注射]]></desc></option><option><id>C</id><type>text</type><desc><![CDATA[皮下注射]]></desc></option><option><id>D</id><type>text</type><desc><![CDATA[静脉注射]]></desc></option><option><id>E</id><type>text</type><desc><![CDATA[滴眼]]></desc></option></options><answers><![CDATA[E]]></answers></question></questions></exam>