﻿<?xml version="1.0" encoding="UTF-8"?><exam><id>20181102103053</id><questions><instructions><![CDATA[一、单项选择题]]></instructions><question><type>1</type><format>text</format><desc><![CDATA[1.广谱抗癫痫药是]]></desc><options><option><id>A</id><type>text</type><desc><![CDATA[丙戊酸钠]]></desc></option><option><id>B</id><type>text</type><desc><![CDATA[卡马西平]]></desc></option><option><id>C</id><type>text</type><desc><![CDATA[乙琥胺]]></desc></option><option><id>D</id><type>text</type><desc><![CDATA[苯妥英钠]]></desc></option><option><id>E</id><type>text</type><desc><![CDATA[地西泮]]></desc></option></options><answers><![CDATA[A]]></answers></question><question><type>1</type><format>text</format><desc><![CDATA[2.癫痫持续状态的首选药物是]]></desc><options><option><id>A</id><type>text</type><desc><![CDATA[地西泮]]></desc></option><option><id>B</id><type>text</type><desc><![CDATA[丙戊酸钠]]></desc></option><option><id>C</id><type>text</type><desc><![CDATA[乙琥胺]]></desc></option><option><id>D</id><type>text</type><desc><![CDATA[拉莫三嗪]]></desc></option><option><id>E</id><type>text</type><desc><![CDATA[氯硝西泮]]></desc></option></options><answers><![CDATA[A]]></answers></question><question><type>1</type><format>text</format><desc><![CDATA[3.只对失神发作有效对其他发作无效的抗癫痫药是]]></desc><options><option><id>A</id><type>text</type><desc><![CDATA[苯巴比妥]]></desc></option><option><id>B</id><type>text</type><desc><![CDATA[地西泮]]></desc></option><option><id>C</id><type>text</type><desc><![CDATA[卡马西平]]></desc></option><option><id>D</id><type>text</type><desc><![CDATA[乙琥胺]]></desc></option><option><id>E</id><type>text</type><desc><![CDATA[苯妥英钠]]></desc></option></options><answers><![CDATA[D]]></answers></question><question><type>1</type><format>text</format><desc><![CDATA[4.长期应用可致牙龈增生的药物是]]></desc><options><option><id>A</id><type>text</type><desc><![CDATA[丙戊酸钠]]></desc></option><option><id>B</id><type>text</type><desc><![CDATA[乙琥胺]]></desc></option><option><id>C</id><type>text</type><desc><![CDATA[卡马西平]]></desc></option><option><id>D</id><type>text</type><desc><![CDATA[拉莫三嗪]]></desc></option><option><id>E</id><type>text</type><desc><![CDATA[苯妥英钠]]></desc></option></options><answers><![CDATA[E]]></answers></question><question><type>1</type><format>text</format><desc><![CDATA[5.对三叉神经痛疗效较好的抗癫痫药是]]></desc><options><option><id>A</id><type>text</type><desc><![CDATA[丙戊酸钠]]></desc></option><option><id>B</id><type>text</type><desc><![CDATA[苯巴比妥]]></desc></option><option><id>C</id><type>text</type><desc><![CDATA[乙琥胺]]></desc></option><option><id>D</id><type>text</type><desc><![CDATA[卡马西平]]></desc></option><option><id>E</id><type>text</type><desc><![CDATA[左乙拉西坦]]></desc></option></options><answers><![CDATA[D]]></answers></question><question><type>1</type><format>text</format><desc><![CDATA[6.有抗心律失常作用的抗癫痫药是]]></desc><options><option><id>A</id><type>text</type><desc><![CDATA[苯妥英钠]]></desc></option><option><id>B</id><type>text</type><desc><![CDATA[丙戊酸钠]]></desc></option><option><id>C</id><type>text</type><desc><![CDATA[乙琥胺]]></desc></option><option><id>D</id><type>text</type><desc><![CDATA[卡马西平]]></desc></option><option><id>E</id><type>text</type><desc><![CDATA[地西泮]]></desc></option></options><answers><![CDATA[A]]></answers></question><question><type>1</type><format>text</format><desc><![CDATA[7.对躁狂症、抑郁症有效的抗癫痫药是]]></desc><options><option><id>A</id><type>text</type><desc><![CDATA[丙戊酸钠]]></desc></option><option><id>B</id><type>text</type><desc><![CDATA[拉莫三嗪]]></desc></option><option><id>C</id><type>text</type><desc><![CDATA[乙琥胺]]></desc></option><option><id>D</id><type>text</type><desc><![CDATA[卡马西平]]></desc></option><option><id>E</id><type>text</type><desc><![CDATA[苯巴比妥]]></desc></option></options><answers><![CDATA[D]]></answers></question><question><type>1</type><format>html</format><desc><![CDATA[8.苯妥英钠的临床应用<u><b>不包括</b></u>]]></desc><options><option><id>A</id><type>text</type><desc><![CDATA[焦虑症]]></desc></option><option><id>B</id><type>text</type><desc><![CDATA[三叉神经痛]]></desc></option><option><id>C</id><type>text</type><desc><![CDATA[强心苷所致的心律失常]]></desc></option><option><id>D</id><type>text</type><desc><![CDATA[癫痫强直-阵挛发作]]></desc></option><option><id>E</id><type>text</type><desc><![CDATA[坐骨神经痛]]></desc></option></options><answers><![CDATA[A]]></answers></question><question><type>1</type><format>html</format><desc><![CDATA[9.关于苯妥英钠的注意事项叙述<u><b>错误</b></u>的是]]></desc><options><option><id>A</id><type>text</type><desc><![CDATA[宜饭后服用]]></desc></option><option><id>B</id><type>text</type><desc><![CDATA[静脉注射时需先稀释]]></desc></option><option><id>C</id><type>text</type><desc><![CDATA[应注意剂量个体化]]></desc></option><option><id>D</id><type>text</type><desc><![CDATA[经常按摩牙龈]]></desc></option><option><id>E</id><type>text</type><desc><![CDATA[尿液呈现红色时应立即停药]]></desc></option></options><answers><![CDATA[E]]></answers></question><question><type>1</type><format>text</format><desc><![CDATA[10.硫酸镁中毒现象首先表现为]]></desc><options><option><id>A</id><type>text</type><desc><![CDATA[膝腱反射减弱]]></desc></option><option><id>B</id><type>text</type><desc><![CDATA[呼吸减慢]]></desc></option><option><id>C</id><type>text</type><desc><![CDATA[心率减慢]]></desc></option><option><id>D</id><type>text</type><desc><![CDATA[尿量减少]]></desc></option><option><id>E</id><type>text</type><desc><![CDATA[血压下降]]></desc></option></options><answers><![CDATA[A]]></answers></question><question><type>1</type><format>html</format><desc><![CDATA[11.解救巴比妥类药物急性中毒<u><b>不正确</b></u>的是]]></desc><options><option><id>A</id><type>text</type><desc><![CDATA[高锰酸钾溶液洗胃]]></desc></option><option><id>B</id><type>text</type><desc><![CDATA[硫酸镁导泻]]></desc></option><option><id>C</id><type>text</type><desc><![CDATA[碳酸氢钠碱化尿液]]></desc></option><option><id>D</id><type>text</type><desc><![CDATA[呋塞米利尿]]></desc></option><option><id>E</id><type>text</type><desc><![CDATA[改善呼吸]]></desc></option></options><answers><![CDATA[B]]></answers></question><question><type>1</type><format>text</format><desc><![CDATA[12.病人，男性，35岁，近日因寒冷突然出现左侧面部剧痛，医院诊断为三叉神经痛，首选的治疗药物是]]></desc><options><option><id>A</id><type>text</type><desc><![CDATA[阿司匹林]]></desc></option><option><id>B</id><type>text</type><desc><![CDATA[布洛芬]]></desc></option><option><id>C</id><type>text</type><desc><![CDATA[卡马西平]]></desc></option><option><id>D</id><type>text</type><desc><![CDATA[苯妥英钠]]></desc></option><option><id>E</id><type>text</type><desc><![CDATA[哌替啶]]></desc></option></options><answers><![CDATA[C]]></answers></question><question><type>1</type><format>text</format><desc><![CDATA[13.病人，男性，20岁，有癫痫病史。今日多次抽搐发作，间歇期意识模糊，大小便失禁，来医院就诊，诊断为癫痫持续状态。应采取的紧急措施是]]></desc><options><option><id>A</id><type>text</type><desc><![CDATA[鼻饲抗癫痫药]]></desc></option><option><id>B</id><type>text</type><desc><![CDATA[静脉注射地西泮]]></desc></option><option><id>C</id><type>text</type><desc><![CDATA[肌内注射苯巴比妥]]></desc></option><option><id>D</id><type>text</type><desc><![CDATA[0.1%水合氯醛保留灌肠]]></desc></option><option><id>E</id><type>text</type><desc><![CDATA[20%甘露醇静脉滴注]]></desc></option></options><answers><![CDATA[B]]></answers></question></questions></exam>