﻿<?xml version="1.0" encoding="UTF-8"?><exam><id>20181101220752</id><questions><instructions><![CDATA[A1型题]]></instructions><question><type>1</type><format>text</format><desc><![CDATA[1.组成护理程序基本框架的理论是]]></desc><options><option><id>A</id><type>text</type><desc><![CDATA[人类基本需要层次论]]></desc></option><option><id>B</id><type>text</type><desc><![CDATA[方法论]]></desc></option><option><id>C</id><type>text</type><desc><![CDATA[系统论]]></desc></option><option><id>D</id><type>text</type><desc><![CDATA[交流论]]></desc></option><option><id>E</id><type>text</type><desc><![CDATA[解决问题论]]></desc></option></options><answers><![CDATA[C]]></answers></question><question><type>1</type><format>text</format><desc><![CDATA[2.下列属于客观资料的是]]></desc><options><option><id>A</id><type>text</type><desc><![CDATA[疼痛剧烈]]></desc></option><option><id>B</id><type>text</type><desc><![CDATA[焦虑]]></desc></option><option><id>C</id><type>text</type><desc><![CDATA[紧张]]></desc></option><option><id>D</id><type>text</type><desc><![CDATA[心率增加]]></desc></option><option><id>E</id><type>text</type><desc><![CDATA[皮肤发痒]]></desc></option></options><answers><![CDATA[D]]></answers></question><question><type>1</type><format>text</format><desc><![CDATA[3.下列收集的资料中，属于主观资料的是]]></desc><options><option><id>A</id><type>text</type><desc><![CDATA[血压160/130mmHg]]></desc></option><option><id>B</id><type>text</type><desc><![CDATA[右上腹部有一个3cm×5cm的肿块]]></desc></option><option><id>C</id><type>text</type><desc><![CDATA[肠鸣音亢进]]></desc></option><option><id>D</id><type>text</type><desc><![CDATA[病人头晕、腹胀]]></desc></option><option><id>E</id><type>text</type><desc><![CDATA[每日腹泻4次]]></desc></option></options><answers><![CDATA[D]]></answers></question><question><type>1</type><format>text</format><desc><![CDATA[4.在护理诊断陈述的PES公式中，“S”表示的含义是]]></desc><options><option><id>A</id><type>text</type><desc><![CDATA[健康问题]]></desc></option><option><id>B</id><type>text</type><desc><![CDATA[病因或相关因素]]></desc></option><option><id>C</id><type>text</type><desc><![CDATA[症状和体征]]></desc></option><option><id>D</id><type>text</type><desc><![CDATA[病人的心理状况]]></desc></option><option><id>E</id><type>text</type><desc><![CDATA[实验室检查]]></desc></option></options><answers><![CDATA[C]]></answers></question><question><type>1</type><format>html</format><desc><![CDATA[5.以下<u><b>不是</b></u>护理诊断的是]]></desc><options><option><id>A</id><type>text</type><desc><![CDATA[尿失禁]]></desc></option><option><id>B</id><type>text</type><desc><![CDATA[营养失调]]></desc></option><option><id>C</id><type>text</type><desc><![CDATA[体温过低]]></desc></option><option><id>D</id><type>text</type><desc><![CDATA[阑尾炎]]></desc></option><option><id>E</id><type>text</type><desc><![CDATA[活动无耐力]]></desc></option></options><answers><![CDATA[D]]></answers></question><question><type>1</type><format>html</format><desc><![CDATA[6.下列关于预期目标的说法<u><b>不妥</b></u>的是]]></desc><options><option><id>A</id><type>text</type><desc><![CDATA[一个护理诊断可有多个目标]]></desc></option><option><id>B</id><type>text</type><desc><![CDATA[目标陈述中应该有时间限度]]></desc></option><option><id>C</id><type>text</type><desc><![CDATA[目标陈述可以是护士或病人的行为]]></desc></option><option><id>D</id><type>text</type><desc><![CDATA[目标陈述应简单明了，切实可行]]></desc></option><option><id>E</id><type>text</type><desc><![CDATA[目标应是可被观察和测量的]]></desc></option></options><answers><![CDATA[C]]></answers></question><question><type>1</type><format>text</format><desc><![CDATA[7.护理评估中，资料的直接来源是]]></desc><options><option><id>A</id><type>text</type><desc><![CDATA[病人本人]]></desc></option><option><id>B</id><type>text</type><desc><![CDATA[其他卫生保健人员]]></desc></option><option><id>C</id><type>text</type><desc><![CDATA[病人亲属]]></desc></option><option><id>D</id><type>text</type><desc><![CDATA[病人个人的医疗文件]]></desc></option><option><id>E</id><type>text</type><desc><![CDATA[相关文献资料]]></desc></option></options><answers><![CDATA[A]]></answers></question><question><type>1</type><format>html</format><desc><![CDATA[8.以下<u><b>不属于</b></u>收集病人资料的内容的是]]></desc><options><option><id>A</id><type>text</type><desc><![CDATA[病人的年龄、民族、职业]]></desc></option><option><id>B</id><type>text</type><desc><![CDATA[病人对疾病的认识与反应]]></desc></option><option><id>C</id><type>text</type><desc><![CDATA[病人的用药史、过敏史]]></desc></option><option><id>D</id><type>text</type><desc><![CDATA[病人的生活方式]]></desc></option><option><id>E</id><type>text</type><desc><![CDATA[病人家庭成员的婚恋史]]></desc></option></options><answers><![CDATA[E]]></answers></question><question><type>1</type><format>html</format><desc><![CDATA[9.对设定护理目标的叙述<u><b>错误的</b></u>是]]></desc><options><option><id>A</id><type>text</type><desc><![CDATA[指期望病人达到的健康状态]]></desc></option><option><id>B</id><type>text</type><desc><![CDATA[目标的陈述对象是病人]]></desc></option><option><id>C</id><type>text</type><desc><![CDATA[目标要以病人的行为来描述]]></desc></option><option><id>D</id><type>text</type><desc><![CDATA[近期目标一般指半个月内能达到的]]></desc></option><option><id>E</id><type>text</type><desc><![CDATA[远期目标指需要较长时间才能达到的]]></desc></option></options><answers><![CDATA[D]]></answers></question><question><type>1</type><format>html</format><desc><![CDATA[10.以下<u><b>不属于</b></u>护理程序的评价内容的是]]></desc><options><option><id>A</id><type>text</type><desc><![CDATA[护理诊断是否正确]]></desc></option><option><id>B</id><type>text</type><desc><![CDATA[护理目标实现与否]]></desc></option><option><id>C</id><type>text</type><desc><![CDATA[护理目标未实现的原因]]></desc></option><option><id>D</id><type>text</type><desc><![CDATA[有无新的健康问题]]></desc></option><option><id>E</id><type>text</type><desc><![CDATA[修订诊断目标和措施]]></desc></option></options><answers><![CDATA[E]]></answers></question></questions><questions><instructions><![CDATA[A2型题]]></instructions><question><type>1</type><format>text</format><desc><![CDATA[11.张某，女，18岁。因患急性心肌炎入院，护士对其进行评估收集资料，其中属于主观资料的是]]></desc><options><option><id>A</id><type>text</type><desc><![CDATA[心动过速、发热]]></desc></option><option><id>B</id><type>text</type><desc><![CDATA[感觉心慌、发热]]></desc></option><option><id>C</id><type>text</type><desc><![CDATA[气促、感觉心慌、心率快]]></desc></option><option><id>D</id><type>text</type><desc><![CDATA[气促、心动过速、发热]]></desc></option><option><id>E</id><type>text</type><desc><![CDATA[心慌、疲乏、浑身不适]]></desc></option></options><answers><![CDATA[E]]></answers></question><question><type>1</type><format>text</format><desc><![CDATA[12.某病人3天来出现呕血与黑便，并伴有头晕、心慌、恶心、口渴、乏力等症状，既往有肝病和胃病史，该病人的护理诊断之一是]]></desc><options><option><id>A</id><type>text</type><desc><![CDATA[上消化道出血：由溃疡引起]]></desc></option><option><id>B</id><type>text</type><desc><![CDATA[门脉高压：由肝硬化引起]]></desc></option><option><id>C</id><type>text</type><desc><![CDATA[上消化道出血：由胃炎引起]]></desc></option><option><id>D</id><type>text</type><desc><![CDATA[液体量不足：由上消化道出血引起]]></desc></option><option><id>E</id><type>text</type><desc><![CDATA[上消化道出血：由胃黏膜脱垂引起]]></desc></option></options><answers><![CDATA[D]]></answers></question><question><type>1</type><format>text</format><desc><![CDATA[13.杨某，因发热、胸痛、咳痰3天入院，护理体检发现：病人体温38℃，右下肺可闻及湿啰音、呼吸困难、皮肤干燥，该病人应首先解决的护理问题是]]></desc><options><option><id>A</id><type>text</type><desc><![CDATA[发热待查]]></desc></option><option><id>B</id><type>text</type><desc><![CDATA[肺炎]]></desc></option><option><id>C</id><type>text</type><desc><![CDATA[体温过高]]></desc></option><option><id>D</id><type>text</type><desc><![CDATA[清理呼吸道无效]]></desc></option><option><id>E</id><type>text</type><desc><![CDATA[肺部啰音]]></desc></option></options><answers><![CDATA[D]]></answers></question><question><type>1</type><format>text</format><desc><![CDATA[14.病人，男，20岁。因左下肢腓骨骨折，需功能锻炼，护士制订的远期目标是]]></desc><options><option><id>A</id><type>text</type><desc><![CDATA[病人患肢恢复行走功能]]></desc></option><option><id>B</id><type>text</type><desc><![CDATA[3周后护士可帮助病人拄拐杖行走]]></desc></option><option><id>C</id><type>text</type><desc><![CDATA[3个月后能重返工作岗位]]></desc></option><option><id>D</id><type>text</type><desc><![CDATA[病人3个月后能独立行走]]></desc></option><option><id>E</id><type>text</type><desc><![CDATA[6个月后腓骨断裂处完全愈合]]></desc></option></options><answers><![CDATA[D]]></answers></question><question><type>1</type><format>text</format><desc><![CDATA[15.病人，女，35岁。向责任护士反映病室人员嘈杂，影响休息。下列措施最恰当的是]]></desc><options><option><id>A</id><type>text</type><desc><![CDATA[提供安眠药]]></desc></option><option><id>B</id><type>text</type><desc><![CDATA[做好心理护理]]></desc></option><option><id>C</id><type>text</type><desc><![CDATA[将治疗和护理集中进行]]></desc></option><option><id>D</id><type>text</type><desc><![CDATA[桌椅钉上橡皮垫]]></desc></option><option><id>E</id><type>text</type><desc><![CDATA[向其他病室人员宣教：保持病室安静]]></desc></option></options><answers><![CDATA[E]]></answers></question><question><type>1</type><format>text</format><desc><![CDATA[16.张某，男，31岁。因腹痛、腹泻2天，诊断为“急性肠炎”入院，护理体检：精神萎靡，体温39.5℃，粪便呈水样。在护士为其收集的资料中，属于主观资料的是]]></desc><options><option><id>A</id><type>text</type><desc><![CDATA[体温39.5℃]]></desc></option><option><id>B</id><type>text</type><desc><![CDATA[呕吐物有酸臭味，量约300ml]]></desc></option><option><id>C</id><type>text</type><desc><![CDATA[腹部脐周阵发性隐痛3小时]]></desc></option><option><id>D</id><type>text</type><desc><![CDATA[粪便稀黄，含有少量脓血]]></desc></option><option><id>E</id><type>text</type><desc><![CDATA[痛苦面容，精神萎靡]]></desc></option></options><answers><![CDATA[C]]></answers></question><question><type>1</type><format>text</format><desc><![CDATA[17.某男，73岁，咳嗽、咳痰25年，发热、咳黏液脓痰，喘息加重1周而入院。病人神志清楚，咳嗽无力，桶状胸，两肺叩诊呈过清音。该病人最要的护理问题是]]></desc><options><option><id>A</id><type>text</type><desc><![CDATA[清理呼吸道无效]]></desc></option><option><id>B</id><type>text</type><desc><![CDATA[发热]]></desc></option><option><id>C</id><type>text</type><desc><![CDATA[有窒息的危险]]></desc></option><option><id>D</id><type>text</type><desc><![CDATA[有皮肤完整性受损的危险]]></desc></option><option><id>E</id><type>text</type><desc><![CDATA[营养失调]]></desc></option></options><answers><![CDATA[A]]></answers></question><question><type>1</type><format>text</format><desc><![CDATA[18.病人，男性，76岁。以“COPD（慢性阻塞性肺疾病）”收住院。护士在收集资料时认为目前存在以下问题，属于首优问题的是]]></desc><options><option><id>A</id><type>text</type><desc><![CDATA[疼痛]]></desc></option><option><id>B</id><type>text</type><desc><![CDATA[恐惧]]></desc></option><option><id>C</id><type>text</type><desc><![CDATA[清理呼吸道无效]]></desc></option><option><id>D</id><type>text</type><desc><![CDATA[知识缺乏]]></desc></option><option><id>E</id><type>text</type><desc><![CDATA[营养不良]]></desc></option></options><answers><![CDATA[C]]></answers></question><question><type>1</type><format>text</format><desc><![CDATA[19.病人王某，因急性胃肠炎入院，护理观察发现病人每日排便次数达5次，呈水样便，听诊肠鸣音亢进。对此情况的护理目标正确的陈述是]]></desc><options><option><id>A</id><type>text</type><desc><![CDATA[禁食24小时]]></desc></option><option><id>B</id><type>text</type><desc><![CDATA[给予口服止泻剂每日3次]]></desc></option><option><id>C</id><type>text</type><desc><![CDATA[2日后排便次数减少为1～2次/日]]></desc></option><option><id>D</id><type>text</type><desc><![CDATA[卧床休息]]></desc></option><option><id>E</id><type>text</type><desc><![CDATA[了解急性肠炎发生的机理]]></desc></option></options><answers><![CDATA[C]]></answers></question><question><type>1</type><format>text</format><desc><![CDATA[20.病人，男性，50岁，因夜间阵发性呼吸困难入院，诊断为二尖瓣狭窄，入院评估发现病人呈二尖瓣面容，收集此资料的方法属于]]></desc><options><option><id>A</id><type>text</type><desc><![CDATA[视觉观察]]></desc></option><option><id>B</id><type>text</type><desc><![CDATA[触觉观察]]></desc></option><option><id>C</id><type>text</type><desc><![CDATA[听觉观察]]></desc></option><option><id>D</id><type>text</type><desc><![CDATA[嗅觉观察]]></desc></option><option><id>E</id><type>text</type><desc><![CDATA[味觉观察]]></desc></option></options><answers><![CDATA[A]]></answers></question></questions></exam>