﻿<?xml version="1.0" encoding="UTF-8"?><exam><id>20190510170707</id><questions><instructions><![CDATA[一、单项选择题]]></instructions><question><type>1</type><format>text</format><desc><![CDATA[1.同名的阴经和阳经的循形交接部位是]]></desc><options><option><id>A</id><type>text</type><desc><![CDATA[ 胸中]]></desc></option><option><id>B</id><type>text</type><desc><![CDATA[ 腹中]]></desc></option><option><id>C</id><type>text</type><desc><![CDATA[ 心中]]></desc></option><option><id>D</id><type>text</type><desc><![CDATA[头面部]]></desc></option><option><id>E</id><type>text</type><desc><![CDATA[肘膝部]]></desc></option></options><answers><![CDATA[D]]></answers><keypoints><![CDATA[解析：同名的手足阳经在头面部交接，如手阳明大肠经与足阳明胃经交接于鼻旁；手少阳三焦经与足少阳胆经在目外眦交接；手太阳小肠经与足太阳膀胱经在目内眦交接。]]></keypoints></question><question><type>1</type><format>text</format><desc><![CDATA[2.相互衔接的阴经与阴经的循行交接部位是]]></desc><options><option><id>A</id><type>text</type><desc><![CDATA[头面部]]></desc></option><option><id>B</id><type>text</type><desc><![CDATA[肘膝部]]></desc></option><option><id>C</id><type>text</type><desc><![CDATA[胸中]]></desc></option><option><id>D</id><type>text</type><desc><![CDATA[心中]]></desc></option><option><id>E</id><type>text</type><desc><![CDATA[手足末端]]></desc></option></options><answers><![CDATA[C]]></answers><keypoints><![CDATA[解析：相互衔接的手足阴经在胸中交接，如足太阴脾经与手少阴心经交接于心中；足少阴肾经与手厥阴心包经交接于胸中；足厥阴肝经与手太阴肺经交接于肺中。]]></keypoints></question><question><type>1</type><format>text</format><desc><![CDATA[3.手少阳三焦经与足少阳胆经的循行交接部位]]></desc><options><option><id>A</id><type>text</type><desc><![CDATA[鼻旁]]></desc></option><option><id>B</id><type>text</type><desc><![CDATA[目外眦]]></desc></option><option><id>C</id><type>text</type><desc><![CDATA[目内眦]]></desc></option><option><id>D</id><type>text</type><desc><![CDATA[无名指端]]></desc></option><option><id>E</id><type>text</type><desc><![CDATA[足小趾端]]></desc></option></options><answers><![CDATA[B]]></answers><keypoints><![CDATA[解析：手少阳三焦经与足少阳胆经在目外眦交接。]]></keypoints></question><question><type>1</type><format>text</format><desc><![CDATA[4.足太阴脾经与足阳明胃经的循行交接部位是]]></desc><options><option><id>A</id><type>text</type><desc><![CDATA[足大趾内端]]></desc></option><option><id>B</id><type>text</type><desc><![CDATA[足大趾外端]]></desc></option><option><id>C</id><type>text</type><desc><![CDATA[足二趾内端]]></desc></option><option><id>D</id><type>text</type><desc><![CDATA[足二趾外端]]></desc></option><option><id>E</id><type>text</type><desc><![CDATA[足三趾内端]]></desc></option></options><answers><![CDATA[A]]></answers><keypoints><![CDATA[解析：相表里的阴经与阳经在手足末端交接，足阳明胃经和足太阴脾经在足大趾内侧端交接。]]></keypoints></question><question><type>1</type><format>text</format><desc><![CDATA[5.足三阳经的循行规律是]]></desc><options><option><id>A</id><type>text</type><desc><![CDATA[从胸走手]]></desc></option><option><id>B</id><type>text</type><desc><![CDATA[从足走头]]></desc></option><option><id>C</id><type>text</type><desc><![CDATA[从头走足]]></desc></option><option><id>D</id><type>text</type><desc><![CDATA[从足走胸]]></desc></option><option><id>E</id><type>text</type><desc><![CDATA[从胸走足]]></desc></option></options><answers><![CDATA[C]]></answers><keypoints><![CDATA[解析：手三阴经从胸走手，手三阳经从手走头，足三阳经从头走足，足三阴经从足走腹胸。]]></keypoints></question><question><type>1</type><format>text</format><desc><![CDATA[6.手厥阴心包经的主治特点是]]></desc><options><option><id>A</id><type>text</type><desc><![CDATA[心病]]></desc></option><option><id>B</id><type>text</type><desc><![CDATA[心、胃病]]></desc></option><option><id>C</id><type>text</type><desc><![CDATA[肺、喉病]]></desc></option><option><id>D</id><type>text</type><desc><![CDATA[肝病、脾胃病]]></desc></option><option><id>E</id><type>text</type><desc><![CDATA[肾、肺、咽喉病]]></desc></option></options><answers><![CDATA[B]]></answers><keypoints><![CDATA[解析：心包为阴脏，秉大气中相火之气而生。相火有燔灼作用。心包经相火的燔灼作用，由上而下，自胸走手，络三焦，主降。秉阴性相火之气，兼秉阴木之气。]]></keypoints></question><question><type>1</type><format>text</format><desc><![CDATA[7.手少阳三焦经的主治特点是]]></desc><options><option><id>A</id><type>text</type><desc><![CDATA[前头、鼻、口、齿病]]></desc></option><option><id>B</id><type>text</type><desc><![CDATA[前头、口齿、胃肠病]]></desc></option><option><id>C</id><type>text</type><desc><![CDATA[侧头、胁肋病]]></desc></option><option><id>D</id><type>text</type><desc><![CDATA[后头、肩胛病、神志病]]></desc></option><option><id>E</id><type>text</type><desc><![CDATA[后头、背腰病]]></desc></option></options><answers><![CDATA[C]]></answers><keypoints><![CDATA[解析：手少阳三焦经主要循行于头部两侧、胸胁两侧、上肢外侧中线。]]></keypoints></question><question><type>1</type><format>text</format><desc><![CDATA[8.足太阳经的主治特点是]]></desc><options><option><id>A</id><type>text</type><desc><![CDATA[后头、肩胛病、神志病]]></desc></option><option><id>B</id><type>text</type><desc><![CDATA[后头、背腰病、脏腑病]]></desc></option><option><id>C</id><type>text</type><desc><![CDATA[侧头、耳病、胁肋病]]></desc></option><option><id>D</id><type>text</type><desc><![CDATA[前头、鼻、口、齿病]]></desc></option><option><id>E</id><type>text</type><desc><![CDATA[前头、口齿、胃肠病]]></desc></option></options><answers><![CDATA[B]]></answers><keypoints><![CDATA[解析：足太阳经主要循行于后头、背腰部、下肢外侧后缘。]]></keypoints></question><question><type>1</type><format>text</format><desc><![CDATA[9.下列腧穴中，治疗高血压首选]]></desc><options><option><id>A</id><type>text</type><desc><![CDATA[曲泽]]></desc></option><option><id>B</id><type>text</type><desc><![CDATA[尺泽]]></desc></option><option><id>C</id><type>text</type><desc><![CDATA[曲池]]></desc></option><option><id>D</id><type>text</type><desc><![CDATA[中渚]]></desc></option><option><id>E</id><type>text</type><desc><![CDATA[小海]]></desc></option></options><answers><![CDATA[C]]></answers><keypoints><![CDATA[解析：曲池穴：屈肘，成直角，当肘横纹外端与肱骨外上髁连线的中点。此穴属土，乃经气运行之大关，能通上达下，通里达表，故可治疗肝阳上亢、气血上冲的头痛头晕等高血压症状。]]></keypoints></question><question><type>1</type><format>text</format><desc><![CDATA[10.以下哪项不是天枢穴的主治病证]]></desc><options><option><id>A</id><type>text</type><desc><![CDATA[疝气]]></desc></option><option><id>B</id><type>text</type><desc><![CDATA[痛经]]></desc></option><option><id>C</id><type>text</type><desc><![CDATA[月经不调]]></desc></option><option><id>D</id><type>text</type><desc><![CDATA[腹痛、腹胀]]></desc></option><option><id>E</id><type>text</type><desc><![CDATA[便秘、腹泻]]></desc></option></options><answers><![CDATA[A]]></answers><keypoints><![CDATA[解析：天枢穴主治 脐周痛，腹胀，泄泻，便秘，月经不凋。]]></keypoints></question><question><type>1</type><format>text</format><desc><![CDATA[11.与大肠经相表里的经脉是]]></desc><options><option><id>A</id><type>text</type><desc><![CDATA[肺经]]></desc></option><option><id>B</id><type>text</type><desc><![CDATA[心经 ]]></desc></option><option><id>C</id><type>text</type><desc><![CDATA[肝经  ]]></desc></option><option><id>D</id><type>text</type><desc><![CDATA[肾经  ]]></desc></option><option><id>E</id><type>text</type><desc><![CDATA[脾经 ]]></desc></option></options><answers><![CDATA[A]]></answers><keypoints><![CDATA[解析：肺与大肠相表里。]]></keypoints></question><question><type>1</type><format>text</format><desc><![CDATA[12.三焦经在上肢的循行部位是]]></desc><options><option><id>A</id><type>text</type><desc><![CDATA[外侧前缘]]></desc></option><option><id>B</id><type>text</type><desc><![CDATA[内侧中线]]></desc></option><option><id>C</id><type>text</type><desc><![CDATA[外侧后缘]]></desc></option><option><id>D</id><type>text</type><desc><![CDATA[内侧前缘]]></desc></option><option><id>E</id><type>text</type><desc><![CDATA[外侧中线]]></desc></option></options><answers><![CDATA[E]]></answers><keypoints><![CDATA[解析：三焦经全称为手少阳三焦经，循行于上肢外侧中线。]]></keypoints></question><question><type>1</type><format>text</format><desc><![CDATA[13.患者病发心绞痛，沿手少阴经放散，其病变部位在]]></desc><options><option><id>A</id><type>text</type><desc><![CDATA[下肢外侧后缘]]></desc></option><option><id>B</id><type>text</type><desc><![CDATA[上肢内侧中线]]></desc></option><option><id>C</id><type>text</type><desc><![CDATA[下肢外侧前缘]]></desc></option><option><id>D</id><type>text</type><desc><![CDATA[上肢外侧中线]]></desc></option><option><id>E</id><type>text</type><desc><![CDATA[上肢内侧后缘]]></desc></option></options><answers><![CDATA[E]]></answers><keypoints><![CDATA[解析：手少阴心经主要循行于上肢内侧后缘。]]></keypoints></question><question><type>1</type><format>text</format><desc><![CDATA[14.阴经是指]]></desc><options><option><id>A</id><type>text</type><desc><![CDATA[六脏的经脉]]></desc></option><option><id>B</id><type>text</type><desc><![CDATA[六腑的经脉]]></desc></option><option><id>C</id><type>text</type><desc><![CDATA[督、带脉]]></desc></option><option><id>D</id><type>text</type><desc><![CDATA[循行胸腹经脉]]></desc></option><option><id>E</id><type>text</type><desc><![CDATA[循行背部经脉]]></desc></option></options><answers><![CDATA[A]]></answers><keypoints><![CDATA[解析：按照脏腑与经络名称的划分标准，脏与阴经、腑与阳经相络属。]]></keypoints></question><question><type>1</type><format>text</format><desc><![CDATA[15.十二经脉的命名主要是结合了]]></desc><options><option><id>A</id><type>text</type><desc><![CDATA[阴阳，五行，脏腑三方面的内容]]></desc></option><option><id>B</id><type>text</type><desc><![CDATA[阴阳，五行，手足三方面的内容]]></desc></option><option><id>C</id><type>text</type><desc><![CDATA[阴阳，脏腑，手足三方面的内容]]></desc></option><option><id>D</id><type>text</type><desc><![CDATA[五行，脏腑，手足三方面的内容]]></desc></option><option><id>E</id><type>text</type><desc><![CDATA[阴阳，五行，手足三方面的内容]]></desc></option></options><answers><![CDATA[C]]></answers><keypoints><![CDATA[解析：十二经脉的命名主要根据循行部位和十二经脉的命名主要，部位又包括上下肢（手足）、内外侧（阴阳）。]]></keypoints></question><question><type>1</type><format>html</format><desc><![CDATA[16.下列各项，经脉<u><b>未按</b></u>十二经脉循行流注顺序排列的是]]></desc><options><option><id>A</id><type>text</type><desc><![CDATA[脾、心、小肠经]]></desc></option><option><id>B</id><type>text</type><desc><![CDATA[大肠、胃、脾经]]></desc></option><option><id>C</id><type>text</type><desc><![CDATA[心、小肠、肾经]]></desc></option><option><id>D</id><type>text</type><desc><![CDATA[肾、心包、三焦经]]></desc></option><option><id>E</id><type>text</type><desc><![CDATA[三焦、胆、肝经]]></desc></option></options><answers><![CDATA[C]]></answers><keypoints><![CDATA[解析：经脉循行流注次序：肺、大肠、胃、脾、心、小肠、膀胱、肾、心包、三焦、胆、肝。]]></keypoints></question><question><type>1</type><format>text</format><desc><![CDATA[17.在腹部，前正中线旁开4寸的经脉是]]></desc><options><option><id>A</id><type>text</type><desc><![CDATA[足太阳膀胱经]]></desc></option><option><id>B</id><type>text</type><desc><![CDATA[足少阴肾经]]></desc></option><option><id>C</id><type>text</type><desc><![CDATA[足阳明胃经]]></desc></option><option><id>D</id><type>text</type><desc><![CDATA[足太阴脾经]]></desc></option><option><id>E</id><type>text</type><desc><![CDATA[足少阳胆经]]></desc></option></options><answers><![CDATA[D]]></answers><keypoints><![CDATA[解析：腹部前正中线旁开4寸的经脉是足太阴脾经。]]></keypoints></question><question><type>1</type><format>text</format><desc><![CDATA[18.足太阴脾经与足厥阴肝经在内踝上几寸前后交叉]]></desc><options><option><id>A</id><type>text</type><desc><![CDATA[9寸]]></desc></option><option><id>B</id><type>text</type><desc><![CDATA[8寸]]></desc></option><option><id>C</id><type>text</type><desc><![CDATA[7寸]]></desc></option><option><id>D</id><type>text</type><desc><![CDATA[6寸]]></desc></option><option><id>E</id><type>text</type><desc><![CDATA[5寸]]></desc></option></options><answers><![CDATA[B]]></answers><keypoints><![CDATA[解析：足太阴脾经与足厥阴肝经在内踝上8寸前后交叉。]]></keypoints></question><question><type>1</type><format>text</format><desc><![CDATA[19.任脉的别络散布于]]></desc><options><option><id>A</id><type>text</type><desc><![CDATA[胸部]]></desc></option><option><id>B</id><type>text</type><desc><![CDATA[腹部]]></desc></option><option><id>C</id><type>text</type><desc><![CDATA[胸腹部]]></desc></option><option><id>D</id><type>text</type><desc><![CDATA[胸胁部]]></desc></option><option><id>E</id><type>text</type><desc><![CDATA[以上都不是]]></desc></option></options><answers><![CDATA[B]]></answers><keypoints><![CDATA[解析：任脉的别络散于腹部，有妊养之功。]]></keypoints></question><question><type>1</type><format>text</format><desc><![CDATA[20.行于腰腹，主约束诸经脉的是]]></desc><options><option><id>A</id><type>text</type><desc><![CDATA[带脉]]></desc></option><option><id>B</id><type>text</type><desc><![CDATA[阴维脉]]></desc></option><option><id>C</id><type>text</type><desc><![CDATA[阴跷脉]]></desc></option><option><id>D</id><type>text</type><desc><![CDATA[任脉]]></desc></option><option><id>E</id><type>text</type><desc><![CDATA[以上都不是]]></desc></option></options><answers><![CDATA[A]]></answers><keypoints><![CDATA[解析：带脉行于腰腹，主约束诸经脉。]]></keypoints></question></questions></exam>