﻿<?xml version="1.0" encoding="UTF-8"?><exam><id>20190510171859</id><questions><instructions><![CDATA[一、单项选择题]]></instructions><question><type>1</type><format>text</format><desc><![CDATA[1.中药的四气是]]></desc><options><option><id>A</id><type>text</type><desc><![CDATA[寒热温凉]]></desc></option><option><id>B</id><type>text</type><desc><![CDATA[升降浮沉]]></desc></option><option><id>C</id><type>text</type><desc><![CDATA[酸苦甘辛]]></desc></option><option><id>D</id><type>text</type><desc><![CDATA[君臣佐使]]></desc></option><option><id>E</id><type>text</type><desc><![CDATA[升降出入]]></desc></option></options><answers><![CDATA[A]]></answers><keypoints><![CDATA[解析：中药的四气是寒热温凉，故本题正确答案为A。]]></keypoints></question><question><type>1</type><format>html</format><desc><![CDATA[2.<u><b>不属于</b></u>中药五味的是]]></desc><options><option><id>A</id><type>text</type><desc><![CDATA[酸]]></desc></option><option><id>B</id><type>text</type><desc><![CDATA[苦]]></desc></option><option><id>C</id><type>text</type><desc><![CDATA[涩]]></desc></option><option><id>D</id><type>text</type><desc><![CDATA[辛]]></desc></option><option><id>E</id><type>text</type><desc><![CDATA[咸]]></desc></option></options><answers><![CDATA[C]]></answers><keypoints><![CDATA[解析：涩不属于中药五味，无味有酸、苦、甘、辛、咸，故本题正确答案为C。]]></keypoints></question><question><type>1</type><format>text</format><desc><![CDATA[3.下列属于中药性能的是]]></desc><options><option><id>A</id><type>text</type><desc><![CDATA[四气五味]]></desc></option><option><id>B</id><type>text</type><desc><![CDATA[配伍禁忌]]></desc></option><option><id>C</id><type>text</type><desc><![CDATA[先煎后下]]></desc></option><option><id>D</id><type>text</type><desc><![CDATA[君臣佐使]]></desc></option><option><id>E</id><type>text</type><desc><![CDATA[服药禁忌]]></desc></option></options><answers><![CDATA[A]]></answers><keypoints><![CDATA[解析：中药性能包括四气五味、归经、升降浮沉、毒性等，故本题正确答案为A。]]></keypoints></question><question><type>1</type><format>text</format><desc><![CDATA[4.温热药具有的作用是]]></desc><options><option><id>A</id><type>text</type><desc><![CDATA[清热]]></desc></option><option><id>B</id><type>text</type><desc><![CDATA[凉血]]></desc></option><option><id>C</id><type>text</type><desc><![CDATA[助阳]]></desc></option><option><id>D</id><type>text</type><desc><![CDATA[解毒]]></desc></option><option><id>E</id><type>text</type><desc><![CDATA[定惊]]></desc></option></options><answers><![CDATA[C]]></answers><keypoints><![CDATA[解析：温热药可温阳、助阳，故本题正确答案为C。]]></keypoints></question><question><type>1</type><format>text</format><desc><![CDATA[5.寒凉药具有的作用包括]]></desc><options><option><id>A</id><type>text</type><desc><![CDATA[泻火]]></desc></option><option><id>B</id><type>text</type><desc><![CDATA[通络]]></desc></option><option><id>C</id><type>text</type><desc><![CDATA[温阳]]></desc></option><option><id>D</id><type>text</type><desc><![CDATA[祛湿]]></desc></option><option><id>E</id><type>text</type><desc><![CDATA[散寒]]></desc></option></options><answers><![CDATA[A]]></answers><keypoints><![CDATA[解析：寒凉药可泻火，故本题正确答案为A。]]></keypoints></question><question><type>1</type><format>html</format><desc><![CDATA[6.寒凉性药物的作用<u><b>不包括</b></u>]]></desc><options><option><id>A</id><type>text</type><desc><![CDATA[清热]]></desc></option><option><id>B</id><type>text</type><desc><![CDATA[泻火]]></desc></option><option><id>C</id><type>text</type><desc><![CDATA[凉血]]></desc></option><option><id>D</id><type>text</type><desc><![CDATA[解毒]]></desc></option><option><id>E</id><type>text</type><desc><![CDATA[温里]]></desc></option></options><answers><![CDATA[E]]></answers><keypoints><![CDATA[解析：温里是温热药的作用，故本题正确答案为E。]]></keypoints></question><question><type>1</type><format>html</format><desc><![CDATA[7.温热性药物的作用<u><b>不包括</b></u>]]></desc><options><option><id>A</id><type>text</type><desc><![CDATA[散寒]]></desc></option><option><id>B</id><type>text</type><desc><![CDATA[助阳]]></desc></option><option><id>C</id><type>text</type><desc><![CDATA[温里]]></desc></option><option><id>D</id><type>text</type><desc><![CDATA[清热]]></desc></option><option><id>E</id><type>text</type><desc><![CDATA[通脉]]></desc></option></options><answers><![CDATA[D]]></answers><keypoints><![CDATA[解析：清热是寒凉药的作用，故本题正确答案为D。]]></keypoints></question><question><type>1</type><format>text</format><desc><![CDATA[8.寒性病证服药的温度应]]></desc><options><option><id>A</id><type>text</type><desc><![CDATA[温服]]></desc></option><option><id>B</id><type>text</type><desc><![CDATA[热服]]></desc></option><option><id>C</id><type>text</type><desc><![CDATA[凉服]]></desc></option><option><id>D</id><type>text</type><desc><![CDATA[冷服]]></desc></option><option><id>E</id><type>text</type><desc><![CDATA[冷冻]]></desc></option></options><answers><![CDATA[B]]></answers><keypoints><![CDATA[解析：寒性病证应用热性药物治疗，为充分发挥药物的温热作用，应热服，故本题正确答案为B。]]></keypoints></question><question><type>1</type><format>text</format><desc><![CDATA[9.方剂中针对主病或主证起主要治疗作用的药物属于]]></desc><options><option><id>A</id><type>text</type><desc><![CDATA[君药]]></desc></option><option><id>B</id><type>text</type><desc><![CDATA[臣药]]></desc></option><option><id>C</id><type>text</type><desc><![CDATA[佐药]]></desc></option><option><id>D</id><type>text</type><desc><![CDATA[使药]]></desc></option><option><id>E</id><type>text</type><desc><![CDATA[反佐药]]></desc></option></options><answers><![CDATA[A]]></answers><keypoints><![CDATA[解析：方剂中针对主病或主证起主要治疗作用的药物为君药，故本题正确答案为A。]]></keypoints></question><question><type>1</type><format>text</format><desc><![CDATA[10.甘草能调和药性，因此在方剂中常是]]></desc><options><option><id>A</id><type>text</type><desc><![CDATA[君药]]></desc></option><option><id>B</id><type>text</type><desc><![CDATA[臣药]]></desc></option><option><id>C</id><type>text</type><desc><![CDATA[佐药]]></desc></option><option><id>D</id><type>text</type><desc><![CDATA[使药]]></desc></option><option><id>E</id><type>text</type><desc><![CDATA[反佐]]></desc></option></options><answers><![CDATA[D]]></answers><keypoints><![CDATA[解析：方剂中的调和药一般作为使药，故本题正确答案为D。]]></keypoints></question><question><type>1</type><format>text</format><desc><![CDATA[11.用以消除或减缓解方中药物烈性或毒性的药物属于]]></desc><options><option><id>A</id><type>text</type><desc><![CDATA[反佐药]]></desc></option><option><id>B</id><type>text</type><desc><![CDATA[臣药]]></desc></option><option><id>C</id><type>text</type><desc><![CDATA[佐药]]></desc></option><option><id>D</id><type>text</type><desc><![CDATA[使药]]></desc></option><option><id>E</id><type>text</type><desc><![CDATA[君药]]></desc></option></options><answers><![CDATA[C]]></answers><keypoints><![CDATA[解析：佐药分为佐助、佐制和反佐，其中佐制药即用以消除或减缓解方中药物烈性或毒性的药物，故本题正确答案为C。]]></keypoints></question><question><type>1</type><format>text</format><desc><![CDATA[12.辛味的中药能]]></desc><options><option><id>A</id><type>text</type><desc><![CDATA[收]]></desc></option><option><id>B</id><type>text</type><desc><![CDATA[燥]]></desc></option><option><id>C</id><type>text</type><desc><![CDATA[和]]></desc></option><option><id>D</id><type>text</type><desc><![CDATA[行]]></desc></option><option><id>E</id><type>text</type><desc><![CDATA[软]]></desc></option></options><answers><![CDATA[D]]></answers><keypoints><![CDATA[解析：辛味药能行能散，故本题正确答案为D。]]></keypoints></question><question><type>1</type><format>text</format><desc><![CDATA[13.咸味的中药能]]></desc><options><option><id>A</id><type>text</type><desc><![CDATA[收]]></desc></option><option><id>B</id><type>text</type><desc><![CDATA[燥]]></desc></option><option><id>C</id><type>text</type><desc><![CDATA[和]]></desc></option><option><id>D</id><type>text</type><desc><![CDATA[行]]></desc></option><option><id>E</id><type>text</type><desc><![CDATA[软]]></desc></option></options><answers><![CDATA[E]]></answers><keypoints><![CDATA[解析：咸味药能软能下，故本题正确答案为E。]]></keypoints></question><question><type>1</type><format>text</format><desc><![CDATA[14.甘味的中药能]]></desc><options><option><id>A</id><type>text</type><desc><![CDATA[收]]></desc></option><option><id>B</id><type>text</type><desc><![CDATA[燥]]></desc></option><option><id>C</id><type>text</type><desc><![CDATA[和]]></desc></option><option><id>D</id><type>text</type><desc><![CDATA[行]]></desc></option><option><id>E</id><type>text</type><desc><![CDATA[软]]></desc></option></options><answers><![CDATA[C]]></answers><keypoints><![CDATA[解析：甘味药能补能缓和，故本题正确答案为C。]]></keypoints></question><question><type>1</type><format>text</format><desc><![CDATA[15.具有发汗解表作用的药物，其味多为]]></desc><options><option><id>A</id><type>text</type><desc><![CDATA[酸]]></desc></option><option><id>B</id><type>text</type><desc><![CDATA[苦]]></desc></option><option><id>C</id><type>text</type><desc><![CDATA[甘]]></desc></option><option><id>D</id><type>text</type><desc><![CDATA[辛]]></desc></option><option><id>E</id><type>text</type><desc><![CDATA[咸]]></desc></option></options><answers><![CDATA[D]]></answers><keypoints><![CDATA[解析：发汗解表需要发散，而辛味药能散，故本题正确答案为D。]]></keypoints></question><question><type>1</type><format>text</format><desc><![CDATA[16.具有清热燥湿作用的药物，其味多为]]></desc><options><option><id>A</id><type>text</type><desc><![CDATA[酸]]></desc></option><option><id>B</id><type>text</type><desc><![CDATA[苦]]></desc></option><option><id>C</id><type>text</type><desc><![CDATA[甘]]></desc></option><option><id>D</id><type>text</type><desc><![CDATA[辛]]></desc></option><option><id>E</id><type>text</type><desc><![CDATA[咸]]></desc></option></options><answers><![CDATA[B]]></answers><keypoints><![CDATA[解析：苦味药能泻火、清热、燥湿，故本题正确答案为B。]]></keypoints></question><question><type>1</type><format>text</format><desc><![CDATA[17.具有收敛作用，可用于自汗、盗汗的的药物，其味多为]]></desc><options><option><id>A</id><type>text</type><desc><![CDATA[酸]]></desc></option><option><id>B</id><type>text</type><desc><![CDATA[苦]]></desc></option><option><id>C</id><type>text</type><desc><![CDATA[甘]]></desc></option><option><id>D</id><type>text</type><desc><![CDATA[辛]]></desc></option><option><id>E</id><type>text</type><desc><![CDATA[咸]]></desc></option></options><answers><![CDATA[A]]></answers><keypoints><![CDATA[解析：酸味药能收能涩，具有收敛作用，故本题正确答案为A。]]></keypoints></question><question><type>1</type><format>text</format><desc><![CDATA[18.两药合用，能产生或增强毒性反应和副作用的是]]></desc><options><option><id>A</id><type>text</type><desc><![CDATA[相杀]]></desc></option><option><id>B</id><type>text</type><desc><![CDATA[相恶]]></desc></option><option><id>C</id><type>text</type><desc><![CDATA[相反]]></desc></option><option><id>D</id><type>text</type><desc><![CDATA[相畏]]></desc></option><option><id>E</id><type>text</type><desc><![CDATA[相须]]></desc></option></options><answers><![CDATA[C]]></answers><keypoints><![CDATA[解析：相反即两药合用，能产生或增强毒性反应和副作用，故本题正确答案为C。]]></keypoints></question><question><type>1</type><format>text</format><desc><![CDATA[19.一种药物能消除另一种药物的毒烈之性，这属于中药配伍七情中的]]></desc><options><option><id>A</id><type>text</type><desc><![CDATA[相杀]]></desc></option><option><id>B</id><type>text</type><desc><![CDATA[相恶]]></desc></option><option><id>C</id><type>text</type><desc><![CDATA[相反]]></desc></option><option><id>D</id><type>text</type><desc><![CDATA[相畏]]></desc></option><option><id>E</id><type>text</type><desc><![CDATA[相须]]></desc></option></options><answers><![CDATA[A]]></answers><keypoints><![CDATA[解析：相杀是一种药物能消除另一种药物的毒烈之性，故本题正确答案为A。]]></keypoints></question><question><type>1</type><format>text</format><desc><![CDATA[20.两种药物同用，能相互降低对方的功效，这属于中药配伍七情中的]]></desc><options><option><id>A</id><type>text</type><desc><![CDATA[相杀]]></desc></option><option><id>B</id><type>text</type><desc><![CDATA[相恶]]></desc></option><option><id>C</id><type>text</type><desc><![CDATA[相反]]></desc></option><option><id>D</id><type>text</type><desc><![CDATA[相畏]]></desc></option><option><id>E</id><type>text</type><desc><![CDATA[相须]]></desc></option></options><answers><![CDATA[B]]></answers><keypoints><![CDATA[解析：相恶是两种药物同用，能相互降低对方的功效，故本题正确答案为B。]]></keypoints></question></questions></exam>