{"_ZVING_RESULT":"[{\"id\":\"42761826\",\"pid\":\"0\",\"name\":\"第一章 社区护理概述\",\"level\":\"0\",\"code\":\"42761825\",\"directorycode\":\"1\",\"directorytype\":\"body\"},{\"id\":\"42761828\",\"pid\":\"0\",\"name\":\"第二章 社区护理程序\",\"level\":\"0\",\"code\":\"42761827\",\"directorycode\":\"2\",\"directorytype\":\"body\"},{\"id\":\"42761830\",\"pid\":\"0\",\"name\":\"第三章 流行病学方法在社区护理中的应用\",\"level\":\"0\",\"code\":\"42761829\",\"directorycode\":\"3\",\"directorytype\":\"body\"},{\"id\":\"42761832\",\"pid\":\"0\",\"name\":\"第四章 社区健康管理\",\"level\":\"0\",\"code\":\"42761831\",\"directorycode\":\"4\",\"directorytype\":\"body\"},{\"id\":\"42761834\",\"pid\":\"0\",\"name\":\"第五章 社区健康教育与健康促进\",\"level\":\"0\",\"code\":\"42761833\",\"directorycode\":\"5\",\"directorytype\":\"body\"},{\"id\":\"42761836\",\"pid\":\"0\",\"name\":\"第六章 社区环境与健康\",\"level\":\"0\",\"code\":\"42761835\",\"directorycode\":\"6\",\"directorytype\":\"body\"},{\"id\":\"42761838\",\"pid\":\"0\",\"name\":\"第七章 社区突发公共卫生事件的管理和护理\",\"level\":\"0\",\"code\":\"42761837\",\"directorycode\":\"7\",\"directorytype\":\"body\"},{\"id\":\"42761840\",\"pid\":\"0\",\"name\":\"第八章 社区家庭护理\",\"level\":\"0\",\"code\":\"42761839\",\"directorycode\":\"8\",\"directorytype\":\"body\"},{\"id\":\"42761842\",\"pid\":\"0\",\"name\":\"第九章 社区人群保健与护理\",\"level\":\"0\",\"code\":\"42761841\",\"directorycode\":\"9\",\"directorytype\":\"body\"},{\"id\":\"42761844\",\"pid\":\"0\",\"name\":\"第十章 慢性病及传染病社区预防与管理\",\"level\":\"0\",\"code\":\"42761843\",\"directorycode\":\"10\",\"directorytype\":\"body\"},{\"id\":\"42761846\",\"pid\":\"0\",\"name\":\"第十一章 社区康复护理\",\"level\":\"0\",\"code\":\"42761845\",\"directorycode\":\"11\",\"directorytype\":\"body\"},{\"id\":\"42761848\",\"pid\":\"0\",\"name\":\"第十二章 社区健康档案\",\"level\":\"0\",\"code\":\"42761847\",\"directorycode\":\"12\",\"directorytype\":\"body\"},{\"id\":\"42761850\",\"pid\":\"0\",\"name\":\"教学大纲\",\"level\":\"0\",\"code\":\"42761849\",\"directorycode\":\"13\",\"directorytype\":\"body\"}]","_ZVING_STATUS":"OK"}