﻿<?xml version="1.0" encoding="UTF-8"?><exam><id>20181207112410</id><questions><instructions><![CDATA[一、单项选择题]]></instructions><question><type>1</type><format>html</format><desc><![CDATA[1.关于孕早期保健指导中<u><b>错误</b></u>的是]]></desc><options><option><id>A</id><type>text</type><desc><![CDATA[保证足够营养、饮食和睡眠]]></desc></option><option><id>B</id><type>text</type><desc><![CDATA[在准备怀孕前3个月至停经后3个月内，作好产前筛查]]></desc></option><option><id>C</id><type>text</type><desc><![CDATA[避免接触有害化学物质、放射线]]></desc></option><option><id>D</id><type>text</type><desc><![CDATA[坚持服用叶酸片，停经后5个月内要到医院做孕期检查，建立孕产妇保健手册]]></desc></option><option><id>E</id><type>text</type><desc><![CDATA[有不良生育史、遗传病家族史、严重内外科疾病史、年龄≥35岁者，应到医院咨询，做好产前诊断]]></desc></option></options><answers><![CDATA[D]]></answers></question><question><type>1</type><format>html</format><desc><![CDATA[2.在围绝经期妇女的健康教育中<u><b>错误</b></u>的是]]></desc><options><option><id>A</id><type>text</type><desc><![CDATA[通过家庭访视与妇女交谈的机会，建立互相信赖的护患关系]]></desc></option><option><id>B</id><type>text</type><desc><![CDATA[指导其参加力所能及的体力和脑力劳动，保持良好的生活习惯]]></desc></option><option><id>C</id><type>text</type><desc><![CDATA[让其家属也具备有关围绝经期的知识]]></desc></option><option><id>D</id><type>text</type><desc><![CDATA[指导正确用药]]></desc></option><option><id>E</id><type>text</type><desc><![CDATA[围绝经期妇女易出现骨质疏松症，为防止骨折应减少户外活动]]></desc></option></options><answers><![CDATA[E]]></answers></question><question><type>1</type><format>text</format><desc><![CDATA[3.产前检查应在]]></desc><options><option><id>A</id><type>text</type><desc><![CDATA[孕28周后每周1次]]></desc></option><option><id>B</id><type>text</type><desc><![CDATA[孕36周后每周1次]]></desc></option><option><id>C</id><type>text</type><desc><![CDATA[孕36周后每4周1次]]></desc></option><option><id>D</id><type>text</type><desc><![CDATA[孕12周后每2周1次]]></desc></option><option><id>E</id><type>text</type><desc><![CDATA[孕36周后每2周1次]]></desc></option></options><answers><![CDATA[B]]></answers></question><question><type>1</type><format>html</format><desc><![CDATA[4.新生儿期特有现象中<u><b>错误</b></u>的是]]></desc><options><option><id>A</id><type>text</type><desc><![CDATA[吸吮反射]]></desc></option><option><id>B</id><type>text</type><desc><![CDATA[生理性体重下降]]></desc></option><option><id>C</id><type>text</type><desc><![CDATA[新生儿黄疸]]></desc></option><option><id>D</id><type>text</type><desc><![CDATA[呼吸16～20次/min；心率60～90次/min]]></desc></option><option><id>E</id><type>text</type><desc><![CDATA[握持反射]]></desc></option></options><answers><![CDATA[D]]></answers></question><question><type>1</type><format>html</format><desc><![CDATA[5.下列关于婴幼儿喂养<u><b>错误</b></u>的是]]></desc><options><option><id>A</id><type>text</type><desc><![CDATA[婴儿4个月内提倡母乳喂养]]></desc></option><option><id>B</id><type>text</type><desc><![CDATA[辅食添加原则为：由少到多、由稀到稠、由细到粗、由一种到多种]]></desc></option><option><id>C</id><type>text</type><desc><![CDATA[一般母乳喂养4～6个月可断奶]]></desc></option><option><id>D</id><type>text</type><desc><![CDATA[断奶宜选择小儿身体健康，天气凉爽时进行]]></desc></option><option><id>E</id><type>text</type><desc><![CDATA[食物制作的要细、烂、软，且经常变换口味，以增进幼儿的食欲]]></desc></option></options><answers><![CDATA[C]]></answers></question><question><type>1</type><format>html</format><desc><![CDATA[6.进行老人用药指导时<u><b>错误</b></u>的做法是]]></desc><options><option><id>A</id><type>text</type><desc><![CDATA[小剂量开始，逐步达到适宜个体的最佳剂量]]></desc></option><option><id>B</id><type>text</type><desc><![CDATA[应选择对肝肾毒性小的药物]]></desc></option><option><id>C</id><type>text</type><desc><![CDATA[用药种类尽可能少而精]]></desc></option><option><id>D</id><type>text</type><desc><![CDATA[长期用药应定期检查肝、肾功能，以便及时减量或停用]]></desc></option><option><id>E</id><type>text</type><desc><![CDATA[由于肝肾功能减退，症状缓解后即可停药]]></desc></option></options><answers><![CDATA[E]]></answers></question><question><type>1</type><format>html</format><desc><![CDATA[7.关于老年人患病特点<u><b>错误</b></u>的是]]></desc><options><option><id>A</id><type>text</type><desc><![CDATA[临床表现不典型]]></desc></option><option><id>B</id><type>text</type><desc><![CDATA[病情难控，恶化迅速]]></desc></option><option><id>C</id><type>text</type><desc><![CDATA[多种疾病集于一身]]></desc></option><option><id>D</id><type>text</type><desc><![CDATA[意识障碍，诊断困难]]></desc></option><option><id>E</id><type>text</type><desc><![CDATA[并发症少]]></desc></option></options><answers><![CDATA[E]]></answers></question><question><type>1</type><format>text</format><desc><![CDATA[8.围绝经期综合征的临床表现为]]></desc><options><option><id>A</id><type>text</type><desc><![CDATA[约半数以上的妇女在围绝经期会发生比较明显的症状]]></desc></option><option><id>B</id><type>text</type><desc><![CDATA[卵巢功能衰退，月经不规则，有血性白带]]></desc></option><option><id>C</id><type>text</type><desc><![CDATA[血管舒缩功能失调，血压持续性增高，尤以舒张压升高明显]]></desc></option><option><id>D</id><type>text</type><desc><![CDATA[阵发性潮热、心悸眩晕、情绪易激动、月经紊乱]]></desc></option><option><id>E</id><type>text</type><desc><![CDATA[甲状腺功能减退，基础代谢降低]]></desc></option></options><answers><![CDATA[D]]></answers></question><question><type>1</type><format>text</format><desc><![CDATA[9.卡介苗的接种方法是]]></desc><options><option><id>A</id><type>text</type><desc><![CDATA[皮内注射]]></desc></option><option><id>B</id><type>text</type><desc><![CDATA[皮下注射]]></desc></option><option><id>C</id><type>text</type><desc><![CDATA[口服]]></desc></option><option><id>D</id><type>text</type><desc><![CDATA[肌内注射]]></desc></option><option><id>E</id><type>text</type><desc><![CDATA[以上均错误]]></desc></option></options><answers><![CDATA[A]]></answers></question><question><type>1</type><format>html</format><desc><![CDATA[10.预防龋齿<u><b>错误</b></u>的做法是]]></desc><options><option><id>A</id><type>text</type><desc><![CDATA[鼓励儿童多吃吃纤维性食物]]></desc></option><option><id>B</id><type>text</type><desc><![CDATA[睡前刷牙后不再进食]]></desc></option><option><id>C</id><type>text</type><desc><![CDATA[儿童学习刷牙，家长应帮助和监督]]></desc></option><option><id>D</id><type>text</type><desc><![CDATA[提倡学龄前儿童每1个月接受一次口腔健康检查]]></desc></option><option><id>E</id><type>text</type><desc><![CDATA[早期矫治前牙反咬合畸形]]></desc></option></options><answers><![CDATA[D]]></answers></question><question><type>1</type><format>html</format><desc><![CDATA[11.关于灼烫伤院前急救<u><b>错误</b></u>的是]]></desc><options><option><id>A</id><type>text</type><desc><![CDATA[应立即脱去衣物]]></desc></option><option><id>B</id><type>text</type><desc><![CDATA[将受伤部位浸入热水中清洗]]></desc></option><option><id>C</id><type>text</type><desc><![CDATA[如衣物与皮肤粘着，切勿强行撕拉]]></desc></option><option><id>D</id><type>text</type><desc><![CDATA[不要将水泡刺破，保护好创面]]></desc></option><option><id>E</id><type>text</type><desc><![CDATA[及早送医院治疗。]]></desc></option></options><answers><![CDATA[B]]></answers></question><question><type>1</type><format>text</format><desc><![CDATA[12.中年人是指]]></desc><options><option><id>A</id><type>text</type><desc><![CDATA[WHO确定中年人的标准为45～59岁]]></desc></option><option><id>B</id><type>text</type><desc><![CDATA[WHO确定中年人的标准为35～59岁]]></desc></option><option><id>C</id><type>text</type><desc><![CDATA[我国将中年期定为40～59岁]]></desc></option><option><id>D</id><type>text</type><desc><![CDATA[我国将中年期定为45～59岁]]></desc></option><option><id>E</id><type>text</type><desc><![CDATA[以上都不是]]></desc></option></options><answers><![CDATA[A]]></answers></question></questions></exam>