﻿<?xml version="1.0" encoding="UTF-8"?><exam><id>20181207110643</id><questions><instructions><![CDATA[一、单项选择题]]></instructions><question><type>1</type><format>html</format><desc><![CDATA[1.确定社区护理诊断排序，以下哪项<u><b>不是</b></u>首要考虑的]]></desc><options><option><id>A</id><type>text</type><desc><![CDATA[社区健康问题的严重性]]></desc></option><option><id>B</id><type>text</type><desc><![CDATA[干预后的效果好差]]></desc></option><option><id>C</id><type>text</type><desc><![CDATA[有无相应的干预措施]]></desc></option><option><id>D</id><type>text</type><desc><![CDATA[病情严重程度]]></desc></option><option><id>E</id><type>text</type><desc><![CDATA[服务对象的需求]]></desc></option></options><answers><![CDATA[C]]></answers></question><question><type>1</type><format>html</format><desc><![CDATA[2.关于社区护理评估以下<u><b>不当</b></u>的是]]></desc><options><option><id>A</id><type>text</type><desc><![CDATA[社区评估主要是对社区慢性病人的健康评估]]></desc></option><option><id>B</id><type>text</type><desc><![CDATA[可以采取调查、观察、走访和周游社区的形式进行评估]]></desc></option><option><id>C</id><type>text</type><desc><![CDATA[评估内容也包括社区交通教育情况]]></desc></option><option><id>D</id><type>text</type><desc><![CDATA[社区环境与居住条件也是评估内容之一]]></desc></option></options><answers><![CDATA[A]]></answers></question><question><type>1</type><format>text</format><desc><![CDATA[3.挡风玻璃式的调查是指]]></desc><options><option><id>A</id><type>text</type><desc><![CDATA[护理人员通过对社区中各层次人员进行访问或问卷调查]]></desc></option><option><id>B</id><type>text</type><desc><![CDATA[护理人员基于评估工具对评估对象进行整体全面的调查]]></desc></option><option><id>C</id><type>text</type><desc><![CDATA[护理人员通过各种图书馆资料、统计报表等资料了解社区情况]]></desc></option><option><id>D</id><type>text</type><desc><![CDATA[护理人员通过自己观察大体上了解社区的特点]]></desc></option><option><id>E</id><type>text</type><desc><![CDATA[护理人员直接参与社区活动，以社区成员的角色了解社区情况]]></desc></option></options><answers><![CDATA[D]]></answers></question><question><type>1</type><format>text</format><desc><![CDATA[4.属于结果评价的是]]></desc><options><option><id>A</id><type>text</type><desc><![CDATA[所制定的具体目标是完全达到、部分达到还是未达到]]></desc></option><option><id>B</id><type>text</type><desc><![CDATA[护理计划实施过程中人力、物力是否能够满足完成计划的要求]]></desc></option><option><id>C</id><type>text</type><desc><![CDATA[社区设施使用是否得当、充分]]></desc></option><option><id>D</id><type>text</type><desc><![CDATA[社区中是否有足够的、可获取的资源供使用以满足社区的需求]]></desc></option><option><id>E</id><type>text</type><desc><![CDATA[护理人员的知识技能是否能满足社区居民的需求]]></desc></option></options><answers><![CDATA[A]]></answers></question><question><type>1</type><format>html</format><desc><![CDATA[5.制定社区护理实施计划，<u><b>错误</b></u>的做法是]]></desc><options><option><id>A</id><type>text</type><desc><![CDATA[尽量使用以往解决类似问题的有效方法和策略]]></desc></option><option><id>B</id><type>text</type><desc><![CDATA[社区护理措施的效率要高]]></desc></option><option><id>C</id><type>text</type><desc><![CDATA[只要护士认为是社区急需解决的问题，无须考虑社区和居民的能力]]></desc></option><option><id>D</id><type>text</type><desc><![CDATA[选用可行性大的方案]]></desc></option><option><id>E</id><type>text</type><desc><![CDATA[为社区护理措施排序]]></desc></option></options><answers><![CDATA[C]]></answers></question><question><type>1</type><format>html</format><desc><![CDATA[6.哪项<u><b>不是</b></u>社区护理工作程序]]></desc><options><option><id>A</id><type>text</type><desc><![CDATA[社区健康指导]]></desc></option><option><id>B</id><type>text</type><desc><![CDATA[社区护理诊断]]></desc></option><option><id>C</id><type>text</type><desc><![CDATA[社区护理计划的制定]]></desc></option><option><id>D</id><type>text</type><desc><![CDATA[社区护理计划的实施]]></desc></option><option><id>E</id><type>text</type><desc><![CDATA[社区护理计划的记录与评价]]></desc></option></options><answers><![CDATA[A]]></answers></question><question><type>1</type><format>text</format><desc><![CDATA[7.关于决定社区护理问题的优先顺序原则，正确的是]]></desc><options><option><id>A</id><type>text</type><desc><![CDATA[根据社区护士的知识和技术]]></desc></option><option><id>B</id><type>text</type><desc><![CDATA[根据社区资源可用性和护理问题的重要性]]></desc></option><option><id>C</id><type>text</type><desc><![CDATA[根据社区居民和护士的关心程度]]></desc></option><option><id>D</id><type>text</type><desc><![CDATA[根据社区居民的需求]]></desc></option><option><id>E</id><type>text</type><desc><![CDATA[根据社区居民对需解决问题的准备程度]]></desc></option></options><answers><![CDATA[B]]></answers></question><question><type>1</type><format>html</format><desc><![CDATA[8.社区评估常用的调查方法以下<u><b>错误</b></u>的是]]></desc><options><option><id>A</id><type>text</type><desc><![CDATA[二手资料的分析、调查]]></desc></option><option><id>B</id><type>text</type><desc><![CDATA[周游社区]]></desc></option><option><id>C</id><type>text</type><desc><![CDATA[与社区居民非正式交谈]]></desc></option><option><id>D</id><type>text</type><desc><![CDATA[体检和实验室检查]]></desc></option><option><id>E</id><type>text</type><desc><![CDATA[问卷调查法]]></desc></option></options><answers><![CDATA[D]]></answers></question><question><type>1</type><format>text</format><desc><![CDATA[9.社区护理诊断的基础是]]></desc><options><option><id>A</id><type>text</type><desc><![CDATA[问题分析]]></desc></option><option><id>B</id><type>text</type><desc><![CDATA[社区机构的定性考察]]></desc></option><option><id>C</id><type>text</type><desc><![CDATA[收集资料]]></desc></option><option><id>D</id><type>text</type><desc><![CDATA[初步的研究结果]]></desc></option><option><id>E</id><type>text</type><desc><![CDATA[决定解决的问题]]></desc></option></options><answers><![CDATA[C]]></answers></question><question><type>1</type><format>text</format><desc><![CDATA[10.下列表述属于护理诊断中的相关因素的是]]></desc><options><option><id>A</id><type>text</type><desc><![CDATA[潜在的精神健康增强]]></desc></option><option><id>B</id><type>text</type><desc><![CDATA[有受伤的危险]]></desc></option><option><id>C</id><type>text</type><desc><![CDATA[与咳嗽反射减弱有关]]></desc></option><option><id>D</id><type>text</type><desc><![CDATA[自我角色认同紊乱]]></desc></option><option><id>E</id><type>text</type><desc><![CDATA[腹痛]]></desc></option></options><answers><![CDATA[C]]></answers></question><question><type>1</type><format>text</format><desc><![CDATA[11.在护理诊断的PES公式中“P”的含义是]]></desc><options><option><id>A</id><type>text</type><desc><![CDATA[护理问题]]></desc></option><option><id>B</id><type>text</type><desc><![CDATA[相关因素]]></desc></option><option><id>C</id><type>text</type><desc><![CDATA[症状与体征]]></desc></option><option><id>D</id><type>text</type><desc><![CDATA[实验室检查]]></desc></option><option><id>E</id><type>text</type><desc><![CDATA[分类]]></desc></option></options><answers><![CDATA[A]]></answers></question><question><type>1</type><format>text</format><desc><![CDATA[12.某社区卫生服务中心在一大型国有企业职工居住地社区设立社区卫生服务站。建站后为评估社区状况，社区护士联合社区居委会，邀请社区居民代表、工厂领导、工厂职工代表以及工厂附属幼儿园、小学代表召开座谈会，调查社区基本健康状况，社区护士使用的社区评估方法是]]></desc><options><option><id>A</id><type>text</type><desc><![CDATA[实地考察法]]></desc></option><option><id>B</id><type>text</type><desc><![CDATA[重要人物访谈]]></desc></option><option><id>C</id><type>text</type><desc><![CDATA[参与式观察]]></desc></option><option><id>D</id><type>text</type><desc><![CDATA[系统调查]]></desc></option><option><id>E</id><type>text</type><desc><![CDATA[查阅文献]]></desc></option></options><answers><![CDATA[B]]></answers></question><question><type>1</type><format>text</format><desc><![CDATA[13.某社区调查发现该社区居民高血压发生率为20%，冠心病为13%，高血脂为11%，糖尿病为10%，脑卒中为3%，则该社区需要优先解决的健康问题是]]></desc><options><option><id>A</id><type>text</type><desc><![CDATA[高血压]]></desc></option><option><id>B</id><type>text</type><desc><![CDATA[冠心病]]></desc></option><option><id>C</id><type>text</type><desc><![CDATA[高血脂]]></desc></option><option><id>D</id><type>text</type><desc><![CDATA[糖尿病]]></desc></option><option><id>E</id><type>text</type><desc><![CDATA[脑卒中]]></desc></option></options><answers><![CDATA[A]]></answers></question><question><type>1</type><format>text</format><desc><![CDATA[14.护士小王准备在社区范围内开展成年人吸烟情况的调查，最适宜的调查方法是]]></desc><options><option><id>A</id><type>text</type><desc><![CDATA[社区实地考察]]></desc></option><option><id>B</id><type>text</type><desc><![CDATA[重要人物访谈]]></desc></option><option><id>C</id><type>text</type><desc><![CDATA[查阅文献法]]></desc></option><option><id>D</id><type>text</type><desc><![CDATA[团体会议法]]></desc></option><option><id>E</id><type>text</type><desc><![CDATA[问卷调查法]]></desc></option></options><answers><![CDATA[E]]></answers></question></questions></exam>