﻿<?xml version="1.0" encoding="UTF-8"?><exam><id>20181207111408</id><questions><instructions><![CDATA[一、单项选择题]]></instructions><question><type>1</type><format>html</format><desc><![CDATA[1.<u><b>不属于</b></u>A型行为模式的是]]></desc><options><option><id>A</id><type>text</type><desc><![CDATA[做事动作快]]></desc></option><option><id>B</id><type>text</type><desc><![CDATA[喜欢竞争]]></desc></option><option><id>C</id><type>text</type><desc><![CDATA[具有时间紧迫感]]></desc></option><option><id>D</id><type>text</type><desc><![CDATA[谦和善忍]]></desc></option><option><id>E</id><type>text</type><desc><![CDATA[对人怀有潜在的敌意和戒心]]></desc></option></options><answers><![CDATA[D]]></answers></question><question><type>1</type><format>text</format><desc><![CDATA[2.以下属于危害健康行为的是]]></desc><options><option><id>A</id><type>text</type><desc><![CDATA[应对各种紧张生活事件]]></desc></option><option><id>B</id><type>text</type><desc><![CDATA[预防接种]]></desc></option><option><id>C</id><type>text</type><desc><![CDATA[讳疾忌医]]></desc></option><option><id>D</id><type>text</type><desc><![CDATA[合理地利用卫生资源]]></desc></option><option><id>E</id><type>text</type><desc><![CDATA[患病后及时康复]]></desc></option></options><answers><![CDATA[C]]></answers></question><question><type>1</type><format>html</format><desc><![CDATA[3.以下哪项<u><b>不是</b></u>影响态度转变的因素]]></desc><options><option><id>A</id><type>text</type><desc><![CDATA[信息的权威性]]></desc></option><option><id>B</id><type>text</type><desc><![CDATA[传播的效能]]></desc></option><option><id>C</id><type>text</type><desc><![CDATA[恐惧因素]]></desc></option><option><id>D</id><type>text</type><desc><![CDATA[行为效果和效益]]></desc></option><option><id>E</id><type>text</type><desc><![CDATA[修正因素]]></desc></option></options><answers><![CDATA[E]]></answers></question><question><type>1</type><format>text</format><desc><![CDATA[4.属于健康信念模式的是]]></desc><options><option><id>A</id><type>text</type><desc><![CDATA[个人认知]]></desc></option><option><id>B</id><type>text</type><desc><![CDATA[传播媒介]]></desc></option><option><id>C</id><type>text</type><desc><![CDATA[恐惧患病]]></desc></option><option><id>D</id><type>text</type><desc><![CDATA[行为效益]]></desc></option><option><id>E</id><type>text</type><desc><![CDATA[修正因素]]></desc></option></options><answers><![CDATA[A]]></answers></question><question><type>1</type><format>html</format><desc><![CDATA[5.<u><b>不属于</b></u>语言健康教育的是]]></desc><options><option><id>A</id><type>text</type><desc><![CDATA[交谈]]></desc></option><option><id>B</id><type>text</type><desc><![CDATA[卫生标语]]></desc></option><option><id>C</id><type>text</type><desc><![CDATA[专题讲座]]></desc></option><option><id>D</id><type>text</type><desc><![CDATA[同伴教育]]></desc></option><option><id>E</id><type>text</type><desc><![CDATA[小组讨论]]></desc></option></options><answers><![CDATA[B]]></answers></question><question><type>1</type><format>html</format><desc><![CDATA[6.<u><b>不属于</b></u>电化健康教育的是]]></desc><options><option><id>A</id><type>text</type><desc><![CDATA[广播]]></desc></option><option><id>B</id><type>text</type><desc><![CDATA[戏曲]]></desc></option><option><id>C</id><type>text</type><desc><![CDATA[录音]]></desc></option><option><id>D</id><type>text</type><desc><![CDATA[电视]]></desc></option><option><id>E</id><type>text</type><desc><![CDATA[电影]]></desc></option></options><answers><![CDATA[B]]></answers></question><question><type>1</type><format>html</format><desc><![CDATA[7.下列哪项<u><b>不属于</b></u>社区健康教育评估的内容]]></desc><options><option><id>A</id><type>text</type><desc><![CDATA[教育者]]></desc></option><option><id>B</id><type>text</type><desc><![CDATA[教育对象]]></desc></option><option><id>C</id><type>text</type><desc><![CDATA[外部环境]]></desc></option><option><id>D</id><type>text</type><desc><![CDATA[教育环境]]></desc></option><option><id>E</id><type>text</type><desc><![CDATA[医疗卫生服务资源]]></desc></option></options><answers><![CDATA[C]]></answers></question><question><type>1</type><format>text</format><desc><![CDATA[8.“知信行”模式是有关行为改变教成熟的模式，其间的关系是]]></desc><options><option><id>A</id><type>text</type><desc><![CDATA[知是基础、信是动力、行是目标]]></desc></option><option><id>B</id><type>text</type><desc><![CDATA[知是动力、信是基础、行是目标]]></desc></option><option><id>C</id><type>text</type><desc><![CDATA[知是目标、信是动力、行是基础]]></desc></option><option><id>D</id><type>text</type><desc><![CDATA[知是基础、信是目标、行是动力]]></desc></option><option><id>E</id><type>text</type><desc><![CDATA[知是目标、信是基础、行是动力]]></desc></option></options><answers><![CDATA[A]]></answers></question><question><type>1</type><format>text</format><desc><![CDATA[9.根据格林（PRECEDE-PROCEED）模式，行为与环境诊断中的环境因素是]]></desc><options><option><id>A</id><type>text</type><desc><![CDATA[物理、化学、生物、社会环境]]></desc></option><option><id>B</id><type>text</type><desc><![CDATA[物理、政治、经济、社会环境]]></desc></option><option><id>C</id><type>text</type><desc><![CDATA[物理、化学、政治、社会环境]]></desc></option><option><id>D</id><type>text</type><desc><![CDATA[物理、化学、自然、社会环境]]></desc></option><option><id>E</id><type>text</type><desc><![CDATA[物理、化学、生物、自然环境]]></desc></option></options><answers><![CDATA[B]]></answers></question><question><type>1</type><format>text</format><desc><![CDATA[10.小刚是某小学三年级学生，肥胖，喜欢电子游戏，近期频繁感冒到社区治疗，社区护士小张为其做健康教育，小张的教育计划总目标是]]></desc><options><option><id>A</id><type>text</type><desc><![CDATA[经过减肥体重恢复正常]]></desc></option><option><id>B</id><type>text</type><desc><![CDATA[喜欢打乒乓球和跑步]]></desc></option><option><id>C</id><type>text</type><desc><![CDATA[不再反复感冒]]></desc></option><option><id>D</id><type>text</type><desc><![CDATA[小刚处于同龄人的健康水平]]></desc></option><option><id>E</id><type>text</type><desc><![CDATA[不吃零食]]></desc></option></options><answers><![CDATA[D]]></answers></question><question><type>1</type><format>html</format><desc><![CDATA[11.小红是某社区护士，她准备针对本社区居民逐渐增多的流行性感冒趋势做一次社区健康指导，小红应遵循的基本原则中<u><b>不包括</b></u>]]></desc><options><option><id>A</id><type>text</type><desc><![CDATA[经过减肥体重恢复正常]]></desc></option><option><id>B</id><type>text</type><desc><![CDATA[喜欢打乒乓球和跑步]]></desc></option><option><id>C</id><type>text</type><desc><![CDATA[不再反复感冒]]></desc></option><option><id>D</id><type>text</type><desc><![CDATA[身体及行为处于健康状态]]></desc></option><option><id>E</id><type>text</type><desc><![CDATA[不吃零食]]></desc></option></options><answers><![CDATA[D]]></answers></question><question><type>1</type><format>text</format><desc><![CDATA[12.某市社区护士到一产妇家进行家访，访视过程中给予哺乳方法的指导，并提供育儿视频，指导产妇怎样为新生儿做抚触，护士的行为过程属于]]></desc><options><option><id>A</id><type>text</type><desc><![CDATA[健康指导与行为改变过程]]></desc></option><option><id>B</id><type>text</type><desc><![CDATA[心理咨询与个别访谈过程]]></desc></option><option><id>C</id><type>text</type><desc><![CDATA[全科医疗与卫生服务过程]]></desc></option><option><id>D</id><type>text</type><desc><![CDATA[健康教育与健康促进过程]]></desc></option><option><id>E</id><type>text</type><desc><![CDATA[宣传教育与卫生保健过程]]></desc></option></options><answers><![CDATA[D]]></answers></question><question><type>1</type><format>text</format><desc><![CDATA[13.王先生，60岁，每天吸烟30～40支，没有戒烟愿望，为改变其吸烟行为，下列干预方法效果最好的是]]></desc><options><option><id>A</id><type>text</type><desc><![CDATA[提供戒烟的具体方法]]></desc></option><option><id>B</id><type>text</type><desc><![CDATA[提高他对吸烟危险的认识，产生戒烟愿望]]></desc></option><option><id>C</id><type>text</type><desc><![CDATA[经济限制]]></desc></option><option><id>D</id><type>text</type><desc><![CDATA[远离香烟]]></desc></option><option><id>E</id><type>text</type><desc><![CDATA[进行意志力的培养]]></desc></option></options><answers><![CDATA[B]]></answers></question><question><type>1</type><format>html</format><desc><![CDATA[14.王奶奶，80岁，患有慢性阻塞性肺气肿20余年，活动时气闭明显，休息后可缓解，没有不良嗜好。为了提高王奶奶的生活质量，计划对其进行健康教育，下列哪项<u><b>不是</b></u>健康教育的内容]]></desc><options><option><id>A</id><type>text</type><desc><![CDATA[诱发呼吸道疾病的危险因素]]></desc></option><option><id>B</id><type>text</type><desc><![CDATA[戒烟]]></desc></option><option><id>C</id><type>text</type><desc><![CDATA[呼吸功能锻炼]]></desc></option><option><id>D</id><type>text</type><desc><![CDATA[合理营养]]></desc></option><option><id>E</id><type>text</type><desc><![CDATA[合理休息]]></desc></option></options><answers><![CDATA[B]]></answers></question></questions></exam>