﻿<?xml version="1.0" encoding="UTF-8"?><exam><id>20181207110929</id><questions><instructions><![CDATA[一、单项选择题]]></instructions><question><type>1</type><format>text</format><desc><![CDATA[1.流行病学的研究对象是]]></desc><options><option><id>A</id><type>text</type><desc><![CDATA[疾病]]></desc></option><option><id>B</id><type>text</type><desc><![CDATA[患者]]></desc></option><option><id>C</id><type>text</type><desc><![CDATA[人群]]></desc></option><option><id>D</id><type>text</type><desc><![CDATA[健康人]]></desc></option><option><id>E</id><type>text</type><desc><![CDATA[亚健康人]]></desc></option></options><answers><![CDATA[C]]></answers></question><question><type>1</type><format>text</format><desc><![CDATA[2.疾病发生的三要素是指]]></desc><options><option><id>A</id><type>text</type><desc><![CDATA[致病因子、宿主、环境]]></desc></option><option><id>B</id><type>text</type><desc><![CDATA[社区环境、自然环境、遗传因素]]></desc></option><option><id>C</id><type>text</type><desc><![CDATA[传染源、传播途径、易感人群]]></desc></option><option><id>D</id><type>text</type><desc><![CDATA[传染源、传播途径、传播机制]]></desc></option><option><id>E</id><type>text</type><desc><![CDATA[生物因素、物理环境、化学因素]]></desc></option></options><answers><![CDATA[A]]></answers></question><question><type>1</type><format>text</format><desc><![CDATA[3.描述疾病人群分布的指标是]]></desc><options><option><id>A</id><type>text</type><desc><![CDATA[体重]]></desc></option><option><id>B</id><type>text</type><desc><![CDATA[身高]]></desc></option><option><id>C</id><type>text</type><desc><![CDATA[年龄]]></desc></option><option><id>D</id><type>text</type><desc><![CDATA[血压]]></desc></option><option><id>E</id><type>text</type><desc><![CDATA[血型]]></desc></option></options><answers><![CDATA[C]]></answers></question><question><type>1</type><format>text</format><desc><![CDATA[4.流行病学调查方法中的筛检，其目的是]]></desc><options><option><id>A</id><type>text</type><desc><![CDATA[筛选可疑危险因素]]></desc></option><option><id>B</id><type>text</type><desc><![CDATA[探索病因]]></desc></option><option><id>C</id><type>text</type><desc><![CDATA[描述疾病三间分布]]></desc></option><option><id>D</id><type>text</type><desc><![CDATA[早期发现可疑患者]]></desc></option><option><id>E</id><type>text</type><desc><![CDATA[确诊病人]]></desc></option></options><answers><![CDATA[D]]></answers></question><question><type>1</type><format>text</format><desc><![CDATA[5.某病在一定地区的发病率呈历年的一般水平，应属于]]></desc><options><option><id>A</id><type>text</type><desc><![CDATA[暴发]]></desc></option><option><id>B</id><type>text</type><desc><![CDATA[流行]]></desc></option><option><id>C</id><type>text</type><desc><![CDATA[大流行]]></desc></option><option><id>D</id><type>text</type><desc><![CDATA[暴发流行]]></desc></option><option><id>E</id><type>text</type><desc><![CDATA[散发]]></desc></option></options><answers><![CDATA[E]]></answers></question><question><type>1</type><format>text</format><desc><![CDATA[6.在流行病学分析性研究中，从“果”到“因”的调查研究为]]></desc><options><option><id>A</id><type>text</type><desc><![CDATA[病例对照研究]]></desc></option><option><id>B</id><type>text</type><desc><![CDATA[队列研究]]></desc></option><option><id>C</id><type>text</type><desc><![CDATA[现况研究]]></desc></option><option><id>D</id><type>text</type><desc><![CDATA[实验研究]]></desc></option><option><id>E</id><type>text</type><desc><![CDATA[抽样调查]]></desc></option></options><answers><![CDATA[A]]></answers></question><question><type>1</type><format>text</format><desc><![CDATA[7.病例对照研究属于流行病学研究中的]]></desc><options><option><id>A</id><type>text</type><desc><![CDATA[描述流行病学研究]]></desc></option><option><id>B</id><type>text</type><desc><![CDATA[实验流行病学研究]]></desc></option><option><id>C</id><type>text</type><desc><![CDATA[理论流行病学研究]]></desc></option><option><id>D</id><type>text</type><desc><![CDATA[临床实验]]></desc></option><option><id>E</id><type>text</type><desc><![CDATA[分析流行病学研究]]></desc></option></options><answers><![CDATA[E]]></answers></question><question><type>1</type><format>text</format><desc><![CDATA[8.某年内发生某病的新病例与同年暴露人口数之比是]]></desc><options><option><id>A</id><type>text</type><desc><![CDATA[发病率]]></desc></option><option><id>B</id><type>text</type><desc><![CDATA[病死率]]></desc></option><option><id>C</id><type>text</type><desc><![CDATA[患病率]]></desc></option><option><id>D</id><type>text</type><desc><![CDATA[死亡率]]></desc></option><option><id>E</id><type>text</type><desc><![CDATA[感染率]]></desc></option></options><answers><![CDATA[A]]></answers></question><question><type>1</type><format>text</format><desc><![CDATA[9.据统计，流行性脑脊髓膜炎每隔8～12年出现一次大的流行，这说明流行性脑脊髓膜炎具有]]></desc><options><option><id>A</id><type>text</type><desc><![CDATA[季节性]]></desc></option><option><id>B</id><type>text</type><desc><![CDATA[短期波动]]></desc></option><option><id>C</id><type>text</type><desc><![CDATA[长期变异]]></desc></option><option><id>D</id><type>text</type><desc><![CDATA[周期性]]></desc></option><option><id>E</id><type>text</type><desc><![CDATA[地方性]]></desc></option></options><answers><![CDATA[D]]></answers></question><question><type>1</type><format>text</format><desc><![CDATA[10.护士小王在社区中对一组慢性支气管炎的病人和一组未患慢性支气管炎但具有可比性的健康人，调查他们的吸烟历史，其目的是通过比较两组的差别，检验吸烟与慢性支气管炎有无因果联系的假设。这种研究方法是]]></desc><options><option><id>A</id><type>text</type><desc><![CDATA[描述流行病学研究]]></desc></option><option><id>B</id><type>text</type><desc><![CDATA[病例对照研究]]></desc></option><option><id>C</id><type>text</type><desc><![CDATA[队列研究]]></desc></option><option><id>D</id><type>text</type><desc><![CDATA[临床试验研究]]></desc></option><option><id>E</id><type>text</type><desc><![CDATA[社区人群试验研究]]></desc></option></options><answers><![CDATA[B]]></answers></question><question><type>1</type><format>text</format><desc><![CDATA[11.某单位会餐的100人中，有30人因食某一被嗜盐弧菌污染的食物，于会餐后的二天内发生腹泻、腹痛，这30%是]]></desc><options><option><id>A</id><type>text</type><desc><![CDATA[发病率]]></desc></option><option><id>B</id><type>text</type><desc><![CDATA[患病率]]></desc></option><option><id>C</id><type>text</type><desc><![CDATA[罹患率]]></desc></option><option><id>D</id><type>text</type><desc><![CDATA[感染率]]></desc></option><option><id>E</id><type>text</type><desc><![CDATA[相对危险性]]></desc></option></options><answers><![CDATA[A]]></answers></question></questions></exam>