﻿<?xml version="1.0" encoding="UTF-8"?><exam><id>20181207111850</id><questions><instructions><![CDATA[一、单项选择题]]></instructions><question><type>1</type><format>text</format><desc><![CDATA[1.肺鼠疫在大、中城市发生并有扩散趋势的情况属于]]></desc><options><option><id>A</id><type>text</type><desc><![CDATA[特别重大（Ⅰ级）突发公共卫生事件]]></desc></option><option><id>B</id><type>text</type><desc><![CDATA[重大（Ⅱ级）突发公共卫生事件]]></desc></option><option><id>C</id><type>text</type><desc><![CDATA[较大（Ⅲ级）突发公共卫生事件]]></desc></option><option><id>D</id><type>text</type><desc><![CDATA[一般（Ⅳ级）突发公共卫生事件]]></desc></option><option><id>E</id><type>text</type><desc><![CDATA[不属于突发公共卫生事件]]></desc></option></options><answers><![CDATA[B]]></answers></question><question><type>1</type><format>html</format><desc><![CDATA[2.下列<u><b>不属于</b></u>突发公共卫生事件的有]]></desc><options><option><id>A</id><type>text</type><desc><![CDATA[传染病疫情爆发或流行]]></desc></option><option><id>B</id><type>text</type><desc><![CDATA[群体不明原因疾病]]></desc></option><option><id>C</id><type>text</type><desc><![CDATA[重大食物中毒]]></desc></option><option><id>D</id><type>text</type><desc><![CDATA[重大职业中毒]]></desc></option><option><id>E</id><type>text</type><desc><![CDATA[重大工伤事故]]></desc></option></options><answers><![CDATA[E]]></answers></question><question><type>1</type><format>text</format><desc><![CDATA[3.特别重大突发公共卫生事件主要包括]]></desc><options><option><id>A</id><type>text</type><desc><![CDATA[肺鼠疫在大、中城市发生并有扩散趋势]]></desc></option><option><id>B</id><type>text</type><desc><![CDATA[发生传染性非典型肺炎病例，并有扩散趋势]]></desc></option><option><id>C</id><type>text</type><desc><![CDATA[涉及多省份的群体性不明原因疾病，并有扩散趋势]]></desc></option><option><id>D</id><type>text</type><desc><![CDATA[发生新传染病，并有扩散趋势]]></desc></option><option><id>E</id><type>text</type><desc><![CDATA[发生烈性病菌株、毒株、致病因子等丢失事件]]></desc></option></options><answers><![CDATA[C]]></answers></question><question><type>1</type><format>text</format><desc><![CDATA[4.下列属于突发公共卫生事件责任报告单位的是]]></desc><options><option><id>A</id><type>text</type><desc><![CDATA[县级以上政府卫生行政部门指定的突发公共卫生事件监测机构]]></desc></option><option><id>B</id><type>text</type><desc><![CDATA[各级各类医疗卫生机构、卫生行政部门、县级以上地方人民政府]]></desc></option><option><id>C</id><type>text</type><desc><![CDATA[检验检疫机构、食品药品监督管理机构]]></desc></option><option><id>D</id><type>text</type><desc><![CDATA[环境保护监测机构]]></desc></option><option><id>E</id><type>text</type><desc><![CDATA[各级教育机构]]></desc></option></options><answers><![CDATA[B]]></answers></question><question><type>1</type><format>html</format><desc><![CDATA[5.下列<u><b>不属于</b></u>危机管理反应的是]]></desc><options><option><id>A</id><type>text</type><desc><![CDATA[现场评估]]></desc></option><option><id>B</id><type>text</type><desc><![CDATA[人物调配]]></desc></option><option><id>C</id><type>text</type><desc><![CDATA[现场救护]]></desc></option><option><id>D</id><type>text</type><desc><![CDATA[人员安置]]></desc></option><option><id>E</id><type>text</type><desc><![CDATA[卫生处置]]></desc></option></options><answers><![CDATA[D]]></answers></question><question><type>1</type><format>text</format><desc><![CDATA[6.下列社区突发公共卫生事件管理流程正确的是]]></desc><options><option><id>A</id><type>text</type><desc><![CDATA[评估-报告-预警响应-现场工作-恢复重建]]></desc></option><option><id>B</id><type>text</type><desc><![CDATA[评估-预警响应-报告-现场工作-恢复重建]]></desc></option><option><id>C</id><type>text</type><desc><![CDATA[评估-预警分级-报告-现场工作-恢复重建]]></desc></option><option><id>D</id><type>text</type><desc><![CDATA[评估-报告-预警分级-现场工作-恢复重建]]></desc></option><option><id>E</id><type>text</type><desc><![CDATA[评估-报告-预警响应-现场管理-恢复重建]]></desc></option></options><answers><![CDATA[A]]></answers></question><question><type>1</type><format>text</format><desc><![CDATA[7.下列哪种情况发生时，监测机构、医疗卫生机构或有关单位不需在2小时内向所在市（县）级人民政府卫生行政主管部门报告]]></desc><options><option><id>A</id><type>text</type><desc><![CDATA[发生或者可能发生传染病暴发、流行的]]></desc></option><option><id>B</id><type>text</type><desc><![CDATA[发生或者发现不明原因的群体性疾病的]]></desc></option><option><id>C</id><type>text</type><desc><![CDATA[发生传染病菌种、毒种丢失的]]></desc></option><option><id>D</id><type>text</type><desc><![CDATA[发生或者可能发生重大食物和职业中毒事件]]></desc></option><option><id>E</id><type>text</type><desc><![CDATA[发生或者发现不明原因的地域性疾病的]]></desc></option></options><answers><![CDATA[E]]></answers></question><question><type>1</type><format>html</format><desc><![CDATA[8.下列突发公共卫生事件中的预检分诊<u><b>错误</b></u>的是]]></desc><options><option><id>A</id><type>text</type><desc><![CDATA[预检分诊即对伤情进行分诊]]></desc></option><option><id>B</id><type>text</type><desc><![CDATA[红色：危重]]></desc></option><option><id>C</id><type>text</type><desc><![CDATA[重伤：黄色]]></desc></option><option><id>D</id><type>text</type><desc><![CDATA[蓝色：轻伤]]></desc></option><option><id>E</id><type>text</type><desc><![CDATA[黑色：死亡]]></desc></option></options><answers><![CDATA[A]]></answers></question></questions></exam>