﻿<?xml version="1.0" encoding="UTF-8"?><exam><id>20181207111144</id><questions><instructions><![CDATA[一、单项选择题]]></instructions><question><type>1</type><format>html</format><desc><![CDATA[1.下列关于健康管理的说法<u><b>错误</b></u>的是]]></desc><options><option><id>A</id><type>text</type><desc><![CDATA[是一个不断循环往复，不断改进的过程]]></desc></option><option><id>B</id><type>text</type><desc><![CDATA[有助于控制不断增涨的医疗费用]]></desc></option><option><id>C</id><type>text</type><desc><![CDATA[服务对象重点是高危人群体，不包括患病人群]]></desc></option><option><id>D</id><type>text</type><desc><![CDATA[核心是对健康危险因素的管理]]></desc></option><option><id>E</id><type>text</type><desc><![CDATA[健康管理的思路和实践最出现在美国]]></desc></option></options><answers><![CDATA[D]]></answers></question><question><type>1</type><format>text</format><desc><![CDATA[2.健康管理与传统的疾病管理主要区别在于]]></desc><options><option><id>A</id><type>text</type><desc><![CDATA[群体化]]></desc></option><option><id>B</id><type>text</type><desc><![CDATA[全程化]]></desc></option><option><id>C</id><type>text</type><desc><![CDATA[标准化]]></desc></option><option><id>D</id><type>text</type><desc><![CDATA[系统化]]></desc></option><option><id>E</id><type>text</type><desc><![CDATA[个性化]]></desc></option></options><answers><![CDATA[A]]></answers></question><question><type>1</type><format>html</format><desc><![CDATA[3.关于生活方式管理，描述<u><b>不正确</b></u>的是]]></desc><options><option><id>A</id><type>text</type><desc><![CDATA[以个体为中心，强调个体的健康观念和作用]]></desc></option><option><id>B</id><type>text</type><desc><![CDATA[以预防为主]]></desc></option><option><id>C</id><type>text</type><desc><![CDATA[形式多样化]]></desc></option><option><id>D</id><type>text</type><desc><![CDATA[生活方式管理策略是其它健康管理策略的基础]]></desc></option><option><id>E</id><type>text</type><desc><![CDATA[健康管理者责任替代个人对生活方式的选择]]></desc></option></options><answers><![CDATA[E]]></answers></question><question><type>1</type><format>text</format><desc><![CDATA[4.健康风险计算中，将单一因素与发病率的关系以相对危险性来表示其强度，得出的各相关因素的加权分数即为患病的危险性。这种方法的代表是]]></desc><options><option><id>A</id><type>text</type><desc><![CDATA[美国卡特中心评价方法]]></desc></option><option><id>B</id><type>text</type><desc><![CDATA[C型模式]]></desc></option><option><id>C</id><type>text</type><desc><![CDATA[Framingham的冠心病风险预测模型]]></desc></option><option><id>D</id><type>text</type><desc><![CDATA[家庭评估模式]]></desc></option><option><id>E</id><type>text</type><desc><![CDATA[A型模式]]></desc></option></options><answers><![CDATA[A]]></answers></question><question><type>1</type><format>html</format><desc><![CDATA[5.关于健康体检描述<u><b>不正确</b></u>的是]]></desc><options><option><id>A</id><type>text</type><desc><![CDATA[是早期发现疾病线索和健康隐患的诊疗行为]]></desc></option><option><id>B</id><type>text</type><desc><![CDATA[是以健康为中心的身心医学检查]]></desc></option><option><id>C</id><type>text</type><desc><![CDATA[以诊疗为目的]]></desc></option><option><id>D</id><type>text</type><desc><![CDATA[是筛查的一个重要手段]]></desc></option><option><id>E</id><type>text</type><desc><![CDATA[以上都不对]]></desc></option></options><answers><![CDATA[C]]></answers></question><question><type>1</type><format>text</format><desc><![CDATA[6.对肿瘤、肾衰等疾病管理，属于哪种健康管理策略]]></desc><options><option><id>A</id><type>text</type><desc><![CDATA[生活方式管理]]></desc></option><option><id>B</id><type>text</type><desc><![CDATA[灾难性病伤管理]]></desc></option><option><id>C</id><type>text</type><desc><![CDATA[因工残疾管理]]></desc></option><option><id>D</id><type>text</type><desc><![CDATA[健康需求管理]]></desc></option><option><id>E</id><type>text</type><desc><![CDATA[综合管理]]></desc></option></options><answers><![CDATA[B]]></answers></question></questions></exam>