﻿<?xml version="1.0" encoding="UTF-8"?><exam><id>20181207112555</id><questions><instructions><![CDATA[一、单项选择题]]></instructions><question><type>1</type><format>text</format><desc><![CDATA[1.男性45岁，患高血压3年，护士指导患者饮食中钠盐应]]></desc><options><option><id>A</id><type>text</type><desc><![CDATA[＜2g/d]]></desc></option><option><id>B</id><type>text</type><desc><![CDATA[＜4g/d]]></desc></option><option><id>C</id><type>text</type><desc><![CDATA[＜6g/d]]></desc></option><option><id>D</id><type>text</type><desc><![CDATA[＜8g/d]]></desc></option><option><id>E</id><type>text</type><desc><![CDATA[＜10g/d]]></desc></option></options><answers><![CDATA[C]]></answers></question><question><type>1</type><format>html</format><desc><![CDATA[2.慢性病的特征<u><b>不包括</b></u>]]></desc><options><option><id>A</id><type>text</type><desc><![CDATA[病因明确]]></desc></option><option><id>B</id><type>text</type><desc><![CDATA[起病隐匿，潜伏时间长]]></desc></option><option><id>C</id><type>text</type><desc><![CDATA[病程长，病理改变多不可逆]]></desc></option><option><id>D</id><type>text</type><desc><![CDATA[不易治愈，易出现并发症]]></desc></option><option><id>E</id><type>text</type><desc><![CDATA[相关危险因素可以预防]]></desc></option></options><answers><![CDATA[A]]></answers></question><question><type>1</type><format>html</format><desc><![CDATA[3.慢性病的危险因素中<u><b>不可改变</b></u>危险因素为]]></desc><options><option><id>A</id><type>text</type><desc><![CDATA[饮食因素]]></desc></option><option><id>B</id><type>text</type><desc><![CDATA[精神心理因素]]></desc></option><option><id>C</id><type>text</type><desc><![CDATA[遗传与生物学因素]]></desc></option><option><id>D</id><type>text</type><desc><![CDATA[环境因素]]></desc></option><option><id>E</id><type>text</type><desc><![CDATA[不良嗜好]]></desc></option></options><answers><![CDATA[C]]></answers></question><question><type>1</type><format>text</format><desc><![CDATA[4.目前我国居民患病率最高的慢性病是]]></desc><options><option><id>A</id><type>text</type><desc><![CDATA[冠心病]]></desc></option><option><id>B</id><type>text</type><desc><![CDATA[COPD]]></desc></option><option><id>C</id><type>text</type><desc><![CDATA[骨质疏松]]></desc></option><option><id>D</id><type>text</type><desc><![CDATA[高血压]]></desc></option><option><id>E</id><type>text</type><desc><![CDATA[糖尿病]]></desc></option></options><answers><![CDATA[D]]></answers></question><question><type>1</type><format>text</format><desc><![CDATA[5.对原发性高血压患者，每年要提供至少（）次面对面的随访。]]></desc><options><option><id>A</id><type>text</type><desc><![CDATA[2次]]></desc></option><option><id>B</id><type>text</type><desc><![CDATA[3次]]></desc></option><option><id>C</id><type>text</type><desc><![CDATA[4次]]></desc></option><option><id>D</id><type>text</type><desc><![CDATA[1次]]></desc></option><option><id>E</id><type>text</type><desc><![CDATA[6次]]></desc></option></options><answers><![CDATA[C]]></answers></question><question><type>1</type><format>html</format><desc><![CDATA[6.下列哪一项<u><b>不属于</b></u>导致慢性病的行为影响因素]]></desc><options><option><id>A</id><type>text</type><desc><![CDATA[缺乏锻炼]]></desc></option><option><id>B</id><type>text</type><desc><![CDATA[吸烟]]></desc></option><option><id>C</id><type>text</type><desc><![CDATA[酗酒]]></desc></option><option><id>D</id><type>text</type><desc><![CDATA[不健康的饮食]]></desc></option><option><id>E</id><type>text</type><desc><![CDATA[药物滥用]]></desc></option></options><answers><![CDATA[E]]></answers></question><question><type>1</type><format>html</format><desc><![CDATA[7.关于冠心病的流行病学特点中哪项是<u><b>错误</b></u>的]]></desc><options><option><id>A</id><type>text</type><desc><![CDATA[是危害人群健康的常见病]]></desc></option><option><id>B</id><type>text</type><desc><![CDATA[40岁以后高发]]></desc></option><option><id>C</id><type>text</type><desc><![CDATA[脑力劳动者多见]]></desc></option><option><id>D</id><type>text</type><desc><![CDATA[女性多于男性]]></desc></option><option><id>E</id><type>text</type><desc><![CDATA[我国近年来发病呈上升趋势]]></desc></option></options><answers><![CDATA[D]]></answers></question><question><type>1</type><format>text</format><desc><![CDATA[8.护士教会糖尿病患者自己注射胰岛素的方法，这种教育形式是]]></desc><options><option><id>A</id><type>text</type><desc><![CDATA[实践参与形式]]></desc></option><option><id>B</id><type>text</type><desc><![CDATA[案例学习形式]]></desc></option><option><id>C</id><type>text</type><desc><![CDATA[形象教育形式]]></desc></option><option><id>D</id><type>text</type><desc><![CDATA[语言教育形式]]></desc></option><option><id>E</id><type>text</type><desc><![CDATA[健康咨询]]></desc></option></options><answers><![CDATA[A]]></answers></question><question><type>1</type><format>html</format><desc><![CDATA[9.患者，女，45岁，患者高血压3年。住院期间，护士为患者讲解高血压的发病因素，下列与高血压发病<u><b>无关</b></u>的是]]></desc><options><option><id>A</id><type>text</type><desc><![CDATA[精神过度紧张]]></desc></option><option><id>B</id><type>text</type><desc><![CDATA[钠盐]]></desc></option><option><id>C</id><type>text</type><desc><![CDATA[体重超重]]></desc></option><option><id>D</id><type>text</type><desc><![CDATA[免疫缺陷]]></desc></option><option><id>E</id><type>text</type><desc><![CDATA[遗传]]></desc></option></options><answers><![CDATA[D]]></answers></question><question><type>1</type><format>text</format><desc><![CDATA[10.高血压可造成哪些靶器官的损伤]]></desc><options><option><id>A</id><type>text</type><desc><![CDATA[心、肺、肾]]></desc></option><option><id>B</id><type>text</type><desc><![CDATA[心、肝、肾]]></desc></option><option><id>C</id><type>text</type><desc><![CDATA[肝、肺、肾]]></desc></option><option><id>D</id><type>text</type><desc><![CDATA[心、脑、肾]]></desc></option><option><id>E</id><type>text</type><desc><![CDATA[肺、心、肾]]></desc></option></options><answers><![CDATA[D]]></answers></question><question><type>1</type><format>text</format><desc><![CDATA[11.糖尿病的诊断标准为]]></desc><options><option><id>A</id><type>text</type><desc><![CDATA[空腹血糖≥5.0mmol/L]]></desc></option><option><id>B</id><type>text</type><desc><![CDATA[空腹血糖≥6.0mmol/L]]></desc></option><option><id>C</id><type>text</type><desc><![CDATA[空腹血糖≥7.0mmol/L]]></desc></option><option><id>D</id><type>text</type><desc><![CDATA[餐后2小时血糖≥10.0mmol/L]]></desc></option><option><id>E</id><type>text</type><desc><![CDATA[餐后2小时血糖≥5.0mmol/L]]></desc></option></options><answers><![CDATA[C]]></answers></question><question><type>1</type><format>text</format><desc><![CDATA[12.2型糖尿病最基本的治疗措施]]></desc><options><option><id>A</id><type>text</type><desc><![CDATA[饮食治疗]]></desc></option><option><id>B</id><type>text</type><desc><![CDATA[运动治疗]]></desc></option><option><id>C</id><type>text</type><desc><![CDATA[口服降血糖]]></desc></option><option><id>D</id><type>text</type><desc><![CDATA[胰岛素治疗]]></desc></option><option><id>E</id><type>text</type><desc><![CDATA[心理调节]]></desc></option></options><answers><![CDATA[A]]></answers></question><question><type>1</type><format>text</format><desc><![CDATA[13.缓解心绞痛发作最有效、作用最快的药物是]]></desc><options><option><id>A</id><type>text</type><desc><![CDATA[硝苯地平]]></desc></option><option><id>B</id><type>text</type><desc><![CDATA[普萘洛尔]]></desc></option><option><id>C</id><type>text</type><desc><![CDATA[阿司匹林]]></desc></option><option><id>D</id><type>text</type><desc><![CDATA[硝酸甘油]]></desc></option><option><id>E</id><type>text</type><desc><![CDATA[阿托品]]></desc></option></options><answers><![CDATA[D]]></answers></question><question><type>1</type><format>text</format><desc><![CDATA[14.以下哪种疾病属于致命性慢性病]]></desc><options><option><id>A</id><type>text</type><desc><![CDATA[血友病]]></desc></option><option><id>B</id><type>text</type><desc><![CDATA[骨髓衰竭]]></desc></option><option><id>C</id><type>text</type><desc><![CDATA[脑卒中]]></desc></option><option><id>D</id><type>text</type><desc><![CDATA[胰岛素依赖型成人糖尿病]]></desc></option><option><id>E</id><type>text</type><desc><![CDATA[肺气肿]]></desc></option></options><answers><![CDATA[B]]></answers></question><question><type>1</type><format>text</format><desc><![CDATA[15.居我国恶性肿瘤发病率及死亡率首位的是]]></desc><options><option><id>A</id><type>text</type><desc><![CDATA[胃癌]]></desc></option><option><id>B</id><type>text</type><desc><![CDATA[乳腺癌]]></desc></option><option><id>C</id><type>text</type><desc><![CDATA[肝癌]]></desc></option><option><id>D</id><type>text</type><desc><![CDATA[肺癌]]></desc></option><option><id>E</id><type>text</type><desc><![CDATA[结直肠癌]]></desc></option></options><answers><![CDATA[D]]></answers></question><question><type>1</type><format>text</format><desc><![CDATA[16.甲类传染病的法定传染病报告时间在城镇应于发现后]]></desc><options><option><id>A</id><type>text</type><desc><![CDATA[6小时内]]></desc></option><option><id>B</id><type>text</type><desc><![CDATA[8小时内]]></desc></option><option><id>C</id><type>text</type><desc><![CDATA[10小时内]]></desc></option><option><id>D</id><type>text</type><desc><![CDATA[12小时内]]></desc></option><option><id>E</id><type>text</type><desc><![CDATA[24小时内]]></desc></option></options><answers><![CDATA[A]]></answers></question><question><type>1</type><format>text</format><desc><![CDATA[17.属于甲类法定传染病的是]]></desc><options><option><id>A</id><type>text</type><desc><![CDATA[鼠疫、炭疽]]></desc></option><option><id>B</id><type>text</type><desc><![CDATA[霍乱、炭疽]]></desc></option><option><id>C</id><type>text</type><desc><![CDATA[鼠疫、霍乱]]></desc></option><option><id>D</id><type>text</type><desc><![CDATA[霍乱、艾滋病]]></desc></option><option><id>E</id><type>text</type><desc><![CDATA[鼠疫、艾滋病]]></desc></option></options><answers><![CDATA[C]]></answers></question><question><type>1</type><format>text</format><desc><![CDATA[18.乙型病毒性肝炎的最主要的传播途径是]]></desc><options><option><id>A</id><type>text</type><desc><![CDATA[经呼吸道传播]]></desc></option><option><id>B</id><type>text</type><desc><![CDATA[经消化道传播]]></desc></option><option><id>C</id><type>text</type><desc><![CDATA[经血液传播]]></desc></option><option><id>D</id><type>text</type><desc><![CDATA[经注射传播]]></desc></option><option><id>E</id><type>text</type><desc><![CDATA[经生活密切接触传播]]></desc></option></options><answers><![CDATA[C]]></answers></question><question><type>1</type><format>html</format><desc><![CDATA[19.目前认为艾滋病的传播途径<u><b>不包括</b></u>]]></desc><options><option><id>A</id><type>text</type><desc><![CDATA[性传播]]></desc></option><option><id>B</id><type>text</type><desc><![CDATA[静脉滥用毒品而传播]]></desc></option><option><id>C</id><type>text</type><desc><![CDATA[输血及血制品]]></desc></option><option><id>D</id><type>text</type><desc><![CDATA[母婴垂直传播]]></desc></option><option><id>E</id><type>text</type><desc><![CDATA[昆虫叮咬传播]]></desc></option></options><answers><![CDATA[E]]></answers></question><question><type>1</type><format>html</format><desc><![CDATA[20.患者，男性，37岁，不规则发热、咳嗽，伴间断腹泻、食欲减退及明显消瘦2个月，既往有静脉吸毒史。体格检测：体温38℃，全身淋巴结肿大，质韧、无触痛，能活动。血白细胞4.0×10<sup>9</sup>／L，血清抗-HIV(+)。此患者最可能的疾病是]]></desc><options><option><id>A</id><type>text</type><desc><![CDATA[支气管肺癌]]></desc></option><option><id>B</id><type>text</type><desc><![CDATA[艾滋病]]></desc></option><option><id>C</id><type>text</type><desc><![CDATA[白血病]]></desc></option><option><id>D</id><type>text</type><desc><![CDATA[败血症]]></desc></option><option><id>E</id><type>text</type><desc><![CDATA[淋巴病]]></desc></option></options><answers><![CDATA[B]]></answers></question></questions></exam>