﻿<?xml version="1.0" encoding="UTF-8"?><exam><id>20181207112043</id><questions><instructions><![CDATA[一、单项选择题]]></instructions><question><type>1</type><format>text</format><desc><![CDATA[1.现代社会中家庭的主要类型为]]></desc><options><option><id>A</id><type>text</type><desc><![CDATA[联合家庭]]></desc></option><option><id>B</id><type>text</type><desc><![CDATA[主干家庭]]></desc></option><option><id>C</id><type>text</type><desc><![CDATA[核心家庭]]></desc></option><option><id>D</id><type>text</type><desc><![CDATA[直系家庭]]></desc></option><option><id>E</id><type>text</type><desc><![CDATA[复式家庭]]></desc></option></options><answers><![CDATA[C]]></answers></question><question><type>1</type><format>text</format><desc><![CDATA[2.从人类社会发展的过程来看，家庭主要类型由古至今的演变次序是]]></desc><options><option><id>A</id><type>text</type><desc><![CDATA[联合家庭-主干家庭-核心家庭]]></desc></option><option><id>B</id><type>text</type><desc><![CDATA[主干家庭-联合家庭-核心家庭]]></desc></option><option><id>C</id><type>text</type><desc><![CDATA[联合家庭-核心家庭-主干家庭]]></desc></option><option><id>D</id><type>text</type><desc><![CDATA[核心家庭-主干家庭-联合家庭]]></desc></option><option><id>E</id><type>text</type><desc><![CDATA[主干家庭-核心家庭-联合家庭]]></desc></option></options><answers><![CDATA[A]]></answers></question><question><type>1</type><format>html</format><desc><![CDATA[3.关于家庭类型，下面的陈述<u><b>错误</b></u>的是]]></desc><options><option><id>A</id><type>text</type><desc><![CDATA[核心家庭规模小、人数少、结构简单、关系单纯]]></desc></option><option><id>B</id><type>text</type><desc><![CDATA[核心家庭家庭内部只有一个权力和活动中心，便于作出决定，也便于迁移]]></desc></option><option><id>C</id><type>text</type><desc><![CDATA[主干家庭往往有一个权力和活动中心，还有一个次中心存在]]></desc></option><option><id>D</id><type>text</type><desc><![CDATA[单身家庭不具备传统的家庭形式,也不行使着家庭的功能]]></desc></option><option><id>E</id><type>text</type><desc><![CDATA[联合家庭结构相对松散且不稳定，难以作出一致的决定]]></desc></option></options><answers><![CDATA[D]]></answers></question><question><type>1</type><format>html</format><desc><![CDATA[4.下列关于家庭生活周期的说法，<u><b>错误</b></u>的是]]></desc><options><option><id>A</id><type>text</type><desc><![CDATA[根据家庭发展的特征，家庭生活周期包括新婚期、有婴幼儿、有学龄前儿童、有学龄期儿童、有青少年、有青年期子女、空巢期和老化期等八个阶段]]></desc></option><option><id>B</id><type>text</type><desc><![CDATA[每个家庭都要经历家庭发展的各个阶段]]></desc></option><option><id>C</id><type>text</type><desc><![CDATA[家庭生活周期中各阶段面临的主要家庭问题是家庭发展的任务]]></desc></option><option><id>D</id><type>text</type><desc><![CDATA[家庭成员相互协调共同面对，可使家庭发展任务更容易完成]]></desc></option><option><id>E</id><type>text</type><desc><![CDATA[家庭发展任务给家庭成员带来的挑战常常是相冲突的]]></desc></option></options><answers><![CDATA[B]]></answers></question><question><type>1</type><format>text</format><desc><![CDATA[5.家庭关系的本质是]]></desc><options><option><id>A</id><type>text</type><desc><![CDATA[婚姻关系]]></desc></option><option><id>B</id><type>text</type><desc><![CDATA[感情关系]]></desc></option><option><id>C</id><type>text</type><desc><![CDATA[经济关系]]></desc></option><option><id>D</id><type>text</type><desc><![CDATA[伙伴关系]]></desc></option><option><id>E</id><type>text</type><desc><![CDATA[亲缘关系]]></desc></option></options><answers><![CDATA[B]]></answers></question><question><type>1</type><format>html</format><desc><![CDATA[6.<u><b>不受</b></u>家庭影响的因素是]]></desc><options><option><id>A</id><type>text</type><desc><![CDATA[个人的身心发展]]></desc></option><option><id>B</id><type>text</type><desc><![CDATA[个人的性格形成]]></desc></option><option><id>C</id><type>text</type><desc><![CDATA[个人的经济收入]]></desc></option><option><id>D</id><type>text</type><desc><![CDATA[个人的疾病恢复]]></desc></option><option><id>E</id><type>text</type><desc><![CDATA[个人的生活方式]]></desc></option></options><answers><![CDATA[C]]></answers></question><question><type>1</type><format>text</format><desc><![CDATA[7.下列关于联合家庭，叙述正确的是]]></desc><options><option><id>A</id><type>text</type><desc><![CDATA[结构相对松散，家庭难以做出一致决定]]></desc></option><option><id>B</id><type>text</type><desc><![CDATA[家庭仅有一个权力和活动中心]]></desc></option><option><id>C</id><type>text</type><desc><![CDATA[是由其父母及其未婚子女组成的家庭]]></desc></option><option><id>D</id><type>text</type><desc><![CDATA[又称直系家庭或扩展家庭]]></desc></option><option><id>E</id><type>text</type><desc><![CDATA[可由一对已婚子女同其父母、未婚子女构成的家庭]]></desc></option></options><answers><![CDATA[A]]></answers></question><question><type>1</type><format>text</format><desc><![CDATA[8.属于家庭内资源的是]]></desc><options><option><id>A</id><type>text</type><desc><![CDATA[亲朋提供的经济支持]]></desc></option><option><id>B</id><type>text</type><desc><![CDATA[疾病照顾能力]]></desc></option><option><id>C</id><type>text</type><desc><![CDATA[社会提供的物质支持]]></desc></option><option><id>D</id><type>text</type><desc><![CDATA[文化资源]]></desc></option><option><id>E</id><type>text</type><desc><![CDATA[环境资源]]></desc></option></options><answers><![CDATA[B]]></answers></question><question><type>1</type><format>text</format><desc><![CDATA[9.小明，男，9岁，同他一起居住的家庭成员有爸爸、妈妈、奶奶和未婚的姑姑。小亮的家庭类型是]]></desc><options><option><id>A</id><type>text</type><desc><![CDATA[核心家庭]]></desc></option><option><id>B</id><type>text</type><desc><![CDATA[主干家庭]]></desc></option><option><id>C</id><type>text</type><desc><![CDATA[联合家庭]]></desc></option><option><id>D</id><type>text</type><desc><![CDATA[单亲家庭]]></desc></option><option><id>E</id><type>text</type><desc><![CDATA[单身家庭]]></desc></option></options><answers><![CDATA[B]]></answers></question><question><type>1</type><format>text</format><desc><![CDATA[10.某夫妇，婚后无子女，一年前收养一男孩，8岁，现在他们组成的家庭类型属于]]></desc><options><option><id>A</id><type>text</type><desc><![CDATA[核心家庭]]></desc></option><option><id>B</id><type>text</type><desc><![CDATA[主干家庭]]></desc></option><option><id>C</id><type>text</type><desc><![CDATA[联合家庭]]></desc></option><option><id>D</id><type>text</type><desc><![CDATA[扩展家庭]]></desc></option><option><id>E</id><type>text</type><desc><![CDATA[单亲家庭]]></desc></option></options><answers><![CDATA[A]]></answers></question><question><type>1</type><format>html</format><desc><![CDATA[11.某社区护士小王为病人进行居家护理，居家护理评价中<u><b>错误</b></u>的说法是]]></desc><options><option><id>A</id><type>text</type><desc><![CDATA[每次进行居家护理时的评价--随时评价]]></desc></option><option><id>B</id><type>text</type><desc><![CDATA[每隔半年对居家护理的病人进行一次全面评价--定期随访性评价]]></desc></option><option><id>C</id><type>text</type><desc><![CDATA[每年要进行一次回顾性总结评价--年度总结性评价]]></desc></option><option><id>D</id><type>text</type><desc><![CDATA[随时评价可随时发现问题，及时修改护理计划]]></desc></option><option><id>E</id><type>text</type><desc><![CDATA[年度总结性评价是对病人身心的全面回顾与总结]]></desc></option></options><answers><![CDATA[B]]></answers></question></questions></exam>