﻿<?xml version="1.0" encoding="UTF-8"?><exam><id>20181207113130</id><questions><instructions><![CDATA[一、单项选择题]]></instructions><question><type>1</type><format>text</format><desc><![CDATA[1.目前居民健康档案进行编码是]]></desc><options><option><id>A</id><type>text</type><desc><![CDATA[采用15位编码制]]></desc></option><option><id>B</id><type>text</type><desc><![CDATA[采用16位编码制]]></desc></option><option><id>C</id><type>text</type><desc><![CDATA[采用17位编码制]]></desc></option><option><id>D</id><type>text</type><desc><![CDATA[采用18位编码制]]></desc></option><option><id>E</id><type>text</type><desc><![CDATA[采用19位编码制]]></desc></option></options><answers><![CDATA[C]]></answers></question><question><type>1</type><format>text</format><desc><![CDATA[2.由个人基本信息、健康体检和其他医疗卫生服务记录组成的档案称为]]></desc><options><option><id>A</id><type>text</type><desc><![CDATA[个人健康档案]]></desc></option><option><id>B</id><type>text</type><desc><![CDATA[家庭健康档案]]></desc></option><option><id>C</id><type>text</type><desc><![CDATA[社区健康档案]]></desc></option><option><id>D</id><type>text</type><desc><![CDATA[重点人群健康档案]]></desc></option><option><id>E</id><type>text</type><desc><![CDATA[健康档案]]></desc></option></options><answers><![CDATA[A]]></answers></question><question><type>1</type><format>text</format><desc><![CDATA[3.以下居民健康档案表单内容需要年度更新的是]]></desc><options><option><id>A</id><type>text</type><desc><![CDATA[个人基本情况]]></desc></option><option><id>B</id><type>text</type><desc><![CDATA[0～6岁儿童健康管理记录表]]></desc></option><option><id>C</id><type>text</type><desc><![CDATA[高血压患者随访服务记录表]]></desc></option><option><id>D</id><type>text</type><desc><![CDATA[孕产妇健康管理记录表]]></desc></option><option><id>E</id><type>text</type><desc><![CDATA[健康体检表]]></desc></option></options><answers><![CDATA[E]]></answers></question><question><type>1</type><format>text</format><desc><![CDATA[4.社区护士小李在整理当天采集的信息，填写健康档案时下列哪项描述是正确的]]></desc><options><option><id>A</id><type>text</type><desc><![CDATA[书写健康档案可以使用简化字]]></desc></option><option><id>B</id><type>text</type><desc><![CDATA[书写健康档案需要规定的格式]]></desc></option><option><id>C</id><type>text</type><desc><![CDATA[健康档案资料不完整也可以]]></desc></option><option><id>D</id><type>text</type><desc><![CDATA[社区健康档案可社区工作人员自行设计表格填写]]></desc></option><option><id>E</id><type>text</type><desc><![CDATA[社区健康档案不需要保存]]></desc></option></options><answers><![CDATA[B]]></answers></question><question><type>1</type><format>text</format><desc><![CDATA[5.建立个人健康档案时要重点关注的人群是]]></desc><options><option><id>A</id><type>text</type><desc><![CDATA[孤寡老人]]></desc></option><option><id>B</id><type>text</type><desc><![CDATA[更年期人群]]></desc></option><option><id>C</id><type>text</type><desc><![CDATA[传染病患者]]></desc></option><option><id>D</id><type>text</type><desc><![CDATA[低收入人群]]></desc></option><option><id>E</id><type>text</type><desc><![CDATA[慢性病患者]]></desc></option></options><answers><![CDATA[E]]></answers></question></questions></exam>