{"_ZVING_RESULT":"[{\"id\":\"42756204\",\"pid\":\"0\",\"name\":\"第一章 健康资料\",\"level\":\"0\",\"code\":\"42756203\",\"directorycode\":\"1\",\"directorytype\":\"body\"},{\"id\":\"42756206\",\"pid\":\"0\",\"name\":\"第二章 健康史评估\",\"level\":\"0\",\"code\":\"42756205\",\"directorycode\":\"2\",\"directorytype\":\"body\"},{\"id\":\"42756208\",\"pid\":\"0\",\"name\":\"第三章 常见症状评估\",\"level\":\"0\",\"code\":\"42756207\",\"directorycode\":\"3\",\"directorytype\":\"body\"},{\"id\":\"42756210\",\"pid\":\"0\",\"name\":\"第四章 身体评估\",\"level\":\"0\",\"code\":\"42756209\",\"directorycode\":\"4\",\"directorytype\":\"body\"},{\"id\":\"42756212\",\"pid\":\"0\",\"name\":\"第五章 心理评估\",\"level\":\"0\",\"code\":\"42756211\",\"directorycode\":\"5\",\"directorytype\":\"body\"},{\"id\":\"42756214\",\"pid\":\"0\",\"name\":\"第六章 社会评估\",\"level\":\"0\",\"code\":\"42756213\",\"directorycode\":\"6\",\"directorytype\":\"body\"},{\"id\":\"42756216\",\"pid\":\"0\",\"name\":\"第七章 实验室检查\",\"level\":\"0\",\"code\":\"42756215\",\"directorycode\":\"7\",\"directorytype\":\"body\"},{\"id\":\"42756218\",\"pid\":\"0\",\"name\":\"第八章 心电图检查\",\"level\":\"0\",\"code\":\"42756217\",\"directorycode\":\"8\",\"directorytype\":\"body\"},{\"id\":\"42756220\",\"pid\":\"0\",\"name\":\"第九章 影像学检查\",\"level\":\"0\",\"code\":\"42756219\",\"directorycode\":\"9\",\"directorytype\":\"body\"},{\"id\":\"42756222\",\"pid\":\"0\",\"name\":\"第十章 护理诊断的思维方法\",\"level\":\"0\",\"code\":\"42756221\",\"directorycode\":\"10\",\"directorytype\":\"body\"},{\"id\":\"42756224\",\"pid\":\"0\",\"name\":\"第十一章 健康评估记录\",\"level\":\"0\",\"code\":\"42756223\",\"directorycode\":\"11\",\"directorytype\":\"body\"},{\"id\":\"42756226\",\"pid\":\"0\",\"name\":\"教学大纲\",\"level\":\"0\",\"code\":\"42756225\",\"directorycode\":\"11\",\"directorytype\":\"body\"}]","_ZVING_STATUS":"OK"}