﻿<?xml version="1.0" encoding="UTF-8"?><exam><id>20180924221255</id><questions><instructions><![CDATA[A1型题]]></instructions><question><type>1</type><format>text</format><desc><![CDATA[1.主观资料的收集方法为]]></desc><options><option><id>A</id><type>text</type><desc><![CDATA[知情者或目击者提供的信息]]></desc></option><option><id>B</id><type>text</type><desc><![CDATA[实验室检查内容及结果]]></desc></option><option><id>C</id><type>text</type><desc><![CDATA[影像检查结果]]></desc></option><option><id>D</id><type>text</type><desc><![CDATA[心电图检查结果]]></desc></option><option><id>E</id><type>text</type><desc><![CDATA[体征]]></desc></option></options><answers><![CDATA[A]]></answers></question><question><type>1</type><format>text</format><desc><![CDATA[2.评估资料的主要来源是]]></desc><options><option><id>A</id><type>text</type><desc><![CDATA[既往各种健康记录]]></desc></option><option><id>B</id><type>text</type><desc><![CDATA[各种实验室及其他检查报告]]></desc></option><option><id>C</id><type>text</type><desc><![CDATA[病人本身]]></desc></option><option><id>D</id><type>text</type><desc><![CDATA[亲朋好友]]></desc></option><option><id>E</id><type>text</type><desc><![CDATA[其他医护人员]]></desc></option></options><answers><![CDATA[C]]></answers></question><question><type>1</type><format>text</format><desc><![CDATA[3.护士收集资料开始的时间为]]></desc><options><option><id>A</id><type>text</type><desc><![CDATA[第一次接触病人时]]></desc></option><option><id>B</id><type>text</type><desc><![CDATA[病情变化时]]></desc></option><option><id>C</id><type>text</type><desc><![CDATA[采集护理病史时]]></desc></option><option><id>D</id><type>text</type><desc><![CDATA[病情好转时]]></desc></option><option><id>E</id><type>text</type><desc><![CDATA[身体评估时]]></desc></option></options><answers><![CDATA[A]]></answers></question></questions><questions><instructions><![CDATA[A2型题]]></instructions><question><type>1</type><format>text</format><desc><![CDATA[4.实习护士张云去收集健康资料，病人最重要的主观资料是]]></desc><options><option><id>A</id><type>text</type><desc><![CDATA[症状]]></desc></option><option><id>B</id><type>text</type><desc><![CDATA[身体评估]]></desc></option><option><id>C</id><type>text</type><desc><![CDATA[健康评估记录]]></desc></option><option><id>D</id><type>text</type><desc><![CDATA[超声检查]]></desc></option><option><id>E</id><type>text</type><desc><![CDATA[实验室检查]]></desc></option></options><answers><![CDATA[A]]></answers></question><question><type>1</type><format>html</format><desc><![CDATA[5.病人，男性，62岁。因“咳嗽、咳痰伴气喘3天”入院，病人入院后进行的检查中<u><b>不属于</b></u>诊断性检查的是]]></desc><options><option><id>A</id><type>text</type><desc><![CDATA[心电图]]></desc></option><option><id>B</id><type>text</type><desc><![CDATA[实验室检查]]></desc></option><option><id>C</id><type>text</type><desc><![CDATA[ 影像学检查]]></desc></option><option><id>D</id><type>text</type><desc><![CDATA[体格检查]]></desc></option><option><id>E</id><type>text</type><desc><![CDATA[肺功能检查]]></desc></option></options><answers><![CDATA[D]]></answers></question></questions></exam>