﻿<?xml version="1.0" encoding="UTF-8"?><exam><id>20180924221606</id><questions><instructions><![CDATA[A1型题]]></instructions><question><type>1</type><format>text</format><desc><![CDATA[1.心理评估最常用的方法是]]></desc><options><option><id>A</id><type>text</type><desc><![CDATA[交谈法]]></desc></option><option><id>B</id><type>text</type><desc><![CDATA[观察法]]></desc></option><option><id>C</id><type>text</type><desc><![CDATA[心理测量法]]></desc></option><option><id>D</id><type>text</type><desc><![CDATA[医学检查法]]></desc></option><option><id>E</id><type>text</type><desc><![CDATA[问卷调查法]]></desc></option></options><answers><![CDATA[A]]></answers></question><question><type>1</type><format>text</format><desc><![CDATA[2.对儿童不合作、言语交流困难及某些精神障碍者的较为实用的心理评估方法是]]></desc><options><option><id>A</id><type>text</type><desc><![CDATA[会谈法]]></desc></option><option><id>B</id><type>text</type><desc><![CDATA[观察法]]></desc></option><option><id>C</id><type>text</type><desc><![CDATA[心理测量]]></desc></option><option><id>D</id><type>text</type><desc><![CDATA[医学检测]]></desc></option><option><id>E</id><type>text</type><desc><![CDATA[画图法]]></desc></option></options><answers><![CDATA[B]]></answers></question><question><type>1</type><format>html</format><desc><![CDATA[3.<u><b>不属于</b></u>自我概念的组成的是]]></desc><options><option><id>A</id><type>text</type><desc><![CDATA[体像]]></desc></option><option><id>B</id><type>text</type><desc><![CDATA[社会认同]]></desc></option><option><id>C</id><type>text</type><desc><![CDATA[自我认同]]></desc></option><option><id>D</id><type>text</type><desc><![CDATA[自我价值]]></desc></option><option><id>E</id><type>text</type><desc><![CDATA[自尊]]></desc></option></options><answers><![CDATA[D]]></answers></question><question><type>1</type><format>text</format><desc><![CDATA[4.最早丧失的定向力是]]></desc><options><option><id>A</id><type>text</type><desc><![CDATA[地点定向力]]></desc></option><option><id>B</id><type>text</type><desc><![CDATA[空间定向力]]></desc></option><option><id>C</id><type>text</type><desc><![CDATA[时间定向力]]></desc></option><option><id>D</id><type>text</type><desc><![CDATA[人物定向力]]></desc></option><option><id>E</id><type>text</type><desc><![CDATA[事件定向力]]></desc></option></options><answers><![CDATA[C]]></answers></question><question><type>1</type><format>text</format><desc><![CDATA[5.称呼原熟悉的人名、物品名的能力丧失，但他人告知名称时，能辨别对、错，能说出物品使用方法，属于]]></desc><options><option><id>A</id><type>text</type><desc><![CDATA[运动性失语]]></desc></option><option><id>B</id><type>text</type><desc><![CDATA[感觉性失语]]></desc></option><option><id>C</id><type>text</type><desc><![CDATA[命名性失语]]></desc></option><option><id>D</id><type>text</type><desc><![CDATA[失读]]></desc></option><option><id>E</id><type>text</type><desc><![CDATA[构音困难]]></desc></option></options><answers><![CDATA[C]]></answers></question><question><type>1</type><format>text</format><desc><![CDATA[6.评估情绪与情感较为客观的方法为]]></desc><options><option><id>A</id><type>text</type><desc><![CDATA[会谈]]></desc></option><option><id>B</id><type>text</type><desc><![CDATA[观察]]></desc></option><option><id>C</id><type>text</type><desc><![CDATA[医学测量]]></desc></option><option><id>D</id><type>text</type><desc><![CDATA[评定量表测评]]></desc></option><option><id>E</id><type>text</type><desc><![CDATA[脑电图测量]]></desc></option></options><answers><![CDATA[D]]></answers></question><question><type>1</type><format>text</format><desc><![CDATA[7.情绪高涨最常见于]]></desc><options><option><id>A</id><type>text</type><desc><![CDATA[躁狂症]]></desc></option><option><id>B</id><type>text</type><desc><![CDATA[焦虑症]]></desc></option><option><id>C</id><type>text</type><desc><![CDATA[抑郁症]]></desc></option><option><id>D</id><type>text</type><desc><![CDATA[神经症]]></desc></option><option><id>E</id><type>text</type><desc><![CDATA[多动症]]></desc></option></options><answers><![CDATA[A]]></answers></question><question><type>1</type><format>text</format><desc><![CDATA[8.医院压力评定量表中权重最大的是]]></desc><options><option><id>A</id><type>text</type><desc><![CDATA[不得不睡在一张陌生的床上]]></desc></option><option><id>B</id><type>text</type><desc><![CDATA[毫无预测而突然住院]]></desc></option><option><id>C</id><type>text</type><desc><![CDATA[思念家人]]></desc></option><option><id>D</id><type>text</type><desc><![CDATA[想到自己可能失去视力]]></desc></option><option><id>E</id><type>text</type><desc><![CDATA[担心完不成工作]]></desc></option></options><answers><![CDATA[D]]></answers></question><question><type>1</type><format>text</format><desc><![CDATA[9.最常见的异常情绪状态为]]></desc><options><option><id>A</id><type>text</type><desc><![CDATA[焦虑]]></desc></option><option><id>B</id><type>text</type><desc><![CDATA[易激惹]]></desc></option><option><id>C</id><type>text</type><desc><![CDATA[兴奋]]></desc></option><option><id>D</id><type>text</type><desc><![CDATA[情绪不稳]]></desc></option><option><id>E</id><type>text</type><desc><![CDATA[恐惧]]></desc></option></options><answers><![CDATA[A]]></answers></question><question><type>1</type><format>text</format><desc><![CDATA[10.属于抑郁和焦虑共有的症状是]]></desc><options><option><id>A</id><type>text</type><desc><![CDATA[坐立不安]]></desc></option><option><id>B</id><type>text</type><desc><![CDATA[心悸多汗]]></desc></option><option><id>C</id><type>text</type><desc><![CDATA[运动迟缓]]></desc></option><option><id>D</id><type>text</type><desc><![CDATA[睡眠障碍]]></desc></option><option><id>E</id><type>text</type><desc><![CDATA[语音高亢]]></desc></option></options><answers><![CDATA[D]]></answers></question><question><type>1</type><format>text</format><desc><![CDATA[11.属于情感应对方式的是]]></desc><options><option><id>A</id><type>text</type><desc><![CDATA[向朋友或家人寻求安慰]]></desc></option><option><id>B</id><type>text</type><desc><![CDATA[和相同处境的人商议解决问题的方法]]></desc></option><option><id>C</id><type>text</type><desc><![CDATA[努力控制局面]]></desc></option><option><id>D</id><type>text</type><desc><![CDATA[能做什么就做什么]]></desc></option><option><id>E</id><type>text</type><desc><![CDATA[寻求处理问题的其他办法]]></desc></option></options><answers><![CDATA[A]]></answers></question><question><type>1</type><format>text</format><desc><![CDATA[12.应激过程中个体可利用的最重要的社会支持资源是]]></desc><options><option><id>A</id><type>text</type><desc><![CDATA[配偶及家庭成员]]></desc></option><option><id>B</id><type>text</type><desc><![CDATA[朋友]]></desc></option><option><id>C</id><type>text</type><desc><![CDATA[同事]]></desc></option><option><id>D</id><type>text</type><desc><![CDATA[社团组织]]></desc></option><option><id>E</id><type>text</type><desc><![CDATA[工作单位]]></desc></option></options><answers><![CDATA[A]]></answers></question><question><type>1</type><format>text</format><desc><![CDATA[13.轻、中度压力时可产生]]></desc><options><option><id>A</id><type>text</type><desc><![CDATA[注意力分散、记忆力下降]]></desc></option><option><id>B</id><type>text</type><desc><![CDATA[对事物敏感性增加]]></desc></option><option><id>C</id><type>text</type><desc><![CDATA[感知混乱]]></desc></option><option><id>D</id><type>text</type><desc><![CDATA[自我概念偏差]]></desc></option><option><id>E</id><type>text</type><desc><![CDATA[分析和解决的能力下降]]></desc></option></options><answers><![CDATA[B]]></answers></question><question><type>1</type><format>text</format><desc><![CDATA[14.对抑郁症病人生命安全威胁最大的因素是]]></desc><options><option><id>A</id><type>text</type><desc><![CDATA[自杀、自伤倾向]]></desc></option><option><id>B</id><type>text</type><desc><![CDATA[药物不良反应]]></desc></option><option><id>C</id><type>text</type><desc><![CDATA[暴力行为冲动]]></desc></option><option><id>D</id><type>text</type><desc><![CDATA[噎食]]></desc></option><option><id>E</id><type>text</type><desc><![CDATA[特殊治疗的并发症]]></desc></option></options><answers><![CDATA[A]]></answers></question></questions><questions><instructions><![CDATA[A2型题]]></instructions><question><type>1</type><format>html</format><desc><![CDATA[15.病人，男性，45岁。慢性肾小球肾炎病史10余年，因反复发作不愈，影响生活和工作，病人表现非常焦虑。针对该病人，护士采取的心理护理中，以下措施中<u><b>不是</b></u>必要的是]]></desc><options><option><id>A</id><type>text</type><desc><![CDATA[注意观察病人心理活动]]></desc></option><option><id>B</id><type>text</type><desc><![CDATA[及时发现病人不良情绪]]></desc></option><option><id>C</id><type>text</type><desc><![CDATA[主动于病人沟通，增加信任感]]></desc></option><option><id>D</id><type>text</type><desc><![CDATA[与家属共同做好病人的疏导工作]]></desc></option><option><id>E</id><type>text</type><desc><![CDATA[向病人讲解慢性肾小球肾炎的病因]]></desc></option></options><answers><![CDATA[E]]></answers></question><question><type>1</type><format>text</format><desc><![CDATA[16.病人，女性，29岁。因系统性红斑狼疮入院1周，无家属探视。入院后病人病情逐渐加重，导致情绪激动，入睡困难，坐立不安，对待医生、护士态度不耐烦，不愿意配合治疗，分析病人目前最主要的心理问题是]]></desc><options><option><id>A</id><type>text</type><desc><![CDATA[担心]]></desc></option><option><id>B</id><type>text</type><desc><![CDATA[否定]]></desc></option><option><id>C</id><type>text</type><desc><![CDATA[抑郁]]></desc></option><option><id>D</id><type>text</type><desc><![CDATA[强迫]]></desc></option><option><id>E</id><type>text</type><desc><![CDATA[焦虑]]></desc></option></options><answers><![CDATA[E]]></answers></question><question><type>1</type><format>text</format><desc><![CDATA[17.病人，男性，38岁。因工作压力过大出现失眠、焦虑来诊。病人的哪项陈述说明护士需要进一步进行健康指导]]></desc><options><option><id>A</id><type>text</type><desc><![CDATA[“无论多忙，我都要争取在晚上11点前睡觉。”]]></desc></option><option><id>B</id><type>text</type><desc><![CDATA[“每天吃完晚饭出去走走，散散心。”]]></desc></option><option><id>C</id><type>text</type><desc><![CDATA[“在家尽可能不去想工作，放松自己。”]]></desc></option><option><id>D</id><type>text</type><desc><![CDATA[“睡觉前洗澡。”]]></desc></option><option><id>E</id><type>text</type><desc><![CDATA[“睡觉前喝1斤白酒有助睡眠。”]]></desc></option></options><answers><![CDATA[E]]></answers></question><question><type>1</type><format>text</format><desc><![CDATA[18.病儿，男性，4岁。因化脓性脑膜炎入住ICU。病儿母亲不吃不喝，在门口来回走动，见至医生或护士就紧紧拉住问个不停。此时，病儿母亲的心理状态是]]></desc><options><option><id>A</id><type>text</type><desc><![CDATA[抑郁]]></desc></option><option><id>B</id><type>text</type><desc><![CDATA[绝望]]></desc></option><option><id>C</id><type>text</type><desc><![CDATA[狂躁]]></desc></option><option><id>D</id><type>text</type><desc><![CDATA[恐惧]]></desc></option><option><id>E</id><type>text</type><desc><![CDATA[焦虑]]></desc></option></options><answers><![CDATA[E]]></answers></question><question><type>1</type><format>text</format><desc><![CDATA[19.病儿，男性，7岁。剑突下突发阵发性“钻顶样”剧烈腹痛3小时，呕出一条蛔虫，病儿立即全身发抖，双目紧闭，面色苍白，查体不配合。病儿的主要心理反应为]]></desc><options><option><id>A</id><type>text</type><desc><![CDATA[焦虑]]></desc></option><option><id>B</id><type>text</type><desc><![CDATA[自卑]]></desc></option><option><id>C</id><type>text</type><desc><![CDATA[孤独]]></desc></option><option><id>D</id><type>text</type><desc><![CDATA[恐惧]]></desc></option><option><id>E</id><type>text</type><desc><![CDATA[绝望]]></desc></option></options><answers><![CDATA[D]]></answers></question><question><type>1</type><format>text</format><desc><![CDATA[20.病人，男性，57岁，急性心肌梗死冠脉支架术后半年，在家修养，心情低落，少与人交流，对周围事物不敢兴趣，其最可能的心理问题是]]></desc><options><option><id>A</id><type>text</type><desc><![CDATA[谵妄]]></desc></option><option><id>B</id><type>text</type><desc><![CDATA[抑郁]]></desc></option><option><id>C</id><type>text</type><desc><![CDATA[焦虑]]></desc></option><option><id>D</id><type>text</type><desc><![CDATA[恐惧]]></desc></option><option><id>E</id><type>text</type><desc><![CDATA[愤怒]]></desc></option></options><answers><![CDATA[B]]></answers></question><question><type>1</type><format>text</format><desc><![CDATA[21.病人，男性，33岁。因失眠、乏力、少语、少动3个月，加重2周就诊，查体：意识清，精神疲倦，消瘦语音低，情绪低落，诉“不想活了”。诊断为抑郁症收入院。评估该病人时首先要注意的问题是]]></desc><options><option><id>A</id><type>text</type><desc><![CDATA[躯体的营养状况]]></desc></option><option><id>B</id><type>text</type><desc><![CDATA[认知与感知状况]]></desc></option><option><id>C</id><type>text</type><desc><![CDATA[有无自伤自杀行为]]></desc></option><option><id>D</id><type>text</type><desc><![CDATA[睡眠与休息状况]]></desc></option><option><id>E</id><type>text</type><desc><![CDATA[注意安慰开导]]></desc></option></options><answers><![CDATA[C]]></answers></question></questions></exam>