﻿<?xml version="1.0" encoding="UTF-8"?><exam><id>20181128171706</id><questions><instructions><![CDATA[一、单项选择题]]></instructions><question><type>1</type><format>html</format><desc><![CDATA[1.有关正常成人子宫，<u><b>错误</b></u>的是]]></desc><options><option><id>A</id><type>text</type><desc><![CDATA[子宫位于盆腔中央，坐骨棘水平以上]]></desc></option><option><id>B</id><type>text</type><desc><![CDATA[子宫长为7～8cm]]></desc></option><option><id>C</id><type>text</type><desc><![CDATA[子宫重约50g]]></desc></option><option><id>D</id><type>text</type><desc><![CDATA[子宫腔容积约5ml]]></desc></option><option><id>E</id><type>text</type><desc><![CDATA[子宫腔呈上窄下宽的三角形]]></desc></option></options><answers><![CDATA[E]]></answers></question><question><type>1</type><format>text</format><desc><![CDATA[2.骨盆的骨骼构成为]]></desc><options><option><id>A</id><type>text</type><desc><![CDATA[1骶骨、1尾骨及2髂骨]]></desc></option><option><id>B</id><type>text</type><desc><![CDATA[1骶骨、1尾骨及2髋骨]]></desc></option><option><id>C</id><type>text</type><desc><![CDATA[1髂骨、1骶骨及1坐骨]]></desc></option><option><id>D</id><type>text</type><desc><![CDATA[1髂骨、1坐骨及1耻骨]]></desc></option><option><id>E</id><type>text</type><desc><![CDATA[1髂骨、1骶骨及1尾骨]]></desc></option></options><answers><![CDATA[B]]></answers></question><question><type>1</type><format>text</format><desc><![CDATA[3.间接保持子宫前倾位置的韧带是]]></desc><options><option><id>A</id><type>text</type><desc><![CDATA[圆韧带]]></desc></option><option><id>B</id><type>text</type><desc><![CDATA[骨盆漏斗韧带]]></desc></option><option><id>C</id><type>text</type><desc><![CDATA[主韧带]]></desc></option><option><id>D</id><type>text</type><desc><![CDATA[宫骶韧带]]></desc></option><option><id>E</id><type>text</type><desc><![CDATA[阔韧带]]></desc></option></options><answers><![CDATA[D]]></answers></question><question><type>1</type><format>html</format><desc><![CDATA[4.<u><b>不符合</b></u>孕激素生理作用的是]]></desc><options><option><id>A</id><type>text</type><desc><![CDATA[降低妊娠子宫对缩宫素的敏感性]]></desc></option><option><id>B</id><type>text</type><desc><![CDATA[促使子宫内膜增生]]></desc></option><option><id>C</id><type>text</type><desc><![CDATA[使宫颈黏液减少变稠]]></desc></option><option><id>D</id><type>text</type><desc><![CDATA[使阴道上皮脱落加快]]></desc></option><option><id>E</id><type>text</type><desc><![CDATA[升温作用]]></desc></option></options><answers><![CDATA[B]]></answers></question><question><type>1</type><format>html</format><desc><![CDATA[5.下列<u><b>不属于</b></u>月经临床表现的是]]></desc><options><option><id>A</id><type>text</type><desc><![CDATA[月经周期一般为21～35日]]></desc></option><option><id>B</id><type>text</type><desc><![CDATA[月经一般持续3～7日]]></desc></option><option><id>C</id><type>text</type><desc><![CDATA[每次月经量一般为20～60ml]]></desc></option><option><id>D</id><type>text</type><desc><![CDATA[月经血暗红色，凝固]]></desc></option><option><id>E</id><type>text</type><desc><![CDATA[多数妇女经期无特殊症状，少数可有下腹及腰骶部下坠感]]></desc></option></options><answers><![CDATA[D]]></answers></question><question><type>1</type><format>text</format><desc><![CDATA[6.骨盆入口平面前后径的正常平均值为]]></desc><options><option><id>A</id><type>text</type><desc><![CDATA[10cm]]></desc></option><option><id>B</id><type>text</type><desc><![CDATA[11cm]]></desc></option><option><id>C</id><type>text</type><desc><![CDATA[12cm]]></desc></option><option><id>D</id><type>text</type><desc><![CDATA[13cm]]></desc></option><option><id>E</id><type>text</type><desc><![CDATA[14cm]]></desc></option></options><answers><![CDATA[B]]></answers></question><question><type>1</type><format>text</format><desc><![CDATA[7.华女士，27岁，近两天发现宫颈黏液分泌减少、变稠，引起宫颈黏液产生以上变化的主要激素是]]></desc><options><option><id>A</id><type>text</type><desc><![CDATA[雌激素]]></desc></option><option><id>B</id><type>text</type><desc><![CDATA[孕激素]]></desc></option><option><id>C</id><type>text</type><desc><![CDATA[雄激素]]></desc></option><option><id>D</id><type>text</type><desc><![CDATA[黄体生成素]]></desc></option><option><id>E</id><type>text</type><desc><![CDATA[卵泡刺激素]]></desc></option></options><answers><![CDATA[B]]></answers></question><question><type>1</type><format>html</format><desc><![CDATA[8.某妇女，26岁，G<sub>1</sub>P<sub>1</sub>，剖宫产后42天回医院常规复查，妇检见宫颈外口形状为]]></desc><options><option><id>A</id><type>text</type><desc><![CDATA[圆形]]></desc></option><option><id>B</id><type>text</type><desc><![CDATA[椭圆形]]></desc></option><option><id>C</id><type>text</type><desc><![CDATA[横裂状]]></desc></option><option><id>D</id><type>text</type><desc><![CDATA[纵裂状]]></desc></option><option><id>E</id><type>text</type><desc><![CDATA[不规则形]]></desc></option></options><answers><![CDATA[A]]></answers></question><question><type>1</type><format>text</format><desc><![CDATA[9.向女士，28岁，因先兆流产就诊。临床上常用“黄体酮”保胎，其用药原理是]]></desc><options><option><id>A</id><type>text</type><desc><![CDATA[使子宫内膜由增殖期转为分泌期]]></desc></option><option><id>B</id><type>text</type><desc><![CDATA[降低子宫肌对缩宫素的敏感性]]></desc></option><option><id>C</id><type>text</type><desc><![CDATA[使宫颈闭合，黏液减少变稠]]></desc></option><option><id>D</id><type>text</type><desc><![CDATA[抑制输卵管的蠕动]]></desc></option><option><id>E</id><type>text</type><desc><![CDATA[对下丘脑、垂体的负反馈作用]]></desc></option></options><answers><![CDATA[B]]></answers></question><question><type>1</type><format>text</format><desc><![CDATA[10.女孩，15岁，12岁初潮后的一年多月经来潮不规则，现月经周期为30日，经期6日，规律。推测其排卵日约在月经周期的]]></desc><options><option><id>A</id><type>text</type><desc><![CDATA[第10日]]></desc></option><option><id>B</id><type>text</type><desc><![CDATA[第14日]]></desc></option><option><id>C</id><type>text</type><desc><![CDATA[第15日]]></desc></option><option><id>D</id><type>text</type><desc><![CDATA[第16日]]></desc></option><option><id>E</id><type>text</type><desc><![CDATA[第17日]]></desc></option></options><answers><![CDATA[D]]></answers></question><question><type>1</type><format>text</format><desc><![CDATA[11.女，20岁，平时月经不规律，以下检查结果中，提示有排卵的是]]></desc><options><option><id>A</id><type>text</type><desc><![CDATA[基础体温双相型]]></desc></option><option><id>B</id><type>text</type><desc><![CDATA[宫颈黏液涂片示典型羊齿叶状结晶]]></desc></option><option><id>C</id><type>text</type><desc><![CDATA[子宫内膜呈增殖期改变]]></desc></option><option><id>D</id><type>text</type><desc><![CDATA[阴道脱落细胞涂片检查见成熟角化细胞]]></desc></option><option><id>E</id><type>text</type><desc><![CDATA[宫颈黏液稀薄，易拉丝]]></desc></option></options><answers><![CDATA[A]]></answers></question><question><type>1</type><format>html</format><desc><![CDATA[12.某初中女生，14岁。经前常出现轻微下腹坠胀，乳房胀痛，月经来潮后缓解。有关经期卫生保健指导，<u><b>错误</b></u>的是]]></desc><options><option><id>A</id><type>text</type><desc><![CDATA[应保持外阴清洁]]></desc></option><option><id>B</id><type>text</type><desc><![CDATA[避免寒冷刺激，禁止盆浴]]></desc></option><option><id>C</id><type>text</type><desc><![CDATA[经期可照常学习]]></desc></option><option><id>D</id><type>text</type><desc><![CDATA[每日阴道冲洗1次]]></desc></option><option><id>E</id><type>text</type><desc><![CDATA[少吃寒凉、忌食辛辣等刺激性食物]]></desc></option></options><answers><![CDATA[D]]></answers></question></questions></exam>