﻿<?xml version="1.0" encoding="UTF-8"?><exam><id>20181128171845</id><questions><instructions><![CDATA[一、单项选择题]]></instructions><question><type>1</type><format>text</format><desc><![CDATA[1.妊娠期母体血容量达高峰的时间是]]></desc><options><option><id>A</id><type>text</type><desc><![CDATA[妊娠6～8周]]></desc></option><option><id>B</id><type>text</type><desc><![CDATA[妊娠8～10周]]></desc></option><option><id>C</id><type>text</type><desc><![CDATA[妊娠12～16周]]></desc></option><option><id>D</id><type>text</type><desc><![CDATA[妊娠28～30周]]></desc></option><option><id>E</id><type>text</type><desc><![CDATA[妊娠32～34周]]></desc></option></options><answers><![CDATA[E]]></answers></question><question><type>1</type><format>text</format><desc><![CDATA[2.组成胎膜的组织包括]]></desc><options><option><id>A</id><type>text</type><desc><![CDATA[真蜕膜和羊膜]]></desc></option><option><id>B</id><type>text</type><desc><![CDATA[绒毛膜和羊膜]]></desc></option><option><id>C</id><type>text</type><desc><![CDATA[底蜕膜和羊膜]]></desc></option><option><id>D</id><type>text</type><desc><![CDATA[包蜕膜和羊膜]]></desc></option><option><id>E</id><type>text</type><desc><![CDATA[绒毛膜和底蜕膜]]></desc></option></options><answers><![CDATA[B]]></answers></question><question><type>1</type><format>text</format><desc><![CDATA[3.下述各项可确诊早孕的是]]></desc><options><option><id>A</id><type>text</type><desc><![CDATA[自觉胎动]]></desc></option><option><id>B</id><type>text</type><desc><![CDATA[停经后恶心呕吐]]></desc></option><option><id>C</id><type>text</type><desc><![CDATA[乳房增大]]></desc></option><option><id>D</id><type>text</type><desc><![CDATA[子宫增大]]></desc></option><option><id>E</id><type>text</type><desc><![CDATA[B超显示胎心搏动]]></desc></option></options><answers><![CDATA[E]]></answers></question><question><type>1</type><format>html</format><desc><![CDATA[4.<u><b>不属于</b></u>推算预产期的依据是]]></desc><options><option><id>A</id><type>text</type><desc><![CDATA[胎动开始时间]]></desc></option><option><id>B</id><type>text</type><desc><![CDATA[末次月经日期]]></desc></option><option><id>C</id><type>text</type><desc><![CDATA[孕妇体重]]></desc></option><option><id>D</id><type>text</type><desc><![CDATA[早孕反应开始时间]]></desc></option><option><id>E</id><type>text</type><desc><![CDATA[B超测双顶径]]></desc></option></options><answers><![CDATA[C]]></answers></question><question><type>1</type><format>text</format><desc><![CDATA[5.以下产检项目中，反映胎儿生长发育状况最重要的指标是]]></desc><options><option><id>A</id><type>text</type><desc><![CDATA[宫高与腹围]]></desc></option><option><id>B</id><type>text</type><desc><![CDATA[孕妇体重]]></desc></option><option><id>C</id><type>text</type><desc><![CDATA[胎方位]]></desc></option><option><id>D</id><type>text</type><desc><![CDATA[胎动]]></desc></option><option><id>E</id><type>text</type><desc><![CDATA[胎心率]]></desc></option></options><answers><![CDATA[A]]></answers></question><question><type>1</type><format>text</format><desc><![CDATA[6.胎心音的正常范围是]]></desc><options><option><id>A</id><type>text</type><desc><![CDATA[80～120次/分]]></desc></option><option><id>B</id><type>text</type><desc><![CDATA[90～130次/分]]></desc></option><option><id>C</id><type>text</type><desc><![CDATA[100～140次/分]]></desc></option><option><id>D</id><type>text</type><desc><![CDATA[110～160次/分]]></desc></option><option><id>E</id><type>text</type><desc><![CDATA[130～170次/分]]></desc></option></options><answers><![CDATA[D]]></answers></question><question><type>1</type><format>text</format><desc><![CDATA[7.测量骶耻外径的体位是]]></desc><options><option><id>A</id><type>text</type><desc><![CDATA[仰卧位，两腿伸直]]></desc></option><option><id>B</id><type>text</type><desc><![CDATA[左侧卧位，左腿屈曲，右腿伸直]]></desc></option><option><id>C</id><type>text</type><desc><![CDATA[左侧卧位，右腿屈曲，左腿伸直]]></desc></option><option><id>D</id><type>text</type><desc><![CDATA[右侧卧位，右腿屈曲，左腿伸直]]></desc></option><option><id>E</id><type>text</type><desc><![CDATA[仰卧位，两腿弯曲外展，双手抱膝]]></desc></option></options><answers><![CDATA[B]]></answers></question><question><type>1</type><format>text</format><desc><![CDATA[8.汪女士，18岁，初潮年龄是12岁，月经规则，月经周期29天，排卵时间一般在月经周期的]]></desc><options><option><id>A</id><type>text</type><desc><![CDATA[第7天]]></desc></option><option><id>B</id><type>text</type><desc><![CDATA[第12天]]></desc></option><option><id>C</id><type>text</type><desc><![CDATA[第14天]]></desc></option><option><id>D</id><type>text</type><desc><![CDATA[第15天]]></desc></option><option><id>E</id><type>text</type><desc><![CDATA[第18天]]></desc></option></options><answers><![CDATA[D]]></answers></question><question><type>1</type><format>text</format><desc><![CDATA[9.黄女士，23岁。平素月经规则，现停经50天，hCG(+)，最可能的诊断是]]></desc><options><option><id>A</id><type>text</type><desc><![CDATA[早期妊娠]]></desc></option><option><id>B</id><type>text</type><desc><![CDATA[原发性闭经]]></desc></option><option><id>C</id><type>text</type><desc><![CDATA[继发性闭经]]></desc></option><option><id>D</id><type>text</type><desc><![CDATA[卵巢早衰]]></desc></option><option><id>E</id><type>text</type><desc><![CDATA[宫颈粘连]]></desc></option></options><answers><![CDATA[A]]></answers></question><question><type>1</type><format>text</format><desc><![CDATA[10.孕妇，28岁。孕两个月时出现尿频，一个月后尿频症状自行消失。可能的原因是]]></desc><options><option><id>A</id><type>text</type><desc><![CDATA[孕妇饮水减少]]></desc></option><option><id>B</id><type>text</type><desc><![CDATA[水钠潴留]]></desc></option><option><id>C</id><type>text</type><desc><![CDATA[使用药物治疗]]></desc></option><option><id>D</id><type>text</type><desc><![CDATA[胎位异常]]></desc></option><option><id>E</id><type>text</type><desc><![CDATA[增大的子宫超出盆腔]]></desc></option></options><answers><![CDATA[E]]></answers></question><question><type>1</type><format>text</format><desc><![CDATA[11.周女士，28岁，自述末次月经不详，估计停经半年多，检查发现子宫底于脐上三横指。该孕妇可能的孕周是]]></desc><options><option><id>A</id><type>text</type><desc><![CDATA[20周末]]></desc></option><option><id>B</id><type>text</type><desc><![CDATA[24周末]]></desc></option><option><id>C</id><type>text</type><desc><![CDATA[28周末]]></desc></option><option><id>D</id><type>text</type><desc><![CDATA[32周末]]></desc></option><option><id>E</id><type>text</type><desc><![CDATA[36周末]]></desc></option></options><answers><![CDATA[C]]></answers></question><question><type>1</type><format>html</format><desc><![CDATA[12.叶女士，26岁，妊娠30周，产检时发现血色素9g／L，红细胞计数35×10<sup>12</sup>／L，遵医嘱补铁。护士告诉孕妇同时服用]]></desc><options><option><id>A</id><type>text</type><desc><![CDATA[维生素A]]></desc></option><option><id>B</id><type>text</type><desc><![CDATA[维生素B]]></desc></option><option><id>C</id><type>text</type><desc><![CDATA[维生素C]]></desc></option><option><id>D</id><type>text</type><desc><![CDATA[维生素D]]></desc></option><option><id>E</id><type>text</type><desc><![CDATA[维生素E]]></desc></option></options><answers><![CDATA[C]]></answers></question><question><type>1</type><format>text</format><desc><![CDATA[13.罗女士，25岁。平时月经规律，末次月经为2017年3月1日，该孕妇的预产期是]]></desc><options><option><id>A</id><type>text</type><desc><![CDATA[2017年11月8日]]></desc></option><option><id>B</id><type>text</type><desc><![CDATA[2017年12月8日]]></desc></option><option><id>C</id><type>text</type><desc><![CDATA[2018年1月8日]]></desc></option><option><id>D</id><type>text</type><desc><![CDATA[2018年11月15日]]></desc></option><option><id>E</id><type>text</type><desc><![CDATA[2018年1月15日]]></desc></option></options><answers><![CDATA[B]]></answers></question><question><type>1</type><format>text</format><desc><![CDATA[14.李女士，30岁，孕35周，诉晚上平卧于床上看书时，感觉头晕、心悸、出汗，正确的护理措施是]]></desc><options><option><id>A</id><type>text</type><desc><![CDATA[立即喝温糖水]]></desc></option><option><id>B</id><type>text</type><desc><![CDATA[给予口服升压药]]></desc></option><option><id>C</id><type>text</type><desc><![CDATA[立即坐起]]></desc></option><option><id>D</id><type>text</type><desc><![CDATA[改为左侧卧位]]></desc></option><option><id>E</id><type>text</type><desc><![CDATA[起身进行户外活动]]></desc></option></options><answers><![CDATA[D]]></answers></question><question><type>1</type><format>html</format><desc><![CDATA[15.陈女士，29岁，孕<sub>1</sub>产<sub>0</sub>，妊娠3个月。到医院产检时进行骨盆外测量。其中最重要的外测径线是]]></desc><options><option><id>A</id><type>text</type><desc><![CDATA[髂棘间径]]></desc></option><option><id>B</id><type>text</type><desc><![CDATA[髂嵴间径]]></desc></option><option><id>C</id><type>text</type><desc><![CDATA[骶耻外径]]></desc></option><option><id>D</id><type>text</type><desc><![CDATA[坐骨结节间径]]></desc></option><option><id>E</id><type>text</type><desc><![CDATA[耻骨弓角度]]></desc></option></options><answers><![CDATA[C]]></answers></question><question><type>1</type><format>text</format><desc><![CDATA[16.某孕妇,产检时测出其骶耻外径17cm，还应进一步测量哪条径线]]></desc><options><option><id>A</id><type>text</type><desc><![CDATA[出口横径]]></desc></option><option><id>B</id><type>text</type><desc><![CDATA[骶耻内径]]></desc></option><option><id>C</id><type>text</type><desc><![CDATA[坐骨棘间径]]></desc></option><option><id>D</id><type>text</type><desc><![CDATA[出口后矢状径]]></desc></option><option><id>E</id><type>text</type><desc><![CDATA[出口前矢状径]]></desc></option></options><answers><![CDATA[B]]></answers></question><question><type>1</type><format>text</format><desc><![CDATA[17.初孕妇，26岁，孕33周至医院产检，常规在孕妇腹璧上听诊，与母体心率相一致的音响是]]></desc><options><option><id>A</id><type>text</type><desc><![CDATA[子宫杂音]]></desc></option><option><id>B</id><type>text</type><desc><![CDATA[胎心音]]></desc></option><option><id>C</id><type>text</type><desc><![CDATA[脐带杂音]]></desc></option><option><id>D</id><type>text</type><desc><![CDATA[胎动音]]></desc></option><option><id>E</id><type>text</type><desc><![CDATA[肠蠕动音]]></desc></option></options><answers><![CDATA[A]]></answers></question><question><type>1</type><format>text</format><desc><![CDATA[18.女，30岁，现停经43天，较为紧张，很希望确定是否妊娠。早期妊娠的确诊方法是]]></desc><options><option><id>A</id><type>text</type><desc><![CDATA[妊娠试验]]></desc></option><option><id>B</id><type>text</type><desc><![CDATA[超声检查]]></desc></option><option><id>C</id><type>text</type><desc><![CDATA[黄体酮试验]]></desc></option><option><id>D</id><type>text</type><desc><![CDATA[妇科检查]]></desc></option><option><id>E</id><type>text</type><desc><![CDATA[基础体温测定]]></desc></option></options><answers><![CDATA[B]]></answers></question><question><type>1</type><format>html</format><desc><![CDATA[19.一孕妇，28岁，妊娠34周，近日发现双下肢水肿到医院检查，护士告知<u><b>不属于</b></u>孕期常见症状的是]]></desc><options><option><id>A</id><type>text</type><desc><![CDATA[便秘]]></desc></option><option><id>B</id><type>text</type><desc><![CDATA[腰背痛]]></desc></option><option><id>C</id><type>text</type><desc><![CDATA[腹痛]]></desc></option><option><id>D</id><type>text</type><desc><![CDATA[仰卧位低血压综合征]]></desc></option><option><id>E</id><type>text</type><desc><![CDATA[下肢静脉曲张]]></desc></option></options><answers><![CDATA[C]]></answers></question><question><type>1</type><format>text</format><desc><![CDATA[20.女，29岁。停经约两个月到医院就诊。尿HCG阳性，超声检查：宫内妊娠8周。护士进行孕期健康指导，正确的是]]></desc><options><option><id>A</id><type>text</type><desc><![CDATA[妊娠早期可自行用药]]></desc></option><option><id>B</id><type>text</type><desc><![CDATA[28周后每天数胎动3次]]></desc></option><option><id>C</id><type>text</type><desc><![CDATA[妊娠12～24周避免性生活]]></desc></option><option><id>D</id><type>text</type><desc><![CDATA[正常胎心率在100～160次/分]]></desc></option><option><id>E</id><type>text</type><desc><![CDATA[妊娠期间应少活动、多卧床休息]]></desc></option></options><answers><![CDATA[B]]></answers></question></questions></exam>