﻿<?xml version="1.0" encoding="UTF-8"?><exam><id>20181129082412</id><questions><instructions><![CDATA[一、单项选择题]]></instructions><question><type>1</type><format>text</format><desc><![CDATA[1.关于协调性子宫收缩乏力，下列说法正确的是]]></desc><options><option><id>A</id><type>text</type><desc><![CDATA[子宫具有正常的节律性、对称性、极性]]></desc></option><option><id>B</id><type>text</type><desc><![CDATA[多见于第三产程]]></desc></option><option><id>C</id><type>text</type><desc><![CDATA[常见于骨盆正常]]></desc></option><option><id>D</id><type>text</type><desc><![CDATA[不宜静滴催产素]]></desc></option><option><id>E</id><type>text</type><desc><![CDATA[不易发生胎盘残留]]></desc></option></options><answers><![CDATA[A]]></answers></question><question><type>1</type><format>text</format><desc><![CDATA[2.导致继发性宫缩乏力最常见原因是]]></desc><options><option><id>A</id><type>text</type><desc><![CDATA[子宫发育不良]]></desc></option><option><id>B</id><type>text</type><desc><![CDATA[巨大胎儿]]></desc></option><option><id>C</id><type>text</type><desc><![CDATA[羊水过多]]></desc></option><option><id>D</id><type>text</type><desc><![CDATA[双胎妊娠]]></desc></option><option><id>E</id><type>text</type><desc><![CDATA[骨盆狭窄]]></desc></option></options><answers><![CDATA[E]]></answers></question><question><type>1</type><format>text</format><desc><![CDATA[3.骨盆入口平面狭窄，受到影响的过程是]]></desc><options><option><id>A</id><type>text</type><desc><![CDATA[衔接]]></desc></option><option><id>B</id><type>text</type><desc><![CDATA[内旋转]]></desc></option><option><id>C</id><type>text</type><desc><![CDATA[复位]]></desc></option><option><id>D</id><type>text</type><desc><![CDATA[外旋转]]></desc></option><option><id>E</id><type>text</type><desc><![CDATA[俯曲]]></desc></option></options><answers><![CDATA[A]]></answers></question><question><type>1</type><format>text</format><desc><![CDATA[4.臀位分娩，下列表述正确的是]]></desc><options><option><id>A</id><type>text</type><desc><![CDATA[禁用宫缩剂]]></desc></option><option><id>B</id><type>text</type><desc><![CDATA[灌肠促进宫缩]]></desc></option><option><id>C</id><type>text</type><desc><![CDATA[产妇取头低足高位]]></desc></option><option><id>D</id><type>text</type><desc><![CDATA[宫口未开全前堵臀时间越长越好]]></desc></option><option><id>E</id><type>text</type><desc><![CDATA[从脐部娩出到胎头娩出时间为18分钟]]></desc></option></options><answers><![CDATA[A]]></answers></question><question><type>1</type><format>html</format><desc><![CDATA[5.初产妇，孕38周，左枕前位，胎心140次/分，规律宫缩17小时，宫口开大3cm，宫缩由初期的6～7分钟一次延长为10～15分钟一次，持续时间30秒，宫缩高峰时宫体不硬，无头盆不称，对该产妇护理措施<u><b>错误</b></u>的是]]></desc><options><option><id>A</id><type>text</type><desc><![CDATA[做好心理护理]]></desc></option><option><id>B</id><type>text</type><desc><![CDATA[鼓励进食]]></desc></option><option><id>C</id><type>text</type><desc><![CDATA[指导产妇6～8小时排尿一次]]></desc></option><option><id>D</id><type>text</type><desc><![CDATA[严密观察产程进展]]></desc></option><option><id>E</id><type>text</type><desc><![CDATA[定时听胎心]]></desc></option></options><answers><![CDATA[C]]></answers></question><question><type>1</type><format>text</format><desc><![CDATA[6.初产妇，34岁，临产后5小时，宫口开大3cm，胎心145次/分，胎动好，宫缩30秒/5～6分钟，无头盆不称，首先的护理措施是]]></desc><options><option><id>A</id><type>text</type><desc><![CDATA[吸氧]]></desc></option><option><id>B</id><type>text</type><desc><![CDATA[温肥皂水灌肠]]></desc></option><option><id>C</id><type>text</type><desc><![CDATA[人工破膜]]></desc></option><option><id>D</id><type>text</type><desc><![CDATA[观察宫缩]]></desc></option><option><id>E</id><type>text</type><desc><![CDATA[听胎心]]></desc></option></options><answers><![CDATA[C]]></answers></question><question><type>1</type><format>text</format><desc><![CDATA[7.初产妇，孕41周，宫口开全3小时，孕妇自述一直有大便感，频繁用力，未见抬头拨露，检查：宫底胎臀，腹部前方可触及胎体，未触及抬头，阴道指诊胎头达坐骨棘下2cm，大囟门在前方，矢状缝与骨盆前后径一致，诊断为]]></desc><options><option><id>A</id><type>text</type><desc><![CDATA[持续性枕横位]]></desc></option><option><id>B</id><type>text</type><desc><![CDATA[持续性枕后位]]></desc></option><option><id>C</id><type>text</type><desc><![CDATA[宫缩乏力]]></desc></option><option><id>D</id><type>text</type><desc><![CDATA[宫缩过强]]></desc></option><option><id>E</id><type>text</type><desc><![CDATA[头盆不称]]></desc></option></options><answers><![CDATA[B]]></answers></question><question><type>1</type><format>html</format><desc><![CDATA[8.经产妇，45岁，孕39周，宫口开大4cm，因协调性宫缩乏力，遵医嘱静脉滴注缩宫素，观察过程中<u><b>不恰当</b></u>措施是]]></desc><options><option><id>A</id><type>text</type><desc><![CDATA[专人监护]]></desc></option><option><id>B</id><type>text</type><desc><![CDATA[根据宫缩强弱调整催产素的剂量、浓度、滴速]]></desc></option><option><id>C</id><type>text</type><desc><![CDATA[心理护理]]></desc></option><option><id>D</id><type>text</type><desc><![CDATA[10分钟有6次宫缩，每次宫缩持续时间60秒，胎心105-120次/分，继续滴注缩宫素]]></desc></option><option><id>E</id><type>text</type><desc><![CDATA[滴注缩宫素1小时后产程无进展，应做好剖宫产准备]]></desc></option></options><answers><![CDATA[D]]></answers></question><question><type>1</type><format>text</format><desc><![CDATA[9.初产妇，34岁，临产后5小时，宫口开大3cm，胎心145次/分，胎动好，宫缩30秒/5～6分钟，无头盆不称，正确的处理措施是]]></desc><options><option><id>A</id><type>text</type><desc><![CDATA[准备剖宫产]]></desc></option><option><id>B</id><type>text</type><desc><![CDATA[严密观察产程，积极鼓励自然分娩]]></desc></option><option><id>C</id><type>text</type><desc><![CDATA[人工破膜]]></desc></option><option><id>D</id><type>text</type><desc><![CDATA[产钳助产]]></desc></option><option><id>E</id><type>text</type><desc><![CDATA[禁食禁饮]]></desc></option></options><answers><![CDATA[B]]></answers></question></questions></exam>