﻿<?xml version="1.0" encoding="UTF-8"?><exam><id>20181129084713</id><questions><instructions><![CDATA[一、单项选择题]]></instructions><question><type>1</type><format>text</format><desc><![CDATA[1.产科外阴消毒时，温开水的温度为]]></desc><options><option><id>A</id><type>text</type><desc><![CDATA[24～26℃]]></desc></option><option><id>B</id><type>text</type><desc><![CDATA[28～30℃]]></desc></option><option><id>C</id><type>text</type><desc><![CDATA[32～34℃]]></desc></option><option><id>D</id><type>text</type><desc><![CDATA[36～38℃]]></desc></option><option><id>E</id><type>text</type><desc><![CDATA[38～40℃]]></desc></option></options><answers><![CDATA[E]]></answers></question><question><type>1</type><format>text</format><desc><![CDATA[2.产科会阴擦洗时，碘伏溶液的浓度是]]></desc><options><option><id>A</id><type>text</type><desc><![CDATA[200mg/L]]></desc></option><option><id>B</id><type>text</type><desc><![CDATA[250mg/L]]></desc></option><option><id>C</id><type>text</type><desc><![CDATA[150mg/L]]></desc></option><option><id>D</id><type>text</type><desc><![CDATA[100mg/L]]></desc></option><option><id>E</id><type>text</type><desc><![CDATA[500mg/L]]></desc></option></options><answers><![CDATA[B]]></answers></question><question><type>1</type><format>text</format><desc><![CDATA[3.产后会阴水肿时，可用的外敷是]]></desc><options><option><id>A</id><type>text</type><desc><![CDATA[25%硫酸镁]]></desc></option><option><id>B</id><type>text</type><desc><![CDATA[75%乙醇]]></desc></option><option><id>C</id><type>text</type><desc><![CDATA[50%硫酸镁]]></desc></option><option><id>D</id><type>text</type><desc><![CDATA[50%乙醇]]></desc></option><option><id>E</id><type>text</type><desc><![CDATA[95%硫酸镁]]></desc></option></options><answers><![CDATA[C]]></answers></question><question><type>1</type><format>text</format><desc><![CDATA[4.会阴湿热敷的温度是]]></desc><options><option><id>A</id><type>text</type><desc><![CDATA[41～48℃]]></desc></option><option><id>B</id><type>text</type><desc><![CDATA[21～28℃]]></desc></option><option><id>C</id><type>text</type><desc><![CDATA[31～38℃]]></desc></option><option><id>D</id><type>text</type><desc><![CDATA[51～58℃]]></desc></option><option><id>E</id><type>text</type><desc><![CDATA[61～68℃]]></desc></option></options><answers><![CDATA[A]]></answers></question><question><type>1</type><format>text</format><desc><![CDATA[5.会阴湿热敷的时间是]]></desc><options><option><id>A</id><type>text</type><desc><![CDATA[15～30分钟]]></desc></option><option><id>B</id><type>text</type><desc><![CDATA[5～10分钟]]></desc></option><option><id>C</id><type>text</type><desc><![CDATA[30～45分钟]]></desc></option><option><id>D</id><type>text</type><desc><![CDATA[45～60分钟]]></desc></option><option><id>E</id><type>text</type><desc><![CDATA[60～90分钟]]></desc></option></options><answers><![CDATA[A]]></answers></question><question><type>1</type><format>text</format><desc><![CDATA[6.新生儿沐浴的水温是]]></desc><options><option><id>A</id><type>text</type><desc><![CDATA[26～28℃]]></desc></option><option><id>B</id><type>text</type><desc><![CDATA[30～32℃]]></desc></option><option><id>C</id><type>text</type><desc><![CDATA[34～36℃]]></desc></option><option><id>D</id><type>text</type><desc><![CDATA[38～40℃]]></desc></option><option><id>E</id><type>text</type><desc><![CDATA[38～42℃]]></desc></option></options><answers><![CDATA[D]]></answers></question><question><type>1</type><format>text</format><desc><![CDATA[7.阴道上药，应将药送入到]]></desc><options><option><id>A</id><type>text</type><desc><![CDATA[阴道前穹窿]]></desc></option><option><id>B</id><type>text</type><desc><![CDATA[宫颈]]></desc></option><option><id>C</id><type>text</type><desc><![CDATA[阴道侧壁]]></desc></option><option><id>D</id><type>text</type><desc><![CDATA[阴道后穹窿]]></desc></option><option><id>E</id><type>text</type><desc><![CDATA[阴道后壁]]></desc></option></options><answers><![CDATA[D]]></answers></question><question><type>1</type><format>text</format><desc><![CDATA[8.念珠菌性阴道炎，坐浴的溶液是]]></desc><options><option><id>A</id><type>text</type><desc><![CDATA[0.5%醋酸溶液]]></desc></option><option><id>B</id><type>text</type><desc><![CDATA[1%乳酸溶液]]></desc></option><option><id>C</id><type>text</type><desc><![CDATA[2%～4%碳酸氢钠溶液]]></desc></option><option><id>D</id><type>text</type><desc><![CDATA[1:5000高锰酸钾溶液]]></desc></option><option><id>E</id><type>text</type><desc><![CDATA[0.5%乳酸溶液]]></desc></option></options><answers><![CDATA[C]]></answers></question><question><type>1</type><format>text</format><desc><![CDATA[9.坐浴时溶液，温浴的温度是]]></desc><options><option><id>A</id><type>text</type><desc><![CDATA[41～43℃]]></desc></option><option><id>B</id><type>text</type><desc><![CDATA[39～41℃]]></desc></option><option><id>C</id><type>text</type><desc><![CDATA[37～38℃]]></desc></option><option><id>D</id><type>text</type><desc><![CDATA[32～34℃]]></desc></option><option><id>E</id><type>text</type><desc><![CDATA[35～37℃]]></desc></option></options><answers><![CDATA[E]]></answers></question><question><type>1</type><format>text</format><desc><![CDATA[10.坐浴时溶液，冷浴的温度是]]></desc><options><option><id>A</id><type>text</type><desc><![CDATA[20～21℃]]></desc></option><option><id>B</id><type>text</type><desc><![CDATA[14～15℃]]></desc></option><option><id>C</id><type>text</type><desc><![CDATA[18～19℃]]></desc></option><option><id>D</id><type>text</type><desc><![CDATA[17～18℃]]></desc></option><option><id>E</id><type>text</type><desc><![CDATA[16～17℃]]></desc></option></options><answers><![CDATA[B]]></answers></question></questions></exam>