﻿<?xml version="1.0" encoding="UTF-8"?><exam><id>20181128172250</id><questions><instructions><![CDATA[一、单项选择题]]></instructions><question><type>1</type><format>text</format><desc><![CDATA[1.产后子宫恢复至孕前正常大小的时间一般在产后]]></desc><options><option><id>A</id><type>text</type><desc><![CDATA[3周]]></desc></option><option><id>B</id><type>text</type><desc><![CDATA[4周]]></desc></option><option><id>C</id><type>text</type><desc><![CDATA[5周]]></desc></option><option><id>D</id><type>text</type><desc><![CDATA[6周]]></desc></option><option><id>E</id><type>text</type><desc><![CDATA[7周]]></desc></option></options><answers><![CDATA[D]]></answers></question><question><type>1</type><format>text</format><desc><![CDATA[2.有关产后子宫复旧，正确的是]]></desc><options><option><id>A</id><type>text</type><desc><![CDATA[子宫肌细胞数目减少]]></desc></option><option><id>B</id><type>text</type><desc><![CDATA[产后8周子宫恢复到非孕期大小]]></desc></option><option><id>C</id><type>text</type><desc><![CDATA[子宫肌纤维的胞浆减少，细胞体积缩小]]></desc></option><option><id>D</id><type>text</type><desc><![CDATA[产后1周子宫降至盆腔内]]></desc></option><option><id>E</id><type>text</type><desc><![CDATA[产后第3周子宫腔表面均由新生内膜覆盖]]></desc></option></options><answers><![CDATA[C]]></answers></question><question><type>1</type><format>text</format><desc><![CDATA[3.正常产褥期的表现是]]></desc><options><option><id>A</id><type>text</type><desc><![CDATA[产后24小时体温超过38℃]]></desc></option><option><id>B</id><type>text</type><desc><![CDATA[哺乳后可加重产后宫缩痛]]></desc></option><option><id>C</id><type>text</type><desc><![CDATA[产后24小白细胞恢复至正常范围]]></desc></option><option><id>D</id><type>text</type><desc><![CDATA[产后产妇脉搏加快，呼吸深慢]]></desc></option><option><id>E</id><type>text</type><desc><![CDATA[产后产妇尿量减少，不易发生尿潴留]]></desc></option></options><answers><![CDATA[B]]></answers></question><question><type>1</type><format>html</format><desc><![CDATA[4.有关产褥期处理，<u><b>错误</b></u>的是]]></desc><options><option><id>A</id><type>text</type><desc><![CDATA[冲洗外阴及阴道]]></desc></option><option><id>B</id><type>text</type><desc><![CDATA[鼓励产妇尽早自解小便]]></desc></option><option><id>C</id><type>text</type><desc><![CDATA[每天鼓励产妇早日下床活动]]></desc></option><option><id>D</id><type>text</type><desc><![CDATA[每天观察恶露数量.颜色及气味]]></desc></option><option><id>E</id><type>text</type><desc><![CDATA[产后2小时内应不断观察产妇阴道流血及子宫收缩情况]]></desc></option></options><answers><![CDATA[A]]></answers></question><question><type>1</type><format>text</format><desc><![CDATA[5.产后乳房胀痛大多是因为]]></desc><options><option><id>A</id><type>text</type><desc><![CDATA[产后哺乳姿势不当]]></desc></option><option><id>B</id><type>text</type><desc><![CDATA[产前乳头准备不足]]></desc></option><option><id>C</id><type>text</type><desc><![CDATA[产后哺乳延迟]]></desc></option><option><id>D</id><type>text</type><desc><![CDATA[乳腺炎]]></desc></option><option><id>E</id><type>text</type><desc><![CDATA[配戴不合适乳罩]]></desc></option></options><answers><![CDATA[C]]></answers></question><question><type>1</type><format>html</format><desc><![CDATA[6.退奶方法<u><b>错误</b></u>的是]]></desc><options><option><id>A</id><type>text</type><desc><![CDATA[口服溴隐亭]]></desc></option><option><id>B</id><type>text</type><desc><![CDATA[生麦芽浓煎口服]]></desc></option><option><id>C</id><type>text</type><desc><![CDATA[口服大量雌激素]]></desc></option><option><id>D</id><type>text</type><desc><![CDATA[口服大剂量维生素B<sub>6</sub>]]></desc></option><option><id>E</id><type>text</type><desc><![CDATA[外敷芒硝]]></desc></option></options><answers><![CDATA[E]]></answers></question><question><type>1</type><format>text</format><desc><![CDATA[7.关于初乳，正确的是]]></desc><options><option><id>A</id><type>text</type><desc><![CDATA[含大量免疫抗体，如分泌型IgA]]></desc></option><option><id>B</id><type>text</type><desc><![CDATA[是产后14天内分泌的乳汁]]></desc></option><option><id>C</id><type>text</type><desc><![CDATA[含大量蛋白质.乳糖和脂肪]]></desc></option><option><id>D</id><type>text</type><desc><![CDATA[初乳比较稀薄，便于新生儿消化吸收]]></desc></option><option><id>E</id><type>text</type><desc><![CDATA[含β-胡萝卜素，呈淡黄色，含有丰富的脂肪组织]]></desc></option></options><answers><![CDATA[A]]></answers></question><question><type>1</type><format>text</format><desc><![CDATA[8.产后最初3天内，关于产妇体内血容量的变化，正确的是]]></desc><options><option><id>A</id><type>text</type><desc><![CDATA[减少10%～30%]]></desc></option><option><id>B</id><type>text</type><desc><![CDATA[减少35%～40%]]></desc></option><option><id>C</id><type>text</type><desc><![CDATA[增加15%～25%]]></desc></option><option><id>D</id><type>text</type><desc><![CDATA[增加30%]]></desc></option><option><id>E</id><type>text</type><desc><![CDATA[增加近50%]]></desc></option></options><answers><![CDATA[C]]></answers></question><question><type>1</type><format>text</format><desc><![CDATA[9.会阴侧切患者，术后5天拆线，伤口感染裂开，用1∶5000高锰酸钾坐浴。开始的时间应为]]></desc><options><option><id>A</id><type>text</type><desc><![CDATA[拆线后立即开始]]></desc></option><option><id>B</id><type>text</type><desc><![CDATA[产后7～10天]]></desc></option><option><id>C</id><type>text</type><desc><![CDATA[拆线后4天]]></desc></option><option><id>D</id><type>text</type><desc><![CDATA[拆线后7天]]></desc></option><option><id>E</id><type>text</type><desc><![CDATA[产后2周]]></desc></option></options><answers><![CDATA[B]]></answers></question><question><type>1</type><format>html</format><desc><![CDATA[10.关于产褥期消化系统的变化，<u><b>错误的</b></u>是]]></desc><options><option><id>A</id><type>text</type><desc><![CDATA[胃液分泌减少]]></desc></option><option><id>B</id><type>text</type><desc><![CDATA[胃肠肌张力降低]]></desc></option><option><id>C</id><type>text</type><desc><![CDATA[胃肠蠕动减慢]]></desc></option><option><id>D</id><type>text</type><desc><![CDATA[食欲不佳，以后逐渐好转]]></desc></option><option><id>E</id><type>text</type><desc><![CDATA[容易腹泻]]></desc></option></options><answers><![CDATA[E]]></answers></question><question><type>1</type><format>text</format><desc><![CDATA[11.新生儿通过母体胎盘获得的免疫球蛋白是]]></desc><options><option><id>A</id><type>text</type><desc><![CDATA[IgA]]></desc></option><option><id>B</id><type>text</type><desc><![CDATA[IgE]]></desc></option><option><id>C</id><type>text</type><desc><![CDATA[IgG]]></desc></option><option><id>D</id><type>text</type><desc><![CDATA[IgM]]></desc></option><option><id>E</id><type>text</type><desc><![CDATA[IgF]]></desc></option></options><answers><![CDATA[C]]></answers></question><question><type>1</type><format>text</format><desc><![CDATA[12.新生儿生理性黄疸出现的时间为出生后]]></desc><options><option><id>A</id><type>text</type><desc><![CDATA[1～2天]]></desc></option><option><id>B</id><type>text</type><desc><![CDATA[2～3天]]></desc></option><option><id>C</id><type>text</type><desc><![CDATA[3～4天]]></desc></option><option><id>D</id><type>text</type><desc><![CDATA[4～5天]]></desc></option><option><id>E</id><type>text</type><desc><![CDATA[5～6天]]></desc></option></options><answers><![CDATA[B]]></answers></question></questions></exam>