﻿<?xml version="1.0" encoding="UTF-8"?><exam><id>20181129082609</id><questions><instructions><![CDATA[一、单项选择题]]></instructions><question><type>1</type><format>text</format><desc><![CDATA[1.宫口未开全者发生脐带脱垂，第一项紧急措施正确的是]]></desc><options><option><id>A</id><type>text</type><desc><![CDATA[紧急呼叫值班医生和麻醉医师]]></desc></option><option><id>B</id><type>text</type><desc><![CDATA[氧气吸入并开放静脉输液]]></desc></option><option><id>C</id><type>text</type><desc><![CDATA[配血更衣皮肤消毒]]></desc></option><option><id>D</id><type>text</type><desc><![CDATA[取头低臀高位并手置阴道上推先露部]]></desc></option><option><id>E</id><type>text</type><desc><![CDATA[首先做剖宫产术前准备]]></desc></option></options><answers><![CDATA[D]]></answers></question><question><type>1</type><format>text</format><desc><![CDATA[2.产后出血多发生在何时，正确的是]]></desc><options><option><id>A</id><type>text</type><desc><![CDATA[胎儿娩出时]]></desc></option><option><id>B</id><type>text</type><desc><![CDATA[胎盘娩出时]]></desc></option><option><id>C</id><type>text</type><desc><![CDATA[产后2小时内]]></desc></option><option><id>D</id><type>text</type><desc><![CDATA[产后48小时内]]></desc></option><option><id>E</id><type>text</type><desc><![CDATA[产后72小时内]]></desc></option></options><answers><![CDATA[C]]></answers></question><question><type>1</type><format>html</format><desc><![CDATA[3.产后出血的处理原则，<u><b>错误的</b></u>是]]></desc><options><option><id>A</id><type>text</type><desc><![CDATA[针对病因，迅速止血]]></desc></option><option><id>B</id><type>text</type><desc><![CDATA[补充血容量]]></desc></option><option><id>C</id><type>text</type><desc><![CDATA[纠正失血性休克]]></desc></option><option><id>D</id><type>text</type><desc><![CDATA[控制感染]]></desc></option><option><id>E</id><type>text</type><desc><![CDATA[阴道分娩出血量不超过500ml，剖腹产不超过1000ml不需特殊处理]]></desc></option></options><answers><![CDATA[E]]></answers></question><question><type>1</type><format>html</format><desc><![CDATA[4.先兆子宫破裂的主要表现中，<u><b>错误的</b></u>是]]></desc><options><option><id>A</id><type>text</type><desc><![CDATA[子宫病理缩复环形成]]></desc></option><option><id>B</id><type>text</type><desc><![CDATA[下腹部压痛]]></desc></option><option><id>C</id><type>text</type><desc><![CDATA[血尿]]></desc></option><option><id>D</id><type>text</type><desc><![CDATA[扪及规律宫缩]]></desc></option><option><id>E</id><type>text</type><desc><![CDATA[胎心率改变]]></desc></option></options><answers><![CDATA[D]]></answers></question><question><type>1</type><format>text</format><desc><![CDATA[5.预防羊水栓塞，正确的是]]></desc><options><option><id>A</id><type>text</type><desc><![CDATA[羊水栓塞多发生于子宫收缩过弱的孕妇]]></desc></option><option><id>B</id><type>text</type><desc><![CDATA[羊水栓塞不可能发生在自然破膜中]]></desc></option><option><id>C</id><type>text</type><desc><![CDATA[人工破膜时应避开子宫收缩]]></desc></option><option><id>D</id><type>text</type><desc><![CDATA[宫缩过强时为加速产程不要用宫缩抑制剂]]></desc></option><option><id>E</id><type>text</type><desc><![CDATA[出现呛咳、气促、呼吸困难时给予安抚，使病人平静]]></desc></option></options><answers><![CDATA[C]]></answers></question><question><type>1</type><format>html</format><desc><![CDATA[6.与羊水栓塞<u><b>不相符合</b></u>的是]]></desc><options><option><id>A</id><type>text</type><desc><![CDATA[不典型的羊水栓塞一般不发生血氧饱和度降低]]></desc></option><option><id>B</id><type>text</type><desc><![CDATA[宫缩过强、急产是羊水栓塞的好发因素]]></desc></option><option><id>C</id><type>text</type><desc><![CDATA[宫缩时破膜，羊水易进入母体血管]]></desc></option><option><id>D</id><type>text</type><desc><![CDATA[X线胸片双肺有弥漫性点片状浸润影]]></desc></option><option><id>E</id><type>text</type><desc><![CDATA[多发生在分娩过程中、产妇死亡率达60%以上]]></desc></option></options><answers><![CDATA[A]]></answers></question><question><type>1</type><format>html</format><desc><![CDATA[7.李女士，孕34周，夜间睡眠中阴道流水，浸湿床垫，急诊入院。查体：胎先露浮，偶有不规则宫缩；阴道口仍有少量液体流出，石磊试纸变色；胎心率140次/分，该孕妇护理措施中<u><b>错误的</b></u>是]]></desc><options><option><id>A</id><type>text</type><desc><![CDATA[卧床休息，提供生活护理]]></desc></option><option><id>B</id><type>text</type><desc><![CDATA[嘱孕妇自数胎动，必要时予电子胎儿监护]]></desc></option><option><id>C</id><type>text</type><desc><![CDATA[会阴擦洗2次/日，预防感染]]></desc></option><option><id>D</id><type>text</type><desc><![CDATA[已达孕34周，可以在抗感染基础上选择阴道分娩或剖宫产]]></desc></option><option><id>E</id><type>text</type><desc><![CDATA[做好心理护理及健康指导]]></desc></option></options><answers><![CDATA[D]]></answers></question><question><type>1</type><format>text</format><desc><![CDATA[8.患者34岁，妊娠足月临产，滞产，胎儿胎盘娩出后，出现间歇性阴道出血，量较多，检查子宫体柔软，其出血原因是]]></desc><options><option><id>A</id><type>text</type><desc><![CDATA[软产道损伤]]></desc></option><option><id>B</id><type>text</type><desc><![CDATA[子宫收缩乏力]]></desc></option><option><id>C</id><type>text</type><desc><![CDATA[胎盘剥离不全]]></desc></option><option><id>D</id><type>text</type><desc><![CDATA[凝血功能障碍]]></desc></option><option><id>E</id><type>text</type><desc><![CDATA[胎盘残留]]></desc></option></options><answers><![CDATA[B]]></answers></question><question><type>1</type><format>text</format><desc><![CDATA[9.刘女士，第一胎，足月顺产，胎儿娩出后，阴道出血约500ml，鲜红色，很快凝集成血块，胎盘尚未娩出，根据上述情况，考虑出血原因是]]></desc><options><option><id>A</id><type>text</type><desc><![CDATA[子宫收缩乏力]]></desc></option><option><id>B</id><type>text</type><desc><![CDATA[胎盘滞留]]></desc></option><option><id>C</id><type>text</type><desc><![CDATA[软产道损伤]]></desc></option><option><id>D</id><type>text</type><desc><![CDATA[胎膜残留]]></desc></option><option><id>E</id><type>text</type><desc><![CDATA[凝血功能障碍]]></desc></option></options><answers><![CDATA[C]]></answers></question><question><type>1</type><format>html</format><desc><![CDATA[10.王女士，26岁，初产妇，妊娠41周，临产后7小时出现烦躁不安，自述下腹疼痛难忍。检查腹部见病理缩复环，下腹拒按，胎心听不清，导尿为血尿。此案例评估<u><b>正确的</b></u>是]]></desc><options><option><id>A</id><type>text</type><desc><![CDATA[先兆子宫破裂]]></desc></option><option><id>B</id><type>text</type><desc><![CDATA[子宫破裂]]></desc></option><option><id>C</id><type>text</type><desc><![CDATA[Ⅲ度胎盘早剥]]></desc></option><option><id>D</id><type>text</type><desc><![CDATA[羊水栓塞]]></desc></option><option><id>E</id><type>text</type><desc><![CDATA[难产并发腹腔感染]]></desc></option></options><answers><![CDATA[A]]></answers></question><question><type>1</type><format>html</format><desc><![CDATA[11.钱女士，25岁，初孕妇，急产，胎儿娩出后突然发生呼吸困难、呛咳，紫绀，迅速出现呼吸衰竭、休克及昏迷。此案例评估<u><b>正确的</b></u>是]]></desc><options><option><id>A</id><type>text</type><desc><![CDATA[休克]]></desc></option><option><id>B</id><type>text</type><desc><![CDATA[子痫]]></desc></option><option><id>C</id><type>text</type><desc><![CDATA[羊水栓塞]]></desc></option><option><id>D</id><type>text</type><desc><![CDATA[产后虚脱]]></desc></option><option><id>E</id><type>text</type><desc><![CDATA[昏迷]]></desc></option></options><answers><![CDATA[C]]></answers></question></questions></exam>