﻿<?xml version="1.0" encoding="UTF-8"?><exam><id>20181129082908</id><questions><instructions><![CDATA[一、单项选择题]]></instructions><question><type>1</type><format>text</format><desc><![CDATA[1.护士书写末次月经时，可将“末次月经”缩写为]]></desc><options><option><id>A</id><type>text</type><desc><![CDATA[PMP]]></desc></option><option><id>B</id><type>text</type><desc><![CDATA[GMP]]></desc></option><option><id>C</id><type>text</type><desc><![CDATA[LMP]]></desc></option><option><id>D</id><type>text</type><desc><![CDATA[PML]]></desc></option><option><id>E</id><type>text</type><desc><![CDATA[GPT]]></desc></option></options><answers><![CDATA[C]]></answers></question><question><type>1</type><format>text</format><desc><![CDATA[2.护士对病人进行常规盆腔检查时，病人应该采用的体位是]]></desc><options><option><id>A</id><type>text</type><desc><![CDATA[平卧位]]></desc></option><option><id>B</id><type>text</type><desc><![CDATA[膀胱截石位]]></desc></option><option><id>C</id><type>text</type><desc><![CDATA[膝胸卧位]]></desc></option><option><id>D</id><type>text</type><desc><![CDATA[臀高头低位]]></desc></option><option><id>E</id><type>text</type><desc><![CDATA[自由体位]]></desc></option></options><answers><![CDATA[B]]></answers></question><question><type>1</type><format>text</format><desc><![CDATA[3.下列称之为三合诊的是]]></desc><options><option><id>A</id><type>text</type><desc><![CDATA[B超、阴道、腹部联合检查]]></desc></option><option><id>B</id><type>text</type><desc><![CDATA[腹部、阴道、直肠联合检查]]></desc></option><option><id>C</id><type>text</type><desc><![CDATA[超声、阴道镜、腹部联合检查]]></desc></option><option><id>D</id><type>text</type><desc><![CDATA[直肠、腹部、阴道镜联合检查]]></desc></option><option><id>E</id><type>text</type><desc><![CDATA[B超、阴道镜、直肠联合检查]]></desc></option></options><answers><![CDATA[B]]></answers></question><question><type>1</type><format>html</format><desc><![CDATA[4.下面有关直肠-腹部诊的说法，<u><b>错误</b></u>的是]]></desc><options><option><id>A</id><type>text</type><desc><![CDATA[适用于阴道闭锁者]]></desc></option><option><id>B</id><type>text</type><desc><![CDATA[适用于无性生活史的病人]]></desc></option><option><id>C</id><type>text</type><desc><![CDATA[是盆腔检查的首选方法]]></desc></option><option><id>D</id><type>text</type><desc><![CDATA[适用于经期不宜做双合诊者]]></desc></option><option><id>E</id><type>text</type><desc><![CDATA[检查者一手指伸入直肠，另一手指腹部配合触诊]]></desc></option></options><answers><![CDATA[C]]></answers></question><question><type>1</type><format>text</format><desc><![CDATA[5.护士正确采集宫颈外口鳞-柱交接部或宫颈分泌物标本的方法是通过]]></desc><options><option><id>A</id><type>text</type><desc><![CDATA[外阴部检查]]></desc></option><option><id>B</id><type>text</type><desc><![CDATA[三合诊]]></desc></option><option><id>C</id><type>text</type><desc><![CDATA[双合诊]]></desc></option><option><id>D</id><type>text</type><desc><![CDATA[阴道窥器检查]]></desc></option><option><id>E</id><type>text</type><desc><![CDATA[直肠-腹部诊]]></desc></option></options><answers><![CDATA[D]]></answers></question><question><type>1</type><format>text</format><desc><![CDATA[6.关于现病史，下列描述正确的是]]></desc><options><option><id>A</id><type>text</type><desc><![CDATA[是指患者就诊的主要症状（和体征）及其持续时间]]></desc></option><option><id>B</id><type>text</type><desc><![CDATA[其描述力求简明扼要，通常不超过20字]]></desc></option><option><id>C</id><type>text</type><desc><![CDATA[是描述患者本次疾病发生、演变和诊疗的全过程]]></desc></option><option><id>D</id><type>text</type><desc><![CDATA[包括既往身体状况]]></desc></option><option><id>E</id><type>text</type><desc><![CDATA[包括家庭成员的情况]]></desc></option></options><answers><![CDATA[C]]></answers></question><question><type>1</type><format>text</format><desc><![CDATA[7.妇科检查的体位一般是]]></desc><options><option><id>A</id><type>text</type><desc><![CDATA[膀胱截石位]]></desc></option><option><id>B</id><type>text</type><desc><![CDATA[平卧位]]></desc></option><option><id>C</id><type>text</type><desc><![CDATA[半坐位]]></desc></option><option><id>D</id><type>text</type><desc><![CDATA[俯卧位]]></desc></option><option><id>E</id><type>text</type><desc><![CDATA[膝胸卧位]]></desc></option></options><answers><![CDATA[A]]></answers></question><question><type>1</type><format>text</format><desc><![CDATA[8.—就诊病人，护士询问其婚育史为足月产3次，无早产，流产1次，现存子女2人，护士应记录生育史为]]></desc><options><option><id>A</id><type>text</type><desc><![CDATA[0-1-3-2]]></desc></option><option><id>B</id><type>text</type><desc><![CDATA[3-0-1-2]]></desc></option><option><id>C</id><type>text</type><desc><![CDATA[1-2-0-3]]></desc></option><option><id>D</id><type>text</type><desc><![CDATA[2-3-1-0]]></desc></option><option><id>E</id><type>text</type><desc><![CDATA[0-1-2-3]]></desc></option></options><answers><![CDATA[B]]></answers></question><question><type>1</type><format>text</format><desc><![CDATA[9.护士询问一病人的婚育史，3年前孕47天时药物流产1次，半年前孕8周时人工流产1次，下列记录正确的是]]></desc><options><option><id>A</id><type>text</type><desc><![CDATA[孕2产2]]></desc></option><option><id>B</id><type>text</type><desc><![CDATA[孕2产1]]></desc></option><option><id>C</id><type>text</type><desc><![CDATA[孕2产0]]></desc></option><option><id>D</id><type>text</type><desc><![CDATA[孕1产0]]></desc></option><option><id>E</id><type>text</type><desc><![CDATA[孕0产0]]></desc></option></options><answers><![CDATA[C]]></answers></question><question><type>1</type><format>text</format><desc><![CDATA[10.患者，女，29岁，已婚，行双合诊检查，下列检查结果中属于正常的是]]></desc><options><option><id>A</id><type>text</type><desc><![CDATA[宫颈有举痛]]></desc></option><option><id>B</id><type>text</type><desc><![CDATA[子宫有压痛]]></desc></option><option><id>C</id><type>text</type><desc><![CDATA[子宫后位]]></desc></option><option><id>D</id><type>text</type><desc><![CDATA[阴道隔膜]]></desc></option><option><id>E</id><type>text</type><desc><![CDATA[输卵管未触及]]></desc></option></options><answers><![CDATA[E]]></answers></question></questions></exam>