﻿<?xml version="1.0" encoding="UTF-8"?><exam><id>20181129084014</id><questions><instructions><![CDATA[一、单项选择题]]></instructions><question><type>1</type><format>html</format><desc><![CDATA[1.关于子宫内膜异位症定义，<u><b>错误</b></u>的是]]></desc><options><option><id>A</id><type>text</type><desc><![CDATA[子宫内膜出现在子宫肌层内]]></desc></option><option><id>B</id><type>text</type><desc><![CDATA[子宫内膜出现在卵巢]]></desc></option><option><id>C</id><type>text</type><desc><![CDATA[子宫内膜出现在肺组织]]></desc></option><option><id>D</id><type>text</type><desc><![CDATA[子宫内膜出现在手臂上]]></desc></option><option><id>E</id><type>text</type><desc><![CDATA[子宫内膜出现在结肠黏膜]]></desc></option></options><answers><![CDATA[A]]></answers></question><question><type>1</type><format>text</format><desc><![CDATA[2.子宫内膜异位症的高危因素包括]]></desc><options><option><id>A</id><type>text</type><desc><![CDATA[青春期]]></desc></option><option><id>B</id><type>text</type><desc><![CDATA[体力劳动者]]></desc></option><option><id>C</id><type>text</type><desc><![CDATA[月经周期长者]]></desc></option><option><id>D</id><type>text</type><desc><![CDATA[月经过多者]]></desc></option><option><id>E</id><type>text</type><desc><![CDATA[生育多者]]></desc></option></options><answers><![CDATA[D]]></answers></question><question><type>1</type><format>text</format><desc><![CDATA[3.子宫内膜异位症的典型临床表现是]]></desc><options><option><id>A</id><type>text</type><desc><![CDATA[腹痛]]></desc></option><option><id>B</id><type>text</type><desc><![CDATA[咳嗽]]></desc></option><option><id>C</id><type>text</type><desc><![CDATA[食欲不振]]></desc></option><option><id>D</id><type>text</type><desc><![CDATA[排卵障碍]]></desc></option><option><id>E</id><type>text</type><desc><![CDATA[不规则阴道出血]]></desc></option></options><answers><![CDATA[A]]></answers></question><question><type>1</type><format>html</format><desc><![CDATA[4.子宫内膜异位症的处理原则，<u><b>错误</b></u>的是]]></desc><options><option><id>A</id><type>text</type><desc><![CDATA[缩减病灶]]></desc></option><option><id>B</id><type>text</type><desc><![CDATA[减少经量]]></desc></option><option><id>C</id><type>text</type><desc><![CDATA[减轻疼痛]]></desc></option><option><id>D</id><type>text</type><desc><![CDATA[减少复发]]></desc></option><option><id>E</id><type>text</type><desc><![CDATA[促进生育]]></desc></option></options><answers><![CDATA[B]]></answers></question><question><type>1</type><format>text</format><desc><![CDATA[5.子宫内膜异位症的预防措施包括]]></desc><options><option><id>A</id><type>text</type><desc><![CDATA[避免剧烈运动]]></desc></option><option><id>B</id><type>text</type><desc><![CDATA[避免月经期性交]]></desc></option><option><id>C</id><type>text</type><desc><![CDATA[避免冷食冷饮]]></desc></option><option><id>D</id><type>text</type><desc><![CDATA[避免深水游泳]]></desc></option><option><id>E</id><type>text</type><desc><![CDATA[避免劳累]]></desc></option></options><answers><![CDATA[B]]></answers></question><question><type>1</type><format>text</format><desc><![CDATA[6.子宫腺肌病是指]]></desc><options><option><id>A</id><type>text</type><desc><![CDATA[子宫内膜侵入子宫肌层]]></desc></option><option><id>B</id><type>text</type><desc><![CDATA[子宫肌细胞侵入子宫内膜层]]></desc></option><option><id>C</id><type>text</type><desc><![CDATA[子宫肌层肌细胞增生]]></desc></option><option><id>D</id><type>text</type><desc><![CDATA[子宫内膜异常增生]]></desc></option><option><id>E</id><type>text</type><desc><![CDATA[子宫内膜在卵巢内种植]]></desc></option></options><answers><![CDATA[A]]></answers></question><question><type>1</type><format>text</format><desc><![CDATA[7.子宫腺肌病的好发年龄是]]></desc><options><option><id>A</id><type>text</type><desc><![CDATA[10～20岁]]></desc></option><option><id>B</id><type>text</type><desc><![CDATA[21～30岁]]></desc></option><option><id>C</id><type>text</type><desc><![CDATA[31～40岁]]></desc></option><option><id>D</id><type>text</type><desc><![CDATA[51～60岁]]></desc></option><option><id>E</id><type>text</type><desc><![CDATA[60～70岁]]></desc></option></options><answers><![CDATA[C]]></answers></question><question><type>1</type><format>text</format><desc><![CDATA[8.子宫腺肌病的典型症状是]]></desc><options><option><id>A</id><type>text</type><desc><![CDATA[头痛]]></desc></option><option><id>B</id><type>text</type><desc><![CDATA[月经过少]]></desc></option><option><id>C</id><type>text</type><desc><![CDATA[痛经]]></desc></option><option><id>D</id><type>text</type><desc><![CDATA[嗜睡]]></desc></option><option><id>E</id><type>text</type><desc><![CDATA[厌食]]></desc></option></options><answers><![CDATA[C]]></answers></question><question><type>1</type><format>text</format><desc><![CDATA[9.子宫腺肌病的典型特征是]]></desc><options><option><id>A</id><type>text</type><desc><![CDATA[子宫小而软]]></desc></option><option><id>B</id><type>text</type><desc><![CDATA[子宫大而软]]></desc></option><option><id>C</id><type>text</type><desc><![CDATA[子宫小而硬]]></desc></option><option><id>D</id><type>text</type><desc><![CDATA[子宫大而硬]]></desc></option><option><id>E</id><type>text</type><desc><![CDATA[子宫正常大小和硬度]]></desc></option></options><answers><![CDATA[B]]></answers></question><question><type>1</type><format>text</format><desc><![CDATA[10.药物治疗子宫腺肌病的适应证为]]></desc><options><option><id>A</id><type>text</type><desc><![CDATA[症状较重]]></desc></option><option><id>B</id><type>text</type><desc><![CDATA[近绝经期]]></desc></option><option><id>C</id><type>text</type><desc><![CDATA[无症状者]]></desc></option><option><id>D</id><type>text</type><desc><![CDATA[年轻患者]]></desc></option><option><id>E</id><type>text</type><desc><![CDATA[无生育要求]]></desc></option></options><answers><![CDATA[B]]></answers></question></questions></exam>