﻿<?xml version="1.0" encoding="UTF-8"?><exam><id>20181128172804</id><questions><instructions><![CDATA[一、单项选择题]]></instructions><question><type>1</type><format>text</format><desc><![CDATA[1..对于不全流产孕妇一经确诊后的首要处理，正确的是]]></desc><options><option><id>A</id><type>text</type><desc><![CDATA[让孕妇休息]]></desc></option><option><id>B</id><type>text</type><desc><![CDATA[及时做好清除宫内残留组织的准备]]></desc></option><option><id>C</id><type>text</type><desc><![CDATA[减少刺激]]></desc></option><option><id>D</id><type>text</type><desc><![CDATA[加强心理护理]]></desc></option><option><id>E</id><type>text</type><desc><![CDATA[继续监测胚胎发育情况]]></desc></option></options><answers><![CDATA[B]]></answers></question><question><type>1</type><format>text</format><desc><![CDATA[2.对输卵管妊娠患者进行护理评估，正确的描述是]]></desc><options><option><id>A</id><type>text</type><desc><![CDATA[患者月经过期，说明患者有停经史]]></desc></option><option><id>B</id><type>text</type><desc><![CDATA[阴道后穹隆穿刺术阴性说明不存在输卵管妊娠]]></desc></option><option><id>C</id><type>text</type><desc><![CDATA[阴道流血量不多说明腹腔内出血量也不多]]></desc></option><option><id>D</id><type>text</type><desc><![CDATA[血压下降、腹痛加剧、肛门坠胀感明显是患者病情发展的指征]]></desc></option><option><id>E</id><type>text</type><desc><![CDATA[腹腔内大量出血的患者需行腹腔镜进一步检查]]></desc></option></options><answers><![CDATA[D]]></answers></question><question><type>1</type><format>html</format><desc><![CDATA[3.关于前置胎盘孕妇的护理，<u><b>错误的</b></u>是]]></desc><options><option><id>A</id><type>text</type><desc><![CDATA[绝对卧床休息，左侧卧位]]></desc></option><option><id>B</id><type>text</type><desc><![CDATA[间断或持续吸氧]]></desc></option><option><id>C</id><type>text</type><desc><![CDATA[维持血容量]]></desc></option><option><id>D</id><type>text</type><desc><![CDATA[可以肛查，但禁止阴道检查]]></desc></option><option><id>E</id><type>text</type><desc><![CDATA[预防感染]]></desc></option></options><answers><![CDATA[D]]></answers></question><question><type>1</type><format>text</format><desc><![CDATA[4.关于胎盘早剥，下列叙述正确的是]]></desc><options><option><id>A</id><type>text</type><desc><![CDATA[阴道流血量与病情严重程度呈正比]]></desc></option><option><id>B</id><type>text</type><desc><![CDATA[以无诱因、无痛性反复阴道流血为特点]]></desc></option><option><id>C</id><type>text</type><desc><![CDATA[是妊娠早期的一种严重并发症，起病急，进展快]]></desc></option><option><id>D</id><type>text</type><desc><![CDATA[确诊后可选择期待疗法或终止妊娠]]></desc></option><option><id>E</id><type>text</type><desc><![CDATA[重型胎盘早剥的孕妇子宫硬如板状，压痛明显]]></desc></option></options><answers><![CDATA[E]]></answers></question><question><type>1</type><format>html</format><desc><![CDATA[5.关于胎膜早破，下列叙述<u><b>错误的</b></u>是]]></desc><options><option><id>A</id><type>text</type><desc><![CDATA[若阴道流出液的pH值≥7.5时即可视为阳性]]></desc></option><option><id>B</id><type>text</type><desc><![CDATA[阴道流出液涂片检查，有羊齿状结晶]]></desc></option><option><id>C</id><type>text</type><desc><![CDATA[孕（产）妇有感染的危险]]></desc></option><option><id>D</id><type>text</type><desc><![CDATA[可能发生脐带脱垂]]></desc></option><option><id>E</id><type>text</type><desc><![CDATA[可能发生早产]]></desc></option></options><answers><![CDATA[A]]></answers></question><question><type>1</type><format>html</format><desc><![CDATA[6.关于双胎妊娠，<u><b>错误的</b></u>是]]></desc><options><option><id>A</id><type>text</type><desc><![CDATA[孕龄≥34周，第一胎儿臀位符合剖腹产指征]]></desc></option><option><id>B</id><type>text</type><desc><![CDATA[多胎妊娠属于高危妊娠]]></desc></option><option><id>C</id><type>text</type><desc><![CDATA[双卵双胎多有家族史]]></desc></option><option><id>D</id><type>text</type><desc><![CDATA[单卵双胎必须是一个受精卵，一个羊膜囊]]></desc></option><option><id>E</id><type>text</type><desc><![CDATA[双胎妊娠易发生妊娠期、分娩期并发症]]></desc></option></options><answers><![CDATA[D]]></answers></question><question><type>1</type><format>text</format><desc><![CDATA[7.关于羊水量异常，正确的是]]></desc><options><option><id>A</id><type>text</type><desc><![CDATA[急性羊水过多多发生在妊娠30~35周]]></desc></option><option><id>B</id><type>text</type><desc><![CDATA[慢性羊水过多多发生在妊娠20~24周]]></desc></option><option><id>C</id><type>text</type><desc><![CDATA[羊水过少的病因是胎儿畸形、胎盘功能减退、羊膜病变、母体因素]]></desc></option><option><id>D</id><type>text</type><desc><![CDATA[羊水过少多易发生胎儿宫内窘迫，应剖腹产分娩]]></desc></option><option><id>E</id><type>text</type><desc><![CDATA[急性羊水过多需严防产后出血]]></desc></option></options><answers><![CDATA[E]]></answers></question><question><type>1</type><format>text</format><desc><![CDATA[8.某初产妇，27岁，停经50天出现阴道少量出血伴轻微下腹痛。妇科检查发现：宫颈口关闭，子宫增大约孕50天，妊娠试验阳性，该孕妇正确的诊断是]]></desc><options><option><id>A</id><type>text</type><desc><![CDATA[难免流产]]></desc></option><option><id>B</id><type>text</type><desc><![CDATA[不全流产]]></desc></option><option><id>C</id><type>text</type><desc><![CDATA[习惯性流产]]></desc></option><option><id>D</id><type>text</type><desc><![CDATA[先兆流产]]></desc></option><option><id>E</id><type>text</type><desc><![CDATA[完全流产]]></desc></option></options><answers><![CDATA[D]]></answers></question><question><type>1</type><format>text</format><desc><![CDATA[9.兰女士，29岁，已婚，平素月经规则。此次因停经40天，不规则阴道出血7天，腹痛3小时，前来就诊。妇科检查：子宫略增大，右侧输卵管增粗，可触及一包块。阴道双合诊检查上抬宫颈，患者疼痛难忍。该个案正确的判断是]]></desc><options><option><id>A</id><type>text</type><desc><![CDATA[不规则阴道流血是先兆早产的典型症状]]></desc></option><option><id>B</id><type>text</type><desc><![CDATA[异位妊娠典型的宫颈举痛症状]]></desc></option><option><id>C</id><type>text</type><desc><![CDATA[子宫收缩导致腹痛]]></desc></option><option><id>D</id><type>text</type><desc><![CDATA[输卵管炎症炎症致输卵管增粗]]></desc></option><option><id>E</id><type>text</type><desc><![CDATA[腹腔炎性包块]]></desc></option></options><answers><![CDATA[B]]></answers></question><question><type>1</type><format>html</format><desc><![CDATA[10.毛女士，28岁，G4P0孕32周，阴道无痛性反复出血3天，出血量增多4小时。曾有3次人工流产史。查体：测血压80/60mmHg，脉搏120次/分，面色苍白，胎心音131次/分，未扪及宫缩。关于此案例<u><b>错误的</b></u>是]]></desc><options><option><id>A</id><type>text</type><desc><![CDATA[根据该患者发生的情况判断为前置胎盘]]></desc></option><option><id>B</id><type>text</type><desc><![CDATA[潜在并发症是羊水栓塞]]></desc></option><option><id>C</id><type>text</type><desc><![CDATA[有胎儿受伤的危险]]></desc></option><option><id>D</id><type>text</type><desc><![CDATA[有感染的危险]]></desc></option><option><id>E</id><type>text</type><desc><![CDATA[应卧床休息、纠正贫血、监测生命体征、防止感染、促进胎儿健康]]></desc></option></options><answers><![CDATA[B]]></answers></question><question><type>1</type><format>text</format><desc><![CDATA[11.章女士，34岁，孕34周，因走路不慎滑倒后2小时，腹痛、阴道少量出血急诊入院。检查：贫血貌，血压105/65mmHg，心率112次/分，腹部压痛明显，子宫张力大，胎方位触不清、胎心听诊不清。该孕妇正确的诊断是]]></desc><options><option><id>A</id><type>text</type><desc><![CDATA[急性羊水过多]]></desc></option><option><id>B</id><type>text</type><desc><![CDATA[双胎]]></desc></option><option><id>C</id><type>text</type><desc><![CDATA[前置胎盘]]></desc></option><option><id>D</id><type>text</type><desc><![CDATA[胎盘早剥]]></desc></option><option><id>E</id><type>text</type><desc><![CDATA[早产]]></desc></option></options><answers><![CDATA[D]]></answers></question><question><type>1</type><format>html</format><desc><![CDATA[12.刘女士，25岁，第1胎孕34周，晨起感腹痛，并有阴道少量见红。宫缩不规则，宫颈尚未展平，拟诊先兆早产，予保胎治疗。护理措施<u><b>错误的</b></u>是]]></desc><options><option><id>A</id><type>text</type><desc><![CDATA[休息时以左侧卧位为宜]]></desc></option><option><id>B</id><type>text</type><desc><![CDATA[妊娠初三个月和妊娠晚期应避免性生活]]></desc></option><option><id>C</id><type>text</type><desc><![CDATA[药物治疗不是主要的]]></desc></option><option><id>D</id><type>text</type><desc><![CDATA[如早产已不可避免，应尽早决定合理的分娩方式]]></desc></option><option><id>E</id><type>text</type><desc><![CDATA[应预防新生儿并发症的发生]]></desc></option></options><answers><![CDATA[C]]></answers></question><question><type>1</type><format>html</format><desc><![CDATA[13.姚女士，25岁，33周双胎妊娠，主诉疲劳感，呼吸困难，腹部坠胀感。体检：BP135/85mmHg，心率105次/分，下肢水肿（+），未扪及宫缩。如何帮助该孕妇尽可能维持妊娠至足月，<u><b>错误的</b></u>是]]></desc><options><option><id>A</id><type>text</type><desc><![CDATA[增加产前检查次数，做好并发症的监测与防范]]></desc></option><option><id>B</id><type>text</type><desc><![CDATA[注意多卧床休息，取侧卧位，防止意外伤害]]></desc></option><option><id>C</id><type>text</type><desc><![CDATA[加强营养，满足双胎的需要]]></desc></option><option><id>D</id><type>text</type><desc><![CDATA[帮助孕妇做好完成两次角色的转变]]></desc></option><option><id>E</id><type>text</type><desc><![CDATA[提前做好双胎母乳不足而需要的代乳品准备]]></desc></option></options><answers><![CDATA[E]]></answers></question><question><type>1</type><format>html</format><desc><![CDATA[14.孕妇陈女士，35岁，孕24周，近3天突感腹部增大明显并胀痛，呼吸困难，不能平卧。腹部检查发现子宫明显大于正常孕周，皮肤发亮，触诊胎位不清。诊断羊水过多，行羊膜腔穿刺放羊水术，护理要点<u><b>错误的</b></u>是]]></desc><options><option><id>A</id><type>text</type><desc><![CDATA[术前排空膀胱]]></desc></option><option><id>B</id><type>text</type><desc><![CDATA[避开胎盘位置穿刺]]></desc></option><option><id>C</id><type>text</type><desc><![CDATA[注意孕妇血压、心率、呼吸变化]]></desc></option><option><id>D</id><type>text</type><desc><![CDATA[每小时不超过500ml]]></desc></option><option><id>E</id><type>text</type><desc><![CDATA[防止胎盘早剥、早产等发生]]></desc></option></options><answers><![CDATA[D]]></answers></question></questions></exam>