﻿<?xml version="1.0" encoding="UTF-8"?><exam><id>20181129083512</id><questions><instructions><![CDATA[一、单项选择题]]></instructions><question><type>1</type><format>text</format><desc><![CDATA[1.外阴阴道损伤，易发血肿的部位是]]></desc><options><option><id>A</id><type>text</type><desc><![CDATA[阴阜]]></desc></option><option><id>B</id><type>text</type><desc><![CDATA[大阴唇]]></desc></option><option><id>C</id><type>text</type><desc><![CDATA[小阴唇]]></desc></option><option><id>D</id><type>text</type><desc><![CDATA[处女膜]]></desc></option><option><id>E</id><type>text</type><desc><![CDATA[阴道壁]]></desc></option></options><answers><![CDATA[B]]></answers></question><question><type>1</type><format>html</format><desc><![CDATA[2.外阴小血肿的处理方法，<u><b>不正确的</b></u>是]]></desc><options><option><id>A</id><type>text</type><desc><![CDATA[门诊随诊]]></desc></option><option><id>B</id><type>text</type><desc><![CDATA[卧床休息]]></desc></option><option><id>C</id><type>text</type><desc><![CDATA[压迫止血]]></desc></option><option><id>D</id><type>text</type><desc><![CDATA[冷敷]]></desc></option><option><id>E</id><type>text</type><desc><![CDATA[止痛]]></desc></option></options><answers><![CDATA[A]]></answers></question><question><type>1</type><format>html</format><desc><![CDATA[3.尿瘘，相关的描述<u><b>不正确</b></u>是]]></desc><options><option><id>A</id><type>text</type><desc><![CDATA[产伤是最常见原因。]]></desc></option><option><id>B</id><type>text</type><desc><![CDATA[多见于难产处理不当者，其中以坏死型为多见]]></desc></option><option><id>C</id><type>text</type><desc><![CDATA[坏死型尿瘘，常在产后3～7日开始出现漏尿]]></desc></option><option><id>D</id><type>text</type><desc><![CDATA[高位膀胱阴道瘘，平卧位时漏尿不止，站立时则无漏尿]]></desc></option><option><id>E</id><type>text</type><desc><![CDATA[以手术治疗为主。]]></desc></option></options><answers><![CDATA[B]]></answers></question><question><type>1</type><format>text</format><desc><![CDATA[4.尿瘘病人手术后，尿管放置的时间为]]></desc><options><option><id>A</id><type>text</type><desc><![CDATA[1～3日]]></desc></option><option><id>B</id><type>text</type><desc><![CDATA[3～5日]]></desc></option><option><id>C</id><type>text</type><desc><![CDATA[5～7日]]></desc></option><option><id>D</id><type>text</type><desc><![CDATA[7～14日]]></desc></option><option><id>E</id><type>text</type><desc><![CDATA[以上均不正确]]></desc></option></options><answers><![CDATA[D]]></answers></question><question><type>1</type><format>text</format><desc><![CDATA[5.与发生子宫脱垂关系不大的是]]></desc><options><option><id>A</id><type>text</type><desc><![CDATA[生育过早、过多和过密]]></desc></option><option><id>B</id><type>text</type><desc><![CDATA[产程延长]]></desc></option><option><id>C</id><type>text</type><desc><![CDATA[阴道助产]]></desc></option><option><id>D</id><type>text</type><desc><![CDATA[产后哺乳及照顾新生儿]]></desc></option><option><id>E</id><type>text</type><desc><![CDATA[长期咳嗽和习惯性便秘]]></desc></option></options><answers><![CDATA[]]></answers></question><question><type>1</type><format>text</format><desc><![CDATA[6.子宫脱垂Ⅲ度，指]]></desc><options><option><id>A</id><type>text</type><desc><![CDATA[宫颈外口距处女膜缘的距离＜4cm，未达处女膜缘]]></desc></option><option><id>B</id><type>text</type><desc><![CDATA[宫颈外口已达处女膜缘，在阴道口可见到宫颈]]></desc></option><option><id>C</id><type>text</type><desc><![CDATA[宫颈已脱出阴道口外，宫体仍在阴道内]]></desc></option><option><id>D</id><type>text</type><desc><![CDATA[宫颈及部分宫体已脱出于阴道口外]]></desc></option><option><id>E</id><type>text</type><desc><![CDATA[宫颈及宫体全部脱出至阴道口外]]></desc></option></options><answers><![CDATA[E]]></answers></question><question><type>1</type><format>html</format><desc><![CDATA[7.女，28岁，10分钟前高处跌伤，述外阴部疼痛，出血。检查：一般情况可。右侧大阴唇下方可见约2㎝长裂口，有活动性出血，其周触痛明显，隆起。考虑为外阴血肿。<u><b>不正确</b></u>的处理是]]></desc><options><option><id>A</id><type>text</type><desc><![CDATA[询问出血量，了解有无失血症状]]></desc></option><option><id>B</id><type>text</type><desc><![CDATA[按压止血，观察2小时]]></desc></option><option><id>C</id><type>text</type><desc><![CDATA[急查血常规]]></desc></option><option><id>D</id><type>text</type><desc><![CDATA[嘱病人24小时内可冷敷]]></desc></option><option><id>E</id><type>text</type><desc><![CDATA[卧床休息]]></desc></option></options><answers><![CDATA[B]]></answers></question><question><type>1</type><format>html</format><desc><![CDATA[8.女，36岁,G<sub>1</sub>P<sub>1</sub>孕40周自然分娩后。该产妇胎儿较大，第二产程延长，行出口产钳助产，产后医嘱放置尿管3天，护士的解释及处理，<u><b>不正确</b></u>的是]]></desc><options><option><id>A</id><type>text</type><desc><![CDATA[产伤导致的尿瘘一般出现在产后3～7天]]></desc></option><option><id>B</id><type>text</type><desc><![CDATA[放置尿管可避免尿瘘的发生]]></desc></option><option><id>C</id><type>text</type><desc><![CDATA[保持外阴清洁]]></desc></option><option><id>D</id><type>text</type><desc><![CDATA[避免用力大便]]></desc></option><option><id>E</id><type>text</type><desc><![CDATA[多饮水，保持每天小尿量2000ml以上]]></desc></option></options><answers><![CDATA[E]]></answers></question><question><type>1</type><format>html</format><desc><![CDATA[9.女，45岁，述阴道有肿块脱出半年，检查发现：宫颈已脱出阴道口外，宫体仍在阴道内。护士的解释与处理，<u><b>不正确</b></u>是的]]></desc><options><option><id>A</id><type>text</type><desc><![CDATA[了解该病人的孕产史。]]></desc></option><option><id>B</id><type>text</type><desc><![CDATA[该病人子宫脱垂为Ⅱ度轻型]]></desc></option><option><id>C</id><type>text</type><desc><![CDATA[该病人可考虑子宫托及手术治疗方法]]></desc></option><option><id>D</id><type>text</type><desc><![CDATA[指导病人进行盆底肌肉锻炼]]></desc></option><option><id>E</id><type>text</type><desc><![CDATA[避免腹压增加，治疗习惯性便秘及慢性咳嗽]]></desc></option></options><answers><![CDATA[E]]></answers></question></questions></exam>