﻿<?xml version="1.0" encoding="UTF-8"?><exam><id>20181129083653</id><questions><instructions><![CDATA[一、单项选择题]]></instructions><question><type>1</type><format>text</format><desc><![CDATA[1.侵蚀性葡萄胎与绒毛膜癌的主要鉴别点是]]></desc><options><option><id>A</id><type>text</type><desc><![CDATA[继发于良性葡萄胎后的时间]]></desc></option><option><id>B</id><type>text</type><desc><![CDATA[症状轻重]]></desc></option><option><id>C</id><type>text</type><desc><![CDATA[体内hCG浓度高低]]></desc></option><option><id>D</id><type>text</type><desc><![CDATA[有无黄素囊肿]]></desc></option><option><id>E</id><type>text</type><desc><![CDATA[病理切片有无绒毛结构]]></desc></option></options><answers><![CDATA[E]]></answers></question><question><type>1</type><format>text</format><desc><![CDATA[2.侵蚀性葡萄胎和绒毛膜癌最常见的转移病灶是]]></desc><options><option><id>A</id><type>text</type><desc><![CDATA[脑]]></desc></option><option><id>B</id><type>text</type><desc><![CDATA[肾]]></desc></option><option><id>C</id><type>text</type><desc><![CDATA[肺]]></desc></option><option><id>D</id><type>text</type><desc><![CDATA[肝]]></desc></option><option><id>E</id><type>text</type><desc><![CDATA[阴道]]></desc></option></options><answers><![CDATA[C]]></answers></question><question><type>1</type><format>text</format><desc><![CDATA[3.化疗前需要准确测量病人体重的理由是]]></desc><options><option><id>A</id><type>text</type><desc><![CDATA[精确计算输入量]]></desc></option><option><id>B</id><type>text</type><desc><![CDATA[精确计算药物剂量]]></desc></option><option><id>C</id><type>text</type><desc><![CDATA[精确计算病人饮食需要量]]></desc></option><option><id>D</id><type>text</type><desc><![CDATA[精确计算补液量]]></desc></option><option><id>E</id><type>text</type><desc><![CDATA[确定化疗的疗效]]></desc></option></options><answers><![CDATA[B]]></answers></question><question><type>1</type><format>text</format><desc><![CDATA[4.某女士，35岁，曾流产1次，现有1女，葡萄胎排出后11周，今晨尿妊娠试验为阳性，护土应告知]]></desc><options><option><id>A</id><type>text</type><desc><![CDATA[试验有错误]]></desc></option><option><id>B</id><type>text</type><desc><![CDATA[正常现象，嘱其不要紧张]]></desc></option><option><id>C</id><type>text</type><desc><![CDATA[有可能恶变，建议进一步检查]]></desc></option><option><id>D</id><type>text</type><desc><![CDATA[葡萄胎复发]]></desc></option><option><id>E</id><type>text</type><desc><![CDATA[早孕]]></desc></option></options><answers><![CDATA[C]]></answers></question><question><type>1</type><format>text</format><desc><![CDATA[5.病人，女，23岁，停经56天，近1周有不规则阴道流血，检查子宫底脐下两指，质软，hCG(+)，B超见密集雪片状亮点。最可能的诊断是]]></desc><options><option><id>A</id><type>text</type><desc><![CDATA[双胎]]></desc></option><option><id>B</id><type>text</type><desc><![CDATA[羊水过多]]></desc></option><option><id>C</id><type>text</type><desc><![CDATA[葡萄胎]]></desc></option><option><id>D</id><type>text</type><desc><![CDATA[妊娠合并子宫肌瘤]]></desc></option><option><id>E</id><type>text</type><desc><![CDATA[流产]]></desc></option></options><answers><![CDATA[C]]></answers></question><question><type>1</type><format>html</format><desc><![CDATA[6.某女性，38岁，无子女，葡萄胎清宫术后，护士为其进行健康教育。以下指导<u><b>错误</b></u>的是]]></desc><options><option><id>A</id><type>text</type><desc><![CDATA[高蛋白、高维生素、易消化饮食]]></desc></option><option><id>B</id><type>text</type><desc><![CDATA[保持外阴清洁]]></desc></option><option><id>C</id><type>text</type><desc><![CDATA[术后禁止性生活1个月]]></desc></option><option><id>D</id><type>text</type><desc><![CDATA[术后严格随访半年]]></desc></option><option><id>E</id><type>text</type><desc><![CDATA[保证充足的睡眠]]></desc></option></options><answers><![CDATA[D]]></answers></question><question><type>1</type><format>text</format><desc><![CDATA[7.某女士，28岁，未曾怀孕过，自述妊娠3个月，恶心、呕吐14天，并逐日加重，通过检查确诊为葡萄胎。确诊后应选择的处理是]]></desc><options><option><id>A</id><type>text</type><desc><![CDATA[子宫切除术]]></desc></option><option><id>B</id><type>text</type><desc><![CDATA[腹腔镜检查]]></desc></option><option><id>C</id><type>text</type><desc><![CDATA[保肝治疗]]></desc></option><option><id>D</id><type>text</type><desc><![CDATA[清宫术]]></desc></option><option><id>E</id><type>text</type><desc><![CDATA[静脉补液]]></desc></option></options><answers><![CDATA[D]]></answers></question><question><type>1</type><format>text</format><desc><![CDATA[8.王女士，32岁，葡萄胎术后病人。护士应该指导其避孕的最佳方法是]]></desc><options><option><id>A</id><type>text</type><desc><![CDATA[宫内节育器]]></desc></option><option><id>B</id><type>text</type><desc><![CDATA[口服避孕药]]></desc></option><option><id>C</id><type>text</type><desc><![CDATA[针剂避孕药]]></desc></option><option><id>D</id><type>text</type><desc><![CDATA[避孕套]]></desc></option><option><id>E</id><type>text</type><desc><![CDATA[皮下埋植法避孕]]></desc></option></options><answers><![CDATA[D]]></answers></question><question><type>1</type><format>html</format><desc><![CDATA[9.李女士，29岁，葡萄胎清宫术后出院，健康教育及随访内容<u><b>不正确</b></u>的是]]></desc><options><option><id>A</id><type>text</type><desc><![CDATA[必须监测hCG]]></desc></option><option><id>B</id><type>text</type><desc><![CDATA[观察有无咳嗽、咯血及阴道流血]]></desc></option><option><id>C</id><type>text</type><desc><![CDATA[做胸部X线片检查]]></desc></option><option><id>D</id><type>text</type><desc><![CDATA[做妇科检查]]></desc></option><option><id>E</id><type>text</type><desc><![CDATA[宜用宫内节育器避孕]]></desc></option></options><answers><![CDATA[E]]></answers></question><question><type>1</type><format>text</format><desc><![CDATA[10.某女士，30岁，因侵蚀性葡萄胎阴道转移病灶破溃出血收入院。护士应该紧急采取的措施是]]></desc><options><option><id>A</id><type>text</type><desc><![CDATA[阴道填塞长纱条压迫止血]]></desc></option><option><id>B</id><type>text</type><desc><![CDATA[静脉滴注止血药]]></desc></option><option><id>C</id><type>text</type><desc><![CDATA[局部注射化疗药]]></desc></option><option><id>D</id><type>text</type><desc><![CDATA[进行全身化疗]]></desc></option><option><id>E</id><type>text</type><desc><![CDATA[立即输血]]></desc></option></options><answers><![CDATA[A]]></answers></question><question><type>1</type><format>text</format><desc><![CDATA[11.48岁农妇，因侵蚀性葡萄胎行子宫切除。见子宫肌壁间有水泡样物，镜下见滋养细胞增生活跃。下列首选的治疗方法是]]></desc><options><option><id>A</id><type>text</type><desc><![CDATA[继续随访观察]]></desc></option><option><id>B</id><type>text</type><desc><![CDATA[放射治疗]]></desc></option><option><id>C</id><type>text</type><desc><![CDATA[化学药物治疗]]></desc></option><option><id>D</id><type>text</type><desc><![CDATA[抗感染治疗]]></desc></option><option><id>E</id><type>text</type><desc><![CDATA[免疫治疗]]></desc></option></options><answers><![CDATA[C]]></answers></question><question><type>1</type><format>text</format><desc><![CDATA[12.病人人工流产后3个月，阴道流血，尿妊娠试验阳性，胸部摄片见散在棉花团影，应诊断为]]></desc><options><option><id>A</id><type>text</type><desc><![CDATA[葡萄胎]]></desc></option><option><id>B</id><type>text</type><desc><![CDATA[侵蚀性葡萄胎]]></desc></option><option><id>C</id><type>text</type><desc><![CDATA[绒毛膜癌]]></desc></option><option><id>D</id><type>text</type><desc><![CDATA[吸宫不全]]></desc></option><option><id>E</id><type>text</type><desc><![CDATA[早孕]]></desc></option></options><answers><![CDATA[C]]></answers></question><question><type>1</type><format>text</format><desc><![CDATA[13.某女士，28岁，1年前自然流产1次。近2个月不规则阴道流血。妇科检查：子宫略饱满，两侧附件(一)，尿hCG阳性。B型超声检查提示：子宫后壁1.5cm占位性病变。可能的疾病为]]></desc><options><option><id>A</id><type>text</type><desc><![CDATA[先兆流产]]></desc></option><option><id>B</id><type>text</type><desc><![CDATA[葡萄胎]]></desc></option><option><id>C</id><type>text</type><desc><![CDATA[绒毛膜癌]]></desc></option><option><id>D</id><type>text</type><desc><![CDATA[妊娠合并卵巢囊肿]]></desc></option><option><id>E</id><type>text</type><desc><![CDATA[妊娠合并双侧附件炎]]></desc></option></options><answers><![CDATA[C]]></answers></question><question><type>1</type><format>html</format><desc><![CDATA[14.某妇女，人工流产及上环后，阴道流血1个月以上，取环后仍阴道流血至今3个月未净，近10天来咳嗽，痰中带血丝，查子宫稍大，质软，右上肺摄片有3cm直径球形阴影，HCG231<10<sup>3</sup>U／L，最可能的临床诊断是]]></desc><options><option><id>A</id><type>text</type><desc><![CDATA[完全流产并肺结核]]></desc></option><option><id>B</id><type>text</type><desc><![CDATA[侵蚀性葡萄胎并肺转移]]></desc></option><option><id>C</id><type>text</type><desc><![CDATA[绒癌肺转移]]></desc></option><option><id>D</id><type>text</type><desc><![CDATA[子宫内膜炎并肺部感染]]></desc></option><option><id>E</id><type>text</type><desc><![CDATA[早孕并肺部感染]]></desc></option></options><answers><![CDATA[C]]></answers></question><question><type>1</type><format>html</format><desc><![CDATA[15.某绒毛膜癌病人，在进行化学药物治疗的第2个周期出现口腔溃疡。以下<u>错误</u>的护理指导是]]></desc><options><option><id>A</id><type>text</type><desc><![CDATA[应保持口腔清洁，用软毛刷刷牙]]></desc></option><option><id>B</id><type>text</type><desc><![CDATA[避免刺激性食物]]></desc></option><option><id>C</id><type>text</type><desc><![CDATA[口腔溃疡可喷丁卡因溶液以减轻疼痛]]></desc></option><option><id>D</id><type>text</type><desc><![CDATA[嘱病人少做咽部活动，减少疼痛]]></desc></option><option><id>E</id><type>text</type><desc><![CDATA[进食温凉的流食或软食，少食多餐]]></desc></option></options><answers><![CDATA[D]]></answers></question><question><type>1</type><format>text</format><desc><![CDATA[16.张女士，50岁，绒毛膜癌术后3个月，在化学治疗过程中，病人出现脱发及皮肤色素沉着，护士应]]></desc><options><option><id>A</id><type>text</type><desc><![CDATA[立即报告医师处理]]></desc></option><option><id>B</id><type>text</type><desc><![CDATA[向病人解释停药后会消失]]></desc></option><option><id>C</id><type>text</type><desc><![CDATA[减少化学药物剂量]]></desc></option><option><id>D</id><type>text</type><desc><![CDATA[减慢输液速度]]></desc></option><option><id>E</id><type>text</type><desc><![CDATA[停止化学药物治疗]]></desc></option></options><answers><![CDATA[B]]></answers></question><question><type>1</type><format>html</format><desc><![CDATA[17.王女士，49岁，因绒毛膜癌肺转移行化学药物治疗，预防病人感染的护理，下列<u>不合适</u>的措施是]]></desc><options><option><id>A</id><type>text</type><desc><![CDATA[白细胞计数降至1.0×10<sup>9</sup>／L以下，限制探视]]></desc></option><option><id>B</id><type>text</type><desc><![CDATA[做好口腔护理]]></desc></option><option><id>C</id><type>text</type><desc><![CDATA[注意室内环境，防止病人着凉]]></desc></option><option><id>D</id><type>text</type><desc><![CDATA[保持皮肤清洁，防止压疮]]></desc></option><option><id>E</id><type>text</type><desc><![CDATA[依病情增加测量体温的次数]]></desc></option></options><answers><![CDATA[E]]></answers></question><question><type>1</type><format>text</format><desc><![CDATA[18.张女士，28岁，被确诊为绒毛膜癌，在化疗过程中需要为其进行保护性隔离的白细胞计数为降至]]></desc><options><option><id>A</id><type>text</type><desc><![CDATA[1.0×10<sup>9</sup>／L]]></desc></option><option><id>B</id><type>text</type><desc><![CDATA[2.0×10<sup>9</sup>／L]]></desc></option><option><id>C</id><type>text</type><desc><![CDATA[3.0×10<sup>9</sup>／L]]></desc></option><option><id>D</id><type>text</type><desc><![CDATA[4.0×10<sup>9</sup>／L]]></desc></option><option><id>E</id><type>text</type><desc><![CDATA[5.0×10<sup>9</sup>／L]]></desc></option></options><answers><![CDATA[A]]></answers></question><question><type>1</type><format>html</format><desc><![CDATA[19.王女士，进行动脉灌注化疗后，术后护士为其提供的护理措施<u>错误</u>的是]]></desc><options><option><id>A</id><type>text</type><desc><![CDATA[观察穿刺点有无渗血]]></desc></option><option><id>B</id><type>text</type><desc><![CDATA[沙袋压迫穿刺部位4小时]]></desc></option><option><id>C</id><type>text</type><desc><![CDATA[穿刺肢体制动8小时]]></desc></option><option><id>D</id><type>text</type><desc><![CDATA[卧床休息24小时]]></desc></option><option><id>E</id><type>text</type><desc><![CDATA[渗血者及时更换敷料]]></desc></option></options><answers><![CDATA[B]]></answers></question><question><type>1</type><format>html</format><desc><![CDATA[20.张女士，在化疗第2个周期时，出现血管条索状红、肿、痛，护士选择对侧血管进行输液，护士保护血管采取措施应<u>除外</u>]]></desc><options><option><id>A</id><type>text</type><desc><![CDATA[从血管远端开始有计划穿刺]]></desc></option><option><id>B</id><type>text</type><desc><![CDATA[先注入少量生理盐水，确保针头在静脉内]]></desc></option><option><id>C</id><type>text</type><desc><![CDATA[发现外渗立即停止滴入并给予热敷]]></desc></option><option><id>D</id><type>text</type><desc><![CDATA[化疗结束前用生理盐水冲管]]></desc></option><option><id>E</id><type>text</type><desc><![CDATA[建议使用PICC给药]]></desc></option></options><answers><![CDATA[C]]></answers></question></questions></exam>