﻿<?xml version="1.0" encoding="UTF-8"?><exam><id>20181129083344</id><questions><instructions><![CDATA[一、单项选择题]]></instructions><question><type>1</type><format>text</format><desc><![CDATA[1.肌瘤合并妊娠容易发生的变性类型是]]></desc><options><option><id>A</id><type>text</type><desc><![CDATA[肉瘤变]]></desc></option><option><id>B</id><type>text</type><desc><![CDATA[红色变性]]></desc></option><option><id>C</id><type>text</type><desc><![CDATA[囊性变]]></desc></option><option><id>D</id><type>text</type><desc><![CDATA[脂肪变性]]></desc></option><option><id>E</id><type>text</type><desc><![CDATA[玻璃样变性]]></desc></option></options><answers><![CDATA[D]]></answers></question><question><type>1</type><format>text</format><desc><![CDATA[2.关于子宫内膜癌，正确的是]]></desc><options><option><id>A</id><type>text</type><desc><![CDATA[多见于更年期妇女]]></desc></option><option><id>B</id><type>text</type><desc><![CDATA[较突出的症状是水样白带或血性白带增多]]></desc></option><option><id>C</id><type>text</type><desc><![CDATA[单纯放疗效果好]]></desc></option><option><id>D</id><type>text</type><desc><![CDATA[最有效的诊断方法是分段诊断性刮宫]]></desc></option><option><id>E</id><type>text</type><desc><![CDATA[晚期常采用大量雌激素治疗]]></desc></option></options><answers><![CDATA[D]]></answers></question><question><type>1</type><format>html</format><desc><![CDATA[3.对子宫内膜癌的患者，护理措施<u><b>不适宜</b></u>的是]]></desc><options><option><id>A</id><type>text</type><desc><![CDATA[进行心理护理，缓解患者的紧张焦虑]]></desc></option><option><id>B</id><type>text</type><desc><![CDATA[为患者提供安静的修养环境]]></desc></option><option><id>C</id><type>text</type><desc><![CDATA[认真做好手术前后的护理]]></desc></option><option><id>D</id><type>text</type><desc><![CDATA[必要时给予镇静剂]]></desc></option><option><id>E</id><type>text</type><desc><![CDATA[指导患者术后3个月复查一次]]></desc></option></options><answers><![CDATA[E]]></answers></question><question><type>1</type><format>text</format><desc><![CDATA[4.外阴癌的根治方法是]]></desc><options><option><id>A</id><type>text</type><desc><![CDATA[放射治疗]]></desc></option><option><id>B</id><type>text</type><desc><![CDATA[外阴病变处切除术]]></desc></option><option><id>C</id><type>text</type><desc><![CDATA[外阴病变处切除术加放疗]]></desc></option><option><id>D</id><type>text</type><desc><![CDATA[外阴根治术及双侧腹股沟深浅淋巴结清扫术]]></desc></option><option><id>E</id><type>text</type><desc><![CDATA[外阴根治术及双侧腹股沟深浅淋巴结盆腔淋巴结清扫术]]></desc></option></options><answers><![CDATA[D]]></answers></question><question><type>1</type><format>text</format><desc><![CDATA[5.关于外阴良性肿瘤正确的是]]></desc><options><option><id>A</id><type>text</type><desc><![CDATA[外阴良性肿瘤较少见但神经纤维瘤较常发生]]></desc></option><option><id>B</id><type>text</type><desc><![CDATA[平滑肌瘤多发在更年期见于大阴唇]]></desc></option><option><id>C</id><type>text</type><desc><![CDATA[乳头瘤镜下可见有增生鳞状上皮覆盖,5%到10%有恶变倾向]]></desc></option><option><id>D</id><type>text</type><desc><![CDATA[脂肪瘤生长缓慢较大时需手术切除]]></desc></option><option><id>E</id><type>text</type><desc><![CDATA[汗腺瘤恶性较多，活检确认后局部切除]]></desc></option></options><answers><![CDATA[D]]></answers></question><question><type>1</type><format>html</format><desc><![CDATA[6.卵巢肿瘤的并发症<u><b>错误</b></u>的是]]></desc><options><option><id>A</id><type>text</type><desc><![CDATA[蒂扭转]]></desc></option><option><id>B</id><type>text</type><desc><![CDATA[破裂]]></desc></option><option><id>C</id><type>text</type><desc><![CDATA[感染]]></desc></option><option><id>D</id><type>text</type><desc><![CDATA[恶变]]></desc></option><option><id>E</id><type>text</type><desc><![CDATA[不孕]]></desc></option></options><answers><![CDATA[E]]></answers></question><question><type>1</type><format>text</format><desc><![CDATA[7.初产妇，30岁，顺产后4天，发热伴急性腹痛入院。入院后妇科检查：腹部包块增大至脐部，妊娠期曾诊断为子宫肌瘤。根据病史，下列哪项诊断更为可能？]]></desc><options><option><id>A</id><type>text</type><desc><![CDATA[产褥感染]]></desc></option><option><id>B</id><type>text</type><desc><![CDATA[卵巢瘤蒂扭转]]></desc></option><option><id>C</id><type>text</type><desc><![CDATA[子宫肌瘤红色变]]></desc></option><option><id>D</id><type>text</type><desc><![CDATA[子宫肌瘤囊性变]]></desc></option><option><id>E</id><type>text</type><desc><![CDATA[子宫肌瘤肉瘤变]]></desc></option></options><answers><![CDATA[C]]></answers></question><question><type>1</type><format>text</format><desc><![CDATA[8.某女性，25岁，已婚未育，近期自述月经量较前稍微增多，检查为子宫黏膜下肌瘤，最恰当的处理是]]></desc><options><option><id>A</id><type>text</type><desc><![CDATA[密切观察，必要时行宫腔镜下子宫黏膜下肌瘤剔除术]]></desc></option><option><id>B</id><type>text</type><desc><![CDATA[开腹行子宫肌瘤剔除术]]></desc></option><option><id>C</id><type>text</type><desc><![CDATA[子宫肌瘤剔除术加子宫大部切除术]]></desc></option><option><id>D</id><type>text</type><desc><![CDATA[口服雄激素治疗]]></desc></option><option><id>E</id><type>text</type><desc><![CDATA[全子宫切除术]]></desc></option></options><answers><![CDATA[A]]></answers></question><question><type>1</type><format>text</format><desc><![CDATA[9．患者女性，46岁，阴道不规则流血半年。查宫颈呈菜花状，侵犯阴道，但未达阴道下1/3，侵犯宫旁，但未大盆壁，子宫正常，该患者为]]></desc><options><option><id>A</id><type>text</type><desc><![CDATA[宫颈原位癌]]></desc></option><option><id>B</id><type>text</type><desc><![CDATA[子宫颈癌Ⅱ期]]></desc></option><option><id>C</id><type>text</type><desc><![CDATA[子宫颈癌Ⅳ期]]></desc></option><option><id>D</id><type>text</type><desc><![CDATA[子宫颈癌Ⅲ期]]></desc></option><option><id>E</id><type>text</type><desc><![CDATA[子宫颈癌Ⅰ期]]></desc></option></options><answers><![CDATA[B]]></answers></question><question><type>1</type><format>html</format><desc><![CDATA[10.55岁妇女，已绝经2年，近期突然出现不规则阴道流血，经分段诊断性刮宫，确诊为子宫内膜癌，作为责任护士，<u><b>不适宜</b></u>的护理措施有]]></desc><options><option><id>A</id><type>text</type><desc><![CDATA[一般护理：指导饮食，提供安静舒适环境]]></desc></option><option><id>B</id><type>text</type><desc><![CDATA[做好病情观察]]></desc></option><option><id>C</id><type>text</type><desc><![CDATA[做好心理护理]]></desc></option><option><id>D</id><type>text</type><desc><![CDATA[健康指导]]></desc></option><option><id>E</id><type>text</type><desc><![CDATA[为了不引起患者过度恐慌，可以和家属在患者面前多讨论病情]]></desc></option></options><answers><![CDATA[E]]></answers></question><question><type>1</type><format>html</format><desc><![CDATA[11.患者女性，46岁，阴道不规则流血半年。查宫颈呈菜花状，侵犯阴道，但未达阴道下1/3，侵犯宫旁，但未大盆壁，子宫正常，该患者确诊为子宫颈癌，择期手术，术后定期随访，时间<u><b>不适宜</b></u>的是]]></desc><options><option><id>A</id><type>text</type><desc><![CDATA[出院后1个月第一次随访]]></desc></option><option><id>B</id><type>text</type><desc><![CDATA[第一年首次随访后每2～3个月一次]]></desc></option><option><id>C</id><type>text</type><desc><![CDATA[第2年每6月一次]]></desc></option><option><id>D</id><type>text</type><desc><![CDATA[第6年每年一次]]></desc></option><option><id>E</id><type>text</type><desc><![CDATA[以上都对]]></desc></option></options><answers><![CDATA[C]]></answers></question></questions></exam>