﻿<?xml version="1.0" encoding="UTF-8"?><exam><id>20181129082047</id><questions><instructions><![CDATA[一、单项选择题]]></instructions><question><type>1</type><format>html</format><desc><![CDATA[1.关于妊娠合并心脏病，<u><b>不正确</b></u>的是]]></desc><options><option><id>A</id><type>text</type><desc><![CDATA[妊娠合并心脏病是孕产妇死亡的主要原因之一]]></desc></option><option><id>B</id><type>text</type><desc><![CDATA[妊娠32～34周血容量增加达高峰]]></desc></option><option><id>C</id><type>text</type><desc><![CDATA[第二产程较第一产程，产妇心脏负担更重，第三产程心脏负担仍很重]]></desc></option><option><id>D</id><type>text</type><desc><![CDATA[产后2～3天心脏负担减轻]]></desc></option><option><id>E</id><type>text</type><desc><![CDATA[休息时心率大于110次/分，呼吸大于24次/分，出现自觉症状，提示早期心衰]]></desc></option></options><answers><![CDATA[D]]></answers></question><question><type>1</type><format>html</format><desc><![CDATA[2.关于妊娠合并病毒性肝炎，<u><b>不正确</b></u>的是]]></desc><options><option><id>A</id><type>text</type><desc><![CDATA[早孕反应加重]]></desc></option><option><id>B</id><type>text</type><desc><![CDATA[孕晚期易发妊娠期高血压疾病]]></desc></option><option><id>C</id><type>text</type><desc><![CDATA[易发产后出血]]></desc></option><option><id>D</id><type>text</type><desc><![CDATA[对胎儿无影响]]></desc></option><option><id>E</id><type>text</type><desc><![CDATA[妊娠加重肝脏负担，加重病情]]></desc></option></options><answers><![CDATA[D]]></answers></question><question><type>1</type><format>text</format><desc><![CDATA[3.妊娠期贫血最常见的原因是]]></desc><options><option><id>A</id><type>text</type><desc><![CDATA[营养不良]]></desc></option><option><id>B</id><type>text</type><desc><![CDATA[双胎妊娠]]></desc></option><option><id>C</id><type>text</type><desc><![CDATA[缺铁]]></desc></option><option><id>D</id><type>text</type><desc><![CDATA[叶酸缺乏]]></desc></option><option><id>E</id><type>text</type><desc><![CDATA[生理性贫血]]></desc></option></options><answers><![CDATA[C]]></answers></question><question><type>1</type><format>html</format><desc><![CDATA[4.女，23岁，孕20周，首次产前检查，发现轻度二尖瓣狭窄。其孕期保健措施<u><b>不正确</b></u>的是]]></desc><options><option><id>A</id><type>text</type><desc><![CDATA[每日至少睡眠10h，防止受凉感冒]]></desc></option><option><id>B</id><type>text</type><desc><![CDATA[给予低盐、易消化及无刺激饮食]]></desc></option><option><id>C</id><type>text</type><desc><![CDATA[增加产前检查次数]]></desc></option><option><id>D</id><type>text</type><desc><![CDATA[便秘者给予灌肠]]></desc></option><option><id>E</id><type>text</type><desc><![CDATA[心功能三级以上者，记出入液量]]></desc></option></options><answers><![CDATA[D]]></answers></question><question><type>1</type><format>html</format><desc><![CDATA[5.女，26岁，孕40周，临产。患心脏病，心脏功能Ⅱ级。护理措施<u><b>不正确</b></u>的是]]></desc><options><option><id>A</id><type>text</type><desc><![CDATA[第一产程注意配合宫缩用力]]></desc></option><option><id>B</id><type>text</type><desc><![CDATA[第二产程手术助产]]></desc></option><option><id>C</id><type>text</type><desc><![CDATA[第三产程，胎儿娩出后立即给予沙袋压迫腹部]]></desc></option><option><id>D</id><type>text</type><desc><![CDATA[积极推行母乳喂养，但应减少晚上哺乳次数]]></desc></option><option><id>E</id><type>text</type><desc><![CDATA[分娩住院时间可适当延长]]></desc></option></options><answers><![CDATA[A]]></answers></question><question><type>1</type><format>html</format><desc><![CDATA[6.女，26岁，孕39周，因合并急性病毒性肝炎入院待产。护理措施<u><b>不正确</b></u>的是]]></desc><options><option><id>A</id><type>text</type><desc><![CDATA[严格隔离，杜绝交叉感染]]></desc></option><option><id>B</id><type>text</type><desc><![CDATA[出入病房应用消毒水洗手]]></desc></option><option><id>C</id><type>text</type><desc><![CDATA[孕妇呕吐物、排泄物应严格消毒处理]]></desc></option><option><id>D</id><type>text</type><desc><![CDATA[新生儿不必与产妇隔离]]></desc></option><option><id>E</id><type>text</type><desc><![CDATA[新生儿应注射乙肝疫苗]]></desc></option></options><answers><![CDATA[D]]></answers></question><question><type>1</type><format>html</format><desc><![CDATA[7.女，30岁，妊娠38周，因“恶心、呕吐及食欲不振”来院检查，诊断为急性病毒性肝炎，入院待产。其处理<u><b>不正确</b></u>的是]]></desc><options><option><id>A</id><type>text</type><desc><![CDATA[立即终止妊娠]]></desc></option><option><id>B</id><type>text</type><desc><![CDATA[缩短第二产程]]></desc></option><option><id>C</id><type>text</type><desc><![CDATA[胎儿娩出后注射宫缩剂]]></desc></option><option><id>D</id><type>text</type><desc><![CDATA[产后母婴同室]]></desc></option><option><id>E</id><type>text</type><desc><![CDATA[新生儿按时注射乙肝疫苗]]></desc></option></options><answers><![CDATA[A]]></answers></question><question><type>1</type><format>html</format><desc><![CDATA[8.女，29岁，足月顺产一女活婴，合并急性病毒性肝炎，其产褥期护理<u><b>不正确</b></u>的是]]></desc><options><option><id>A</id><type>text</type><desc><![CDATA[加强接生用物的消毒]]></desc></option><option><id>B</id><type>text</type><desc><![CDATA[不宜哺乳，建议人工喂养]]></desc></option><option><id>C</id><type>text</type><desc><![CDATA[回奶时可用生麦芽煎服、乳房外敷芒硝以及雌激素口服等方法]]></desc></option><option><id>D</id><type>text</type><desc><![CDATA[新生儿隔离4周]]></desc></option><option><id>E</id><type>text</type><desc><![CDATA[乙肝表抗和e抗原阳性孕妇所分娩的新生儿采取被动免疫和主动免疫相结合的方法，以切断母婴传播]]></desc></option></options><answers><![CDATA[C]]></answers></question><question><type>1</type><format>html</format><desc><![CDATA[9.女，孕30周双胎妊娠，产检：血红蛋白为95g/L，血清铁为6.2μmmol/dl，考虑为缺铁性贫血。护士的解释，<u><b>不正确</b></u>的是]]></desc><options><option><id>A</id><type>text</type><desc><![CDATA[妊娠期血红蛋白＜100g/L即为病理性贫血]]></desc></option><option><id>B</id><type>text</type><desc><![CDATA[妊娠合并贫血最常见的原因为缺铁]]></desc></option><option><id>C</id><type>text</type><desc><![CDATA[孕妇缺铁，即可导致胎儿生长受限、早产和死胎等]]></desc></option><option><id>D</id><type>text</type><desc><![CDATA[建议摄入高铁、高蛋白与维生素C食物]]></desc></option><option><id>E</id><type>text</type><desc><![CDATA[指导正确服用铁剂的方法：饭后服用，同时可摄入维生素C或酸性果汁以助吸收]]></desc></option></options><answers><![CDATA[C]]></answers></question><question><type>1</type><format>html</format><desc><![CDATA[10.女，24岁，孕11周，早孕反应明显，孕前体质较差，偏食。检查：血红蛋白为91g/L，大细胞性贫血；血清叶酸为5.2nmmol/L，考虑为巨幼红细胞性贫血。护士的解释及指导，<u><b>不正确</b></u>的是]]></desc><options><option><id>A</id><type>text</type><desc><![CDATA[叶酸和（或）维生素B<sub>12</sub>缺乏引起的DNA合成障碍而发生的贫血，称为巨幼红细胞性贫血，又称营养性巨幼细胞性贫血]]></desc></option><option><id>B</id><type>text</type><desc><![CDATA[建议多摄取肉、奶类食物，以增加维生素B<sub>12</sub>的摄入]]></desc></option><option><id>C</id><type>text</type><desc><![CDATA[多摄入蔬菜有利于改善叶酸的缺乏]]></desc></option><option><id>D</id><type>text</type><desc><![CDATA[积极配合治疗，纠正贫血]]></desc></option><option><id>E</id><type>text</type><desc><![CDATA[有效的预防方法：孕前6月补充叶酸]]></desc></option></options><answers><![CDATA[E]]></answers></question></questions></exam>