{"_ZVING_RESULT":"[{\"id\":\"42758863\",\"pid\":\"0\",\"name\":\"第一章 绪论\",\"level\":\"0\",\"code\":\"42758862\",\"directorycode\":\"1\",\"directorytype\":\"body\"},{\"id\":\"42758865\",\"pid\":\"0\",\"name\":\"第二章 儿童生长发育\",\"level\":\"0\",\"code\":\"42758864\",\"directorycode\":\"2\",\"directorytype\":\"body\"},{\"id\":\"42758867\",\"pid\":\"0\",\"name\":\"第三章 儿童保健\",\"level\":\"0\",\"code\":\"42758866\",\"directorycode\":\"3\",\"directorytype\":\"body\"},{\"id\":\"42758869\",\"pid\":\"0\",\"name\":\"第四章 患病儿童护理及其家庭支持\",\"level\":\"0\",\"code\":\"42758868\",\"directorycode\":\"4\",\"directorytype\":\"body\"},{\"id\":\"42758871\",\"pid\":\"0\",\"name\":\"第五章 儿童营养与营养障碍性疾病患儿的护理\",\"level\":\"0\",\"code\":\"42758870\",\"directorycode\":\"5\",\"directorytype\":\"body\"},{\"id\":\"42758873\",\"pid\":\"0\",\"name\":\"第六章 新生儿与新生儿疾病患儿的护理\",\"level\":\"0\",\"code\":\"42758872\",\"directorycode\":\"6\",\"directorytype\":\"body\"},{\"id\":\"42758875\",\"pid\":\"0\",\"name\":\"第七章 消化系统疾病患儿的护理\",\"level\":\"0\",\"code\":\"42758874\",\"directorycode\":\"7\",\"directorytype\":\"body\"},{\"id\":\"42758877\",\"pid\":\"0\",\"name\":\"第八章 呼吸系统疾病患儿的护理\",\"level\":\"0\",\"code\":\"42758876\",\"directorycode\":\"8\",\"directorytype\":\"body\"},{\"id\":\"42758879\",\"pid\":\"0\",\"name\":\"第九章 循环系统疾病患儿的护理\",\"level\":\"0\",\"code\":\"42758878\",\"directorycode\":\"9\",\"directorytype\":\"body\"},{\"id\":\"42758881\",\"pid\":\"0\",\"name\":\"第十章 泌尿系统疾病患儿的护理\",\"level\":\"0\",\"code\":\"42758880\",\"directorycode\":\"10\",\"directorytype\":\"body\"},{\"id\":\"42758883\",\"pid\":\"0\",\"name\":\"第十一章 血液系统疾病患儿的护理\",\"level\":\"0\",\"code\":\"42758882\",\"directorycode\":\"11\",\"directorytype\":\"body\"},{\"id\":\"42758885\",\"pid\":\"0\",\"name\":\"第十二章 神经系统疾病患儿的护理\",\"level\":\"0\",\"code\":\"42758884\",\"directorycode\":\"12\",\"directorytype\":\"body\"},{\"id\":\"42758887\",\"pid\":\"0\",\"name\":\"第十三章 内分泌疾病患儿的护理\",\"level\":\"0\",\"code\":\"42758886\",\"directorycode\":\"13\",\"directorytype\":\"body\"},{\"id\":\"42758889\",\"pid\":\"0\",\"name\":\"第十四章 风湿性疾病患儿的护理\",\"level\":\"0\",\"code\":\"42758888\",\"directorycode\":\"14\",\"directorytype\":\"body\"},{\"id\":\"42758891\",\"pid\":\"0\",\"name\":\"第十五章 遗传代谢性疾病患儿的护理\",\"level\":\"0\",\"code\":\"42758890\",\"directorycode\":\"15\",\"directorytype\":\"body\"},{\"id\":\"42758893\",\"pid\":\"0\",\"name\":\"第十六章 结核病患儿的护理\",\"level\":\"0\",\"code\":\"42758892\",\"directorycode\":\"16\",\"directorytype\":\"body\"},{\"id\":\"42758895\",\"pid\":\"0\",\"name\":\"第十七章 儿科常用护理技术\",\"level\":\"0\",\"code\":\"42758894\",\"directorycode\":\"17\",\"directorytype\":\"body\"},{\"id\":\"42758897\",\"pid\":\"0\",\"name\":\"教学大纲\",\"level\":\"0\",\"code\":\"42758896\",\"directorycode\":\"18\",\"directorytype\":\"body\"}]","_ZVING_STATUS":"OK"}