﻿<?xml version="1.0" encoding="UTF-8"?><exam><id>20181018105947</id><questions><instructions><![CDATA[A1型题]]></instructions><question><type>1</type><format>text</format><desc><![CDATA[1.儿科护理学的任务是以下列哪项为中心的整体护理]]></desc><options><option><id>A</id><type>text</type><desc><![CDATA[患儿]]></desc></option><option><id>B</id><type>text</type><desc><![CDATA[患儿的父母亲]]></desc></option><option><id>C</id><type>text</type><desc><![CDATA[疾病]]></desc></option><option><id>D</id><type>text</type><desc><![CDATA[儿童及其家庭]]></desc></option><option><id>E</id><type>text</type><desc><![CDATA[患儿的家庭]]></desc></option></options><answers><![CDATA[D]]></answers></question><question><type>1</type><format>text</format><desc><![CDATA[2.新生儿期是指]]></desc><options><option><id>A</id><type>text</type><desc><![CDATA[从出生后脐带结扎到7天]]></desc></option><option><id>B</id><type>text</type><desc><![CDATA[从出生后脐带结扎到28天]]></desc></option><option><id>C</id><type>text</type><desc><![CDATA[从出生后脐带结扎到30天]]></desc></option><option><id>D</id><type>text</type><desc><![CDATA[从出生后胎儿娩出到1周岁]]></desc></option><option><id>E</id><type>text</type><desc><![CDATA[胎龄满28周至生后7天]]></desc></option></options><answers><![CDATA[B]]></answers></question><question><type>1</type><format>text</format><desc><![CDATA[3.幼儿期是指]]></desc><options><option><id>A</id><type>text</type><desc><![CDATA[从出生～1岁]]></desc></option><option><id>B</id><type>text</type><desc><![CDATA[从出生～2岁]]></desc></option><option><id>C</id><type>text</type><desc><![CDATA[1～3岁]]></desc></option><option><id>D</id><type>text</type><desc><![CDATA[3～5岁]]></desc></option><option><id>E</id><type>text</type><desc><![CDATA[4～6岁]]></desc></option></options><answers><![CDATA[C]]></answers></question><question><type>1</type><format>text</format><desc><![CDATA[4.儿童生长发育最快的时期是]]></desc><options><option><id>A</id><type>text</type><desc><![CDATA[新生儿期]]></desc></option><option><id>B</id><type>text</type><desc><![CDATA[婴儿期]]></desc></option><option><id>C</id><type>text</type><desc><![CDATA[幼儿期]]></desc></option><option><id>D</id><type>text</type><desc><![CDATA[学龄前期]]></desc></option><option><id>E</id><type>text</type><desc><![CDATA[学龄期]]></desc></option></options><answers><![CDATA[B]]></answers></question><question><type>1</type><format>text</format><desc><![CDATA[5.幼儿期的主要特点是]]></desc><options><option><id>A</id><type>text</type><desc><![CDATA[容易发生传染性疾病]]></desc></option><option><id>B</id><type>text</type><desc><![CDATA[容易发生意外伤害]]></desc></option><option><id>C</id><type>text</type><desc><![CDATA[容易患感染性疾病]]></desc></option><option><id>D</id><type>text</type><desc><![CDATA[生长发育最快]]></desc></option><option><id>E</id><type>text</type><desc><![CDATA[智力发育完善]]></desc></option></options><answers><![CDATA[B]]></answers></question><question><type>1</type><format>text</format><desc><![CDATA[6.儿童的自我概念形成的时期是]]></desc><options><option><id>A</id><type>text</type><desc><![CDATA[婴儿期]]></desc></option><option><id>B</id><type>text</type><desc><![CDATA[幼儿期]]></desc></option><option><id>C</id><type>text</type><desc><![CDATA[学龄前期]]></desc></option><option><id>D</id><type>text</type><desc><![CDATA[学龄期]]></desc></option><option><id>E</id><type>text</type><desc><![CDATA[青春期]]></desc></option></options><answers><![CDATA[B]]></answers></question><question><type>1</type><format>text</format><desc><![CDATA[7.学龄前期的主要特点是]]></desc><options><option><id>A</id><type>text</type><desc><![CDATA[自身免疫性疾病开始增多]]></desc></option><option><id>B</id><type>text</type><desc><![CDATA[除生殖系统外各器官发育接近成人]]></desc></option><option><id>C</id><type>text</type><desc><![CDATA[容易患传染性疾病和感染性疾病]]></desc></option><option><id>D</id><type>text</type><desc><![CDATA[营养完全依赖于母体]]></desc></option><option><id>E</id><type>text</type><desc><![CDATA[出现第二性征]]></desc></option></options><answers><![CDATA[A]]></answers></question><question><type>1</type><format>text</format><desc><![CDATA[8.对青春期孩子实施心理行为指导的重点是]]></desc><options><option><id>A</id><type>text</type><desc><![CDATA[对学校生活适应能力的培养]]></desc></option><option><id>B</id><type>text</type><desc><![CDATA[加强思想品德教育]]></desc></option><option><id>C</id><type>text</type><desc><![CDATA[预防疾病和意外教育]]></desc></option><option><id>D</id><type>text</type><desc><![CDATA[性心理教育]]></desc></option><option><id>E</id><type>text</type><desc><![CDATA[社会适应能力的培养]]></desc></option></options><answers><![CDATA[D]]></answers></question><question><type>1</type><format>text</format><desc><![CDATA[9.胎儿主要是通过胎盘从母体中获得]]></desc><options><option><id>A</id><type>text</type><desc><![CDATA[IgA]]></desc></option><option><id>B</id><type>text</type><desc><![CDATA[SIgA]]></desc></option><option><id>C</id><type>text</type><desc><![CDATA[IgG]]></desc></option><option><id>D</id><type>text</type><desc><![CDATA[IgE]]></desc></option><option><id>E</id><type>text</type><desc><![CDATA[IgM]]></desc></option></options><answers><![CDATA[C]]></answers></question><question><type>1</type><format>html</format><desc><![CDATA[10.儿童的身体机能特点<u>不包括</u>以下哪项]]></desc><options><option><id>A</id><type>text</type><desc><![CDATA[体格、智能处于不断发育中]]></desc></option><option><id>B</id><type>text</type><desc><![CDATA[营养需要量相对较成人多]]></desc></option><option><id>C</id><type>text</type><desc><![CDATA[免疫功能发育尚未成熟]]></desc></option><option><id>D</id><type>text</type><desc><![CDATA[不同年龄儿童有不同的生理生化参考值]]></desc></option><option><id>E</id><type>text</type><desc><![CDATA[不易出现腹泻等健康问题]]></desc></option></options><answers><![CDATA[E]]></answers></question><question><type>1</type><format>text</format><desc><![CDATA[11.儿童患病的临床特点不包括以下哪项]]></desc><options><option><id>A</id><type>text</type><desc><![CDATA[起病急]]></desc></option><option><id>B</id><type>text</type><desc><![CDATA[病情发展快]]></desc></option><option><id>C</id><type>text</type><desc><![CDATA[病情变化快]]></desc></option><option><id>D</id><type>text</type><desc><![CDATA[缺乏典型的症状和体征]]></desc></option><option><id>E</id><type>text</type><desc><![CDATA[不易发生并发症]]></desc></option></options><answers><![CDATA[E]]></answers></question></questions><questions><instructions><![CDATA[A2型题]]></instructions><question><type>2</type><format>text</format><desc><![CDATA[12.某正常儿童，体格生长稳步增长，智能发育趋于成熟，是接受文化教育的重要时期。请判断该儿童属于]]></desc><options><option><id>A</id><type>text</type><desc><![CDATA[婴儿期]]></desc></option><option><id>B</id><type>text</type><desc><![CDATA[幼儿期]]></desc></option><option><id>C</id><type>text</type><desc><![CDATA[学龄前期]]></desc></option><option><id>D</id><type>text</type><desc><![CDATA[学龄期]]></desc></option><option><id>E</id><type>text</type><desc><![CDATA[青春期]]></desc></option></options><answers><![CDATA[D]]></answers></question><question><type>2</type><format>text</format><desc><![CDATA[13.患儿，女，4岁。因病住院已经1周，护士不仅向她解释疾病的治疗和护理过程，同时还向其家长宣传科学育儿的知识，护士在这方面扮演的角色是]]></desc><options><option><id>A</id><type>text</type><desc><![CDATA[健康教育者]]></desc></option><option><id>B</id><type>text</type><desc><![CDATA[健康咨询者]]></desc></option><option><id>C</id><type>text</type><desc><![CDATA[健康协调者]]></desc></option><option><id>D</id><type>text</type><desc><![CDATA[护理计划者]]></desc></option><option><id>E</id><type>text</type><desc><![CDATA[患儿代言人]]></desc></option></options><answers><![CDATA[A]]></answers></question><question><type>2</type><format>html</format><desc><![CDATA[14.8个月男孩，家长带儿童到社区门诊进行健康体检。体重9kg，身高72cm，能独坐，会爬，两手会交叉换物。该期儿童的保健措施中<u>不包括</u>]]></desc><options><option><id>A</id><type>text</type><desc><![CDATA[提倡母乳喂养]]></desc></option><option><id>B</id><type>text</type><desc><![CDATA[合理添加辅食]]></desc></option><option><id>C</id><type>text</type><desc><![CDATA[实施计划免疫]]></desc></option><option><id>D</id><type>text</type><desc><![CDATA[加强早期教育]]></desc></option><option><id>E</id><type>text</type><desc><![CDATA[注意预防感染]]></desc></option></options><answers><![CDATA[D]]></answers></question></questions></exam>