﻿<?xml version="1.0" encoding="UTF-8"?><exam><id>20181018123112</id><questions><instructions><![CDATA[A1型题]]></instructions><question><type>1</type><format>html</format><desc><![CDATA[1.婴儿消化系统解剖特点，下列<u><b>不符合</b></u>的是]]></desc><options><option><id>A</id><type>text</type><desc><![CDATA[3～4个月时可出现生理性流涎]]></desc></option><option><id>B</id><type>text</type><desc><![CDATA[食管似漏斗状]]></desc></option><option><id>C</id><type>text</type><desc><![CDATA[贲门括约肌发育不成熟]]></desc></option><option><id>D</id><type>text</type><desc><![CDATA[胃呈水平位]]></desc></option><option><id>E</id><type>text</type><desc><![CDATA[肠道相对较短]]></desc></option></options><answers><![CDATA[E]]></answers></question><question><type>1</type><format>text</format><desc><![CDATA[2.婴儿发生溢乳的原因是]]></desc><options><option><id>A</id><type>text</type><desc><![CDATA[胃排空快]]></desc></option><option><id>B</id><type>text</type><desc><![CDATA[胃容量小]]></desc></option><option><id>C</id><type>text</type><desc><![CDATA[胃较垂直]]></desc></option><option><id>D</id><type>text</type><desc><![CDATA[幽门括约肌发育良好，贲门肌发育差]]></desc></option><option><id>E</id><type>text</type><desc><![CDATA[幽门括约肌发育差，贲门肌发育良好]]></desc></option></options><answers><![CDATA[D]]></answers></question><question><type>1</type><format>text</format><desc><![CDATA[3.有助于维护和修复小儿肠粘膜屏障功能的药物是]]></desc><options><option><id>A</id><type>text</type><desc><![CDATA[青霉素]]></desc></option><option><id>B</id><type>text</type><desc><![CDATA[黄连素]]></desc></option><option><id>C</id><type>text</type><desc><![CDATA[制霉菌素]]></desc></option><option><id>D</id><type>text</type><desc><![CDATA[蒙脱石散]]></desc></option><option><id>E</id><type>text</type><desc><![CDATA[双歧杆菌]]></desc></option></options><answers><![CDATA[D]]></answers></question><question><type>1</type><format>html</format><desc><![CDATA[4.护理腹泻患儿时，哪一项措施<u><b>不正确</b></u>]]></desc><options><option><id>A</id><type>text</type><desc><![CDATA[详细记录出入水量]]></desc></option><option><id>B</id><type>text</type><desc><![CDATA[加强臀部护理]]></desc></option><option><id>C</id><type>text</type><desc><![CDATA[腹胀时应注意有无低钾血症]]></desc></option><option><id>D</id><type>text</type><desc><![CDATA[急性腹泻早期应使用止泻剂]]></desc></option><option><id>E</id><type>text</type><desc><![CDATA[呕吐频繁者应禁食补液]]></desc></option></options><answers><![CDATA[D]]></answers></question><question><type>1</type><format>text</format><desc><![CDATA[11.儿童喂养中，若供给糖的比例过少，机体会氧化脂肪产能。此时，机体最可能出现的病理生理改变是]]></desc><options><option><id>A</id><type>text</type><desc><![CDATA[脱水]]></desc></option><option><id>B</id><type>text</type><desc><![CDATA[水中毒]]></desc></option><option><id>C</id><type>text</type><desc><![CDATA[酸中毒]]></desc></option><option><id>D</id><type>text</type><desc><![CDATA[碱中毒]]></desc></option><option><id>E</id><type>text</type><desc><![CDATA[氮质血症]]></desc></option></options><answers><![CDATA[C]]></answers></question><question><type>1</type><format>text</format><desc><![CDATA[6.下列符合口服补液的适应证为]]></desc><options><option><id>A</id><type>text</type><desc><![CDATA[休克]]></desc></option><option><id>B</id><type>text</type><desc><![CDATA[轻度脱水，无呕吐者]]></desc></option><option><id>C</id><type>text</type><desc><![CDATA[肾功能不全]]></desc></option><option><id>D</id><type>text</type><desc><![CDATA[心功能不全]]></desc></option><option><id>E</id><type>text</type><desc><![CDATA[明显腹胀]]></desc></option></options><answers><![CDATA[B]]></answers></question><question><type>1</type><format>html</format><desc><![CDATA[7.轮状病毒肠炎所致腹泻的临床特点<u><b>不包括</b></u>]]></desc><options><option><id>A</id><type>text</type><desc><![CDATA[多发生在秋、冬季]]></desc></option><option><id>B</id><type>text</type><desc><![CDATA[常伴上呼吸道感染症状]]></desc></option><option><id>C</id><type>text</type><desc><![CDATA[常伴腹痛，里急后重]]></desc></option><option><id>D</id><type>text</type><desc><![CDATA[全身感染中毒症状不明显]]></desc></option><option><id>E</id><type>text</type><desc><![CDATA[大便无腥臭味]]></desc></option></options><answers><![CDATA[C]]></answers></question><question><type>1</type><format>text</format><desc><![CDATA[8.脱水患儿经补液后血容量已恢复的主要临床表现是]]></desc><options><option><id>A</id><type>text</type><desc><![CDATA[皮肤弹性恢复]]></desc></option><option><id>B</id><type>text</type><desc><![CDATA[血压恢复正常]]></desc></option><option><id>C</id><type>text</type><desc><![CDATA[眼窝凹陷消失]]></desc></option><option><id>D</id><type>text</type><desc><![CDATA[口舌湿润，无口渴]]></desc></option><option><id>E</id><type>text</type><desc><![CDATA[尿量增加]]></desc></option></options><answers><![CDATA[E]]></answers></question></questions><questions><instructions><![CDATA[A2型题]]></instructions><question><type>2</type><format>html</format><desc><![CDATA[9.某患儿10个月，患病毒性肠炎入院，<u><b>不宜</b></u>进食的食物是]]></desc><options><option><id>A</id><type>text</type><desc><![CDATA[母乳]]></desc></option><option><id>B</id><type>text</type><desc><![CDATA[纯牛奶]]></desc></option><option><id>C</id><type>text</type><desc><![CDATA[发酵乳]]></desc></option><option><id>D</id><type>text</type><desc><![CDATA[无乳糖配方乳]]></desc></option><option><id>E</id><type>text</type><desc><![CDATA[豆制代乳品]]></desc></option></options><answers><![CDATA[B]]></answers></question><question><type>2</type><format>text</format><desc><![CDATA[10.患儿，男，1岁半。患口炎，食欲差，口腔黏膜有乳状物。患儿进食时口痛，护士应指导家长进食前为患儿涂]]></desc><options><option><id>A</id><type>text</type><desc><![CDATA[5％金霉素鱼肝油]]></desc></option><option><id>B</id><type>text</type><desc><![CDATA[2％利多卡因]]></desc></option><option><id>C</id><type>text</type><desc><![CDATA[3％过氧化氢]]></desc></option><option><id>D</id><type>text</type><desc><![CDATA[0.1％依沙吖啶]]></desc></option><option><id>E</id><type>text</type><desc><![CDATA[10万U/ml制霉菌素鱼肝油]]></desc></option></options><answers><![CDATA[B]]></answers></question><question><type>2</type><format>html</format><desc><![CDATA[10.患儿，男，11个月。呕吐、腹泻3天，补液治疗后患儿出现低血钾症状，护士遵医嘱为患儿补钾，下列处理<u><b>不正确</b></u>的是]]></desc><options><option><id>A</id><type>text</type><desc><![CDATA[患儿有尿后再进行补钾]]></desc></option><option><id>B</id><type>text</type><desc><![CDATA[必要时可将含钾液静脉缓慢推注]]></desc></option><option><id>C</id><type>text</type><desc><![CDATA[静脉补钾的浓度不超过0.3％]]></desc></option><option><id>D</id><type>text</type><desc><![CDATA[最好用输液泵控制输液速度]]></desc></option><option><id>E</id><type>text</type><desc><![CDATA[滴注速度不可过快]]></desc></option></options><answers><![CDATA[B]]></answers></question><question><type>2</type><format>text</format><desc><![CDATA[11.患儿，男，6个月。因间歇发热咳嗽半个月拟诊“支气管炎”给予口服头孢拉啶治疗，近2天发现口腔有白色点状乳凝块样物，不易拭去，护士在为患儿进行口腔护理时宜选择]]></desc><options><option><id>A</id><type>text</type><desc><![CDATA[来苏水]]></desc></option><option><id>B</id><type>text</type><desc><![CDATA[生理盐水]]></desc></option><option><id>C</id><type>text</type><desc><![CDATA[0.1％利凡诺]]></desc></option><option><id>D</id><type>text</type><desc><![CDATA[2％碳酸氢钠]]></desc></option><option><id>E</id><type>text</type><desc><![CDATA[3％过氧化氢]]></desc></option></options><answers><![CDATA[D]]></answers></question><question><type>2</type><format>text</format><desc><![CDATA[12.患儿，女，7个月。腹泻2天，稀水便，每日5～6次，呕吐2次，医生建议口服补液，护士指导家长正确的喂服方法是]]></desc><options><option><id>A</id><type>text</type><desc><![CDATA[少量多次]]></desc></option><option><id>B</id><type>text</type><desc><![CDATA[1次全量]]></desc></option><option><id>C</id><type>text</type><desc><![CDATA[配制后再加糖]]></desc></option><option><id>D</id><type>text</type><desc><![CDATA[服用期间不饮水]]></desc></option><option><id>E</id><type>text</type><desc><![CDATA[用等量水稀释]]></desc></option></options><answers><![CDATA[A]]></answers></question><question><type>2</type><format>html</format><desc><![CDATA[13.某9个月男婴，腹泻2天，大便每日15～16次，蛋花样，判断患儿脱水程度，需评估患儿下例项目，但<u><b>除外</b></u>]]></desc><options><option><id>A</id><type>text</type><desc><![CDATA[精神状态]]></desc></option><option><id>B</id><type>text</type><desc><![CDATA[尿量]]></desc></option><option><id>C</id><type>text</type><desc><![CDATA[肠鸣音]]></desc></option><option><id>D</id><type>text</type><desc><![CDATA[皮肤弹性]]></desc></option><option><id>E</id><type>text</type><desc><![CDATA[前囟]]></desc></option></options><answers><![CDATA[C]]></answers></question><question><type>2</type><format>text</format><desc><![CDATA[14.患儿，男，1岁6个月。患腹泻来就诊，家长的哪项表述提示护士需要进一步对家长进行健康教育]]></desc><options><option><id>A</id><type>text</type><desc><![CDATA[“我会适当减少给孩子的食物量”]]></desc></option><option><id>B</id><type>text</type><desc><![CDATA[“我会让孩子一次少吃一点”]]></desc></option><option><id>C</id><type>text</type><desc><![CDATA[“我会多给孩子吃点脂肪丰富的食物”]]></desc></option><option><id>D</id><type>text</type><desc><![CDATA[“我会给孩子用吸水性强的纸尿布”]]></desc></option><option><id>E</id><type>text</type><desc><![CDATA[“孩子每次大便后我会用温水帮孩子清洗臀部”]]></desc></option></options><answers><![CDATA[C]]></answers></question><question><type>2</type><format>text</format><desc><![CDATA[15.患儿，女，2岁，因腹泻2天入院，入院后护士遵医嘱给予补液200ml，该液体中最多可加入10％氯化钾]]></desc><options><option><id>A</id><type>text</type><desc><![CDATA[6ml]]></desc></option><option><id>B</id><type>text</type><desc><![CDATA[8ml]]></desc></option><option><id>C</id><type>text</type><desc><![CDATA[10ml]]></desc></option><option><id>D</id><type>text</type><desc><![CDATA[12ml]]></desc></option><option><id>E</id><type>text</type><desc><![CDATA[14ml]]></desc></option></options><answers><![CDATA[A]]></answers></question><question><type>2</type><format>text</format><desc><![CDATA[16.患儿，男，1岁。腹泻、呕吐4～5天，12小时无尿。查体：神志模糊，面色苍白，口唇樱桃红色，呼吸深快，前囟、眼窝深凹，无泪，皮肤弹性差，四肢冷，脉搏细弱。该患儿入院时最重要的措施是]]></desc><options><option><id>A</id><type>text</type><desc><![CDATA[暂停乳食，改为豆类代乳品]]></desc></option><option><id>B</id><type>text</type><desc><![CDATA[微生态制剂]]></desc></option><option><id>C</id><type>text</type><desc><![CDATA[控制肠道内感染]]></desc></option><option><id>D</id><type>text</type><desc><![CDATA[肠黏膜保护剂]]></desc></option><option><id>E</id><type>text</type><desc><![CDATA[纠正水、电解质紊乱]]></desc></option></options><answers><![CDATA[E]]></answers></question><question><type>2</type><format>text</format><desc><![CDATA[17.患儿，女，15个月。呕吐、腹泻4天，12小时无尿。查体：精神萎靡，前囟、眼窝凹陷，哭无泪，皮肤弹性差，四肢厥冷。首先的治疗应是]]></desc><options><option><id>A</id><type>text</type><desc><![CDATA[4:3:2液，150ml/kg,静脉滴注]]></desc></option><option><id>B</id><type>text</type><desc><![CDATA[1.4％碳酸氢钠，40ml/kg,静脉滴注]]></desc></option><option><id>C</id><type>text</type><desc><![CDATA[2:1等张含钠液，20ml/kg，静脉推注]]></desc></option><option><id>D</id><type>text</type><desc><![CDATA[3:2:1液，180ml/kg，静脉滴注]]></desc></option><option><id>E</id><type>text</type><desc><![CDATA[4:3:2液，180ml/kg，静脉滴注]]></desc></option></options><answers><![CDATA[C]]></answers></question><question><type>2</type><format>text</format><desc><![CDATA[18.患儿，女，8岁。因腹泻、呕吐入院，心电图Q-T间期延长，ST段水平压低，T波倒置，U波增高，最可能的病因是]]></desc><options><option><id>A</id><type>text</type><desc><![CDATA[高钾血症]]></desc></option><option><id>B</id><type>text</type><desc><![CDATA[低钾血症]]></desc></option><option><id>C</id><type>text</type><desc><![CDATA[高钙血症]]></desc></option><option><id>D</id><type>text</type><desc><![CDATA[洋地黄]]></desc></option><option><id>E</id><type>text</type><desc><![CDATA[洋地黄中毒]]></desc></option></options><answers><![CDATA[B]]></answers></question><question><type>2</type><format>text</format><desc><![CDATA[19.患儿，男，8个月。腹泻2天，大便每日10次，蛋花汤样，精神萎靡，眼泪少，尿少，呼吸快，唇红，血钠133mmol/L，皮肤弹性差。诊断为]]></desc><options><option><id>A</id><type>text</type><desc><![CDATA[轻度等渗脱水，酸中毒]]></desc></option><option><id>B</id><type>text</type><desc><![CDATA[中度低渗脱水，酸中毒]]></desc></option><option><id>C</id><type>text</type><desc><![CDATA[重度低渗脱水，酸中毒]]></desc></option><option><id>D</id><type>text</type><desc><![CDATA[中度等渗脱水，酸中毒]]></desc></option><option><id>E</id><type>text</type><desc><![CDATA[重度等渗脱水，酸中毒]]></desc></option></options><answers><![CDATA[D]]></answers></question><question><type>2</type><format>text</format><desc><![CDATA[20.患儿，男，2个月。因腹泻入院，近2日臀部皮肤发红，伴有皮疹，护理时应采取的措施是]]></desc><options><option><id>A</id><type>text</type><desc><![CDATA[便后冲洗臀部，吸干，涂软膏]]></desc></option><option><id>B</id><type>text</type><desc><![CDATA[涂龙胆紫]]></desc></option><option><id>C</id><type>text</type><desc><![CDATA[涂青霉素软膏]]></desc></option><option><id>D</id><type>text</type><desc><![CDATA[用塑料布包裹]]></desc></option><option><id>E</id><type>text</type><desc><![CDATA[保暖]]></desc></option></options><answers><![CDATA[A]]></answers></question><question><type>2</type><format>text</format><desc><![CDATA[21.患儿，女，8个月。因儿童腹泻入院。近2日来臀部局部皮肤发红，无皮疹，无溃疡。该患儿臀部清洗后涂药宜选择]]></desc><options><option><id>A</id><type>text</type><desc><![CDATA[皮炎平软膏]]></desc></option><option><id>B</id><type>text</type><desc><![CDATA[1％龙胆紫]]></desc></option><option><id>C</id><type>text</type><desc><![CDATA[硝酸咪康唑霜]]></desc></option><option><id>D</id><type>text</type><desc><![CDATA[5％鞣酸软膏]]></desc></option><option><id>E</id><type>text</type><desc><![CDATA[红霉素软膏]]></desc></option></options><answers><![CDATA[D]]></answers></question><question><type>2</type><format>text</format><desc><![CDATA[22.患儿，女，3个月，轻度腹泻，家长主诉给患儿清洁臀部时哭闹明显，护士进行健康评估时要特别注意患儿的]]></desc><options><option><id>A</id><type>text</type><desc><![CDATA[体温]]></desc></option><option><id>B</id><type>text</type><desc><![CDATA[呼吸]]></desc></option><option><id>C</id><type>text</type><desc><![CDATA[尿量]]></desc></option><option><id>D</id><type>text</type><desc><![CDATA[肛周皮肤]]></desc></option><option><id>E</id><type>text</type><desc><![CDATA[每日大便次数]]></desc></option></options><answers><![CDATA[D]]></answers></question><question><type>2</type><format>text</format><desc><![CDATA[23.患儿，女，3岁。半年来“感冒”反复发作，家长多次自行给予“阿司匹林”、“头孢拉定”、“阿莫西林”、“罗红霉素”等药物治疗。5天前患金黄色葡萄球菌肠炎入院，出院时护士对家长进行健康指导应特别强调]]></desc><options><option><id>A</id><type>text</type><desc><![CDATA[合理喂养]]></desc></option><option><id>B</id><type>text</type><desc><![CDATA[注意饮食卫生]]></desc></option><option><id>C</id><type>text</type><desc><![CDATA[多进行户外活动]]></desc></option><option><id>D</id><type>text</type><desc><![CDATA[注意儿童个人卫生]]></desc></option><option><id>E</id><type>text</type><desc><![CDATA[滥用抗生素的严重后果]]></desc></option></options><answers><![CDATA[E]]></answers></question></questions></exam>