﻿<?xml version="1.0" encoding="UTF-8"?><exam><id>20181018124424</id><questions><instructions><![CDATA[A1型题]]></instructions><question><type>1</type><format>text</format><desc><![CDATA[1.心脏胚胎发育的关键时期是]]></desc><options><option><id>A</id><type>text</type><desc><![CDATA[妊娠第1周]]></desc></option><option><id>B</id><type>text</type><desc><![CDATA[妊娠第2周]]></desc></option><option><id>C</id><type>text</type><desc><![CDATA[妊娠2～6周]]></desc></option><option><id>D</id><type>text</type><desc><![CDATA[妊娠2～8周]]></desc></option><option><id>E</id><type>text</type><desc><![CDATA[妊娠8～12周]]></desc></option></options><answers><![CDATA[D]]></answers></question><question><type>1</type><format>text</format><desc><![CDATA[2.测量儿童血压时，血压计袖带的宽度应为上臂长度的]]></desc><options><option><id>A</id><type>text</type><desc><![CDATA[1/4]]></desc></option><option><id>B</id><type>text</type><desc><![CDATA[2/5]]></desc></option><option><id>C</id><type>text</type><desc><![CDATA[1/2]]></desc></option><option><id>D</id><type>text</type><desc><![CDATA[1/2～2/3]]></desc></option><option><id>E</id><type>text</type><desc><![CDATA[1/3]]></desc></option></options><answers><![CDATA[D]]></answers></question><question><type>1</type><format>text</format><desc><![CDATA[3.2岁后儿童收缩压（mmHg）的计算公式是]]></desc><options><option><id>A</id><type>text</type><desc><![CDATA[年龄×2＋60]]></desc></option><option><id>B</id><type>text</type><desc><![CDATA[年龄×3＋60]]></desc></option><option><id>C</id><type>text</type><desc><![CDATA[年龄×2＋70]]></desc></option><option><id>D</id><type>text</type><desc><![CDATA[年龄×2＋80]]></desc></option><option><id>E</id><type>text</type><desc><![CDATA[年龄×3＋80]]></desc></option></options><answers><![CDATA[D]]></answers></question><question><type>1</type><format>text</format><desc><![CDATA[4.目前认为先天性心脏病的病因主要是因为]]></desc><options><option><id>A</id><type>text</type><desc><![CDATA[接触大剂量放射线]]></desc></option><option><id>B</id><type>text</type><desc><![CDATA[宫内病毒感染]]></desc></option><option><id>C</id><type>text</type><desc><![CDATA[饮酒、吸食毒品]]></desc></option><option><id>D</id><type>text</type><desc><![CDATA[宫内缺氧]]></desc></option><option><id>E</id><type>text</type><desc><![CDATA[胎盘早剥]]></desc></option></options><answers><![CDATA[B]]></answers></question><question><type>1</type><format>text</format><desc><![CDATA[5.最常见的青紫型先天性心脏病是]]></desc><options><option><id>A</id><type>text</type><desc><![CDATA[室间隔缺损]]></desc></option><option><id>B</id><type>text</type><desc><![CDATA[房间隔缺损]]></desc></option><option><id>C</id><type>text</type><desc><![CDATA[动脉导管未闭]]></desc></option><option><id>D</id><type>text</type><desc><![CDATA[法洛四联症]]></desc></option><option><id>E</id><type>text</type><desc><![CDATA[动脉瓣狭窄]]></desc></option></options><answers><![CDATA[D]]></answers></question><question><type>1</type><format>text</format><desc><![CDATA[6.属于左向右分流型先天性心脏病的是]]></desc><options><option><id>A</id><type>text</type><desc><![CDATA[右位心]]></desc></option><option><id>B</id><type>text</type><desc><![CDATA[主动脉狭窄]]></desc></option><option><id>C</id><type>text</type><desc><![CDATA[房间隔缺损]]></desc></option><option><id>D</id><type>text</type><desc><![CDATA[法洛四联症]]></desc></option><option><id>E</id><type>text</type><desc><![CDATA[肺动脉狭窄]]></desc></option></options><answers><![CDATA[C]]></answers></question><question><type>1</type><format>text</format><desc><![CDATA[7.法洛四联症的心脏畸形中最重要的是]]></desc><options><option><id>A</id><type>text</type><desc><![CDATA[肺动脉狭窄]]></desc></option><option><id>B</id><type>text</type><desc><![CDATA[主动脉骑跨]]></desc></option><option><id>C</id><type>text</type><desc><![CDATA[室间隔缺损]]></desc></option><option><id>D</id><type>text</type><desc><![CDATA[右心室肥厚]]></desc></option><option><id>E</id><type>text</type><desc><![CDATA[主动脉缩窄]]></desc></option></options><answers><![CDATA[A]]></answers></question><question><type>1</type><format>text</format><desc><![CDATA[8.先天性心脏病仅出现下半身青紫、杵状趾时，首先考虑是]]></desc><options><option><id>A</id><type>text</type><desc><![CDATA[室间隔缺损]]></desc></option><option><id>B</id><type>text</type><desc><![CDATA[房间隔缺损]]></desc></option><option><id>C</id><type>text</type><desc><![CDATA[动脉导管未闭]]></desc></option><option><id>D</id><type>text</type><desc><![CDATA[法洛四联症]]></desc></option><option><id>E</id><type>text</type><desc><![CDATA[艾森曼格综合征]]></desc></option></options><answers><![CDATA[C]]></answers></question><question><type>1</type><format>text</format><desc><![CDATA[9.肺门“舞蹈”征可常见于以下哪种心脏病]]></desc><options><option><id>A</id><type>text</type><desc><![CDATA[肺动脉狭窄]]></desc></option><option><id>B</id><type>text</type><desc><![CDATA[法洛四联症]]></desc></option><option><id>C</id><type>text</type><desc><![CDATA[室间隔缺损]]></desc></option><option><id>D</id><type>text</type><desc><![CDATA[右位心]]></desc></option><option><id>E</id><type>text</type><desc><![CDATA[主动脉缩窄]]></desc></option></options><answers><![CDATA[C]]></answers></question><question><type>1</type><format>text</format><desc><![CDATA[10.病毒性心肌炎急性期至少卧床休息多长时间]]></desc><options><option><id>A</id><type>text</type><desc><![CDATA[热退后1～2周]]></desc></option><option><id>B</id><type>text</type><desc><![CDATA[热退后2～3周]]></desc></option><option><id>C</id><type>text</type><desc><![CDATA[热退后1～3周]]></desc></option><option><id>D</id><type>text</type><desc><![CDATA[热退后3～4周]]></desc></option><option><id>E</id><type>text</type><desc><![CDATA[热退后5～6周]]></desc></option></options><answers><![CDATA[D]]></answers></question><question><type>1</type><format>html</format><desc><![CDATA[11.关于先天性心脏病儿童的个性心理特征表现，<u><b>错误</b></u>的是]]></desc><options><option><id>A</id><type>text</type><desc><![CDATA[性格内向]]></desc></option><option><id>B</id><type>text</type><desc><![CDATA[情绪不稳定、不自信]]></desc></option><option><id>C</id><type>text</type><desc><![CDATA[依赖心理增强]]></desc></option><option><id>D</id><type>text</type><desc><![CDATA[明显的恐惧感]]></desc></option><option><id>E</id><type>text</type><desc><![CDATA[记忆力强]]></desc></option></options><answers><![CDATA[E]]></answers></question><question><type>1</type><format>text</format><desc><![CDATA[12.左向右分流型先天性心脏病最常见的并发症是]]></desc><options><option><id>A</id><type>text</type><desc><![CDATA[脑出血]]></desc></option><option><id>B</id><type>text</type><desc><![CDATA[脑栓塞]]></desc></option><option><id>C</id><type>text</type><desc><![CDATA[脑脓肿]]></desc></option><option><id>D</id><type>text</type><desc><![CDATA[呼吸衰竭]]></desc></option><option><id>E</id><type>text</type><desc><![CDATA[呼吸道感染]]></desc></option></options><answers><![CDATA[E]]></answers></question><question><type>1</type><format>text</format><desc><![CDATA[13.心力衰竭患儿正确的饮食指导是]]></desc><options><option><id>A</id><type>text</type><desc><![CDATA[低脂饮食]]></desc></option><option><id>B</id><type>text</type><desc><![CDATA[低盐饮食]]></desc></option><option><id>C</id><type>text</type><desc><![CDATA[半流食]]></desc></option><option><id>D</id><type>text</type><desc><![CDATA[普通饮食]]></desc></option><option><id>E</id><type>text</type><desc><![CDATA[无渣饮食]]></desc></option></options><answers><![CDATA[B]]></answers></question><question><type>1</type><format>text</format><desc><![CDATA[14.法洛四联症患儿缺氧发作时首选药物是]]></desc><options><option><id>A</id><type>text</type><desc><![CDATA[普萘洛尔]]></desc></option><option><id>B</id><type>text</type><desc><![CDATA[抗生素]]></desc></option><option><id>C</id><type>text</type><desc><![CDATA[利尿剂]]></desc></option><option><id>D</id><type>text</type><desc><![CDATA[碳酸氢钠]]></desc></option><option><id>E</id><type>text</type><desc><![CDATA[地高辛]]></desc></option></options><answers><![CDATA[A]]></answers></question><question><type>1</type><format>text</format><desc><![CDATA[15.心衰患儿发生洋地黄中毒时，护士应采取的措施是]]></desc><options><option><id>A</id><type>text</type><desc><![CDATA[调慢输液速度]]></desc></option><option><id>B</id><type>text</type><desc><![CDATA[给患儿吸入乙醇湿化的氧气]]></desc></option><option><id>C</id><type>text</type><desc><![CDATA[禁食以减轻胃肠道负担]]></desc></option><option><id>D</id><type>text</type><desc><![CDATA[暂停使用强心苷并通知医生]]></desc></option><option><id>E</id><type>text</type><desc><![CDATA[密切观察患儿心率变化]]></desc></option></options><answers><![CDATA[D]]></answers></question></questions><questions><instructions><![CDATA[A2型题]]></instructions><question><type>2</type><format>text</format><desc><![CDATA[16.患儿，女，4个月。因肺炎入院，医嘱给予心电监护，安静状态下患儿的呼吸为37次/分，心率129次/分，护士对监测结果判断正确的是]]></desc><options><option><id>A</id><type>text</type><desc><![CDATA[心率、呼吸均正常]]></desc></option><option><id>B</id><type>text</type><desc><![CDATA[心率增快，呼吸增快]]></desc></option><option><id>C</id><type>text</type><desc><![CDATA[心率正常，呼吸增快]]></desc></option><option><id>D</id><type>text</type><desc><![CDATA[心率减慢，呼喊正常]]></desc></option><option><id>E</id><type>text</type><desc><![CDATA[心率减慢，呼吸减慢]]></desc></option></options><answers><![CDATA[A]]></answers></question><question><type>2</type><format>text</format><desc><![CDATA[17.患儿，女，2岁。出生时曾诊断为法洛四联症。近3天来患儿出现呕吐、腹泻。首选的护理措施是]]></desc><options><option><id>A</id><type>text</type><desc><![CDATA[按医嘱给予抗生素治疗]]></desc></option><option><id>B</id><type>text</type><desc><![CDATA[补充液体]]></desc></option><option><id>C</id><type>text</type><desc><![CDATA[吸氧]]></desc></option><option><id>D</id><type>text</type><desc><![CDATA[卧床休息]]></desc></option><option><id>E</id><type>text</type><desc><![CDATA[禁食]]></desc></option></options><answers><![CDATA[B]]></answers></question><question><type>2</type><format>html</format><desc><![CDATA[18.患儿，男，11个月。生长发育迟缓，吸吮无力，紫绀，活动后气促，时有呼吸困难。初步诊断为法洛四联症。以下护理措施<u><b>不当</b></u>的是]]></desc><options><option><id>A</id><type>text</type><desc><![CDATA[吃奶前吸氧]]></desc></option><option><id>B</id><type>text</type><desc><![CDATA[乳头孔宜小，避免呛咳]]></desc></option><option><id>C</id><type>text</type><desc><![CDATA[宜少食多餐]]></desc></option><option><id>D</id><type>text</type><desc><![CDATA[护理操作集中进行，减少对患儿的不良刺激]]></desc></option><option><id>E</id><type>text</type><desc><![CDATA[缺氧严重时，应采用膝胸卧位]]></desc></option></options><answers><![CDATA[B]]></answers></question><question><type>2</type><format>text</format><desc><![CDATA[19.患儿，男，8岁。动脉导管未闭，伴慢性扁桃体炎，准备切除扁桃体，术前准备最重要的是]]></desc><options><option><id>A</id><type>text</type><desc><![CDATA[卧床休息]]></desc></option><option><id>B</id><type>text</type><desc><![CDATA[预防感冒]]></desc></option><option><id>C</id><type>text</type><desc><![CDATA[按医嘱给予抗生素]]></desc></option><option><id>D</id><type>text</type><desc><![CDATA[按医嘱给予镇静剂]]></desc></option><option><id>E</id><type>text</type><desc><![CDATA[服用洋地黄制剂]]></desc></option></options><answers><![CDATA[C]]></answers></question><question><type>2</type><format>text</format><desc><![CDATA[20.患儿，女，1岁。消瘦，哭闹时青紫，平静后青紫消失。查体：胸骨左缘2～3肋间可闻及收缩期杂音，肺动脉瓣区第二心音亢进，并固定分裂。该患儿最可能的诊断是]]></desc><options><option><id>A</id><type>text</type><desc><![CDATA[室间隔缺损]]></desc></option><option><id>B</id><type>text</type><desc><![CDATA[房间隔缺损]]></desc></option><option><id>C</id><type>text</type><desc><![CDATA[动脉导管未闭]]></desc></option><option><id>D</id><type>text</type><desc><![CDATA[法洛四联症]]></desc></option><option><id>E</id><type>text</type><desc><![CDATA[主动脉狭窄]]></desc></option></options><answers><![CDATA[B]]></answers></question><question><type>2</type><format>text</format><desc><![CDATA[21.患儿，男，1岁。诊断为室间隔缺损。3天前出现发热，咳嗽，近1天来咳嗽、呼吸急促，三凹征明显，尿少，急诊入院。查体：T38℃，P160次/分，R35次/分，肝肋下5cm；诊断为室间隔缺损合并心力衰竭，服用强心苷时，正确的护理措施是]]></desc><options><option><id>A</id><type>text</type><desc><![CDATA[服药前数脉搏15秒]]></desc></option><option><id>B</id><type>text</type><desc><![CDATA[服药前数脉搏60秒]]></desc></option><option><id>C</id><type>text</type><desc><![CDATA[服药后数脉搏60秒]]></desc></option><option><id>D</id><type>text</type><desc><![CDATA[服药后数脉搏80秒]]></desc></option><option><id>E</id><type>text</type><desc><![CDATA[服药后数脉搏90秒]]></desc></option></options><answers><![CDATA[C]]></answers></question><question><type>2</type><format>text</format><desc><![CDATA[22.患儿，男，3岁。发现心脏杂音，确诊室间隔缺损。近日来，患儿无诱因出现持续性青紫，该患儿可能出现]]></desc><options><option><id>A</id><type>text</type><desc><![CDATA[差异性青紫]]></desc></option><option><id>B</id><type>text</type><desc><![CDATA[呼吸衰竭]]></desc></option><option><id>C</id><type>text</type><desc><![CDATA[心力衰竭]]></desc></option><option><id>D</id><type>text</type><desc><![CDATA[缺血缺氧性脑病]]></desc></option><option><id>E</id><type>text</type><desc><![CDATA[艾森曼格综合征]]></desc></option></options><answers><![CDATA[E]]></answers></question><question><type>2</type><format>text</format><desc><![CDATA[23.患儿，男，7岁。从小体弱、易累、消瘦，易患感冒，曾患过3次肺炎。查体：胸骨左缘第2肋间可闻及粗糙的连续性机器样杂音，有毛细血管搏动及股动脉枪击音。该患儿可能是]]></desc><options><option><id>A</id><type>text</type><desc><![CDATA[室间隔缺损]]></desc></option><option><id>B</id><type>text</type><desc><![CDATA[房间隔缺损]]></desc></option><option><id>C</id><type>text</type><desc><![CDATA[动脉导管未闭]]></desc></option><option><id>D</id><type>text</type><desc><![CDATA[法洛四联症]]></desc></option><option><id>E</id><type>text</type><desc><![CDATA[肺动脉狭窄]]></desc></option></options><answers><![CDATA[C]]></answers></question><question><type>2</type><format>text</format><desc><![CDATA[24.患儿，男，3岁。从生后3个月开始出现口唇青紫，并逐渐加重，活动后喜蹲踞。查体：胸骨左缘第2～4肋间有Ⅲ级粗糙的收缩期喷射性杂音，肺动脉瓣区第二心音明显减弱。该患儿最有可能的诊断是]]></desc><options><option><id>A</id><type>text</type><desc><![CDATA[室间隔缺损]]></desc></option><option><id>B</id><type>text</type><desc><![CDATA[房间隔缺损]]></desc></option><option><id>C</id><type>text</type><desc><![CDATA[动脉导管未闭]]></desc></option><option><id>D</id><type>text</type><desc><![CDATA[大动脉错位]]></desc></option><option><id>E</id><type>text</type><desc><![CDATA[法洛四联症]]></desc></option></options><answers><![CDATA[E]]></answers></question><question><type>2</type><format>text</format><desc><![CDATA[25.患儿，男，4岁。自幼青紫，生长发育落后，杵状指，喜蹲踞，诊断为法洛四联症。20分钟前，在剧烈活动后突然发生昏厥，可能为]]></desc><options><option><id>A</id><type>text</type><desc><![CDATA[癫痫]]></desc></option><option><id>B</id><type>text</type><desc><![CDATA[重度贫血]]></desc></option><option><id>C</id><type>text</type><desc><![CDATA[缺氧发作]]></desc></option><option><id>D</id><type>text</type><desc><![CDATA[呼吸衰竭]]></desc></option><option><id>E</id><type>text</type><desc><![CDATA[心力衰竭]]></desc></option></options><answers><![CDATA[C]]></answers></question><question><type>2</type><format>text</format><desc><![CDATA[26.患儿，男，3岁。自幼青紫，生长发育落后，杵状指，喜蹲踞，诊断为法洛四联症。20分钟前，剧烈活动后，突然发生昏厥，可能是缺氧发作，此时护理应采取的卧位是]]></desc><options><option><id>A</id><type>text</type><desc><![CDATA[平卧位]]></desc></option><option><id>B</id><type>text</type><desc><![CDATA[俯卧位]]></desc></option><option><id>C</id><type>text</type><desc><![CDATA[膝胸卧位]]></desc></option><option><id>D</id><type>text</type><desc><![CDATA[头高脚低位]]></desc></option><option><id>E</id><type>text</type><desc><![CDATA[头低脚高位]]></desc></option></options><answers><![CDATA[C]]></answers></question><question><type>2</type><format>text</format><desc><![CDATA[27.患儿，女，3岁。自幼发现心脏杂音，经常患肺炎，查体胸骨左缘第3～4肋间闻及Ⅳ级粗超收缩期杂音，心电图示左心室及右心室均肥大，X线片示肺血多。该患儿所患疾病可能是]]></desc><options><option><id>A</id><type>text</type><desc><![CDATA[室间隔缺损]]></desc></option><option><id>B</id><type>text</type><desc><![CDATA[房间隔缺损]]></desc></option><option><id>C</id><type>text</type><desc><![CDATA[动脉导管未闭]]></desc></option><option><id>D</id><type>text</type><desc><![CDATA[法洛四联症]]></desc></option><option><id>E</id><type>text</type><desc><![CDATA[肺动脉狭窄]]></desc></option></options><answers><![CDATA[A]]></answers></question><question><type>2</type><format>text</format><desc><![CDATA[28.患儿，男，1个月。发现心脏杂音，哭吵后，口周青紫，无抽搐。查体：胸骨左缘第1～2肋间闻及Ⅲ级收缩期杂音，周围血管征阳性，胸片示肺血增多，可能的诊断是动脉导管未闭。该患儿首选治疗药物是]]></desc><options><option><id>A</id><type>text</type><desc><![CDATA[抗生素]]></desc></option><option><id>B</id><type>text</type><desc><![CDATA[利尿剂]]></desc></option><option><id>C</id><type>text</type><desc><![CDATA[氧气吸入]]></desc></option><option><id>D</id><type>text</type><desc><![CDATA[吲哚美辛（消炎痛）]]></desc></option><option><id>E</id><type>text</type><desc><![CDATA[血管扩张剂]]></desc></option></options><answers><![CDATA[D]]></answers></question><question><type>2</type><format>text</format><desc><![CDATA[29.患儿，女，4岁。患室间隔缺损，病情较重，平时需用地高辛维持心功能。现患儿因上感后诱发急性心力衰竭，按医嘱用西地兰，患儿出现恶心、呕吐、视力模糊。上述临床表现的原因是]]></desc><options><option><id>A</id><type>text</type><desc><![CDATA[上感加重]]></desc></option><option><id>B</id><type>text</type><desc><![CDATA[胃肠感染]]></desc></option><option><id>C</id><type>text</type><desc><![CDATA[急性心力衰竭加重]]></desc></option><option><id>D</id><type>text</type><desc><![CDATA[洋地黄中毒的反应]]></desc></option><option><id>E</id><type>text</type><desc><![CDATA[室间隔缺损的表现]]></desc></option></options><answers><![CDATA[D]]></answers></question></questions></exam>