﻿<?xml version="1.0" encoding="UTF-8"?><exam><id>20181018110537</id><questions><instructions><![CDATA[A1型题]]></instructions><question><type>1</type><format>text</format><desc><![CDATA[1.最能反映儿童营养状况的体格发育指标是]]></desc><options><option><id>A</id><type>text</type><desc><![CDATA[牙齿]]></desc></option><option><id>B</id><type>text</type><desc><![CDATA[头围]]></desc></option><option><id>C</id><type>text</type><desc><![CDATA[胸围]]></desc></option><option><id>D</id><type>text</type><desc><![CDATA[身长]]></desc></option><option><id>E</id><type>text</type><desc><![CDATA[体重]]></desc></option></options><answers><![CDATA[E]]></answers></question><question><type>1</type><format>text</format><desc><![CDATA[2.上部量等于下部量的年龄是]]></desc><options><option><id>A</id><type>text</type><desc><![CDATA[1岁]]></desc></option><option><id>B</id><type>text</type><desc><![CDATA[3岁]]></desc></option><option><id>C</id><type>text</type><desc><![CDATA[6岁]]></desc></option><option><id>D</id><type>text</type><desc><![CDATA[12岁]]></desc></option><option><id>E</id><type>text</type><desc><![CDATA[18岁]]></desc></option></options><answers><![CDATA[D]]></answers></question><question><type>1</type><format>text</format><desc><![CDATA[3.下列1岁儿童发育指标中正常的一项是]]></desc><options><option><id>A</id><type>text</type><desc><![CDATA[体重7.5Kg、身长72cm、头围44cm、胸围44cm]]></desc></option><option><id>B</id><type>text</type><desc><![CDATA[体重7.5Kg、身长75cm、头围46cm、胸围45cm]]></desc></option><option><id>C</id><type>text</type><desc><![CDATA[体重8.0Kg、身长75cm、头围46cm、胸围46cm]]></desc></option><option><id>D</id><type>text</type><desc><![CDATA[体重9.0Kg、身长75cm、头围46cm、胸围46cm]]></desc></option><option><id>E</id><type>text</type><desc><![CDATA[体重9.0Kg、身长75cm、头围46cm、胸围46cm]]></desc></option></options><answers><![CDATA[D]]></answers></question><question><type>1</type><format>text</format><desc><![CDATA[4.乳牙萌出延迟是指]]></desc><options><option><id>A</id><type>text</type><desc><![CDATA[4月龄儿童未萌出乳牙]]></desc></option><option><id>B</id><type>text</type><desc><![CDATA[6月龄儿童未萌出乳牙]]></desc></option><option><id>C</id><type>text</type><desc><![CDATA[8月龄儿童未萌出乳牙]]></desc></option><option><id>D</id><type>text</type><desc><![CDATA[11月龄儿童未萌出乳牙]]></desc></option><option><id>E</id><type>text</type><desc><![CDATA[13月龄儿童未萌出乳牙]]></desc></option></options><answers><![CDATA[E]]></answers></question><question><type>1</type><format>html</format><desc><![CDATA[5.下列5岁儿童生长发育指标中属于<u><b>不正常</b></u>的是]]></desc><options><option><id>A</id><type>text</type><desc><![CDATA[体重18kg]]></desc></option><option><id>B</id><type>text</type><desc><![CDATA[身高105cm]]></desc></option><option><id>C</id><type>text</type><desc><![CDATA[乳牙20枚]]></desc></option><option><id>D</id><type>text</type><desc><![CDATA[骨化中心6个]]></desc></option><option><id>E</id><type>text</type><desc><![CDATA[上部量等于下部量]]></desc></option></options><answers><![CDATA[E]]></answers></question><question><type>1</type><format>text</format><desc><![CDATA[6.儿童大脑神经细胞基本完成分化的年龄是]]></desc><options><option><id>A</id><type>text</type><desc><![CDATA[6个月]]></desc></option><option><id>B</id><type>text</type><desc><![CDATA[1岁]]></desc></option><option><id>C</id><type>text</type><desc><![CDATA[2岁]]></desc></option><option><id>D</id><type>text</type><desc><![CDATA[3岁]]></desc></option><option><id>E</id><type>text</type><desc><![CDATA[4岁]]></desc></option></options><answers><![CDATA[E]]></answers></question><question><type>1</type><format>text</format><desc><![CDATA[7.下列儿童运动发育中属正常的一项是]]></desc><options><option><id>A</id><type>text</type><desc><![CDATA[4个月不能抬头]]></desc></option><option><id>B</id><type>text</type><desc><![CDATA[8个月能坐稳]]></desc></option><option><id>C</id><type>text</type><desc><![CDATA[10个月不会坐]]></desc></option><option><id>D</id><type>text</type><desc><![CDATA[1岁不会站]]></desc></option><option><id>E</id><type>text</type><desc><![CDATA[1岁半不会走]]></desc></option></options><answers><![CDATA[B]]></answers></question><question><type>1</type><format>text</format><desc><![CDATA[8.正常儿童能发两个复音（如“妈妈”）的年龄一般为]]></desc><options><option><id>A</id><type>text</type><desc><![CDATA[4～5个月]]></desc></option><option><id>B</id><type>text</type><desc><![CDATA[5～6个月]]></desc></option><option><id>C</id><type>text</type><desc><![CDATA[7～9个月]]></desc></option><option><id>D</id><type>text</type><desc><![CDATA[10～12个月]]></desc></option><option><id>E</id><type>text</type><desc><![CDATA[1～1岁半]]></desc></option></options><answers><![CDATA[C]]></answers></question><question><type>1</type><format>text</format><desc><![CDATA[9.5岁时儿童知觉发育的状况是]]></desc><options><option><id>A</id><type>text</type><desc><![CDATA[能爬高处]]></desc></option><option><id>B</id><type>text</type><desc><![CDATA[能辨上、下]]></desc></option><option><id>C</id><type>text</type><desc><![CDATA[能辨前、后]]></desc></option><option><id>D</id><type>text</type><desc><![CDATA[能辨自身左、右]]></desc></option><option><id>E</id><type>text</type><desc><![CDATA[有正确的分、秒时间知觉]]></desc></option></options><answers><![CDATA[D]]></answers></question><question><type>1</type><format>text</format><desc><![CDATA[10.正常儿童能用简单的语言表达自己需要的年龄是]]></desc><options><option><id>A</id><type>text</type><desc><![CDATA[8～9月]]></desc></option><option><id>B</id><type>text</type><desc><![CDATA[10～12个月]]></desc></option><option><id>C</id><type>text</type><desc><![CDATA[1.5～2岁]]></desc></option><option><id>D</id><type>text</type><desc><![CDATA[3岁]]></desc></option><option><id>E</id><type>text</type><desc><![CDATA[3.5岁]]></desc></option></options><answers><![CDATA[C]]></answers></question></questions><questions><instructions><![CDATA[A2型题]]></instructions><question><type>2</type><format>text</format><desc><![CDATA[11.一儿童在儿保门诊健康体检，结果显示体格发育正常，其体重18.5kg，身高106cm。其年龄约为]]></desc><options><option><id>A</id><type>text</type><desc><![CDATA[3岁]]></desc></option><option><id>B</id><type>text</type><desc><![CDATA[4岁]]></desc></option><option><id>C</id><type>text</type><desc><![CDATA[5岁]]></desc></option><option><id>D</id><type>text</type><desc><![CDATA[6岁]]></desc></option><option><id>E</id><type>text</type><desc><![CDATA[7岁]]></desc></option></options><answers><![CDATA[C]]></answers></question><question><type>2</type><format>text</format><desc><![CDATA[12.母亲带4个月婴儿来儿保门诊检查，应认为发育异常的一项情况是]]></desc><options><option><id>A</id><type>text</type><desc><![CDATA[前囟1.5～2cm]]></desc></option><option><id>B</id><type>text</type><desc><![CDATA[乳牙未萌出]]></desc></option><option><id>C</id><type>text</type><desc><![CDATA[头尚不能抬起]]></desc></option><option><id>D</id><type>text</type><desc><![CDATA[不能伸手取物]]></desc></option><option><id>E</id><type>text</type><desc><![CDATA[拥抱反射消失]]></desc></option></options><answers><![CDATA[C]]></answers></question><question><type>2</type><format>text</format><desc><![CDATA[13.一健康儿童其身长92cm，乳牙20个，腕部骨化中心4个，该儿童的年龄大约是]]></desc><options><option><id>A</id><type>text</type><desc><![CDATA[1岁]]></desc></option><option><id>B</id><type>text</type><desc><![CDATA[2岁]]></desc></option><option><id>C</id><type>text</type><desc><![CDATA[3岁]]></desc></option><option><id>D</id><type>text</type><desc><![CDATA[4岁]]></desc></option><option><id>E</id><type>text</type><desc><![CDATA[5岁]]></desc></option></options><answers><![CDATA[C]]></answers></question><question><type>2</type><format>text</format><desc><![CDATA[14.护士为6月龄男孩亮亮做健康体检，检查结果正常。护理病史资料：该儿童采取母乳喂养，体格神经心理发育正常，体重6.2kg。该儿童的大运动发育应会]]></desc><options><option><id>A</id><type>text</type><desc><![CDATA[独站片刻]]></desc></option><option><id>B</id><type>text</type><desc><![CDATA[用双上肢向前爬]]></desc></option><option><id>C</id><type>text</type><desc><![CDATA[靠双手向前支撑独坐]]></desc></option><option><id>D</id><type>text</type><desc><![CDATA[翻身]]></desc></option><option><id>E</id><type>text</type><desc><![CDATA[扶站]]></desc></option></options><answers><![CDATA[C]]></answers></question><question><type>2</type><format>text</format><desc><![CDATA[15.某7月龄婴儿在儿保门诊查体，结果显示其体格神经心理发育正常，该婴儿细动作发育应会]]></desc><options><option><id>A</id><type>text</type><desc><![CDATA[能将物体换手]]></desc></option><option><id>B</id><type>text</type><desc><![CDATA[能翻书]]></desc></option><option><id>C</id><type>text</type><desc><![CDATA[可用拇、食指拾物]]></desc></option><option><id>D</id><type>text</type><desc><![CDATA[开始学会用勺]]></desc></option><option><id>E</id><type>text</type><desc><![CDATA[能叠2块积木]]></desc></option></options><answers><![CDATA[A]]></answers></question></questions></exam>