﻿<?xml version="1.0" encoding="UTF-8"?><exam><id>20181018112321</id><questions><instructions><![CDATA[A1型题]]></instructions><question><type>1</type><format>text</format><desc><![CDATA[1.儿童特有的能量需要是]]></desc><options><option><id>A</id><type>text</type><desc><![CDATA[排泄]]></desc></option><option><id>B</id><type>text</type><desc><![CDATA[活动]]></desc></option><option><id>C</id><type>text</type><desc><![CDATA[基础代谢]]></desc></option><option><id>D</id><type>text</type><desc><![CDATA[生长发育]]></desc></option><option><id>E</id><type>text</type><desc><![CDATA[食物的特殊动力作用]]></desc></option></options><answers><![CDATA[D]]></answers></question><question><type>1</type><format>html</format><desc><![CDATA[2.下列关于食物转换的原则<u><b>错误</b></u>的是]]></desc><options><option><id>A</id><type>text</type><desc><![CDATA[由稀到稠]]></desc></option><option><id>B</id><type>text</type><desc><![CDATA[由少到多]]></desc></option><option><id>C</id><type>text</type><desc><![CDATA[由细到粗]]></desc></option><option><id>D</id><type>text</type><desc><![CDATA[由一种到多种]]></desc></option><option><id>E</id><type>text</type><desc><![CDATA[患病时继续添加辅食]]></desc></option></options><answers><![CDATA[E]]></answers></question><question><type>1</type><format>text</format><desc><![CDATA[3.营养不良患儿皮下脂肪最先减少的部位是]]></desc><options><option><id>A</id><type>text</type><desc><![CDATA[腹部]]></desc></option><option><id>B</id><type>text</type><desc><![CDATA[躯干]]></desc></option><option><id>C</id><type>text</type><desc><![CDATA[面颊]]></desc></option><option><id>D</id><type>text</type><desc><![CDATA[臀部]]></desc></option><option><id>E</id><type>text</type><desc><![CDATA[四肢]]></desc></option></options><answers><![CDATA[A]]></answers></question><question><type>1</type><format>text</format><desc><![CDATA[4.维生素D缺乏性佝偻病的主要病因是]]></desc><options><option><id>A</id><type>text</type><desc><![CDATA[日光照射不足]]></desc></option><option><id>B</id><type>text</type><desc><![CDATA[喂养不当]]></desc></option><option><id>C</id><type>text</type><desc><![CDATA[先天不足]]></desc></option><option><id>D</id><type>text</type><desc><![CDATA[储存量少]]></desc></option><option><id>E</id><type>text</type><desc><![CDATA[需要量增加]]></desc></option></options><answers><![CDATA[A]]></answers></question><question><type>1</type><format>text</format><desc><![CDATA[5.属于骨样组织堆积导致的骨骼畸形是]]></desc><options><option><id>A</id><type>text</type><desc><![CDATA[鸡胸]]></desc></option><option><id>B</id><type>text</type><desc><![CDATA[O形腿]]></desc></option><option><id>C</id><type>text</type><desc><![CDATA[手镯征]]></desc></option><option><id>D</id><type>text</type><desc><![CDATA[X形腿]]></desc></option><option><id>E</id><type>text</type><desc><![CDATA[乒乓颅]]></desc></option></options><answers><![CDATA[C]]></answers></question><question><type>1</type><format>html</format><desc><![CDATA[6.下列关于维生素D缺乏性手足搐搦症的临床特点，<u><b>不正确</b></u>的是]]></desc><options><option><id>A</id><type>text</type><desc><![CDATA[惊厥]]></desc></option><option><id>B</id><type>text</type><desc><![CDATA[手足搐搦]]></desc></option><option><id>C</id><type>text</type><desc><![CDATA[喉痉挛]]></desc></option><option><id>D</id><type>text</type><desc><![CDATA[血钙降低]]></desc></option><option><id>E</id><type>text</type><desc><![CDATA[多发生于2岁以上]]></desc></option></options><answers><![CDATA[E]]></answers></question><question><type>1</type><format>text</format><desc><![CDATA[7.维生素D缺乏性手足搐搦症发生惊厥时，急救处理首先采用]]></desc><options><option><id>A</id><type>text</type><desc><![CDATA[迅速口服维生素D]]></desc></option><option><id>B</id><type>text</type><desc><![CDATA[立即肌内注射维生素D]]></desc></option><option><id>C</id><type>text</type><desc><![CDATA[地西泮肌内或静脉注射]]></desc></option><option><id>D</id><type>text</type><desc><![CDATA[快速静脉推注10％葡萄糖酸钙]]></desc></option><option><id>E</id><type>text</type><desc><![CDATA[大剂量维生素D和钙剂同时应用]]></desc></option></options><answers><![CDATA[C]]></answers></question></questions><questions><instructions><![CDATA[A2型题]]></instructions><question><type>2</type><format>text</format><desc><![CDATA[8.患儿，男，6个月。诊断为佝偻病。在给予维生素D治疗期间出现食欲减退、烦躁、呕吐、便秘，应警惕]]></desc><options><option><id>A</id><type>text</type><desc><![CDATA[病毒性肠炎]]></desc></option><option><id>B</id><type>text</type><desc><![CDATA[钙剂过量]]></desc></option><option><id>C</id><type>text</type><desc><![CDATA[胃肠功能紊乱]]></desc></option><option><id>D</id><type>text</type><desc><![CDATA[维生素D过量中毒]]></desc></option><option><id>E</id><type>text</type><desc><![CDATA[维生素D治疗的正常现象]]></desc></option></options><answers><![CDATA[D]]></answers></question><question><type>2</type><format>text</format><desc><![CDATA[9.患儿，女，4岁。体检发现X形腿，血钙2.4mmol/L，护士判断正确的是]]></desc><options><option><id>A</id><type>text</type><desc><![CDATA[维生素D缺乏性佝偻病]]></desc></option><option><id>B</id><type>text</type><desc><![CDATA[维生素D缺乏性佝偻病初期]]></desc></option><option><id>C</id><type>text</type><desc><![CDATA[维生素D缺乏性佝偻病激期]]></desc></option><option><id>D</id><type>text</type><desc><![CDATA[维生素D缺乏性佝偻病恢复期]]></desc></option><option><id>E</id><type>text</type><desc><![CDATA[维生素D缺乏性佝偻病后遗症期]]></desc></option></options><answers><![CDATA[E]]></answers></question><question><type>2</type><format>text</format><desc><![CDATA[10.患儿，女，1岁。患有佝偻病。现出现了“O”形腿，针对该患儿的腿部畸形的处理措施为]]></desc><options><option><id>A</id><type>text</type><desc><![CDATA[做抬头展胸运动]]></desc></option><option><id>B</id><type>text</type><desc><![CDATA[做踢腿运动]]></desc></option><option><id>C</id><type>text</type><desc><![CDATA[按摩腿部内侧肌群]]></desc></option><option><id>D</id><type>text</type><desc><![CDATA[按摩腿部外侧肌群]]></desc></option><option><id>E</id><type>text</type><desc><![CDATA[按摩腿部肌肉]]></desc></option></options><answers><![CDATA[D]]></answers></question><question><type>2</type><format>text</format><desc><![CDATA[11.患儿，女，5个月。近1个月来烦躁、夜间啼哭、易惊醒、多汗、吃奶少，大便稀，每天2～3次。生后一直牛奶喂养。引起睡眠不安的最可能的原因是]]></desc><options><option><id>A</id><type>text</type><desc><![CDATA[慢性腹泻]]></desc></option><option><id>B</id><type>text</type><desc><![CDATA[缺少母乳喂养]]></desc></option><option><id>C</id><type>text</type><desc><![CDATA[生活环境不良]]></desc></option><option><id>D</id><type>text</type><desc><![CDATA[缺乏维生素D]]></desc></option><option><id>E</id><type>text</type><desc><![CDATA[父母日常护理不当]]></desc></option></options><answers><![CDATA[D]]></answers></question><question><type>2</type><format>text</format><desc><![CDATA[12.患儿，男，3个月。多汗、烦躁易惊、睡眠不安半月余，诊断为佝偻病初期。护士指导患儿每天正确的日光照射方法是]]></desc><options><option><id>A</id><type>text</type><desc><![CDATA[室内关窗晒太阳1小时]]></desc></option><option><id>B</id><type>text</type><desc><![CDATA[室内关窗晒太阳2小时]]></desc></option><option><id>C</id><type>text</type><desc><![CDATA[保证30分钟户外活动]]></desc></option><option><id>D</id><type>text</type><desc><![CDATA[保证1～2小时户外活动]]></desc></option><option><id>E</id><type>text</type><desc><![CDATA[保证8小时户外活动]]></desc></option></options><answers><![CDATA[D]]></answers></question><question><type>2</type><format>html</format><desc><![CDATA[13.患儿，6个月。单纯牛乳喂养，未添加辅食，因抽搐2次入院，血钙0.8mmol/L。诊断维生素D缺乏性手足搐搦症。对该患儿护理措施<u><b>不正确</b></u>的是]]></desc><options><option><id>A</id><type>text</type><desc><![CDATA[保持安静，减少刺激]]></desc></option><option><id>B</id><type>text</type><desc><![CDATA[遵医嘱应用镇静药]]></desc></option><option><id>C</id><type>text</type><desc><![CDATA[惊厥时及时清除口鼻分泌物]]></desc></option><option><id>D</id><type>text</type><desc><![CDATA[惊厥发作时保护患儿安全]]></desc></option><option><id>E</id><type>text</type><desc><![CDATA[遵医嘱应用钙剂时应快速静脉推注]]></desc></option></options><answers><![CDATA[E]]></answers></question><question><type>2</type><format>text</format><desc><![CDATA[14.患儿，男，11个月。3天前突然双眼上翻，面肌和四肢抽动急诊入院，诊断为维生素D缺乏性手足搐搦症。该患儿出院时，护士对家长进行健康指导最重要的是]]></desc><options><option><id>A</id><type>text</type><desc><![CDATA[指导母乳喂养]]></desc></option><option><id>B</id><type>text</type><desc><![CDATA[提早进行站立锻炼]]></desc></option><option><id>C</id><type>text</type><desc><![CDATA[多抱患儿到户外晒太阳]]></desc></option><option><id>D</id><type>text</type><desc><![CDATA[添加含维生素D的食物]]></desc></option><option><id>E</id><type>text</type><desc><![CDATA[处理惊厥和喉痉挛的方法]]></desc></option></options><answers><![CDATA[E]]></answers></question></questions></exam>