﻿<?xml version="1.0" encoding="UTF-8"?><exam><id>20181018132058</id><questions><instructions><![CDATA[A1型题]]></instructions><question><type>1</type><format>html</format><desc><![CDATA[1.对21-三体综合征的描述<u><b>不正确</b></u>的是]]></desc><options><option><id>A</id><type>text</type><desc><![CDATA[特殊面容，智力低下]]></desc></option><option><id>B</id><type>text</type><desc><![CDATA[智力正常，骨龄落后]]></desc></option><option><id>C</id><type>text</type><desc><![CDATA[体格发育迟缓]]></desc></option><option><id>D</id><type>text</type><desc><![CDATA[染色体畸形]]></desc></option><option><id>E</id><type>text</type><desc><![CDATA[手纹可有改变]]></desc></option></options><answers><![CDATA[B]]></answers></question><question><type>1</type><format>text</format><desc><![CDATA[2.苯丙酮尿症属于]]></desc><options><option><id>A</id><type>text</type><desc><![CDATA[染色体畸变]]></desc></option><option><id>B</id><type>text</type><desc><![CDATA[常染色体显性遗传]]></desc></option><option><id>C</id><type>text</type><desc><![CDATA[常染色体隐性遗传]]></desc></option><option><id>D</id><type>text</type><desc><![CDATA[X连锁显性遗传]]></desc></option><option><id>E</id><type>text</type><desc><![CDATA[X连锁隐性遗传]]></desc></option></options><answers><![CDATA[C]]></answers></question><question><type>1</type><format>text</format><desc><![CDATA[3.为确诊21-三体综合征，需做的检查是]]></desc><options><option><id>A</id><type>text</type><desc><![CDATA[Guthrie细菌生长抑制试验]]></desc></option><option><id>B</id><type>text</type><desc><![CDATA[染色体核型分析]]></desc></option><option><id>C</id><type>text</type><desc><![CDATA[血电解质钠、钾、氯测定]]></desc></option><option><id>D</id><type>text</type><desc><![CDATA[肌肉活检]]></desc></option><option><id>E</id><type>text</type><desc><![CDATA[血清胆固醇、甘油三酯测定]]></desc></option></options><answers><![CDATA[B]]></answers></question><question><type>1</type><format>html</format><desc><![CDATA[4.有关21-三体综合征的护理措施<u><b>不正确</b></u>的是]]></desc><options><option><id>A</id><type>text</type><desc><![CDATA[细心照顾患儿防止意外事故的发生]]></desc></option><option><id>B</id><type>text</type><desc><![CDATA[保持皮肤清洁干燥]]></desc></option><option><id>C</id><type>text</type><desc><![CDATA[制定教育、训练方案，开发智力]]></desc></option><option><id>D</id><type>text</type><desc><![CDATA[防止感染]]></desc></option><option><id>E</id><type>text</type><desc><![CDATA[告诉家长本病积极治疗可以痊愈，增强其配合治疗的信心]]></desc></option></options><answers><![CDATA[E]]></answers></question></questions><questions><instructions><![CDATA[A2型题]]></instructions><question><type>2</type><format>text</format><desc><![CDATA[5.某新生儿被诊断为21-三体综合征，预测此新生儿有发生下列哪项的危险]]></desc><options><option><id>A</id><type>text</type><desc><![CDATA[体温调节的改变]]></desc></option><option><id>B</id><type>text</type><desc><![CDATA[新生儿溶血症]]></desc></option><option><id>C</id><type>text</type><desc><![CDATA[喂养困难]]></desc></option><option><id>D</id><type>text</type><desc><![CDATA[病理性黄疸]]></desc></option><option><id>E</id><type>text</type><desc><![CDATA[颅内出血]]></desc></option></options><answers><![CDATA[C]]></answers></question><question><type>2</type><format>text</format><desc><![CDATA[6.护士对一位2岁苯丙酮尿症患儿的母亲进行饮食指导，妈妈选择了下列哪种食物，表明她能正确为患儿选择食物]]></desc><options><option><id>A</id><type>text</type><desc><![CDATA[牛奶]]></desc></option><option><id>B</id><type>text</type><desc><![CDATA[鸡蛋]]></desc></option><option><id>C</id><type>text</type><desc><![CDATA[牛肉]]></desc></option><option><id>D</id><type>text</type><desc><![CDATA[猪肉]]></desc></option><option><id>E</id><type>text</type><desc><![CDATA[动物形状的饼干]]></desc></option></options><answers><![CDATA[E]]></answers></question><question><type>2</type><format>text</format><desc><![CDATA[7.一名妇女曾生育过一先天愚型儿，现再次怀孕，遗传咨询时应建议做何处理]]></desc><options><option><id>A</id><type>text</type><desc><![CDATA[流产]]></desc></option><option><id>B</id><type>text</type><desc><![CDATA[腹部B超]]></desc></option><option><id>C</id><type>text</type><desc><![CDATA[检查子亲代染色体核型]]></desc></option><option><id>D</id><type>text</type><desc><![CDATA[腹部X线检查]]></desc></option><option><id>E</id><type>text</type><desc><![CDATA[服用药物预防胎儿畸形]]></desc></option></options><answers><![CDATA[C]]></answers></question><question><type>2</type><format>text</format><desc><![CDATA[8.某新生儿采用Guthrie细菌生长抑制试验半定量测定，苯丙氨酸含量为4.5mg/dl，应采取的进一步检查是]]></desc><options><option><id>A</id><type>text</type><desc><![CDATA[进行尿三氯化铁试验]]></desc></option><option><id>B</id><type>text</type><desc><![CDATA[进行2，4-二硝基苯肼试验]]></desc></option><option><id>C</id><type>text</type><desc><![CDATA[临床观察]]></desc></option><option><id>D</id><type>text</type><desc><![CDATA[脑电图]]></desc></option><option><id>E</id><type>text</type><desc><![CDATA[苯丙氨酸定量测定]]></desc></option></options><answers><![CDATA[E]]></answers></question><question><type>2</type><format>text</format><desc><![CDATA[9.患儿，女，2岁。体重10kg，身高65cm，眼距宽，鼻梁低平，舌伸出口外，通贯手，肌张力低，心脏超声检查提示房间隔缺损。最可能的诊断是]]></desc><options><option><id>A</id><type>text</type><desc><![CDATA[先生性甲状腺功能减退症]]></desc></option><option><id>B</id><type>text</type><desc><![CDATA[软骨发育不良]]></desc></option><option><id>C</id><type>text</type><desc><![CDATA[生长激素缺乏症]]></desc></option><option><id>D</id><type>text</type><desc><![CDATA[21-三体综合征]]></desc></option><option><id>E</id><type>text</type><desc><![CDATA[黏多糖病]]></desc></option></options><answers><![CDATA[D]]></answers></question><question><type>2</type><format>text</format><desc><![CDATA[10.患儿，男，1岁。出生正常，5个月起出现呕吐、易激惹，生长发育迟缓，皮肤和虹膜色泽逐渐变浅。该病最有可能是由哪种酶缺乏引起的]]></desc><options><option><id>A</id><type>text</type><desc><![CDATA[酪氨酸羟化酶]]></desc></option><option><id>B</id><type>text</type><desc><![CDATA[苯丙氨酸羟化酶]]></desc></option><option><id>C</id><type>text</type><desc><![CDATA[二氢生物蝶呤还原酶]]></desc></option><option><id>D</id><type>text</type><desc><![CDATA[丙酮酸四氢生物蝶呤合成酶]]></desc></option><option><id>E</id><type>text</type><desc><![CDATA[鸟苷三磷酸环化水合酶]]></desc></option></options><answers><![CDATA[B]]></answers></question><question><type>2</type><format>text</format><desc><![CDATA[11.患儿，女，1岁。生后不久即喂养困难、前囟大，近2天来出现发热、上呼吸道感染。查体：T38.5℃，体格、智能发育均落后于同龄儿，表情呆滞，眼距宽，眼裂小，鼻梁扁平，舌伸出口外，流涎不止，通贯手，atd角增大，双肺无啰音，四肢肌张力低下，韧带松弛。该患儿最可能的诊断是]]></desc><options><option><id>A</id><type>text</type><desc><![CDATA[21-三体综合征]]></desc></option><option><id>B</id><type>text</type><desc><![CDATA[甲状腺功能减退症]]></desc></option><option><id>C</id><type>text</type><desc><![CDATA[苯丙酮尿症]]></desc></option><option><id>D</id><type>text</type><desc><![CDATA[先天性生长激素缺乏症]]></desc></option><option><id>E</id><type>text</type><desc><![CDATA[儿童糖尿病]]></desc></option></options><answers><![CDATA[A]]></answers></question></questions></exam>