﻿<?xml version="1.0" encoding="UTF-8"?><exam><id>20181018133450</id><questions><instructions><![CDATA[A1型题]]></instructions><question><type>1</type><format>html</format><desc><![CDATA[1.更换尿布的操作中，<u><b>不妥的</b></u>是]]></desc><options><option><id>A</id><type>text</type><desc><![CDATA[尿布大小及系带松紧要适宜]]></desc></option><option><id>B</id><type>text</type><desc><![CDATA[尿布应选择质地柔软的棉织品]]></desc></option><option><id>C</id><type>text</type><desc><![CDATA[暴露婴儿下半身，松解污湿的尿布]]></desc></option><option><id>D</id><type>text</type><desc><![CDATA[擦洗会阴应由后向前擦净]]></desc></option><option><id>E</id><type>text</type><desc><![CDATA[更换尿布动作应轻、快]]></desc></option></options><answers><![CDATA[D]]></answers></question><question><type>1</type><format>text</format><desc><![CDATA[2.关于奶瓶喂养的描述，下列正确的是]]></desc><options><option><id>A</id><type>text</type><desc><![CDATA[乳瓶的孔径尽量大些，以利于吸吮]]></desc></option><option><id>B</id><type>text</type><desc><![CDATA[乳液不要充满奶嘴]]></desc></option><option><id>C</id><type>text</type><desc><![CDATA[喂乳后为婴儿更换尿布]]></desc></option><option><id>D</id><type>text</type><desc><![CDATA[喂乳后轻拍婴儿后背以排出吸入的空气]]></desc></option><option><id>E</id><type>text</type><desc><![CDATA[喂乳结束后婴儿取左侧卧位]]></desc></option></options><answers><![CDATA[D]]></answers></question><question><type>1</type><format>text</format><desc><![CDATA[3.儿童头皮静脉穿刺一般选择]]></desc><options><option><id>A</id><type>text</type><desc><![CDATA[额上静脉、颞浅静脉]]></desc></option><option><id>B</id><type>text</type><desc><![CDATA[眶上静脉、耳后静脉]]></desc></option><option><id>C</id><type>text</type><desc><![CDATA[头顶部静脉、枕后静脉]]></desc></option><option><id>D</id><type>text</type><desc><![CDATA[外眦上部静脉]]></desc></option><option><id>E</id><type>text</type><desc><![CDATA[以上都正确]]></desc></option></options><answers><![CDATA[A]]></answers></question><question><type>1</type><format>text</format><desc><![CDATA[4.蓝光照射的适应证为]]></desc><options><option><id>A</id><type>text</type><desc><![CDATA[新生儿窒息]]></desc></option><option><id>B</id><type>text</type><desc><![CDATA[新生儿硬肿症]]></desc></option><option><id>C</id><type>text</type><desc><![CDATA[新生儿败血症]]></desc></option><option><id>D</id><type>text</type><desc><![CDATA[新生儿高胆红素血症]]></desc></option><option><id>E</id><type>text</type><desc><![CDATA[新生儿颅内出血]]></desc></option></options><answers><![CDATA[D]]></answers></question><question><type>1</type><format>html</format><desc><![CDATA[5.蓝光照射需准备的用物中，下列哪项应<u><b>除外</b></u>]]></desc><options><option><id>A</id><type>text</type><desc><![CDATA[蓝光箱]]></desc></option><option><id>B</id><type>text</type><desc><![CDATA[爽身粉]]></desc></option><option><id>C</id><type>text</type><desc><![CDATA[尿布]]></desc></option><option><id>D</id><type>text</type><desc><![CDATA[遮光眼罩]]></desc></option><option><id>E</id><type>text</type><desc><![CDATA[光疗记录单]]></desc></option></options><answers><![CDATA[B]]></answers></question></questions><questions><instructions><![CDATA[A2型题]]></instructions><question><type>2</type><format>text</format><desc><![CDATA[6.宝宝，7岁，入学后在学校集体体检，测量身高时，正确的做法是]]></desc><options><option><id>A</id><type>text</type><desc><![CDATA[脱去衣服和鞋帽]]></desc></option><option><id>B</id><type>text</type><desc><![CDATA[站立于立位测量器上]]></desc></option><option><id>C</id><type>text</type><desc><![CDATA[足跟和头部靠在测量杆上]]></desc></option><option><id>D</id><type>text</type><desc><![CDATA[足跟分开，足尖靠拢]]></desc></option><option><id>E</id><type>text</type><desc><![CDATA[推板与量杆呈60º]]></desc></option></options><answers><![CDATA[B]]></answers></question><question><type>2</type><format>text</format><desc><![CDATA[7.患儿，男，2岁。因发热3天入院。遵医嘱为其进行股静脉穿刺取血标本，正确的进针部位是]]></desc><options><option><id>A</id><type>text</type><desc><![CDATA[腹股沟中内1/3交界处股动脉搏动点外侧0.3～0.5cm处]]></desc></option><option><id>B</id><type>text</type><desc><![CDATA[腹股沟中内1/3交界处股动脉搏动点内侧0.3～0.5cm处]]></desc></option><option><id>C</id><type>text</type><desc><![CDATA[腹股沟中内1/3交界处股动脉搏动点外侧1～2cm处]]></desc></option><option><id>D</id><type>text</type><desc><![CDATA[腹股沟中内1/3交界处股动脉搏动点内侧1～2cm处]]></desc></option><option><id>E</id><type>text</type><desc><![CDATA[以上都不正确]]></desc></option></options><answers><![CDATA[B]]></answers></question><question><type>2</type><format>text</format><desc><![CDATA[8.早产儿，胎龄32周，出生体重1600g。现在保温箱内一般情况良好，体重已1900g，家长咨询能否出保温箱，护士回答正确的是]]></desc><options><option><id>A</id><type>text</type><desc><![CDATA[体重不足2000g，但食欲良好]]></desc></option><option><id>B</id><type>text</type><desc><![CDATA[体重不足2000g，但呼吸平稳]]></desc></option><option><id>C</id><type>text</type><desc><![CDATA[体重不足2000g，但在温箱内1个月以上，一般情况良好]]></desc></option><option><id>D</id><type>text</type><desc><![CDATA[体重不足2000g，但在温箱内体温正常]]></desc></option><option><id>E</id><type>text</type><desc><![CDATA[以上都不正确]]></desc></option></options><answers><![CDATA[C]]></answers></question><question><type>2</type><format>text</format><desc><![CDATA[9.早产儿，生后1小时，因体温不升使用保温箱，下列使用方法正确的是]]></desc><options><option><id>A</id><type>text</type><desc><![CDATA[保持体温在32～36℃]]></desc></option><option><id>B</id><type>text</type><desc><![CDATA[维持箱内湿度在50％～55％]]></desc></option><option><id>C</id><type>text</type><desc><![CDATA[尽量不在箱内进行护理操作]]></desc></option><option><id>D</id><type>text</type><desc><![CDATA[体温恢复正常前每2小时测体温1次]]></desc></option><option><id>E</id><type>text</type><desc><![CDATA[密切观察患儿面色、呼吸、心率及病情变化]]></desc></option></options><answers><![CDATA[E]]></answers><keypoints><![CDATA[解析：患儿在温箱内应保持体温在36～37℃；箱内湿度在55％～65％；一切护理操作应在温箱内进行，尽量减少开箱门，避免箱内温度波动；体温恢复正常前每1小时测体温1次。]]></keypoints></question><question><type>2</type><format>html</format><desc><![CDATA[10.患儿，男，3岁。不慎落入蓄水池中，救出时面色苍白，无呼吸，未触及大动脉搏动。立即为患儿进行心肺复苏，操作要点中<u><b>错误</b></u>的是]]></desc><options><option><id>A</id><type>text</type><desc><![CDATA[保持气道通畅，建立呼吸]]></desc></option><option><id>B</id><type>text</type><desc><![CDATA[胸外心脏按压]]></desc></option><option><id>C</id><type>text</type><desc><![CDATA[心电监护，消除心室纤颤]]></desc></option><option><id>D</id><type>text</type><desc><![CDATA[应用复苏药物]]></desc></option><option><id>E</id><type>text</type><desc><![CDATA[复苏后立即转入普通病房]]></desc></option></options><answers><![CDATA[E]]></answers></question><question><type>2</type><format>html</format><desc><![CDATA[11.宝宝6个月，足月顺产，母乳喂养。今天到儿童保健门诊进行生长发育测量。其生长发育测量的内容<u><b>不包括</b></u>]]></desc><options><option><id>A</id><type>text</type><desc><![CDATA[体重]]></desc></option><option><id>B</id><type>text</type><desc><![CDATA[身高]]></desc></option><option><id>C</id><type>text</type><desc><![CDATA[头围]]></desc></option><option><id>D</id><type>text</type><desc><![CDATA[血压]]></desc></option><option><id>E</id><type>text</type><desc><![CDATA[胸围]]></desc></option></options><answers><![CDATA[D]]></answers></question><question><type>2</type><format>html</format><desc><![CDATA[12.宝宝8个月，足月顺产，母乳喂养。在进行体重测量时，<u><b>不妥的</b></u>做法是]]></desc><options><option><id>A</id><type>text</type><desc><![CDATA[晨起空腹排尿排便后进行]]></desc></option><option><id>B</id><type>text</type><desc><![CDATA[可进食1小时后进行]]></desc></option><option><id>C</id><type>text</type><desc><![CDATA[可用盘式体重秤测量]]></desc></option><option><id>D</id><type>text</type><desc><![CDATA[可先穿衣测量，然后减去衣物重量]]></desc></option><option><id>E</id><type>text</type><desc><![CDATA[每天测量最好固定在同一时间、同一体重秤]]></desc></option></options><answers><![CDATA[B]]></answers></question><question><type>2</type><format>html</format><desc><![CDATA[13.宝宝5个月，足月顺产，母乳喂养。到儿童保健门诊进行生长发育测量，护士在测量婴儿身长时，<u><b>错误</b></u>的做法是]]></desc><options><option><id>A</id><type>text</type><desc><![CDATA[先在测量板上铺清洁软布]]></desc></option><option><id>B</id><type>text</type><desc><![CDATA[脱去鞋袜和帽子]]></desc></option><option><id>C</id><type>text</type><desc><![CDATA[头顶轻贴测量板顶端]]></desc></option><option><id>D</id><type>text</type><desc><![CDATA[滑动板与身体长轴呈90º]]></desc></option><option><id>E</id><type>text</type><desc><![CDATA[固定双踝关节，推滑板贴至双足底部]]></desc></option></options><answers><![CDATA[E]]></answers></question><question><type>2</type><format>html</format><desc><![CDATA[14.早产儿，生后4小时，因体温不升、下肢外侧出现硬肿，使用温箱。入箱前患儿的准备工作，下列<u><b>不妥的</b></u>是]]></desc><options><option><id>A</id><type>text</type><desc><![CDATA[评估患儿胎龄、日龄、分娩方式]]></desc></option><option><id>B</id><type>text</type><desc><![CDATA[评估患儿出生体重、Apgar评分结果]]></desc></option><option><id>C</id><type>text</type><desc><![CDATA[测量生命体征]]></desc></option><option><id>D</id><type>text</type><desc><![CDATA[了解有无低体温、缺氧，评估硬肿程度及范围]]></desc></option><option><id>E</id><type>text</type><desc><![CDATA[为患儿换好尿布，穿好单衣后等待入温箱]]></desc></option></options><answers><![CDATA[E]]></answers></question><question><type>2</type><format>html</format><desc><![CDATA[15.早产儿，出生10分钟，需进温箱进行护理，温箱的准备工作，下列<u><b>错误的</b></u>是]]></desc><options><option><id>A</id><type>text</type><desc><![CDATA[避免将温箱放置在阳光直射、有对流风或取暖设备附近]]></desc></option><option><id>B</id><type>text</type><desc><![CDATA[湿化器水槽内加蒸馏水]]></desc></option><option><id>C</id><type>text</type><desc><![CDATA[接通电源，将箱温设置为35～37℃]]></desc></option><option><id>D</id><type>text</type><desc><![CDATA[调节室温在24～26℃，以减少辐射热的损失]]></desc></option><option><id>E</id><type>text</type><desc><![CDATA[预热约2小时达到所设置温度]]></desc></option></options><answers><![CDATA[C]]></answers></question><question><type>2</type><format>html</format><desc><![CDATA[16.患儿，女，2天。主因体温不升，皮肤硬肿入院。护士遵医嘱准备温箱，入箱操作，<u><b>不恰当</b></u>的是]]></desc><options><option><id>A</id><type>text</type><desc><![CDATA[核对医嘱]]></desc></option><option><id>B</id><type>text</type><desc><![CDATA[核对患儿姓名、床号或腕带信息]]></desc></option><option><id>C</id><type>text</type><desc><![CDATA[铺好箱内婴儿床]]></desc></option><option><id>D</id><type>text</type><desc><![CDATA[根据患儿体温调节适中温度]]></desc></option><option><id>E</id><type>text</type><desc><![CDATA[记录入箱时间]]></desc></option></options><answers><![CDATA[D]]></answers></question></questions></exam>