﻿<?xml version="1.0" encoding="UTF-8"?><exam><id>20181018123651</id><questions><instructions><![CDATA[A1型题]]></instructions><question><type>1</type><format>html</format><desc><![CDATA[1.关于上呼吸道感染患儿发热的护理措施，<u><b>不正确</b></u>的是]]></desc><options><option><id>A</id><type>text</type><desc><![CDATA[保持室内温度适宜，空气清新]]></desc></option><option><id>B</id><type>text</type><desc><![CDATA[保证营养和水分的摄入]]></desc></option><option><id>C</id><type>text</type><desc><![CDATA[松解衣被，及时更换汗湿的衣物]]></desc></option><option><id>D</id><type>text</type><desc><![CDATA[体温升至38℃时，给予酒精擦浴]]></desc></option><option><id>E</id><type>text</type><desc><![CDATA[注意观察是否有高热惊厥发生]]></desc></option></options><answers><![CDATA[D]]></answers></question><question><type>1</type><format>text</format><desc><![CDATA[2.儿童急性感染性喉炎，临床表现出的咳嗽特点是]]></desc><options><option><id>A</id><type>text</type><desc><![CDATA[干咳无痰的刺激性咳嗽]]></desc></option><option><id>B</id><type>text</type><desc><![CDATA[典型的犬吠样咳嗽]]></desc></option><option><id>C</id><type>text</type><desc><![CDATA[伴有呕吐的痉挛性咳嗽]]></desc></option><option><id>D</id><type>text</type><desc><![CDATA[改变体位时咳嗽加重]]></desc></option><option><id>E</id><type>text</type><desc><![CDATA[金属声样咳嗽伴血痰]]></desc></option></options><answers><![CDATA[B]]></answers></question><question><type>1</type><format>text</format><desc><![CDATA[3.治疗支原体肺炎的首选抗生素是]]></desc><options><option><id>A</id><type>text</type><desc><![CDATA[大环内酯类]]></desc></option><option><id>B</id><type>text</type><desc><![CDATA[β-内酰胺类]]></desc></option><option><id>C</id><type>text</type><desc><![CDATA[氨基糖苷类]]></desc></option><option><id>D</id><type>text</type><desc><![CDATA[喹诺酮类]]></desc></option><option><id>E</id><type>text</type><desc><![CDATA[磺胺类]]></desc></option></options><answers><![CDATA[A]]></answers></question><question><type>1</type><format>text</format><desc><![CDATA[4.重症肺炎患儿发生腹胀是由于]]></desc><options><option><id>A</id><type>text</type><desc><![CDATA[低钠血症]]></desc></option><option><id>B</id><type>text</type><desc><![CDATA[消化不良]]></desc></option><option><id>C</id><type>text</type><desc><![CDATA[中毒性肠麻痹]]></desc></option><option><id>D</id><type>text</type><desc><![CDATA[低钾血症]]></desc></option><option><id>E</id><type>text</type><desc><![CDATA[低钙血症]]></desc></option></options><answers><![CDATA[C]]></answers></question><question><type>1</type><format>text</format><desc><![CDATA[5.支气管肺炎患儿宜采取的体位是]]></desc><options><option><id>A</id><type>text</type><desc><![CDATA[右侧卧位]]></desc></option><option><id>B</id><type>text</type><desc><![CDATA[端坐位]]></desc></option><option><id>C</id><type>text</type><desc><![CDATA[头低足高位]]></desc></option><option><id>D</id><type>text</type><desc><![CDATA[头胸抬高位]]></desc></option><option><id>E</id><type>text</type><desc><![CDATA[左侧卧位]]></desc></option></options><answers><![CDATA[D]]></answers></question></questions><questions><instructions><![CDATA[A2型题]]></instructions><question><type>2</type><format>text</format><desc><![CDATA[6.患儿，女，4个月。肺炎入院，医嘱给予心电监护，安静状态下患儿生命体：P129次/分，R37次/分，护士对测量结果判断正确的是]]></desc><options><option><id>A</id><type>text</type><desc><![CDATA[心率呼吸均正常]]></desc></option><option><id>B</id><type>text</type><desc><![CDATA[心率增快，呼吸增快]]></desc></option><option><id>C</id><type>text</type><desc><![CDATA[心率正常，呼吸增快]]></desc></option><option><id>D</id><type>text</type><desc><![CDATA[心率减慢，呼吸正常]]></desc></option><option><id>E</id><type>text</type><desc><![CDATA[心率减慢，呼吸减慢]]></desc></option></options><answers><![CDATA[A]]></answers></question><question><type>2</type><format>text</format><desc><![CDATA[7.患儿，4岁，急性扁桃体炎。体温38.5℃，食欲缺乏，护士应为该患儿提供的饮食为]]></desc><options><option><id>A</id><type>text</type><desc><![CDATA[高脂饮食]]></desc></option><option><id>B</id><type>text</type><desc><![CDATA[半流质饮食]]></desc></option><option><id>C</id><type>text</type><desc><![CDATA[高蛋白饮食]]></desc></option><option><id>D</id><type>text</type><desc><![CDATA[高纤维素饮食]]></desc></option><option><id>E</id><type>text</type><desc><![CDATA[流质饮食]]></desc></option></options><answers><![CDATA[B]]></answers></question><question><type>2</type><format>text</format><desc><![CDATA[8.患儿，男，3岁。2天前受凉后出现发热、鼻塞严重、烦躁不安等上感症状，护士应在何时为患儿用0.5％麻黄碱液滴鼻]]></desc><options><option><id>A</id><type>text</type><desc><![CDATA[哺乳后5分钟]]></desc></option><option><id>B</id><type>text</type><desc><![CDATA[哺乳前5分钟]]></desc></option><option><id>C</id><type>text</type><desc><![CDATA[哺乳前15分钟]]></desc></option><option><id>D</id><type>text</type><desc><![CDATA[哺乳前30分钟]]></desc></option><option><id>E</id><type>text</type><desc><![CDATA[每小时一次]]></desc></option></options><answers><![CDATA[C]]></answers></question><question><type>2</type><format>text</format><desc><![CDATA[9.患儿，女，3岁。因上呼吸道感染入院。目前出现高热、声音嘶哑、犬吠样咳嗽、吸气性喉鸣。为迅速缓解症状，首选的处理方式是]]></desc><options><option><id>A</id><type>text</type><desc><![CDATA[地塞米松雾化吸入]]></desc></option><option><id>B</id><type>text</type><desc><![CDATA[静点抗生素]]></desc></option><option><id>C</id><type>text</type><desc><![CDATA[静点强的松]]></desc></option><option><id>D</id><type>text</type><desc><![CDATA[口服化痰药]]></desc></option><option><id>E</id><type>text</type><desc><![CDATA[以呼吸机行机械通气]]></desc></option></options><answers><![CDATA[A]]></answers></question><question><type>2</type><format>text</format><desc><![CDATA[10.患儿，女，10个月。1天前出现发热、犬吠样咳嗽、声音嘶哑、烦躁不安、安静时有吸气性喉鸣和三凹征。T38.8℃，听诊双肺可闻及喉传导音或管状呼吸音，心率加快。此患儿被诊断为急性感染性喉炎，其喉梗阻程度为]]></desc><options><option><id>A</id><type>text</type><desc><![CDATA[Ⅰ度]]></desc></option><option><id>B</id><type>text</type><desc><![CDATA[Ⅱ度]]></desc></option><option><id>C</id><type>text</type><desc><![CDATA[Ⅲ度]]></desc></option><option><id>D</id><type>text</type><desc><![CDATA[Ⅳ度]]></desc></option><option><id>E</id><type>text</type><desc><![CDATA[Ⅴ度]]></desc></option></options><answers><![CDATA[B]]></answers></question><question><type>2</type><format>text</format><desc><![CDATA[11.患儿，男，生后3天。发热，鼻塞，T39.8℃，咽充血，诊断“上感”。对该患儿的护理措施应首选]]></desc><options><option><id>A</id><type>text</type><desc><![CDATA[口服退热药]]></desc></option><option><id>B</id><type>text</type><desc><![CDATA[应用退热栓]]></desc></option><option><id>C</id><type>text</type><desc><![CDATA[解开过厚衣被散热]]></desc></option><option><id>D</id><type>text</type><desc><![CDATA[用0.5％麻黄素滴鼻]]></desc></option><option><id>E</id><type>text</type><desc><![CDATA[用50％酒精擦浴]]></desc></option></options><answers><![CDATA[C]]></answers></question><question><type>2</type><format>html</format><desc><![CDATA[12.患者，男，2岁。发热，T38.5℃，咳嗽，初为干咳，现在有痰，体检双肺呼吸音粗，可闻及散在的干、湿啰音，下列治疗措施<u><b>不当</b></u>的是]]></desc><options><option><id>A</id><type>text</type><desc><![CDATA[退热]]></desc></option><option><id>B</id><type>text</type><desc><![CDATA[化痰]]></desc></option><option><id>C</id><type>text</type><desc><![CDATA[平喘]]></desc></option><option><id>D</id><type>text</type><desc><![CDATA[镇咳]]></desc></option><option><id>E</id><type>text</type><desc><![CDATA[控制感染]]></desc></option></options><answers><![CDATA[D]]></answers></question><question><type>2</type><format>text</format><desc><![CDATA[13.患儿，女，1岁。3天前因受凉出现发热，咳嗽，喘憋，食欲减退。查体:T37.5℃，心率140次/分，呼吸58次/分，口周发绀，鼻翼扇动，肺部听诊有中量湿啰音，护士首先应为患儿采取的措施是]]></desc><options><option><id>A</id><type>text</type><desc><![CDATA[药物降温]]></desc></option><option><id>B</id><type>text</type><desc><![CDATA[雾化吸人]]></desc></option><option><id>C</id><type>text</type><desc><![CDATA[静脉补液]]></desc></option><option><id>D</id><type>text</type><desc><![CDATA[氧气吸入]]></desc></option><option><id>E</id><type>text</type><desc><![CDATA[止咳药物]]></desc></option></options><answers><![CDATA[D]]></answers></question><question><type>2</type><format>text</format><desc><![CDATA[14.患儿男，1岁。2天前出现发热，咳嗽，轻度喘憋。查体:T38℃心率146次/分，呼吸60次/分，口周发绀，鼻翼扇动，护士为患儿鼻导管吸氧，吸氧的流量是]]></desc><options><option><id>A</id><type>text</type><desc><![CDATA[0.5～1L/min]]></desc></option><option><id>B</id><type>text</type><desc><![CDATA[1.5～2L/min]]></desc></option><option><id>C</id><type>text</type><desc><![CDATA[2.0～3L/min]]></desc></option><option><id>D</id><type>text</type><desc><![CDATA[3.0～4L/min]]></desc></option><option><id>E</id><type>text</type><desc><![CDATA[4L/min以上]]></desc></option></options><answers><![CDATA[A]]></answers></question><question><type>2</type><format>html</format><desc><![CDATA[15.患者，女，10岁。发热4天，伴有咳嗽，全腹疼痛。查体：体温38～39℃，右下肺有湿啰音，全腹轻度腹胀，腹肌紧张，压痛，反跳痛，肠鸣音减弱。腹腔穿刺抽出无臭味脓汁。诊断为肺部感染合并原发性腹膜炎。该患儿腹腔脓液涂片镜检最有可能检出的致病菌是]]></desc><options><option><id>A</id><type>text</type><desc><![CDATA[溶血性链球菌]]></desc></option><option><id>B</id><type>text</type><desc><![CDATA[金黄色葡萄球菌]]></desc></option><option><id>C</id><type>text</type><desc><![CDATA[大肠杆菌]]></desc></option><option><id>D</id><type>text</type><desc><![CDATA[变形杆菌]]></desc></option><option><id>E</id><type>text</type><desc><![CDATA[厌氧类杆菌]]></desc></option></options><answers><![CDATA[B]]></answers></question><question><type>2</type><format>html</format><desc><![CDATA[16.6个月肺炎患儿，精神不振，食欲差，对该患儿饮食指导<u><b>错误</b></u>的是]]></desc><options><option><id>A</id><type>text</type><desc><![CDATA[继续母乳]]></desc></option><option><id>B</id><type>text</type><desc><![CDATA[少量多餐]]></desc></option><option><id>C</id><type>text</type><desc><![CDATA[尽量少饮水]]></desc></option><option><id>D</id><type>text</type><desc><![CDATA[耐心喂养防呛咳]]></desc></option><option><id>E</id><type>text</type><desc><![CDATA[给予营养丰富半流质饮食]]></desc></option></options><answers><![CDATA[C]]></answers></question><question><type>2</type><format>text</format><desc><![CDATA[17.患儿，女，1岁。细菌性肺炎入院。目前患儿烦躁不安、呼吸困难。医嘱：吸氧。适宜该患儿的吸氧方式为]]></desc><options><option><id>A</id><type>text</type><desc><![CDATA[单侧鼻导管法]]></desc></option><option><id>B</id><type>text</type><desc><![CDATA[面罩法]]></desc></option><option><id>C</id><type>text</type><desc><![CDATA[鼻塞法]]></desc></option><option><id>D</id><type>text</type><desc><![CDATA[漏斗法]]></desc></option><option><id>E</id><type>text</type><desc><![CDATA[头罩法]]></desc></option></options><answers><![CDATA[E]]></answers></question><question><type>2</type><format>text</format><desc><![CDATA[18.患儿，10个月，因肺炎入院。现突然呼吸困难，烦躁不安，发绀，且进行性加重。体检：呼吸70次/分，脉搏185/分，出现奔马律，两肺布满细湿啰音，肝迅速增大，诊断为肺炎合并心力衰竭。对该患儿当班护士首先采取的护理措施是]]></desc><options><option><id>A</id><type>text</type><desc><![CDATA[吸氧]]></desc></option><option><id>B</id><type>text</type><desc><![CDATA[保持呼吸道通畅]]></desc></option><option><id>C</id><type>text</type><desc><![CDATA[观察病情变化]]></desc></option><option><id>D</id><type>text</type><desc><![CDATA[应用抗生素]]></desc></option><option><id>E</id><type>text</type><desc><![CDATA[应用强心药]]></desc></option></options><answers><![CDATA[A]]></answers></question><question><type>2</type><format>text</format><desc><![CDATA[19.患儿，女，3岁。因上呼吸道感染入院。目前出现高热、声音嘶哑、犬吠样咳嗽、吸气性喉鸣。为迅速缓解症状，首选的处理方式是]]></desc><options><option><id>A</id><type>text</type><desc><![CDATA[地塞米松雾化吸入]]></desc></option><option><id>B</id><type>text</type><desc><![CDATA[静点抗生素]]></desc></option><option><id>C</id><type>text</type><desc><![CDATA[静点强的松]]></desc></option><option><id>D</id><type>text</type><desc><![CDATA[口服化痰药]]></desc></option><option><id>E</id><type>text</type><desc><![CDATA[以呼吸机行机械通气]]></desc></option></options><answers><![CDATA[A]]></answers></question><question><type>2</type><format>text</format><desc><![CDATA[20.患儿，3个月，患急性支气管肺炎。1周来高热持续不退，咳嗽加重，呼吸困难伴口唇青紫，左侧肋间隙饱满，呼吸运动减弱，叩诊呈浊音，听诊呼吸音减弱，该患儿可能并发了]]></desc><options><option><id>A</id><type>text</type><desc><![CDATA[心力衰竭]]></desc></option><option><id>B</id><type>text</type><desc><![CDATA[呼吸衰竭]]></desc></option><option><id>C</id><type>text</type><desc><![CDATA[脓胸]]></desc></option><option><id>D</id><type>text</type><desc><![CDATA[气胸]]></desc></option><option><id>E</id><type>text</type><desc><![CDATA[肺大疱]]></desc></option></options><answers><![CDATA[C]]></answers></question></questions></exam>