﻿<?xml version="1.0" encoding="UTF-8"?><exam><id>20181018111328</id><questions><instructions><![CDATA[A1型题]]></instructions><question><type>1</type><format>html</format><desc><![CDATA[1.儿科门诊一般<u><b>不设</b></u>]]></desc><options><option><id>A</id><type>text</type><desc><![CDATA[预诊室]]></desc></option><option><id>B</id><type>text</type><desc><![CDATA[隔离诊室]]></desc></option><option><id>C</id><type>text</type><desc><![CDATA[候诊室]]></desc></option><option><id>D</id><type>text</type><desc><![CDATA[抢救室]]></desc></option><option><id>E</id><type>text</type><desc><![CDATA[治疗室]]></desc></option></options><answers><![CDATA[D]]></answers></question><question><type>1</type><format>text</format><desc><![CDATA[2.关于急症抢救的五要素，最重要的是]]></desc><options><option><id>A</id><type>text</type><desc><![CDATA[仪器设备]]></desc></option><option><id>B</id><type>text</type><desc><![CDATA[医疗技术]]></desc></option><option><id>C</id><type>text</type><desc><![CDATA[急救药品]]></desc></option><option><id>D</id><type>text</type><desc><![CDATA[人]]></desc></option><option><id>E</id><type>text</type><desc><![CDATA[时间]]></desc></option></options><answers><![CDATA[D]]></answers></question><question><type>1</type><format>text</format><desc><![CDATA[3.儿科病房的温度和湿度，下列叙述正确的是]]></desc><options><option><id>A</id><type>text</type><desc><![CDATA[新生儿室温22～24℃，相对湿度为50％～60％]]></desc></option><option><id>B</id><type>text</type><desc><![CDATA[婴幼儿室温20～22℃，相对湿度为50％～60％]]></desc></option><option><id>C</id><type>text</type><desc><![CDATA[儿童室温18～20℃，相对湿度为55％～65％]]></desc></option><option><id>D</id><type>text</type><desc><![CDATA[婴幼儿室温20～22℃，相对湿度为55％～65％]]></desc></option><option><id>E</id><type>text</type><desc><![CDATA[儿童室温20～22℃，相对湿度为50％～60％]]></desc></option></options><answers><![CDATA[D]]></answers></question><question><type>1</type><format>html</format><desc><![CDATA[4.下列<u><b>不属于</b></u>儿童病房应有的设置是]]></desc><options><option><id>A</id><type>text</type><desc><![CDATA[治疗室]]></desc></option><option><id>B</id><type>text</type><desc><![CDATA[医护办公室]]></desc></option><option><id>C</id><type>text</type><desc><![CDATA[预诊室]]></desc></option><option><id>D</id><type>text</type><desc><![CDATA[游戏室]]></desc></option><option><id>E</id><type>text</type><desc><![CDATA[配餐（奶）室]]></desc></option></options><answers><![CDATA[C]]></answers></question><question><type>1</type><format>html</format><desc><![CDATA[5.下列<u><b>不属于</b></u>儿童用药时需考虑的生理特点是]]></desc><options><option><id>A</id><type>text</type><desc><![CDATA[新生儿肝酶系统发育不全]]></desc></option><option><id>B</id><type>text</type><desc><![CDATA[新生儿肾小球滤过率低]]></desc></option><option><id>C</id><type>text</type><desc><![CDATA[胃容量小]]></desc></option><option><id>D</id><type>text</type><desc><![CDATA[某些药物影响生长发育]]></desc></option><option><id>E</id><type>text</type><desc><![CDATA[神经系统发育尚未完善]]></desc></option></options><answers><![CDATA[C]]></answers></question><question><type>1</type><format>html</format><desc><![CDATA[6.患儿因“新生儿硬肿症”入院，家长可能出现的心理反应中<u><b>不包括</b></u>]]></desc><options><option><id>A</id><type>text</type><desc><![CDATA[焦虑不安]]></desc></option><option><id>B</id><type>text</type><desc><![CDATA[否认疾病]]></desc></option><option><id>C</id><type>text</type><desc><![CDATA[角色紊乱]]></desc></option><option><id>D</id><type>text</type><desc><![CDATA[害怕担忧]]></desc></option><option><id>E</id><type>text</type><desc><![CDATA[自我责怪]]></desc></option></options><answers><![CDATA[B]]></answers></question></questions><questions><instructions><![CDATA[A2型题]]></instructions><question><type>2</type><format>text</format><desc><![CDATA[7.患儿，女，10个月。因患支气管炎而入院，当日哭闹不止，不愿离开母亲。该患儿主要的心理压力来源是]]></desc><options><option><id>A</id><type>text</type><desc><![CDATA[中断学习]]></desc></option><option><id>B</id><type>text</type><desc><![CDATA[身体形象紊乱]]></desc></option><option><id>C</id><type>text</type><desc><![CDATA[离开亲人和接触陌生人]]></desc></option><option><id>D</id><type>text</type><desc><![CDATA[失眠]]></desc></option><option><id>E</id><type>text</type><desc><![CDATA[缺乏对疾病的认识]]></desc></option></options><answers><![CDATA[C]]></answers></question><question><type>2</type><format>text</format><desc><![CDATA[8.患儿，男，18天。母乳喂养，每天8(10次，体重3kg，家长询问新生儿室内应保持的温度，护士告知的是]]></desc><options><option><id>A</id><type>text</type><desc><![CDATA[16～18℃]]></desc></option><option><id>B</id><type>text</type><desc><![CDATA[18～20℃]]></desc></option><option><id>C</id><type>text</type><desc><![CDATA[20～22℃]]></desc></option><option><id>D</id><type>text</type><desc><![CDATA[22～24℃]]></desc></option><option><id>E</id><type>text</type><desc><![CDATA[24～26℃]]></desc></option></options><answers><![CDATA[D]]></answers></question><question><type>2</type><format>html</format><desc><![CDATA[9.患儿，女，8个月。发热咳嗽后口服无味红霉素（依托红霉素）加止咳糖浆，给患儿服药时<u><b>不妥</b></u>的是]]></desc><options><option><id>A</id><type>text</type><desc><![CDATA[喂药前洗手，戴口罩]]></desc></option><option><id>B</id><type>text</type><desc><![CDATA[严格执行三查七对]]></desc></option><option><id>C</id><type>text</type><desc><![CDATA[药片研成粉，加入少许糖浆]]></desc></option><option><id>D</id><type>text</type><desc><![CDATA[沿患儿口角徐徐喂入，然后多喂水]]></desc></option><option><id>E</id><type>text</type><desc><![CDATA[服药后观察反应]]></desc></option></options><answers><![CDATA[D]]></answers></question><question><type>2</type><format>text</format><desc><![CDATA[10.患儿，男，10岁。以大叶性肺炎入院，入院当晚，护士巡视病房，患儿对护士说：“你们都是坏人，把我爸爸妈妈赶走了，平时都是他们陪我入睡的”。护士回答正确的是]]></desc><options><option><id>A</id><type>text</type><desc><![CDATA[“根据医院的管理规定，入院期间你的爸爸妈妈不能在这陪你了]]></desc></option><option><id>B</id><type>text</type><desc><![CDATA[“如果你乖乖睡觉的话，我就让人买好吃的给你”]]></desc></option><option><id>C</id><type>text</type><desc><![CDATA[“你要再闹，我就给你扎针了”]]></desc></option><option><id>D</id><type>text</type><desc><![CDATA[“你想爸爸妈妈了吧，我陪你说说话吧”]]></desc></option><option><id>E</id><type>text</type><desc><![CDATA[“爸爸妈妈一会儿就来，你先睡吧”]]></desc></option></options><answers><![CDATA[D]]></answers></question><question><type>2</type><format>html</format><desc><![CDATA[11.患儿，男，4岁。因患肺炎入院治疗，入院时患儿拒绝治疗并哭闹不止，护士的下列做法<u><b>不恰当</b></u>的是]]></desc><options><option><id>A</id><type>text</type><desc><![CDATA[多对患儿进行正面评价]]></desc></option><option><id>B</id><type>text</type><desc><![CDATA[对患儿拒绝治疗的行为进行批评]]></desc></option><option><id>C</id><type>text</type><desc><![CDATA[多与患儿进行互动交流]]></desc></option><option><id>D</id><type>text</type><desc><![CDATA[允许患儿用哭喊等方式发泄]]></desc></option><option><id>E</id><type>text</type><desc><![CDATA[允许患儿把喜爱的玩具留在医院内]]></desc></option></options><answers><![CDATA[B]]></answers></question><question><type>2</type><format>text</format><desc><![CDATA[12.患儿，女，3岁。患法洛四联症，择期手术。患儿入院5天来，不让父母离开身边，见到医护人员及陌生人员靠近会躲避，睡眠中常有惊醒，患儿出现上述表现的主要原因是]]></desc><options><option><id>A</id><type>text</type><desc><![CDATA[对黑暗恐惧]]></desc></option><option><id>B</id><type>text</type><desc><![CDATA[分离性焦虑]]></desc></option><option><id>C</id><type>text</type><desc><![CDATA[对死亡恐惧]]></desc></option><option><id>D</id><type>text</type><desc><![CDATA[对手术焦虑]]></desc></option><option><id>E</id><type>text</type><desc><![CDATA[对医源性限制的焦虑]]></desc></option></options><answers><![CDATA[B]]></answers></question></questions></exam>