﻿<?xml version="1.0" encoding="UTF-8"?><exam><id>20181018132401</id><questions><instructions><![CDATA[A1型题]]></instructions><question><type>1</type><format>text</format><desc><![CDATA[1.儿童结核性脑膜炎的早期临床表现是]]></desc><options><option><id>A</id><type>text</type><desc><![CDATA[昏迷]]></desc></option><option><id>B</id><type>text</type><desc><![CDATA[性格改变]]></desc></option><option><id>C</id><type>text</type><desc><![CDATA[惊厥]]></desc></option><option><id>D</id><type>text</type><desc><![CDATA[意识模糊]]></desc></option><option><id>E</id><type>text</type><desc><![CDATA[脑膜刺激征]]></desc></option></options><answers><![CDATA[B]]></answers></question><question><type>1</type><format>text</format><desc><![CDATA[2.观察儿童结核菌素试验结果的时间是]]></desc><options><option><id>A</id><type>text</type><desc><![CDATA[73～96小时]]></desc></option><option><id>B</id><type>text</type><desc><![CDATA[48～72小时]]></desc></option><option><id>C</id><type>text</type><desc><![CDATA[24～47小时]]></desc></option><option><id>D</id><type>text</type><desc><![CDATA[12～23小时]]></desc></option><option><id>E</id><type>text</type><desc><![CDATA[1～11小时]]></desc></option></options><answers><![CDATA[B]]></answers></question><question><type>1</type><format>text</format><desc><![CDATA[3.原发综合征胸部X线的典型表现是]]></desc><options><option><id>A</id><type>text</type><desc><![CDATA[云雾状阴影]]></desc></option><option><id>B</id><type>text</type><desc><![CDATA[团块状阴影]]></desc></option><option><id>C</id><type>text</type><desc><![CDATA[斑点状阴影]]></desc></option><option><id>D</id><type>text</type><desc><![CDATA[哑铃状双极影]]></desc></option><option><id>E</id><type>text</type><desc><![CDATA[粟粒状阴影]]></desc></option></options><answers><![CDATA[D]]></answers></question><question><type>1</type><format>text</format><desc><![CDATA[4.肺结核最主要的传播方式是]]></desc><options><option><id>A</id><type>text</type><desc><![CDATA[飞沫]]></desc></option><option><id>B</id><type>text</type><desc><![CDATA[尘埃]]></desc></option><option><id>C</id><type>text</type><desc><![CDATA[食物和水]]></desc></option><option><id>D</id><type>text</type><desc><![CDATA[皮肤接触]]></desc></option><option><id>E</id><type>text</type><desc><![CDATA[毛巾或餐具]]></desc></option></options><answers><![CDATA[A]]></answers></question><question><type>1</type><format>html</format><desc><![CDATA[5.关于结核菌素试验，下列哪项<u><b>不正确</b></u>]]></desc><options><option><id>A</id><type>text</type><desc><![CDATA[阴性者也不一定无结核感染]]></desc></option><option><id>B</id><type>text</type><desc><![CDATA[1岁以内未接种卡介苗，阳性者表示对结核有免疫力]]></desc></option><option><id>C</id><type>text</type><desc><![CDATA[年长儿无症状弱阳性反应，表示曾感染过结核但不一定有活动性病灶]]></desc></option><option><id>D</id><type>text</type><desc><![CDATA[未接种过卡介苗的年长儿强阳性者，常表示体内有活动性结核病灶]]></desc></option><option><id>E</id><type>text</type><desc><![CDATA[近期由阴性转为阳性者，表示新近有感染]]></desc></option></options><answers><![CDATA[B]]></answers></question><question><type>1</type><format>html</format><desc><![CDATA[6.结核菌素试验呈假阴性，下述哪项应<u><b>除外</b></u>]]></desc><options><option><id>A</id><type>text</type><desc><![CDATA[机体免疫功能低下]]></desc></option><option><id>B</id><type>text</type><desc><![CDATA[结核性脑膜炎]]></desc></option><option><id>C</id><type>text</type><desc><![CDATA[重度营养不良]]></desc></option><option><id>D</id><type>text</type><desc><![CDATA[急性传染病]]></desc></option><option><id>E</id><type>text</type><desc><![CDATA[接种卡介苗8周]]></desc></option></options><answers><![CDATA[E]]></answers></question><question><type>1</type><format>text</format><desc><![CDATA[7.临床诊断儿童原发型肺结核最有价值的检查是]]></desc><options><option><id>A</id><type>text</type><desc><![CDATA[全面体格检查]]></desc></option><option><id>B</id><type>text</type><desc><![CDATA[血沉和血常规]]></desc></option><option><id>C</id><type>text</type><desc><![CDATA[影像学检查]]></desc></option><option><id>D</id><type>text</type><desc><![CDATA[血清结核抗体检测]]></desc></option><option><id>E</id><type>text</type><desc><![CDATA[涂片找抗酸杆菌]]></desc></option></options><answers><![CDATA[E]]></answers></question></questions><questions><instructions><![CDATA[A2型题]]></instructions><question><type>2</type><format>html</format><desc><![CDATA[8.患儿，女，4岁。诊断为结核性脑膜炎，其早期表现应<u><b>除外</b></u>]]></desc><options><option><id>A</id><type>text</type><desc><![CDATA[表情淡漠、易怒]]></desc></option><option><id>B</id><type>text</type><desc><![CDATA[厌食、便秘]]></desc></option><option><id>C</id><type>text</type><desc><![CDATA[烦躁不安]]></desc></option><option><id>D</id><type>text</type><desc><![CDATA[低热、性情改变]]></desc></option><option><id>E</id><type>text</type><desc><![CDATA[惊厥]]></desc></option></options><answers><![CDATA[E]]></answers></question><question><type>2</type><format>text</format><desc><![CDATA[9.儿童，1岁。未接种过卡介苗，近期低热、盗汗，PPD试验硬结16mm，提示]]></desc><options><option><id>A</id><type>text</type><desc><![CDATA[有过结核感染]]></desc></option><option><id>B</id><type>text</type><desc><![CDATA[接种卡介苗反应]]></desc></option><option><id>C</id><type>text</type><desc><![CDATA[活动性结核病]]></desc></option><option><id>D</id><type>text</type><desc><![CDATA[无结核感染]]></desc></option><option><id>E</id><type>text</type><desc><![CDATA[重症结核病]]></desc></option></options><answers><![CDATA[C]]></answers></question><question><type>2</type><format>text</format><desc><![CDATA[10.婴儿，3岁。发热1个月，厌食、乏力。胸片示肺门淋巴结肿大，建议做PPD试验，取PPD制剂0.1ml，其中含结核菌素单位是]]></desc><options><option><id>A</id><type>text</type><desc><![CDATA[10单位]]></desc></option><option><id>B</id><type>text</type><desc><![CDATA[5单位]]></desc></option><option><id>C</id><type>text</type><desc><![CDATA[2单位]]></desc></option><option><id>D</id><type>text</type><desc><![CDATA[1单位]]></desc></option><option><id>E</id><type>text</type><desc><![CDATA[0.1单位]]></desc></option></options><answers><![CDATA[B]]></answers></question><question><type>2</type><format>html</format><desc><![CDATA[11.患儿，男，8岁。确诊为原发型肺结核，护士实施健康指导，<u><b>不恰当</b></u>的是]]></desc><options><option><id>A</id><type>text</type><desc><![CDATA[定期复查]]></desc></option><option><id>B</id><type>text</type><desc><![CDATA[避免接触其他急性传染病患儿]]></desc></option><option><id>C</id><type>text</type><desc><![CDATA[出现毒副作用还继续用药]]></desc></option><option><id>D</id><type>text</type><desc><![CDATA[对患儿的痰液、餐具应消毒处理]]></desc></option><option><id>E</id><type>text</type><desc><![CDATA[高热量、高蛋白、高维生素饮食]]></desc></option></options><answers><![CDATA[C]]></answers></question><question><type>2</type><format>text</format><desc><![CDATA[12.患儿，男，5岁。患有结核病，但结核菌素试验阴性，可见于]]></desc><options><option><id>A</id><type>text</type><desc><![CDATA[合并上呼吸道感染]]></desc></option><option><id>B</id><type>text</type><desc><![CDATA[抗结核治疗1周]]></desc></option><option><id>C</id><type>text</type><desc><![CDATA[接种白百破三联疫苗后]]></desc></option><option><id>D</id><type>text</type><desc><![CDATA[粟粒型肺结核]]></desc></option><option><id>E</id><type>text</type><desc><![CDATA[颈淋巴结结核]]></desc></option></options><answers><![CDATA[D]]></answers></question></questions></exam>