﻿<?xml version="1.0" encoding="UTF-8"?><exam><id>20181018130256</id><questions><instructions><![CDATA[A1型题]]></instructions><question><type>1</type><format>text</format><desc><![CDATA[1.胎儿时期最初的造血器官是]]></desc><options><option><id>A</id><type>text</type><desc><![CDATA[肝]]></desc></option><option><id>B</id><type>text</type><desc><![CDATA[脾]]></desc></option><option><id>C</id><type>text</type><desc><![CDATA[淋巴结]]></desc></option><option><id>D</id><type>text</type><desc><![CDATA[骨髓]]></desc></option><option><id>E</id><type>text</type><desc><![CDATA[卵黄囊]]></desc></option></options><answers><![CDATA[E]]></answers></question><question><type>1</type><format>html</format><desc><![CDATA[2.关于血细胞的生理功能，<u><b>错误</b></u>的是]]></desc><options><option><id>A</id><type>text</type><desc><![CDATA[红细胞主要成分是血红蛋白]]></desc></option><option><id>B</id><type>text</type><desc><![CDATA[白细胞包括粒细胞、单核细胞和淋巴细胞]]></desc></option><option><id>C</id><type>text</type><desc><![CDATA[血小板主要参与血液凝固]]></desc></option><option><id>D</id><type>text</type><desc><![CDATA[中性粒细胞是机体抵抗病原微生物入侵的第一道防线]]></desc></option><option><id>E</id><type>text</type><desc><![CDATA[单核细胞在免疫应答反应中起核心作用]]></desc></option></options><answers><![CDATA[E]]></answers></question><question><type>1</type><format>text</format><desc><![CDATA[3.儿童淋巴细胞与粒细胞比例的第二次交叉出现在]]></desc><options><option><id>A</id><type>text</type><desc><![CDATA[2～4天]]></desc></option><option><id>B</id><type>text</type><desc><![CDATA[4～6天]]></desc></option><option><id>C</id><type>text</type><desc><![CDATA[2～4月]]></desc></option><option><id>D</id><type>text</type><desc><![CDATA[4～6月]]></desc></option><option><id>E</id><type>text</type><desc><![CDATA[4～6岁]]></desc></option></options><answers><![CDATA[E]]></answers></question><question><type>1</type><format>text</format><desc><![CDATA[4.婴儿出生后通常发生生理性贫血的时间在]]></desc><options><option><id>A</id><type>text</type><desc><![CDATA[出生后2～3月]]></desc></option><option><id>B</id><type>text</type><desc><![CDATA[出生后3～4月]]></desc></option><option><id>C</id><type>text</type><desc><![CDATA[出生后4～5月]]></desc></option><option><id>D</id><type>text</type><desc><![CDATA[出生后5～6月]]></desc></option><option><id>E</id><type>text</type><desc><![CDATA[出生后6～7月]]></desc></option></options><answers><![CDATA[A]]></answers></question><question><type>1</type><format>text</format><desc><![CDATA[5.按形态学分类营养性巨幼细胞贫血属于]]></desc><options><option><id>A</id><type>text</type><desc><![CDATA[单纯性小细胞性贫血]]></desc></option><option><id>B</id><type>text</type><desc><![CDATA[小细胞低色素性贫血]]></desc></option><option><id>C</id><type>text</type><desc><![CDATA[正细胞性贫血]]></desc></option><option><id>D</id><type>text</type><desc><![CDATA[大细胞性贫血]]></desc></option><option><id>E</id><type>text</type><desc><![CDATA[溶血性贫血]]></desc></option></options><answers><![CDATA[D]]></answers></question><question><type>1</type><format>text</format><desc><![CDATA[6.当血小板低于多少患儿必须卧床休息]]></desc><options><option><id>A</id><type>text</type><desc><![CDATA[100×10<sup>9</sup>/L]]></desc></option><option><id>B</id><type>text</type><desc><![CDATA[50×10<sup>9</sup>/L]]></desc></option><option><id>C</id><type>text</type><desc><![CDATA[40×10<sup>9</sup>/L]]></desc></option><option><id>D</id><type>text</type><desc><![CDATA[30×10<sup>9</sup>/L]]></desc></option><option><id>E</id><type>text</type><desc><![CDATA[20×10<sup>9</sup>/L]]></desc></option></options><answers><![CDATA[E]]></answers></question></questions><questions><instructions><![CDATA[A2型题]]></instructions><question><type>2</type><format>text</format><desc><![CDATA[7.妈妈问护士，6个月婴儿出生后主要的造血器官是]]></desc><options><option><id>A</id><type>text</type><desc><![CDATA[卵黄囊]]></desc></option><option><id>B</id><type>text</type><desc><![CDATA[红骨髓]]></desc></option><option><id>C</id><type>text</type><desc><![CDATA[肝]]></desc></option><option><id>D</id><type>text</type><desc><![CDATA[脾]]></desc></option><option><id>E</id><type>text</type><desc><![CDATA[淋巴结]]></desc></option></options><answers><![CDATA[B]]></answers></question><question><type>2</type><format>text</format><desc><![CDATA[8.爸爸带孩子去儿保门诊咨询，8个月婴幼儿发生中度贫血时，哪些造血器官参与造血]]></desc><options><option><id>A</id><type>text</type><desc><![CDATA[卵黄囊]]></desc></option><option><id>B</id><type>text</type><desc><![CDATA[肝、脾、骨髓]]></desc></option><option><id>C</id><type>text</type><desc><![CDATA[肝、脾、淋巴结]]></desc></option><option><id>D</id><type>text</type><desc><![CDATA[红、黄骨髓]]></desc></option><option><id>E</id><type>text</type><desc><![CDATA[淋巴结]]></desc></option></options><answers><![CDATA[C]]></answers></question><question><type>2</type><format>text</format><desc><![CDATA[9.实习护士问老师，发生生理性贫血时，血红蛋白量与红细胞数分别降至]]></desc><options><option><id>A</id><type>text</type><desc><![CDATA[30g/L，7×10<sup>12</sup>/L]]></desc></option><option><id>B</id><type>text</type><desc><![CDATA[60g/L，6×10<sup>12</sup>/L]]></desc></option><option><id>C</id><type>text</type><desc><![CDATA[90g/L，5×10<sup>12</sup>/L]]></desc></option><option><id>D</id><type>text</type><desc><![CDATA[100g/L，3×10<sup>12</sup>/L]]></desc></option><option><id>E</id><type>text</type><desc><![CDATA[110g/L，4×10<sup>12</sup>/L]]></desc></option></options><answers><![CDATA[D]]></answers></question><question><type>2</type><format>text</format><desc><![CDATA[10.1岁男孩，诊断为中度贫血，其血红蛋白和红细胞数值分别是]]></desc><options><option><id>A</id><type>text</type><desc><![CDATA[（60～90）g/L，（1～2）×10<sup>12</sup>/L]]></desc></option><option><id>B</id><type>text</type><desc><![CDATA[（60～90）g/L，（2～3）×10<sup>12</sup>/L]]></desc></option><option><id>C</id><type>text</type><desc><![CDATA[（60～90）g/L，（3～4）×10<sup>12</sup>/L]]></desc></option><option><id>D</id><type>text</type><desc><![CDATA[（30～60）g/L，（1～2）×10<sup>12</sup>/L]]></desc></option><option><id>E</id><type>text</type><desc><![CDATA[（30～60）g/L，（2～3）×10<sup>12</sup>/L]]></desc></option></options><answers><![CDATA[A]]></answers></question><question><type>2</type><format>text</format><desc><![CDATA[11.一名护士在给出院家属做健康教育，告诉家长饮食要多样化，营养性缺铁性贫血的主要原因为]]></desc><options><option><id>A</id><type>text</type><desc><![CDATA[先天储铁不足]]></desc></option><option><id>B</id><type>text</type><desc><![CDATA[生长发育快]]></desc></option><option><id>C</id><type>text</type><desc><![CDATA[铁摄入不足]]></desc></option><option><id>D</id><type>text</type><desc><![CDATA[铁吸收障碍]]></desc></option><option><id>E</id><type>text</type><desc><![CDATA[铁的丢失过多]]></desc></option></options><answers><![CDATA[C]]></answers></question><question><type>2</type><format>html</format><desc><![CDATA[12.营养性缺铁性贫血患儿来门诊复查血常规，其外周血象检查结果，<b><u>错误</u></b>的是]]></desc><options><option><id>A</id><type>text</type><desc><![CDATA[呈小细胞低色素性贫血]]></desc></option><option><id>B</id><type>text</type><desc><![CDATA[网织红细胞数正常或轻微减少]]></desc></option><option><id>C</id><type>text</type><desc><![CDATA[红细胞大小不等，以小细胞为主]]></desc></option><option><id>D</id><type>text</type><desc><![CDATA[白细胞、血小板多正常]]></desc></option><option><id>E</id><type>text</type><desc><![CDATA[红细胞减少较血红蛋白明显]]></desc></option></options><answers><![CDATA[E]]></answers></question><question><type>2</type><format>text</format><desc><![CDATA[13.营养性缺铁性贫血患者经过一个月的多维铁治疗，妈妈问护士，她孩子的治疗疗程总共是]]></desc><options><option><id>A</id><type>text</type><desc><![CDATA[网织红细胞上升]]></desc></option><option><id>B</id><type>text</type><desc><![CDATA[血红蛋白上升]]></desc></option><option><id>C</id><type>text</type><desc><![CDATA[血红蛋白正常后2周左右停药]]></desc></option><option><id>D</id><type>text</type><desc><![CDATA[血红蛋白正常后2个月左右停药]]></desc></option><option><id>E</id><type>text</type><desc><![CDATA[血红蛋白正常后即停药]]></desc></option></options><answers><![CDATA[D]]></answers></question><question><type>2</type><format>text</format><desc><![CDATA[14.一天，医生查房时询问学生，缺铁性贫血患儿铁剂治疗1周左右，实验室检查首先升高的是]]></desc><options><option><id>A</id><type>text</type><desc><![CDATA[血红蛋白]]></desc></option><option><id>B</id><type>text</type><desc><![CDATA[血清铁]]></desc></option><option><id>C</id><type>text</type><desc><![CDATA[血清铁饱和度]]></desc></option><option><id>D</id><type>text</type><desc><![CDATA[网织红细胞]]></desc></option><option><id>E</id><type>text</type><desc><![CDATA[红细胞平均容积]]></desc></option></options><answers><![CDATA[D]]></answers></question><question><type>2</type><format>text</format><desc><![CDATA[15.一早产儿出院，护士指导家长预防婴儿营养性缺铁性贫血主要的措施是]]></desc><options><option><id>A</id><type>text</type><desc><![CDATA[母乳喂养]]></desc></option><option><id>B</id><type>text</type><desc><![CDATA[牛乳喂养]]></desc></option><option><id>C</id><type>text</type><desc><![CDATA[及时添加含铁丰富的辅食]]></desc></option><option><id>D</id><type>text</type><desc><![CDATA[母乳喂养，并及时添加含铁丰富的辅食]]></desc></option><option><id>E</id><type>text</type><desc><![CDATA[及时添加铁剂]]></desc></option></options><answers><![CDATA[D]]></answers></question><question><type>2</type><format>text</format><desc><![CDATA[16.患儿，男，2岁。诊断为营养性巨幼细胞贫血，护士在巡视病房时，家长问其与其他贫血鉴别特征性的临床表现是]]></desc><options><option><id>A</id><type>text</type><desc><![CDATA[皮肤、面色苍黄]]></desc></option><option><id>B</id><type>text</type><desc><![CDATA[肝脾肿大]]></desc></option><option><id>C</id><type>text</type><desc><![CDATA[心脏扩大]]></desc></option><option><id>D</id><type>text</type><desc><![CDATA[神经、精神症状]]></desc></option><option><id>E</id><type>text</type><desc><![CDATA[注意力不集中]]></desc></option></options><answers><![CDATA[D]]></answers></question><question><type>2</type><format>html</format><desc><![CDATA[17.患儿皮肤黏膜逐渐苍白2个月，单纯母乳喂养。Hb60g/L，RBC3×10<sup>12</sup>/L，RBC中央浅染区扩大。首先应考虑的诊断是]]></desc><options><option><id>A</id><type>text</type><desc><![CDATA[营养性混合性贫血]]></desc></option><option><id>B</id><type>text</type><desc><![CDATA[营养性巨幼细胞贫血]]></desc></option><option><id>C</id><type>text</type><desc><![CDATA[营养性缺铁性贫血]]></desc></option><option><id>D</id><type>text</type><desc><![CDATA[再生障碍性贫血]]></desc></option><option><id>E</id><type>text</type><desc><![CDATA[生理性贫血]]></desc></option></options><answers><![CDATA[C]]></answers></question><question><type>2</type><format>html</format><desc><![CDATA[18.患儿，男，急性淋巴细胞性白血病，使用环磷酰胺需要注意的副作用哪项<u><b>不是</b></u>]]></desc><options><option><id>A</id><type>text</type><desc><![CDATA[骨髓抑制]]></desc></option><option><id>B</id><type>text</type><desc><![CDATA[脱发]]></desc></option><option><id>C</id><type>text</type><desc><![CDATA[出血性膀胱炎]]></desc></option><option><id>D</id><type>text</type><desc><![CDATA[周围神经炎]]></desc></option><option><id>E</id><type>text</type><desc><![CDATA[肝脏损害]]></desc></option></options><answers><![CDATA[D]]></answers></question><question><type>2</type><format>text</format><desc><![CDATA[19.患儿因“皮肤、面色苍黄1个月”入院。入院后诊断为营养性巨幼细胞贫血。该患儿最适宜的治疗是]]></desc><options><option><id>A</id><type>text</type><desc><![CDATA[口服铁剂]]></desc></option><option><id>B</id><type>text</type><desc><![CDATA[输血]]></desc></option><option><id>C</id><type>text</type><desc><![CDATA[铁剂+维生素C]]></desc></option><option><id>D</id><type>text</type><desc><![CDATA[维生素B<sub>12</sub>+叶酸]]></desc></option><option><id>E</id><type>text</type><desc><![CDATA[钙剂]]></desc></option></options><answers><![CDATA[D]]></answers></question><question><type>2</type><format>text</format><desc><![CDATA[20.患儿，女，5岁。一周来发现双下肢多次大小不等的出血点，诊断为免疫性血小板减少症。治疗的首选药物]]></desc><options><option><id>A</id><type>text</type><desc><![CDATA[阿司匹林]]></desc></option><option><id>B</id><type>text</type><desc><![CDATA[糖皮质激素]]></desc></option><option><id>C</id><type>text</type><desc><![CDATA[丙种球蛋白]]></desc></option><option><id>D</id><type>text</type><desc><![CDATA[输入血小板]]></desc></option><option><id>E</id><type>text</type><desc><![CDATA[新鲜血浆]]></desc></option></options><answers><![CDATA[B]]></answers></question><question><type>2</type><format>text</format><desc><![CDATA[21.患儿，男，3岁。诊断为免疫性血小板减少症，护士在巡视病房时，交代家长患儿要保持大便通畅，避免用力排便，主要原因是]]></desc><options><option><id>A</id><type>text</type><desc><![CDATA[以免肛门破裂出血]]></desc></option><option><id>B</id><type>text</type><desc><![CDATA[以免皮肤黏膜出血加重]]></desc></option><option><id>C</id><type>text</type><desc><![CDATA[以免引发颅内出血]]></desc></option><option><id>D</id><type>text</type><desc><![CDATA[以免增加心脏负担]]></desc></option><option><id>E</id><type>text</type><desc><![CDATA[以免哭闹，呕吐]]></desc></option></options><answers><![CDATA[C]]></answers></question><question><type>2</type><format>html</format><desc><![CDATA[22.某早产儿，生后即人工喂养。血常规：血红蛋白90g/L,红细胞数3.0×10<sup>12</sup>/L。诊断为营养性缺铁性贫血。护士指导家长对该婴儿补充铁剂的时间是]]></desc><options><option><id>A</id><type>text</type><desc><![CDATA[2个月龄]]></desc></option><option><id>B</id><type>text</type><desc><![CDATA[3个月龄]]></desc></option><option><id>C</id><type>text</type><desc><![CDATA[4个月龄]]></desc></option><option><id>D</id><type>text</type><desc><![CDATA[5个月龄]]></desc></option><option><id>E</id><type>text</type><desc><![CDATA[6个月龄]]></desc></option></options><answers><![CDATA[A]]></answers></question><question><type>2</type><format>html</format><desc><![CDATA[23.患儿，男，4岁。诊断为营养性缺铁性贫血，护士去病房发药时，对家长进行铁剂的用药指导中<u><b>错误</b></u>的是]]></desc><options><option><id>A</id><type>text</type><desc><![CDATA[应从小剂量服用]]></desc></option><option><id>B</id><type>text</type><desc><![CDATA[在饭前服用]]></desc></option><option><id>C</id><type>text</type><desc><![CDATA[可与果汁同时服用]]></desc></option><option><id>D</id><type>text</type><desc><![CDATA[可与维生素C同服]]></desc></option><option><id>E</id><type>text</type><desc><![CDATA[用滴管服用，及时漱口]]></desc></option></options><answers><![CDATA[B]]></answers></question></questions></exam>