﻿<?xml version="1.0" encoding="UTF-8"?><exam><id>20181018131006</id><questions><instructions><![CDATA[A1型题]]></instructions><question><type>1</type><format>text</format><desc><![CDATA[1.2个月以下儿童化脓性脑膜炎最常见的病原体是]]></desc><options><option><id>A</id><type>text</type><desc><![CDATA[水痘病毒]]></desc></option><option><id>B</id><type>text</type><desc><![CDATA[肺炎链球菌]]></desc></option><option><id>C</id><type>text</type><desc><![CDATA[大肠埃希菌]]></desc></option><option><id>D</id><type>text</type><desc><![CDATA[溶血性链球菌]]></desc></option><option><id>E</id><type>text</type><desc><![CDATA[轮状病毒]]></desc></option></options><answers><![CDATA[C]]></answers></question><question><type>1</type><format>text</format><desc><![CDATA[2.化脓性脑膜炎最常见的感染途径是]]></desc><options><option><id>A</id><type>text</type><desc><![CDATA[皮肤黏膜]]></desc></option><option><id>B</id><type>text</type><desc><![CDATA[呼吸道]]></desc></option><option><id>C</id><type>text</type><desc><![CDATA[直接蔓延]]></desc></option><option><id>D</id><type>text</type><desc><![CDATA[血行感染]]></desc></option><option><id>E</id><type>text</type><desc><![CDATA[淋巴道]]></desc></option></options><answers><![CDATA[D]]></answers></question><question><type>1</type><format>text</format><desc><![CDATA[3.化脓性脑膜炎最常见的并发症是]]></desc><options><option><id>A</id><type>text</type><desc><![CDATA[脑积水]]></desc></option><option><id>B</id><type>text</type><desc><![CDATA[脑脓肿]]></desc></option><option><id>C</id><type>text</type><desc><![CDATA[硬脑膜下积液]]></desc></option><option><id>D</id><type>text</type><desc><![CDATA[偏瘫]]></desc></option><option><id>E</id><type>text</type><desc><![CDATA[亚急性硬化性全脑炎]]></desc></option></options><answers><![CDATA[C]]></answers></question><question><type>1</type><format>text</format><desc><![CDATA[4.确诊化脓性脑膜炎的主要依据是]]></desc><options><option><id>A</id><type>text</type><desc><![CDATA[病史]]></desc></option><option><id>B</id><type>text</type><desc><![CDATA[身体状况]]></desc></option><option><id>C</id><type>text</type><desc><![CDATA[脑脊液培养]]></desc></option><option><id>D</id><type>text</type><desc><![CDATA[脑电图]]></desc></option><option><id>E</id><type>text</type><desc><![CDATA[脑CT]]></desc></option></options><answers><![CDATA[C]]></answers></question><question><type>1</type><format>html</format><desc><![CDATA[5.下列<u><b>不是</b></u>病毒性脑炎的病原体是]]></desc><options><option><id>A</id><type>text</type><desc><![CDATA[柯萨奇病毒]]></desc></option><option><id>B</id><type>text</type><desc><![CDATA[埃可病毒]]></desc></option><option><id>C</id><type>text</type><desc><![CDATA[乙脑病毒]]></desc></option><option><id>D</id><type>text</type><desc><![CDATA[疱疹病毒]]></desc></option><option><id>E</id><type>text</type><desc><![CDATA[腺病毒]]></desc></option></options><answers><![CDATA[E]]></answers></question><question><type>1</type><format>text</format><desc><![CDATA[6.婴幼儿惊厥最常见的原因是]]></desc><options><option><id>A</id><type>text</type><desc><![CDATA[颅内感染]]></desc></option><option><id>B</id><type>text</type><desc><![CDATA[热性惊厥]]></desc></option><option><id>C</id><type>text</type><desc><![CDATA[低钙血症]]></desc></option><option><id>D</id><type>text</type><desc><![CDATA[癫痫]]></desc></option><option><id>E</id><type>text</type><desc><![CDATA[颅内肿瘤]]></desc></option></options><answers><![CDATA[B]]></answers></question><question><type>1</type><format>html</format><desc><![CDATA[7.下列<u><b>不属于</b></u>热性惊厥特点的选项是]]></desc><options><option><id>A</id><type>text</type><desc><![CDATA[好发于6个月至5岁儿童]]></desc></option><option><id>B</id><type>text</type><desc><![CDATA[发作时间短，＜10分钟]]></desc></option><option><id>C</id><type>text</type><desc><![CDATA[一次热程反复发作]]></desc></option><option><id>D</id><type>text</type><desc><![CDATA[脑电图正常]]></desc></option><option><id>E</id><type>text</type><desc><![CDATA[发作后不留神经系统体征]]></desc></option></options><answers><![CDATA[C]]></answers></question><question><type>1</type><format>text</format><desc><![CDATA[8.控制惊厥持续状态首选药物为]]></desc><options><option><id>A</id><type>text</type><desc><![CDATA[肌注苯巴比妥]]></desc></option><option><id>B</id><type>text</type><desc><![CDATA[苯妥英钠静注]]></desc></option><option><id>C</id><type>text</type><desc><![CDATA[丙戊酸钠静注]]></desc></option><option><id>D</id><type>text</type><desc><![CDATA[水合氯醛灌肠]]></desc></option><option><id>E</id><type>text</type><desc><![CDATA[地西泮静注]]></desc></option></options><answers><![CDATA[E]]></answers></question></questions><questions><instructions><![CDATA[A2型题]]></instructions><question><type>2</type><format>html</format><desc><![CDATA[9.患儿，女，3个月。因发热2天，抽搐1天就诊，入院时体温39.3℃，出现抽搐并伴有喷射性呕吐，体检：前囟饱满，双侧瞳孔反射不对称，脑膜刺激征阳性。实验室检查：白细胞2000×l0<sup>6</sup>/L，以中性粒细胞为主，该患儿可能]]></desc><options><option><id>A</id><type>text</type><desc><![CDATA[热性惊厥]]></desc></option><option><id>B</id><type>text</type><desc><![CDATA[电解质紊乱]]></desc></option><option><id>C</id><type>text</type><desc><![CDATA[低钙惊厥]]></desc></option><option><id>D</id><type>text</type><desc><![CDATA[癫痫发作]]></desc></option><option><id>E</id><type>text</type><desc><![CDATA[化脓性脑膜炎]]></desc></option></options><answers><![CDATA[E]]></answers></question><question><type>2</type><format>html</format><desc><![CDATA[10.患儿，男，6月。诊断化脓性脑膜炎，经抗生素治疗一周后热退，病情好转，复查脑脊液白细胞数由1500×l0<sup>6</sup>/L降至50×l0<sup>6</sup>/L。近2天又开始发烧，体温39.8℃，并出现频繁呕吐，可能并发了]]></desc><options><option><id>A</id><type>text</type><desc><![CDATA[硬膜下积液]]></desc></option><option><id>B</id><type>text</type><desc><![CDATA[脑性瘫痪]]></desc></option><option><id>C</id><type>text</type><desc><![CDATA[胶质细胞瘤]]></desc></option><option><id>D</id><type>text</type><desc><![CDATA[蛛网膜下腔出血]]></desc></option><option><id>E</id><type>text</type><desc><![CDATA[神经母细胞瘤]]></desc></option></options><answers><![CDATA[A]]></answers></question><question><type>2</type><format>text</format><desc><![CDATA[11.患儿，女，1岁。诊断为化脓性脑膜炎，因频繁抽搐，急诊入院。入院时，全身肌肉痉挛，双手握拳，两眼上翻，牙关紧闭，口吐白沫，有痰鸣，头向后仰，首要的护理措施是]]></desc><options><option><id>A</id><type>text</type><desc><![CDATA[针刺人中穴]]></desc></option><option><id>B</id><type>text</type><desc><![CDATA[密切观察体温变化]]></desc></option><option><id>C</id><type>text</type><desc><![CDATA[立即输注抗生素控制感染]]></desc></option><option><id>D</id><type>text</type><desc><![CDATA[静脉输注20％甘露醇，防止脑水肿]]></desc></option><option><id>E</id><type>text</type><desc><![CDATA[清除口鼻腔分泌物，保持呼吸道通畅]]></desc></option></options><answers><![CDATA[E]]></answers></question><question><type>2</type><format>html</format><desc><![CDATA[12.患儿，男，5岁。因头痛、发热两天入院。入院时精神萎靡，并出现喷射样呕吐2次。实验室检查：白细胞高，中性粒细胞为主。脑脊液检查：外观浑浊、压力高。确诊为“化脓性脑膜炎”，下列哪项护理措施是<u><b>错误的</b></u>]]></desc><options><option><id>A</id><type>text</type><desc><![CDATA[保持室温18～20℃，湿度50％～60％]]></desc></option><option><id>B</id><type>text</type><desc><![CDATA[体温大于38.5℃给予物理降温]]></desc></option><option><id>C</id><type>text</type><desc><![CDATA[不能进食者给予鼻饲]]></desc></option><option><id>D</id><type>text</type><desc><![CDATA[及时更换潮湿的衣服，脱衣服时，先脱患侧再脱健侧]]></desc></option><option><id>E</id><type>text</type><desc><![CDATA[严密观察患儿生命体征、神志、瞳孔的变化]]></desc></option></options><answers><![CDATA[D]]></answers></question><question><type>2</type><format>text</format><desc><![CDATA[13.患儿，男，5岁。一周前流涕。继之高热、头痛、嗜睡、精神异常、意识障碍。口唇有疱疹。白细胞正常。实验室检查脑脊液基本正常。首先应考虑]]></desc><options><option><id>A</id><type>text</type><desc><![CDATA[结核性脑膜炎]]></desc></option><option><id>B</id><type>text</type><desc><![CDATA[化脓性脑膜炎]]></desc></option><option><id>C</id><type>text</type><desc><![CDATA[病毒性脑膜炎]]></desc></option><option><id>D</id><type>text</type><desc><![CDATA[脑脓肿]]></desc></option><option><id>E</id><type>text</type><desc><![CDATA[脑栓塞]]></desc></option></options><answers><![CDATA[C]]></answers></question><question><type>2</type><format>text</format><desc><![CDATA[14.患儿，女，2岁。咳嗽、流涕1天，今起发热，来医院途中突然抽搐，呈全身性，持续约30秒钟，查体：体温39.8℃，脉搏130次/分，R28次/分，神志清楚，咽部充血，其他无特殊异常。应首先考虑]]></desc><options><option><id>A</id><type>text</type><desc><![CDATA[化脓性脑膜炎]]></desc></option><option><id>B</id><type>text</type><desc><![CDATA[病毒性脑膜炎]]></desc></option><option><id>C</id><type>text</type><desc><![CDATA[中毒性脑病]]></desc></option><option><id>D</id><type>text</type><desc><![CDATA[低钙惊厥]]></desc></option><option><id>E</id><type>text</type><desc><![CDATA[热性惊厥]]></desc></option></options><answers><![CDATA[E]]></answers></question><question><type>2</type><format>html</format><desc><![CDATA[15.患儿，男，9个月。晨起高热39.5℃，嗜睡。中午卧床休息中突然意识丧失，眼球上翻，全身阵挛性抽动。处理惊厥发作患儿的操作，<u><b>不妥</b></u>的是]]></desc><options><option><id>A</id><type>text</type><desc><![CDATA[立即送往医院]]></desc></option><option><id>B</id><type>text</type><desc><![CDATA[松解衣领，平卧头侧位]]></desc></option><option><id>C</id><type>text</type><desc><![CDATA[将舌轻轻向外牵拉]]></desc></option><option><id>D</id><type>text</type><desc><![CDATA[手心或腋下放置纱布]]></desc></option><option><id>E</id><type>text</type><desc><![CDATA[用纱布包裹压舌板置于患儿上、下磨牙间]]></desc></option></options><answers><![CDATA[A]]></answers></question><question><type>2</type><format>text</format><desc><![CDATA[16.患儿，1岁。体温39.8℃，咳嗽、流涕1天，突然全身性抽搐约30秒钟，关于该患儿热性惊厥的健康指导，最重要的是]]></desc><options><option><id>A</id><type>text</type><desc><![CDATA[物理降温的方法]]></desc></option><option><id>B</id><type>text</type><desc><![CDATA[惊厥发作时的急救方法]]></desc></option><option><id>C</id><type>text</type><desc><![CDATA[遵医嘱按时给药]]></desc></option><option><id>D</id><type>text</type><desc><![CDATA[不能随便停药]]></desc></option><option><id>E</id><type>text</type><desc><![CDATA[嘱咐患儿避免到危险的地方]]></desc></option></options><answers><![CDATA[B]]></answers></question></questions></exam>