﻿<?xml version="1.0" encoding="UTF-8"?><exam><id>20181018131334</id><questions><instructions><![CDATA[A1型题]]></instructions><question><type>1</type><format>html</format><desc><![CDATA[1.导致先天性甲状腺功能减退症的病因<u><b>不包括</b></u>]]></desc><options><option><id>A</id><type>text</type><desc><![CDATA[甲状腺不发育或发育不全]]></desc></option><option><id>B</id><type>text</type><desc><![CDATA[甲状腺素合成途径缺陷]]></desc></option><option><id>C</id><type>text</type><desc><![CDATA[促甲状腺激素缺乏]]></desc></option><option><id>D</id><type>text</type><desc><![CDATA[甲状腺或靶器官反应性低下]]></desc></option><option><id>E</id><type>text</type><desc><![CDATA[碘摄入过多]]></desc></option></options><answers><![CDATA[E]]></answers></question><question><type>1</type><format>text</format><desc><![CDATA[2.新生儿甲状腺功能减退症常见于]]></desc><options><option><id>A</id><type>text</type><desc><![CDATA[早产儿]]></desc></option><option><id>B</id><type>text</type><desc><![CDATA[足月儿]]></desc></option><option><id>C</id><type>text</type><desc><![CDATA[过期产儿]]></desc></option><option><id>D</id><type>text</type><desc><![CDATA[低出生体重儿]]></desc></option><option><id>E</id><type>text</type><desc><![CDATA[小于胎龄儿]]></desc></option></options><answers><![CDATA[C]]></answers></question><question><type>1</type><format>text</format><desc><![CDATA[3.下列哪项是新生儿甲状腺功能减退症最早出现的症状]]></desc><options><option><id>A</id><type>text</type><desc><![CDATA[多睡]]></desc></option><option><id>B</id><type>text</type><desc><![CDATA[声音低哑]]></desc></option><option><id>C</id><type>text</type><desc><![CDATA[特殊面容]]></desc></option><option><id>D</id><type>text</type><desc><![CDATA[生理性黄疸时间延长]]></desc></option><option><id>E</id><type>text</type><desc><![CDATA[特殊体态]]></desc></option></options><answers><![CDATA[D]]></answers></question><question><type>1</type><format>text</format><desc><![CDATA[4.先天性甲状腺功能减退症的确诊依据是]]></desc><options><option><id>A</id><type>text</type><desc><![CDATA[新生儿筛查]]></desc></option><option><id>B</id><type>text</type><desc><![CDATA[血T<sub>3</sub>、T<sub>4</sub>、TSH检查]]></desc></option><option><id>C</id><type>text</type><desc><![CDATA[TRH刺激试验]]></desc></option><option><id>D</id><type>text</type><desc><![CDATA[骨骼X线检查]]></desc></option><option><id>E</id><type>text</type><desc><![CDATA[放射性核素检查]]></desc></option></options><answers><![CDATA[B]]></answers></question><question><type>1</type><format>text</format><desc><![CDATA[5.先天性甲状腺功能减退症服用甲状腺制剂的时间是]]></desc><options><option><id>A</id><type>text</type><desc><![CDATA[1～2年]]></desc></option><option><id>B</id><type>text</type><desc><![CDATA[2～4年]]></desc></option><option><id>C</id><type>text</type><desc><![CDATA[4～6年]]></desc></option><option><id>D</id><type>text</type><desc><![CDATA[6～8年]]></desc></option><option><id>E</id><type>text</type><desc><![CDATA[终生]]></desc></option></options><answers><![CDATA[E]]></answers></question><question><type>1</type><format>html</format><desc><![CDATA[6.儿童糖尿病<u><b>不出现</b></u>下列那项表现]]></desc><options><option><id>A</id><type>text</type><desc><![CDATA[多饮，多尿，消瘦]]></desc></option><option><id>B</id><type>text</type><desc><![CDATA[尿糖阳性]]></desc></option><option><id>C</id><type>text</type><desc><![CDATA[空腹血糖增高]]></desc></option><option><id>D</id><type>text</type><desc><![CDATA[糖耐量试验异常]]></desc></option><option><id>E</id><type>text</type><desc><![CDATA[血压升高]]></desc></option></options><answers><![CDATA[E]]></answers></question><question><type>1</type><format>text</format><desc><![CDATA[7.糖尿病酮症酸中毒多见于]]></desc><options><option><id>A</id><type>text</type><desc><![CDATA[1型糖尿病]]></desc></option><option><id>B</id><type>text</type><desc><![CDATA[2型糖尿病]]></desc></option><option><id>C</id><type>text</type><desc><![CDATA[其他特殊类型糖尿病]]></desc></option><option><id>D</id><type>text</type><desc><![CDATA[妊娠糖尿病]]></desc></option><option><id>E</id><type>text</type><desc><![CDATA[非胰岛素依赖型糖尿病]]></desc></option></options><answers><![CDATA[A]]></answers></question><question><type>1</type><format>text</format><desc><![CDATA[8.1型糖尿病最基本的治疗措施是]]></desc><options><option><id>A</id><type>text</type><desc><![CDATA[饮食治疗]]></desc></option><option><id>B</id><type>text</type><desc><![CDATA[口服降糖药物治疗]]></desc></option><option><id>C</id><type>text</type><desc><![CDATA[胰岛素治疗]]></desc></option><option><id>D</id><type>text</type><desc><![CDATA[合理的体育锻炼]]></desc></option><option><id>E</id><type>text</type><desc><![CDATA[胰岛细胞移植]]></desc></option></options><answers><![CDATA[C]]></answers></question></questions><questions><instructions><![CDATA[A2型题]]></instructions><question><type>2</type><format>text</format><desc><![CDATA[9.患儿，20天，过期产儿。出生体重4.2kg，哭声低哑，反应迟钝，食量少，黄疸未退，便秘，体重低，腹胀，该患儿最可能的诊断是]]></desc><options><option><id>A</id><type>text</type><desc><![CDATA[甲状腺功能减退症]]></desc></option><option><id>B</id><type>text</type><desc><![CDATA[苯丙酮尿症]]></desc></option><option><id>C</id><type>text</type><desc><![CDATA[先天愚型]]></desc></option><option><id>D</id><type>text</type><desc><![CDATA[先天性巨结肠]]></desc></option><option><id>E</id><type>text</type><desc><![CDATA[黏多糖]]></desc></option></options><answers><![CDATA[A]]></answers></question><question><type>2</type><format>text</format><desc><![CDATA[10.患儿，女，10岁。患1型糖尿病5年，用胰岛素治疗。体能测试后，患儿出现了心悸、出汗、头晕、手抖，饥饿感。护士正确判断是]]></desc><options><option><id>A</id><type>text</type><desc><![CDATA[胰岛素过量]]></desc></option><option><id>B</id><type>text</type><desc><![CDATA[饮食不足]]></desc></option><option><id>C</id><type>text</type><desc><![CDATA[过度劳累]]></desc></option><option><id>D</id><type>text</type><desc><![CDATA[低血糖反应]]></desc></option><option><id>E</id><type>text</type><desc><![CDATA[心源性晕厥]]></desc></option></options><answers><![CDATA[D]]></answers></question><question><type>2</type><format>text</format><desc><![CDATA[11.患儿，男，8岁。多饮、多尿、多食，体重下降，被诊断为1型糖尿病收入院治疗，其饮食中全日热量的分配方法是]]></desc><options><option><id>A</id><type>text</type><desc><![CDATA[早餐1/5，中餐2/5，晚餐2/5]]></desc></option><option><id>B</id><type>text</type><desc><![CDATA[早餐2/5，中餐2/5，晚餐1/5]]></desc></option><option><id>C</id><type>text</type><desc><![CDATA[早餐2/5，中餐1/5，晚餐2/5]]></desc></option><option><id>D</id><type>text</type><desc><![CDATA[早餐3/5，中餐1/5，晚餐1/5]]></desc></option><option><id>E</id><type>text</type><desc><![CDATA[早餐1/5，中餐1/5，晚餐3/5]]></desc></option></options><answers><![CDATA[A]]></answers></question><question><type>2</type><format>text</format><desc><![CDATA[12.患儿，男，11岁。被诊断为1型糖尿病，应用胰岛素治疗，近日出现清晨5～9时血糖和尿糖增高，应调整治疗为]]></desc><options><option><id>A</id><type>text</type><desc><![CDATA[加大早晨胰岛素的用量]]></desc></option><option><id>B</id><type>text</type><desc><![CDATA[减少早晨胰岛素的用量]]></desc></option><option><id>C</id><type>text</type><desc><![CDATA[加大晚间胰岛素的用量]]></desc></option><option><id>D</id><type>text</type><desc><![CDATA[减少晚间胰岛素的用量]]></desc></option><option><id>E</id><type>text</type><desc><![CDATA[加大运动量]]></desc></option></options><answers><![CDATA[C]]></answers></question></questions></exam>