﻿<?xml version="1.0" encoding="UTF-8"?><exam><id>20181018125211</id><questions><instructions><![CDATA[A1型题]]></instructions><question><type>1</type><format>text</format><desc><![CDATA[1.学龄前儿童每日正常尿量应为]]></desc><options><option><id>A</id><type>text</type><desc><![CDATA[400～500ml]]></desc></option><option><id>B</id><type>text</type><desc><![CDATA[500～600ml]]></desc></option><option><id>C</id><type>text</type><desc><![CDATA[600～800ml]]></desc></option><option><id>D</id><type>text</type><desc><![CDATA[800～1400ml]]></desc></option><option><id>E</id><type>text</type><desc><![CDATA[1500～2000ml]]></desc></option></options><answers><![CDATA[C]]></answers></question><question><type>1</type><format>html</format><desc><![CDATA[2.下列<u><b>不符合</b></u>儿童尿液特点的是]]></desc><options><option><id>A</id><type>text</type><desc><![CDATA[学龄前和学龄期一般每日排尿6～7次，3岁左右能控制排尿]]></desc></option><option><id>B</id><type>text</type><desc><![CDATA[儿童尿量个体差异比较大，一般学龄儿童＜400ml/d时即为少尿]]></desc></option><option><id>C</id><type>text</type><desc><![CDATA[正常婴幼儿尿液在寒冷季节放置后会出现白色浑浊]]></desc></option><option><id>D</id><type>text</type><desc><![CDATA[正常儿童尿中不应含有微量蛋白，如有考虑为病理性原因]]></desc></option><option><id>E</id><type>text</type><desc><![CDATA[新生儿尿液比重和渗透压均比成人略低]]></desc></option></options><answers><![CDATA[D]]></answers></question><question><type>1</type><format>text</format><desc><![CDATA[3.急性肾小球肾炎最早出现的症状是]]></desc><options><option><id>A</id><type>text</type><desc><![CDATA[发热]]></desc></option><option><id>B</id><type>text</type><desc><![CDATA[血尿]]></desc></option><option><id>C</id><type>text</type><desc><![CDATA[水肿]]></desc></option><option><id>D</id><type>text</type><desc><![CDATA[高血压]]></desc></option><option><id>E</id><type>text</type><desc><![CDATA[蛋白尿]]></desc></option></options><answers><![CDATA[C]]></answers></question><question><type>1</type><format>text</format><desc><![CDATA[4.引起急性肾炎最常见的病原菌是]]></desc><options><option><id>A</id><type>text</type><desc><![CDATA[草绿色链球菌]]></desc></option><option><id>B</id><type>text</type><desc><![CDATA[A组β溶血性链球菌]]></desc></option><option><id>C</id><type>text</type><desc><![CDATA[肺炎球菌]]></desc></option><option><id>D</id><type>text</type><desc><![CDATA[金黄色葡萄球菌]]></desc></option><option><id>E</id><type>text</type><desc><![CDATA[B组α溶血性链球菌]]></desc></option></options><answers><![CDATA[B]]></answers></question><question><type>1</type><format>html</format><desc><![CDATA[5.下列<u><b>不符合</b></u>急性肾小球肾炎的典型临床表现的是]]></desc><options><option><id>A</id><type>text</type><desc><![CDATA[患儿水肿多为眼睑及颜面部水肿，且多为凹陷性水肿]]></desc></option><option><id>B</id><type>text</type><desc><![CDATA[发病前1～4周患儿常有上呼吸道感染史]]></desc></option><option><id>C</id><type>text</type><desc><![CDATA[多数患儿有肉眼血尿，常伴程度不等的蛋白尿]]></desc></option><option><id>D</id><type>text</type><desc><![CDATA[30％～80％的病例可见轻中度的高血压]]></desc></option><option><id>E</id><type>text</type><desc><![CDATA[急性期常有食欲不振乏力、头痛、发热、恶心等全身症状]]></desc></option></options><answers><![CDATA[A]]></answers></question><question><type>1</type><format>text</format><desc><![CDATA[6.肾病综合征最基础的病理生理改变是]]></desc><options><option><id>A</id><type>text</type><desc><![CDATA[大量蛋白尿]]></desc></option><option><id>B</id><type>text</type><desc><![CDATA[低蛋白血症]]></desc></option><option><id>C</id><type>text</type><desc><![CDATA[水肿]]></desc></option><option><id>D</id><type>text</type><desc><![CDATA[高胆固醇血症]]></desc></option><option><id>E</id><type>text</type><desc><![CDATA[高血压]]></desc></option></options><answers><![CDATA[A]]></answers></question><question><type>1</type><format>text</format><desc><![CDATA[7.单纯性肾病最突出的临床表现是]]></desc><options><option><id>A</id><type>text</type><desc><![CDATA[血尿]]></desc></option><option><id>B</id><type>text</type><desc><![CDATA[高血压]]></desc></option><option><id>C</id><type>text</type><desc><![CDATA[凹陷性水肿]]></desc></option><option><id>D</id><type>text</type><desc><![CDATA[适于下肢逐渐遍及全身的水肿]]></desc></option><option><id>E</id><type>text</type><desc><![CDATA[蛋白尿]]></desc></option></options><answers><![CDATA[C]]></answers></question><question><type>1</type><format>text</format><desc><![CDATA[8.治疗肾病综合症的首选药物是]]></desc><options><option><id>A</id><type>text</type><desc><![CDATA[青霉素类抗生素]]></desc></option><option><id>B</id><type>text</type><desc><![CDATA[静注人免疫球蛋白]]></desc></option><option><id>C</id><type>text</type><desc><![CDATA[糖皮质激素]]></desc></option><option><id>D</id><type>text</type><desc><![CDATA[大环内酯类]]></desc></option><option><id>E</id><type>text</type><desc><![CDATA[免疫抑制剂]]></desc></option></options><answers><![CDATA[C]]></answers></question><question><type>1</type><format>text</format><desc><![CDATA[9.肾病综合征最常见的并发症是]]></desc><options><option><id>A</id><type>text</type><desc><![CDATA[感染]]></desc></option><option><id>B</id><type>text</type><desc><![CDATA[电解质紊乱]]></desc></option><option><id>C</id><type>text</type><desc><![CDATA[低血容量性休克]]></desc></option><option><id>D</id><type>text</type><desc><![CDATA[弥散性血管内凝血]]></desc></option><option><id>E</id><type>text</type><desc><![CDATA[急性肾衰竭]]></desc></option></options><answers><![CDATA[A]]></answers></question><question><type>1</type><format>text</format><desc><![CDATA[10.泌尿系感染中最常见的致病菌是]]></desc><options><option><id>A</id><type>text</type><desc><![CDATA[大肠埃希菌]]></desc></option><option><id>B</id><type>text</type><desc><![CDATA[军团菌]]></desc></option><option><id>C</id><type>text</type><desc><![CDATA[肺炎克雷伯杆菌]]></desc></option><option><id>D</id><type>text</type><desc><![CDATA[金黄色葡萄球菌]]></desc></option><option><id>E</id><type>text</type><desc><![CDATA[铜绿假单胞菌]]></desc></option></options><answers><![CDATA[A]]></answers></question></questions><questions><instructions><![CDATA[A2型题]]></instructions><question><type>2</type><format>text</format><desc><![CDATA[11.患儿，女，6岁。诊断为急性肾小球肾炎，该患儿水肿的特点是]]></desc><options><option><id>A</id><type>text</type><desc><![CDATA[凹陷性水肿，见于眼睑及颜面部]]></desc></option><option><id>B</id><type>text</type><desc><![CDATA[非凹陷性水肿，见于身体低垂部位]]></desc></option><option><id>C</id><type>text</type><desc><![CDATA[凹陷性水肿，见于身体低垂部位]]></desc></option><option><id>D</id><type>text</type><desc><![CDATA[非凹陷性水肿，见于眼睑及颜面部]]></desc></option><option><id>E</id><type>text</type><desc><![CDATA[以上均不对]]></desc></option></options><answers><![CDATA[D]]></answers></question><question><type>2</type><format>html</format><desc><![CDATA[12.患儿，男，6岁。2日来患儿出现眼睑及颜面部水肿，非凹陷性，尿液呈洗肉水样，尿量＜300ml/d，血压118/85mmHg。对该患儿护理<u><b>不妥的</b></u>是]]></desc><options><option><id>A</id><type>text</type><desc><![CDATA[可下床做轻微活动，禁止剧烈运动]]></desc></option><option><id>B</id><type>text</type><desc><![CDATA[给予高糖、高维生素、适量蛋白质、适量脂肪的低盐饮食]]></desc></option><option><id>C</id><type>text</type><desc><![CDATA[每日评估水肿情况]]></desc></option><option><id>D</id><type>text</type><desc><![CDATA[详细记录出入量]]></desc></option><option><id>E</id><type>text</type><desc><![CDATA[血沉正常可上学，但应避免体育活动]]></desc></option></options><answers><![CDATA[A]]></answers></question><question><type>2</type><format>text</format><desc><![CDATA[13.患儿，女，7岁。1周前患化脓性扁桃体炎。2日前患儿出现乏力，食欲不振，双眼睑及颜面部水肿，尿液呈浓茶色，血压140/90mmHg。实验室检查：尿中大量红细胞。血常规示：血红蛋白105g/L。血沉增快，抗链球菌溶血素“O”抗体增高。此患儿最可能的疾病是]]></desc><options><option><id>A</id><type>text</type><desc><![CDATA[肾炎型肾病]]></desc></option><option><id>B</id><type>text</type><desc><![CDATA[急进型肾炎]]></desc></option><option><id>C</id><type>text</type><desc><![CDATA[慢性肾炎]]></desc></option><option><id>D</id><type>text</type><desc><![CDATA[急性肾炎]]></desc></option><option><id>E</id><type>text</type><desc><![CDATA[肾盂肾炎]]></desc></option></options><answers><![CDATA[D]]></answers></question><question><type>2</type><format>html</format><desc><![CDATA[14.患儿，女，6岁。诊断“急性肾小球肾炎”。对于该患儿的治疗以下<b><u>不合理</u></b>的是]]></desc><options><option><id>A</id><type>text</type><desc><![CDATA[起病2周内绝对卧床休息]]></desc></option><option><id>B</id><type>text</type><desc><![CDATA[首选青霉素，肌注10～14天]]></desc></option><option><id>C</id><type>text</type><desc><![CDATA[出现高血压脑病时，首选硝普钠治疗]]></desc></option><option><id>D</id><type>text</type><desc><![CDATA[不需特别控制液体摄入量，给予高蛋白低盐饮食]]></desc></option><option><id>E</id><type>text</type><desc><![CDATA[必要时采用透析治疗]]></desc></option></options><answers><![CDATA[D]]></answers></question><question><type>2</type><format>text</format><desc><![CDATA[15.患儿，男，9岁。以急性肾炎收入院，患儿全身不适，乏力，食欲不振，眼睑、颜面部水肿明显，尿液呈浓茶色。对此患儿应采取的首要护理措施是]]></desc><options><option><id>A</id><type>text</type><desc><![CDATA[绝对卧床休息]]></desc></option><option><id>B</id><type>text</type><desc><![CDATA[低盐饮食]]></desc></option><option><id>C</id><type>text</type><desc><![CDATA[密切监测血压变化]]></desc></option><option><id>D</id><type>text</type><desc><![CDATA[严格记录出入量]]></desc></option><option><id>E</id><type>text</type><desc><![CDATA[每日测体重一次]]></desc></option></options><answers><![CDATA[A]]></answers></question><question><type>2</type><format>text</format><desc><![CDATA[16.患儿，男，8岁。以急性肾炎收入院。患儿入院当天，出现剧烈头痛、呕吐，测血压150/100mmHg。该患儿可能并发的是]]></desc><options><option><id>A</id><type>text</type><desc><![CDATA[严重循环充血]]></desc></option><option><id>B</id><type>text</type><desc><![CDATA[高血压脑病]]></desc></option><option><id>C</id><type>text</type><desc><![CDATA[急性肾衰竭]]></desc></option><option><id>D</id><type>text</type><desc><![CDATA[呼吸衰竭]]></desc></option><option><id>E</id><type>text</type><desc><![CDATA[急性肺水肿]]></desc></option></options><answers><![CDATA[B]]></answers></question><question><type>2</type><format>text</format><desc><![CDATA[17.患儿，男，5岁。诊断为急性肾小球肾炎。该病的发病机制为]]></desc><options><option><id>A</id><type>text</type><desc><![CDATA[病毒直接感染肾脏]]></desc></option><option><id>B</id><type>text</type><desc><![CDATA[单侧肾脏化脓性炎症]]></desc></option><option><id>C</id><type>text</type><desc><![CDATA[双侧肾脏化脓性炎症]]></desc></option><option><id>D</id><type>text</type><desc><![CDATA[抗原抗体免疫复合物引起的肾小球毛细血管炎性病变]]></desc></option><option><id>E</id><type>text</type><desc><![CDATA[A组β溶血性链球菌的直接感染]]></desc></option></options><answers><![CDATA[D]]></answers></question><question><type>2</type><format>text</format><desc><![CDATA[18.患儿，男，7岁。诊断为原发性肾病综合征。该患儿使用糖皮质激素治疗1个月后出院。对该患儿的出院指导应强调]]></desc><options><option><id>A</id><type>text</type><desc><![CDATA[遵医嘱用药，不可间断及随意停药]]></desc></option><option><id>B</id><type>text</type><desc><![CDATA[注意休息，调整饮食]]></desc></option><option><id>C</id><type>text</type><desc><![CDATA[本病的诱因]]></desc></option><option><id>D</id><type>text</type><desc><![CDATA[糖皮质激素治疗的不良反应]]></desc></option><option><id>E</id><type>text</type><desc><![CDATA[及时补充维生素D和钙剂]]></desc></option></options><answers><![CDATA[A]]></answers></question><question><type>2</type><format>text</format><desc><![CDATA[19.患儿，女，6岁。诊断为原发性肾病综合征。该患儿住院期间一直使用糖皮质激素治疗，对激素反应敏感。出院后半年内肾病复发，你认为该患儿复发的主要原因是]]></desc><options><option><id>A</id><type>text</type><desc><![CDATA[擅自停药]]></desc></option><option><id>B</id><type>text</type><desc><![CDATA[血栓]]></desc></option><option><id>C</id><type>text</type><desc><![CDATA[感染]]></desc></option><option><id>D</id><type>text</type><desc><![CDATA[肾功能不全]]></desc></option><option><id>E</id><type>text</type><desc><![CDATA[体育活动]]></desc></option></options><answers><![CDATA[C]]></answers></question><question><type>2</type><format>text</format><desc><![CDATA[20.患儿，男，8岁。诊断为肾病综合征。在住院期间，患儿突发腰痛，尿液呈鲜红色，尿量＜400ml/d。该患儿可能出现了]]></desc><options><option><id>A</id><type>text</type><desc><![CDATA[低钾血症]]></desc></option><option><id>B</id><type>text</type><desc><![CDATA[肾静脉血栓形成]]></desc></option><option><id>C</id><type>text</type><desc><![CDATA[低血容量性休克]]></desc></option><option><id>D</id><type>text</type><desc><![CDATA[急性肾衰竭]]></desc></option><option><id>E</id><type>text</type><desc><![CDATA[溶血尿毒症]]></desc></option></options><answers><![CDATA[B]]></answers></question></questions><questions><instructions><![CDATA[A3/A4型题]]></instructions><question><type>3</type><format>text</format><desc><![CDATA[21.患儿，男，7岁。因全身水肿2天，加重伴呼吸困难、尿少1天入院。查体：患儿全身凹陷性水肿，阴囊水肿明显，部分皮肤破溃。B超示：大量胸腔积液，腹水。实验室检查：尿蛋白（+++++），血浆白蛋白12g/L，血清胆固醇7.5 mmol/L。]]></desc><children><question><type>3</type><format>text</format><desc><![CDATA[（1）该患儿目前最可能的诊断是]]></desc><options><option><id>A</id><type>text</type><desc><![CDATA[急性左心衰]]></desc></option><option><id>B</id><type>text</type><desc><![CDATA[原发性肾病综合征]]></desc></option><option><id>C</id><type>text</type><desc><![CDATA[急性肾小球肾炎]]></desc></option><option><id>D</id><type>text</type><desc><![CDATA[泌尿系感染]]></desc></option><option><id>E</id><type>text</type><desc><![CDATA[肾炎性肾病]]></desc></option></options><answers><![CDATA[B]]></answers></question><question><type>3</type><format>html</format><desc><![CDATA[（2）对患儿的护理措施<u><b>不妥的</b></u>是]]></desc><options><option><id>A</id><type>text</type><desc><![CDATA[加强皮肤护理，防止感染]]></desc></option><option><id>B</id><type>text</type><desc><![CDATA[给予无盐或低盐饮食]]></desc></option><option><id>C</id><type>text</type><desc><![CDATA[每4小时协助患儿翻身1次，避免拖、拽]]></desc></option><option><id>D</id><type>text</type><desc><![CDATA[密切监测体温变化，有感染征象及时通知医生]]></desc></option><option><id>E</id><type>text</type><desc><![CDATA[阴囊水肿可用棉垫托起]]></desc></option></options><answers><![CDATA[C]]></answers></question><question><type>3</type><format>text</format><desc><![CDATA[（2）该患儿治疗的首选药物是]]></desc><options><option><id>A</id><type>text</type><desc><![CDATA[青霉素类抗生素]]></desc></option><option><id>B</id><type>text</type><desc><![CDATA[免疫抑制剂]]></desc></option><option><id>C</id><type>text</type><desc><![CDATA[糖皮质激素]]></desc></option><option><id>D</id><type>text</type><desc><![CDATA[静注人免疫球蛋白]]></desc></option><option><id>E</id><type>text</type><desc><![CDATA[低分子肝素钠]]></desc></option></options><answers><![CDATA[C]]></answers></question></children></question><question><type>3</type><format>text</format><desc><![CDATA[22.患儿，男，10岁。因眼睑、颜面部水肿2天，呼吸困难半天入院。入院诊断为原发性肾病综合征。]]></desc><children><question><type>3</type><format>html</format><desc><![CDATA[（1）患儿使用泼尼松治疗，在此期间，对患儿的护理措施<u><b>不妥的</b></u>是]]></desc><options><option><id>A</id><type>text</type><desc><![CDATA[加强皮肤护理，防止感染]]></desc></option><option><id>B</id><type>text</type><desc><![CDATA[增加蛋白质入量以补充机体丢失]]></desc></option><option><id>C</id><type>text</type><desc><![CDATA[观察有无库欣综合征的出现]]></desc></option><option><id>D</id><type>text</type><desc><![CDATA[轻微活动，防止骨折]]></desc></option><option><id>E</id><type>text</type><desc><![CDATA[适当补充维生素D和钙剂]]></desc></option></options><answers><![CDATA[B]]></answers></question><question><type>3</type><format>html</format><desc><![CDATA[（2）该患儿的常见护理诊断<u><b>不妥的</b></u>是]]></desc><options><option><id>A</id><type>text</type><desc><![CDATA[营养失调：低于机体需要量]]></desc></option><option><id>B</id><type>text</type><desc><![CDATA[潜在并发症：电解质紊乱、血栓形成及药物副作用]]></desc></option><option><id>C</id><type>text</type><desc><![CDATA[有感染的危险]]></desc></option><option><id>D</id><type>text</type><desc><![CDATA[气体交换受损]]></desc></option><option><id>E</id><type>text</type><desc><![CDATA[焦虑]]></desc></option></options><answers><![CDATA[D]]></answers></question><question><type>3</type><format>text</format><desc><![CDATA[（3）该患儿发生水肿的最主要原因是]]></desc><options><option><id>A</id><type>text</type><desc><![CDATA[蛋白质合成障碍]]></desc></option><option><id>B</id><type>text</type><desc><![CDATA[肾小管重吸收蛋白障碍]]></desc></option><option><id>C</id><type>text</type><desc><![CDATA[循环血容量不足]]></desc></option><option><id>D</id><type>text</type><desc><![CDATA[高脂血症]]></desc></option><option><id>E</id><type>text</type><desc><![CDATA[低蛋白血症]]></desc></option></options><answers><![CDATA[E]]></answers></question><question><type>3</type><format>html</format><desc><![CDATA[（4）对该患儿的出院指导<u><b>不妥的</b></u>是]]></desc><options><option><id>A</id><type>text</type><desc><![CDATA[按计划服药，不可擅自停药，以免复发]]></desc></option><option><id>B</id><type>text</type><desc><![CDATA[出现感染症状及时就诊]]></desc></option><option><id>C</id><type>text</type><desc><![CDATA[停药后1月可进行预防接种]]></desc></option><option><id>D</id><type>text</type><desc><![CDATA[不能剧烈活动，避免奔跑打闹]]></desc></option><option><id>E</id><type>text</type><desc><![CDATA[经常用试纸监测尿蛋白]]></desc></option></options><answers><![CDATA[C]]></answers></question></children></question></questions></exam>