﻿<?xml version="1.0" encoding="UTF-8"?><exam><id>20181018131631</id><questions><instructions><![CDATA[A1型题]]></instructions><question><type>1</type><format>html</format><desc><![CDATA[1.关于风湿热，下列叙述<u><b>不正确</b></u>的是]]></desc><options><option><id>A</id><type>text</type><desc><![CDATA[风湿热的病因，目前认为与A族β溶血性链球菌感染有关]]></desc></option><option><id>B</id><type>text</type><desc><![CDATA[本病可能由细菌直接侵犯结缔组织所致]]></desc></option><option><id>C</id><type>text</type><desc><![CDATA[本病可能是人体对溶血性链球菌感染引起的一种自身免疫反应的结果]]></desc></option><option><id>D</id><type>text</type><desc><![CDATA[发病与年龄有关，8岁左右最常见]]></desc></option><option><id>E</id><type>text</type><desc><![CDATA[四季均可发病，以冬季较多见]]></desc></option></options><answers><![CDATA[B]]></answers></question><question><type>1</type><format>text</format><desc><![CDATA[2.防风湿热复发的首选药物是]]></desc><options><option><id>A</id><type>text</type><desc><![CDATA[阿司匹林]]></desc></option><option><id>B</id><type>text</type><desc><![CDATA[磺胺药]]></desc></option><option><id>C</id><type>text</type><desc><![CDATA[红霉素]]></desc></option><option><id>D</id><type>text</type><desc><![CDATA[吲哚美辛]]></desc></option><option><id>E</id><type>text</type><desc><![CDATA[长效青霉素]]></desc></option></options><answers><![CDATA[E]]></answers></question><question><type>1</type><format>text</format><desc><![CDATA[3.风湿热急性期应用青霉素的目的是]]></desc><options><option><id>A</id><type>text</type><desc><![CDATA[制止风湿活动的进展]]></desc></option><option><id>B</id><type>text</type><desc><![CDATA[控制急性心力衰竭]]></desc></option><option><id>C</id><type>text</type><desc><![CDATA[减少心瓣膜病的发生]]></desc></option><option><id>D</id><type>text</type><desc><![CDATA[清除链球菌感染病灶]]></desc></option><option><id>E</id><type>text</type><desc><![CDATA[防止病程中继发感染]]></desc></option></options><answers><![CDATA[D]]></answers></question><question><type>1</type><format>text</format><desc><![CDATA[4.过敏性紫癜的首发症状为]]></desc><options><option><id>A</id><type>text</type><desc><![CDATA[皮肤紫癜]]></desc></option><option><id>B</id><type>text</type><desc><![CDATA[消化道症状]]></desc></option><option><id>C</id><type>text</type><desc><![CDATA[关节症状]]></desc></option><option><id>D</id><type>text</type><desc><![CDATA[肾脏症状]]></desc></option><option><id>E</id><type>text</type><desc><![CDATA[颅内出血]]></desc></option></options><answers><![CDATA[A]]></answers></question><question><type>1</type><format>html</format><desc><![CDATA[5.川崎病的临床表现中，应<u><b>除外</b></u>]]></desc><options><option><id>A</id><type>text</type><desc><![CDATA[发热、高达39～40℃，持续1～2周]]></desc></option><option><id>B</id><type>text</type><desc><![CDATA[全身出皮疹，并可见水疱及结痂]]></desc></option><option><id>C</id><type>text</type><desc><![CDATA[手足皮肤广泛硬性水肿，关节肿胀、疼痛和关节僵直]]></desc></option><option><id>D</id><type>text</type><desc><![CDATA[指、趾端膜状脱皮]]></desc></option><option><id>E</id><type>text</type><desc><![CDATA[双眼球结膜充血]]></desc></option></options><answers><![CDATA[B]]></answers></question><question><type>1</type><format>text</format><desc><![CDATA[6.川崎病的主要死亡原因是]]></desc><options><option><id>A</id><type>text</type><desc><![CDATA[脑出血]]></desc></option><option><id>B</id><type>text</type><desc><![CDATA[肺出血]]></desc></option><option><id>C</id><type>text</type><desc><![CDATA[心肌梗死]]></desc></option><option><id>D</id><type>text</type><desc><![CDATA[心律失常]]></desc></option><option><id>E</id><type>text</type><desc><![CDATA[脑疝]]></desc></option></options><answers><![CDATA[C]]></answers></question></questions><questions><instructions><![CDATA[A2型题]]></instructions><question><type>2</type><format>text</format><desc><![CDATA[7.6岁女孩，皮疹4天。一周前患呼吸道感染。体检发现四肢伸面散在紫红色斑丘疹，高出皮肤、手压不退色，初步考虑为]]></desc><options><option><id>A</id><type>text</type><desc><![CDATA[湿疹]]></desc></option><option><id>B</id><type>text</type><desc><![CDATA[荨麻疹]]></desc></option><option><id>C</id><type>text</type><desc><![CDATA[药物性皮疹]]></desc></option><option><id>D</id><type>text</type><desc><![CDATA[过敏性紫癜]]></desc></option><option><id>E</id><type>text</type><desc><![CDATA[丘疹性荨麻疹]]></desc></option></options><answers><![CDATA[D]]></answers></question><question><type>2</type><format>text</format><desc><![CDATA[8.8岁男孩，低热一周，伴双踝部疼痛和阵发性腹痛，发病前2周患猩红热。查体：心肺正常，踝关节未见明显红肿，但活动受限。初步考虑为急性风湿热早期表现，此时护理重点应观察]]></desc><options><option><id>A</id><type>text</type><desc><![CDATA[关节炎是否存在]]></desc></option><option><id>B</id><type>text</type><desc><![CDATA[是否存在心脏损害]]></desc></option><option><id>C</id><type>text</type><desc><![CDATA[链球菌感染是否已被清除]]></desc></option><option><id>D</id><type>text</type><desc><![CDATA[有无舞蹈病的表现]]></desc></option><option><id>E</id><type>text</type><desc><![CDATA[有无皮肤损害]]></desc></option></options><answers><![CDATA[B]]></answers></question></questions></exam>