{"_ZVING_RESULT":"[{\"id\":\"48174390\",\"pid\":\"0\",\"name\":\"第一章 绪论\",\"level\":\"0\",\"code\":\"48174389\",\"directorycode\":\"1\",\"directorytype\":\"body\"},{\"id\":\"48174392\",\"pid\":\"0\",\"name\":\"第二章 呼吸系统疾病病人的护理\",\"level\":\"0\",\"code\":\"48174391\",\"directorycode\":\"2\",\"directorytype\":\"body\"},{\"id\":\"48174394\",\"pid\":\"0\",\"name\":\"第三章 循环系统疾病病人的护理\",\"level\":\"0\",\"code\":\"48174393\",\"directorycode\":\"3\",\"directorytype\":\"body\"},{\"id\":\"48174396\",\"pid\":\"0\",\"name\":\"第四章 消化系统疾病病人的护理\",\"level\":\"0\",\"code\":\"48174395\",\"directorycode\":\"4\",\"directorytype\":\"body\"},{\"id\":\"48174398\",\"pid\":\"0\",\"name\":\"第五章 泌尿系统疾病病人的护理\",\"level\":\"0\",\"code\":\"48174397\",\"directorycode\":\"5\",\"directorytype\":\"body\"},{\"id\":\"48174400\",\"pid\":\"0\",\"name\":\"第六章 血液系统疾病病人的护理\",\"level\":\"0\",\"code\":\"48174399\",\"directorycode\":\"6\",\"directorytype\":\"body\"},{\"id\":\"48174402\",\"pid\":\"0\",\"name\":\"第七章 内分泌与代谢系统疾病病人的护理\",\"level\":\"0\",\"code\":\"48174401\",\"directorycode\":\"7\",\"directorytype\":\"body\"},{\"id\":\"48174404\",\"pid\":\"0\",\"name\":\"第八章 风湿性疾病病人的护理\",\"level\":\"0\",\"code\":\"48174403\",\"directorycode\":\"8\",\"directorytype\":\"body\"},{\"id\":\"48174406\",\"pid\":\"0\",\"name\":\"第九章 神经系统疾病病人的护理\",\"level\":\"0\",\"code\":\"48174405\",\"directorycode\":\"9\",\"directorytype\":\"body\"},{\"id\":\"48174408\",\"pid\":\"0\",\"name\":\"教学大纲\",\"level\":\"0\",\"code\":\"48174407\",\"directorycode\":\"10\",\"directorytype\":\"body\"}]","_ZVING_STATUS":"OK"}