﻿<?xml version="1.0" encoding="UTF-8"?><exam><id>20181009083827</id><questions><instructions><![CDATA[A1型题]]></instructions><question><type>1</type><format>text</format><desc><![CDATA[1.肾小球病的发病机制主要为]]></desc><options><option><id>A</id><type>text</type><desc><![CDATA[感染性炎症疾病]]></desc></option><option><id>B</id><type>text</type><desc><![CDATA[细胞免疫异常]]></desc></option><option><id>C</id><type>text</type><desc><![CDATA[与体液免疫无关]]></desc></option><option><id>D</id><type>text</type><desc><![CDATA[非免疫非炎症性疾病]]></desc></option><option><id>E</id><type>text</type><desc><![CDATA[免疫介导性炎症疾病]]></desc></option></options><answers><![CDATA[C]]></answers></question><question><type>1</type><format>text</format><desc><![CDATA[2.肾小球病作为一组疾病，其共同特点为]]></desc><options><option><id>A</id><type>text</type><desc><![CDATA[病因相同]]></desc></option><option><id>B</id><type>text</type><desc><![CDATA[病机制相同]]></desc></option><option><id>C</id><type>text</type><desc><![CDATA[临床表现相同]]></desc></option><option><id>D</id><type>text</type><desc><![CDATA[病理变化相同]]></desc></option><option><id>E</id><type>text</type><desc><![CDATA[病变主要侵犯双肾肾小球]]></desc></option></options><answers><![CDATA[E]]></answers></question><question><type>1</type><format>text</format><desc><![CDATA[3.慢性肾炎治疗的主要目标是]]></desc><options><option><id>A</id><type>text</type><desc><![CDATA[消除管型]]></desc></option><option><id>B</id><type>text</type><desc><![CDATA[消除蛋白质]]></desc></option><option><id>C</id><type>text</type><desc><![CDATA[消除血尿]]></desc></option><option><id>D</id><type>text</type><desc><![CDATA[控制高血压]]></desc></option><option><id>E</id><type>text</type><desc><![CDATA[延缓肾功能进行性减退]]></desc></option></options><answers><![CDATA[E]]></answers></question><question><type>1</type><format>text</format><desc><![CDATA[4.治疗慢性肾炎病人肾素依赖性高血压，首选]]></desc><options><option><id>A</id><type>text</type><desc><![CDATA[血管紧张素Ⅱ受体拮抗剂]]></desc></option><option><id>B</id><type>text</type><desc><![CDATA[血管紧张素转换酶抑制剂]]></desc></option><option><id>C</id><type>text</type><desc><![CDATA[钙通道阻滞剂]]></desc></option><option><id>D</id><type>text</type><desc><![CDATA[β受体阻滞剂]]></desc></option><option><id>E</id><type>text</type><desc><![CDATA[利尿剂]]></desc></option></options><answers><![CDATA[B]]></answers></question><question><type>1</type><format>text</format><desc><![CDATA[5.肾病综合征病人最常见的并发症是]]></desc><options><option><id>A</id><type>text</type><desc><![CDATA[感染]]></desc></option><option><id>B</id><type>text</type><desc><![CDATA[急性肾衰竭]]></desc></option><option><id>C</id><type>text</type><desc><![CDATA[高血压]]></desc></option><option><id>D</id><type>text</type><desc><![CDATA[低血容量休克]]></desc></option><option><id>E</id><type>text</type><desc><![CDATA[血栓形成]]></desc></option></options><answers><![CDATA[A]]></answers></question><question><type>1</type><format>html</format><desc><![CDATA[6.下列哪项<u><b>不是</b></u>肾病综合征时的共同临床表现]]></desc><options><option><id>A</id><type>text</type><desc><![CDATA[高脂血症]]></desc></option><option><id>B</id><type>text</type><desc><![CDATA[高血压]]></desc></option><option><id>C</id><type>text</type><desc><![CDATA[大量蛋白尿]]></desc></option><option><id>D</id><type>text</type><desc><![CDATA[低血浆白蛋白]]></desc></option><option><id>E</id><type>text</type><desc><![CDATA[水肿]]></desc></option></options><answers><![CDATA[B]]></answers></question><question><type>1</type><format>html</format><desc><![CDATA[7.肾病综合征应用激素治疗注意事项，哪项<u><b>不正确</b></u>]]></desc><options><option><id>A</id><type>text</type><desc><![CDATA[始量要足]]></desc></option><option><id>B</id><type>text</type><desc><![CDATA[减药要慢]]></desc></option><option><id>C</id><type>text</type><desc><![CDATA[维持用药要久]]></desc></option><option><id>D</id><type>text</type><desc><![CDATA[抗生素预防感染]]></desc></option><option><id>E</id><type>text</type><desc><![CDATA[无效时加用细胞毒药物]]></desc></option></options><answers><![CDATA[D]]></answers></question></questions><questions><instructions><![CDATA[A2型题]]></instructions><question><type>2</type><format>text</format><desc><![CDATA[8.王先生，25岁。全身重度水肿，尿蛋白6.4g/d，血浆白蛋白23g/L，血压80/60mmHg，肾功能BUN9.lmmol/L，Cr100mmol/L，目前首选的护理诊断是]]></desc><options><option><id>A</id><type>text</type><desc><![CDATA[焦虑]]></desc></option><option><id>B</id><type>text</type><desc><![CDATA[营养失调：低于机体需要量]]></desc></option><option><id>C</id><type>text</type><desc><![CDATA[潜在并发症：慢性肾衰竭]]></desc></option><option><id>D</id><type>text</type><desc><![CDATA[有感染的危险]]></desc></option><option><id>E</id><type>text</type><desc><![CDATA[体液过多]]></desc></option></options><answers><![CDATA[E]]></answers></question><question><type>2</type><format>text</format><desc><![CDATA[9.王先生，34岁。发现晨起眼睑水肿2年，腰酸，体格检查血压167/93mmHg，双踝部凹陷性水肿，血红蛋白101g/L，尿常规：蛋白++，红细胞l0～l5个/HP，白细胞0～3个/HP，24小时尿蛋白定量1.8g，血浆白蛋白34g/L，血Cr33.8mmol/L，BUN10.5mmol/L，最可能的诊断是]]></desc><options><option><id>A</id><type>text</type><desc><![CDATA[缺铁性贫血]]></desc></option><option><id>B</id><type>text</type><desc><![CDATA[急性肾小球肾炎]]></desc></option><option><id>C</id><type>text</type><desc><![CDATA[慢性肾小球肾炎]]></desc></option><option><id>D</id><type>text</type><desc><![CDATA[肾病综合征]]></desc></option><option><id>E</id><type>text</type><desc><![CDATA[原发性高血压]]></desc></option></options><answers><![CDATA[C]]></answers></question></questions></exam>