﻿<?xml version="1.0" encoding="UTF-8"?><exam><id>20181009094301</id><questions><instructions><![CDATA[A1型题]]></instructions><question><type>1</type><format>text</format><desc><![CDATA[1.脑血管病最重要的危险因素是]]></desc><options><option><id>A</id><type>text</type><desc><![CDATA[高血脂]]></desc></option><option><id>B</id><type>text</type><desc><![CDATA[高血压]]></desc></option><option><id>C</id><type>text</type><desc><![CDATA[肥胖]]></desc></option><option><id>D</id><type>text</type><desc><![CDATA[吸烟]]></desc></option><option><id>E</id><type>text</type><desc><![CDATA[高盐饮食]]></desc></option></options><answers><![CDATA[B]]></answers></question><question><type>1</type><format>text</format><desc><![CDATA[2.发生脑出血最常见的血管是]]></desc><options><option><id>A</id><type>text</type><desc><![CDATA[椎动脉]]></desc></option><option><id>B</id><type>text</type><desc><![CDATA[大脑后动脉]]></desc></option><option><id>C</id><type>text</type><desc><![CDATA[大脑中动脉]]></desc></option><option><id>D</id><type>text</type><desc><![CDATA[基底动脉]]></desc></option><option><id>E</id><type>text</type><desc><![CDATA[后交通动脉]]></desc></option></options><answers><![CDATA[C]]></answers></question><question><type>1</type><format>html</format><desc><![CDATA[3.给予瘫痪肢体宜保持功能位，<u><b>错误</b></u>的是]]></desc><options><option><id>A</id><type>text</type><desc><![CDATA[膝关节伸直]]></desc></option><option><id>B</id><type>text</type><desc><![CDATA[腕关节稍背屈]]></desc></option><option><id>C</id><type>text</type><desc><![CDATA[肘关节屈曲]]></desc></option><option><id>D</id><type>text</type><desc><![CDATA[踝关节垂直]]></desc></option><option><id>E</id><type>text</type><desc><![CDATA[膝关节处置一枕以防外旋]]></desc></option></options><answers><![CDATA[A]]></answers></question><question><type>1</type><format>text</format><desc><![CDATA[4.蛛网膜下隙出血最具有特征性的表现是]]></desc><options><option><id>A</id><type>text</type><desc><![CDATA[剧烈头痛]]></desc></option><option><id>B</id><type>text</type><desc><![CDATA[呕吐]]></desc></option><option><id>C</id><type>text</type><desc><![CDATA[脑膜刺激征]]></desc></option><option><id>D</id><type>text</type><desc><![CDATA[短暂意识障碍]]></desc></option><option><id>E</id><type>text</type><desc><![CDATA[一侧动眼神经麻痹]]></desc></option></options><answers><![CDATA[C]]></answers></question><question><type>1</type><format>text</format><desc><![CDATA[5.内囊出血的典型表现是]]></desc><options><option><id>A</id><type>text</type><desc><![CDATA[进行性头痛加剧]]></desc></option><option><id>B</id><type>text</type><desc><![CDATA[三偏征]]></desc></option><option><id>C</id><type>text</type><desc><![CDATA[频繁呕吐]]></desc></option><option><id>D</id><type>text</type><desc><![CDATA[大小便失禁]]></desc></option><option><id>E</id><type>text</type><desc><![CDATA[呼吸深沉而有鼾声]]></desc></option></options><answers><![CDATA[B]]></answers></question><question><type>1</type><format>text</format><desc><![CDATA[6.老年人脑血栓形成易发生在夜间休息状态下的主要原因是]]></desc><options><option><id>A</id><type>text</type><desc><![CDATA[气温较低]]></desc></option><option><id>B</id><type>text</type><desc><![CDATA[晚餐过]]></desc></option><option><id>C</id><type>text</type><desc><![CDATA[低枕平]]></desc></option><option><id>D</id><type>text</type><desc><![CDATA[血糖过低]]></desc></option><option><id>E</id><type>text</type><desc><![CDATA[血压低]]></desc></option></options><answers><![CDATA[E]]></answers></question><question><type>1</type><format>text</format><desc><![CDATA[7.给予脑出血急性期患者头部抬高的卧位，主要目的是]]></desc><options><option><id>A</id><type>text</type><desc><![CDATA[有利于口腔分泌物的引流]]></desc></option><option><id>B</id><type>text</type><desc><![CDATA[有利于颅内血液回流]]></desc></option><option><id>C</id><type>text</type><desc><![CDATA[防止呕吐]]></desc></option><option><id>D</id><type>text</type><desc><![CDATA[减轻头痛]]></desc></option><option><id>E</id><type>text</type><desc><![CDATA[防止脑缺氧]]></desc></option></options><answers><![CDATA[D]]></answers></question><question><type>1</type><format>html</format><desc><![CDATA[8.对高血压脑出血恢复期患者的饮食指导，<u><b>错误</b></u>的是]]></desc><options><option><id>A</id><type>text</type><desc><![CDATA[清淡]]></desc></option><option><id>B</id><type>text</type><desc><![CDATA[低钙]]></desc></option><option><id>C</id><type>text</type><desc><![CDATA[低胆固醇]]></desc></option><option><id>D</id><type>text</type><desc><![CDATA[避免饱餐]]></desc></option><option><id>E</id><type>text</type><desc><![CDATA[多吃新鲜蔬菜]]></desc></option></options><answers><![CDATA[B]]></answers></question><question><type>1</type><format>text</format><desc><![CDATA[9.给予急性脑血管病伴脑疝形成患者最急需的措施是]]></desc><options><option><id>A</id><type>text</type><desc><![CDATA[脑CT]]></desc></option><option><id>B</id><type>text</type><desc><![CDATA[脑MRI]]></desc></option><option><id>C</id><type>text</type><desc><![CDATA[腰椎穿刺]]></desc></option><option><id>D</id><type>text</type><desc><![CDATA[静脉注射甘露醇]]></desc></option><option><id>E</id><type>text</type><desc><![CDATA[脑血管造影]]></desc></option></options><answers><![CDATA[D]]></answers></question><question><type>1</type><format>text</format><desc><![CDATA[10.脑出血患者死亡的主要原因是]]></desc><options><option><id>A</id><type>text</type><desc><![CDATA[坠积性肺炎]]></desc></option><option><id>B</id><type>text</type><desc><![CDATA[压疮感染]]></desc></option><option><id>C</id><type>text</type><desc><![CDATA[脑疝]]></desc></option><option><id>D</id><type>text</type><desc><![CDATA[上消化道出血]]></desc></option><option><id>E</id><type>text</type><desc><![CDATA[中枢性高热]]></desc></option></options><answers><![CDATA[C]]></answers></question></questions><questions><instructions><![CDATA[A2型题]]></instructions><question><type>2</type><format>text</format><desc><![CDATA[11.患者，男性，70岁。既往多年高血压、糖尿病病史。今晨起时发现右侧肢体瘫痪、言语不清，立即被送入医院，诊断为脑梗死。该患者溶栓最佳时机为发病后几小时内]]></desc><options><option><id>A</id><type>text</type><desc><![CDATA[2小时]]></desc></option><option><id>B</id><type>text</type><desc><![CDATA[3小时]]></desc></option><option><id>C</id><type>text</type><desc><![CDATA[4小时]]></desc></option><option><id>D</id><type>text</type><desc><![CDATA[5小时]]></desc></option><option><id>E</id><type>text</type><desc><![CDATA[6小时]]></desc></option></options><answers><![CDATA[E]]></answers></question><question><type>2</type><format>text</format><desc><![CDATA[12.高血压患者，与家人发生口角后突然出现头痛、呕吐、意识不清情况。此时正确的护理措施是]]></desc><options><option><id>A</id><type>text</type><desc><![CDATA[去枕平卧位]]></desc></option><option><id>B</id><type>text</type><desc><![CDATA[补充血容量]]></desc></option><option><id>C</id><type>text</type><desc><![CDATA[24～48小时内避免搬动]]></desc></option><option><id>D</id><type>text</type><desc><![CDATA[鼻饲]]></desc></option><option><id>E</id><type>text</type><desc><![CDATA[插尿管]]></desc></option></options><answers><![CDATA[C]]></answers></question><question><type>2</type><format>html</format><desc><![CDATA[13.脑出血患者出现头痛、呕吐、意识不清，呼吸快而不规则，血压升高明显。下列护理措施<u><b>错误</b></u>的是]]></desc><options><option><id>A</id><type>text</type><desc><![CDATA[头略抬高]]></desc></option><option><id>B</id><type>text</type><desc><![CDATA[绝对卧床]]></desc></option><option><id>C</id><type>text</type><desc><![CDATA[清除口腔异物]]></desc></option><option><id>D</id><type>text</type><desc><![CDATA[鼻饲]]></desc></option><option><id>E</id><type>text</type><desc><![CDATA[定时翻身]]></desc></option></options><answers><![CDATA[E]]></answers></question><question><type>2</type><format>text</format><desc><![CDATA[14.患者有多年高脂血症病史。今晨突然出现一侧肢体瘫痪无力约1小时，症状自行缓解，初步考虑该患者的疾病是]]></desc><options><option><id>A</id><type>text</type><desc><![CDATA[短暂性脑缺血发作]]></desc></option><option><id>B</id><type>text</type><desc><![CDATA[脑血栓形成]]></desc></option><option><id>C</id><type>text</type><desc><![CDATA[脑栓塞]]></desc></option><option><id>D</id><type>text</type><desc><![CDATA[脑出血]]></desc></option><option><id>E</id><type>text</type><desc><![CDATA[蛛网膜下腔出血]]></desc></option></options><answers><![CDATA[A]]></answers></question><question><type>2</type><format>text</format><desc><![CDATA[15.患者，男性，65岁。多年吸烟、饮酒不良习惯。晨起时一侧肢体麻木，自行上厕所时感麻木下肢肢体无力而摔倒。护理体检：神志清醒，左侧肢体瘫痪，口角无歪斜。此时首先考虑的病情变化为]]></desc><options><option><id>A</id><type>text</type><desc><![CDATA[短暂性脑缺血性发作]]></desc></option><option><id>B</id><type>text</type><desc><![CDATA[脑血栓形成]]></desc></option><option><id>C</id><type>text</type><desc><![CDATA[脑栓塞]]></desc></option><option><id>D</id><type>text</type><desc><![CDATA[脑出血]]></desc></option><option><id>E</id><type>text</type><desc><![CDATA[蛛网膜下腔出血]]></desc></option></options><answers><![CDATA[B]]></answers></question></questions></exam>