﻿<?xml version="1.0" encoding="UTF-8"?><exam><id>20181008155531</id><questions><instructions><![CDATA[A1型题]]></instructions><question><type>1</type><format>text</format><desc><![CDATA[1.内科护士护理工作的首要职责是]]></desc><options><option><id>A</id><type>text</type><desc><![CDATA[疾病的临床诊断]]></desc></option><option><id>B</id><type>text</type><desc><![CDATA[疾病的护理组织]]></desc></option><option><id>C</id><type>text</type><desc><![CDATA[疾病的诊疗操作]]></desc></option><option><id>D</id><type>text</type><desc><![CDATA[病人的权益保护]]></desc></option><option><id>E</id><type>text</type><desc><![CDATA[病人的饮食供给]]></desc></option></options><answers><![CDATA[B]]></answers></question><question><type>1</type><format>text</format><desc><![CDATA[2.符合内科疾病的特点是]]></desc><options><option><id>A</id><type>text</type><desc><![CDATA[多呈急性发展]]></desc></option><option><id>B</id><type>text</type><desc><![CDATA[病情简单]]></desc></option><option><id>C</id><type>text</type><desc><![CDATA[以年轻病人居多]]></desc></option><option><id>D</id><type>text</type><desc><![CDATA[并发症多]]></desc></option><option><id>E</id><type>text</type><desc><![CDATA[病人反应良好]]></desc></option></options><answers><![CDATA[D]]></answers></question><question><type>1</type><format>text</format><desc><![CDATA[3.内科护士最基本的素质是]]></desc><options><option><id>A</id><type>text</type><desc><![CDATA[良好的职业道德]]></desc></option><option><id>B</id><type>text</type><desc><![CDATA[厚实的基本理论]]></desc></option><option><id>C</id><type>text</type><desc><![CDATA[扎实的临床能力]]></desc></option><option><id>D</id><type>text</type><desc><![CDATA[良好的护患关系]]></desc></option><option><id>E</id><type>text</type><desc><![CDATA[有效的医护配合]]></desc></option></options><answers><![CDATA[A]]></answers></question><question><type>1</type><format>text</format><desc><![CDATA[4.最能保障医疗护理质量的内科护士素质是]]></desc><options><option><id>A</id><type>text</type><desc><![CDATA[良好的职业道德]]></desc></option><option><id>B</id><type>text</type><desc><![CDATA[强烈的求知欲]]></desc></option><option><id>C</id><type>text</type><desc><![CDATA[扎实的临床能力]]></desc></option><option><id>D</id><type>text</type><desc><![CDATA[良好的护患关系]]></desc></option><option><id>E</id><type>text</type><desc><![CDATA[有效的医护配合]]></desc></option></options><answers><![CDATA[C]]></answers></question></questions><questions><instructions><![CDATA[A2型题]]></instructions><question><type>2</type><format>text</format><desc><![CDATA[5.病人，男性，76岁，高血压病史35年。便后剧烈头痛、呕吐胃内容物数次。入院时检查：神志模糊，闻喉鸣。家属对医生给予病人的治疗医嘱有抵触，此时护士需要承担角色是]]></desc><options><option><id>A</id><type>text</type><desc><![CDATA[照顾者]]></desc></option><option><id>B</id><type>text</type><desc><![CDATA[管理者]]></desc></option><option><id>C</id><type>text</type><desc><![CDATA[教育者]]></desc></option><option><id>D</id><type>text</type><desc><![CDATA[权益的保护者]]></desc></option><option><id>E</id><type>text</type><desc><![CDATA[协调者]]></desc></option></options><answers><![CDATA[E]]></answers></question><question><type>2</type><format>text</format><desc><![CDATA[6.病人，男性，76岁。反复上腹部疼痛35年，加重伴呕血2天入院。有“风湿病”服用糖皮质激素史。入院治疗一周后症状缓解准备出院，此时护士需要承担角色是]]></desc><options><option><id>A</id><type>text</type><desc><![CDATA[示范者]]></desc></option><option><id>B</id><type>text</type><desc><![CDATA[咨询者]]></desc></option><option><id>C</id><type>text</type><desc><![CDATA[教育者]]></desc></option><option><id>D</id><type>text</type><desc><![CDATA[权益的保护者]]></desc></option><option><id>E</id><type>text</type><desc><![CDATA[协调和合作者]]></desc></option></options><answers><![CDATA[C]]></answers></question><question><type>2</type><format>text</format><desc><![CDATA[7.病人，男性，68岁。反复咳嗽、咳痰、气促22年，加重伴发热1天入院。既往有慢性支气管炎病史及吸烟史。入院时医生准备给予其辅助检查及治疗项目，为了帮助病人对检查与治疗项目的选择，护士应担任的角色是]]></desc><options><option><id>A</id><type>text</type><desc><![CDATA[照顾者]]></desc></option><option><id>B</id><type>text</type><desc><![CDATA[教育者]]></desc></option><option><id>C</id><type>text</type><desc><![CDATA[协调者和合作者]]></desc></option><option><id>D</id><type>text</type><desc><![CDATA[权益的保护者]]></desc></option><option><id>E</id><type>text</type><desc><![CDATA[研究者]]></desc></option></options><answers><![CDATA[D]]></answers></question><question><type>2</type><format>text</format><desc><![CDATA[8.病人，女性，35岁。尿频、尿痛2天，以“尿路感染”住院，入院后进行尿液检查，需要病人配合留取晨尿送检。为了正确获得病人的尿液标本，护士应担任的角色是]]></desc><options><option><id>A</id><type>text</type><desc><![CDATA[示范者]]></desc></option><option><id>B</id><type>text</type><desc><![CDATA[咨询者]]></desc></option><option><id>C</id><type>text</type><desc><![CDATA[研讨者]]></desc></option><option><id>D</id><type>text</type><desc><![CDATA[权益的保护者]]></desc></option><option><id>E</id><type>text</type><desc><![CDATA[协调和合作者]]></desc></option></options><answers><![CDATA[E]]></answers></question></questions></exam>