﻿<?xml version="1.0" encoding="UTF-8"?><exam><id>20181008161756</id><questions><instructions><![CDATA[A1型题]]></instructions><question><type>1</type><format>text</format><desc><![CDATA[1.慢性肺源性心脏病，肺、心功能失代偿期最突出的表现是]]></desc><options><option><id>A</id><type>text</type><desc><![CDATA[休克]]></desc></option><option><id>B</id><type>text</type><desc><![CDATA[出血]]></desc></option><option><id>C</id><type>text</type><desc><![CDATA[昏迷]]></desc></option><option><id>D</id><type>text</type><desc><![CDATA[呼吸衰竭]]></desc></option><option><id>E</id><type>text</type><desc><![CDATA[心力衰竭]]></desc></option></options><answers><![CDATA[D]]></answers></question><question><type>1</type><format>text</format><desc><![CDATA[2.导致肺心病发生的最根本原因是]]></desc><options><option><id>A</id><type>text</type><desc><![CDATA[肺动脉高压]]></desc></option><option><id>B</id><type>text</type><desc><![CDATA[缺氧]]></desc></option><option><id>C</id><type>text</type><desc><![CDATA[二氧化碳潴留]]></desc></option><option><id>D</id><type>text</type><desc><![CDATA[肺血管重构]]></desc></option><option><id>E</id><type>text</type><desc><![CDATA[肺血管痉挛]]></desc></option></options><answers><![CDATA[A]]></answers></question><question><type>1</type><format>text</format><desc><![CDATA[3.慢性肺源性心脏病的症状加重主要由于]]></desc><options><option><id>A</id><type>text</type><desc><![CDATA[呼吸道感染]]></desc></option><option><id>B</id><type>text</type><desc><![CDATA[过度劳累]]></desc></option><option><id>C</id><type>text</type><desc><![CDATA[摄入钠盐过多]]></desc></option><option><id>D</id><type>text</type><desc><![CDATA[心律失常]]></desc></option><option><id>E</id><type>text</type><desc><![CDATA[停用洋地黄类制剂]]></desc></option></options><answers><![CDATA[A]]></answers></question></questions><questions><instructions><![CDATA[A2型题]]></instructions><question><type>2</type><format>text</format><desc><![CDATA[4.病人，女性，70岁。咳嗽、咳痰30年，活动后气促5年，双下肢水肿5年，加重20天入院，病人下肢水肿应考虑可能存在]]></desc><options><option><id>A</id><type>text</type><desc><![CDATA[肺心病右心衰]]></desc></option><option><id>B</id><type>text</type><desc><![CDATA[低蛋白血症]]></desc></option><option><id>C</id><type>text</type><desc><![CDATA[摄盐过多]]></desc></option><option><id>D</id><type>text</type><desc><![CDATA[合并肾炎]]></desc></option><option><id>E</id><type>text</type><desc><![CDATA[冠心病]]></desc></option></options><answers><![CDATA[A]]></answers></question><question><type>2</type><format>text</format><desc><![CDATA[5.病人，女性，67岁。有肺心病病史20年，此次因两周前受凉后，出现咳嗽、咳黄脓痰、呼吸困难加重，下肢水肿。经过积极抗感染治疗、吸氧等治疗后，效果不佳，仍有下肢水肿，需增加洋地黄类药物的使用。该病人使用洋地黄类药物的原则是]]></desc><options><option><id>A</id><type>text</type><desc><![CDATA[缓慢、大剂量]]></desc></option><option><id>B</id><type>text</type><desc><![CDATA[缓慢、中剂量]]></desc></option><option><id>C</id><type>text</type><desc><![CDATA[稀释、中剂量]]></desc></option><option><id>D</id><type>text</type><desc><![CDATA[稀释、大剂量]]></desc></option><option><id>E</id><type>text</type><desc><![CDATA[稀释、小剂量]]></desc></option></options><answers><![CDATA[E]]></answers></question><question><type>2</type><format>text</format><desc><![CDATA[6.病人，女性，67岁。肺心病病史20年，此次患肺炎，两周来咳嗽、咳痰，今晨呼吸困难加重，烦躁不安，神志恍惚。查体：体温37.4℃，脉搏110次/min，呼吸36次/min，心律不齐，口唇发绀，两肺底闻及细湿啰音，腹（-），血压正常。此时病人最可能出现了下述哪个情况]]></desc><options><option><id>A</id><type>text</type><desc><![CDATA[肺性脑病]]></desc></option><option><id>B</id><type>text</type><desc><![CDATA[上消化道出血]]></desc></option><option><id>C</id><type>text</type><desc><![CDATA[急性脑出血]]></desc></option><option><id>D</id><type>text</type><desc><![CDATA[肾衰竭]]></desc></option><option><id>E</id><type>text</type><desc><![CDATA[急性心力衰竭]]></desc></option></options><answers><![CDATA[A]]></answers></question><question><type>2</type><format>text</format><desc><![CDATA[7.病人，男性，68岁。肺心病病史，血气分析：动脉血氧分压6kPa（45mmHg），动脉二氧化碳分压10kPa（75mmHg）。应给予哪种氧疗法]]></desc><options><option><id>A</id><type>text</type><desc><![CDATA[持续低流量、低浓度给氧]]></desc></option><option><id>B</id><type>text</type><desc><![CDATA[持续高流量、高浓度给氧]]></desc></option><option><id>C</id><type>text</type><desc><![CDATA[间歇低流量、低浓度给氧]]></desc></option><option><id>D</id><type>text</type><desc><![CDATA[间歇高流量、高浓度给氧]]></desc></option><option><id>E</id><type>text</type><desc><![CDATA[间歇高流量、乙醇湿化给氧]]></desc></option></options><answers><![CDATA[A]]></answers></question><question><type>2</type><format>text</format><desc><![CDATA[8.病人，男性，64岁。因肺心病导致呼吸困难，采用半坐卧位的原因是]]></desc><options><option><id>A</id><type>text</type><desc><![CDATA[使病人逐渐适应体位变化，利于向站立过渡]]></desc></option><option><id>B</id><type>text</type><desc><![CDATA[减轻腹部切口疼痛]]></desc></option><option><id>C</id><type>text</type><desc><![CDATA[防止感染向上蔓延]]></desc></option><option><id>D</id><type>text</type><desc><![CDATA[减少局部出血]]></desc></option><option><id>E</id><type>text</type><desc><![CDATA[减轻心脏负担]]></desc></option></options><answers><![CDATA[E]]></answers></question><question><type>2</type><format>html</format><desc><![CDATA[9.病人，男性，82岁。肺心病，近半个月来咳嗽、咳痰，今晨呼吸困难加重，神志恍惚，烦躁不安。查体：体温36.4℃，脉搏120次/min，血压130/80mmHg，呼吸38次/min，口唇发绀，两肺底闻及湿啰音，该病人应<u><b>慎用</b></u>]]></desc><options><option><id>A</id><type>text</type><desc><![CDATA[镇静剂]]></desc></option><option><id>B</id><type>text</type><desc><![CDATA[祛痰剂]]></desc></option><option><id>C</id><type>text</type><desc><![CDATA[解痉平喘药]]></desc></option><option><id>D</id><type>text</type><desc><![CDATA[呼吸兴奋剂]]></desc></option><option><id>E</id><type>text</type><desc><![CDATA[抗感染药物]]></desc></option></options><answers><![CDATA[A]]></answers></question><question><type>2</type><format>text</format><desc><![CDATA[10.病人，男性，80岁，慢性肺源性心脏病病人发生右心衰竭时，首选的治疗措施为]]></desc><options><option><id>A</id><type>text</type><desc><![CDATA[用利尿剂降低心脏前负荷]]></desc></option><option><id>B</id><type>text</type><desc><![CDATA[用洋地黄药物增加心脏泵功能]]></desc></option><option><id>C</id><type>text</type><desc><![CDATA[用血管扩张剂降低右心前后负荷]]></desc></option><option><id>D</id><type>text</type><desc><![CDATA[气管插管机械通气]]></desc></option><option><id>E</id><type>text</type><desc><![CDATA[控制呼吸道感染，改善呼吸功能，纠正缺氧和二氧化碳潴留]]></desc></option></options><answers><![CDATA[E]]></answers></question></questions></exam>