﻿<?xml version="1.0" encoding="UTF-8"?><exam><id>20181009090908</id><questions><instructions><![CDATA[A1型题]]></instructions><question><type>1</type><format>text</format><desc><![CDATA[1.库欣综合征最常见的病因是]]></desc><options><option><id>A</id><type>text</type><desc><![CDATA[库欣病]]></desc></option><option><id>B</id><type>text</type><desc><![CDATA[异位ACTH综合征]]></desc></option><option><id>C</id><type>text</type><desc><![CDATA[肾上腺皮质腺瘤]]></desc></option><option><id>D</id><type>text</type><desc><![CDATA[肾上腺皮质腺癌]]></desc></option><option><id>E</id><type>text</type><desc><![CDATA[不依赖ACTH的肾上腺瘤结节性增生]]></desc></option></options><answers><![CDATA[A]]></answers></question><question><type>1</type><format>text</format><desc><![CDATA[2.关于库欣综合征的描述，正确的是]]></desc><options><option><id>A</id><type>text</type><desc><![CDATA[甲状腺激素过多]]></desc></option><option><id>B</id><type>text</type><desc><![CDATA[糖皮质激素过多]]></desc></option><option><id>C</id><type>text</type><desc><![CDATA[盐皮质激素过多]]></desc></option><option><id>D</id><type>text</type><desc><![CDATA[性激素过多]]></desc></option><option><id>E</id><type>text</type><desc><![CDATA[胰岛素过多]]></desc></option></options><answers><![CDATA[B]]></answers></question><question><type>1</type><format>html</format><desc><![CDATA[3.库欣综合征患者一般<u><b>不会</b></u>出现的临床表现是]]></desc><options><option><id>A</id><type>text</type><desc><![CDATA[向心性肥胖]]></desc></option><option><id>B</id><type>text</type><desc><![CDATA[高血压]]></desc></option><option><id>C</id><type>text</type><desc><![CDATA[骨质疏松]]></desc></option><option><id>D</id><type>text</type><desc><![CDATA[血糖降低]]></desc></option><option><id>E</id><type>text</type><desc><![CDATA[皮肤紫纹]]></desc></option></options><answers><![CDATA[D]]></answers></question></questions><questions><instructions><![CDATA[A2型题]]></instructions><question><type>2</type><format>text</format><desc><![CDATA[4.龚女士，30岁。因血压升高，血糖升高，向心性肥胖、面部痤疮入院。查血压176/110mmHg，月经量少而不规则。CT检查示垂体占位性病变。该病人可能患]]></desc><options><option><id>A</id><type>text</type><desc><![CDATA[糖尿病]]></desc></option><option><id>B</id><type>text</type><desc><![CDATA[高血压]]></desc></option><option><id>C</id><type>text</type><desc><![CDATA[妇科病]]></desc></option><option><id>D</id><type>text</type><desc><![CDATA[库欣综合征]]></desc></option><option><id>E</id><type>text</type><desc><![CDATA[肿瘤]]></desc></option></options><answers><![CDATA[D]]></answers></question><question><type>2</type><format>text</format><desc><![CDATA[5.何先生，52岁。向心性肥胖，面部痤疮，既往抽烟史25年，近3月来咳嗽、咳痰。胸片示肺门处有毛刺状阴影，该病人出现库欣综合征最可能的病因为]]></desc><options><option><id>A</id><type>text</type><desc><![CDATA[Cushing病]]></desc></option><option><id>B</id><type>text</type><desc><![CDATA[肺癌]]></desc></option><option><id>C</id><type>text</type><desc><![CDATA[肾上腺皮质腺瘤]]></desc></option><option><id>D</id><type>text</type><desc><![CDATA[肾上腺皮质腺癌]]></desc></option><option><id>E</id><type>text</type><desc><![CDATA[不依赖ACTH的肾上腺瘤结节性增生]]></desc></option></options><answers><![CDATA[B]]></answers></question><question><type>2</type><format>text</format><desc><![CDATA[6．田女士，28岁。肥胖、头痛伴闭经1年半。护理体检：血压160/110mmHg，向心性肥胖，满月脸，皮肤薄，有痤疮，腹壁有宽大紫纹，下肢胫前指凹性水肿。为明确诊断，拟查]]></desc><options><option><id>A</id><type>text</type><desc><![CDATA[血浆皮质醇]]></desc></option><option><id>B</id><type>text</type><desc><![CDATA[尿游离皮质醇]]></desc></option><option><id>C</id><type>text</type><desc><![CDATA[血皮质醇昼夜节律]]></desc></option><option><id>D</id><type>text</type><desc><![CDATA[小剂量地塞米松抑制试验]]></desc></option><option><id>E</id><type>text</type><desc><![CDATA[大剂量地塞米松抑制试验]]></desc></option></options><answers><![CDATA[B]]></answers></question><question><type>2</type><format>html</format><desc><![CDATA[7．叶女士，45岁。满月脸，向心性肥胖，皮肤紫纹，诊断为库欣综合征。护士指导病人饮食<u><b>不正确</b></u>的是]]></desc><options><option><id>A</id><type>text</type><desc><![CDATA[低热量]]></desc></option><option><id>B</id><type>text</type><desc><![CDATA[低蛋白]]></desc></option><option><id>C</id><type>text</type><desc><![CDATA[低钠]]></desc></option><option><id>D</id><type>text</type><desc><![CDATA[高钾]]></desc></option><option><id>E</id><type>text</type><desc><![CDATA[高钙]]></desc></option></options><answers><![CDATA[B]]></answers></question><question><type>2</type><format>html</format><desc><![CDATA[8．廖女士，42岁。因满月脸，向心性肥胖，高血压入院，诊断为库欣综合征。护士应指导病人<u><b>避免</b></u>进食过多]]></desc><options><option><id>A</id><type>text</type><desc><![CDATA[牛奶]]></desc></option><option><id>B</id><type>text</type><desc><![CDATA[糕点]]></desc></option><option><id>C</id><type>text</type><desc><![CDATA[柑橘]]></desc></option><option><id>D</id><type>text</type><desc><![CDATA[香蕉]]></desc></option><option><id>E</id><type>text</type><desc><![CDATA[蛋类]]></desc></option></options><answers><![CDATA[B]]></answers></question></questions><questions><instructions><![CDATA[A3型题]]></instructions><question><type>3</type><format>text</format><desc><![CDATA[9.乔女士，35岁。因满月脸、向心性肥胖、面部痤疮、高血压入院，诊断为库欣综合征。病人因面貌改变，自卑，不敢与他人交流。]]></desc><children><question><type>3</type><format>text</format><desc><![CDATA[（1）目前该病人主要的护理诊断/问题是]]></desc><options><option><id>A</id><type>text</type><desc><![CDATA[向心性肥胖]]></desc></option><option><id>B</id><type>text</type><desc><![CDATA[面部痤疮]]></desc></option><option><id>C</id><type>text</type><desc><![CDATA[体像紊乱]]></desc></option><option><id>D</id><type>text</type><desc><![CDATA[有感染的危险]]></desc></option><option><id>E</id><type>text</type><desc><![CDATA[高血压]]></desc></option></options><answers><![CDATA[C]]></answers></question><question><type>3</type><format>html</format><desc><![CDATA[（2）下列护理措施<u><b>不正确</b></u>的是]]></desc><options><option><id>A</id><type>text</type><desc><![CDATA[鼓励病人要加强锻炼，减轻体重]]></desc></option><option><id>B</id><type>text</type><desc><![CDATA[给予安慰与心理疏导]]></desc></option><option><id>C</id><type>text</type><desc><![CDATA[指导病人做好个人清洁卫生]]></desc></option><option><id>D</id><type>text</type><desc><![CDATA[观察血压变化]]></desc></option><option><id>E</id><type>text</type><desc><![CDATA[嘱病人注意自我防护，防止外伤]]></desc></option></options><answers><![CDATA[A]]></answers></question></children></question></questions></exam>