﻿<?xml version="1.0" encoding="UTF-8"?><exam><id>20181008165715</id><questions><instructions><![CDATA[A1型题]]></instructions><question><type>1</type><format>text</format><desc><![CDATA[1.纤维蛋白性心包炎的典型体征是]]></desc><options><option><id>A</id><type>text</type><desc><![CDATA[心界随体位改变]]></desc></option><option><id>B</id><type>text</type><desc><![CDATA[心包摩擦音]]></desc></option><option><id>C</id><type>text</type><desc><![CDATA[心音低钝]]></desc></option><option><id>D</id><type>text</type><desc><![CDATA[颈静脉怒张]]></desc></option><option><id>E</id><type>text</type><desc><![CDATA[奇脉]]></desc></option></options><answers><![CDATA[B]]></answers></question><question><type>1</type><format>text</format><desc><![CDATA[2.急性心包炎的心电图特征性表现是]]></desc><options><option><id>A</id><type>text</type><desc><![CDATA[室性早搏]]></desc></option><option><id>B</id><type>text</type><desc><![CDATA[ST段弓背向上型抬高]]></desc></option><option><id>C</id><type>text</type><desc><![CDATA[ST段压低]]></desc></option><option><id>D</id><type>text</type><desc><![CDATA[窦性心动过速]]></desc></option><option><id>E</id><type>text</type><desc><![CDATA[胸痛时除aVR外，其他常规导联ST段弓背向下型抬高]]></desc></option></options><answers><![CDATA[E]]></answers></question></questions><questions><instructions><![CDATA[A2型题]]></instructions><question><type>2</type><format>text</format><desc><![CDATA[3.病人，男性，65岁，患“慢性缩窄性心包炎”2年，其根本治疗措施是]]></desc><options><option><id>A</id><type>text</type><desc><![CDATA[心包穿刺]]></desc></option><option><id>B</id><type>text</type><desc><![CDATA[化疗]]></desc></option><option><id>C</id><type>text</type><desc><![CDATA[放疗]]></desc></option><option><id>D</id><type>text</type><desc><![CDATA[心包切除]]></desc></option><option><id>E</id><type>text</type><desc><![CDATA[心肌再灌注]]></desc></option></options><answers><![CDATA[D]]></answers></question><question><type>2</type><format>text</format><desc><![CDATA[4.病人，男性，60岁，因“渗出性心包炎并存心脏压塞”住院治疗，护士应协助病人采取的体位是]]></desc><options><option><id>A</id><type>text</type><desc><![CDATA[左侧卧位]]></desc></option><option><id>B</id><type>text</type><desc><![CDATA[右侧卧位]]></desc></option><option><id>C</id><type>text</type><desc><![CDATA[俯卧位]]></desc></option><option><id>D</id><type>text</type><desc><![CDATA[前倾坐位]]></desc></option><option><id>E</id><type>text</type><desc><![CDATA[仰卧位]]></desc></option></options><answers><![CDATA[D]]></answers></question><question><type>2</type><format>text</format><desc><![CDATA[5.病人，男性，60岁，诊断为渗出性心包炎，当出现急性心包压塞征象时，需紧急采取的治疗措施是]]></desc><options><option><id>A</id><type>text</type><desc><![CDATA[利尿剂]]></desc></option><option><id>B</id><type>text</type><desc><![CDATA[洋地黄类药物]]></desc></option><option><id>C</id><type>text</type><desc><![CDATA[糖皮质激素]]></desc></option><option><id>D</id><type>text</type><desc><![CDATA[血液透析]]></desc></option><option><id>E</id><type>text</type><desc><![CDATA[心包穿刺引流]]></desc></option></options><answers><![CDATA[E]]></answers></question><question><type>2</type><format>text</format><desc><![CDATA[6.病人，女性，40岁，诊断为结核性心包炎，其常见的热型为]]></desc><options><option><id>A</id><type>text</type><desc><![CDATA[弛张热]]></desc></option><option><id>B</id><type>text</type><desc><![CDATA[稽留热]]></desc></option><option><id>C</id><type>text</type><desc><![CDATA[间歇热]]></desc></option><option><id>D</id><type>text</type><desc><![CDATA[回归热]]></desc></option><option><id>E</id><type>text</type><desc><![CDATA[波状热]]></desc></option></options><answers><![CDATA[B]]></answers></question><question><type>2</type><format>text</format><desc><![CDATA[7.病人，男性，70岁，诊断为慢性缩窄性心包炎，行心脏超声心动图检查时最可能出现的结果为]]></desc><options><option><id>A</id><type>text</type><desc><![CDATA[心包积液]]></desc></option><option><id>B</id><type>text</type><desc><![CDATA[室间隔抖动]]></desc></option><option><id>C</id><type>text</type><desc><![CDATA[心腔扩大]]></desc></option><option><id>D</id><type>text</type><desc><![CDATA[心包变薄]]></desc></option><option><id>E</id><type>text</type><desc><![CDATA[心包缺失]]></desc></option></options><answers><![CDATA[B]]></answers></question><question><type>2</type><format>text</format><desc><![CDATA[8.病人，男性，45岁，怀疑其患“渗出性心包炎”，最简单、可靠的诊断方法是]]></desc><options><option><id>A</id><type>text</type><desc><![CDATA[胸部X线]]></desc></option><option><id>B</id><type>text</type><desc><![CDATA[心电图]]></desc></option><option><id>C</id><type>text</type><desc><![CDATA[超声心动图]]></desc></option><option><id>D</id><type>text</type><desc><![CDATA[心包穿刺]]></desc></option><option><id>E</id><type>text</type><desc><![CDATA[冠状动脉造影]]></desc></option></options><answers><![CDATA[C]]></answers></question><question><type>2</type><format>text</format><desc><![CDATA[9.病人，男性，65岁，诊断为急性心包炎。护理评估时发现病人的左肩胛下角出现浊音和支气管呼吸音，提示病人]]></desc><options><option><id>A</id><type>text</type><desc><![CDATA[少量心包积液]]></desc></option><option><id>B</id><type>text</type><desc><![CDATA[中等量心包积液]]></desc></option><option><id>C</id><type>text</type><desc><![CDATA[大量心包积液]]></desc></option><option><id>D</id><type>text</type><desc><![CDATA[肺水肿]]></desc></option><option><id>E</id><type>text</type><desc><![CDATA[心力衰竭]]></desc></option></options><answers><![CDATA[C]]></answers></question><question><type>2</type><format>text</format><desc><![CDATA[10.病人，男性，50岁，胸痛3天，呈持续性剧痛，咳嗽时加重，诊断为纤维蛋白性心包炎。该病人目前最主要的护理诊断是]]></desc><options><option><id>A</id><type>text</type><desc><![CDATA[胸痛]]></desc></option><option><id>B</id><type>text</type><desc><![CDATA[体液过多]]></desc></option><option><id>C</id><type>text</type><desc><![CDATA[气体交换受损]]></desc></option><option><id>D</id><type>text</type><desc><![CDATA[活动无耐力]]></desc></option><option><id>E</id><type>text</type><desc><![CDATA[焦虑]]></desc></option></options><answers><![CDATA[A]]></answers></question></questions></exam>