﻿<?xml version="1.0" encoding="UTF-8"?><exam><id>20181009090755</id><questions><instructions><![CDATA[A1型题]]></instructions><question><type>1</type><format>text</format><desc><![CDATA[1.甲状腺功能亢进症病人具有特征性的心血管症状是]]></desc><options><option><id>A</id><type>text</type><desc><![CDATA[心悸]]></desc></option><option><id>B</id><type>text</type><desc><![CDATA[房颤]]></desc></option><option><id>C</id><type>text</type><desc><![CDATA[早搏多]]></desc></option><option><id>D</id><type>text</type><desc><![CDATA[心力衰竭]]></desc></option><option><id>E</id><type>text</type><desc><![CDATA[睡眠时心律仍快]]></desc></option></options><answers><![CDATA[E]]></answers></question><question><type>1</type><format>html</format><desc><![CDATA[2.关于甲状腺功能亢进症病人的饮食护理，<u><b>错误</b></u>的是]]></desc><options><option><id>A</id><type>text</type><desc><![CDATA[高热量、高蛋白、高维生素]]></desc></option><option><id>B</id><type>text</type><desc><![CDATA[避免摄入辛辣等刺激性食物]]></desc></option><option><id>C</id><type>text</type><desc><![CDATA[多吃富含高纤维素饮食]]></desc></option><option><id>D</id><type>text</type><desc><![CDATA[避免吃含碘丰富食物]]></desc></option><option><id>E</id><type>text</type><desc><![CDATA[避免咖啡、浓茶等兴奋性饮料]]></desc></option></options><answers><![CDATA[C]]></answers></question><question><type>1</type><format>text</format><desc><![CDATA[3.甲亢危象最常见的诱发因素是]]></desc><options><option><id>A</id><type>text</type><desc><![CDATA[食量增加]]></desc></option><option><id>B</id><type>text</type><desc><![CDATA[大便不畅]]></desc></option><option><id>C</id><type>text</type><desc><![CDATA[疲劳]]></desc></option><option><id>D</id><type>text</type><desc><![CDATA[感染]]></desc></option><option><id>E</id><type>text</type><desc><![CDATA[妊娠]]></desc></option></options><answers><![CDATA[D]]></answers></question><question><type>1</type><format>text</format><desc><![CDATA[4.甲亢病人甲状腺局部可出现的特异性体征是]]></desc><options><option><id>A</id><type>text</type><desc><![CDATA[弥漫性肿大]]></desc></option><option><id>B</id><type>text</type><desc><![CDATA[对称性肿大]]></desc></option><option><id>C</id><type>text</type><desc><![CDATA[无压痛]]></desc></option><option><id>D</id><type>text</type><desc><![CDATA[随吞咽动作上下移动]]></desc></option><option><id>E</id><type>text</type><desc><![CDATA[触及震颤]]></desc></option></options><answers><![CDATA[E]]></answers><keypoints><![CDATA[解析：甲亢的高代谢使甲状腺血液流动速度增快，可在肿大的甲状腺上下极触及震颤，闻及血管杂音，为本病的特异性体征。]]></keypoints></question><question><type>1</type><format>html</format><desc><![CDATA[5.关于对甲亢突眼的护理，<u><b>错误</b></u>的是]]></desc><options><option><id>A</id><type>text</type><desc><![CDATA[配戴有色眼镜]]></desc></option><option><id>B</id><type>text</type><desc><![CDATA[经常用眼药水湿润眼睛]]></desc></option><option><id>C</id><type>text</type><desc><![CDATA[头低平卧位]]></desc></option><option><id>D</id><type>text</type><desc><![CDATA[低盐饮食]]></desc></option><option><id>E</id><type>text</type><desc><![CDATA[按医嘱使用左甲状腺素片]]></desc></option></options><answers><![CDATA[C]]></answers></question><question><type>1</type><format>text</format><desc><![CDATA[6.甲状腺功能亢进治疗方法中，最易引进甲状腺功能减退的治疗是]]></desc><options><option><id>A</id><type>text</type><desc><![CDATA[甲基硫嘧啶]]></desc></option><option><id>B</id><type>text</type><desc><![CDATA[他巴唑]]></desc></option><option><id>C</id><type>text</type><desc><![CDATA[<sup>131</sup>I]]></desc></option><option><id>D</id><type>text</type><desc><![CDATA[甲亢平]]></desc></option><option><id>E</id><type>text</type><desc><![CDATA[手术]]></desc></option></options><answers><![CDATA[C]]></answers></question><question><type>1</type><format>text</format><desc><![CDATA[7.应用他巴唑治疗的甲状腺功能亢进病人，需要考虑停用药物的状况是]]></desc><options><option><id>A</id><type>text</type><desc><![CDATA[全身酸痛、出汗]]></desc></option><option><id>B</id><type>text</type><desc><![CDATA[突眼加重]]></desc></option><option><id>C</id><type>text</type><desc><![CDATA[食欲减退、呕吐]]></desc></option><option><id>D</id><type>text</type><desc><![CDATA[白细胞计数＜3.0×10<sup>9</sup>/L]]></desc></option><option><id>E</id><type>text</type><desc><![CDATA[中性粒细胞低于2.0×10<sup>9</sup>/L]]></desc></option></options><answers><![CDATA[D]]></answers></question></questions><questions><instructions><![CDATA[A2型题]]></instructions><question><type>1</type><format>html</format><desc><![CDATA[8.病人，女性，40岁。甲亢病人，口服药物治疗无效，采用放射性<sup>131</sup>I治疗，经过治疗后一般<u><b>不会</b></u>出现的并发症是]]></desc><options><option><id>A</id><type>text</type><desc><![CDATA[突眼恶化]]></desc></option><option><id>B</id><type>text</type><desc><![CDATA[甲状腺肿大]]></desc></option><option><id>C</id><type>text</type><desc><![CDATA[甲状腺危象]]></desc></option><option><id>D</id><type>text</type><desc><![CDATA[放射性甲状腺炎]]></desc></option><option><id>E</id><type>text</type><desc><![CDATA[甲状腺功能减退]]></desc></option></options><answers><![CDATA[B]]></answers></question><question><type>1</type><format>text</format><desc><![CDATA[9.病人，男性，46岁。因甲亢入院治疗，突然出现高热，心率145次/分，诊断为甲状腺危象，其首选药物是]]></desc><options><option><id>A</id><type>text</type><desc><![CDATA[卡比马唑]]></desc></option><option><id>B</id><type>text</type><desc><![CDATA[甲巯咪唑]]></desc></option><option><id>C</id><type>text</type><desc><![CDATA[普萘洛尔]]></desc></option><option><id>D</id><type>text</type><desc><![CDATA[丙硫氧嘧啶]]></desc></option><option><id>E</id><type>text</type><desc><![CDATA[甲硫氧嘧啶]]></desc></option></options><answers><![CDATA[D]]></answers></question><question><type>1</type><format>text</format><desc><![CDATA[10．病人，女性，42岁。甲状腺功能亢进症病人，手术后突然出现烦躁不安、高热、恶心、呕吐、腹泻、大汗、心率加快。患者可能发生了什么征象]]></desc><options><option><id>A</id><type>text</type><desc><![CDATA[甲状腺危象]]></desc></option><option><id>B</id><type>text</type><desc><![CDATA[甲状腺功能亢进性心脏病]]></desc></option><option><id>C</id><type>text</type><desc><![CDATA[淡漠型甲状腺功能亢进]]></desc></option><option><id>D</id><type>text</type><desc><![CDATA[黏液性水肿]]></desc></option><option><id>E</id><type>text</type><desc><![CDATA[T<sub>3</sub>型甲状腺毒症]]></desc></option></options><answers><![CDATA[A]]></answers></question><question><type>1</type><format>html</format><desc><![CDATA[11.病人，女性，17岁。心慌多汗半年。近1月出现多饮、多尿就诊。入院检查：明显消瘦，双眼略突出，甲状腺Ⅱ度大，双上极可闻及血管杂音。血FT<sub>3</sub>33.5mmol/L，FT<sub>4</sub>40mmol/L，TSH0.01mU/L。关于对本例病人甲状腺功能亢进的治疗，最恰当的方案是]]></desc><options><option><id>A</id><type>text</type><desc><![CDATA[抗甲状腺药物治疗]]></desc></option><option><id>B</id><type>text</type><desc><![CDATA[手术治疗]]></desc></option><option><id>C</id><type>text</type><desc><![CDATA[<sup>131</sup>I治疗]]></desc></option><option><id>D</id><type>text</type><desc><![CDATA[小剂量抗甲状腺药物治疗]]></desc></option><option><id>E</id><type>text</type><desc><![CDATA[免疫抑制剂治疗]]></desc></option></options><answers><![CDATA[A]]></answers></question><question><type>1</type><format>text</format><desc><![CDATA[12.病人，女性，40岁。脾气急躁、怕热易出汗、多食、乏力、消瘦、手抖2个月，“感冒”后心悸、伴腹泻3天入院。护理体检：烦躁不安、大汗淋漓，体温39.2℃、呼吸28次/分，甲状腺呈弥漫性肿大、质软，颈部闻及血管杂音。两手微抖，眼球稍突。最可能存在的是]]></desc><options><option><id>A</id><type>text</type><desc><![CDATA[甲状腺功能亢进症]]></desc></option><option><id>B</id><type>text</type><desc><![CDATA[地方性甲状腺肿]]></desc></option><option><id>C</id><type>text</type><desc><![CDATA[甲状腺功能亢进性心脏病]]></desc></option><option><id>D</id><type>text</type><desc><![CDATA[生理性甲状腺肿]]></desc></option><option><id>E</id><type>text</type><desc><![CDATA[甲状腺危象]]></desc></option></options><answers><![CDATA[E]]></answers><keypoints><![CDATA[解析：病人，女性，有怕热易出汗、多食、乏力、消瘦等高代谢表现的病史，结合甲状腺呈弥漫性肿大、质软，颈部闻及血管杂音等体征，符合甲亢表现；有感染诱因，出现腹泻、烦躁不安、大汗淋漓，高热、呼吸增快等，均符合甲状腺危象。]]></keypoints></question><question><type>1</type><format>text</format><desc><![CDATA[13．病人，女性，30岁。曾诊断为甲亢，治疗半年后好转。现出现全身乏力，心悸，怕热，每日大便3～4次，体重下降5kg，护理体检发现病人情绪激动，双目有神，甲状腺Ⅱ度肿大，局部可闻及杂音，心率122次/分。该病人最可能是]]></desc><options><option><id>A</id><type>text</type><desc><![CDATA[糖尿病]]></desc></option><option><id>B</id><type>text</type><desc><![CDATA[甲亢复发伴甲亢性心脏病]]></desc></option><option><id>C</id><type>text</type><desc><![CDATA[心脏泵衰竭]]></desc></option><option><id>D</id><type>text</type><desc><![CDATA[甲状腺危象]]></desc></option><option><id>E</id><type>text</type><desc><![CDATA[亚急性甲状腺炎]]></desc></option></options><answers><![CDATA[B]]></answers></question><question><type>1</type><format>text</format><desc><![CDATA[14．病人，女，28岁。患甲亢1年，2天前因受凉感冒，出现体温升高达39.3℃，恶心、呕吐、腹泻、心悸，心率120次/分，继而出现昏迷，诊断为甲亢危象。治疗中禁用的药物是]]></desc><options><option><id>A</id><type>text</type><desc><![CDATA[异丙嗪]]></desc></option><option><id>B</id><type>text</type><desc><![CDATA[阿司匹林]]></desc></option><option><id>C</id><type>text</type><desc><![CDATA[普萘洛尔]]></desc></option><option><id>D</id><type>text</type><desc><![CDATA[丙基硫氧嘧啶]]></desc></option><option><id>E</id><type>text</type><desc><![CDATA[氢化可的松]]></desc></option></options><answers><![CDATA[B]]></answers></question><question><type>1</type><format>html</format><desc><![CDATA[15.病人，男性，32岁。因甲状腺功能亢进接受放射性<sup>131</sup>Ⅰ治疗。治疗后护士嘱其定期复查，以便及早发现]]></desc><options><option><id>A</id><type>text</type><desc><![CDATA[甲状腺癌变]]></desc></option><option><id>B</id><type>text</type><desc><![CDATA[甲状腺功能减退]]></desc></option><option><id>C</id><type>text</type><desc><![CDATA[红细胞减少]]></desc></option><option><id>D</id><type>text</type><desc><![CDATA[突眼恶化]]></desc></option><option><id>E</id><type>text</type><desc><![CDATA[声音嘶哑]]></desc></option></options><answers><![CDATA[B]]></answers></question></questions></exam>