﻿<?xml version="1.0" encoding="UTF-8"?><exam><id>20181009083931</id><questions><instructions><![CDATA[A1型题]]></instructions><question><type>1</type><format>text</format><desc><![CDATA[1.尿路感染最常见致病菌是]]></desc><options><option><id>A</id><type>text</type><desc><![CDATA[变形杆菌]]></desc></option><option><id>B</id><type>text</type><desc><![CDATA[副大肠杆菌]]></desc></option><option><id>C</id><type>text</type><desc><![CDATA[大肠埃希菌]]></desc></option><option><id>D</id><type>text</type><desc><![CDATA[粪链球菌]]></desc></option><option><id>E</id><type>text</type><desc><![CDATA[葡萄球菌]]></desc></option></options><answers><![CDATA[C]]></answers></question><question><type>1</type><format>text</format><desc><![CDATA[2.下列哪一项对诊断尿路感染最有意义]]></desc><options><option><id>A</id><type>text</type><desc><![CDATA[尿频、尿急、尿痛]]></desc></option><option><id>B</id><type>text</type><desc><![CDATA[畏寒、发热、头痛]]></desc></option><option><id>C</id><type>text</type><desc><![CDATA[清洁中段尿培养细菌计数≥105/ml]]></desc></option><option><id>D</id><type>text</type><desc><![CDATA[清洁中段尿白细胞>5/HP]]></desc></option><option><id>E</id><type>text</type><desc><![CDATA[血白细胞总数升高]]></desc></option></options><answers><![CDATA[C]]></answers></question></questions><questions><instructions><![CDATA[A2型题]]></instructions><question><type>2</type><format>html</format><desc><![CDATA[3.王女士，35岁。2天来高热、寒战、伴尿频、尿痛，尿常规：尿蛋白+、红细胞0～2/HP、白细胞15～20/HP，尿培养大肠杆菌阳性，病人对疾病的预后很担心。下列哪项护理诊断与此病人<u><b>关系不大</b></u>]]></desc><options><option><id>A</id><type>text</type><desc><![CDATA[体温过高]]></desc></option><option><id>B</id><type>text</type><desc><![CDATA[排尿异常]]></desc></option><option><id>C</id><type>text</type><desc><![CDATA[焦虑]]></desc></option><option><id>D</id><type>text</type><desc><![CDATA[知识缺乏]]></desc></option><option><id>E</id><type>text</type><desc><![CDATA[潜在并发症：肾乳头坏死、肾周脓肿等]]></desc></option></options><answers><![CDATA[D]]></answers></question><question><type>2</type><format>text</format><desc><![CDATA[4.李女士，35岁。反复低热，夜尿多2年，三次尿培养均为大肠杆菌生长，为确诊疾病，首选检查是]]></desc><options><option><id>A</id><type>text</type><desc><![CDATA[肾小球滤过率]]></desc></option><option><id>B</id><type>text</type><desc><![CDATA[肾B超]]></desc></option><option><id>C</id><type>text</type><desc><![CDATA[腹部平片]]></desc></option><option><id>D</id><type>text</type><desc><![CDATA[静脉肾盂造影]]></desc></option><option><id>E</id><type>text</type><desc><![CDATA[肾活检]]></desc></option></options><answers><![CDATA[E]]></answers></question><question><type>2</type><format>text</format><desc><![CDATA[5.王先生，突发寒战、发热39.7℃、腰痛、尿频、尿急、尿痛1周，体检两侧肋腰点压痛，双侧肾区叩痛。清洁中段尿培养为变形杆菌，菌落计数2×106ml,使用抗菌药物治疗效果不佳。应该首选哪项检查]]></desc><options><option><id>A</id><type>text</type><desc><![CDATA[X线静脉肾盂造影]]></desc></option><option><id>B</id><type>text</type><desc><![CDATA[腹部平片]]></desc></option><option><id>C</id><type>text</type><desc><![CDATA[再次行清洁中段尿培养]]></desc></option><option><id>D</id><type>text</type><desc><![CDATA[尿结核杆菌培养]]></desc></option><option><id>E</id><type>text</type><desc><![CDATA[双肾、输尿管B超检查]]></desc></option></options><answers><![CDATA[C]]></answers></question><question><type>2</type><format>text</format><desc><![CDATA[6.张女士，65岁，尿频、尿急、尿痛，发热、畏寒3天，出现意识淡漠，四肢厥冷，尿量正常，血压80/55mmHg。尿常规可见大量脓细胞。根据病史及临床表现、体征，其诊断可能为]]></desc><options><option><id>A</id><type>text</type><desc><![CDATA[急性膀胱炎]]></desc></option><option><id>B</id><type>text</type><desc><![CDATA[急性肾盂肾炎]]></desc></option><option><id>C</id><type>text</type><desc><![CDATA[慢性肾盂肾炎急性发作]]></desc></option><option><id>D</id><type>text</type><desc><![CDATA[急性肾盂肾炎伴肾周围脓肿]]></desc></option><option><id>E</id><type>text</type><desc><![CDATA[急性肾盂肾炎伴革兰阴性杆菌败血症]]></desc></option></options><answers><![CDATA[E]]></answers></question></questions></exam>