﻿<?xml version="1.0" encoding="UTF-8"?><exam><id>20181009094921</id><questions><instructions><![CDATA[A1型题]]></instructions><question><type>1</type><format>text</format><desc><![CDATA[1.判断癫痫最有效的辅助检查项目是]]></desc><options><option><id>A</id><type>text</type><desc><![CDATA[CT]]></desc></option><option><id>B</id><type>text</type><desc><![CDATA[MRI]]></desc></option><option><id>C</id><type>text</type><desc><![CDATA[腰穿]]></desc></option><option><id>D</id><type>text</type><desc><![CDATA[脑电图]]></desc></option><option><id>E</id><type>text</type><desc><![CDATA[脑血管造影]]></desc></option></options><answers><![CDATA[D]]></answers></question><question><type>1</type><format>text</format><desc><![CDATA[2.癫痫全面形强直阵挛发作表现为]]></desc><options><option><id>A</id><type>text</type><desc><![CDATA[无变化]]></desc></option><option><id>B</id><type>text</type><desc><![CDATA[发作性头痛]]></desc></option><option><id>C</id><type>text</type><desc><![CDATA[短暂意识不清]]></desc></option><option><id>D</id><type>text</type><desc><![CDATA[发作性四肢抽搐]]></desc></option><option><id>E</id><type>text</type><desc><![CDATA[意识丧失,四肢强直,继之阵挛性抽搐]]></desc></option></options><answers><![CDATA[E]]></answers></question><question><type>1</type><format>text</format><desc><![CDATA[3.癫痫大发作时瞳孔的变化是]]></desc><options><option><id>A</id><type>text</type><desc><![CDATA[扩大,对光反射消失]]></desc></option><option><id>B</id><type>text</type><desc><![CDATA[扩大,对光反射存在]]></desc></option><option><id>C</id><type>text</type><desc><![CDATA[缩小,对光反射消失]]></desc></option><option><id>D</id><type>text</type><desc><![CDATA[缩小,对光反射存在]]></desc></option><option><id>E</id><type>text</type><desc><![CDATA[无变化]]></desc></option></options><answers><![CDATA[A]]></answers></question><question><type>1</type><format>text</format><desc><![CDATA[4.特发性癫痫是指]]></desc><options><option><id>A</id><type>text</type><desc><![CDATA[因大脑半球病变引起的癫痫发作]]></desc></option><option><id>B</id><type>text</type><desc><![CDATA[大发作及小发作]]></desc></option><option><id>C</id><type>text</type><desc><![CDATA[除局限性发作以外所有类型的癫痫]]></desc></option><option><id>D</id><type>text</type><desc><![CDATA[未找到明确器质性或代谢性病因的癫痫发作]]></desc></option><option><id>E</id><type>text</type><desc><![CDATA[从婴儿期开始的癫痫发作]]></desc></option></options><answers><![CDATA[D]]></answers></question><question><type>1</type><format>text</format><desc><![CDATA[5.癫痫大发作最具特征的表现是]]></desc><options><option><id>A</id><type>text</type><desc><![CDATA[发作性肢体麻木]]></desc></option><option><id>B</id><type>text</type><desc><![CDATA[发作性意识障碍]]></desc></option><option><id>C</id><type>text</type><desc><![CDATA[发作性头痛]]></desc></option><option><id>D</id><type>text</type><desc><![CDATA[发作性偏瘫]]></desc></option><option><id>E</id><type>text</type><desc><![CDATA[发作性强直，阵挛抽搐及意识障碍]]></desc></option></options><answers><![CDATA[E]]></answers></question></questions><questions><instructions><![CDATA[A2型题]]></instructions><question><type>2</type><format>text</format><desc><![CDATA[6.病人，男性，19岁。以“阵发性全面性阵挛-强直性癫痫发作(癫痫大发作)”治疗，服用苯妥英钠后一年仍发作1～2次。10天前因患胃肠炎而停服苯妥英钠，2天来抽搐次数增多约20多次，持续昏迷。造成癫痫频繁发作的原因是]]></desc><options><option><id>A</id><type>text</type><desc><![CDATA[高热]]></desc></option><option><id>B</id><type>text</type><desc><![CDATA[体弱]]></desc></option><option><id>C</id><type>text</type><desc><![CDATA[胃肠炎]]></desc></option><option><id>D</id><type>text</type><desc><![CDATA[停服抗癫痫药]]></desc></option><option><id>E</id><type>text</type><desc><![CDATA[水、电解质、酸硷平衡失调]]></desc></option></options><answers><![CDATA[D]]></answers></question><question><type>2</type><format>text</format><desc><![CDATA[7.病人，女性，20岁。因反复抽搐，呼之不应6小时入院。护理体检：昏迷状态，双瞳孔等大，眼底正常，四肢无瘫痪。在查体时病人有一次发作，发作时口唇紫绀，四肢节律性抽动，持续约20分钟。既往史：近四月来生气后曾有上述发作，均在10分钟后自行缓解。为控制症状应首先采取的措施是]]></desc><options><option><id>A</id><type>text</type><desc><![CDATA[吸氧]]></desc></option><option><id>B</id><type>text</type><desc><![CDATA[冬眠灵镇静]]></desc></option><option><id>C</id><type>text</type><desc><![CDATA[安定静脉注射]]></desc></option><option><id>D</id><type>text</type><desc><![CDATA[安定肌肉注射]]></desc></option><option><id>E</id><type>text</type><desc><![CDATA[静脉注射葡萄糖酸钙]]></desc></option></options><answers><![CDATA[D]]></answers></question><question><type>2</type><format>text</format><desc><![CDATA[8.某癫痫病人发作持续30分钟尚未停止，护士应立即准备首选治疗药物是]]></desc><options><option><id>A</id><type>text</type><desc><![CDATA[苯巴比妥纳]]></desc></option><option><id>B</id><type>text</type><desc><![CDATA[地西泮]]></desc></option><option><id>C</id><type>text</type><desc><![CDATA[卡马西平]]></desc></option><option><id>D</id><type>text</type><desc><![CDATA[10%水合氯醛]]></desc></option><option><id>E</id><type>text</type><desc><![CDATA[苯妥英钠]]></desc></option></options><answers><![CDATA[B]]></answers></question><question><type>2</type><format>text</format><desc><![CDATA[9.病人，男性，28岁，突然意识丧失，全身抽搐，面色发绀，口吐白沫，小便失禁，5～6分钟后意识逐渐清醒。最可能是]]></desc><options><option><id>A</id><type>text</type><desc><![CDATA[癔病]]></desc></option><option><id>B</id><type>text</type><desc><![CDATA[舞蹈病]]></desc></option><option><id>C</id><type>text</type><desc><![CDATA[癫痫]]></desc></option><option><id>D</id><type>text</type><desc><![CDATA[震颤麻痹]]></desc></option><option><id>E</id><type>text</type><desc><![CDATA[手足搐搦症]]></desc></option></options><answers><![CDATA[C]]></answers></question><question><type>2</type><format>text</format><desc><![CDATA[10.病人，男性，24岁。发作性神志丧失，四肢抽搐2年，加重，呼之不应4小时入院。病后曾以“癫痫”在门诊治疗，但服药不规则。入院后出现一次四肢抽搐发作。首选的治疗药物是]]></desc><options><option><id>A</id><type>text</type><desc><![CDATA[地西泮10mg静注]]></desc></option><option><id>B</id><type>text</type><desc><![CDATA[苯妥英钠0.25g肌注]]></desc></option><option><id>C</id><type>text</type><desc><![CDATA[地西泮20mg肌注]]></desc></option><option><id>D</id><type>text</type><desc><![CDATA[副醛5ml灌肠]]></desc></option><option><id>E</id><type>text</type><desc><![CDATA[苯巴比妥0.5g肌注]]></desc></option></options><answers><![CDATA[A]]></answers></question></questions></exam>