﻿<?xml version="1.0" encoding="UTF-8"?><exam><id>20181009092038</id><questions><instructions><![CDATA[A1型题]]></instructions><question><type>1</type><format>text</format><desc><![CDATA[1.类风湿性关节炎关节病变的特点是]]></desc><options><option><id>A</id><type>text</type><desc><![CDATA[大关节受累]]></desc></option><option><id>B</id><type>text</type><desc><![CDATA[多数不遗留关节畸形]]></desc></option><option><id>C</id><type>text</type><desc><![CDATA[游走性疼痛]]></desc></option><option><id>D</id><type>text</type><desc><![CDATA[主要累及小关节的对称性多关节炎]]></desc></option><option><id>E</id><type>text</type><desc><![CDATA[关节肿胀]]></desc></option></options><answers><![CDATA[D]]></answers></question><question><type>1</type><format>text</format><desc><![CDATA[2.类风湿性关节炎活动期的标志是]]></desc><options><option><id>A</id><type>text</type><desc><![CDATA[自发痛]]></desc></option><option><id>B</id><type>text</type><desc><![CDATA[梭状指]]></desc></option><option><id>C</id><type>text</type><desc><![CDATA[晨僵]]></desc></option><option><id>D</id><type>text</type><desc><![CDATA[压痛]]></desc></option><option><id>E</id><type>text</type><desc><![CDATA[畸形]]></desc></option></options><answers><![CDATA[C]]></answers></question><question><type>1</type><format>text</format><desc><![CDATA[3.类风湿性关节炎较特异的皮肤表现是]]></desc><options><option><id>A</id><type>text</type><desc><![CDATA[紫癜]]></desc></option><option><id>B</id><type>text</type><desc><![CDATA[疖痈]]></desc></option><option><id>C</id><type>text</type><desc><![CDATA[湿疹]]></desc></option><option><id>D</id><type>text</type><desc><![CDATA[丘疹]]></desc></option><option><id>E</id><type>text</type><desc><![CDATA[类风湿结节]]></desc></option></options><answers><![CDATA[E]]></answers></question></questions><questions><instructions><![CDATA[A2型题]]></instructions><question><type>2</type><format>html</format><desc><![CDATA[4.某女性病人，因发热、关节疼痛，以类风湿性关节炎住院。护理措施<u><b>错误的</b></u>是]]></desc><options><option><id>A</id><type>text</type><desc><![CDATA[注意休息]]></desc></option><option><id>B</id><type>text</type><desc><![CDATA[热敷、理疗]]></desc></option><option><id>C</id><type>text</type><desc><![CDATA[限制关节活动]]></desc></option><option><id>D</id><type>text</type><desc><![CDATA[遵医嘱用药]]></desc></option><option><id>E</id><type>text</type><desc><![CDATA[同情理解病人]]></desc></option></options><answers><![CDATA[C]]></answers></question><question><type>2</type><format>text</format><desc><![CDATA[5.女性病人，36岁，因风湿性关节炎引起关节疼痛，在服用阿司匹林时，护士嘱其饭后服用的目的是]]></desc><options><option><id>A</id><type>text</type><desc><![CDATA[减少对消化道的刺激]]></desc></option><option><id>B</id><type>text</type><desc><![CDATA[提高药物的疗效]]></desc></option><option><id>C</id><type>text</type><desc><![CDATA[降低药物的毒性]]></desc></option><option><id>D</id><type>text</type><desc><![CDATA[减少对肝的损害]]></desc></option><option><id>E</id><type>text</type><desc><![CDATA[避免尿少时析出结晶]]></desc></option></options><answers><![CDATA[A]]></answers></question><question><type>2</type><format>text</format><desc><![CDATA[6.某病人双手掌指关节肿胀疼痛3年，晨起有黏着感，活动后渐缓，查血类风湿因子(+)，诊断为类风湿性关节炎，为保持关节功能应注意]]></desc><options><option><id>A</id><type>text</type><desc><![CDATA[长期卧床休息]]></desc></option><option><id>B</id><type>text</type><desc><![CDATA[进食高热量、高蛋白饮食]]></desc></option><option><id>C</id><type>text</type><desc><![CDATA[小夹板固定]]></desc></option><option><id>D</id><type>text</type><desc><![CDATA[长期服抗生素防感染]]></desc></option><option><id>E</id><type>text</type><desc><![CDATA[坚持进行关节功能锻炼]]></desc></option></options><answers><![CDATA[E]]></answers></question><question><type>2</type><format>text</format><desc><![CDATA[7.某40岁女性病人，关节晨僵、疼痛、畸形明显，符合类风湿性关节炎特点的是]]></desc><options><option><id>A</id><type>text</type><desc><![CDATA[颊部蝶形皮疹及蛋白尿]]></desc></option><option><id>B</id><type>text</type><desc><![CDATA[腕、掌指、近指关节受累]]></desc></option><option><id>C</id><type>text</type><desc><![CDATA[膝关节受累]]></desc></option><option><id>D</id><type>text</type><desc><![CDATA[第一趾较剧烈疼痛]]></desc></option><option><id>E</id><type>text</type><desc><![CDATA[大量龋齿提示]]></desc></option></options><answers><![CDATA[B]]></answers></question><question><type>2</type><format>html</format><desc><![CDATA[8.病人女性，28岁。4年来全身各大、小关节疼痛，伴有晨僵，活动后减轻，拟诊为类风湿性关节炎。下列关于类风湿性关节炎的描述<u><b>不正确</b></u>的是]]></desc><options><option><id>A</id><type>text</type><desc><![CDATA[基本病变是滑膜炎]]></desc></option><option><id>B</id><type>text</type><desc><![CDATA[发病与自身免疫有关]]></desc></option><option><id>C</id><type>text</type><desc><![CDATA[有皮下结节示病情活动]]></desc></option><option><id>D</id><type>text</type><desc><![CDATA[类风湿因子常(+)]]></desc></option><option><id>E</id><type>text</type><desc><![CDATA[不引起脏器损害]]></desc></option></options><answers><![CDATA[E]]></answers></question><question><type>2</type><format>text</format><desc><![CDATA[9.病人女，36岁。诊断为类风湿性关节炎，病人的实验室检查中提示病情活动的重要指标是]]></desc><options><option><id>A</id><type>text</type><desc><![CDATA[血红蛋白]]></desc></option><option><id>B</id><type>text</type><desc><![CDATA[白细胞]]></desc></option><option><id>C</id><type>text</type><desc><![CDATA[C反应蛋白]]></desc></option><option><id>D</id><type>text</type><desc><![CDATA[抗核抗体]]></desc></option><option><id>E</id><type>text</type><desc><![CDATA[CH50]]></desc></option></options><answers><![CDATA[C]]></answers></question><question><type>2</type><format>text</format><desc><![CDATA[10.病人女性，52岁。手足关节痛3年余，查体：双手指间肌肉萎缩，手指向尺侧偏斜，X线显示关节腔变窄，关节半脱位，抗“O”300U，血沉380mm/h，此患者最可能的诊断是]]></desc><options><option><id>A</id><type>text</type><desc><![CDATA[退行性骨关节病]]></desc></option><option><id>B</id><type>text</type><desc><![CDATA[类风湿性关节炎]]></desc></option><option><id>C</id><type>text</type><desc><![CDATA[先天性关节畸形]]></desc></option><option><id>D</id><type>text</type><desc><![CDATA[风湿性关节炎]]></desc></option><option><id>E</id><type>text</type><desc><![CDATA[系统性红斑狼疮]]></desc></option></options><answers><![CDATA[B]]></answers></question></questions></exam>