﻿<?xml version="1.0" encoding="UTF-8"?><exam><id>20181008171757</id><questions><instructions><![CDATA[A1型题]]></instructions><question><type>1</type><format>text</format><desc><![CDATA[1.原发性肝癌最早最常见的症状是]]></desc><options><option><id>A</id><type>text</type><desc><![CDATA[肝区疼痛]]></desc></option><option><id>B</id><type>text</type><desc><![CDATA[黄疸]]></desc></option><option><id>C</id><type>text</type><desc><![CDATA[食欲减退]]></desc></option><option><id>D</id><type>text</type><desc><![CDATA[发热]]></desc></option><option><id>E</id><type>text</type><desc><![CDATA[消瘦]]></desc></option></options><answers><![CDATA[A]]></answers></question><question><type>1</type><format>text</format><desc><![CDATA[2.目前根治原发性肝癌最好的方法是]]></desc><options><option><id>A</id><type>text</type><desc><![CDATA[手术切除]]></desc></option><option><id>B</id><type>text</type><desc><![CDATA[放射治疗]]></desc></option><option><id>C</id><type>text</type><desc><![CDATA[化学治疗]]></desc></option><option><id>D</id><type>text</type><desc><![CDATA[生物和免疫治疗]]></desc></option><option><id>E</id><type>text</type><desc><![CDATA[肝动脉化疗栓塞治疗]]></desc></option></options><answers><![CDATA[A]]></answers></question><question><type>1</type><format>text</format><desc><![CDATA[3.甲胎蛋白测定持续阳性可提示]]></desc><options><option><id>A</id><type>text</type><desc><![CDATA[慢性活动性肝炎]]></desc></option><option><id>B</id><type>text</type><desc><![CDATA[肝硬化]]></desc></option><option><id>C</id><type>text</type><desc><![CDATA[肝脓肿]]></desc></option><option><id>D</id><type>text</type><desc><![CDATA[原发性肝癌]]></desc></option><option><id>E</id><type>text</type><desc><![CDATA[肝转移癌]]></desc></option></options><answers><![CDATA[D]]></answers></question></questions><questions><instructions><![CDATA[A2型题]]></instructions><question><type>2</type><format>text</format><desc><![CDATA[4.病人，男性，56岁，患肝硬化10年。近半月来出现持续肝区疼痛不能忍受而入院。查体：明显消瘦，腹部膨隆，移动性浊音(+)，肝大质硬，表面凹凸不平。考虑并发了]]></desc><options><option><id>A</id><type>text</type><desc><![CDATA[上消化道出血]]></desc></option><option><id>B</id><type>text</type><desc><![CDATA[电解质紊乱和酸中毒]]></desc></option><option><id>C</id><type>text</type><desc><![CDATA[原发性肝癌]]></desc></option><option><id>D</id><type>text</type><desc><![CDATA[腹部感染]]></desc></option><option><id>E</id><type>text</type><desc><![CDATA[肝肾综合征]]></desc></option></options><answers><![CDATA[C]]></answers></question><question><type>2</type><format>text</format><desc><![CDATA[5.病人，男性，60岁。有肝硬化病史9年左右。慢性间歇性上腹疼痛1年。近1月来疼痛呈持续性，性质为隐痛或钝痛，同时伴有消瘦、乏力、食欲减退、腹胀等，来院就诊。初步诊断为原发性肝癌。在本病最常见的病因为]]></desc><options><option><id>A</id><type>text</type><desc><![CDATA[遗传]]></desc></option><option><id>B</id><type>text</type><desc><![CDATA[吸烟]]></desc></option><option><id>C</id><type>text</type><desc><![CDATA[饮用水污染]]></desc></option><option><id>D</id><type>text</type><desc><![CDATA[黄曲霉毒素]]></desc></option><option><id>E</id><type>text</type><desc><![CDATA[病毒性肝炎、肝硬化]]></desc></option></options><answers><![CDATA[E]]></answers></question><question><type>2</type><format>text</format><desc><![CDATA[6.病人，男性，47岁。近期被查出患原发性肝癌，诊断原发性肝癌最有价值的实验室检查项目为]]></desc><options><option><id>A</id><type>text</type><desc><![CDATA[癌胚抗原]]></desc></option><option><id>B</id><type>text</type><desc><![CDATA[甲胎蛋白]]></desc></option><option><id>C</id><type>text</type><desc><![CDATA[碱性磷酸酶]]></desc></option><option><id>D</id><type>text</type><desc><![CDATA[天门冬酸氨基转移酶]]></desc></option><option><id>E</id><type>text</type><desc><![CDATA[丙氨酸氨基转移酶]]></desc></option></options><answers><![CDATA[B]]></answers></question><question><type>2</type><format>text</format><desc><![CDATA[7.病人，女性，45岁，患肝硬化7年。近1月来出现肝增大，持续肝区疼痛，明显消瘦，腹部膨隆。为进行肝癌筛查首选的检查方法是]]></desc><options><option><id>A</id><type>text</type><desc><![CDATA[B超]]></desc></option><option><id>B</id><type>text</type><desc><![CDATA[CT检查]]></desc></option><option><id>C</id><type>text</type><desc><![CDATA[MRI检查]]></desc></option><option><id>D</id><type>text</type><desc><![CDATA[肝血管造影]]></desc></option><option><id>E</id><type>text</type><desc><![CDATA[肝活组织检查]]></desc></option></options><answers><![CDATA[A]]></answers></question></questions><questions><instructions><![CDATA[A3型题]]></instructions><question><type>3</type><format>text</format><desc><![CDATA[8.病人，男性，54岁。既往有乙型肝炎病史多年。半年前无明显诱因出现右上腹持续性钝痛，有时向右肩背部放射。近1个月来，右上腹疼痛加重，自觉右上腹饱满，有包块，伴腹胀、纳差、恶心，巩膜轻度黄染，右上腹饱满，右上腹压痛明显，肝脏肿大肋下5cm，边缘钝，质韧，表面凹凸不平，脾未触及，腹部叩诊鼓音，无移动性浊音，肝区有叩击痛，实验室检查：ALT：60U/L，AST：78U/L，AFP>780μg/L。]]></desc><children><question><type>3</type><format>text</format><desc><![CDATA[（1）该病人最可能的诊断是]]></desc><options><option><id>A</id><type>text</type><desc><![CDATA[慢性肝炎]]></desc></option><option><id>B</id><type>text</type><desc><![CDATA[肝硬化]]></desc></option><option><id>C</id><type>text</type><desc><![CDATA[原发性肝癌]]></desc></option><option><id>D</id><type>text</type><desc><![CDATA[肝脓肿]]></desc></option><option><id>E</id><type>text</type><desc><![CDATA[慢性胆囊炎]]></desc></option></options><answers><![CDATA[C]]></answers></question><question><type>3</type><format>text</format><desc><![CDATA[（2）其最突出的体征是]]></desc><options><option><id>A</id><type>text</type><desc><![CDATA[黄疸]]></desc></option><option><id>B</id><type>text</type><desc><![CDATA[肝区疼痛]]></desc></option><option><id>C</id><type>text</type><desc><![CDATA[脾大]]></desc></option><option><id>D</id><type>text</type><desc><![CDATA[腹水]]></desc></option><option><id>E</id><type>text</type><desc><![CDATA[肝大、质韧，表面不规则]]></desc></option></options><answers><![CDATA[E]]></answers></question><question><type>3</type><format>text</format><desc><![CDATA[（3）病人入院后进行了肝动脉栓塞化疗，其护理措施正确的是]]></desc><options><option><id>A</id><type>text</type><desc><![CDATA[术前1天给易消化饮食，术前2小时禁食禁水]]></desc></option><option><id>B</id><type>text</type><desc><![CDATA[穿刺部位压迫止血5分钟后加压包扎]]></desc></option><option><id>C</id><type>text</type><desc><![CDATA[沙袋压迫6～8小时]]></desc></option><option><id>D</id><type>text</type><desc><![CDATA[穿刺侧肢体保持伸直12小时]]></desc></option><option><id>E</id><type>text</type><desc><![CDATA[术后当天进食高热量、高蛋白饮食]]></desc></option></options><answers><![CDATA[C]]></answers></question></children></question></questions></exam>