﻿<?xml version="1.0" encoding="UTF-8"?><exam><id>20181008171940</id><questions><instructions><![CDATA[A1型题]]></instructions><question><type>1</type><format>text</format><desc><![CDATA[1.需绝对禁食的疾病是]]></desc><options><option><id>A</id><type>text</type><desc><![CDATA[急性水肿型胰腺炎]]></desc></option><option><id>B</id><type>text</type><desc><![CDATA[十二指肠溃疡出现黑便]]></desc></option><option><id>C</id><type>text</type><desc><![CDATA[慢性胃炎恶心呕吐明显]]></desc></option><option><id>D</id><type>text</type><desc><![CDATA[肝性脑病前期]]></desc></option><option><id>E</id><type>text</type><desc><![CDATA[胃溃疡大便隐血试验持续阳性]]></desc></option></options><answers><![CDATA[A]]></answers></question><question><type>1</type><format>text</format><desc><![CDATA[2.急性胰腺炎属于]]></desc><options><option><id>A</id><type>text</type><desc><![CDATA[感染性疾病]]></desc></option><option><id>B</id><type>text</type><desc><![CDATA[遗传性疾病]]></desc></option><option><id>C</id><type>text</type><desc><![CDATA[自身免疫性疾病]]></desc></option><option><id>D</id><type>text</type><desc><![CDATA[自身消化性疾病]]></desc></option><option><id>E</id><type>text</type><desc><![CDATA[结缔组织疾病]]></desc></option></options><answers><![CDATA[D]]></answers></question><question><type>1</type><format>text</format><desc><![CDATA[3.急性胰腺炎病人禁用的药物是]]></desc><options><option><id>A</id><type>text</type><desc><![CDATA[阿托品]]></desc></option><option><id>B</id><type>text</type><desc><![CDATA[654-2]]></desc></option><option><id>C</id><type>text</type><desc><![CDATA[哌替啶]]></desc></option><option><id>D</id><type>text</type><desc><![CDATA[吗啡]]></desc></option><option><id>E</id><type>text</type><desc><![CDATA[施他宁]]></desc></option></options><answers><![CDATA[D]]></answers></question><question><type>1</type><format>text</format><desc><![CDATA[4.急性胰腺炎病人，为减轻疼痛，可协助其采取的卧位是]]></desc><options><option><id>A</id><type>text</type><desc><![CDATA[去枕平卧]]></desc></option><option><id>B</id><type>text</type><desc><![CDATA[俯卧]]></desc></option><option><id>C</id><type>text</type><desc><![CDATA[屈膝侧卧]]></desc></option><option><id>D</id><type>text</type><desc><![CDATA[头低脚高]]></desc></option><option><id>E</id><type>text</type><desc><![CDATA[半坐卧位]]></desc></option></options><answers><![CDATA[C]]></answers></question></questions><questions><instructions><![CDATA[A2型题]]></instructions><question><type>2</type><format>text</format><desc><![CDATA[5.病人，男性，36岁。饱餐并大量饮酒后出现上腹部持续疼痛2小时来院急诊。疼痛持续，阵发性加剧，为减轻疼痛病人的常见体位是]]></desc><options><option><id>A</id><type>text</type><desc><![CDATA[俯卧位]]></desc></option><option><id>B</id><type>text</type><desc><![CDATA[半卧位]]></desc></option><option><id>C</id><type>text</type><desc><![CDATA[弯腰屈膝侧卧位]]></desc></option><option><id>D</id><type>text</type><desc><![CDATA[端坐位]]></desc></option><option><id>E</id><type>text</type><desc><![CDATA[截石位]]></desc></option></options><answers><![CDATA[C]]></answers></question><question><type>2</type><format>text</format><desc><![CDATA[6.病人，女性，43岁。中午饱餐后出现上腹部绞痛，同时向腰背部呈带状放射，已持续6小时。怀疑为急性胰腺炎，此时最具诊断意义的实验室检查为]]></desc><options><option><id>A</id><type>text</type><desc><![CDATA[白细胞计数]]></desc></option><option><id>B</id><type>text</type><desc><![CDATA[血清淀粉酶测定]]></desc></option><option><id>C</id><type>text</type><desc><![CDATA[尿液淀粉酶测定]]></desc></option><option><id>D</id><type>text</type><desc><![CDATA[血清脂肪酶测定]]></desc></option><option><id>E</id><type>text</type><desc><![CDATA[血清谷丙转氨酶]]></desc></option></options><answers><![CDATA[B]]></answers></question><question><type>2</type><format>html</format><desc><![CDATA[7.病人，男性，36岁。饱食后突感上腹部剧痛，迅即扩展至全腹，伴恶心、呕吐，呕吐后腹痛无减轻，发病2小时后来院急诊。体检：痛苦貌，精神紧张，血压85/50mmHg；P124次/分，全腹肌紧张，压痛、反跳痛，肠鸣音消失，白细胞16×10<sup>9</sup>/L，中性粒细胞比例0.90，既往身体健康，无消化性溃疡史、有胆石症病史。化验血淀粉酶为2500U/L。初步诊断为急性胰腺炎，该病人目前主要的护理诊断<u><b>不包括</b></u>]]></desc><options><option><id>A</id><type>text</type><desc><![CDATA[体液过多]]></desc></option><option><id>B</id><type>text</type><desc><![CDATA[体液不足]]></desc></option><option><id>C</id><type>text</type><desc><![CDATA[急性疼痛]]></desc></option><option><id>D</id><type>text</type><desc><![CDATA[个人应对无效]]></desc></option><option><id>E</id><type>text</type><desc><![CDATA[焦虑、恐惧]]></desc></option></options><answers><![CDATA[A]]></answers></question><question><type>2</type><format>text</format><desc><![CDATA[8.病人，男性，35岁。既往有胆结石，今日晚餐后突然出现中上腹痛，阵发性加剧，频繁呕吐，呕吐物含胆汁，呕吐后腹痛未减轻，化验血淀粉酶为2500U/L。鉴于目前该病人情况，首要治疗应是]]></desc><options><option><id>A</id><type>text</type><desc><![CDATA[胃肠减压]]></desc></option><option><id>B</id><type>text</type><desc><![CDATA[流食]]></desc></option><option><id>C</id><type>text</type><desc><![CDATA[应用吗啡止痛]]></desc></option><option><id>D</id><type>text</type><desc><![CDATA[禁用生长抑素类药物]]></desc></option><option><id>E</id><type>text</type><desc><![CDATA[禁用抑肤酶]]></desc></option></options><answers><![CDATA[A]]></answers></question><question><type>2</type><format>html</format><desc><![CDATA[9.病人，女性，56岁。有胆石症病史10年。上腹部剧痛4小时，呕吐3次，呕吐物中有胆汁。急诊入院，查血白细胞2×10<sup>9</sup>/L，中性粒细胞0.8，疑为急性胰腺炎，饮食应给予]]></desc><options><option><id>A</id><type>text</type><desc><![CDATA[禁食]]></desc></option><option><id>B</id><type>text</type><desc><![CDATA[半流食]]></desc></option><option><id>C</id><type>text</type><desc><![CDATA[易消化、富含纤维素饮食]]></desc></option><option><id>D</id><type>text</type><desc><![CDATA[生、冷食物]]></desc></option><option><id>E</id><type>text</type><desc><![CDATA[流食]]></desc></option></options><answers><![CDATA[A]]></answers></question><question><type>2</type><format>text</format><desc><![CDATA[10.病人，男性，56岁。中午饮酒后突然出现上腹中部剧烈刀割样疼痛，向腰背部呈带状放射。继而呕出胆汁，伴高热。急诊入院体检：急性痛苦面容，全腹疼痛，腹肌紧张。根据现有资料，该病人最可能的诊断是]]></desc><options><option><id>A</id><type>text</type><desc><![CDATA[溃疡穿孔]]></desc></option><option><id>B</id><type>text</type><desc><![CDATA[上消化道出血]]></desc></option><option><id>C</id><type>text</type><desc><![CDATA[急性胆囊炎]]></desc></option><option><id>D</id><type>text</type><desc><![CDATA[急性胰腺炎]]></desc></option><option><id>E</id><type>text</type><desc><![CDATA[原发性肝癌]]></desc></option></options><answers><![CDATA[D]]></answers></question></questions></exam>