﻿<?xml version="1.0" encoding="UTF-8"?><exam><id>20181008171639</id><questions><instructions><![CDATA[A1型题]]></instructions><question><type>1</type><format>text</format><desc><![CDATA[1.在我国肝硬化最常见的原因是]]></desc><options><option><id>A</id><type>text</type><desc><![CDATA[酒精中毒]]></desc></option><option><id>B</id><type>text</type><desc><![CDATA[胆汁淤滞]]></desc></option><option><id>C</id><type>text</type><desc><![CDATA[循环障碍]]></desc></option><option><id>D</id><type>text</type><desc><![CDATA[病毒性肝炎]]></desc></option><option><id>E</id><type>text</type><desc><![CDATA[日本血吸虫病]]></desc></option></options><answers><![CDATA[D]]></answers></question><question><type>1</type><format>text</format><desc><![CDATA[2.属于肝硬化病人门脉高压的临床表现的是]]></desc><options><option><id>A</id><type>text</type><desc><![CDATA[食欲减退]]></desc></option><option><id>B</id><type>text</type><desc><![CDATA[脾大]]></desc></option><option><id>C</id><type>text</type><desc><![CDATA[肝掌]]></desc></option><option><id>D</id><type>text</type><desc><![CDATA[贫血]]></desc></option><option><id>E</id><type>text</type><desc><![CDATA[蜘蛛痣]]></desc></option></options><answers><![CDATA[B]]></answers></question></questions><questions><instructions><![CDATA[A2型题]]></instructions><question><type>2</type><format>text</format><desc><![CDATA[3.病人，男性，57岁，有乙型肝炎病史。查体：肝未触及，脾肋下4cm。面颈部见蜘蛛痣。病人出现蜘蛛痣可能的原因是]]></desc><options><option><id>A</id><type>text</type><desc><![CDATA[雄激素增多]]></desc></option><option><id>B</id><type>text</type><desc><![CDATA[雌激素增多]]></desc></option><option><id>C</id><type>text</type><desc><![CDATA[糖皮质激素增多]]></desc></option><option><id>D</id><type>text</type><desc><![CDATA[抗利尿激素增多]]></desc></option><option><id>E</id><type>text</type><desc><![CDATA[继发性醛固酮增多]]></desc></option></options><answers><![CDATA[B]]></answers></question><question><type>2</type><format>text</format><desc><![CDATA[4.病人，男性，49岁，肝硬化病史5年。近期腹胀加重，尿量减少。查体：全腹膨隆，无压痛、反跳痛、肌紧张，肝脏未触及，脾肋下2厘米，移动性浊音阳性，双下肢水肿。该病人每日摄水量应限制在]]></desc><options><option><id>A</id><type>text</type><desc><![CDATA[500ml以内]]></desc></option><option><id>B</id><type>text</type><desc><![CDATA[1000ml以内]]></desc></option><option><id>C</id><type>text</type><desc><![CDATA[1500ml以内]]></desc></option><option><id>D</id><type>text</type><desc><![CDATA[2000ml以内]]></desc></option><option><id>E</id><type>text</type><desc><![CDATA[2500ml以内]]></desc></option></options><answers><![CDATA[B]]></answers></question><question><type>2</type><format>text</format><desc><![CDATA[5.病人，女，50岁，肝硬化病史20年，进餐时突然呕吐咖啡色胃内容物约500m1。出血部位最可能在]]></desc><options><option><id>A</id><type>text</type><desc><![CDATA[食管中上段及胃底]]></desc></option><option><id>B</id><type>text</type><desc><![CDATA[食管下段及胃底]]></desc></option><option><id>C</id><type>text</type><desc><![CDATA[食管下段及胃体]]></desc></option><option><id>D</id><type>text</type><desc><![CDATA[食管下段及胃体]]></desc></option><option><id>E</id><type>text</type><desc><![CDATA[直肠]]></desc></option></options><answers><![CDATA[B]]></answers></question><question><type>2</type><format>text</format><desc><![CDATA[6.病人，男性，49岁，“肝硬化”病史10余年。近两月来出现尿量减少，腹胀明显，心慌、气短，呼吸困难。护理体检：腹部膨隆，状如蛙腹；B超示大量腹水。腹水发生的主要原因是]]></desc><options><option><id>A</id><type>text</type><desc><![CDATA[饮水过多]]></desc></option><option><id>B</id><type>text</type><desc><![CDATA[高钠饮食]]></desc></option><option><id>C</id><type>text</type><desc><![CDATA[心力衰竭]]></desc></option><option><id>D</id><type>text</type><desc><![CDATA[门脉高压和血浆蛋白降低]]></desc></option><option><id>E</id><type>text</type><desc><![CDATA[肾脏衰竭]]></desc></option></options><answers><![CDATA[D]]></answers></question><question><type>2</type><format>text</format><desc><![CDATA[7.病人，男性，53岁，“肝硬化”病史15年。护理体检：神志清，轻度黄疸，肝轻度肿大，腹部叩诊有移动性浊音。胃镜提示食管胃底有静脉曲张。护士在给病人进行健康教育时，告诉病人要避免进食粗糙坚硬的食物，是为避免出现的并发症是]]></desc><options><option><id>A</id><type>text</type><desc><![CDATA[上消化道出血]]></desc></option><option><id>B</id><type>text</type><desc><![CDATA[心力衰竭]]></desc></option><option><id>C</id><type>text</type><desc><![CDATA[肝肾综合征]]></desc></option><option><id>D</id><type>text</type><desc><![CDATA[肝性脑病]]></desc></option><option><id>E</id><type>text</type><desc><![CDATA[窒息]]></desc></option></options><answers><![CDATA[A]]></answers></question><question><type>2</type><format>text</format><desc><![CDATA[8.病人，男性，67岁。患肝硬化8年。有腹水。因呕血、黑便3天。在急诊输血、补液治疗，无意识障碍。本病此期最突出的临床表现是]]></desc><options><option><id>A</id><type>text</type><desc><![CDATA[黄疸]]></desc></option><option><id>B</id><type>text</type><desc><![CDATA[腹水]]></desc></option><option><id>C</id><type>text</type><desc><![CDATA[蜘蛛痣和肝掌]]></desc></option><option><id>D</id><type>text</type><desc><![CDATA[脾功能亢进]]></desc></option><option><id>E</id><type>text</type><desc><![CDATA[出血倾向]]></desc></option></options><answers><![CDATA[B]]></answers></question></questions><questions><instructions><![CDATA[A3型题]]></instructions><question><type>3</type><format>text</format><desc><![CDATA[9.病人，男性，52岁，肝硬化史3年。病人主诉乏力、食欲减退。查体：神清，轻度黄疸，肝脾肿大，移动性浊音（+）。胃镜示食管胃底静脉重度曲张。]]></desc><children><question><type>3</type><format>text</format><desc><![CDATA[（1）护士在对该病人进行健康教育时告诉该病人宜进食的饮食是]]></desc><options><option><id>A</id><type>text</type><desc><![CDATA[低热量饮食]]></desc></option><option><id>B</id><type>text</type><desc><![CDATA[低蛋白饮食]]></desc></option><option><id>C</id><type>text</type><desc><![CDATA[高维生素]]></desc></option><option><id>D</id><type>text</type><desc><![CDATA[高脂肪]]></desc></option><option><id>E</id><type>text</type><desc><![CDATA[多食富含纤维的粗粮]]></desc></option></options><answers><![CDATA[C]]></answers></question><question><type>3</type><format>text</format><desc><![CDATA[（2）该病人应用螺内酯和氢氯噻嗪利尿治疗，护士在给该病人做健康教育时，应告诉病人每天监测体重，且每日体重减少应控制在]]></desc><options><option><id>A</id><type>text</type><desc><![CDATA[0.5kg内]]></desc></option><option><id>B</id><type>text</type><desc><![CDATA[1kg内]]></desc></option><option><id>C</id><type>text</type><desc><![CDATA[2kg内]]></desc></option><option><id>D</id><type>text</type><desc><![CDATA[3kg内]]></desc></option><option><id>E</id><type>text</type><desc><![CDATA[5kg内]]></desc></option></options><answers><![CDATA[A]]></answers></question></children></question></questions></exam>