﻿<?xml version="1.0" encoding="UTF-8"?><exam><id>20181008171442</id><questions><instructions><![CDATA[A1型题]]></instructions><question><type>1</type><format>text</format><desc><![CDATA[1.近年来多认为消化性溃疡的主要致病因素是]]></desc><options><option><id>A</id><type>text</type><desc><![CDATA[胃酸和胃蛋白酶的作用]]></desc></option><option><id>B</id><type>text</type><desc><![CDATA[吸烟]]></desc></option><option><id>C</id><type>text</type><desc><![CDATA[长期服用非甾体抗炎药]]></desc></option><option><id>D</id><type>text</type><desc><![CDATA[遗传]]></desc></option><option><id>E</id><type>text</type><desc><![CDATA[幽门螺杆菌感染]]></desc></option></options><answers><![CDATA[E]]></answers></question><question><type>1</type><format>text</format><desc><![CDATA[2.消化性溃疡病人最主要的症状是]]></desc><options><option><id>A</id><type>text</type><desc><![CDATA[食欲下降]]></desc></option><option><id>B</id><type>text</type><desc><![CDATA[反酸嗳气]]></desc></option><option><id>C</id><type>text</type><desc><![CDATA[恶心、呕吐]]></desc></option><option><id>D</id><type>text</type><desc><![CDATA[呕血、黑便]]></desc></option><option><id>E</id><type>text</type><desc><![CDATA[节律性上腹痛]]></desc></option></options><answers><![CDATA[E]]></answers></question><question><type>1</type><format>text</format><desc><![CDATA[3.消化性溃疡病人疼痛节律性消失提示]]></desc><options><option><id>A</id><type>text</type><desc><![CDATA[劳累]]></desc></option><option><id>B</id><type>text</type><desc><![CDATA[醉酒]]></desc></option><option><id>C</id><type>text</type><desc><![CDATA[受凉]]></desc></option><option><id>D</id><type>text</type><desc><![CDATA[失眠]]></desc></option><option><id>E</id><type>text</type><desc><![CDATA[癌变]]></desc></option></options><answers><![CDATA[E]]></answers></question><question><type>1</type><format>text</format><desc><![CDATA[4.胃溃疡病人上腹部疼痛的典型节律是]]></desc><options><option><id>A</id><type>text</type><desc><![CDATA[疼痛-进食-缓解]]></desc></option><option><id>B</id><type>text</type><desc><![CDATA[进食-缓解-疼痛]]></desc></option><option><id>C</id><type>text</type><desc><![CDATA[缓解-疼痛-进食]]></desc></option><option><id>D</id><type>text</type><desc><![CDATA[进食-疼痛-缓解]]></desc></option><option><id>E</id><type>text</type><desc><![CDATA[疼痛-进食-疼痛]]></desc></option></options><answers><![CDATA[D]]></answers></question><question><type>1</type><format>text</format><desc><![CDATA[5.诊断消化性溃疡最有价值的辅助检查是]]></desc><options><option><id>A</id><type>text</type><desc><![CDATA[胃镜及黏膜活组织检查]]></desc></option><option><id>B</id><type>text</type><desc><![CDATA[X线钡餐检查]]></desc></option><option><id>C</id><type>text</type><desc><![CDATA[幽门螺杆菌检测]]></desc></option><option><id>D</id><type>text</type><desc><![CDATA[血清胃泌素测定]]></desc></option><option><id>E</id><type>text</type><desc><![CDATA[胃液分析]]></desc></option></options><answers><![CDATA[A]]></answers></question></questions><questions><instructions><![CDATA[A2型题]]></instructions><question><type>2</type><format>text</format><desc><![CDATA[6.病人，女性，35岁。胃溃疡病史5年。近2日出现餐后1小时上腹部疼痛，呕吐后可缓解。此时应指导病人先做]]></desc><options><option><id>A</id><type>text</type><desc><![CDATA[胃液分析]]></desc></option><option><id>B</id><type>text</type><desc><![CDATA[胃镜]]></desc></option><option><id>C</id><type>text</type><desc><![CDATA[腹部超声]]></desc></option><option><id>D</id><type>text</type><desc><![CDATA[腹部CT]]></desc></option><option><id>E</id><type>text</type><desc><![CDATA[腹部X线透视]]></desc></option></options><answers><![CDATA[B]]></answers></question><question><type>2</type><format>text</format><desc><![CDATA[7.病人，男性，32岁。自述有胃病史。近1周来常感上腹部不适，4小时前突发上腹部剧烈疼痛。查：腹部压痛，腹肌紧张，肝浊音界缩小，X线检查可见膈下游离气体。最可能的诊断是]]></desc><options><option><id>A</id><type>text</type><desc><![CDATA[急性阑尾炎穿孔]]></desc></option><option><id>B</id><type>text</type><desc><![CDATA[胆囊炎穿孔]]></desc></option><option><id>C</id><type>text</type><desc><![CDATA[急性胰腺炎]]></desc></option><option><id>D</id><type>text</type><desc><![CDATA[胃溃疡穿孔]]></desc></option><option><id>E</id><type>text</type><desc><![CDATA[急性肠梗阻]]></desc></option></options><answers><![CDATA[D]]></answers></question><question><type>2</type><format>text</format><desc><![CDATA[8.病人，男性，27岁。有十二指肠溃疡史，饮酒后出现剧烈上腹部疼痛，面色苍白。护理体检：腹肌紧张，全腹明显压痛及反跳痛，血压110/75mmHg。此时护理的首要措施是]]></desc><options><option><id>A</id><type>text</type><desc><![CDATA[安慰病人，给予镇静剂]]></desc></option><option><id>B</id><type>text</type><desc><![CDATA[吸氧]]></desc></option><option><id>C</id><type>text</type><desc><![CDATA[立即禁食和胃肠减压]]></desc></option><option><id>D</id><type>text</type><desc><![CDATA[立即输血]]></desc></option><option><id>E</id><type>text</type><desc><![CDATA[继续观察]]></desc></option></options><answers><![CDATA[C]]></answers></question><question><type>2</type><format>text</format><desc><![CDATA[9.病人，男性，32岁，“胃溃疡出血”病史3年，经治疗出血停止，病情缓解，大便潜血试验阴性，大便潜血试验前3天嘱病人禁食的食物是]]></desc><options><option><id>A</id><type>text</type><desc><![CDATA[大白菜]]></desc></option><option><id>B</id><type>text</type><desc><![CDATA[菠菜]]></desc></option><option><id>C</id><type>text</type><desc><![CDATA[豆腐]]></desc></option><option><id>D</id><type>text</type><desc><![CDATA[土豆]]></desc></option><option><id>E</id><type>text</type><desc><![CDATA[菜花]]></desc></option></options><answers><![CDATA[B]]></answers></question><question><type>2</type><format>text</format><desc><![CDATA[10.病人，男性，65岁。“胃溃疡”病史20年，常于餐后出现中上腹部疼痛，服用氢氧化铝可缓解。近一年来，腹部疼痛失去原有规律，服用氢氧化铝无缓解，伴消瘦、乏力。入院检查：大便潜血阳性。最大可能存在]]></desc><options><option><id>A</id><type>text</type><desc><![CDATA[胃溃疡出血]]></desc></option><option><id>B</id><type>text</type><desc><![CDATA[十二肠溃疡出血]]></desc></option><option><id>C</id><type>text</type><desc><![CDATA[胃癌出血]]></desc></option><option><id>D</id><type>text</type><desc><![CDATA[慢性胃炎出血]]></desc></option><option><id>E</id><type>text</type><desc><![CDATA[食管静脉曲张破裂出血]]></desc></option></options><answers><![CDATA[C]]></answers></question></questions></exam>