﻿<?xml version="1.0" encoding="UTF-8"?><exam><id>20181113134804</id><questions><instructions><![CDATA[A1型题]]></instructions><question><type>1</type><format>html</format><desc><![CDATA[1.下列哪项<u><b>不是</b></u>口腔颌面部损伤的特点]]></desc><options><option><id>A</id><type>text</type><desc><![CDATA[血液循环丰富，易发生组织血肿和水肿]]></desc></option><option><id>B</id><type>text</type><desc><![CDATA[由于污染多，容易感染及组织坏死]]></desc></option><option><id>C</id><type>text</type><desc><![CDATA[易并发颅脑损伤]]></desc></option><option><id>D</id><type>text</type><desc><![CDATA[严重时可发生窒息]]></desc></option><option><id>E</id><type>text</type><desc><![CDATA[常发生面部畸形]]></desc></option></options><answers><![CDATA[B]]></answers></question><question><type>1</type><format>text</format><desc><![CDATA[2.口腔颌面部损伤后，伤口愈合快，抗感染强是由于]]></desc><options><option><id>A</id><type>text</type><desc><![CDATA[神经分布细密]]></desc></option><option><id>B</id><type>text</type><desc><![CDATA[肌肉的功能活动]]></desc></option><option><id>C</id><type>text</type><desc><![CDATA[血液供应丰富]]></desc></option><option><id>D</id><type>text</type><desc><![CDATA[咀嚼运动的促进作用]]></desc></option><option><id>E</id><type>text</type><desc><![CDATA[伤口暴露容易清洁]]></desc></option></options><answers><![CDATA[C]]></answers></question><question><type>1</type><format>text</format><desc><![CDATA[3.下列最易伴发颅脑损伤的骨折是]]></desc><options><option><id>A</id><type>text</type><desc><![CDATA[下颌骨骨折]]></desc></option><option><id>B</id><type>text</type><desc><![CDATA[鼻骨骨折]]></desc></option><option><id>C</id><type>text</type><desc><![CDATA[上颌骨骨折]]></desc></option><option><id>D</id><type>text</type><desc><![CDATA[颧骨颧弓骨折]]></desc></option><option><id>E</id><type>text</type><desc><![CDATA[以上全部都是]]></desc></option></options><answers><![CDATA[C]]></answers></question><question><type>1</type><format>text</format><desc><![CDATA[4.口腔颌面部最易发生骨折的部位是]]></desc><options><option><id>A</id><type>text</type><desc><![CDATA[鼻骨]]></desc></option><option><id>B</id><type>text</type><desc><![CDATA[颧骨]]></desc></option><option><id>C</id><type>text</type><desc><![CDATA[颧弓]]></desc></option><option><id>D</id><type>text</type><desc><![CDATA[上颌骨]]></desc></option><option><id>E</id><type>text</type><desc><![CDATA[下颌骨]]></desc></option></options><answers><![CDATA[E]]></answers></question><question><type>1</type><format>text</format><desc><![CDATA[5.口腔颌面部损伤后伤口发生感染的主要原因是]]></desc><options><option><id>A</id><type>text</type><desc><![CDATA[面部是暴露部位]]></desc></option><option><id>B</id><type>text</type><desc><![CDATA[口腔颌面部腔窦多]]></desc></option><option><id>C</id><type>text</type><desc><![CDATA[口腔内有牙齿，牙齿携带大量细菌]]></desc></option><option><id>D</id><type>text</type><desc><![CDATA[口腔颌面部有口腔、鼻腔等，不能严密包扎敷料]]></desc></option><option><id>E</id><type>text</type><desc><![CDATA[口腔和鼻腔经常活动，不断获得新细菌种植]]></desc></option></options><answers><![CDATA[B]]></answers></question><question><type>1</type><format>text</format><desc><![CDATA[6.病人因舌部出血明显，应用的止血方法是]]></desc><options><option><id>A</id><type>text</type><desc><![CDATA[止血药物]]></desc></option><option><id>B</id><type>text</type><desc><![CDATA[纱布填塞]]></desc></option><option><id>C</id><type>text</type><desc><![CDATA[颈外动脉结扎]]></desc></option><option><id>D</id><type>text</type><desc><![CDATA[指压患侧颈总动脉]]></desc></option><option><id>E</id><type>text</type><desc><![CDATA[缝合止血]]></desc></option></options><answers><![CDATA[E]]></answers></question><question><type>1</type><format>text</format><desc><![CDATA[7.颜面部软组织出血时，若采用压迫止血，应压迫的动脉是]]></desc><options><option><id>A</id><type>text</type><desc><![CDATA[上下唇动脉]]></desc></option><option><id>B</id><type>text</type><desc><![CDATA[面动脉]]></desc></option><option><id>C</id><type>text</type><desc><![CDATA[颌内动脉]]></desc></option><option><id>D</id><type>text</type><desc><![CDATA[舌动脉]]></desc></option><option><id>E</id><type>text</type><desc><![CDATA[耳后动脉]]></desc></option></options><answers><![CDATA[B]]></answers></question><question><type>1</type><format>text</format><desc><![CDATA[8.对因咽喉部肿胀压迫呼吸道导致窒息的病人，应当]]></desc><options><option><id>A</id><type>text</type><desc><![CDATA[立即行气管切开术]]></desc></option><option><id>B</id><type>text</type><desc><![CDATA[立即行环甲膜穿刺]]></desc></option><option><id>C</id><type>text</type><desc><![CDATA[插入通气导管]]></desc></option><option><id>D</id><type>text</type><desc><![CDATA[向外牵出舌]]></desc></option><option><id>E</id><type>text</type><desc><![CDATA[使病人处于俯卧位]]></desc></option></options><answers><![CDATA[C]]></answers></question><question><type>1</type><format>text</format><desc><![CDATA[9.口腔颌面部损伤后，最危及病人生命的主要原因是]]></desc><options><option><id>A</id><type>text</type><desc><![CDATA[出血]]></desc></option><option><id>B</id><type>text</type><desc><![CDATA[感染]]></desc></option><option><id>C</id><type>text</type><desc><![CDATA[窒息]]></desc></option><option><id>D</id><type>text</type><desc><![CDATA[休克]]></desc></option><option><id>E</id><type>text</type><desc><![CDATA[弥散性血管内凝血（DIC）]]></desc></option></options><answers><![CDATA[C]]></answers></question><question><type>1</type><format>text</format><desc><![CDATA[10.休克失代偿的表现是]]></desc><options><option><id>A</id><type>text</type><desc><![CDATA[意识淡漠]]></desc></option><option><id>B</id><type>text</type><desc><![CDATA[尿少]]></desc></option><option><id>C</id><type>text</type><desc><![CDATA[收缩压下降]]></desc></option><option><id>D</id><type>text</type><desc><![CDATA[脉搏细速]]></desc></option><option><id>E</id><type>text</type><desc><![CDATA[四肢湿冷]]></desc></option></options><answers><![CDATA[C]]></answers></question></questions><questions><instructions><![CDATA[A2型题]]></instructions><question><type>2</type><format>text</format><desc><![CDATA[11.病人，男性，38岁，颌面部骨折，出血750ml，烦躁，面色苍白，皮肤湿冷，血压115/77mmHg，脉搏110次/分，此时病人的病情为]]></desc><options><option><id>A</id><type>text</type><desc><![CDATA[无休克]]></desc></option><option><id>B</id><type>text</type><desc><![CDATA[休克代偿期]]></desc></option><option><id>C</id><type>text</type><desc><![CDATA[轻度休克]]></desc></option><option><id>D</id><type>text</type><desc><![CDATA[中度休克]]></desc></option><option><id>E</id><type>text</type><desc><![CDATA[重度休克]]></desc></option></options><answers><![CDATA[B]]></answers></question><question><type>2</type><format>text</format><desc><![CDATA[12.病人，男性，46岁，4小时前发生车祸致多发性口腔颌面部挫裂伤并伴有开放性多发骨折，移位明显，无颅脑损伤。治疗原则及步骤是]]></desc><options><option><id>A</id><type>text</type><desc><![CDATA[清创、缝合软组织，二期处理骨折]]></desc></option><option><id>B</id><type>text</type><desc><![CDATA[清创、缝合皮肤，骨折复位固定，缝合口腔黏膜]]></desc></option><option><id>C</id><type>text</type><desc><![CDATA[清创、缝合口腔黏膜，骨折复位固定，缝合皮肤]]></desc></option><option><id>D</id><type>text</type><desc><![CDATA[复位固定骨折，缝合皮肤、黏膜]]></desc></option><option><id>E</id><type>text</type><desc><![CDATA[缝合皮肤、黏膜，颌间结扎]]></desc></option></options><answers><![CDATA[C]]></answers></question><question><type>2</type><format>html</format><desc><![CDATA[13.病人，中年女性，颧骨颧弓骨折合并颅底骨折，病人入院时检查鼻孔有淡粉色液体流出，经证实为脑脊液漏。<u><b>应禁止</b></u>进行的护理措施是]]></desc><options><option><id>A</id><type>text</type><desc><![CDATA[告知病人取半卧位]]></desc></option><option><id>B</id><type>text</type><desc><![CDATA[嘱病人清淡饮食]]></desc></option><option><id>C</id><type>text</type><desc><![CDATA[禁止咳嗽、擤鼻等动作]]></desc></option><option><id>D</id><type>text</type><desc><![CDATA[用抗生素药物冲洗鼻腔]]></desc></option><option><id>E</id><type>text</type><desc><![CDATA[预防便秘，防止交叉感染]]></desc></option></options><answers><![CDATA[D]]></answers></question><question><type>2</type><format>html</format><desc><![CDATA[14.病人不慎跌倒，导致髁突入颅，下列<u><b>不是</b></u>该病人临床表现的是]]></desc><options><option><id>A</id><type>text</type><desc><![CDATA[咬合关系紊乱]]></desc></option><option><id>B</id><type>text</type><desc><![CDATA[张口受限]]></desc></option><option><id>C</id><type>text</type><desc><![CDATA[眼镜征]]></desc></option><option><id>D</id><type>text</type><desc><![CDATA[下唇麻木]]></desc></option><option><id>E</id><type>text</type><desc><![CDATA[骨折段移位]]></desc></option></options><answers><![CDATA[C]]></answers></question></questions></exam>