﻿<?xml version="1.0" encoding="UTF-8"?><exam><id>20181112153200</id><questions><instructions><![CDATA[A1型题]]></instructions><question><type>1</type><format>text</format><desc><![CDATA[1.对大角膜以及小角膜描述正确的是]]></desc><options><option><id>A</id><type>text</type><desc><![CDATA[角膜直径小于10cm为小角膜]]></desc></option><option><id>B</id><type>text</type><desc><![CDATA[角膜横径小于10cm为小角膜]]></desc></option><option><id>C</id><type>text</type><desc><![CDATA[角膜直径小于12.5cm为小角膜]]></desc></option><option><id>D</id><type>text</type><desc><![CDATA[角膜横径大于10cm为大角膜]]></desc></option><option><id>E</id><type>text</type><desc><![CDATA[角膜直径大于12.5cm为大角膜]]></desc></option></options><answers><![CDATA[B]]></answers></question><question><type>1</type><format>text</format><desc><![CDATA[2.眼科病人常见的自觉症状是]]></desc><options><option><id>A</id><type>text</type><desc><![CDATA[视力障碍]]></desc></option><option><id>B</id><type>text</type><desc><![CDATA[感觉异常]]></desc></option><option><id>C</id><type>text</type><desc><![CDATA[外观异常]]></desc></option><option><id>D</id><type>text</type><desc><![CDATA[以上都是]]></desc></option><option><id>E</id><type>text</type><desc><![CDATA[以上都不是]]></desc></option></options><answers><![CDATA[D]]></answers></question><question><type>1</type><format>text</format><desc><![CDATA[3.眼前出现固定性黑影，常见于以下哪种情况]]></desc><options><option><id>A</id><type>text</type><desc><![CDATA[青光眼]]></desc></option><option><id>B</id><type>text</type><desc><![CDATA[白内障]]></desc></option><option><id>C</id><type>text</type><desc><![CDATA[玻璃体混浊]]></desc></option><option><id>D</id><type>text</type><desc><![CDATA[视网膜脱离]]></desc></option><option><id>E</id><type>text</type><desc><![CDATA[角膜炎]]></desc></option></options><answers><![CDATA[B]]></answers></question><question><type>1</type><format>html</format><desc><![CDATA[4.视力逐渐下降<u><b>不伴有</b></u>疼痛的疾病是]]></desc><options><option><id>A</id><type>text</type><desc><![CDATA[急性闭角型青光眼和白内障]]></desc></option><option><id>B</id><type>text</type><desc><![CDATA[白内障和角膜炎]]></desc></option><option><id>C</id><type>text</type><desc><![CDATA[视网膜脱离和葡萄膜炎]]></desc></option><option><id>D</id><type>text</type><desc><![CDATA[白内障和近视]]></desc></option><option><id>E</id><type>text</type><desc><![CDATA[视网膜动脉阻塞和视网膜静脉阻塞]]></desc></option></options><answers><![CDATA[D]]></answers></question><question><type>1</type><format>text</format><desc><![CDATA[5.以下属于散瞳剂的眼药水是]]></desc><options><option><id>A</id><type>text</type><desc><![CDATA[复方托吡卡胺眼药水]]></desc></option><option><id>B</id><type>text</type><desc><![CDATA[卡替洛尔眼药水]]></desc></option><option><id>C</id><type>text</type><desc><![CDATA[普拉洛芬眼药水]]></desc></option><option><id>D</id><type>text</type><desc><![CDATA[氟米龙眼药水]]></desc></option><option><id>E</id><type>text</type><desc><![CDATA[左氧氟沙星眼药水]]></desc></option></options><answers><![CDATA[A]]></answers></question><question><type>1</type><format>text</format><desc><![CDATA[6.球旁注射操作中注意要]]></desc><options><option><id>A</id><type>text</type><desc><![CDATA[进针慢、注射慢、拔针快]]></desc></option><option><id>B</id><type>text</type><desc><![CDATA[进针快、注射慢、拔针快]]></desc></option><option><id>C</id><type>text</type><desc><![CDATA[进针快、注射快、拔针快]]></desc></option><option><id>D</id><type>text</type><desc><![CDATA[进针慢、注射慢、拔针慢]]></desc></option><option><id>E</id><type>text</type><desc><![CDATA[进针慢、注射快、拔针快]]></desc></option></options><answers><![CDATA[D]]></answers></question><question><type>1</type><format>text</format><desc><![CDATA[7.滴眼药水的正确部位为]]></desc><options><option><id>A</id><type>text</type><desc><![CDATA[上穹窿部]]></desc></option><option><id>B</id><type>text</type><desc><![CDATA[下穹窿部]]></desc></option><option><id>C</id><type>text</type><desc><![CDATA[内眦部]]></desc></option><option><id>D</id><type>text</type><desc><![CDATA[外眦部]]></desc></option><option><id>E</id><type>text</type><desc><![CDATA[角膜]]></desc></option></options><answers><![CDATA[B]]></answers></question><question><type>1</type><format>text</format><desc><![CDATA[8.两眼突出度异常是指相差多少以上]]></desc><options><option><id>A</id><type>text</type><desc><![CDATA[1mm]]></desc></option><option><id>B</id><type>text</type><desc><![CDATA[2mm]]></desc></option><option><id>C</id><type>text</type><desc><![CDATA[3mm]]></desc></option><option><id>D</id><type>text</type><desc><![CDATA[4mm]]></desc></option><option><id>E</id><type>text</type><desc><![CDATA[5mm]]></desc></option></options><answers><![CDATA[B]]></answers></question><question><type>1</type><format>html</format><desc><![CDATA[9.以下关于瞳孔的检查，描述<u><b>错误</b></u>的是]]></desc><options><option><id>A</id><type>text</type><desc><![CDATA[观察瞳孔大小]]></desc></option><option><id>B</id><type>text</type><desc><![CDATA[幼儿和老人的瞳孔较小]]></desc></option><option><id>C</id><type>text</type><desc><![CDATA[看近物时瞳孔缩小]]></desc></option><option><id>D</id><type>text</type><desc><![CDATA[光照射时瞳孔散大]]></desc></option><option><id>E</id><type>text</type><desc><![CDATA[观察直接、间接对光反射]]></desc></option></options><answers><![CDATA[D]]></answers></question><question><type>1</type><format>html</format><desc><![CDATA[10.以下对泪道冲洗操作描述<u><b>错误</b></u>的是]]></desc><options><option><id>A</id><type>text</type><desc><![CDATA[急性泪囊炎泪道冲洗时动作要轻柔]]></desc></option><option><id>B</id><type>text</type><desc><![CDATA[如泪小点太小，可先用泪小点扩张器扩张泪小点再行操作。]]></desc></option><option><id>C</id><type>text</type><desc><![CDATA[进针如遇阻力不可强行进针]]></desc></option><option><id>D</id><type>text</type><desc><![CDATA[短时间内不可反复多次冲洗泪道]]></desc></option><option><id>E</id><type>text</type><desc><![CDATA[如假道形成，要立即停止泪道冲洗，并给予抗生素治疗。]]></desc></option></options><answers><![CDATA[A]]></answers></question><question><type>1</type><format>text</format><desc><![CDATA[11.临床上常见的眼科计算机图像分析包括]]></desc><options><option><id>A</id><type>text</type><desc><![CDATA[电子计算机断层扫描、B超]]></desc></option><option><id>B</id><type>text</type><desc><![CDATA[干涉光断层扫描仪、磁共振成像]]></desc></option><option><id>C</id><type>text</type><desc><![CDATA[眼底荧光血管造影]]></desc></option><option><id>D</id><type>text</type><desc><![CDATA[彩色超声多普勒成像]]></desc></option><option><id>E</id><type>text</type><desc><![CDATA[超声生物显微镜]]></desc></option></options><answers><![CDATA[B]]></answers></question></questions><questions><instructions><![CDATA[A2型题]]></instructions><question><type>2</type><format>text</format><desc><![CDATA[12.病人，女性，45岁，熬夜后突然出现视力下降伴有眼痛，首先应考虑的疾病是]]></desc><options><option><id>A</id><type>text</type><desc><![CDATA[白内障]]></desc></option><option><id>B</id><type>text</type><desc><![CDATA[葡萄膜炎]]></desc></option><option><id>C</id><type>text</type><desc><![CDATA[急性闭角型青光眼]]></desc></option><option><id>D</id><type>text</type><desc><![CDATA[视网膜脱离]]></desc></option><option><id>E</id><type>text</type><desc><![CDATA[角膜炎]]></desc></option></options><answers><![CDATA[C]]></answers></question><question><type>2</type><format>html</format><desc><![CDATA[13.病人，男性，43岁，因急性闭角型青光眼入院，眼压双眼50mmHg以上，此时应<u><b>禁用</b></u>以下药物]]></desc><options><option><id>A</id><type>text</type><desc><![CDATA[抗炎药物]]></desc></option><option><id>B</id><type>text</type><desc><![CDATA[散瞳药物]]></desc></option><option><id>C</id><type>text</type><desc><![CDATA[缩瞳药物]]></desc></option><option><id>D</id><type>text</type><desc><![CDATA[脱水剂]]></desc></option><option><id>E</id><type>text</type><desc><![CDATA[营养角膜药物]]></desc></option></options><answers><![CDATA[B]]></answers></question><question><type>2</type><format>text</format><desc><![CDATA[14.病人，女性，48岁，因眼外伤收住入院，入院时主诉出现单眼复视，病人有可能的诊断为]]></desc><options><option><id>A</id><type>text</type><desc><![CDATA[晶状体不全脱位]]></desc></option><option><id>B</id><type>text</type><desc><![CDATA[角膜穿通伤]]></desc></option><option><id>C</id><type>text</type><desc><![CDATA[视网膜脱离]]></desc></option><option><id>D</id><type>text</type><desc><![CDATA[眼外肌麻痹]]></desc></option><option><id>E</id><type>text</type><desc><![CDATA[晶状体全脱位]]></desc></option></options><answers><![CDATA[A]]></answers></question><question><type>2</type><format>html</format><desc><![CDATA[15.病人，男性，45岁，近日发现视物变形，<u><b>不可能</b></u>的诊断是]]></desc><options><option><id>A</id><type>text</type><desc><![CDATA[视网膜脱离]]></desc></option><option><id>B</id><type>text</type><desc><![CDATA[视网膜脉络膜肿瘤]]></desc></option><option><id>C</id><type>text</type><desc><![CDATA[黄斑病变]]></desc></option><option><id>D</id><type>text</type><desc><![CDATA[晶状体混浊]]></desc></option><option><id>E</id><type>text</type><desc><![CDATA[高度近视]]></desc></option></options><answers><![CDATA[D]]></answers></question></questions></exam>