﻿<?xml version="1.0" encoding="UTF-8"?><exam><id>20181112160407</id><questions><instructions><![CDATA[A1型题]]></instructions><question><type>1</type><format>text</format><desc><![CDATA[1.易引起急性无菌性化脓性炎症的眼内异物是]]></desc><options><option><id>A</id><type>text</type><desc><![CDATA[铁异物]]></desc></option><option><id>B</id><type>text</type><desc><![CDATA[铜异物]]></desc></option><option><id>C</id><type>text</type><desc><![CDATA[碎石异物]]></desc></option><option><id>D</id><type>text</type><desc><![CDATA[玻璃异物]]></desc></option><option><id>E</id><type>text</type><desc><![CDATA[木头异物]]></desc></option></options><answers><![CDATA[C]]></answers></question><question><type>1</type><format>html</format><desc><![CDATA[2.<u><b>不能用</b></u>磁共振成像检查的眼内异物为]]></desc><options><option><id>A</id><type>text</type><desc><![CDATA[玻璃异物]]></desc></option><option><id>B</id><type>text</type><desc><![CDATA[铁异物]]></desc></option><option><id>C</id><type>text</type><desc><![CDATA[石头异物]]></desc></option><option><id>D</id><type>text</type><desc><![CDATA[木质异物]]></desc></option><option><id>E</id><type>text</type><desc><![CDATA[塑料异物]]></desc></option></options><answers><![CDATA[B]]></answers></question><question><type>1</type><format>text</format><desc><![CDATA[3.交感性眼炎被认为是一种迟发的自身免疫性疾病，主要与下列哪项有关]]></desc><options><option><id>A</id><type>text</type><desc><![CDATA[补体]]></desc></option><option><id>B</id><type>text</type><desc><![CDATA[细胞免疫]]></desc></option><option><id>C</id><type>text</type><desc><![CDATA[免疫复合物]]></desc></option><option><id>D</id><type>text</type><desc><![CDATA[体液免疫]]></desc></option><option><id>E</id><type>text</type><desc><![CDATA[病毒感染]]></desc></option></options><answers><![CDATA[B]]></answers></question><question><type>1</type><format>text</format><desc><![CDATA[4.眼球穿通伤是指]]></desc><options><option><id>A</id><type>text</type><desc><![CDATA[眼球壁三层均穿透的外伤]]></desc></option><option><id>B</id><type>text</type><desc><![CDATA[眼球外壁外层穿透的外伤]]></desc></option><option><id>C</id><type>text</type><desc><![CDATA[眼球壁外、中二层穿透的外伤]]></desc></option><option><id>D</id><type>text</type><desc><![CDATA[眼球壁三层均穿透合并眼内容物脱出的外伤]]></desc></option><option><id>E</id><type>text</type><desc><![CDATA[以上均正确]]></desc></option></options><answers><![CDATA[A]]></answers></question><question><type>1</type><format>html</format><desc><![CDATA[5.前房出血，下列护理措施操作正确的是<u><b></b></u>]]></desc><options><option><id>A</id><type>text</type><desc><![CDATA[平卧位]]></desc></option><option><id>B</id><type>text</type><desc><![CDATA[散瞳药]]></desc></option><option><id>C</id><type>text</type><desc><![CDATA[缩瞳药]]></desc></option><option><id>D</id><type>text</type><desc><![CDATA[止血药]]></desc></option><option><id>E</id><type>text</type><desc><![CDATA[以上均不对]]></desc></option></options><answers><![CDATA[D]]></answers></question><question><type>1</type><format>html</format><desc><![CDATA[6.眼化学伤现场冲洗时间是]]></desc><options><option><id>A</id><type>text</type><desc><![CDATA[至少10分钟]]></desc></option><option><id>B</id><type>text</type><desc><![CDATA[至少15分钟]]></desc></option><option><id>C</id><type>text</type><desc><![CDATA[至少20分钟]]></desc></option><option><id>D</id><type>text</type><desc><![CDATA[至少25分钟]]></desc></option><option><id>E</id><type>text</type><desc><![CDATA[至少30分钟]]></desc></option></options><answers><![CDATA[E]]></answers></question><question><type>1</type><format>html</format><desc><![CDATA[7.电光性眼炎的潜伏期一般为]]></desc><options><option><id>A</id><type>text</type><desc><![CDATA[10～30分钟]]></desc></option><option><id>B</id><type>text</type><desc><![CDATA[30～60分钟]]></desc></option><option><id>C</id><type>text</type><desc><![CDATA[1～3小时]]></desc></option><option><id>D</id><type>text</type><desc><![CDATA[3～8小时]]></desc></option><option><id>E</id><type>text</type><desc><![CDATA[1～2天]]></desc></option></options><answers><![CDATA[D]]></answers></question></questions><questions><instructions><![CDATA[A2型题]]></instructions><question><type>2</type><format>text</format><desc><![CDATA[8.患者，男性，25岁，机床操作工人。右眼被异物击伤致视力下降半小时。现在需要进一步做的检查是]]></desc><options><option><id>A</id><type>text</type><desc><![CDATA[眼电图]]></desc></option><option><id>B</id><type>text</type><desc><![CDATA[眼底照相]]></desc></option><option><id>C</id><type>text</type><desc><![CDATA[OCT]]></desc></option><option><id>D</id><type>text</type><desc><![CDATA[CT]]></desc></option><option><id>E</id><type>text</type><desc><![CDATA[MRI]]></desc></option></options><answers><![CDATA[D]]></answers></question><question><type>2</type><format>text</format><desc><![CDATA[9.患者，男，28岁，建筑工地工人，右眼被石灰溅入，疼痛不适伴有视物模糊，接下来护理措施是]]></desc><options><option><id>A</id><type>text</type><desc><![CDATA[拨打120电话]]></desc></option><option><id>B</id><type>text</type><desc><![CDATA[现场用清水冲洗]]></desc></option><option><id>C</id><type>text</type><desc><![CDATA[用生理盐水冲洗]]></desc></option><option><id>D</id><type>text</type><desc><![CDATA[送医院]]></desc></option><option><id>E</id><type>text</type><desc><![CDATA[静脉滴抗生素药物]]></desc></option></options><answers><![CDATA[B]]></answers></question><question><type>2</type><format>text</format><desc><![CDATA[10.患者，男，45岁，双眼疼痛难忍，伴有视物模糊半小时，查体见结膜充血明显，角膜上皮点状脱落，前房清，房角开放，虹膜纹理清，晶状体透明，眼压14mmHg。5小时前有电焊操作。考虑为]]></desc><options><option><id>A</id><type>text</type><desc><![CDATA[细菌性结膜炎]]></desc></option><option><id>B</id><type>text</type><desc><![CDATA[病毒性结膜炎]]></desc></option><option><id>C</id><type>text</type><desc><![CDATA[细菌性角膜炎]]></desc></option><option><id>D</id><type>text</type><desc><![CDATA[虹膜睫状体炎]]></desc></option><option><id>E</id><type>text</type><desc><![CDATA[电光性眼炎]]></desc></option></options><answers><![CDATA[E]]></answers></question></questions></exam>