﻿<?xml version="1.0" encoding="UTF-8"?><exam><id>20181113132018</id><questions><instructions><![CDATA[A1型题]]></instructions><question><type>1</type><format>text</format><desc><![CDATA[1.视诊时应首先检查的部位是]]></desc><options><option><id>A</id><type>text</type><desc><![CDATA[面部]]></desc></option><option><id>B</id><type>text</type><desc><![CDATA[全口牙齿]]></desc></option><option><id>C</id><type>text</type><desc><![CDATA[口腔黏膜]]></desc></option><option><id>D</id><type>text</type><desc><![CDATA[舌苔]]></desc></option><option><id>E</id><type>text</type><desc><![CDATA[主诉部位]]></desc></option></options><answers><![CDATA[E]]></answers></question><question><type>1</type><format>text</format><desc><![CDATA[2.我国成年人因为牙周病而引发的并发症中，下列排在首位的是]]></desc><options><option><id>A</id><type>text</type><desc><![CDATA[继发牙根尖周病]]></desc></option><option><id>B</id><type>text</type><desc><![CDATA[丧失牙齿]]></desc></option><option><id>C</id><type>text</type><desc><![CDATA[继发心脏病]]></desc></option><option><id>D</id><type>text</type><desc><![CDATA[继发肾病]]></desc></option><option><id>E</id><type>text</type><desc><![CDATA[牙周炎]]></desc></option></options><answers><![CDATA[B]]></answers></question><question><type>1</type><format>text</format><desc><![CDATA[3.轻度张口受限是指上、下切牙切缘间距离可置入]]></desc><options><option><id>A</id><type>text</type><desc><![CDATA[五横指]]></desc></option><option><id>B</id><type>text</type><desc><![CDATA[四横指]]></desc></option><option><id>C</id><type>text</type><desc><![CDATA[三横指]]></desc></option><option><id>D</id><type>text</type><desc><![CDATA[二横指]]></desc></option><option><id>E</id><type>text</type><desc><![CDATA[一横指]]></desc></option></options><answers><![CDATA[D]]></answers></question><question><type>1</type><format>html</format><desc><![CDATA[4.以下<u><b>不是</b></u>口腔科发生医院感染的高风险原因的是]]></desc><options><option><id>A</id><type>text</type><desc><![CDATA[口腔治疗过程中易产生气溶胶]]></desc></option><option><id>B</id><type>text</type><desc><![CDATA[口腔器械清洁消毒灭菌难度大]]></desc></option><option><id>C</id><type>text</type><desc><![CDATA[口腔内寄居大量的微生物]]></desc></option><option><id>D</id><type>text</type><desc><![CDATA[医务人员无菌意识差]]></desc></option><option><id>E</id><type>text</type><desc><![CDATA[以上都不是]]></desc></option></options><answers><![CDATA[D]]></answers></question><question><type>1</type><format>html</format><desc><![CDATA[5.以下<u><b>不属于</b></u>高度危险的器械的是]]></desc><options><option><id>A</id><type>text</type><desc><![CDATA[根管充填器]]></desc></option><option><id>B</id><type>text</type><desc><![CDATA[超声工作尖]]></desc></option><option><id>C</id><type>text</type><desc><![CDATA[卡局式注射器]]></desc></option><option><id>D</id><type>text</type><desc><![CDATA[根管扩大器]]></desc></option><option><id>E</id><type>text</type><desc><![CDATA[电刀头]]></desc></option></options><answers><![CDATA[C]]></answers></question><question><type>1</type><format>text</format><desc><![CDATA[6.以下是中度风险区域的是]]></desc><options><option><id>A</id><type>text</type><desc><![CDATA[信息科]]></desc></option><option><id>B</id><type>text</type><desc><![CDATA[会议室]]></desc></option><option><id>C</id><type>text</type><desc><![CDATA[病案科]]></desc></option><option><id>D</id><type>text</type><desc><![CDATA[手术室]]></desc></option><option><id>E</id><type>text</type><desc><![CDATA[普通病房]]></desc></option></options><answers><![CDATA[E]]></answers></question><question><type>1</type><format>text</format><desc><![CDATA[7.无菌物品开启后有效使用期限为]]></desc><options><option><id>A</id><type>text</type><desc><![CDATA[48小时]]></desc></option><option><id>B</id><type>text</type><desc><![CDATA[24小时]]></desc></option><option><id>C</id><type>text</type><desc><![CDATA[10小时]]></desc></option><option><id>D</id><type>text</type><desc><![CDATA[4小时]]></desc></option><option><id>E</id><type>text</type><desc><![CDATA[1小时]]></desc></option></options><answers><![CDATA[D]]></answers></question><question><type>1</type><format>text</format><desc><![CDATA[8.一次性纸塑料袋包装的无菌物品的有效期为]]></desc><options><option><id>A</id><type>text</type><desc><![CDATA[180天]]></desc></option><option><id>B</id><type>text</type><desc><![CDATA[90天]]></desc></option><option><id>C</id><type>text</type><desc><![CDATA[60天]]></desc></option><option><id>D</id><type>text</type><desc><![CDATA[30天]]></desc></option><option><id>E</id><type>text</type><desc><![CDATA[7天]]></desc></option></options><answers><![CDATA[A]]></answers></question><question><type>1</type><format>html</format><desc><![CDATA[9.护士配合医生进行拔牙操作时，使用<u><b>错误</b></u>的是]]></desc><options><option><id>A</id><type>text</type><desc><![CDATA[帽子]]></desc></option><option><id>B</id><type>text</type><desc><![CDATA[普通口罩]]></desc></option><option><id>C</id><type>text</type><desc><![CDATA[防护面罩]]></desc></option><option><id>D</id><type>text</type><desc><![CDATA[吸引器]]></desc></option><option><id>E</id><type>text</type><desc><![CDATA[手套]]></desc></option></options><answers><![CDATA[B]]></answers></question></questions><questions><instructions><![CDATA[A2型题]]></instructions><question><type>2</type><format>text</format><desc><![CDATA[10.病人，男性，35岁，因张口困难来院就诊，测量其上、下切牙切缘间距离约为7mm，该病人的张口度为]]></desc><options><option><id>A</id><type>text</type><desc><![CDATA[轻度张口受限]]></desc></option><option><id>B</id><type>text</type><desc><![CDATA[中度张口受限]]></desc></option><option><id>C</id><type>text</type><desc><![CDATA[重度张口受限]]></desc></option><option><id>D</id><type>text</type><desc><![CDATA[完全性张口受限]]></desc></option><option><id>E</id><type>text</type><desc><![CDATA[张口过度]]></desc></option></options><answers><![CDATA[C]]></answers></question><question><type>2</type><format>text</format><desc><![CDATA[11.病人，女性，67岁，自诉因近日咀嚼食物时自觉右下后牙齿松动来院就诊，检查见患牙可向颊舌向摇动1.3mm，向近远中向摇动1mm,该病人牙齿松动度为]]></desc><options><option><id>A</id><type>text</type><desc><![CDATA[Ⅰ度]]></desc></option><option><id>B</id><type>text</type><desc><![CDATA[Ⅱ度]]></desc></option><option><id>C</id><type>text</type><desc><![CDATA[Ⅲ度]]></desc></option><option><id>D</id><type>text</type><desc><![CDATA[Ⅳ度]]></desc></option><option><id>E</id><type>text</type><desc><![CDATA[Ⅴ度]]></desc></option></options><answers><![CDATA[B]]></answers></question><question><type>2</type><format>text</format><desc><![CDATA[12.最后一位病人做完龈下洁治，护士清洁消毒口腔综合治疗台的排水系统的方法是]]></desc><options><option><id>A</id><type>text</type><desc><![CDATA[治疗后，用清水冲洗痰盂及管道，应清洗吸唾过滤和沉渣过滤装置，保持清洁无异味]]></desc></option><option><id>B</id><type>text</type><desc><![CDATA[用500mg/L含有效氯1000ml以上的消毒液消毒痰盂及管道，再用清水1000mL以上冲洗]]></desc></option><option><id>C</id><type>text</type><desc><![CDATA[空吸30秒，保持管道干燥过夜]]></desc></option><option><id>D</id><type>text</type><desc><![CDATA[牙椅复位，关闭电源]]></desc></option><option><id>E</id><type>text</type><desc><![CDATA[包括以上内容]]></desc></option></options><answers><![CDATA[E]]></answers></question></questions></exam>