﻿<?xml version="1.0" encoding="UTF-8"?><exam><id>20181112155124</id><questions><instructions><![CDATA[A1型题]]></instructions><question><type>1</type><format>text</format><desc><![CDATA[1.统计学上正常眼压值是]]></desc><options><option><id>A</id><type>text</type><desc><![CDATA[5～15mmHg]]></desc></option><option><id>B</id><type>text</type><desc><![CDATA[10～21mmHg]]></desc></option><option><id>C</id><type>text</type><desc><![CDATA[9～18mmHg]]></desc></option><option><id>D</id><type>text</type><desc><![CDATA[15～25mmHg]]></desc></option><option><id>E</id><type>text</type><desc><![CDATA[20～30mmHg]]></desc></option></options><answers><![CDATA[B]]></answers></question><question><type>1</type><format>html</format><desc><![CDATA[2.急性闭角型青光眼患眼解剖学特征下列描述<u><b>错误</b></u>的是]]></desc><options><option><id>A</id><type>text</type><desc><![CDATA[眼轴长]]></desc></option><option><id>B</id><type>text</type><desc><![CDATA[前房浅]]></desc></option><option><id>C</id><type>text</type><desc><![CDATA[房角窄]]></desc></option><option><id>D</id><type>text</type><desc><![CDATA[晶状体大]]></desc></option><option><id>E</id><type>text</type><desc><![CDATA[虹膜根部厚]]></desc></option></options><answers><![CDATA[A]]></answers></question><question><type>1</type><format>html</format><desc><![CDATA[3.急性闭角型青光眼急性发作期症状描述<u><b>错误</b></u>的是]]></desc><options><option><id>A</id><type>text</type><desc><![CDATA[剧烈的头痛]]></desc></option><option><id>B</id><type>text</type><desc><![CDATA[眼胀痛明显]]></desc></option><option><id>C</id><type>text</type><desc><![CDATA[呕吐]]></desc></option><option><id>D</id><type>text</type><desc><![CDATA[虹视]]></desc></option><option><id>E</id><type>text</type><desc><![CDATA[视力无明显改变]]></desc></option></options><answers><![CDATA[E]]></answers></question><question><type>1</type><format>html</format><desc><![CDATA[4.以下哪项<u><b>不是</b></u>常用降眼压药物]]></desc><options><option><id>A</id><type>text</type><desc><![CDATA[甘露醇]]></desc></option><option><id>B</id><type>text</type><desc><![CDATA[毛果芸香碱滴眼液]]></desc></option><option><id>C</id><type>text</type><desc><![CDATA[氧氟沙星滴眼液]]></desc></option><option><id>D</id><type>text</type><desc><![CDATA[曲伏前列腺素滴眼液]]></desc></option><option><id>E</id><type>text</type><desc><![CDATA[噻吗洛尔滴眼液]]></desc></option></options><answers><![CDATA[C]]></answers></question><question><type>1</type><format>html</format><desc><![CDATA[5.关于青光眼病人的健康教育，下列叙述<u><b>错误</b></u>的是]]></desc><options><option><id>A</id><type>text</type><desc><![CDATA[保证充足睡眠]]></desc></option><option><id>B</id><type>text</type><desc><![CDATA[避免长时间暗室工作]]></desc></option><option><id>C</id><type>text</type><desc><![CDATA[一次饮水量＜500ml]]></desc></option><option><id>D</id><type>text</type><desc><![CDATA[避免举重、倒立]]></desc></option><option><id>E</id><type>text</type><desc><![CDATA[保持良好心态]]></desc></option></options><answers><![CDATA[C]]></answers></question><question><type>1</type><format>text</format><desc><![CDATA[6.24小时眼压检查最高与最低差病理值是]]></desc><options><option><id>A</id><type>text</type><desc><![CDATA[4mmHg]]></desc></option><option><id>B</id><type>text</type><desc><![CDATA[5mmHg]]></desc></option><option><id>C</id><type>text</type><desc><![CDATA[6mmHg]]></desc></option><option><id>D</id><type>text</type><desc><![CDATA[7mmHg]]></desc></option><option><id>E</id><type>text</type><desc><![CDATA[8mmHg]]></desc></option></options><answers><![CDATA[E]]></answers></question><question><type>1</type><format>text</format><desc><![CDATA[7.房水排出最主要的途径是]]></desc><options><option><id>A</id><type>text</type><desc><![CDATA[视网膜]]></desc></option><option><id>B</id><type>text</type><desc><![CDATA[虹膜]]></desc></option><option><id>C</id><type>text</type><desc><![CDATA[房角小梁网]]></desc></option><option><id>D</id><type>text</type><desc><![CDATA[脉络膜]]></desc></option><option><id>E</id><type>text</type><desc><![CDATA[睫状体]]></desc></option></options><answers><![CDATA[C]]></answers></question></questions><questions><instructions><![CDATA[A2型题]]></instructions><question><type>2</type><format>text</format><desc><![CDATA[8.病人，女性，50岁，左眼胀痛不适，视物不清伴有头痛。首先应考虑的疾病是]]></desc><options><option><id>A</id><type>text</type><desc><![CDATA[结膜炎]]></desc></option><option><id>B</id><type>text</type><desc><![CDATA[青光眼]]></desc></option><option><id>C</id><type>text</type><desc><![CDATA[白内障]]></desc></option><option><id>D</id><type>text</type><desc><![CDATA[视网膜脱离]]></desc></option><option><id>E</id><type>text</type><desc><![CDATA[颅内占位性病变]]></desc></option></options><answers><![CDATA[B]]></answers></question><question><type>2</type><format>text</format><desc><![CDATA[9.病人，女性，20岁，体检发现双眼眼压均为22mmHg，视力视野及眼底检查均未见异常，考虑为]]></desc><options><option><id>A</id><type>text</type><desc><![CDATA[发育性青光眼]]></desc></option><option><id>B</id><type>text</type><desc><![CDATA[开角型青光眼]]></desc></option><option><id>C</id><type>text</type><desc><![CDATA[闭角型青光眼]]></desc></option><option><id>D</id><type>text</type><desc><![CDATA[混合型青光眼]]></desc></option><option><id>E</id><type>text</type><desc><![CDATA[高眼压症]]></desc></option></options><answers><![CDATA[E]]></answers></question><question><type>2</type><format>text</format><desc><![CDATA[10.病人，女性，49岁，因左眼疼痛不适入院，诊断为左眼急性闭角型青光眼急性发作期，现对右眼护理措施正确的是]]></desc><options><option><id>A</id><type>text</type><desc><![CDATA[无需处理]]></desc></option><option><id>B</id><type>text</type><desc><![CDATA[滴毛果芸香碱滴眼液]]></desc></option><option><id>C</id><type>text</type><desc><![CDATA[滴氧氟沙星滴眼液]]></desc></option><option><id>D</id><type>text</type><desc><![CDATA[滴曲伏前列腺素滴眼液]]></desc></option><option><id>E</id><type>text</type><desc><![CDATA[滴噻吗洛尔滴眼液]]></desc></option></options><answers><![CDATA[B]]></answers></question></questions></exam>