﻿<?xml version="1.0" encoding="UTF-8"?><exam><id>20181113130807</id><questions><instructions><![CDATA[A1型题]]></instructions><question><type>1</type><format>text</format><desc><![CDATA[1.下列组织中最坚硬的组织是]]></desc><options><option><id>A</id><type>text</type><desc><![CDATA[牙本质]]></desc></option><option><id>B</id><type>text</type><desc><![CDATA[牙釉质]]></desc></option><option><id>C</id><type>text</type><desc><![CDATA[牙周膜]]></desc></option><option><id>D</id><type>text</type><desc><![CDATA[牙骨质]]></desc></option><option><id>E</id><type>text</type><desc><![CDATA[牙髓]]></desc></option></options><answers><![CDATA[B]]></answers></question><question><type>1</type><format>html</format><desc><![CDATA[2.<img src="components/questions/20181113130807/images/NMP1.jpg"/>是表示以下哪个牙位]]></desc><options><option><id>A</id><type>text</type><desc><![CDATA[左上第一恒磨牙]]></desc></option><option><id>B</id><type>text</type><desc><![CDATA[左下第一恒磨牙]]></desc></option><option><id>C</id><type>text</type><desc><![CDATA[右上第一乳磨牙]]></desc></option><option><id>D</id><type>text</type><desc><![CDATA[右上第一恒前磨牙]]></desc></option><option><id>E</id><type>text</type><desc><![CDATA[右上第一恒磨牙]]></desc></option></options><answers><![CDATA[E]]></answers></question><question><type>1</type><format>text</format><desc><![CDATA[3.牙萌出的时间是指]]></desc><options><option><id>A</id><type>text</type><desc><![CDATA[牙出龈的时间]]></desc></option><option><id>B</id><type>text</type><desc><![CDATA[牙冠完全萌出的时间]]></desc></option><option><id>C</id><type>text</type><desc><![CDATA[牙到达咬合接触的时间]]></desc></option><option><id>D</id><type>text</type><desc><![CDATA[牙冠在牙隐窝中移动开始的时间]]></desc></option><option><id>E</id><type>text</type><desc><![CDATA[牙冠萌出2/3的时间]]></desc></option></options><answers><![CDATA[A]]></answers></question><question><type>1</type><format>text</format><desc><![CDATA[4.口内最先萌出，不替换任何乳牙的恒牙是]]></desc><options><option><id>A</id><type>text</type><desc><![CDATA[中切牙]]></desc></option><option><id>B</id><type>text</type><desc><![CDATA[侧切牙]]></desc></option><option><id>C</id><type>text</type><desc><![CDATA[尖牙]]></desc></option><option><id>D</id><type>text</type><desc><![CDATA[第一前磨牙]]></desc></option><option><id>E</id><type>text</type><desc><![CDATA[第一磨牙]]></desc></option></options><answers><![CDATA[E]]></answers></question><question><type>1</type><format>html</format><desc><![CDATA[5.替牙<img src="components/questions/20181113130807/images/NMP2.jpg"/>时期为]]></desc><options><option><id>A</id><type>text</type><desc><![CDATA[2～6岁]]></desc></option><option><id>B</id><type>text</type><desc><![CDATA[2.5～6岁]]></desc></option><option><id>C</id><type>text</type><desc><![CDATA[6～12岁]]></desc></option><option><id>D</id><type>text</type><desc><![CDATA[9～12岁]]></desc></option><option><id>E</id><type>text</type><desc><![CDATA[6～15岁]]></desc></option></options><answers><![CDATA[C]]></answers></question><question><type>1</type><format>text</format><desc><![CDATA[6.关于牙本质正确的说法是]]></desc><options><option><id>A</id><type>text</type><desc><![CDATA[不如牙釉质坚硬]]></desc></option><option><id>B</id><type>text</type><desc><![CDATA[位于牙釉质与牙骨质的内层]]></desc></option><option><id>C</id><type>text</type><desc><![CDATA[白色透明]]></desc></option><option><id>D</id><type>text</type><desc><![CDATA[围成牙髓腔]]></desc></option><option><id>E</id><type>text</type><desc><![CDATA[是牙体的主质]]></desc></option></options><answers><![CDATA[D]]></answers></question><question><type>1</type><format>html</format><desc><![CDATA[7.从牙体的纵剖面观察，牙体组织的组成<u><b>不包括</b></u>]]></desc><options><option><id>A</id><type>text</type><desc><![CDATA[牙釉质]]></desc></option><option><id>B</id><type>text</type><desc><![CDATA[牙本质]]></desc></option><option><id>C</id><type>text</type><desc><![CDATA[牙周膜]]></desc></option><option><id>D</id><type>text</type><desc><![CDATA[牙骨质]]></desc></option><option><id>E</id><type>text</type><desc><![CDATA[牙髓]]></desc></option></options><answers><![CDATA[C]]></answers></question></questions><questions><instructions><![CDATA[A2型题]]></instructions><question><type>2</type><format>text</format><desc><![CDATA[8.张医生在给7岁患儿做乳牙根管充填时，没有使用牙胶尖的原因是]]></desc><options><option><id>A</id><type>text</type><desc><![CDATA[乳牙髓腔太大]]></desc></option><option><id>B</id><type>text</type><desc><![CDATA[乳牙髓角高]]></desc></option><option><id>C</id><type>text</type><desc><![CDATA[乳牙根管太细]]></desc></option><option><id>D</id><type>text</type><desc><![CDATA[乳牙根尖孔大]]></desc></option><option><id>E</id><type>text</type><desc><![CDATA[乳牙的牙根会生理性吸收]]></desc></option></options><answers><![CDATA[E]]></answers></question><question><type>2</type><format>text</format><desc><![CDATA[9.病人伍某，78岁，全口残根需要拔除，护士协助医生拔牙敲锤时，拔除以下哪个牙位时应注意敲击力度要小]]></desc><options><option><id>A</id><type>text</type><desc><![CDATA[上颌第一磨牙]]></desc></option><option><id>B</id><type>text</type><desc><![CDATA[上颌侧切牙]]></desc></option><option><id>C</id><type>text</type><desc><![CDATA[上颌第三磨牙]]></desc></option><option><id>D</id><type>text</type><desc><![CDATA[下颌第二前磨牙]]></desc></option><option><id>E</id><type>text</type><desc><![CDATA[下颌第三磨牙]]></desc></option></options><answers><![CDATA[A]]></answers></question><question><type>2</type><format>text</format><desc><![CDATA[10.某男，46岁，行左侧腮腺全切除手术，术后出现左侧口角下垂，流口水，可能损伤的是]]></desc><options><option><id>A</id><type>text</type><desc><![CDATA[面神经颞支]]></desc></option><option><id>B</id><type>text</type><desc><![CDATA[面神经颧支]]></desc></option><option><id>C</id><type>text</type><desc><![CDATA[面神经颊支]]></desc></option><option><id>D</id><type>text</type><desc><![CDATA[面神经下颌缘支]]></desc></option><option><id>E</id><type>text</type><desc><![CDATA[面神经颈支]]></desc></option></options><answers><![CDATA[D]]></answers></question></questions></exam>