﻿<?xml version="1.0" encoding="UTF-8"?><exam><id>20181113112351</id><questions><instructions><![CDATA[A2型题]]></instructions><question><type>1</type><format>text</format><desc><![CDATA[1.周阿姨因食管异物住院，异物取出后，进食时间应为]]></desc><options><option><id>A</id><type>text</type><desc><![CDATA[立即可以]]></desc></option><option><id>B</id><type>text</type><desc><![CDATA[1小时后]]></desc></option><option><id>C</id><type>text</type><desc><![CDATA[4小时后]]></desc></option><option><id>D</id><type>text</type><desc><![CDATA[12小时后]]></desc></option><option><id>E</id><type>text</type><desc><![CDATA[24小时后]]></desc></option></options><answers><![CDATA[C]]></answers><keypoints><![CDATA[解析：术后异物取出完整，无明显黏膜损伤者，4小时后进食。]]></keypoints></question><question><type>1</type><format>text</format><desc><![CDATA[2.患儿咳嗽剧烈，疑有气管异物，X线片无异常，为进一步明确诊断应考虑的检查为]]></desc><options><option><id>A</id><type>text</type><desc><![CDATA[直接喉镜]]></desc></option><option><id>B</id><type>text</type><desc><![CDATA[CT扫描]]></desc></option><option><id>C</id><type>text</type><desc><![CDATA[食管镜]]></desc></option><option><id>D</id><type>text</type><desc><![CDATA[支气管镜]]></desc></option><option><id>E</id><type>text</type><desc><![CDATA[间接喉镜]]></desc></option></options><answers><![CDATA[D]]></answers><keypoints><![CDATA[解析：支气管镜检查是确诊气管、支气管异物最可靠的方法，同时可取出异物。]]></keypoints></question><question><type>1</type><format>text</format><desc><![CDATA[3.患儿拟诊气管活动性异物，置听诊器于气管前可听到拍击声。活动性气管、支气管异物还有哪些特征]]></desc><options><option><id>A</id><type>text</type><desc><![CDATA[两肺啰音]]></desc></option><option><id>B</id><type>text</type><desc><![CDATA[呼吸困难]]></desc></option><option><id>C</id><type>text</type><desc><![CDATA[异物有上下拍击的震动]]></desc></option><option><id>D</id><type>text</type><desc><![CDATA[阵发性咳嗽]]></desc></option><option><id>E</id><type>text</type><desc><![CDATA[胸部疼痛]]></desc></option></options><answers><![CDATA[C]]></answers><keypoints><![CDATA[解析：气管、支气管活动性异物，随气流向上撞击声门下时产生拍击声。]]></keypoints></question><question><type>1</type><format>text</format><desc><![CDATA[4.端午节，王奶奶吃糍粑时突然不能动弹，用手指颈部。你判断王奶奶食管异物最可能位于]]></desc><options><option><id>A</id><type>text</type><desc><![CDATA[食管入口处]]></desc></option><option><id>B</id><type>text</type><desc><![CDATA[食管第二狭窄处]]></desc></option><option><id>C</id><type>text</type><desc><![CDATA[环咽肌下方]]></desc></option><option><id>D</id><type>text</type><desc><![CDATA[食管隔裂孔处]]></desc></option><option><id>E</id><type>text</type><desc><![CDATA[贲门处]]></desc></option></options><answers><![CDATA[A]]></answers><keypoints><![CDATA[解析：食管异物最常嵌顿于食管入口处，其次为食管第二狭窄处。]]></keypoints></question><question><type>1</type><format>text</format><desc><![CDATA[5.某人在进食时突觉吞咽疼痛，且吞咽困难，但无声嘶，应考虑]]></desc><options><option><id>A</id><type>text</type><desc><![CDATA[食管异物]]></desc></option><option><id>B</id><type>text</type><desc><![CDATA[急性咽炎]]></desc></option><option><id>C</id><type>text</type><desc><![CDATA[急性会厌炎]]></desc></option><option><id>D</id><type>text</type><desc><![CDATA[急性扁桃体炎]]></desc></option><option><id>E</id><type>text</type><desc><![CDATA[气管异物]]></desc></option></options><answers><![CDATA[A]]></answers><keypoints><![CDATA[解析：进食时突然吞咽疼痛，说明可能有食管异物。]]></keypoints></question><question><type>1</type><format>text</format><desc><![CDATA[6.患儿拟支气管异物入院。首先应做哪项检查]]></desc><options><option><id>A</id><type>text</type><desc><![CDATA[B超]]></desc></option><option><id>B</id><type>text</type><desc><![CDATA[X线片检查]]></desc></option><option><id>C</id><type>text</type><desc><![CDATA[血液检查]]></desc></option><option><id>D</id><type>text</type><desc><![CDATA[痰检查]]></desc></option><option><id>E</id><type>text</type><desc><![CDATA[支气管镜检查]]></desc></option></options><answers><![CDATA[B]]></answers><keypoints><![CDATA[解析：气管、支气管异物可先行X线片检查。]]></keypoints></question></questions></exam>