﻿<?xml version="1.0" encoding="UTF-8"?><exam><id>20181113111750</id><questions><instructions><![CDATA[A1型题]]></instructions><question><type>1</type><format>html</format><desc><![CDATA[1.哪项<u><b>不是</b></u>鼻炎病人的主要身体状况]]></desc><options><option><id>A</id><type>text</type><desc><![CDATA[鼻塞]]></desc></option><option><id>B</id><type>text</type><desc><![CDATA[流涕]]></desc></option><option><id>C</id><type>text</type><desc><![CDATA[打喷嚏]]></desc></option><option><id>D</id><type>text</type><desc><![CDATA[鼻部疼痛]]></desc></option><option><id>E</id><type>text</type><desc><![CDATA[嗅觉障碍]]></desc></option></options><answers><![CDATA[D]]></answers><keypoints><![CDATA[解析：鼻炎多是黏膜病变，疼痛症状一般不明显。]]></keypoints></question><question><type>1</type><format>text</format><desc><![CDATA[2.各组鼻窦中最容易发生鼻窦炎的是]]></desc><options><option><id>A</id><type>text</type><desc><![CDATA[海绵窦]]></desc></option><option><id>B</id><type>text</type><desc><![CDATA[上颌窦]]></desc></option><option><id>C</id><type>text</type><desc><![CDATA[蝶窦]]></desc></option><option><id>D</id><type>text</type><desc><![CDATA[额窦]]></desc></option><option><id>E</id><type>text</type><desc><![CDATA[筛窦]]></desc></option></options><answers><![CDATA[B]]></answers><keypoints><![CDATA[解析：因为上颌窦位置最低，开口比较高，不利于引流。]]></keypoints></question><question><type>1</type><format>html</format><desc><![CDATA[3.<u><b>不符合</b></u>慢性单纯性鼻炎身体状况的是]]></desc><options><option><id>A</id><type>text</type><desc><![CDATA[单侧或双侧持续性鼻塞]]></desc></option><option><id>B</id><type>text</type><desc><![CDATA[无耳鸣及听力障碍]]></desc></option><option><id>C</id><type>text</type><desc><![CDATA[下鼻甲黏膜光滑]]></desc></option><option><id>D</id><type>text</type><desc><![CDATA[探针触之柔软有弹性]]></desc></option><option><id>E</id><type>text</type><desc><![CDATA[对血管收缩剂敏感]]></desc></option></options><answers><![CDATA[A]]></answers><keypoints><![CDATA[解析：慢性肥厚性鼻炎出现持续性鼻塞，单纯性鼻炎多见于间歇性鼻塞。]]></keypoints></question><question><type>1</type><format>html</format><desc><![CDATA[4.变应性鼻炎典型的身体状况<u><b>不包括</b></u>]]></desc><options><option><id>A</id><type>text</type><desc><![CDATA[突发鼻痒]]></desc></option><option><id>B</id><type>text</type><desc><![CDATA[阵发性连续喷嚏]]></desc></option><option><id>C</id><type>text</type><desc><![CDATA[大量清水样鼻涕]]></desc></option><option><id>D</id><type>text</type><desc><![CDATA[下鼻甲黏膜暗红色]]></desc></option><option><id>E</id><type>text</type><desc><![CDATA[鼻腔黏膜苍白、水肿]]></desc></option></options><answers><![CDATA[D]]></answers><keypoints><![CDATA[解析：为免疫性反应，黏膜多是苍白色。]]></keypoints></question><question><type>1</type><format>html</format><desc><![CDATA[5.采用前鼻孔填塞止血法的病人，以下描述<u><b>不正确</b></u>的是]]></desc><options><option><id>A</id><type>text</type><desc><![CDATA[常用填塞材料是凡士林纱条]]></desc></option><option><id>B</id><type>text</type><desc><![CDATA[填塞时间一般为24～48h]]></desc></option><option><id>C</id><type>text</type><desc><![CDATA[病人口干可给予含漱]]></desc></option><option><id>D</id><type>text</type><desc><![CDATA[常规用抗生素预防感染]]></desc></option><option><id>E</id><type>text</type><desc><![CDATA[填塞时间至少为68h]]></desc></option></options><answers><![CDATA[E]]></answers><keypoints><![CDATA[解析：填塞时间过久，容易导致中耳炎、鼻窦炎等并发症。]]></keypoints></question><question><type>1</type><format>text</format><desc><![CDATA[6.使用鼻腔黏膜收缩剂（如麻黄碱滴鼻液）超过7天，可能会导致]]></desc><options><option><id>A</id><type>text</type><desc><![CDATA[慢性单纯性鼻炎]]></desc></option><option><id>B</id><type>text</type><desc><![CDATA[慢性肥厚性鼻炎]]></desc></option><option><id>C</id><type>text</type><desc><![CDATA[药物性鼻炎]]></desc></option><option><id>D</id><type>text</type><desc><![CDATA[慢性上颌窦炎]]></desc></option><option><id>E</id><type>text</type><desc><![CDATA[急性筛窦炎]]></desc></option></options><answers><![CDATA[C]]></answers></question><question><type>1</type><format>html</format><desc><![CDATA[7.鼻源性头痛特点描述<u><b>不正确</b></u>的是]]></desc><options><option><id>A</id><type>text</type><desc><![CDATA[特定的部位]]></desc></option><option><id>B</id><type>text</type><desc><![CDATA[没有明显的时间规律]]></desc></option><option><id>C</id><type>text</type><desc><![CDATA[有明显的周期性]]></desc></option><option><id>D</id><type>text</type><desc><![CDATA[急性上颌窦炎头痛特点为晨起轻，午后重。]]></desc></option><option><id>E</id><type>text</type><desc><![CDATA[急性额窦炎前额疼痛具有特殊规律，即晨起后逐渐加重，中午为甚，午后渐减轻。]]></desc></option></options><answers><![CDATA[B]]></answers><keypoints><![CDATA[解析：不同时间，病人体位和活动情况不一样，引流不一样，症状就会出现差别，所以有时间规律。]]></keypoints></question><question><type>1</type><format>text</format><desc><![CDATA[8.对于出血较剧，出血部位不明确的鼻出血，止血方法最适合的是]]></desc><options><option><id>A</id><type>text</type><desc><![CDATA[指压法]]></desc></option><option><id>B</id><type>text</type><desc><![CDATA[烧灼法]]></desc></option><option><id>C</id><type>text</type><desc><![CDATA[血管结扎法]]></desc></option><option><id>D</id><type>text</type><desc><![CDATA[鼻腔填塞法]]></desc></option><option><id>E</id><type>text</type><desc><![CDATA[冷冻法]]></desc></option></options><answers><![CDATA[D]]></answers></question><question><type>1</type><format>html</format><desc><![CDATA[9.下列关于慢性鼻窦炎的主要身体状况描述，<u><b>不正确</b></u>的是]]></desc><options><option><id>A</id><type>text</type><desc><![CDATA[多有畏寒、发热、全身酸痛等症状]]></desc></option><option><id>B</id><type>text</type><desc><![CDATA[脓涕]]></desc></option><option><id>C</id><type>text</type><desc><![CDATA[鼻塞]]></desc></option><option><id>D</id><type>text</type><desc><![CDATA[通常伴有嗅觉减退]]></desc></option><option><id>E</id><type>text</type><desc><![CDATA[头痛]]></desc></option></options><answers><![CDATA[A]]></answers><keypoints><![CDATA[解析：慢性鼻窦炎的全身症状主要是慢性中毒表现如头晕、乏力、记忆力下降等表现。]]></keypoints></question><question><type>1</type><format>text</format><desc><![CDATA[10.青少年鼻出血部位常见于]]></desc><options><option><id>A</id><type>text</type><desc><![CDATA[鼻中隔后下方]]></desc></option><option><id>B</id><type>text</type><desc><![CDATA[下鼻道后端]]></desc></option><option><id>C</id><type>text</type><desc><![CDATA[利特氏区]]></desc></option><option><id>D</id><type>text</type><desc><![CDATA[鼻中隔后上方]]></desc></option><option><id>E</id><type>text</type><desc><![CDATA[鼻腔顶部]]></desc></option></options><answers><![CDATA[C]]></answers></question></questions><questions><instructions><![CDATA[A2型题]]></instructions><question><type>2</type><format>text</format><desc><![CDATA[11.患儿，8岁，教室上课时突然鼻出血，假如你是老师，在送诊前，最佳的处理是]]></desc><options><option><id>A</id><type>text</type><desc><![CDATA[让其抬高头，张开口]]></desc></option><option><id>B</id><type>text</type><desc><![CDATA[用手指捏紧两则鼻翼10分钟]]></desc></option><option><id>C</id><type>text</type><desc><![CDATA[将纸巾塞进病人鼻腔止血]]></desc></option><option><id>D</id><type>text</type><desc><![CDATA[让他躺下休息]]></desc></option><option><id>E</id><type>text</type><desc><![CDATA[拍打额部]]></desc></option></options><answers><![CDATA[B]]></answers></question><question><type>2</type><format>text</format><desc><![CDATA[12.病人，男性，41岁，诊断为“慢性肥厚性鼻炎”，医生检查时下列体征描述正确的是]]></desc><options><option><id>A</id><type>text</type><desc><![CDATA[下鼻甲暗红、肿胀、光滑，对麻黄碱敏感]]></desc></option><option><id>B</id><type>text</type><desc><![CDATA[下鼻甲暗红、肥大、表面不平，对麻黄碱不敏感]]></desc></option><option><id>C</id><type>text</type><desc><![CDATA[下鼻甲苍白、水肿，鼻腔有大量水样分泌物]]></desc></option><option><id>D</id><type>text</type><desc><![CDATA[下鼻甲缩小，鼻腔有多量灰绿色脓痂]]></desc></option><option><id>E</id><type>text</type><desc><![CDATA[鼻中隔呈“C”型，左侧下鼻甲代偿性肥大]]></desc></option></options><answers><![CDATA[B]]></answers></question><question><type>2</type><format>text</format><desc><![CDATA[13.病人，男，36岁，反复流脓鼻涕、鼻塞伴嗅觉减退及记忆力下降3年，诊断为双侧慢性上颌窦炎，鼻窦X光平片显示双侧上颌窦积脓，以下最有效的护理措施是]]></desc><options><option><id>A</id><type>text</type><desc><![CDATA[心理护理]]></desc></option><option><id>B</id><type>text</type><desc><![CDATA[预防并发症]]></desc></option><option><id>C</id><type>text</type><desc><![CDATA[上颌窦穿刺冲洗]]></desc></option><option><id>D</id><type>text</type><desc><![CDATA[予清淡饮食]]></desc></option><option><id>E</id><type>text</type><desc><![CDATA[密切观察病情]]></desc></option></options><answers><![CDATA[C]]></answers><keypoints><![CDATA[解析：上颌窦穿刺冲洗既是诊断性方法，也是一种直接、有效的治疗手段。]]></keypoints></question><question><type>2</type><format>text</format><desc><![CDATA[14.病人，女性，35岁。左侧上颌第6磨牙疼痛1周，近两天出现发热，乏力，前额痛，左侧鼻塞，流浓稠鼻涕，伴腥臭味。最可能是]]></desc><options><option><id>A</id><type>text</type><desc><![CDATA[左侧牙源性上颌窦炎]]></desc></option><option><id>B</id><type>text</type><desc><![CDATA[急性牙龈炎]]></desc></option><option><id>C</id><type>text</type><desc><![CDATA[急性额窦炎]]></desc></option><option><id>D</id><type>text</type><desc><![CDATA[急性筛窦炎]]></desc></option><option><id>E</id><type>text</type><desc><![CDATA[急性蝶窦炎]]></desc></option></options><answers><![CDATA[A]]></answers><keypoints><![CDATA[解析：上颌磨牙与上颌窦比邻，易通过根尖感染到上颌窦，多为厌氧菌感染，所以常有臭味。]]></keypoints></question><question><type>2</type><format>html</format><desc><![CDATA[15.病人，女性，29岁，一年来出现脓性鼻涕、嗅觉下降、头痛、鼻塞进行性加重，诊断为慢性鼻窦炎合并鼻息肉，行内窥镜下手术，术后鼻腔填塞，在护理过程中<u><b>不正确</b></u>的是]]></desc><options><option><id>A</id><type>text</type><desc><![CDATA[病人不能自行将填塞物取出]]></desc></option><option><id>B</id><type>text</type><desc><![CDATA[若填塞物脱出，应自行塞进去]]></desc></option><option><id>C</id><type>text</type><desc><![CDATA[注意保持口腔卫生]]></desc></option><option><id>D</id><type>text</type><desc><![CDATA[密切观察有无耳鸣、听力下降等并发症症状]]></desc></option><option><id>E</id><type>text</type><desc><![CDATA[预防感冒，防止打喷嚏]]></desc></option></options><answers><![CDATA[B]]></answers><keypoints><![CDATA[解析：填塞物脱出应将脱出部分剪掉，重新塞入易导致感染。]]></keypoints></question></questions></exam>