{"_ZVING_RESULT":"[{\"id\":\"42759905\",\"pid\":\"0\",\"name\":\"第一章 绪论\",\"level\":\"0\",\"code\":\"42759904\",\"directorycode\":\"1\",\"directorytype\":\"body\"},{\"id\":\"42759907\",\"pid\":\"0\",\"name\":\"第二章 水、电解质及酸碱平衡失调病人的护理\",\"level\":\"0\",\"code\":\"42759906\",\"directorycode\":\"2\",\"directorytype\":\"body\"},{\"id\":\"42759909\",\"pid\":\"0\",\"name\":\"第三章 营养支持病人的护理\",\"level\":\"0\",\"code\":\"42759908\",\"directorycode\":\"3\",\"directorytype\":\"body\"},{\"id\":\"42759911\",\"pid\":\"0\",\"name\":\"第四章 外科休克病人的护理\",\"level\":\"0\",\"code\":\"42759910\",\"directorycode\":\"4\",\"directorytype\":\"body\"},{\"id\":\"42759913\",\"pid\":\"0\",\"name\":\"第五章 麻醉病人的护理\",\"level\":\"0\",\"code\":\"42759912\",\"directorycode\":\"5\",\"directorytype\":\"body\"},{\"id\":\"42759915\",\"pid\":\"0\",\"name\":\"第六章 手术室护理工作\",\"level\":\"0\",\"code\":\"42759914\",\"directorycode\":\"6\",\"directorytype\":\"body\"},{\"id\":\"42759917\",\"pid\":\"0\",\"name\":\"第七章 手术前后病人的护理\",\"level\":\"0\",\"code\":\"42759916\",\"directorycode\":\"7\",\"directorytype\":\"body\"},{\"id\":\"42759919\",\"pid\":\"0\",\"name\":\"第八章 外科感染病人的护理\",\"level\":\"0\",\"code\":\"42759918\",\"directorycode\":\"8\",\"directorytype\":\"body\"},{\"id\":\"42759921\",\"pid\":\"0\",\"name\":\"第九章 损伤病人的护理\",\"level\":\"0\",\"code\":\"42759920\",\"directorycode\":\"9\",\"directorytype\":\"body\"},{\"id\":\"42759923\",\"pid\":\"0\",\"name\":\"第十章 肿瘤病人的护理\",\"level\":\"0\",\"code\":\"42759922\",\"directorycode\":\"10\",\"directorytype\":\"body\"},{\"id\":\"42759925\",\"pid\":\"0\",\"name\":\"第十一章 颅脑疾病病人的护理\",\"level\":\"0\",\"code\":\"42759924\",\"directorycode\":\"11\",\"directorytype\":\"body\"},{\"id\":\"42759927\",\"pid\":\"0\",\"name\":\"第十二章 颈部疾病病人的护理\",\"level\":\"0\",\"code\":\"42759926\",\"directorycode\":\"12\",\"directorytype\":\"body\"},{\"id\":\"42759929\",\"pid\":\"0\",\"name\":\"第十三章 胸部疾病病人的护理\",\"level\":\"0\",\"code\":\"42759928\",\"directorycode\":\"13\",\"directorytype\":\"body\"},{\"id\":\"42759931\",\"pid\":\"0\",\"name\":\"第十四章 乳房疾病病人的护理\",\"level\":\"0\",\"code\":\"42759930\",\"directorycode\":\"14\",\"directorytype\":\"body\"},{\"id\":\"42759933\",\"pid\":\"0\",\"name\":\"第十五章 腹外疝病人的护理\",\"level\":\"0\",\"code\":\"42759932\",\"directorycode\":\"15\",\"directorytype\":\"body\"},{\"id\":\"42759935\",\"pid\":\"0\",\"name\":\"第十六章 急性化脓性腹膜炎与腹部损伤病人的护理\",\"level\":\"0\",\"code\":\"42759934\",\"directorycode\":\"16\",\"directorytype\":\"body\"},{\"id\":\"42759937\",\"pid\":\"0\",\"name\":\"第十七章 胃十二指肠疾病病人的护理\",\"level\":\"0\",\"code\":\"42759936\",\"directorycode\":\"17\",\"directorytype\":\"body\"},{\"id\":\"42759939\",\"pid\":\"0\",\"name\":\"第十八章 肠疾病病人的护理\",\"level\":\"0\",\"code\":\"42759938\",\"directorycode\":\"18\",\"directorytype\":\"body\"},{\"id\":\"42759941\",\"pid\":\"0\",\"name\":\"第十九章 肛管疾病病人的护理\",\"level\":\"0\",\"code\":\"42759940\",\"directorycode\":\"19\",\"directorytype\":\"body\"},{\"id\":\"42759943\",\"pid\":\"0\",\"name\":\"第二十章 肝胆疾病病人的护理\",\"level\":\"0\",\"code\":\"42759942\",\"directorycode\":\"20\",\"directorytype\":\"body\"},{\"id\":\"42759945\",\"pid\":\"0\",\"name\":\"第二十一章 胰腺疾病病人的护理\",\"level\":\"0\",\"code\":\"42759944\",\"directorycode\":\"21\",\"directorytype\":\"body\"},{\"id\":\"42759947\",\"pid\":\"0\",\"name\":\"第二十二章 急腹症病人的护理\",\"level\":\"0\",\"code\":\"42759946\",\"directorycode\":\"22\",\"directorytype\":\"body\"},{\"id\":\"42759949\",\"pid\":\"0\",\"name\":\"第二十三章 周围血管疾病病人的护理\",\"level\":\"0\",\"code\":\"42759948\",\"directorycode\":\"23\",\"directorytype\":\"body\"},{\"id\":\"42759951\",\"pid\":\"0\",\"name\":\"第二十四章 泌尿、男性生殖系疾病的主要症状和检查\",\"level\":\"0\",\"code\":\"42759950\",\"directorycode\":\"24\",\"directorytype\":\"body\"},{\"id\":\"42759953\",\"pid\":\"0\",\"name\":\"第二十五章 泌尿系统损伤疾病病人的护理\",\"level\":\"0\",\"code\":\"42759952\",\"directorycode\":\"25\",\"directorytype\":\"body\"},{\"id\":\"42759955\",\"pid\":\"0\",\"name\":\"第二十六章 尿石症病人的护理\",\"level\":\"0\",\"code\":\"42759954\",\"directorycode\":\"26\",\"directorytype\":\"body\"},{\"id\":\"42759957\",\"pid\":\"0\",\"name\":\"第二十七章 泌尿、男性生殖系结核病人的护理\",\"level\":\"0\",\"code\":\"42759956\",\"directorycode\":\"27\",\"directorytype\":\"body\"},{\"id\":\"42759959\",\"pid\":\"0\",\"name\":\"第二十八章 泌尿、男生殖系统肿瘤病人的护理\",\"level\":\"0\",\"code\":\"42759958\",\"directorycode\":\"28\",\"directorytype\":\"body\"},{\"id\":\"42759961\",\"pid\":\"0\",\"name\":\"第二十九章 良性前列腺增生病人的护理\",\"level\":\"0\",\"code\":\"42759960\",\"directorycode\":\"29\",\"directorytype\":\"body\"},{\"id\":\"42759963\",\"pid\":\"0\",\"name\":\"第三十章 肾移植病人的护理\",\"level\":\"0\",\"code\":\"42759962\",\"directorycode\":\"30\",\"directorytype\":\"body\"},{\"id\":\"42759965\",\"pid\":\"0\",\"name\":\"第三十一章 骨折病人的护理\",\"level\":\"0\",\"code\":\"42759964\",\"directorycode\":\"31\",\"directorytype\":\"body\"},{\"id\":\"42759967\",\"pid\":\"0\",\"name\":\"第三十二章 关节脱位病人的护理\",\"level\":\"0\",\"code\":\"42759966\",\"directorycode\":\"32\",\"directorytype\":\"body\"},{\"id\":\"42759969\",\"pid\":\"0\",\"name\":\"第三十三章 骨与关节感染病人的护理\",\"level\":\"0\",\"code\":\"42759968\",\"directorycode\":\"33\",\"directorytype\":\"body\"},{\"id\":\"42759971\",\"pid\":\"0\",\"name\":\"第三十四章 颈肩痛与腰腿痛病人的护理\",\"level\":\"0\",\"code\":\"42759970\",\"directorycode\":\"34\",\"directorytype\":\"body\"},{\"id\":\"42759973\",\"pid\":\"0\",\"name\":\"第三十五章 常见骨肿瘤病人的护理\",\"level\":\"0\",\"code\":\"42759972\",\"directorycode\":\"35\",\"directorytype\":\"body\"},{\"id\":\"42759975\",\"pid\":\"0\",\"name\":\"第三十六章 断肢（指）再植病人的护理\",\"level\":\"0\",\"code\":\"42759974\",\"directorycode\":\"36\",\"directorytype\":\"body\"},{\"id\":\"42759977\",\"pid\":\"0\",\"name\":\"第三十七章 关节置换病人的护理\",\"level\":\"0\",\"code\":\"42759976\",\"directorycode\":\"37\",\"directorytype\":\"body\"},{\"id\":\"42759979\",\"pid\":\"0\",\"name\":\"第三十八章 皮肤性病学总论\",\"level\":\"0\",\"code\":\"42759978\",\"directorycode\":\"38\",\"directorytype\":\"body\"},{\"id\":\"42759981\",\"pid\":\"0\",\"name\":\"第三十九章 变态反应性皮肤病病人的护理\",\"level\":\"0\",\"code\":\"42759980\",\"directorycode\":\"39\",\"directorytype\":\"body\"},{\"id\":\"42759983\",\"pid\":\"0\",\"name\":\"第四十章 感染性皮肤病病人的护理\",\"level\":\"0\",\"code\":\"42759982\",\"directorycode\":\"40\",\"directorytype\":\"body\"},{\"id\":\"42759985\",\"pid\":\"0\",\"name\":\"第四十一章 动物性皮肤病病人的护理\",\"level\":\"0\",\"code\":\"42759984\",\"directorycode\":\"41\",\"directorytype\":\"body\"},{\"id\":\"42759987\",\"pid\":\"0\",\"name\":\"第四十二章 红斑鳞屑性皮肤病病人的护理\",\"level\":\"0\",\"code\":\"42759986\",\"directorycode\":\"42\",\"directorytype\":\"body\"},{\"id\":\"42759989\",\"pid\":\"0\",\"name\":\"第四十三章 性传播疾病病人的护理\",\"level\":\"0\",\"code\":\"42759988\",\"directorycode\":\"43\",\"directorytype\":\"body\"},{\"id\":\"42759991\",\"pid\":\"0\",\"name\":\"第四十四章 大疱性皮肤病病人的护理\",\"level\":\"0\",\"code\":\"42759990\",\"directorycode\":\"44\",\"directorytype\":\"body\"},{\"id\":\"42759993\",\"pid\":\"0\",\"name\":\"教学大纲\",\"level\":\"0\",\"code\":\"42759992\",\"directorycode\":\"45\",\"directorytype\":\"body\"}]","_ZVING_STATUS":"OK"}