﻿<?xml version="1.0" encoding="UTF-8"?><exam><id>20180725103312</id><questions><instructions><![CDATA[A1型题]]></instructions><question><type>1</type><format>text</format><desc><![CDATA[1.科病人进行营养支持应首选]]></desc><options><option><id>A</id><type>text</type><desc><![CDATA[肠内营养]]></desc></option><option><id>B</id><type>text</type><desc><![CDATA[周围静脉营养]]></desc></option><option><id>C</id><type>text</type><desc><![CDATA[中心静脉置管营养]]></desc></option><option><id>D</id><type>text</type><desc><![CDATA[完全肠外营养]]></desc></option><option><id>E</id><type>text</type><desc><![CDATA[部分肠外营养]]></desc></option></options><answers><![CDATA[A]]></answers></question><question><type>1</type><format>text</format><desc><![CDATA[2.肠内营养的严重并发症是]]></desc><options><option><id>A</id><type>text</type><desc><![CDATA[误吸]]></desc></option><option><id>B</id><type>text</type><desc><![CDATA[高血糖]]></desc></option><option><id>C</id><type>text</type><desc><![CDATA[补水不足]]></desc></option><option><id>D</id><type>text</type><desc><![CDATA[肠道功能紊乱]]></desc></option><option><id>E</id><type>text</type><desc><![CDATA[低血糖]]></desc></option></options><answers><![CDATA[A]]></answers></question><question><type>1</type><format>text</format><desc><![CDATA[3.肠外营养的滴速，首日一般为]]></desc><options><option><id>A</id><type>text</type><desc><![CDATA[40ml/h]]></desc></option><option><id>B</id><type>text</type><desc><![CDATA[60ml/h]]></desc></option><option><id>C</id><type>text</type><desc><![CDATA[80ml/h]]></desc></option><option><id>D</id><type>text</type><desc><![CDATA[100ml/h]]></desc></option><option><id>E</id><type>text</type><desc><![CDATA[120ml/h]]></desc></option></options><answers><![CDATA[B]]></answers></question><question><type>1</type><format>text</format><desc><![CDATA[4.关于肠外营养的叙述，正确的是]]></desc><options><option><id>A</id><type>text</type><desc><![CDATA[肠外营养时，应首选中心静脉置管营养]]></desc></option><option><id>B</id><type>text</type><desc><![CDATA[不能经中心静脉导管给药、输血和取血]]></desc></option><option><id>C</id><type>text</type><desc><![CDATA[怀疑导管脓毒症时，继续观察并用大量抗生素]]></desc></option><option><id>D</id><type>text</type><desc><![CDATA[肠外营养能避免发生糖代谢紊乱]]></desc></option><option><id>E</id><type>text</type><desc><![CDATA[应将葡萄糖、氨基酸和脂肪乳剂依次单独输入]]></desc></option></options><answers><![CDATA[B]]></answers></question><question><type>1</type><format>text</format><desc><![CDATA[5.经行全胃肠外营养时中心静脉插管处常选用]]></desc><options><option><id>A</id><type>text</type><desc><![CDATA[头静脉]]></desc></option><option><id>B</id><type>text</type><desc><![CDATA[肘正中静脉]]></desc></option><option><id>C</id><type>text</type><desc><![CDATA[锁骨下静脉]]></desc></option><option><id>D</id><type>text</type><desc><![CDATA[颈外静脉]]></desc></option><option><id>E</id><type>text</type><desc><![CDATA[足背静脉]]></desc></option></options><answers><![CDATA[C]]></answers></question></questions><questions><instructions><![CDATA[A2型题]]></instructions><question><type>1</type><format>text</format><desc><![CDATA[6.白某，男，68岁。在鼻胃管管饲中突然频繁咳嗽、咳泡沫样痰、心悸、口唇发绀，P 120次/ 分，R 30次/分，胸部可闻及少许湿啰音。应首先考虑]]></desc><options><option><id>A</id><type>text</type><desc><![CDATA[病人对食物过敏]]></desc></option><option><id>B</id><type>text</type><desc><![CDATA[管饲液误吸]]></desc></option><option><id>C</id><type>text</type><desc><![CDATA[肺水肿]]></desc></option><option><id>D</id><type>text</type><desc><![CDATA[心力衰竭]]></desc></option><option><id>E</id><type>text</type><desc><![CDATA[病人精神紧张]]></desc></option></options><answers><![CDATA[B]]></answers></question><question><type>1</type><format>text</format><desc><![CDATA[7.钱某，女，行肠外营养第5日，出现寒战、高热、恶心、呕吐。血压降至80/50mmHg，脉搏细数。请问最可能发生的并发症是]]></desc><options><option><id>A</id><type>text</type><desc><![CDATA[损伤性并发症]]></desc></option><option><id>B</id><type>text</type><desc><![CDATA[感染性并发症]]></desc></option><option><id>C</id><type>text</type><desc><![CDATA[代谢性并发症]]></desc></option><option><id>D</id><type>text</type><desc><![CDATA[胃肠道并发症]]></desc></option><option><id>E</id><type>text</type><desc><![CDATA[过敏性并发症]]></desc></option></options><answers><![CDATA[B]]></answers></question><question><type>1</type><format>text</format><desc><![CDATA[8.史某，女，40岁。身高160cm，体重45kg，其营养状态处于]]></desc><options><option><id>A</id><type>text</type><desc><![CDATA[营养过剩]]></desc></option><option><id>B</id><type>text</type><desc><![CDATA[营养正常]]></desc></option><option><id>C</id><type>text</type><desc><![CDATA[轻度营养不良]]></desc></option><option><id>D</id><type>text</type><desc><![CDATA[中度营养不良]]></desc></option><option><id>E</id><type>text</type><desc><![CDATA[重度营养不良]]></desc></option></options><answers><![CDATA[C]]></answers></question><question><type>1</type><format>text</format><desc><![CDATA[9.林某，男，39岁。因颅外伤昏迷5天，其营养疗法应选用的补给途径是]]></desc><options><option><id>A</id><type>text</type><desc><![CDATA[口服]]></desc></option><option><id>B</id><type>text</type><desc><![CDATA[管饲]]></desc></option><option><id>C</id><type>text</type><desc><![CDATA[经周围静脉]]></desc></option><option><id>D</id><type>text</type><desc><![CDATA[经中心静脉]]></desc></option><option><id>E</id><type>text</type><desc><![CDATA[经周围小动脉]]></desc></option></options><answers><![CDATA[B]]></answers></question><question><type>1</type><format>text</format><desc><![CDATA[10.杨某，女，50岁。因腹部刀刺伤行剖腹探查术，术中见回、结肠处刀刺伤口，边缘整齐。术后18小时见腹腔引流管流出少量粪渣，病人的营养补充主要依靠]]></desc><options><option><id>A</id><type>text</type><desc><![CDATA[无渣饮食]]></desc></option><option><id>B</id><type>text</type><desc><![CDATA[管饲肠内营养]]></desc></option><option><id>C</id><type>text</type><desc><![CDATA[鼻饲流质饮食]]></desc></option><option><id>D</id><type>text</type><desc><![CDATA[肠外营养和肠内营养]]></desc></option><option><id>E</id><type>text</type><desc><![CDATA[全胃肠外营养]]></desc></option></options><answers><![CDATA[D]]></answers></question><question><type>1</type><format>text</format><desc><![CDATA[11.冼某，男，32岁。急性出血性坏死性胰腺炎术后1天，其营养支持的方式应选]]></desc><options><option><id>A</id><type>text</type><desc><![CDATA[肠外营养]]></desc></option><option><id>B</id><type>text</type><desc><![CDATA[肠内营养]]></desc></option><option><id>C</id><type>text</type><desc><![CDATA[经空肠造瘘管管饲]]></desc></option><option><id>D</id><type>text</type><desc><![CDATA[经胃肠造瘘管管饲]]></desc></option><option><id>E</id><type>text</type><desc><![CDATA[鼻胃管管饲]]></desc></option></options><answers><![CDATA[A]]></answers></question><question><type>1</type><format>html</format><desc><![CDATA[12.黎某，女，60岁。肺癌晚期。鼻胃管管饲时出现腹胀、腹泻，此时护理措施<u><b>错误</b></u>的是]]></desc><options><option><id>A</id><type>text</type><desc><![CDATA[应减慢滴注速度]]></desc></option><option><id>B</id><type>text</type><desc><![CDATA[降低浓度]]></desc></option><option><id>C</id><type>text</type><desc><![CDATA[停止滴注12～24小时]]></desc></option><option><id>D</id><type>text</type><desc><![CDATA[密切关注]]></desc></option><option><id>E</id><type>text</type><desc><![CDATA[加快滴注速度]]></desc></option></options><answers><![CDATA[E]]></answers></question></questions></exam>