﻿<?xml version="1.0" encoding="UTF-8"?><exam><id>20180725151104</id><questions><instructions><![CDATA[A1型题]]></instructions><question><type>1</type><format>html</format><desc><![CDATA[1.<u><b>不是</b></u>原发性皮损的是]]></desc><options><option><id>A</id><type>text</type><desc><![CDATA[斑疹]]></desc></option><option><id>B</id><type>text</type><desc><![CDATA[斑块]]></desc></option><option><id>C</id><type>text</type><desc><![CDATA[结节]]></desc></option><option><id>D</id><type>text</type><desc><![CDATA[脓疱]]></desc></option><option><id>E</id><type>text</type><desc><![CDATA[糜烂]]></desc></option></options><answers><![CDATA[E]]></answers></question><question><type>1</type><format>html</format><desc><![CDATA[2.<u><b>不是</b></u>继发性皮损的是]]></desc><options><option><id>A</id><type>text</type><desc><![CDATA[浸渍]]></desc></option><option><id>B</id><type>text</type><desc><![CDATA[瘢痕]]></desc></option><option><id>C</id><type>text</type><desc><![CDATA[皲裂]]></desc></option><option><id>D</id><type>text</type><desc><![CDATA[肿瘤]]></desc></option><option><id>E</id><type>text</type><desc><![CDATA[鳞屑]]></desc></option></options><answers><![CDATA[D]]></answers></question><question><type>1</type><format>text</format><desc><![CDATA[3.可自行消退，消退后多不留痕迹的是]]></desc><options><option><id>A</id><type>text</type><desc><![CDATA[斑疹]]></desc></option><option><id>B</id><type>text</type><desc><![CDATA[丘疹]]></desc></option><option><id>C</id><type>text</type><desc><![CDATA[风团]]></desc></option><option><id>D</id><type>text</type><desc><![CDATA[紫癜]]></desc></option><option><id>E</id><type>text</type><desc><![CDATA[结节]]></desc></option></options><answers><![CDATA[C]]></answers></question><question><type>1</type><format>text</format><desc><![CDATA[4.表皮通过时间为]]></desc><options><option><id>A</id><type>text</type><desc><![CDATA[14天]]></desc></option><option><id>B</id><type>text</type><desc><![CDATA[18天]]></desc></option><option><id>C</id><type>text</type><desc><![CDATA[28天]]></desc></option><option><id>D</id><type>text</type><desc><![CDATA[30天]]></desc></option><option><id>E</id><type>text</type><desc><![CDATA[32天]]></desc></option></options><answers><![CDATA[C]]></answers></question><question><type>1</type><format>text</format><desc><![CDATA[5.因反复搔抓、不断摩擦导致的皮肤局限性粗糙增厚，称为]]></desc><options><option><id>A</id><type>text</type><desc><![CDATA[瘢痕]]></desc></option><option><id>B</id><type>text</type><desc><![CDATA[结痂]]></desc></option><option><id>C</id><type>text</type><desc><![CDATA[苔藓样变]]></desc></option><option><id>D</id><type>text</type><desc><![CDATA[抓痕]]></desc></option><option><id>E</id><type>text</type><desc><![CDATA[斑块]]></desc></option></options><answers><![CDATA[C]]></answers></question><question><type>1</type><format>text</format><desc><![CDATA[6.霜剂是一种]]></desc><options><option><id>A</id><type>text</type><desc><![CDATA[油包水乳剂]]></desc></option><option><id>B</id><type>text</type><desc><![CDATA[水包油乳剂]]></desc></option><option><id>C</id><type>text</type><desc><![CDATA[凡士林制剂]]></desc></option><option><id>D</id><type>text</type><desc><![CDATA[不溶于水的药粉混悬于水中]]></desc></option><option><id>E</id><type>text</type><desc><![CDATA[药物溶解于水中而成]]></desc></option></options><answers><![CDATA[B]]></answers></question><question><type>1</type><format>text</format><desc><![CDATA[7.皮肤中最常见的症状是]]></desc><options><option><id>A</id><type>text</type><desc><![CDATA[瘙痒]]></desc></option><option><id>B</id><type>text</type><desc><![CDATA[疼痛]]></desc></option><option><id>C</id><type>text</type><desc><![CDATA[烧灼感]]></desc></option><option><id>D</id><type>text</type><desc><![CDATA[麻木]]></desc></option><option><id>E</id><type>text</type><desc><![CDATA[蚁行感]]></desc></option></options><answers><![CDATA[A]]></answers></question><question><type>1</type><format>text</format><desc><![CDATA[8.以下何种部位不能外用糊剂治疗]]></desc><options><option><id>A</id><type>text</type><desc><![CDATA[面部]]></desc></option><option><id>B</id><type>text</type><desc><![CDATA[头皮]]></desc></option><option><id>C</id><type>text</type><desc><![CDATA[褶皱部]]></desc></option><option><id>D</id><type>text</type><desc><![CDATA[四肢]]></desc></option><option><id>E</id><type>text</type><desc><![CDATA[躯干]]></desc></option></options><answers><![CDATA[B]]></answers></question><question><type>1</type><format>text</format><desc><![CDATA[9.为寻找接触性皮炎的病因，对可疑致敏的接触物，常用何种方法以助确诊]]></desc><options><option><id>A</id><type>text</type><desc><![CDATA[划破实验]]></desc></option><option><id>B</id><type>text</type><desc><![CDATA[皮肤划痕试验]]></desc></option><option><id>C</id><type>text</type><desc><![CDATA[皮内试验]]></desc></option><option><id>D</id><type>text</type><desc><![CDATA[激发试验]]></desc></option><option><id>E</id><type>text</type><desc><![CDATA[斑贴试验]]></desc></option></options><answers><![CDATA[E]]></answers></question><question><type>1</type><format>text</format><desc><![CDATA[10.冷湿敷应以多少层纱布覆盖]]></desc><options><option><id>A</id><type>text</type><desc><![CDATA[1～2层]]></desc></option><option><id>B</id><type>text</type><desc><![CDATA[2～3层]]></desc></option><option><id>C</id><type>text</type><desc><![CDATA[3～5层]]></desc></option><option><id>D</id><type>text</type><desc><![CDATA[4～6层]]></desc></option><option><id>E</id><type>text</type><desc><![CDATA[5～7层]]></desc></option></options><answers><![CDATA[D]]></answers></question><question><type>1</type><format>text</format><desc><![CDATA[11.皮肤苔藓样变，宜选用的外用药是]]></desc><options><option><id>A</id><type>text</type><desc><![CDATA[糊剂]]></desc></option><option><id>B</id><type>text</type><desc><![CDATA[乳剂]]></desc></option><option><id>C</id><type>text</type><desc><![CDATA[醑剂]]></desc></option><option><id>D</id><type>text</type><desc><![CDATA[软膏]]></desc></option><option><id>E</id><type>text</type><desc><![CDATA[硬膏]]></desc></option></options><answers><![CDATA[D]]></answers></question><question><type>1</type><format>html</format><desc><![CDATA[12.下列关于皮损的描述，<u><b>错误</b></u>的是]]></desc><options><option><id>A</id><type>text</type><desc><![CDATA[斑疹是高出皮面的皮损]]></desc></option><option><id>B</id><type>text</type><desc><![CDATA[水疱是皮肤内局限性的液体聚集而成]]></desc></option><option><id>C</id><type>text</type><desc><![CDATA[脓疱是以脓液为其内容物的疱]]></desc></option><option><id>D</id><type>text</type><desc><![CDATA[苔藓化是由于搔抓而融合成的丘疹]]></desc></option><option><id>E</id><type>text</type><desc><![CDATA[ 皮肤溃疡后遗留疤痕]]></desc></option></options><answers><![CDATA[A]]></answers></question><question><type>1</type><format>text</format><desc><![CDATA[13.亚急性皮炎的外用药可选用]]></desc><options><option><id>A</id><type>text</type><desc><![CDATA[乳剂和糊剂]]></desc></option><option><id>B</id><type>text</type><desc><![CDATA[溶液洗剂]]></desc></option><option><id>C</id><type>text</type><desc><![CDATA[酊剂]]></desc></option><option><id>D</id><type>text</type><desc><![CDATA[软膏]]></desc></option><option><id>E</id><type>text</type><desc><![CDATA[粉剂]]></desc></option></options><answers><![CDATA[A]]></answers></question></questions><questions><instructions><![CDATA[A2型题]]></instructions><question><type>1</type><format>text</format><desc><![CDATA[14.李某，男，33岁。左下肢红肿、糜烂性渗出，瘙痒剧烈。宜选用下列]]></desc><options><option><id>A</id><type>text</type><desc><![CDATA[溶液]]></desc></option><option><id>B</id><type>text</type><desc><![CDATA[软膏]]></desc></option><option><id>C</id><type>text</type><desc><![CDATA[洗剂]]></desc></option><option><id>D</id><type>text</type><desc><![CDATA[硬膏]]></desc></option><option><id>E</id><type>text</type><desc><![CDATA[酊剂]]></desc></option></options><answers><![CDATA[A]]></answers></question><question><type>1</type><format>text</format><desc><![CDATA[15.韦某，女，18岁。1周来双下肢对称性出血点，轻度瘙痒，伴腹痛。最可能的诊断为]]></desc><options><option><id>A</id><type>text</type><desc><![CDATA[银屑病]]></desc></option><option><id>B</id><type>text</type><desc><![CDATA[过敏性紫癜]]></desc></option><option><id>C</id><type>text</type><desc><![CDATA[荨麻疹]]></desc></option><option><id>D</id><type>text</type><desc><![CDATA[疥疮]]></desc></option><option><id>E</id><type>text</type><desc><![CDATA[药疹]]></desc></option></options><answers><![CDATA[B]]></answers></question></questions></exam>