﻿<?xml version="1.0" encoding="UTF-8"?><exam><id>20180725142225</id><questions><instructions><![CDATA[A1型题]]></instructions><question><type>1</type><format>text</format><desc><![CDATA[1.肾、输尿管结石的主要表现是]]></desc><options><option><id>A</id><type>text</type><desc><![CDATA[疼痛和血尿]]></desc></option><option><id>B</id><type>text</type><desc><![CDATA[尿末痛，尿流中断]]></desc></option><option><id>C</id><type>text</type><desc><![CDATA[排尿痛，尿流细和滴尿]]></desc></option><option><id>D</id><type>text</type><desc><![CDATA[慢性膀胱刺激征，血尿和脓尿]]></desc></option><option><id>E</id><type>text</type><desc><![CDATA[无痛性间歇性血尿]]></desc></option></options><answers><![CDATA[A]]></answers></question><question><type>1</type><format>text</format><desc><![CDATA[2.上尿路结石是指]]></desc><options><option><id>A</id><type>text</type><desc><![CDATA[肾结石]]></desc></option><option><id>B</id><type>text</type><desc><![CDATA[输尿管结石]]></desc></option><option><id>C</id><type>text</type><desc><![CDATA[膀胱结石]]></desc></option><option><id>D</id><type>text</type><desc><![CDATA[肾和输尿管结石]]></desc></option><option><id>E</id><type>text</type><desc><![CDATA[输尿管结石和膀胱结石]]></desc></option></options><answers><![CDATA[D]]></answers></question><question><type>1</type><format>text</format><desc><![CDATA[3.下尿路结石是指]]></desc><options><option><id>A</id><type>text</type><desc><![CDATA[肾结石]]></desc></option><option><id>B</id><type>text</type><desc><![CDATA[输尿管结石]]></desc></option><option><id>C</id><type>text</type><desc><![CDATA[膀胱结石]]></desc></option><option><id>D</id><type>text</type><desc><![CDATA[肾和输尿管结石]]></desc></option><option><id>E</id><type>text</type><desc><![CDATA[膀胱结石和尿道结石]]></desc></option></options><answers><![CDATA[E]]></answers></question><question><type>1</type><format>text</format><desc><![CDATA[4.结石引起肾绞痛的首先处理措施]]></desc><options><option><id>A</id><type>text</type><desc><![CDATA[抗生素]]></desc></option><option><id>B</id><type>text</type><desc><![CDATA[内服服溶石药物]]></desc></option><option><id>C</id><type>text</type><desc><![CDATA[热敷、针灸]]></desc></option><option><id>D</id><type>text</type><desc><![CDATA[解痉止痛]]></desc></option><option><id>E</id><type>text</type><desc><![CDATA[急症手术切开取石]]></desc></option></options><answers><![CDATA[D]]></answers></question><question><type>1</type><format>text</format><desc><![CDATA[5.泌尿系平片可发现结石的百分比是]]></desc><options><option><id>A</id><type>text</type><desc><![CDATA[75%以上]]></desc></option><option><id>B</id><type>text</type><desc><![CDATA[80%以上]]></desc></option><option><id>C</id><type>text</type><desc><![CDATA[85%以上]]></desc></option><option><id>D</id><type>text</type><desc><![CDATA[90%以上]]></desc></option><option><id>E</id><type>text</type><desc><![CDATA[95%以上]]></desc></option></options><answers><![CDATA[D]]></answers></question><question><type>1</type><format>text</format><desc><![CDATA[6.上尿路结石非手术治疗的指征是]]></desc><options><option><id>A</id><type>text</type><desc><![CDATA[结石＜0.6cm，无尿路梗阻和感染者]]></desc></option><option><id>B</id><type>text</type><desc><![CDATA[结石＜0.8cm，无尿路梗阻和感染者]]></desc></option><option><id>C</id><type>text</type><desc><![CDATA[结石＜1.0cm，无尿路梗阻和感染者]]></desc></option><option><id>D</id><type>text</type><desc><![CDATA[结石＜1.2cm，无尿路梗阻和感染者]]></desc></option><option><id>E</id><type>text</type><desc><![CDATA[结石＜1.5cm，无尿路梗阻和感染者]]></desc></option></options><answers><![CDATA[A]]></answers></question><question><type>1</type><format>text</format><desc><![CDATA[7.上尿路结石水化疗法的饮水量]]></desc><options><option><id>A</id><type>text</type><desc><![CDATA[1000～1500ml]]></desc></option><option><id>B</id><type>text</type><desc><![CDATA[1500～2000ml]]></desc></option><option><id>C</id><type>text</type><desc><![CDATA[2000～2500ml]]></desc></option><option><id>D</id><type>text</type><desc><![CDATA[2500～3000ml]]></desc></option><option><id>E</id><type>text</type><desc><![CDATA[3000ml以上]]></desc></option></options><answers><![CDATA[D]]></answers></question><question><type>1</type><format>html</format><desc><![CDATA[8.下列<u><b>不是</b></u>体外冲击波碎石术后并发症的是]]></desc><options><option><id>A</id><type>text</type><desc><![CDATA[血尿]]></desc></option><option><id>B</id><type>text</type><desc><![CDATA[蛋白尿]]></desc></option><option><id>C</id><type>text</type><desc><![CDATA[疼痛]]></desc></option><option><id>D</id><type>text</type><desc><![CDATA[发热]]></desc></option><option><id>E</id><type>text</type><desc><![CDATA[“石街”形成]]></desc></option></options><answers><![CDATA[B]]></answers></question><question><type>1</type><format>text</format><desc><![CDATA[9.巨大肾结石行体外冲击波碎石术后取]]></desc><options><option><id>A</id><type>text</type><desc><![CDATA[患侧侧卧位]]></desc></option><option><id>B</id><type>text</type><desc><![CDATA[健侧侧卧位]]></desc></option><option><id>C</id><type>text</type><desc><![CDATA[头高脚低位]]></desc></option><option><id>D</id><type>text</type><desc><![CDATA[头低脚高位]]></desc></option><option><id>E</id><type>text</type><desc><![CDATA[半卧位]]></desc></option></options><answers><![CDATA[A]]></answers></question><question><type>1</type><format>text</format><desc><![CDATA[10.输尿管上段结石行体外冲击波碎石术后取]]></desc><options><option><id>A</id><type>text</type><desc><![CDATA[患侧侧卧位]]></desc></option><option><id>B</id><type>text</type><desc><![CDATA[健侧侧卧位]]></desc></option><option><id>C</id><type>text</type><desc><![CDATA[头高脚低位]]></desc></option><option><id>D</id><type>text</type><desc><![CDATA[头低脚高位]]></desc></option><option><id>E</id><type>text</type><desc><![CDATA[半卧位]]></desc></option></options><answers><![CDATA[C]]></answers></question><question><type>1</type><format>text</format><desc><![CDATA[11.经皮肾镜取石术后常规留置肾造瘘管]]></desc><options><option><id>A</id><type>text</type><desc><![CDATA[1～2日]]></desc></option><option><id>B</id><type>text</type><desc><![CDATA[3～5日]]></desc></option><option><id>C</id><type>text</type><desc><![CDATA[6～7日]]></desc></option><option><id>D</id><type>text</type><desc><![CDATA[1周以上]]></desc></option><option><id>E</id><type>text</type><desc><![CDATA[2周以上]]></desc></option></options><answers><![CDATA[B]]></answers></question><question><type>1</type><format>text</format><desc><![CDATA[12.上尿路结石肾实质切开取石术后应卧床]]></desc><options><option><id>A</id><type>text</type><desc><![CDATA[3～5日]]></desc></option><option><id>B</id><type>text</type><desc><![CDATA[1周]]></desc></option><option><id>C</id><type>text</type><desc><![CDATA[2周]]></desc></option><option><id>D</id><type>text</type><desc><![CDATA[3周]]></desc></option><option><id>E</id><type>text</type><desc><![CDATA[4周]]></desc></option></options><answers><![CDATA[C]]></answers></question><question><type>1</type><format>text</format><desc><![CDATA[13.上尿路结石开放性手术后留置肾周围引流管]]></desc><options><option><id>A</id><type>text</type><desc><![CDATA[1～2日]]></desc></option><option><id>B</id><type>text</type><desc><![CDATA[3～4日]]></desc></option><option><id>C</id><type>text</type><desc><![CDATA[5～6日]]></desc></option><option><id>D</id><type>text</type><desc><![CDATA[1周]]></desc></option><option><id>E</id><type>text</type><desc><![CDATA[2周]]></desc></option></options><answers><![CDATA[B]]></answers></question></questions><questions><instructions><![CDATA[A2型题]]></instructions><question><type>1</type><format>text</format><desc><![CDATA[14.韦某，男，32岁。近2月来腰部有隐痛，今天上午7时突然出现阵发性刀割样疼痛，病人辗转不安，呻吟呼痛，面色苍白，镜下血尿，应考虑为]]></desc><options><option><id>A</id><type>text</type><desc><![CDATA[肾肿瘤]]></desc></option><option><id>B</id><type>text</type><desc><![CDATA[肾结石，肾绞痛]]></desc></option><option><id>C</id><type>text</type><desc><![CDATA[阑尾炎]]></desc></option><option><id>D</id><type>text</type><desc><![CDATA[肠扭转]]></desc></option><option><id>E</id><type>text</type><desc><![CDATA[胆囊炎]]></desc></option></options><answers><![CDATA[B]]></answers></question><question><type>1</type><format>html</format><desc><![CDATA[15.刘某，女，35岁。因左肾结石行ESWL治疗，1周后排出2枚米粒大小结石，分析证实为磷酸钙结石，下列预防结石再发的措施中，<u><b>错误</b></u>的是]]></desc><options><option><id>A</id><type>text</type><desc><![CDATA[控制尿路感染]]></desc></option><option><id>B</id><type>text</type><desc><![CDATA[多饮水]]></desc></option><option><id>C</id><type>text</type><desc><![CDATA[多运动]]></desc></option><option><id>D</id><type>text</type><desc><![CDATA[酸化尿液]]></desc></option><option><id>E</id><type>text</type><desc><![CDATA[碱化尿液]]></desc></option></options><answers><![CDATA[E]]></answers></question><question><type>1</type><format>html</format><desc><![CDATA[16.王某，女，28岁。突然发生右下腹疼痛，伴有恶心，无发热。近年来有同样发作史。体检：腹平软，右下腹深压痛，无反跳痛及肌紧张，右肋脊角叩痛，尿镜检红细胞10～15个/HP，血白细胞9.6×10<sup>9</sup>/L，应考虑为]]></desc><options><option><id>A</id><type>text</type><desc><![CDATA[急性阑尾炎]]></desc></option><option><id>B</id><type>text</type><desc><![CDATA[右侧肾输尿管结石]]></desc></option><option><id>C</id><type>text</type><desc><![CDATA[右输卵管炎]]></desc></option><option><id>D</id><type>text</type><desc><![CDATA[膀胱结石]]></desc></option><option><id>E</id><type>text</type><desc><![CDATA[不完全性肠梗阻]]></desc></option></options><answers><![CDATA[B]]></answers></question><question><type>1</type><format>text</format><desc><![CDATA[17.何某，男，40岁。体外碎石后有石头排出，经分析结石主要成分为尿酸盐结石，请问预防尿酸盐结石，应采取以下的治疗措施是]]></desc><options><option><id>A</id><type>text</type><desc><![CDATA[口服维生素B6<sub6></sub>]]></desc></option><option><id>B</id><type>text</type><desc><![CDATA[酸化尿液]]></desc></option><option><id>C</id><type>text</type><desc><![CDATA[碱化尿液]]></desc></option><option><id>D</id><type>text</type><desc><![CDATA[口服别嘌呤醇]]></desc></option><option><id>E</id><type>text</type><desc><![CDATA[口服黄体酮]]></desc></option></options><answers><![CDATA[C]]></answers></question></questions></exam>