﻿<?xml version="1.0" encoding="UTF-8"?><exam><id>20180725142825</id><questions><instructions><![CDATA[A1型题]]></instructions><question><type>1</type><format>text</format><desc><![CDATA[1.同卵双生兄弟组织互相移植，属于]]></desc><options><option><id>A</id><type>text</type><desc><![CDATA[自体移植]]></desc></option><option><id>B</id><type>text</type><desc><![CDATA[同质移植]]></desc></option><option><id>C</id><type>text</type><desc><![CDATA[同种异体移植]]></desc></option><option><id>D</id><type>text</type><desc><![CDATA[异种异体移植]]></desc></option><option><id>E</id><type>text</type><desc><![CDATA[再植]]></desc></option></options><answers><![CDATA[B]]></answers></question><question><type>1</type><format>text</format><desc><![CDATA[2.以下移植方法中，存活率最高的是]]></desc><options><option><id>A</id><type>text</type><desc><![CDATA[自体移植]]></desc></option><option><id>B</id><type>text</type><desc><![CDATA[同质移植]]></desc></option><option><id>C</id><type>text</type><desc><![CDATA[配血及组织配型后移植]]></desc></option><option><id>D</id><type>text</type><desc><![CDATA[同种异体移植]]></desc></option><option><id>E</id><type>text</type><desc><![CDATA[异种异体移植]]></desc></option></options><answers><![CDATA[A]]></answers></question><question><type>1</type><format>text</format><desc><![CDATA[3.按移植物的部位分类，肾移植多为]]></desc><options><option><id>A</id><type>text</type><desc><![CDATA[原位移植]]></desc></option><option><id>B</id><type>text</type><desc><![CDATA[原位旁移植]]></desc></option><option><id>C</id><type>text</type><desc><![CDATA[异位移植]]></desc></option><option><id>D</id><type>text</type><desc><![CDATA[结构移植]]></desc></option><option><id>E</id><type>text</type><desc><![CDATA[单独移植]]></desc></option></options><answers><![CDATA[C]]></answers></question><question><type>1</type><format>text</format><desc><![CDATA[4.肾移植术后病人体温升高且持续高热，应考虑]]></desc><options><option><id>A</id><type>text</type><desc><![CDATA[急性肾小管坏死]]></desc></option><option><id>B</id><type>text</type><desc><![CDATA[急性排斥反应]]></desc></option><option><id>C</id><type>text</type><desc><![CDATA[高血压]]></desc></option><option><id>D</id><type>text</type><desc><![CDATA[感染]]></desc></option><option><id>E</id><type>text</type><desc><![CDATA[尿路梗塞]]></desc></option></options><answers><![CDATA[B]]></answers></question><question><type>1</type><format>text</format><desc><![CDATA[5.肾移植术后病人复查做法正确的是]]></desc><options><option><id>A</id><type>text</type><desc><![CDATA[术后1个月内每周门诊复查2次]]></desc></option><option><id>B</id><type>text</type><desc><![CDATA[术后3个月内每周门诊复查1次]]></desc></option><option><id>C</id><type>text</type><desc><![CDATA[术后4～6个月每两周复查2次]]></desc></option><option><id>D</id><type>text</type><desc><![CDATA[6个月～1年每三周复查2次]]></desc></option><option><id>E</id><type>text</type><desc><![CDATA[1年～2年每两月复查1次]]></desc></option></options><answers><![CDATA[B]]></answers></question><question><type>1</type><format>text</format><desc><![CDATA[6.移植术后24小时内发生的排斥反应，首先考虑]]></desc><options><option><id>A</id><type>text</type><desc><![CDATA[超急性排斥反应]]></desc></option><option><id>B</id><type>text</type><desc><![CDATA[急性排斥反应]]></desc></option><option><id>C</id><type>text</type><desc><![CDATA[亚急性排斥反应]]></desc></option><option><id>D</id><type>text</type><desc><![CDATA[症状性排斥反应]]></desc></option><option><id>E</id><type>text</type><desc><![CDATA[慢性排斥反应]]></desc></option></options><answers><![CDATA[A]]></answers></question><question><type>1</type><format>html</format><desc><![CDATA[7.肾移植术后24小时内，每小时尿量<u><b>不应</b></u>小于]]></desc><options><option><id>A</id><type>text</type><desc><![CDATA[100ml]]></desc></option><option><id>B</id><type>text</type><desc><![CDATA[200ml]]></desc></option><option><id>C</id><type>text</type><desc><![CDATA[300ml]]></desc></option><option><id>D</id><type>text</type><desc><![CDATA[400ml]]></desc></option><option><id>E</id><type>text</type><desc><![CDATA[500ml]]></desc></option></options><answers><![CDATA[A]]></answers></question><question><type>1</type><format>text</format><desc><![CDATA[8.肾移植术后多尿期多发生在术后]]></desc><options><option><id>A</id><type>text</type><desc><![CDATA[8小时]]></desc></option><option><id>B</id><type>text</type><desc><![CDATA[12小时]]></desc></option><option><id>C</id><type>text</type><desc><![CDATA[24小时]]></desc></option><option><id>D</id><type>text</type><desc><![CDATA[48小时]]></desc></option><option><id>E</id><type>text</type><desc><![CDATA[72小时]]></desc></option></options><answers><![CDATA[A]]></answers></question><question><type>1</type><format>html</format><desc><![CDATA[9.肾移植术后<u><b>不宜</b></u>做补液的静脉是]]></desc><options><option><id>A</id><type>text</type><desc><![CDATA[移植侧上肢静脉]]></desc></option><option><id>B</id><type>text</type><desc><![CDATA[移植侧下肢静脉]]></desc></option><option><id>C</id><type>text</type><desc><![CDATA[移植对侧上肢静脉]]></desc></option><option><id>D</id><type>text</type><desc><![CDATA[移植对侧下肢静脉]]></desc></option><option><id>E</id><type>text</type><desc><![CDATA[移植对侧上下肢静脉]]></desc></option></options><answers><![CDATA[B]]></answers></question></questions><questions><instructions><![CDATA[A2型题]]></instructions><question><type>1</type><format>text</format><desc><![CDATA[10.何某，男，41岁。肾移植术后第3天，尿量在1000ml/h以上，其最可能的原因是]]></desc><options><option><id>A</id><type>text</type><desc><![CDATA[急性肾小管坏死]]></desc></option><option><id>B</id><type>text</type><desc><![CDATA[术前输液过量]]></desc></option><option><id>C</id><type>text</type><desc><![CDATA[术前尿毒症钠潴留]]></desc></option><option><id>D</id><type>text</type><desc><![CDATA[术后尿毒症致水钠潴留]]></desc></option><option><id>E</id><type>text</type><desc><![CDATA[术后输液过量]]></desc></option></options><answers><![CDATA[C]]></answers></question><question><type>1</type><format>text</format><desc><![CDATA[11.韦某，男，47岁。肾移植术后第1天，尿量＞1000ml/h时，病人的补液量应为]]></desc><options><option><id>A</id><type>text</type><desc><![CDATA[与出量相等]]></desc></option><option><id>B</id><type>text</type><desc><![CDATA[出量的4/5]]></desc></option><option><id>C</id><type>text</type><desc><![CDATA[出量的2/3]]></desc></option><option><id>D</id><type>text</type><desc><![CDATA[出量的1/2]]></desc></option><option><id>E</id><type>text</type><desc><![CDATA[出量的1/3]]></desc></option></options><answers><![CDATA[D]]></answers></question><question><type>1</type><format>html</format><desc><![CDATA[12.王某，男，32岁。肾移植术后第一天，尿量700ml/h。体检示：体温36.5℃，脉搏86次/分，血压127/86mmHg，CVP8cmH<sub>2</sub>O。对该病人补液的原则为]]></desc><options><option><id>A</id><type>text</type><desc><![CDATA[量出为入]]></desc></option><option><id>B</id><type>text</type><desc><![CDATA[量入为出]]></desc></option><option><id>C</id><type>text</type><desc><![CDATA[入量等于尿量]]></desc></option><option><id>D</id><type>text</type><desc><![CDATA[入量应大于出量]]></desc></option><option><id>E</id><type>text</type><desc><![CDATA[入量应小于出量]]></desc></option></options><answers><![CDATA[A]]></answers></question></questions></exam>