﻿<?xml version="1.0" encoding="UTF-8"?><exam><id>20180725152201</id><questions><instructions><![CDATA[A1型题]]></instructions><question><type>1</type><format>text</format><desc><![CDATA[1.变应性接触性皮炎主要属于]]></desc><options><option><id>A</id><type>text</type><desc><![CDATA[Ⅰ型变态反应]]></desc></option><option><id>B</id><type>text</type><desc><![CDATA[Ⅱ型变态反应]]></desc></option><option><id>C</id><type>text</type><desc><![CDATA[Ⅲ型变态反应]]></desc></option><option><id>D</id><type>text</type><desc><![CDATA[Ⅳ型变态反应]]></desc></option><option><id>E</id><type>text</type><desc><![CDATA[都不对]]></desc></option></options><answers><![CDATA[D]]></answers></question><question><type>1</type><format>html</format><desc><![CDATA[2.在接触性皮炎的治疗中，措施<u><b>不正确</b></u>的是]]></desc><options><option><id>A</id><type>text</type><desc><![CDATA[寻找病因]]></desc></option><option><id>B</id><type>text</type><desc><![CDATA[脱离接触物]]></desc></option><option><id>C</id><type>text</type><desc><![CDATA[对症处理]]></desc></option><option><id>D</id><type>text</type><desc><![CDATA[尽早使用抗生素]]></desc></option><option><id>E</id><type>text</type><desc><![CDATA[尽早使用激素]]></desc></option></options><answers><![CDATA[D]]></answers></question><question><type>1</type><format>text</format><desc><![CDATA[3.诊断接触性皮炎最可靠和最简单的方法是]]></desc><options><option><id>A</id><type>text</type><desc><![CDATA[皮内试验]]></desc></option><option><id>B</id><type>text</type><desc><![CDATA[斑贴试验]]></desc></option><option><id>C</id><type>text</type><desc><![CDATA[划痕试验]]></desc></option><option><id>D</id><type>text</type><desc><![CDATA[划破试验]]></desc></option><option><id>E</id><type>text</type><desc><![CDATA[束臂试验]]></desc></option></options><answers><![CDATA[B]]></answers></question><question><type>1</type><format>html</format><desc><![CDATA[4.关于湿疹的皮疹特点，<u><b>不正确</b></u>的是]]></desc><options><option><id>A</id><type>text</type><desc><![CDATA[为多形性]]></desc></option><option><id>B</id><type>text</type><desc><![CDATA[急性期有渗出倾向]]></desc></option><option><id>C</id><type>text</type><desc><![CDATA[易形成大疱]]></desc></option><option><id>D</id><type>text</type><desc><![CDATA[易反复发作]]></desc></option><option><id>E</id><type>text</type><desc><![CDATA[常伴瘙痒]]></desc></option></options><answers><![CDATA[C]]></answers></question><question><type>1</type><format>html</format><desc><![CDATA[5.<u><b>不宜</b></u>使用软膏的是]]></desc><options><option><id>A</id><type>text</type><desc><![CDATA[急性湿疹的渗出期]]></desc></option><option><id>B</id><type>text</type><desc><![CDATA[泛发性神经性皮炎]]></desc></option><option><id>C</id><type>text</type><desc><![CDATA[进行期银屑病]]></desc></option><option><id>D</id><type>text</type><desc><![CDATA[慢性湿疹]]></desc></option><option><id>E</id><type>text</type><desc><![CDATA[瘙痒症]]></desc></option></options><answers><![CDATA[A]]></answers></question><question><type>1</type><format>text</format><desc><![CDATA[6.湿疹是发生于皮肤哪一层次的炎症]]></desc><options><option><id>A</id><type>text</type><desc><![CDATA[表皮]]></desc></option><option><id>B</id><type>text</type><desc><![CDATA[表皮及浅层真皮]]></desc></option><option><id>C</id><type>text</type><desc><![CDATA[真皮]]></desc></option><option><id>D</id><type>text</type><desc><![CDATA[表皮及深层真皮]]></desc></option><option><id>E</id><type>text</type><desc><![CDATA[皮下]]></desc></option></options><answers><![CDATA[B]]></answers></question><question><type>1</type><format>text</format><desc><![CDATA[7.剥脱性皮炎型药疹的致病机制可能是]]></desc><options><option><id>A</id><type>text</type><desc><![CDATA[Ⅰ型变态反应]]></desc></option><option><id>B</id><type>text</type><desc><![CDATA[Ⅱ型变态反应]]></desc></option><option><id>C</id><type>text</type><desc><![CDATA[Ⅲ型变态反应]]></desc></option><option><id>D</id><type>text</type><desc><![CDATA[Ⅳ型变态反应]]></desc></option><option><id>E</id><type>text</type><desc><![CDATA[都不对]]></desc></option></options><answers><![CDATA[D]]></answers></question><question><type>1</type><format>text</format><desc><![CDATA[8.以下哪一类型的药疹最严重]]></desc><options><option><id>A</id><type>text</type><desc><![CDATA[固定性药疹]]></desc></option><option><id>B</id><type>text</type><desc><![CDATA[麻疹样药疹]]></desc></option><option><id>C</id><type>text</type><desc><![CDATA[大疱表皮松解型药疹]]></desc></option><option><id>D</id><type>text</type><desc><![CDATA[痤疮样药疹]]></desc></option><option><id>E</id><type>text</type><desc><![CDATA[发疹性药疹]]></desc></option></options><answers><![CDATA[C]]></answers></question><question><type>1</type><format>html</format><desc><![CDATA[9.引起药疹常见的药物<u><b>不包括</b></u>]]></desc><options><option><id>A</id><type>text</type><desc><![CDATA[抗生素与磺胺类]]></desc></option><option><id>B</id><type>text</type><desc><![CDATA[抗代谢药]]></desc></option><option><id>C</id><type>text</type><desc><![CDATA[解热镇痛类]]></desc></option><option><id>D</id><type>text</type><desc><![CDATA[镇静药、催眠药与抗癫痫药]]></desc></option><option><id>E</id><type>text</type><desc><![CDATA[中草药]]></desc></option></options><answers><![CDATA[B]]></answers></question><question><type>1</type><format>text</format><desc><![CDATA[10.急性荨麻疹的典型皮疹是]]></desc><options><option><id>A</id><type>text</type><desc><![CDATA[风团]]></desc></option><option><id>B</id><type>text</type><desc><![CDATA[红斑]]></desc></option><option><id>C</id><type>text</type><desc><![CDATA[丘疹]]></desc></option><option><id>D</id><type>text</type><desc><![CDATA[斑块]]></desc></option><option><id>E</id><type>text</type><desc><![CDATA[抓痕]]></desc></option></options><answers><![CDATA[A]]></answers></question><question><type>1</type><format>text</format><desc><![CDATA[11.血管性水肿发生喉头水肿，首选处理]]></desc><options><option><id>A</id><type>text</type><desc><![CDATA[立即皮下注射1/1000肾上腺素0.5～1ml]]></desc></option><option><id>B</id><type>text</type><desc><![CDATA[立即皮下注射1/1000肾上腺素2ml]]></desc></option><option><id>C</id><type>text</type><desc><![CDATA[立即肌内注射氟美松10mg]]></desc></option><option><id>D</id><type>text</type><desc><![CDATA[立即肌内注射苯海拉明40mg]]></desc></option><option><id>E</id><type>text</type><desc><![CDATA[立即肌内注射地塞米松10mg]]></desc></option></options><answers><![CDATA[A]]></answers></question><question><type>1</type><format>text</format><desc><![CDATA[12.皮肤划痕症又称为]]></desc><options><option><id>A</id><type>text</type><desc><![CDATA[同型反应]]></desc></option><option><id>B</id><type>text</type><desc><![CDATA[人工性皮炎]]></desc></option><option><id>C</id><type>text</type><desc><![CDATA[自身敏感性皮炎]]></desc></option><option><id>D</id><type>text</type><desc><![CDATA[人工荨麻疹]]></desc></option><option><id>E</id><type>text</type><desc><![CDATA[同形反应]]></desc></option></options><answers><![CDATA[D]]></answers></question></questions><questions><instructions><![CDATA[A2型题]]></instructions><question><type>1</type><format>text</format><desc><![CDATA[13.刘某，女性，28岁。因感冒发热，口服阿莫西林后全身出现大小不等的风团，瘙痒，药疹为]]></desc><options><option><id>A</id><type>text</type><desc><![CDATA[猩红热样红斑型]]></desc></option><option><id>B</id><type>text</type><desc><![CDATA[多形性红斑型]]></desc></option><option><id>C</id><type>text</type><desc><![CDATA[荨麻疹型]]></desc></option><option><id>D</id><type>text</type><desc><![CDATA[固定型]]></desc></option><option><id>E</id><type>text</type><desc><![CDATA[血管炎型]]></desc></option></options><answers><![CDATA[C]]></answers></question><question><type>1</type><format>text</format><desc><![CDATA[14.何某，女性，39岁。因发热，口服头孢菌素后全身发生散在的红斑，其上发生松弛的水疱，如烫伤样表现，黏膜也有大片坏死样高热，最可能的诊断是]]></desc><options><option><id>A</id><type>text</type><desc><![CDATA[大疱性表皮松解型药疹]]></desc></option><option><id>B</id><type>text</type><desc><![CDATA[剥脱性皮炎药疹]]></desc></option><option><id>C</id><type>text</type><desc><![CDATA[麻疹样红斑型药疹]]></desc></option><option><id>D</id><type>text</type><desc><![CDATA[固定型药疹]]></desc></option><option><id>E</id><type>text</type><desc><![CDATA[发疹性药疹]]></desc></option></options><answers><![CDATA[A]]></answers></question><question><type>1</type><format>text</format><desc><![CDATA[15.急诊收治了一位神志不清，口吐白沫，有机磷农药中毒的病人，为减少毒物的吸收，需立即洗胃，护士应为其安置的体位是]]></desc><options><option><id>A</id><type>text</type><desc><![CDATA[坐位]]></desc></option><option><id>B</id><type>text</type><desc><![CDATA[仰卧位]]></desc></option><option><id>C</id><type>text</type><desc><![CDATA[右侧卧位]]></desc></option><option><id>D</id><type>text</type><desc><![CDATA[左侧卧位]]></desc></option><option><id>E</id><type>text</type><desc><![CDATA[半坐卧位]]></desc></option></options><answers><![CDATA[D]]></answers></question><question><type>1</type><format>text</format><desc><![CDATA[16.王某，女，50岁。尿失禁行导尿管留置，为预防泌尿系感染，首选的护理措施是]]></desc><options><option><id>A</id><type>text</type><desc><![CDATA[定时更换卧位]]></desc></option><option><id>B</id><type>text</type><desc><![CDATA[遵医嘱给抗生素]]></desc></option><option><id>C</id><type>text</type><desc><![CDATA[及时拔出导尿管]]></desc></option><option><id>D</id><type>text</type><desc><![CDATA[增加清洗尿道口次数]]></desc></option><option><id>E</id><type>text</type><desc><![CDATA[鼓励患者多饮水，行膀胱冲洗]]></desc></option></options><answers><![CDATA[E]]></answers></question><question><type>1</type><format>text</format><desc><![CDATA[17.5岁男孩，全身反复发痒性皮疹3年，常于春秋季复发，就诊时体检发现四肢、躯干散在蚕豆大小淡红色水肿性丘疹，部分皮疹表面见针头或豌豆大小水疱，其诊断为]]></desc><options><option><id>A</id><type>text</type><desc><![CDATA[水痘]]></desc></option><option><id>B</id><type>text</type><desc><![CDATA[湿疹]]></desc></option><option><id>C</id><type>text</type><desc><![CDATA[荨麻疹]]></desc></option><option><id>D</id><type>text</type><desc><![CDATA[痒疹]]></desc></option><option><id>E</id><type>text</type><desc><![CDATA[带状疱疹]]></desc></option></options><answers><![CDATA[B]]></answers></question><question><type>1</type><format>text</format><desc><![CDATA[18.黄某，女32岁，因发热，口服头孢菌素后全身发生散在的红斑，其上发生松弛的水疱，如烫伤样表现，黏膜也有大片坏死样高热，最可能的诊断是]]></desc><options><option><id>A</id><type>text</type><desc><![CDATA[大疱性表皮松解型药疹]]></desc></option><option><id>B</id><type>text</type><desc><![CDATA[剥脱性皮炎药疹]]></desc></option><option><id>C</id><type>text</type><desc><![CDATA[麻疹样红斑型药疹]]></desc></option><option><id>D</id><type>text</type><desc><![CDATA[固定型药疹]]></desc></option><option><id>E</id><type>text</type><desc><![CDATA[发疹性药疹]]></desc></option></options><answers><![CDATA[A]]></answers></question><question><type>1</type><format>text</format><desc><![CDATA[19.李某，女，26岁。服安乃近后第2天，口唇糜烂、四肢出现绿豆至指头大红斑及斑丘疹、部分皮疹中央颜色较深，如靶形。最可能的诊断是]]></desc><options><option><id>A</id><type>text</type><desc><![CDATA[固定性药疹]]></desc></option><option><id>B</id><type>text</type><desc><![CDATA[多形红斑型药疹]]></desc></option><option><id>C</id><type>text</type><desc><![CDATA[大疱表皮松解型药疹]]></desc></option><option><id>D</id><type>text</type><desc><![CDATA[天疱疮]]></desc></option><option><id>E</id><type>text</type><desc><![CDATA[多形红斑]]></desc></option></options><answers><![CDATA[B]]></answers></question></questions></exam>