﻿<?xml version="1.0" encoding="UTF-8"?><exam><id>20180725140536</id><questions><instructions><![CDATA[A1型题]]></instructions><question><type>1</type><format>text</format><desc><![CDATA[1.与原发性肝癌的发生关系最密切的疾病是]]></desc><options><option><id>A</id><type>text</type><desc><![CDATA[甲型肝炎]]></desc></option><option><id>B</id><type>text</type><desc><![CDATA[乙型肝炎]]></desc></option><option><id>C</id><type>text</type><desc><![CDATA[肝脓肿]]></desc></option><option><id>D</id><type>text</type><desc><![CDATA[中毒性肝炎]]></desc></option><option><id>E</id><type>text</type><desc><![CDATA[肝棘球蚴病]]></desc></option></options><answers><![CDATA[B]]></answers></question><question><type>1</type><format>text</format><desc><![CDATA[2.肝癌病人最常见和最主要的症状是]]></desc><options><option><id>A</id><type>text</type><desc><![CDATA[肝区疼痛]]></desc></option><option><id>B</id><type>text</type><desc><![CDATA[低热]]></desc></option><option><id>C</id><type>text</type><desc><![CDATA[腹胀、乏力]]></desc></option><option><id>D</id><type>text</type><desc><![CDATA[食欲缺乏]]></desc></option><option><id>E</id><type>text</type><desc><![CDATA[消瘦]]></desc></option></options><answers><![CDATA[A]]></answers></question><question><type>1</type><format>text</format><desc><![CDATA[3.原发性肝癌最常见的转移方式是]]></desc><options><option><id>A</id><type>text</type><desc><![CDATA[淋巴转移]]></desc></option><option><id>B</id><type>text</type><desc><![CDATA[肝外血行转移]]></desc></option><option><id>C</id><type>text</type><desc><![CDATA[直接转移]]></desc></option><option><id>D</id><type>text</type><desc><![CDATA[经门静脉分支形成肝内播散]]></desc></option><option><id>E</id><type>text</type><desc><![CDATA[种植转移]]></desc></option></options><answers><![CDATA[D]]></answers></question><question><type>1</type><format>text</format><desc><![CDATA[4.对诊断原发性肝癌具有较高特异性的检查是]]></desc><options><option><id>A</id><type>text</type><desc><![CDATA[放射性核素肝扫描]]></desc></option><option><id>B</id><type>text</type><desc><![CDATA[B型超声]]></desc></option><option><id>C</id><type>text</type><desc><![CDATA[CT]]></desc></option><option><id>D</id><type>text</type><desc><![CDATA[选择性肝动脉造影术]]></desc></option><option><id>E</id><type>text</type><desc><![CDATA[血清甲胎蛋白测定]]></desc></option></options><answers><![CDATA[E]]></answers></question><question><type>1</type><format>text</format><desc><![CDATA[5.肝叶切除术后避免过早活动的目的是]]></desc><options><option><id>A</id><type>text</type><desc><![CDATA[保存体力]]></desc></option><option><id>B</id><type>text</type><desc><![CDATA[减少能量消耗]]></desc></option><option><id>C</id><type>text</type><desc><![CDATA[利于肝细胞再生]]></desc></option><option><id>D</id><type>text</type><desc><![CDATA[利于有效引流]]></desc></option><option><id>E</id><type>text</type><desc><![CDATA[避免肝断面出血]]></desc></option></options><answers><![CDATA[E]]></answers></question><question><type>1</type><format>text</format><desc><![CDATA[6.门静脉高压症最危急的并发症为]]></desc><options><option><id>A</id><type>text</type><desc><![CDATA[脾肿大]]></desc></option><option><id>B</id><type>text</type><desc><![CDATA[肝性脑病]]></desc></option><option><id>C</id><type>text</type><desc><![CDATA[呕血、黑便]]></desc></option><option><id>D</id><type>text</type><desc><![CDATA[腹水]]></desc></option><option><id>E</id><type>text</type><desc><![CDATA[脾功能亢进]]></desc></option></options><answers><![CDATA[C]]></answers></question><question><type>1</type><format>text</format><desc><![CDATA[7.门静脉高压症常见的病因是]]></desc><options><option><id>A</id><type>text</type><desc><![CDATA[肝癌]]></desc></option><option><id>B</id><type>text</type><desc><![CDATA[肝炎后肝硬化]]></desc></option><option><id>C</id><type>text</type><desc><![CDATA[肝血管瘤]]></desc></option><option><id>D</id><type>text</type><desc><![CDATA[门脉主干阻塞]]></desc></option><option><id>E</id><type>text</type><desc><![CDATA[肝静脉阻塞]]></desc></option></options><answers><![CDATA[B]]></answers></question><question><type>1</type><format>html</format><desc><![CDATA[8.肝硬化并食管静脉曲张，手术前的护理<u><b>不妥</b></u>是]]></desc><options><option><id>A</id><type>text</type><desc><![CDATA[卧床休息，控制咳嗽]]></desc></option><option><id>B</id><type>text</type><desc><![CDATA[避免粗硬食物]]></desc></option><option><id>C</id><type>text</type><desc><![CDATA[饮食温度不过热]]></desc></option><option><id>D</id><type>text</type><desc><![CDATA[口服药片事先研成粉状]]></desc></option><option><id>E</id><type>text</type><desc><![CDATA[术前常规放置胃管，动作轻柔]]></desc></option></options><answers><![CDATA[E]]></answers></question><question><type>1</type><format>html</format><desc><![CDATA[9.关于门静脉高压症分流术后护理，<u><b>不正确</b></u>的是]]></desc><options><option><id>A</id><type>text</type><desc><![CDATA[早期起床活动]]></desc></option><option><id>B</id><type>text</type><desc><![CDATA[低蛋白饮食]]></desc></option><option><id>C</id><type>text</type><desc><![CDATA[使用抗生素]]></desc></option><option><id>D</id><type>text</type><desc><![CDATA[忌食过烫食物]]></desc></option><option><id>E</id><type>text</type><desc><![CDATA[术后平卧48小时]]></desc></option></options><answers><![CDATA[A]]></answers></question><question><type>1</type><format>text</format><desc><![CDATA[10.肝硬化病人进食时应细嚼慢咽，必要时药物应研成粉末服用，其目的是]]></desc><options><option><id>A</id><type>text</type><desc><![CDATA[易消化]]></desc></option><option><id>B</id><type>text</type><desc><![CDATA[以免引起食管胃底静脉曲张破裂出血]]></desc></option><option><id>C</id><type>text</type><desc><![CDATA[以防耗氧增加，诱发肝性脑病]]></desc></option><option><id>D</id><type>text</type><desc><![CDATA[以免加重腹水]]></desc></option><option><id>E</id><type>text</type><desc><![CDATA[便于下咽]]></desc></option></options><answers><![CDATA[B]]></answers></question><question><type>1</type><format>text</format><desc><![CDATA[11.手术治疗门静脉高压症合并食管静脉曲张的最主要的目的是]]></desc><options><option><id>A</id><type>text</type><desc><![CDATA[降低门静脉的压力]]></desc></option><option><id>B</id><type>text</type><desc><![CDATA[预防上消化道出血]]></desc></option><option><id>C</id><type>text</type><desc><![CDATA[提高抵抗力]]></desc></option><option><id>D</id><type>text</type><desc><![CDATA[减轻腹水]]></desc></option><option><id>E</id><type>text</type><desc><![CDATA[防止肝功能衰竭]]></desc></option></options><answers><![CDATA[B]]></answers></question><question><type>1</type><format>text</format><desc><![CDATA[12.普查和诊断胆道疾病的首选检查方法是]]></desc><options><option><id>A</id><type>text</type><desc><![CDATA[X线平片]]></desc></option><option><id>B</id><type>text</type><desc><![CDATA[B超]]></desc></option><option><id>C</id><type>text</type><desc><![CDATA[CT]]></desc></option><option><id>D</id><type>text</type><desc><![CDATA[MRI]]></desc></option><option><id>E</id><type>text</type><desc><![CDATA[ERCP]]></desc></option></options><answers><![CDATA[B]]></answers></question><question><type>1</type><format>text</format><desc><![CDATA[13.胆道手术后，T管一般留置的时间是]]></desc><options><option><id>A</id><type>text</type><desc><![CDATA[5天]]></desc></option><option><id>B</id><type>text</type><desc><![CDATA[7天]]></desc></option><option><id>C</id><type>text</type><desc><![CDATA[14天]]></desc></option><option><id>D</id><type>text</type><desc><![CDATA[20天]]></desc></option><option><id>E</id><type>text</type><desc><![CDATA[30天]]></desc></option></options><answers><![CDATA[C]]></answers></question><question><type>1</type><format>text</format><desc><![CDATA[14.胆道术后病人在T管拔管前，下列护理措施最重要的是]]></desc><options><option><id>A</id><type>text</type><desc><![CDATA[无菌盐水]]></desc></option><option><id>B</id><type>text</type><desc><![CDATA[B超]]></desc></option><option><id>C</id><type>text</type><desc><![CDATA[抗生素]]></desc></option><option><id>D</id><type>text</type><desc><![CDATA[试验性夹管1～2天]]></desc></option><option><id>E</id><type>text</type><desc><![CDATA[检查血胆红素]]></desc></option></options><answers><![CDATA[D]]></answers></question><question><type>1</type><format>text</format><desc><![CDATA[15.Charcot三联征表现是]]></desc><options><option><id>A</id><type>text</type><desc><![CDATA[腹痛、畏寒发热、呕吐]]></desc></option><option><id>B</id><type>text</type><desc><![CDATA[腹痛、黄疸、胆囊肿大]]></desc></option><option><id>C</id><type>text</type><desc><![CDATA[腹痛、寒战高热、黄疸]]></desc></option><option><id>D</id><type>text</type><desc><![CDATA[腹痛、寒战高热、低血压]]></desc></option><option><id>E</id><type>text</type><desc><![CDATA[腹痛、黄疸、休克]]></desc></option></options><answers><![CDATA[C]]></answers></question><question><type>1</type><format>text</format><desc><![CDATA[16.AOSC的临床表现为]]></desc><options><option><id>A</id><type>text</type><desc><![CDATA[Charcot三联征]]></desc></option><option><id>B</id><type>text</type><desc><![CDATA[Reynolds五联征]]></desc></option><option><id>C</id><type>text</type><desc><![CDATA[MODS]]></desc></option><option><id>D</id><type>text</type><desc><![CDATA[Murphy征]]></desc></option><option><id>E</id><type>text</type><desc><![CDATA[Mirizzi综合征]]></desc></option></options><answers><![CDATA[B]]></answers></question><question><type>1</type><format>text</format><desc><![CDATA[17.胆道蛔虫病腹痛的特点]]></desc><options><option><id>A</id><type>text</type><desc><![CDATA[阵发性腹部绞痛]]></desc></option><option><id>B</id><type>text</type><desc><![CDATA[持续性腹部绞痛]]></desc></option><option><id>C</id><type>text</type><desc><![CDATA[持续性绞痛伴阵发性加重]]></desc></option><option><id>D</id><type>text</type><desc><![CDATA[阵发性钻顶样绞痛]]></desc></option><option><id>E</id><type>text</type><desc><![CDATA[刀割性腹痛]]></desc></option></options><answers><![CDATA[D]]></answers></question><question><type>1</type><format>text</format><desc><![CDATA[18.急性梗阻性化脓性胆管炎最关键的治疗是]]></desc><options><option><id>A</id><type>text</type><desc><![CDATA[输液输血]]></desc></option><option><id>B</id><type>text</type><desc><![CDATA[静滴大量抗生素]]></desc></option><option><id>C</id><type>text</type><desc><![CDATA[纠正酸中毒]]></desc></option><option><id>D</id><type>text</type><desc><![CDATA[营养支持]]></desc></option><option><id>E</id><type>text</type><desc><![CDATA[胆道减压手术]]></desc></option></options><answers><![CDATA[E]]></answers></question><question><type>1</type><format>html</format><desc><![CDATA[19.胆绞痛病人<u><b>禁用</b></u>]]></desc><options><option><id>A</id><type>text</type><desc><![CDATA[阿托品]]></desc></option><option><id>B</id><type>text</type><desc><![CDATA[硝酸甘油]]></desc></option><option><id>C</id><type>text</type><desc><![CDATA[33%硫酸镁溶液]]></desc></option><option><id>D</id><type>text</type><desc><![CDATA[吗啡]]></desc></option><option><id>E</id><type>text</type><desc><![CDATA[亚硝酸异戊酯]]></desc></option></options><answers><![CDATA[D]]></answers></question><question><type>1</type><format>text</format><desc><![CDATA[20.胆道疾病做B超检查前应]]></desc><options><option><id>A</id><type>text</type><desc><![CDATA[禁食水12小时]]></desc></option><option><id>B</id><type>text</type><desc><![CDATA[禁食水4小时]]></desc></option><option><id>C</id><type>text</type><desc><![CDATA[禁食12小时，禁水8小时]]></desc></option><option><id>D</id><type>text</type><desc><![CDATA[禁食12小时，禁水4小时]]></desc></option><option><id>E</id><type>text</type><desc><![CDATA[禁食8小时，禁水4小时]]></desc></option></options><answers><![CDATA[D]]></answers></question><question><type>1</type><format>text</format><desc><![CDATA[21.胆道T管拔除前，夹管观察的内容是]]></desc><options><option><id>A</id><type>text</type><desc><![CDATA[体温、血压、意识]]></desc></option><option><id>B</id><type>text</type><desc><![CDATA[腹痛、血压、体温]]></desc></option><option><id>C</id><type>text</type><desc><![CDATA[腹痛、呕吐、体温]]></desc></option><option><id>D</id><type>text</type><desc><![CDATA[黄疸、血压、意识]]></desc></option><option><id>E</id><type>text</type><desc><![CDATA[腹痛、体温、黄疸]]></desc></option></options><answers><![CDATA[E]]></answers></question><question><type>1</type><format>text</format><desc><![CDATA[22.Reynold五联征是指]]></desc><options><option><id>A</id><type>text</type><desc><![CDATA[胆绞痛、高热、黄疸、休克、神志不清]]></desc></option><option><id>B</id><type>text</type><desc><![CDATA[胆绞痛、高热、黄疸、呕吐、腹泻]]></desc></option><option><id>C</id><type>text</type><desc><![CDATA[高热、黄疸、呕吐、腹泻、寒战]]></desc></option><option><id>D</id><type>text</type><desc><![CDATA[休克、神志不清、黄疸、呕吐、发热]]></desc></option><option><id>E</id><type>text</type><desc><![CDATA[胆绞痛、高热、呕吐、腹泻、昏迷]]></desc></option></options><answers><![CDATA[A]]></answers></question></questions><questions><instructions><![CDATA[A2型题]]></instructions><question><type>1</type><format>html</format><desc><![CDATA[23.黄某，男，39岁。B超检查发现肝脏表面有一直径2cm×3cm结节，为进一步明确诊断，又做了MRI检查，确诊为早期肝癌 ，术前护理措施<u><b>不正确</b></u>的是]]></desc><options><option><id>A</id><type>text</type><desc><![CDATA[适量输血、血浆或白蛋白]]></desc></option><option><id>B</id><type>text</type><desc><![CDATA[高蛋白、高脂肪、高维生素饮食]]></desc></option><option><id>C</id><type>text</type><desc><![CDATA[配血宜鲜血与库存血各半]]></desc></option><option><id>D</id><type>text</type><desc><![CDATA[术前晚、术晨清洁灌肠]]></desc></option><option><id>E</id><type>text</type><desc><![CDATA[术前3天口服肠道抗生素]]></desc></option></options><answers><![CDATA[B]]></answers></question><question><type>1</type><format>html</format><desc><![CDATA[24.何某，男，49岁。乙型肝炎病史20年，肝区隐痛6个月，查体无特殊发现，化验：甲胎蛋白阳性，B超见肝左叶有一 2cm×3cm肿块，诊断为原发性肝癌，术前护理措施中<u><b>错误</b></u>的是]]></desc><options><option><id>A</id><type>text</type><desc><![CDATA[给予维生素K]]></desc></option><option><id>B</id><type>text</type><desc><![CDATA[检查肝功能和凝血功能]]></desc></option><option><id>C</id><type>text</type><desc><![CDATA[肠道准备用肥皂水灌肠]]></desc></option><option><id>D</id><type>text</type><desc><![CDATA[适量输血和白蛋白]]></desc></option><option><id>E</id><type>text</type><desc><![CDATA[术前3天口服肠道抗菌药]]></desc></option></options><answers><![CDATA[C]]></answers></question><question><type>1</type><format>text</format><desc><![CDATA[25.右某，男，48岁。肝癌行肝叶切除术后3天，病人出现嗜睡、烦躁不安、扑翼样震颤，应考虑出现]]></desc><options><option><id>A</id><type>text</type><desc><![CDATA[胆瘘]]></desc></option><option><id>B</id><type>text</type><desc><![CDATA[肝性脑病]]></desc></option><option><id>C</id><type>text</type><desc><![CDATA[内出血]]></desc></option><option><id>D</id><type>text</type><desc><![CDATA[胰瘘]]></desc></option><option><id>E</id><type>text</type><desc><![CDATA[膈下脓肿]]></desc></option></options><answers><![CDATA[B]]></answers></question><question><type>1</type><format>text</format><desc><![CDATA[26.胡某，男，69岁。乙型肝炎病史21年，肝区隐痛、厌食、消瘦、乏力3个月余，查体无特殊发现，化验甲胎蛋白阳性，拟诊为“原发性肝癌”。病人入院后第3天，因过度活动，突发晕倒,血压80/50mmHg,最可能为]]></desc><options><option><id>A</id><type>text</type><desc><![CDATA[虚脱]]></desc></option><option><id>B</id><type>text</type><desc><![CDATA[猝死]]></desc></option><option><id>C</id><type>text</type><desc><![CDATA[肝癌破裂出血]]></desc></option><option><id>D</id><type>text</type><desc><![CDATA[心肌梗死]]></desc></option><option><id>E</id><type>text</type><desc><![CDATA[过度劳累]]></desc></option></options><answers><![CDATA[C]]></answers></question><question><type>1</type><format>html</format><desc><![CDATA[27.文某，男，52岁。2周来感觉有上腹隐痛，呈持续性，否认呕吐及发热史，B超提示肝脏有一个7cm×6．4cm低回声区，回声不均，边界不清，怀疑“原发性肝癌“。如癌细胞发生远处转移，通常最早转移至]]></desc><options><option><id>A</id><type>text</type><desc><![CDATA[脑]]></desc></option><option><id>B</id><type>text</type><desc><![CDATA[肺]]></desc></option><option><id>C</id><type>text</type><desc><![CDATA[骨骼]]></desc></option><option><id>D</id><type>text</type><desc><![CDATA[肾]]></desc></option><option><id>E</id><type>text</type><desc><![CDATA[肠]]></desc></option></options><answers><![CDATA[B]]></answers></question><question><type>1</type><format>text</format><desc><![CDATA[28.李某，男，40岁。患乙型肝炎7年，今日晨起呕血一次，量约50ml,腹胀，食欲差，小便正常，大便黑，查体发现脾肿大，腹部移动性浊音阳性，诊断为门静脉高压症，最可能的原因是]]></desc><options><option><id>A</id><type>text</type><desc><![CDATA[肝炎后肝硬化]]></desc></option><option><id>B</id><type>text</type><desc><![CDATA[腹压增高]]></desc></option><option><id>C</id><type>text</type><desc><![CDATA[慢性肝炎]]></desc></option><option><id>D</id><type>text</type><desc><![CDATA[血吸虫病肝硬化]]></desc></option><option><id>E</id><type>text</type><desc><![CDATA[急性肝炎]]></desc></option></options><answers><![CDATA[A]]></answers></question><question><type>1</type><format>text</format><desc><![CDATA[29.刘某，女，68岁。有肝硬化病史6年，曾做食管吞钡检查示蚯蚓样或串珠状负影，近期排便时出现无痛性便血，色鲜红，其原因是]]></desc><options><option><id>A</id><type>text</type><desc><![CDATA[食管胃底静脉曲张破裂]]></desc></option><option><id>B</id><type>text</type><desc><![CDATA[直肠下端肛管静脉曲张并发内痔]]></desc></option><option><id>C</id><type>text</type><desc><![CDATA[肝功能异常]]></desc></option><option><id>D</id><type>text</type><desc><![CDATA[脾功能亢进致凝血功能异常]]></desc></option><option><id>E</id><type>text</type><desc><![CDATA[直肠息肉]]></desc></option></options><answers><![CDATA[B]]></answers></question><question><type>1</type><format>html</format><desc><![CDATA[30.张某，男，45岁。肝硬化致门静脉高压症，其饮食护理<u><b>错误</b></u>的是]]></desc><options><option><id>A</id><type>text</type><desc><![CDATA[分流术后高蛋白饮食]]></desc></option><option><id>B</id><type>text</type><desc><![CDATA[有食管静脉曲张，无渣半流质饮食]]></desc></option><option><id>C</id><type>text</type><desc><![CDATA[高糖低脂饮食]]></desc></option><option><id>D</id><type>text</type><desc><![CDATA[有腹水、控制入水量]]></desc></option><option><id>E</id><type>text</type><desc><![CDATA[大出血，禁食]]></desc></option></options><answers><![CDATA[A]]></answers></question><question><type>1</type><format>text</format><desc><![CDATA[31.韦某，女，45岁。肝硬化致门静脉高压症，分流手术前的护理措施正确的是]]></desc><options><option><id>A</id><type>text</type><desc><![CDATA[鼓励体育锻炼]]></desc></option><option><id>B</id><type>text</type><desc><![CDATA[高蛋白、低脂饮食]]></desc></option><option><id>C</id><type>text</type><desc><![CDATA[注射维生素K]]></desc></option><option><id>D</id><type>text</type><desc><![CDATA[术晨放置胃管]]></desc></option><option><id>E</id><type>text</type><desc><![CDATA[术前用肥皂液灌肠]]></desc></option></options><answers><![CDATA[C]]></answers></question><question><type>1</type><format>text</format><desc><![CDATA[32.丁某，男，65岁。有肝硬化病史6年，因上消化道大出血，伴休克入院，行门腔静脉分流术。术后一天应注意观察的并发症是]]></desc><options><option><id>A</id><type>text</type><desc><![CDATA[血管吻合口破裂出血]]></desc></option><option><id>B</id><type>text</type><desc><![CDATA[肝性脑病]]></desc></option><option><id>C</id><type>text</type><desc><![CDATA[血小板过于增高]]></desc></option><option><id>D</id><type>text</type><desc><![CDATA[肠系膜血管栓塞]]></desc></option><option><id>E</id><type>text</type><desc><![CDATA[腹腔感染]]></desc></option></options><answers><![CDATA[A]]></answers></question><question><type>1</type><format>html</format><desc><![CDATA[33.曹某，女，44岁。右上腹阵发性钻顶样剧烈绞痛6小时，伴恶心．呕吐。体格检查：体温36．5℃，巩膜轻度黄染，腹平软，右上腹有轻度压痛，无反跳痛，无肌紧张，血白细胞6.4×10<sup>9</sup>/L，中性粒细胞0.70，嗜酸性粒细胞0.08，最可能的诊断是]]></desc><options><option><id>A</id><type>text</type><desc><![CDATA[急性胆囊炎]]></desc></option><option><id>B</id><type>text</type><desc><![CDATA[急性胰腺炎]]></desc></option><option><id>C</id><type>text</type><desc><![CDATA[急性胆管炎]]></desc></option><option><id>D</id><type>text</type><desc><![CDATA[胆道蛔虫病]]></desc></option><option><id>E</id><type>text</type><desc><![CDATA[急性胃炎]]></desc></option></options><answers><![CDATA[D]]></answers></question><question><type>1</type><format>text</format><desc><![CDATA[34.常某，女，60岁。患胆石症多年，2天前突然腹痛、寒战高热、黄疸，在门诊给予抗生素治疗效果不佳，今来住院治疗。查体发现神志不清，血压80/50mmHg，应考虑]]></desc><options><option><id>A</id><type>text</type><desc><![CDATA[急性黄疸性胆囊炎]]></desc></option><option><id>B</id><type>text</type><desc><![CDATA[胆总管结石]]></desc></option><option><id>C</id><type>text</type><desc><![CDATA[急性重症胆管炎]]></desc></option><option><id>D</id><type>text</type><desc><![CDATA[胆囊穿孔伴急性腹膜炎]]></desc></option><option><id>E</id><type>text</type><desc><![CDATA[急性化脓性胆囊炎]]></desc></option></options><answers><![CDATA[C]]></answers></question><question><type>1</type><format>text</format><desc><![CDATA[35.张某，女，45岁。近一年来常于餐后，尤其是进食油腻食物后出现右上腹闷胀不适，经B超检查为“慢性胆囊炎”，为了解其胆囊的收缩功能，应选择]]></desc><options><option><id>A</id><type>text</type><desc><![CDATA[B超]]></desc></option><option><id>B</id><type>text</type><desc><![CDATA[PTC]]></desc></option><option><id>C</id><type>text</type><desc><![CDATA[OCG]]></desc></option><option><id>D</id><type>text</type><desc><![CDATA[ERCP]]></desc></option><option><id>E</id><type>text</type><desc><![CDATA[MRCP]]></desc></option></options><answers><![CDATA[C]]></answers></question><question><type>1</type><format>text</format><desc><![CDATA[36.左某，男，62岁。右上腹持续性胀痛，阵发性加重10小时，疼痛向右肩背部放射，伴发热、黄疸，既往有"肝内胆管结石”病史，查体：体温38.8℃。呼吸22次/分，脉搏110次/分，血压60/40mmHg,昏迷巩膜深度黄染，B超提示胆总管明显扩张，应诊断为]]></desc><options><option><id>A</id><type>text</type><desc><![CDATA[急性梗阻性化脓性胆管炎]]></desc></option><option><id>B</id><type>text</type><desc><![CDATA[急性胆管炎]]></desc></option><option><id>C</id><type>text</type><desc><![CDATA[慢性胆管炎]]></desc></option><option><id>D</id><type>text</type><desc><![CDATA[慢性胆囊炎]]></desc></option><option><id>E</id><type>text</type><desc><![CDATA[急性胆囊炎]]></desc></option></options><answers><![CDATA[A]]></answers></question><question><type>1</type><format>text</format><desc><![CDATA[37.兰某，女，45岁。因餐后出现右上腹疼痛而入院，诊断为胆囊结石，建议其平时应忌食]]></desc><options><option><id>A</id><type>text</type><desc><![CDATA[高蛋白食物]]></desc></option><option><id>B</id><type>text</type><desc><![CDATA[粗纤维食物]]></desc></option><option><id>C</id><type>text</type><desc><![CDATA[流质食物]]></desc></option><option><id>D</id><type>text</type><desc><![CDATA[冷饮]]></desc></option><option><id>E</id><type>text</type><desc><![CDATA[油腻食物]]></desc></option></options><answers><![CDATA[E]]></answers></question><question><type>1</type><format>text</format><desc><![CDATA[38.韦某，女，42岁。因“急性梗阻性化脓性胆管炎”急诊入院，病人寒战、高热，体温高达41℃，脉搏112次/分，血压86/65mmHg,其休克类型是]]></desc><options><option><id>A</id><type>text</type><desc><![CDATA[感染性休克]]></desc></option><option><id>B</id><type>text</type><desc><![CDATA[低血容量性休克]]></desc></option><option><id>C</id><type>text</type><desc><![CDATA[心源性休克]]></desc></option><option><id>D</id><type>text</type><desc><![CDATA[神经性休克]]></desc></option><option><id>E</id><type>text</type><desc><![CDATA[过敏性休克]]></desc></option></options><answers><![CDATA[A]]></answers></question></questions></exam>