﻿<?xml version="1.0" encoding="UTF-8"?><exam><id>20180725141000</id><questions><instructions><![CDATA[A1型题]]></instructions><question><type>1</type><format>text</format><desc><![CDATA[1.正常情况下，胰液进入十二指肠，在肠激酶的作用下首先激活的是]]></desc><options><option><id>A</id><type>text</type><desc><![CDATA[糜蛋白酶原]]></desc></option><option><id>B</id><type>text</type><desc><![CDATA[激肽释放酶原]]></desc></option><option><id>C</id><type>text</type><desc><![CDATA[前磷脂酶]]></desc></option><option><id>D</id><type>text</type><desc><![CDATA[前弹力蛋白酶]]></desc></option><option><id>E</id><type>text</type><desc><![CDATA[胰蛋白酶原]]></desc></option></options><answers><![CDATA[E]]></answers></question><question><type>1</type><format>text</format><desc><![CDATA[2.为缓解疼痛，急性胰腺炎病人所采取的体位是]]></desc><options><option><id>A</id><type>text</type><desc><![CDATA[仰卧位]]></desc></option><option><id>B</id><type>text</type><desc><![CDATA[俯卧位]]></desc></option><option><id>C</id><type>text</type><desc><![CDATA[弯腰屈膝侧卧位]]></desc></option><option><id>D</id><type>text</type><desc><![CDATA[半坐卧位]]></desc></option><option><id>E</id><type>text</type><desc><![CDATA[仰卧屈膝位]]></desc></option></options><answers><![CDATA[C]]></answers></question><question><type>1</type><format>text</format><desc><![CDATA[3.急性胰腺炎病人禁用吗啡镇痛的原因是]]></desc><options><option><id>A</id><type>text</type><desc><![CDATA[吗啡可导致呼吸抑制]]></desc></option><option><id>B</id><type>text</type><desc><![CDATA[吗啡容易导致炎症扩散]]></desc></option><option><id>C</id><type>text</type><desc><![CDATA[使用吗啡容易成瘾]]></desc></option><option><id>D</id><type>text</type><desc><![CDATA[吗啡与其他治疗用药有配伍禁忌]]></desc></option><option><id>E</id><type>text</type><desc><![CDATA[吗啡可引起Oddi括约肌痉挛，加重疼痛]]></desc></option></options><answers><![CDATA[E]]></answers></question><question><type>1</type><format>text</format><desc><![CDATA[4.急性胰腺炎，首先升高的是]]></desc><options><option><id>A</id><type>text</type><desc><![CDATA[血淀粉酶]]></desc></option><option><id>B</id><type>text</type><desc><![CDATA[尿淀粉酶]]></desc></option><option><id>C</id><type>text</type><desc><![CDATA[血脂肪酶]]></desc></option><option><id>D</id><type>text</type><desc><![CDATA[血糖]]></desc></option><option><id>E</id><type>text</type><desc><![CDATA[血钙]]></desc></option></options><answers><![CDATA[A]]></answers></question><question><type>1</type><format>text</format><desc><![CDATA[5.急性胰腺炎的首发症状是]]></desc><options><option><id>A</id><type>text</type><desc><![CDATA[恶心]]></desc></option><option><id>B</id><type>text</type><desc><![CDATA[发热]]></desc></option><option><id>C</id><type>text</type><desc><![CDATA[腹痛]]></desc></option><option><id>D</id><type>text</type><desc><![CDATA[休克]]></desc></option><option><id>E</id><type>text</type><desc><![CDATA[呕吐]]></desc></option></options><answers><![CDATA[C]]></answers></question><question><type>1</type><format>text</format><desc><![CDATA[6.出血坏死性胰腺炎最常见的并发症是]]></desc><options><option><id>A</id><type>text</type><desc><![CDATA[化脓性感染]]></desc></option><option><id>B</id><type>text</type><desc><![CDATA[MODS]]></desc></option><option><id>C</id><type>text</type><desc><![CDATA[胰腺脓肿]]></desc></option><option><id>D</id><type>text</type><desc><![CDATA[胰腺组织纤维化]]></desc></option><option><id>E</id><type>text</type><desc><![CDATA[休克]]></desc></option></options><answers><![CDATA[E]]></answers></question><question><type>1</type><format>html</format><desc><![CDATA[7.以下<u><b>不符合</b></u>急性胰腺炎腹痛特点的是]]></desc><options><option><id>A</id><type>text</type><desc><![CDATA[刀割痛或绞痛]]></desc></option><option><id>B</id><type>text</type><desc><![CDATA[进食后疼痛缓解]]></desc></option><option><id>C</id><type>text</type><desc><![CDATA[向腰背部呈带状放射]]></desc></option><option><id>D</id><type>text</type><desc><![CDATA[位于中上腹]]></desc></option><option><id>E</id><type>text</type><desc><![CDATA[可阵发性加剧]]></desc></option></options><answers><![CDATA[B]]></answers></question><question><type>1</type><format>html</format><desc><![CDATA[8.水肿型胰腺炎<u><b>不应</b></u>有的表现是]]></desc><options><option><id>A</id><type>text</type><desc><![CDATA[腹痛]]></desc></option><option><id>B</id><type>text</type><desc><![CDATA[腹胀]]></desc></option><option><id>C</id><type>text</type><desc><![CDATA[休克]]></desc></option><option><id>D</id><type>text</type><desc><![CDATA[呕吐]]></desc></option><option><id>E</id><type>text</type><desc><![CDATA[发热]]></desc></option></options><answers><![CDATA[C]]></answers></question><question><type>1</type><format>text</format><desc><![CDATA[9.急性胰腺炎病人禁食、胃肠减压的主要目的是]]></desc><options><option><id>A</id><type>text</type><desc><![CDATA[防止感染扩散]]></desc></option><option><id>B</id><type>text</type><desc><![CDATA[减少胃酸分泌]]></desc></option><option><id>C</id><type>text</type><desc><![CDATA[减少胰液分泌]]></desc></option><option><id>D</id><type>text</type><desc><![CDATA[避免胃扩张]]></desc></option><option><id>E</id><type>text</type><desc><![CDATA[减轻腹痛]]></desc></option></options><answers><![CDATA[C]]></answers></question><question><type>1</type><format>text</format><desc><![CDATA[10.胰腺癌的好发部位是]]></desc><options><option><id>A</id><type>text</type><desc><![CDATA[胰头]]></desc></option><option><id>B</id><type>text</type><desc><![CDATA[胰尾]]></desc></option><option><id>C</id><type>text</type><desc><![CDATA[胰体]]></desc></option><option><id>D</id><type>text</type><desc><![CDATA[全胰腺]]></desc></option><option><id>E</id><type>text</type><desc><![CDATA[胰体尾部]]></desc></option></options><answers><![CDATA[A]]></answers></question></questions><questions><instructions><![CDATA[A2型题]]></instructions><question><type>1</type><format>text</format><desc><![CDATA[11.刘某，男，45岁。饱餐后出现上腹部绞痛，同时向腰背部呈带状放射，此时最具诊断意义的实验室检查为]]></desc><options><option><id>A</id><type>text</type><desc><![CDATA[白细胞计数]]></desc></option><option><id>B</id><type>text</type><desc><![CDATA[血清淀粉酶测定]]></desc></option><option><id>C</id><type>text</type><desc><![CDATA[尿液淀粉酶测定]]></desc></option><option><id>D</id><type>text</type><desc><![CDATA[血清脂肪酶测定]]></desc></option><option><id>E</id><type>text</type><desc><![CDATA[血清谷丙转氨酶]]></desc></option></options><answers><![CDATA[B]]></answers></question><question><type>1</type><format>text</format><desc><![CDATA[12.韦某，男，50岁。平常嗜烟酒。有胆囊结石病史，昨晚饮酒和暴食后，出现左上腹疼痛，最可能的疾病是]]></desc><options><option><id>A</id><type>text</type><desc><![CDATA[胆囊穿孔]]></desc></option><option><id>B</id><type>text</type><desc><![CDATA[胆道阻塞]]></desc></option><option><id>C</id><type>text</type><desc><![CDATA[肝硬化]]></desc></option><option><id>D</id><type>text</type><desc><![CDATA[急性胰腺炎]]></desc></option><option><id>E</id><type>text</type><desc><![CDATA[原发性肝癌]]></desc></option></options><answers><![CDATA[D]]></answers></question><question><type>1</type><format>text</format><desc><![CDATA[13.胡某，女，56岁。有胆石症病史10年。上腹部剧痛4小时，呕吐3次，呕吐物中有胆汁。疑为急性胰腺炎，饮食应给予]]></desc><options><option><id>A</id><type>text</type><desc><![CDATA[禁食]]></desc></option><option><id>B</id><type>text</type><desc><![CDATA[半流食]]></desc></option><option><id>C</id><type>text</type><desc><![CDATA[易消化、富含纤维素饮食]]></desc></option><option><id>D</id><type>text</type><desc><![CDATA[生、冷食物]]></desc></option><option><id>E</id><type>text</type><desc><![CDATA[流食]]></desc></option></options><answers><![CDATA[A]]></answers></question><question><type>1</type><format>text</format><desc><![CDATA[14.护士查房时观察到某急性胰腺炎病人偶有阵发性肌肉抽搐，最可能的原因是]]></desc><options><option><id>A</id><type>text</type><desc><![CDATA[疼痛反应]]></desc></option><option><id>B</id><type>text</type><desc><![CDATA[低钙反应]]></desc></option><option><id>C</id><type>text</type><desc><![CDATA[营养失调导致]]></desc></option><option><id>D</id><type>text</type><desc><![CDATA[使用哌替啶后的正常反应]]></desc></option><option><id>E</id><type>text</type><desc><![CDATA[精神高度紧张所致]]></desc></option></options><answers><![CDATA[B]]></answers></question><question><type>1</type><format>html</format><desc><![CDATA[15.何某，男，49岁。因急性胰腺炎拟行急诊手术，下列护理措施<u><b>不妥</b></u>的是]]></desc><options><option><id>A</id><type>text</type><desc><![CDATA[将备用床改为麻醉床]]></desc></option><option><id>B</id><type>text</type><desc><![CDATA[测量生命体征]]></desc></option><option><id>C</id><type>text</type><desc><![CDATA[通知医生协助体检]]></desc></option><option><id>D</id><type>text</type><desc><![CDATA[口渴时少量饮水]]></desc></option><option><id>E</id><type>text</type><desc><![CDATA[评估病人收集资料]]></desc></option></options><answers><![CDATA[D]]></answers></question><question><type>1</type><format>html</format><desc><![CDATA[16.马某，男，60岁。因急性胰腺炎经非手术治疗病情好转准备出院。下列病人的陈述中，提示对自身保健原则理解<u><b>错误</b></u>的是]]></desc><options><option><id>A</id><type>text</type><desc><![CDATA[我每次饭量要减少，每日分四五次吃]]></desc></option><option><id>B</id><type>text</type><desc><![CDATA[我要少吃油腻的食物]]></desc></option><option><id>C</id><type>text</type><desc><![CDATA[每天喝一杯红酒有助于我康复]]></desc></option><option><id>D</id><type>text</type><desc><![CDATA[我的饮食节律必须规律，食物以蔬菜为主]]></desc></option><option><id>E</id><type>text</type><desc><![CDATA[我应当检查一下，有胆道的疾病要尽早治疗]]></desc></option></options><answers><![CDATA[C]]></answers></question><question><type>1</type><format>text</format><desc><![CDATA[17.陈某，男，54岁。因急性水肿性胰腺炎行保守治疗。护士告知病人行胃肠减压术的主要目的是]]></desc><options><option><id>A</id><type>text</type><desc><![CDATA[减轻腹胀]]></desc></option><option><id>B</id><type>text</type><desc><![CDATA[防止恶心、呕吐]]></desc></option><option><id>C</id><type>text</type><desc><![CDATA[减少胰液分泌]]></desc></option><option><id>D</id><type>text</type><desc><![CDATA[预防感染]]></desc></option><option><id>E</id><type>text</type><desc><![CDATA[防止胰液逆流]]></desc></option></options><answers><![CDATA[C]]></answers></question><question><type>1</type><format>text</format><desc><![CDATA[18.左某，男，47岁。因胰头癌住院行胰头十二指肠切除术，术后出现高血糖。出院饮食指导原则正确的是]]></desc><options><option><id>A</id><type>text</type><desc><![CDATA[低脂、低糖、低蛋白]]></desc></option><option><id>B</id><type>text</type><desc><![CDATA[髙脂、高糖、高蛋白]]></desc></option><option><id>C</id><type>text</type><desc><![CDATA[髙脂、低糖、低蛋白]]></desc></option><option><id>D</id><type>text</type><desc><![CDATA[低脂、低糖、高维生素]]></desc></option><option><id>E</id><type>text</type><desc><![CDATA[低脂、高糖、高维生素]]></desc></option></options><answers><![CDATA[D]]></answers></question><question><type>1</type><format>text</format><desc><![CDATA[19.蓝某，男，58岁。胰腺癌术后第4日，出现心慌、出冷汗，测血糖为3.2mmol/L，护士正确的处理是]]></desc><options><option><id>A</id><type>text</type><desc><![CDATA[加快输液]]></desc></option><option><id>B</id><type>text</type><desc><![CDATA[输注血浆]]></desc></option><option><id>C</id><type>text</type><desc><![CDATA[补充葡萄糖]]></desc></option><option><id>D</id><type>text</type><desc><![CDATA[减慢输液速度]]></desc></option><option><id>E</id><type>text</type><desc><![CDATA[增加胰岛素剂量]]></desc></option></options><answers><![CDATA[C]]></answers></question><question><type>1</type><format>text</format><desc><![CDATA[20.刘某，男，52岁。行胰头十二指肠切除术后4小时，腹腔引流管突然流出约200ml鲜红色血性液体。正确的措施是]]></desc><options><option><id>A</id><type>text</type><desc><![CDATA[改变病人体位至半卧位]]></desc></option><option><id>B</id><type>text</type><desc><![CDATA[加大吸引负压，促进引流]]></desc></option><option><id>C</id><type>text</type><desc><![CDATA[严密观察生命体征，报告医生]]></desc></option><option><id>D</id><type>text</type><desc><![CDATA[加快输液输血速度]]></desc></option><option><id>E</id><type>text</type><desc><![CDATA[夹闭引流管，暂停引流]]></desc></option></options><answers><![CDATA[C]]></answers></question></questions></exam>