﻿<?xml version="1.0" encoding="UTF-8"?><exam><id>20180725145502</id><questions><instructions><![CDATA[A1型题]]></instructions><question><type>1</type><format>text</format><desc><![CDATA[1.化脓性骨髓炎发生的部位是]]></desc><options><option><id>A</id><type>text</type><desc><![CDATA[骨髓]]></desc></option><option><id>B</id><type>text</type><desc><![CDATA[骨皮质和骨髓]]></desc></option><option><id>C</id><type>text</type><desc><![CDATA[骨骺板和骨髓]]></desc></option><option><id>D</id><type>text</type><desc><![CDATA[骨骺和骨髓]]></desc></option><option><id>E</id><type>text</type><desc><![CDATA[骨髓、骨和骨膜]]></desc></option></options><answers><![CDATA[E]]></answers></question><question><type>1</type><format>text</format><desc><![CDATA[2.急性血源性骨髓炎最常见的致病菌是]]></desc><options><option><id>A</id><type>text</type><desc><![CDATA[乙型溶血性链球菌]]></desc></option><option><id>B</id><type>text</type><desc><![CDATA[白色葡萄球菌]]></desc></option><option><id>C</id><type>text</type><desc><![CDATA[产气荚膜杆菌]]></desc></option><option><id>D</id><type>text</type><desc><![CDATA[金黄色葡萄球菌]]></desc></option><option><id>E</id><type>text</type><desc><![CDATA[大肠埃希菌]]></desc></option></options><answers><![CDATA[D]]></answers></question><question><type>1</type><format>text</format><desc><![CDATA[3.急性血源性骨髓炎好发部位是]]></desc><options><option><id>A</id><type>text</type><desc><![CDATA[骨骺]]></desc></option><option><id>B</id><type>text</type><desc><![CDATA[骨干]]></desc></option><option><id>C</id><type>text</type><desc><![CDATA[干骺端]]></desc></option><option><id>D</id><type>text</type><desc><![CDATA[骨膜下]]></desc></option><option><id>E</id><type>text</type><desc><![CDATA[软组织]]></desc></option></options><answers><![CDATA[C]]></answers></question><question><type>1</type><format>text</format><desc><![CDATA[4.急性血源性骨髓炎最常发生的部位是]]></desc><options><option><id>A</id><type>text</type><desc><![CDATA[胫骨和股骨]]></desc></option><option><id>B</id><type>text</type><desc><![CDATA[髂骨和骶骨]]></desc></option><option><id>C</id><type>text</type><desc><![CDATA[脊柱和骨盆]]></desc></option><option><id>D</id><type>text</type><desc><![CDATA[肱骨和肩胛骨]]></desc></option><option><id>E</id><type>text</type><desc><![CDATA[桡尺骨和胫骨]]></desc></option></options><answers><![CDATA[A]]></answers></question><question><type>1</type><format>text</format><desc><![CDATA[5.下述对急性骨髓炎最有早期确诊意义的是]]></desc><options><option><id>A</id><type>text</type><desc><![CDATA[起病急骤，全身中毒症状明显]]></desc></option><option><id>B</id><type>text</type><desc><![CDATA[干骺端持续剧痛及深压痛]]></desc></option><option><id>C</id><type>text</type><desc><![CDATA[白细胞、中性粒细胞计数增多]]></desc></option><option><id>D</id><type>text</type><desc><![CDATA[局部分层穿刺液检查]]></desc></option><option><id>E</id><type>text</type><desc><![CDATA[X线检查]]></desc></option></options><answers><![CDATA[D]]></answers></question><question><type>1</type><format>html</format><desc><![CDATA[6.急性血源性骨髓炎治疗原则<u><b>错误</b></u>的是]]></desc><options><option><id>A</id><type>text</type><desc><![CDATA[待症状严重时，再考虑大剂量使用抗生素]]></desc></option><option><id>B</id><type>text</type><desc><![CDATA[全身支持疗法]]></desc></option><option><id>C</id><type>text</type><desc><![CDATA[卧床休息]]></desc></option><option><id>D</id><type>text</type><desc><![CDATA[局部开窗减压引流]]></desc></option><option><id>E</id><type>text</type><desc><![CDATA[早期持续皮牵引或石膏托固定]]></desc></option></options><answers><![CDATA[A]]></answers></question><question><type>1</type><format>html</format><desc><![CDATA[7.急性血源性骨髓炎应用抗菌药物治疗的原则<u><b>不正确</b></u>的是]]></desc><options><option><id>A</id><type>text</type><desc><![CDATA[选针对金黄色葡萄球菌的抗菌药物]]></desc></option><option><id>B</id><type>text</type><desc><![CDATA[早用]]></desc></option><option><id>C</id><type>text</type><desc><![CDATA[联合应用]]></desc></option><option><id>D</id><type>text</type><desc><![CDATA[足量]]></desc></option><option><id>E</id><type>text</type><desc><![CDATA[急性症状消退后即可停药]]></desc></option></options><answers><![CDATA[E]]></answers></question><question><type>1</type><format>html</format><desc><![CDATA[8.下列关于化脓性关节炎，<u><b>错误</b></u>的是]]></desc><options><option><id>A</id><type>text</type><desc><![CDATA[本病儿童多见]]></desc></option><option><id>B</id><type>text</type><desc><![CDATA[最常见的致病菌为金黄色葡萄球菌]]></desc></option><option><id>C</id><type>text</type><desc><![CDATA[髋及膝关节最少见]]></desc></option><option><id>D</id><type>text</type><desc><![CDATA[中毒症状严重者，应切开排脓]]></desc></option><option><id>E</id><type>text</type><desc><![CDATA[关节穿刺，关节液混浊，细菌培养阳性]]></desc></option></options><answers><![CDATA[C]]></answers></question><question><type>1</type><format>text</format><desc><![CDATA[9.化脓性关节炎最常发生的部位是]]></desc><options><option><id>A</id><type>text</type><desc><![CDATA[肩关节和肘关节]]></desc></option><option><id>B</id><type>text</type><desc><![CDATA[肘关节和膝关节]]></desc></option><option><id>C</id><type>text</type><desc><![CDATA[髋关节和膝关节]]></desc></option><option><id>D</id><type>text</type><desc><![CDATA[髋关节和踝关节]]></desc></option><option><id>E</id><type>text</type><desc><![CDATA[膝关节和踝关节]]></desc></option></options><answers><![CDATA[C]]></answers></question><question><type>1</type><format>text</format><desc><![CDATA[10.骨与关节结核的好发部位]]></desc><options><option><id>A</id><type>text</type><desc><![CDATA[脊柱]]></desc></option><option><id>B</id><type>text</type><desc><![CDATA[髋部]]></desc></option><option><id>C</id><type>text</type><desc><![CDATA[肩部]]></desc></option><option><id>D</id><type>text</type><desc><![CDATA[膝部]]></desc></option><option><id>E</id><type>text</type><desc><![CDATA[肘部]]></desc></option></options><answers><![CDATA[A]]></answers></question><question><type>1</type><format>text</format><desc><![CDATA[11.脊柱结核发病率最高的部位是]]></desc><options><option><id>A</id><type>text</type><desc><![CDATA[骶椎]]></desc></option><option><id>B</id><type>text</type><desc><![CDATA[腰椎]]></desc></option><option><id>C</id><type>text</type><desc><![CDATA[胸腰段]]></desc></option><option><id>D</id><type>text</type><desc><![CDATA[胸椎]]></desc></option><option><id>E</id><type>text</type><desc><![CDATA[颈椎]]></desc></option></options><answers><![CDATA[B]]></answers></question><question><type>1</type><format>html</format><desc><![CDATA[12.下列关于骨与关节结核，<u><b>错误</b></u>的是]]></desc><options><option><id>A</id><type>text</type><desc><![CDATA[此病大多继发于肺结核]]></desc></option><option><id>B</id><type>text</type><desc><![CDATA[好发于老年人]]></desc></option><option><id>C</id><type>text</type><desc><![CDATA[病人有结核中毒症状]]></desc></option><option><id>D</id><type>text</type><desc><![CDATA[实验室检查血沉多增快]]></desc></option><option><id>E</id><type>text</type><desc><![CDATA[应用抗结核药物治疗]]></desc></option></options><answers><![CDATA[B]]></answers></question></questions><questions><instructions><![CDATA[A2型题]]></instructions><question><type>1</type><format>text</format><desc><![CDATA[13.黄某，男，8岁。诊断为左股骨急性骨髓炎，病史10天，应用抗生素治疗1周，症状未能控制，这时应采用的方法是]]></desc><options><option><id>A</id><type>text</type><desc><![CDATA[加大抗生素用量]]></desc></option><option><id>B</id><type>text</type><desc><![CDATA[应用局部开窗减压冲洗及固定患肢]]></desc></option><option><id>C</id><type>text</type><desc><![CDATA[加强支持疗法]]></desc></option><option><id>D</id><type>text</type><desc><![CDATA[局部理疗，外敷中药]]></desc></option><option><id>E</id><type>text</type><desc><![CDATA[按摩、针灸]]></desc></option></options><answers><![CDATA[B]]></answers></question><question><type>1</type><format>html</format><desc><![CDATA[14.李某，男，16岁。出现右肘关节发红、肿胀、疼痛5天。血常规检查：白细胞计数为30×10<sup>9</sup>/L，关节穿刺液镜检见脓细胞。该病人可诊断为]]></desc><options><option><id>A</id><type>text</type><desc><![CDATA[类风湿性关节炎]]></desc></option><option><id>B</id><type>text</type><desc><![CDATA[肱骨外上髁炎]]></desc></option><option><id>C</id><type>text</type><desc><![CDATA[肘上淋巴结结核]]></desc></option><option><id>D</id><type>text</type><desc><![CDATA[肘关节结核]]></desc></option><option><id>E</id><type>text</type><desc><![CDATA[肘关节化脓性关节炎]]></desc></option></options><answers><![CDATA[E]]></answers></question><question><type>1</type><format>text</format><desc><![CDATA[15.何某，女，18岁，瘦弱，腰部疼痛2个月。查体：腰椎后凸畸形，弯腰动作受限，腹股沟区有肿物，穿刺抽出灰白色脓液，应考虑是]]></desc><options><option><id>A</id><type>text</type><desc><![CDATA[骨肿瘤]]></desc></option><option><id>B</id><type>text</type><desc><![CDATA[脊椎结核]]></desc></option><option><id>C</id><type>text</type><desc><![CDATA[化脓性骨髓炎]]></desc></option><option><id>D</id><type>text</type><desc><![CDATA[腹股沟脓肿]]></desc></option><option><id>E</id><type>text</type><desc><![CDATA[髋关节结核]]></desc></option></options><answers><![CDATA[B]]></answers></question><question><type>1</type><format>text</format><desc><![CDATA[16.胡某，女，30岁。胸背痛3个月，体温37.4ºC，夜间盗汗。查体：胸9、10棘突叩击痛，X线片见胸9、10椎体溶骨性破坏，椎间盘受累，最可能的诊断是]]></desc><options><option><id>A</id><type>text</type><desc><![CDATA[椎体巨细胞瘤]]></desc></option><option><id>B</id><type>text</type><desc><![CDATA[椎体血管瘤]]></desc></option><option><id>C</id><type>text</type><desc><![CDATA[椎体结核]]></desc></option><option><id>D</id><type>text</type><desc><![CDATA[化脓性脊柱炎]]></desc></option><option><id>E</id><type>text</type><desc><![CDATA[脊柱骨折]]></desc></option></options><answers><![CDATA[C]]></answers></question><question><type>1</type><format>html</format><desc><![CDATA[17.马某，男，7岁。左膝部碰伤后6天开始持续性高热、寒战，患肢活动受限。左胫骨上端剧痛，且有深压痛。血常规检查：白细胞21×10<sup>9</sup>/L，中性粒细胞90%。X线片未见明显异常。可能是]]></desc><options><option><id>A</id><type>text</type><desc><![CDATA[左膝化脓性关节炎]]></desc></option><option><id>B</id><type>text</type><desc><![CDATA[急性血源性骨髓炎]]></desc></option><option><id>C</id><type>text</type><desc><![CDATA[急性蜂窝织炎]]></desc></option><option><id>D</id><type>text</type><desc><![CDATA[膝关节结核]]></desc></option><option><id>E</id><type>text</type><desc><![CDATA[创伤性关节炎]]></desc></option></options><answers><![CDATA[B]]></answers></question><question><type>1</type><format>text</format><desc><![CDATA[18.刘某，男，31岁。2年前因左小腿外伤行手术治疗，以后伤口处经常破溃、流脓，有时可见排出小的死骨。在死骨排除后窦道可暂时封闭，炎症逐渐消退；周围皮肤有色素沉着或湿疹样皮炎。该病人最可能的诊断是]]></desc><options><option><id>A</id><type>text</type><desc><![CDATA[左胫骨创伤性关节炎]]></desc></option><option><id>B</id><type>text</type><desc><![CDATA[左胫骨慢性化脓性骨髓炎]]></desc></option><option><id>C</id><type>text</type><desc><![CDATA[左胫骨结核]]></desc></option><option><id>D</id><type>text</type><desc><![CDATA[左胫骨急性血源性骨髓炎]]></desc></option><option><id>E</id><type>text</type><desc><![CDATA[左膝关节化脓性关节炎]]></desc></option></options><answers><![CDATA[B]]></answers></question></questions><questions><instructions><![CDATA[A3型题]]></instructions><question><type>1</type><format>html</format><desc><![CDATA[19.何某，男，18岁。出现高热、寒战，左膝关节红、肿、热、痛1周，外周血白细胞计数为30×10<sup>9</sup>/L，关节液检查见脓细胞。入院诊断是膝关节化脓性关节炎。]]></desc><children><question><type>1</type><format>text</format><desc><![CDATA[（1）该病人最可能的诊断是]]></desc><options><option><id>A</id><type>text</type><desc><![CDATA[膝关节类风湿关节炎]]></desc></option><option><id>B</id><type>text</type><desc><![CDATA[膝关节骨性关节炎]]></desc></option><option><id>C</id><type>text</type><desc><![CDATA[膝关节创伤性关节炎]]></desc></option><option><id>D</id><type>text</type><desc><![CDATA[膝关节结核]]></desc></option><option><id>E</id><type>text</type><desc><![CDATA[膝关节化脓性关节炎]]></desc></option></options><answers><![CDATA[E]]></answers></question><question><type>1</type><format>html</format><desc><![CDATA[（2）该病人非手术治疗措施<u><b>错误</b></u>的是]]></desc><options><option><id>A</id><type>text</type><desc><![CDATA[高热期间给予退热补液，维持水、电解质和酸碱平衡]]></desc></option><option><id>B</id><type>text</type><desc><![CDATA[营养支持，增加能量和蛋白质摄入量]]></desc></option><option><id>C</id><type>text</type><desc><![CDATA[必要时多次少量输新鲜血]]></desc></option><option><id>D</id><type>text</type><desc><![CDATA[病情严重时，应用一种抗生素治疗]]></desc></option><option><id>E</id><type>text</type><desc><![CDATA[局部制动]]></desc></option></options><answers><![CDATA[D]]></answers></question></children></question><question><type>1</type><format>text</format><desc><![CDATA[20.韦某，女，15岁。出现左髋部疼痛，活动后加重。体检：左髋关节屈曲、内收、内旋畸形，活动受限。腹股沟区有肿物，局部无发红、皮温升高，穿刺抽出灰白色脓液。]]></desc><children><question><type>1</type><format>text</format><desc><![CDATA[（1）该病人最可能的诊断是]]></desc><options><option><id>A</id><type>text</type><desc><![CDATA[左髋关节类风湿关节炎]]></desc></option><option><id>B</id><type>text</type><desc><![CDATA[左髋关节骨性关节炎]]></desc></option><option><id>C</id><type>text</type><desc><![CDATA[左髋关节肿瘤]]></desc></option><option><id>D</id><type>text</type><desc><![CDATA[左髋关节结核]]></desc></option><option><id>E</id><type>text</type><desc><![CDATA[左髋关节化脓性关节炎]]></desc></option></options><answers><![CDATA[D]]></answers></question><question><type>1</type><format>html</format><desc><![CDATA[（2）该病人治疗措施中<u><b>错误</b></u>的是]]></desc><options><option><id>A</id><type>text</type><desc><![CDATA[营养支持，增加能量和蛋白质摄入量]]></desc></option><option><id>B</id><type>text</type><desc><![CDATA[早期病灶清除术]]></desc></option><option><id>C</id><type>text</type><desc><![CDATA[早期左髋关节融合术]]></desc></option><option><id>D</id><type>text</type><desc><![CDATA[全身抗结核药物治疗]]></desc></option><option><id>E</id><type>text</type><desc><![CDATA[局部关节穿刺注入抗结核药物]]></desc></option></options><answers><![CDATA[C]]></answers></question></children></question></questions></exam>