﻿<?xml version="1.0" encoding="UTF-8"?><exam><id>20180725142551</id><questions><instructions><![CDATA[A1型题]]></instructions><question><type>1</type><format>text</format><desc><![CDATA[1.无痛性血尿最常出现在]]></desc><options><option><id>A</id><type>text</type><desc><![CDATA[泌尿系感染]]></desc></option><option><id>B</id><type>text</type><desc><![CDATA[泌尿系结核]]></desc></option><option><id>C</id><type>text</type><desc><![CDATA[泌尿系肿瘤]]></desc></option><option><id>D</id><type>text</type><desc><![CDATA[泌尿系畸形]]></desc></option><option><id>E</id><type>text</type><desc><![CDATA[泌尿系梗阻]]></desc></option></options><answers><![CDATA[C]]></answers></question><question><type>1</type><format>text</format><desc><![CDATA[2.泌尿系统最常见的肿瘤是]]></desc><options><option><id>A</id><type>text</type><desc><![CDATA[肾癌]]></desc></option><option><id>B</id><type>text</type><desc><![CDATA[膀胱癌]]></desc></option><option><id>C</id><type>text</type><desc><![CDATA[阴茎癌]]></desc></option><option><id>D</id><type>text</type><desc><![CDATA[肾细胞癌]]></desc></option><option><id>E</id><type>text</type><desc><![CDATA[前列腺癌]]></desc></option></options><answers><![CDATA[B]]></answers></question><question><type>1</type><format>text</format><desc><![CDATA[3.泌尿外科疾病应鼓励病人多饮水，每日要达到]]></desc><options><option><id>A</id><type>text</type><desc><![CDATA[500～1000ml]]></desc></option><option><id>B</id><type>text</type><desc><![CDATA[1000～1500ml]]></desc></option><option><id>C</id><type>text</type><desc><![CDATA[1500～2000ml]]></desc></option><option><id>D</id><type>text</type><desc><![CDATA[2000～3000ml]]></desc></option><option><id>E</id><type>text</type><desc><![CDATA[3000ml以上]]></desc></option></options><answers><![CDATA[E]]></answers></question><question><type>1</type><format>text</format><desc><![CDATA[4.肾癌最早出现的临床表现是]]></desc><options><option><id>A</id><type>text</type><desc><![CDATA[乏力]]></desc></option><option><id>B</id><type>text</type><desc><![CDATA[腰痛]]></desc></option><option><id>C</id><type>text</type><desc><![CDATA[尿频]]></desc></option><option><id>D</id><type>text</type><desc><![CDATA[发热]]></desc></option><option><id>E</id><type>text</type><desc><![CDATA[血尿]]></desc></option></options><answers><![CDATA[E]]></answers></question><question><type>1</type><format>text</format><desc><![CDATA[5.膀胱癌最常见和最早出现的症状是]]></desc><options><option><id>A</id><type>text</type><desc><![CDATA[膀胱刺激征]]></desc></option><option><id>B</id><type>text</type><desc><![CDATA[排尿困难]]></desc></option><option><id>C</id><type>text</type><desc><![CDATA[尿潴留]]></desc></option><option><id>D</id><type>text</type><desc><![CDATA[血尿]]></desc></option><option><id>E</id><type>text</type><desc><![CDATA[低热]]></desc></option></options><answers><![CDATA[D]]></answers></question><question><type>1</type><format>text</format><desc><![CDATA[6.膀胱癌最具意义的临床症状是]]></desc><options><option><id>A</id><type>text</type><desc><![CDATA[尿急、尿频、尿痛]]></desc></option><option><id>B</id><type>text</type><desc><![CDATA[排尿困难]]></desc></option><option><id>C</id><type>text</type><desc><![CDATA[活动后血尿]]></desc></option><option><id>D</id><type>text</type><desc><![CDATA[无痛性肉眼血尿]]></desc></option><option><id>E</id><type>text</type><desc><![CDATA[贫血、水肿]]></desc></option></options><answers><![CDATA[D]]></answers></question></questions><questions><instructions><![CDATA[A2型题]]></instructions><question><type>1</type><format>text</format><desc><![CDATA[7.石某，男，58 岁。近期出现间歇性无痛性肉眼血尿，为了查清病情，首选]]></desc><options><option><id>A</id><type>text</type><desc><![CDATA[尿路平片]]></desc></option><option><id>B</id><type>text</type><desc><![CDATA[静脉肾盂造影]]></desc></option><option><id>C</id><type>text</type><desc><![CDATA[CT]]></desc></option><option><id>D</id><type>text</type><desc><![CDATA[膀胱镜检查]]></desc></option><option><id>E</id><type>text</type><desc><![CDATA[MRI]]></desc></option></options><answers><![CDATA[D]]></answers></question><question><type>1</type><format>html</format><desc><![CDATA[8.温某，男，41岁。B超、CT均提示右肾癌，直径约5cm，以下<u><b>不合适</b></u>的治疗方法是]]></desc><options><option><id>A</id><type>text</type><desc><![CDATA[支持治疗]]></desc></option><option><id>B</id><type>text</type><desc><![CDATA[根治性肾切除]]></desc></option><option><id>C</id><type>text</type><desc><![CDATA[放疗]]></desc></option><option><id>D</id><type>text</type><desc><![CDATA[生物学治疗]]></desc></option><option><id>E</id><type>text</type><desc><![CDATA[免疫治疗]]></desc></option></options><answers><![CDATA[C]]></answers></question><question><type>1</type><format>html</format><desc><![CDATA[9.邓某，男，55岁。膀胱癌，行尿道膀胱肿瘤电切术后3日，<u><b>不正确</b></u>的护理措施是]]></desc><options><option><id>A</id><type>text</type><desc><![CDATA[心理护理]]></desc></option><option><id>B</id><type>text</type><desc><![CDATA[导尿管护理]]></desc></option><option><id>C</id><type>text</type><desc><![CDATA[饮食指导]]></desc></option><option><id>D</id><type>text</type><desc><![CDATA[鼓励病人用力排尿]]></desc></option><option><id>E</id><type>text</type><desc><![CDATA[加强尿漏病人的护理]]></desc></option></options><answers><![CDATA[D]]></answers></question><question><type>1</type><format>text</format><desc><![CDATA[10.韦某，男，78岁。因腰痛就诊，X线摄片证实腰椎有转移癌破坏，考虑最有可能来自前列腺癌，下列对前列腺癌诊断无意义的检查是]]></desc><options><option><id>A</id><type>text</type><desc><![CDATA[B超]]></desc></option><option><id>B</id><type>text</type><desc><![CDATA[血清PSA测定]]></desc></option><option><id>C</id><type>text</type><desc><![CDATA[CT]]></desc></option><option><id>D</id><type>text</type><desc><![CDATA[癌胚抗原测定]]></desc></option><option><id>E</id><type>text</type><desc><![CDATA[前列腺穿刺活检]]></desc></option></options><answers><![CDATA[D]]></answers></question><question><type>1</type><format>text</format><desc><![CDATA[11.李某，男，53岁。间歇性无痛性肉眼血尿2个月，近期常有尿频、尿急。询问病史得知病人做油漆工20余年，考虑为膀胱癌，为了确诊，最可靠的检查方法是]]></desc><options><option><id>A</id><type>text</type><desc><![CDATA[实验室检查]]></desc></option><option><id>B</id><type>text</type><desc><![CDATA[X线尿路造影检查]]></desc></option><option><id>C</id><type>text</type><desc><![CDATA[膀胱镜检查活检]]></desc></option><option><id>D</id><type>text</type><desc><![CDATA[B超]]></desc></option><option><id>E</id><type>text</type><desc><![CDATA[CT]]></desc></option></options><answers><![CDATA[C]]></answers></question></questions></exam>