﻿<?xml version="1.0" encoding="UTF-8"?><exam><id>20180725102209</id><questions><instructions><![CDATA[A1型题]]></instructions><question><type>1</type><format>text</format><desc><![CDATA[1.现代外科工作中护理的地位和作用是]]></desc><options><option><id>A</id><type>text</type><desc><![CDATA[附属于医疗工作，不能单独处理病人]]></desc></option><option><id>B</id><type>text</type><desc><![CDATA[主要在生活护理上照顾病人]]></desc></option><option><id>C</id><type>text</type><desc><![CDATA[执行打针发药等有关基础护理的工作]]></desc></option><option><id>D</id><type>text</type><desc><![CDATA[以执行医嘱为主，是医生的助手]]></desc></option><option><id>E</id><type>text</type><desc><![CDATA[按护理程序独立对病人进行护理，与医生是合作关系]]></desc></option></options><answers><![CDATA[E]]></answers></question><question><type>1</type><format>html</format><desc><![CDATA[2.<u><b>不是</b></u>护士必备的素质是]]></desc><options><option><id>A</id><type>text</type><desc><![CDATA[高尚的道德情操]]></desc></option><option><id>B</id><type>text</type><desc><![CDATA[热爱护士专业]]></desc></option><option><id>C</id><type>text</type><desc><![CDATA[责任心强，有献身精神]]></desc></option><option><id>D</id><type>text</type><desc><![CDATA[全心全意为伤员服务]]></desc></option><option><id>E</id><type>text</type><desc><![CDATA[有市场经济头脑]]></desc></option></options><answers><![CDATA[E]]></answers></question><question><type>1</type><format>html</format><desc><![CDATA[3.<u><b>不是</b></u>护士应有的仪表是]]></desc><options><option><id>A</id><type>text</type><desc><![CDATA[仪表文雅大方]]></desc></option><option><id>B</id><type>text</type><desc><![CDATA[举止端正稳重]]></desc></option><option><id>C</id><type>text</type><desc><![CDATA[服装整洁美观]]></desc></option><option><id>D</id><type>text</type><desc><![CDATA[佩戴金银饰物]]></desc></option><option><id>E</id><type>text</type><desc><![CDATA[待人彬彬有礼]]></desc></option></options><answers><![CDATA[D]]></answers></question><question><type>1</type><format>text</format><desc><![CDATA[4.挑选护士参与处理特大工伤事故抢救工作时，最重要的条件是]]></desc><options><option><id>A</id><type>text</type><desc><![CDATA[身体健康]]></desc></option><option><id>B</id><type>text</type><desc><![CDATA[仪表文雅]]></desc></option><option><id>C</id><type>text</type><desc><![CDATA[举止稳重]]></desc></option><option><id>D</id><type>text</type><desc><![CDATA[性格开朗]]></desc></option><option><id>E</id><type>text</type><desc><![CDATA[待人有礼]]></desc></option></options><answers><![CDATA[A]]></answers></question><question><type>1</type><format>html</format><desc><![CDATA[5.<u><b>不是</b></u>外科疾病的是]]></desc><options><option><id>A</id><type>text</type><desc><![CDATA[脊柱骨折]]></desc></option><option><id>B</id><type>text</type><desc><![CDATA[肝癌]]></desc></option><option><id>C</id><type>text</type><desc><![CDATA[肠梗阻]]></desc></option><option><id>D</id><type>text</type><desc><![CDATA[腹外疝]]></desc></option><option><id>E</id><type>text</type><desc><![CDATA[慢性胃炎]]></desc></option></options><answers><![CDATA[E]]></answers></question><question><type>1</type><format>html</format><desc><![CDATA[6.<u><b>不是</b></u>外科疾病的是]]></desc><options><option><id>A</id><type>text</type><desc><![CDATA[脾破裂]]></desc></option><option><id>B</id><type>text</type><desc><![CDATA[肺炎]]></desc></option><option><id>C</id><type>text</type><desc><![CDATA[肝脓肿]]></desc></option><option><id>D</id><type>text</type><desc><![CDATA[胆囊结石]]></desc></option><option><id>E</id><type>text</type><desc><![CDATA[肾结石]]></desc></option></options><answers><![CDATA[B]]></answers></question><question><type>1</type><format>html</format><desc><![CDATA[7.<u><b>不是</b></u>外科护士工作任务的是]]></desc><options><option><id>A</id><type>text</type><desc><![CDATA[向病人提供有关疾病的预防、治疗、护理和康复的咨询、指导]]></desc></option><option><id>B</id><type>text</type><desc><![CDATA[协助病人接受各种诊断性检查、各项手术和非手术治疗]]></desc></option><option><id>C</id><type>text</type><desc><![CDATA[评估和满足病人的基本需要]]></desc></option><option><id>D</id><type>text</type><desc><![CDATA[协助预防并发症、康复锻炼和预防残障]]></desc></option><option><id>E</id><type>text</type><desc><![CDATA[紧急情况时，给病人开临时医嘱]]></desc></option></options><answers><![CDATA[E]]></answers></question><question><type>1</type><format>text</format><desc><![CDATA[8.现代外科护理学是阐述和研究]]></desc><options><option><id>A</id><type>text</type><desc><![CDATA[围手术期病人护理方法的临床护理学科]]></desc></option><option><id>B</id><type>text</type><desc><![CDATA[如何对外科病人进行整体护理的临床护理学科]]></desc></option><option><id>C</id><type>text</type><desc><![CDATA[外科护理的知识和技术的临床护理学科]]></desc></option><option><id>D</id><type>text</type><desc><![CDATA[外科护士的职责和任务的临床护理学科]]></desc></option><option><id>E</id><type>text</type><desc><![CDATA[外科病人恢复健康护理方法的临床护理学科]]></desc></option></options><answers><![CDATA[B]]></answers></question></questions></exam>