﻿<?xml version="1.0" encoding="UTF-8"?><exam><id>20180725102642</id><questions><instructions><![CDATA[A1型题]]></instructions><question><type>1</type><format>text</format><desc><![CDATA[1.细胞外液的主要阳离子是]]></desc><options><option><id>A</id><type>text</type><desc><![CDATA[钠]]></desc></option><option><id>B</id><type>text</type><desc><![CDATA[钾]]></desc></option><option><id>C</id><type>text</type><desc><![CDATA[钙]]></desc></option><option><id>D</id><type>text</type><desc><![CDATA[镁]]></desc></option><option><id>E</id><type>text</type><desc><![CDATA[氢]]></desc></option></options><answers><![CDATA[A]]></answers></question><question><type>1</type><format>html</format><desc><![CDATA[2.在体液平衡中下列选项<u><b>不正确</b></u>的是]]></desc><options><option><id>A</id><type>text</type><desc><![CDATA[细胞内液约为体重的40%]]></desc></option><option><id>B</id><type>text</type><desc><![CDATA[细胞外液约为体重的20%]]></desc></option><option><id>C</id><type>text</type><desc><![CDATA[组织间液约为体重的10%]]></desc></option><option><id>D</id><type>text</type><desc><![CDATA[血浆约为体重的5%]]></desc></option><option><id>E</id><type>text</type><desc><![CDATA[组织间液约为体重的15%]]></desc></option></options><answers><![CDATA[C]]></answers></question><question><type>1</type><format>text</format><desc><![CDATA[3.机体调节酸碱平衡最迅速的一条途径是]]></desc><options><option><id>A</id><type>text</type><desc><![CDATA[肺的调节]]></desc></option><option><id>B</id><type>text</type><desc><![CDATA[血液缓冲系统]]></desc></option><option><id>C</id><type>text</type><desc><![CDATA[肾的调节]]></desc></option><option><id>D</id><type>text</type><desc><![CDATA[神经-内分泌调节]]></desc></option><option><id>E</id><type>text</type><desc><![CDATA[细胞内外离子交换]]></desc></option></options><answers><![CDATA[B]]></answers></question><question><type>1</type><format>text</format><desc><![CDATA[4.高渗性缺水的主要表现为]]></desc><options><option><id>A</id><type>text</type><desc><![CDATA[尿少]]></desc></option><option><id>B</id><type>text</type><desc><![CDATA[口渴]]></desc></option><option><id>C</id><type>text</type><desc><![CDATA[头晕]]></desc></option><option><id>D</id><type>text</type><desc><![CDATA[呕吐]]></desc></option><option><id>E</id><type>text</type><desc><![CDATA[血压下降]]></desc></option></options><answers><![CDATA[B]]></answers></question><question><type>1</type><format>text</format><desc><![CDATA[5.在重度等渗性缺水或休克时，输入大量的等渗盐水，可出现]]></desc><options><option><id>A</id><type>text</type><desc><![CDATA[水中毒]]></desc></option><option><id>B</id><type>text</type><desc><![CDATA[血钠升高]]></desc></option><option><id>C</id><type>text</type><desc><![CDATA[氯化钠过剩]]></desc></option><option><id>D</id><type>text</type><desc><![CDATA[休克可纠正]]></desc></option><option><id>E</id><type>text</type><desc><![CDATA[高氯性酸中毒]]></desc></option></options><answers><![CDATA[E]]></answers></question><question><type>1</type><format>text</format><desc><![CDATA[6.等渗性缺水的常见原因为]]></desc><options><option><id>A</id><type>text</type><desc><![CDATA[入水量不足]]></desc></option><option><id>B</id><type>text</type><desc><![CDATA[慢性肠梗阻]]></desc></option><option><id>C</id><type>text</type><desc><![CDATA[水分大量丧失]]></desc></option><option><id>D</id><type>text</type><desc><![CDATA[大创面慢性渗液]]></desc></option><option><id>E</id><type>text</type><desc><![CDATA[胃肠道消化液急性丧失]]></desc></option></options><answers><![CDATA[E]]></answers></question><question><type>1</type><format>text</format><desc><![CDATA[7.代谢性酸中毒最典型的临床表现是]]></desc><options><option><id>A</id><type>text</type><desc><![CDATA[呼吸浅而慢]]></desc></option><option><id>B</id><type>text</type><desc><![CDATA[呼吸深而快]]></desc></option><option><id>C</id><type>text</type><desc><![CDATA[pH升高]]></desc></option><option><id>D</id><type>text</type><desc><![CDATA[尿液呈碱性]]></desc></option><option><id>E</id><type>text</type><desc><![CDATA[二氧化碳结合力升高]]></desc></option></options><answers><![CDATA[B]]></answers></question></questions><questions><instructions><![CDATA[A2型题]]></instructions><question><type>1</type><format>text</format><desc><![CDATA[8.刘某，男，37岁。因高热2日未能进食，自述口渴、口干、尿少色黄。检查；有脱水症，尿比重1.028，血清钠浓度为156mmol/L。治疗首先应给]]></desc><options><option><id>A</id><type>text</type><desc><![CDATA[平衡盐]]></desc></option><option><id>B</id><type>text</type><desc><![CDATA[葡萄糖盐水]]></desc></option><option><id>C</id><type>text</type><desc><![CDATA[5%碳酸氢钠]]></desc></option><option><id>D</id><type>text</type><desc><![CDATA[5%葡萄糖溶液]]></desc></option><option><id>E</id><type>text</type><desc><![CDATA[3%～5%的高张盐水]]></desc></option></options><answers><![CDATA[D]]></answers></question><question><type>1</type><format>text</format><desc><![CDATA[9.李某，女，40岁。因急性肠梗阻频繁呕吐，出现口渴、尿少、脱水征、血压偏低。进行液体疗法，静脉滴注选用的液体是]]></desc><options><option><id>A</id><type>text</type><desc><![CDATA[右旋糖酐]]></desc></option><option><id>B</id><type>text</type><desc><![CDATA[0.3氯化钾]]></desc></option><option><id>C</id><type>text</type><desc><![CDATA[.复方氯化钾]]></desc></option><option><id>D</id><type>text</type><desc><![CDATA[5%葡萄糖液]]></desc></option><option><id>E</id><type>text</type><desc><![CDATA[5%葡萄糖盐水]]></desc></option></options><answers><![CDATA[E]]></answers></question><question><type>1</type><format>text</format><desc><![CDATA[10.黄某，男，36岁，体重60kg。因食管癌进食困难1月余入院，主诉乏力、极度口渴、尿少色深。检查：体温、血压正常，唇干舌燥，皮肤弹性差。该病人的初步诊断为]]></desc><options><option><id>A</id><type>text</type><desc><![CDATA[轻度高渗性缺水]]></desc></option><option><id>B</id><type>text</type><desc><![CDATA[中度高渗性缺水]]></desc></option><option><id>C</id><type>text</type><desc><![CDATA[重度高渗性缺水]]></desc></option><option><id>D</id><type>text</type><desc><![CDATA[轻度低渗性缺水]]></desc></option><option><id>E</id><type>text</type><desc><![CDATA[中度低渗性缺水]]></desc></option></options><answers><![CDATA[B]]></answers></question><question><type>1</type><format>text</format><desc><![CDATA[11.任某，男，50岁。因胰头癌行胰十二指肠切除术，术后并发肠瘘，每天从腹腔引流管中丢失大量胰液。该病人最可能存在]]></desc><options><option><id>A</id><type>text</type><desc><![CDATA[钾代谢紊乱]]></desc></option><option><id>B</id><type>text</type><desc><![CDATA[代谢性酸中毒]]></desc></option><option><id>C</id><type>text</type><desc><![CDATA[代谢性碱中毒]]></desc></option><option><id>D</id><type>text</type><desc><![CDATA[呼吸性酸中毒]]></desc></option><option><id>E</id><type>text</type><desc><![CDATA[呼吸性碱中毒]]></desc></option></options><answers><![CDATA[B]]></answers></question><question><type>1</type><format>text</format><desc><![CDATA[12.王某，女，28岁。双大腿挤压伤。测得血清钾5.9mmol/L，脉搏50次/分，并有心律不齐。首选的措施是应立即注射]]></desc><options><option><id>A</id><type>text</type><desc><![CDATA[等渗盐水]]></desc></option><option><id>B</id><type>text</type><desc><![CDATA[5%碳酸氢钠]]></desc></option><option><id>C</id><type>text</type><desc><![CDATA[10%葡萄糖酸钙]]></desc></option><option><id>D</id><type>text</type><desc><![CDATA[11.2%乳酸钠溶液]]></desc></option><option><id>E</id><type>text</type><desc><![CDATA[50%葡萄糖加胰岛素]]></desc></option></options><answers><![CDATA[C]]></answers></question><question><type>1</type><format>text</format><desc><![CDATA[13.胡某，女，60岁。因反复呕吐5天入院，血清钠118mmol/L，脉搏120次/分，血压70/50mmHg,意识模糊。应考虑为]]></desc><options><option><id>A</id><type>text</type><desc><![CDATA[轻度缺钠]]></desc></option><option><id>B</id><type>text</type><desc><![CDATA[中度缺钠]]></desc></option><option><id>C</id><type>text</type><desc><![CDATA[重度缺钠]]></desc></option><option><id>D</id><type>text</type><desc><![CDATA[中度缺水]]></desc></option><option><id>E</id><type>text</type><desc><![CDATA[重度缺水]]></desc></option></options><answers><![CDATA[C]]></answers></question><question><type>1</type><format>html</format><desc><![CDATA[14.陈某，女，32岁。体重60kg，幽门梗阻致反复呕吐15天入院。呼吸浅慢，血压90/70mmHg，血清钾3mmol/L、钠130mmol/L，pH 7.5，血浆HCO<sub>3</sub><sup>－</sup>35mmol／L。第一天应补给氯化钠]]></desc><options><option><id>A</id><type>text</type><desc><![CDATA[4.5g]]></desc></option><option><id>B</id><type>text</type><desc><![CDATA[15g]]></desc></option><option><id>C</id><type>text</type><desc><![CDATA[21g]]></desc></option><option><id>D</id><type>text</type><desc><![CDATA[25.5g]]></desc></option><option><id>E</id><type>text</type><desc><![CDATA[36g]]></desc></option></options><answers><![CDATA[B]]></answers></question><question><type>1</type><format>html</format><desc><![CDATA[15.何某，女，45岁，体重60kg。因急性肠梗阻入院，诉口渴、软弱无力，尿少，昨日呕吐10次，量约2000ml。检查：P 94次/分，BP 90/60mmHg，皮肤弹性差，眼窝凹陷。尿液检查呈酸性，测血钾3.5mmol/L，CO<sub>2</sub>CP 13.8mmol/L（正常为23～31mmol/L）。该病人水钠代谢失衡的类型及程度为]]></desc><options><option><id>A</id><type>text</type><desc><![CDATA[轻度高渗性脱水]]></desc></option><option><id>B</id><type>text</type><desc><![CDATA[中度高渗性脱水]]></desc></option><option><id>C</id><type>text</type><desc><![CDATA[中度等渗性脱水]]></desc></option><option><id>D</id><type>text</type><desc><![CDATA[轻度等渗性脱水]]></desc></option><option><id>E</id><type>text</type><desc><![CDATA[中度低渗性脱水]]></desc></option></options><answers><![CDATA[C]]></answers></question></questions></exam>