﻿<?xml version="1.0" encoding="UTF-8"?><exam><id>20180725152559</id><questions><instructions><![CDATA[A1型题]]></instructions><question><type>1</type><format>html</format><desc><![CDATA[1.下列<u><b>不是</b></u>Ramsey-Hunt综合征的临床特征的是]]></desc><options><option><id>A</id><type>text</type><desc><![CDATA[面瘫]]></desc></option><option><id>B</id><type>text</type><desc><![CDATA[眼炎]]></desc></option><option><id>C</id><type>text</type><desc><![CDATA[耳痛]]></desc></option><option><id>D</id><type>text</type><desc><![CDATA[膝状神经节受累]]></desc></option><option><id>E</id><type>text</type><desc><![CDATA[耳廓、耳道口、耳道及耳后皮肤出现疱疹]]></desc></option></options><answers><![CDATA[B]]></answers></question><question><type>1</type><format>html</format><desc><![CDATA[2.关于单纯疱疹病毒描述，<u><b>不正确</b></u>的是]]></desc><options><option><id>A</id><type>text</type><desc><![CDATA[可分为单纯疱疹Ⅰ型及Ⅱ型]]></desc></option><option><id>B</id><type>text</type><desc><![CDATA[人类是疱疹病毒的唯一宿主]]></desc></option><option><id>C</id><type>text</type><desc><![CDATA[HSV-Ⅱ主要存在于皮肤黏膜损害的渗液、精液、前列腺分泌物、宫颈分泌物]]></desc></option><option><id>D</id><type>text</type><desc><![CDATA[抵抗力较强，紫外线、乙醚不易使其存活]]></desc></option><option><id>E</id><type>text</type><desc><![CDATA[HSV-Ⅱ型初发感染主要发生在青年人或成人]]></desc></option></options><answers><![CDATA[D]]></answers></question><question><type>1</type><format>text</format><desc><![CDATA[3.深脓疱疮的主要病原体是]]></desc><options><option><id>A</id><type>text</type><desc><![CDATA[溶血性链球菌]]></desc></option><option><id>B</id><type>text</type><desc><![CDATA[金葡菌]]></desc></option><option><id>C</id><type>text</type><desc><![CDATA[白葡菌]]></desc></option><option><id>D</id><type>text</type><desc><![CDATA[大肠杆菌]]></desc></option><option><id>E</id><type>text</type><desc><![CDATA[噬菌体Ⅱ组71型金葡菌]]></desc></option></options><answers><![CDATA[A]]></answers></question><question><type>1</type><format>text</format><desc><![CDATA[4.下列疾病能引起面瘫、耳痛及外耳道疱疹三联征的是]]></desc><options><option><id>A</id><type>text</type><desc><![CDATA[麻疹]]></desc></option><option><id>B</id><type>text</type><desc><![CDATA[风疹]]></desc></option><option><id>C</id><type>text</type><desc><![CDATA[猩红热]]></desc></option><option><id>D</id><type>text</type><desc><![CDATA[带状疱疹]]></desc></option><option><id>E</id><type>text</type><desc><![CDATA[急性荨麻疹]]></desc></option></options><answers><![CDATA[D]]></answers></question><question><type>1</type><format>html</format><desc><![CDATA[5.以下<u><b>不属于</b></u>病毒性皮肤病的是]]></desc><options><option><id>A</id><type>text</type><desc><![CDATA[手足口病]]></desc></option><option><id>B</id><type>text</type><desc><![CDATA[脓疱疮]]></desc></option><option><id>C</id><type>text</type><desc><![CDATA[丝状疣]]></desc></option><option><id>D</id><type>text</type><desc><![CDATA[带状疱疹]]></desc></option><option><id>E</id><type>text</type><desc><![CDATA[丹毒]]></desc></option></options><answers><![CDATA[B]]></answers></question><question><type>1</type><format>text</format><desc><![CDATA[6.脓疱疮的常见致病菌依次为]]></desc><options><option><id>A</id><type>text</type><desc><![CDATA[链球菌＞金葡菌＞白葡菌]]></desc></option><option><id>B</id><type>text</type><desc><![CDATA[金葡菌＞链球菌＞白葡菌]]></desc></option><option><id>C</id><type>text</type><desc><![CDATA[金葡菌＞白葡菌＞链球菌]]></desc></option><option><id>D</id><type>text</type><desc><![CDATA[白葡菌＞金葡菌＞链球菌]]></desc></option><option><id>E</id><type>text</type><desc><![CDATA[链球菌＞白葡菌＞金葡菌]]></desc></option></options><answers><![CDATA[B]]></answers></question><question><type>1</type><format>text</format><desc><![CDATA[7.下列是深脓疱疮的临床特征的是]]></desc><options><option><id>A</id><type>text</type><desc><![CDATA[清漆状结痂]]></desc></option><option><id>B</id><type>text</type><desc><![CDATA[袋状坠积现象]]></desc></option><option><id>C</id><type>text</type><desc><![CDATA[溃疡形成]]></desc></option><option><id>D</id><type>text</type><desc><![CDATA[主要由金葡菌引起]]></desc></option><option><id>E</id><type>text</type><desc><![CDATA[Nikolsky阳性]]></desc></option></options><answers><![CDATA[C]]></answers></question><question><type>1</type><format>text</format><desc><![CDATA[8.扁平湿疣的致病菌是]]></desc><options><option><id>A</id><type>text</type><desc><![CDATA[HPV]]></desc></option><option><id>B</id><type>text</type><desc><![CDATA[HSV]]></desc></option><option><id>C</id><type>text</type><desc><![CDATA[沙眼衣原体]]></desc></option><option><id>D</id><type>text</type><desc><![CDATA[苍白螺旋体]]></desc></option><option><id>E</id><type>text</type><desc><![CDATA[HIV]]></desc></option></options><answers><![CDATA[A]]></answers></question><question><type>1</type><format>html</format><desc><![CDATA[9.下面皮肤病<u><b>不属于</b></u>寻常疣的是]]></desc><options><option><id>A</id><type>text</type><desc><![CDATA[甲周疣]]></desc></option><option><id>B</id><type>text</type><desc><![CDATA[甲下疣]]></desc></option><option><id>C</id><type>text</type><desc><![CDATA[丝状疣]]></desc></option><option><id>D</id><type>text</type><desc><![CDATA[指状疣]]></desc></option><option><id>E</id><type>text</type><desc><![CDATA[扁平疣]]></desc></option></options><answers><![CDATA[E]]></answers></question><question><type>1</type><format>html</format><desc><![CDATA[10.下列<u><b>不是</b></u>复发型单纯疱疹的临床特征的是]]></desc><options><option><id>A</id><type>text</type><desc><![CDATA[群集性水疱]]></desc></option><option><id>B</id><type>text</type><desc><![CDATA[好发于皮肤、黏膜交界处]]></desc></option><option><id>C</id><type>text</type><desc><![CDATA[易反复发作]]></desc></option><option><id>D</id><type>text</type><desc><![CDATA[疱液涂片可见气球样变性细胞]]></desc></option><option><id>E</id><type>text</type><desc><![CDATA[表皮细胞胞浆内有嗜酸性包涵体]]></desc></option></options><answers><![CDATA[E]]></answers></question><question><type>1</type><format>html</format><desc><![CDATA[11.下列<u><b>不是</b></u>扁平疣的临床特征的是]]></desc><options><option><id>A</id><type>text</type><desc><![CDATA[扁平丘疹]]></desc></option><option><id>B</id><type>text</type><desc><![CDATA[剧痒]]></desc></option><option><id>C</id><type>text</type><desc><![CDATA[皮肤色或淡褐色]]></desc></option><option><id>D</id><type>text</type><desc><![CDATA[有自体接种现象]]></desc></option><option><id>E</id><type>text</type><desc><![CDATA[可自行消退]]></desc></option></options><answers><![CDATA[B]]></answers></question><question><type>1</type><format>text</format><desc><![CDATA[12.新生儿脓疱疮是指]]></desc><options><option><id>A</id><type>text</type><desc><![CDATA[寻常型脓疱疮]]></desc></option><option><id>B</id><type>text</type><desc><![CDATA[大疱性脓疱疮]]></desc></option><option><id>C</id><type>text</type><desc><![CDATA[表疖疮]]></desc></option><option><id>D</id><type>text</type><desc><![CDATA[深脓疱疮]]></desc></option><option><id>E</id><type>text</type><desc><![CDATA[葡萄球菌性烫伤样皮肤综合征]]></desc></option></options><answers><![CDATA[B]]></answers></question><question><type>1</type><format>text</format><desc><![CDATA[13.臁疮是指]]></desc><options><option><id>A</id><type>text</type><desc><![CDATA[寻常型脓疱疮]]></desc></option><option><id>B</id><type>text</type><desc><![CDATA[大疱性脓疱疮]]></desc></option><option><id>C</id><type>text</type><desc><![CDATA[深脓疱疮]]></desc></option><option><id>D</id><type>text</type><desc><![CDATA[疖疮]]></desc></option><option><id>E</id><type>text</type><desc><![CDATA[新生儿脓疱疮]]></desc></option></options><answers><![CDATA[C]]></answers></question><question><type>1</type><format>text</format><desc><![CDATA[14.脓疱疮的主要传播途径]]></desc><options><option><id>A</id><type>text</type><desc><![CDATA[接触传播]]></desc></option><option><id>B</id><type>text</type><desc><![CDATA[飞沫传播]]></desc></option><option><id>C</id><type>text</type><desc><![CDATA[消化道传播]]></desc></option><option><id>D</id><type>text</type><desc><![CDATA[自身接种传播]]></desc></option><option><id>E</id><type>text</type><desc><![CDATA[呼吸道传播]]></desc></option></options><answers><![CDATA[A]]></answers></question><question><type>1</type><format>text</format><desc><![CDATA[15.下面哪种病是由HSV-Ⅱ型引起的]]></desc><options><option><id>A</id><type>text</type><desc><![CDATA[疱疹性龈口炎]]></desc></option><option><id>B</id><type>text</type><desc><![CDATA[新生儿单纯疱疹]]></desc></option><option><id>C</id><type>text</type><desc><![CDATA[接种性单纯疱疹]]></desc></option><option><id>D</id><type>text</type><desc><![CDATA[疱疹性角膜炎]]></desc></option><option><id>E</id><type>text</type><desc><![CDATA[带状疱疹]]></desc></option></options><answers><![CDATA[B]]></answers></question><question><type>1</type><format>html</format><desc><![CDATA[16.下面哪种皮肤病<u><b>不是</b></u>由人乳头瘤病毒引起的]]></desc><options><option><id>A</id><type>text</type><desc><![CDATA[寻常疣]]></desc></option><option><id>B</id><type>text</type><desc><![CDATA[跖疣]]></desc></option><option><id>C</id><type>text</type><desc><![CDATA[尖锐湿疣]]></desc></option><option><id>D</id><type>text</type><desc><![CDATA[传染性软疣]]></desc></option><option><id>E</id><type>text</type><desc><![CDATA[扁平疣]]></desc></option></options><answers><![CDATA[D]]></answers></question><question><type>1</type><format>text</format><desc><![CDATA[17.带状疱疹最易累及的部位是]]></desc><options><option><id>A</id><type>text</type><desc><![CDATA[颈神经支配区域]]></desc></option><option><id>B</id><type>text</type><desc><![CDATA[肋间神经支配区域]]></desc></option><option><id>C</id><type>text</type><desc><![CDATA[三叉神经支配区域]]></desc></option><option><id>D</id><type>text</type><desc><![CDATA[肋腰骶神经支配区域]]></desc></option><option><id>E</id><type>text</type><desc><![CDATA[面神经及听神经]]></desc></option></options><answers><![CDATA[B]]></answers></question><question><type>1</type><format>text</format><desc><![CDATA[18.寻常疣的典型皮损为]]></desc><options><option><id>A</id><type>text</type><desc><![CDATA[散发性红斑]]></desc></option><option><id>B</id><type>text</type><desc><![CDATA[群集性小水泡和浅表溃疡]]></desc></option><option><id>C</id><type>text</type><desc><![CDATA[乳头瘤状增生]]></desc></option><option><id>D</id><type>text</type><desc><![CDATA[肋含乳白色干酪样物质的半球状丘疹]]></desc></option><option><id>E</id><type>text</type><desc><![CDATA[簇集或散在的小水疱]]></desc></option></options><answers><![CDATA[C]]></answers></question><question><type>1</type><format>html</format><desc><![CDATA[19.关于传染性软疣，<u><b>错误</b></u>的说法是]]></desc><options><option><id>A</id><type>text</type><desc><![CDATA[由传染性软疣病毒引起]]></desc></option><option><id>B</id><type>text</type><desc><![CDATA[由HSV的一个亚型引起]]></desc></option><option><id>C</id><type>text</type><desc><![CDATA[可由性接触传播]]></desc></option><option><id>D</id><type>text</type><desc><![CDATA[皮损中央常有软疣小体]]></desc></option><option><id>E</id><type>text</type><desc><![CDATA[由DNA病毒引起]]></desc></option></options><answers><![CDATA[B]]></answers></question></questions><questions><instructions><![CDATA[A2型题]]></instructions><question><type>1</type><format>text</format><desc><![CDATA[20.黄某，女性，30岁。发热、流涕、咽痛，拟“感冒“自服消炎镇痛药，3天后口角出现簇集小水疱，伴轻度瘙痒和灼热感。否认药物过敏史，口周、鼻周每年都有2～3次类似皮疹。该病例最可能是]]></desc><options><option><id>A</id><type>text</type><desc><![CDATA[脓疱疮]]></desc></option><option><id>B</id><type>text</type><desc><![CDATA[天疱疮]]></desc></option><option><id>C</id><type>text</type><desc><![CDATA[单纯疱疹]]></desc></option><option><id>D</id><type>text</type><desc><![CDATA[带状疱疹]]></desc></option><option><id>E</id><type>text</type><desc><![CDATA[疱疹性龈口炎]]></desc></option></options><answers><![CDATA[C]]></answers></question></questions></exam>