﻿<?xml version="1.0" encoding="UTF-8"?><exam><id>20180725103444</id><questions><instructions><![CDATA[A1型题]]></instructions><question><type>1</type><format>text</format><desc><![CDATA[1.各类休克共同的病理生理基础是]]></desc><options><option><id>A</id><type>text</type><desc><![CDATA[酸碱平衡失调]]></desc></option><option><id>B</id><type>text</type><desc><![CDATA[心搏出量不足]]></desc></option><option><id>C</id><type>text</type><desc><![CDATA[细胞代谢紊乱]]></desc></option><option><id>D</id><type>text</type><desc><![CDATA[外周血管扩张]]></desc></option><option><id>E</id><type>text</type><desc><![CDATA[有效循环血量减少]]></desc></option></options><answers><![CDATA[E]]></answers></question><question><type>1</type><format>text</format><desc><![CDATA[2.观察休克病情变化最简便有效的指标是]]></desc><options><option><id>A</id><type>text</type><desc><![CDATA[生命体征]]></desc></option><option><id>B</id><type>text</type><desc><![CDATA[神志]]></desc></option><option><id>C</id><type>text</type><desc><![CDATA[中心静脉压]]></desc></option><option><id>D</id><type>text</type><desc><![CDATA[皮肤色泽]]></desc></option><option><id>E</id><type>text</type><desc><![CDATA[尿量]]></desc></option></options><answers><![CDATA[E]]></answers></question><question><type>1</type><format>text</format><desc><![CDATA[3.抗休克最基本的治疗措施是]]></desc><options><option><id>A</id><type>text</type><desc><![CDATA[应用缩血管药物]]></desc></option><option><id>B</id><type>text</type><desc><![CDATA[补充血容量]]></desc></option><option><id>C</id><type>text</type><desc><![CDATA[纠正酸中毒]]></desc></option><option><id>D</id><type>text</type><desc><![CDATA[使用抗菌药]]></desc></option><option><id>E</id><type>text</type><desc><![CDATA[给予强心药]]></desc></option></options><answers><![CDATA[B]]></answers></question><question><type>1</type><format>html</format><desc><![CDATA[4.以下<u><b>不是</b></u>休克早期的临床表现的是]]></desc><options><option><id>A</id><type>text</type><desc><![CDATA[神志清楚]]></desc></option><option><id>B</id><type>text</type><desc><![CDATA[面色苍白]]></desc></option><option><id>C</id><type>text</type><desc><![CDATA[尿量减少]]></desc></option><option><id>D</id><type>text</type><desc><![CDATA[血压下降]]></desc></option><option><id>E</id><type>text</type><desc><![CDATA[烦躁不安]]></desc></option></options><answers><![CDATA[D]]></answers></question><question><type>1</type><format>html</format><desc><![CDATA[5.关于休克的护理<u><b>错误</b></u>的是]]></desc><options><option><id>A</id><type>text</type><desc><![CDATA[中凹位]]></desc></option><option><id>B</id><type>text</type><desc><![CDATA[常规吸氧]]></desc></option><option><id>C</id><type>text</type><desc><![CDATA[给热水袋保暖]]></desc></option><option><id>D</id><type>text</type><desc><![CDATA[观察每小时尿量]]></desc></option><option><id>E</id><type>text</type><desc><![CDATA[每15分钟测血压脉搏一次]]></desc></option></options><answers><![CDATA[C]]></answers></question></questions><questions><instructions><![CDATA[A2型题]]></instructions><question><type>1</type><format>html</format><desc><![CDATA[6.孔某，女，45岁。失血性休克，正在进行扩容疗法，中心静脉压监测为4cmH<sub>2</sub>O，BP 70/50mmHg，应]]></desc><options><option><id>A</id><type>text</type><desc><![CDATA[加快输液速度]]></desc></option><option><id>B</id><type>text</type><desc><![CDATA[维持原速输液]]></desc></option><option><id>C</id><type>text</type><desc><![CDATA[减慢滴速]]></desc></option><option><id>D</id><type>text</type><desc><![CDATA[停止输液]]></desc></option><option><id>E</id><type>text</type><desc><![CDATA[加用强心剂]]></desc></option></options><answers><![CDATA[A]]></answers></question><question><type>1</type><format>html</format><desc><![CDATA[7.孙某，男，45岁。失血性休克，进行扩容疗法快速输液时，监测得中心静脉压13cmH<sub>2</sub>O，BP 100/70mmHg，应采取的措施是]]></desc><options><option><id>A</id><type>text</type><desc><![CDATA[大量输液加快速度]]></desc></option><option><id>B</id><type>text</type><desc><![CDATA[控制速度，减慢输液]]></desc></option><option><id>C</id><type>text</type><desc><![CDATA[减慢输液加用强心剂]]></desc></option><option><id>D</id><type>text</type><desc><![CDATA[应用扩血管药物]]></desc></option><option><id>E</id><type>text</type><desc><![CDATA[加用强心剂]]></desc></option></options><answers><![CDATA[D]]></answers></question><question><type>1</type><format>text</format><desc><![CDATA[8.毛某，男，38岁。外伤后出血、烦躁，肢端湿冷，P 100次/分，BP 98/70mmHg。应考虑为]]></desc><options><option><id>A</id><type>text</type><desc><![CDATA[无休克]]></desc></option><option><id>B</id><type>text</type><desc><![CDATA[休克早期]]></desc></option><option><id>C</id><type>text</type><desc><![CDATA[休克中期]]></desc></option><option><id>D</id><type>text</type><desc><![CDATA[休克晚期]]></desc></option><option><id>E</id><type>text</type><desc><![CDATA[DIC形成]]></desc></option></options><answers><![CDATA[B]]></answers></question><question><type>1</type><format>text</format><desc><![CDATA[9.王某，男，车祸外伤2小时后，出现烦躁不安、面色苍白、皮肤湿冷、脉率100次/分，BP 80/60mmHg、尿量10ml/h，急诊护士首先应输注]]></desc><options><option><id>A</id><type>text</type><desc><![CDATA[血管扩张药]]></desc></option><option><id>B</id><type>text</type><desc><![CDATA[50%葡萄糖液]]></desc></option><option><id>C</id><type>text</type><desc><![CDATA[利尿剂]]></desc></option><option><id>D</id><type>text</type><desc><![CDATA[5%碳酸氢钠]]></desc></option><option><id>E</id><type>text</type><desc><![CDATA[平衡液]]></desc></option></options><answers><![CDATA[E]]></answers></question><question><type>1</type><format>text</format><desc><![CDATA[10.邓某，男，30岁。胃溃疡病人穿孔36小时，处于中毒性休克状态，最佳处理措施是]]></desc><options><option><id>A</id><type>text</type><desc><![CDATA[治疗休克为主，同时抗感染]]></desc></option><option><id>B</id><type>text</type><desc><![CDATA[纠正酸碱平衡]]></desc></option><option><id>C</id><type>text</type><desc><![CDATA[应用血管扩张药]]></desc></option><option><id>D</id><type>text</type><desc><![CDATA[静脉滴注碳酸氢钠，应用抗菌药]]></desc></option><option><id>E</id><type>text</type><desc><![CDATA[静脉补充血容量]]></desc></option></options><answers><![CDATA[A]]></answers></question><question><type>1</type><format>text</format><desc><![CDATA[11.潘某，女，42岁。因“急性梗阻性化脓性胆管炎”急诊入院，黄疸明显，体温高达41.2℃，脉搏119次/分，血压84/66mmHg，其休克类型是]]></desc><options><option><id>A</id><type>text</type><desc><![CDATA[感染性休克]]></desc></option><option><id>B</id><type>text</type><desc><![CDATA[低血容量性休克]]></desc></option><option><id>C</id><type>text</type><desc><![CDATA[心源性休克]]></desc></option><option><id>D</id><type>text</type><desc><![CDATA[神经性休克]]></desc></option><option><id>E</id><type>text</type><desc><![CDATA[过敏性休克]]></desc></option></options><answers><![CDATA[A]]></answers></question><question><type>1</type><format>html</format><desc><![CDATA[12.郭某，男性，30岁。胸腹背部大面积烧伤8小时。查体：BP 68/50mmHg，P 121次/分，CVP 2.5cmH<sub>2</sub>O，尿量15ml/h，诊断为烧伤并发休克。应立即采取的治疗措施是]]></desc><options><option><id>A</id><type>text</type><desc><![CDATA[扩充血容量]]></desc></option><option><id>B</id><type>text</type><desc><![CDATA[应用强心药]]></desc></option><option><id>C</id><type>text</type><desc><![CDATA[纠正酸中毒]]></desc></option><option><id>D</id><type>text</type><desc><![CDATA[给予糖皮质激素]]></desc></option><option><id>E</id><type>text</type><desc><![CDATA[使用血管活性药物]]></desc></option></options><answers><![CDATA[A]]></answers></question><question><type>1</type><format>text</format><desc><![CDATA[13.闫某，女性，40岁。因车祸腹部撞伤，就诊时血压74/59mmhg，P 100次/分，烦躁不安，皮肤黏膜发绀，多处出现瘀点和瘀斑，四肢发冷，腹穿有不凝固的血液抽出。病人皮肤黏膜出现瘀斑的原因是]]></desc><options><option><id>A</id><type>text</type><desc><![CDATA[血管痉挛]]></desc></option><option><id>B</id><type>text</type><desc><![CDATA[酸中毒]]></desc></option><option><id>C</id><type>text</type><desc><![CDATA[血管过度扩张]]></desc></option><option><id>D</id><type>text</type><desc><![CDATA[弥散性血和内凝血（DIC）]]></desc></option><option><id>E</id><type>text</type><desc><![CDATA[多系统器官功能衰竭]]></desc></option></options><answers><![CDATA[D]]></answers></question><question><type>1</type><format>text</format><desc><![CDATA[14.李某，男性，39岁。因车祸发生脾破裂，急诊入院。T 36.4℃，BP 70/52mmHg，P 100次/分，R 26次/分。病人口渴，皮肤苍白，四肢湿冷，烦躁不安。该病人的休克指数为]]></desc><options><option><id>A</id><type>text</type><desc><![CDATA[＜0.5]]></desc></option><option><id>B</id><type>text</type><desc><![CDATA[0.5～1.0]]></desc></option><option><id>C</id><type>text</type><desc><![CDATA[1.0～1.5]]></desc></option><option><id>D</id><type>text</type><desc><![CDATA[1.5～2.0]]></desc></option><option><id>E</id><type>text</type><desc><![CDATA[＞2.0]]></desc></option></options><answers><![CDATA[C]]></answers></question><question><type>1</type><format>text</format><desc><![CDATA[15.范某，男，30岁。因脾破裂后并发休克，针对该病人的救治原则是]]></desc><options><option><id>A</id><type>text</type><desc><![CDATA[边抗休克，边手术]]></desc></option><option><id>B</id><type>text</type><desc><![CDATA[补充平衡盐溶液]]></desc></option><option><id>C</id><type>text</type><desc><![CDATA[继续观察]]></desc></option><option><id>D</id><type>text</type><desc><![CDATA[大量输血]]></desc></option><option><id>E</id><type>text</type><desc><![CDATA[休克纠正后再手术]]></desc></option></options><answers><![CDATA[A]]></answers></question></questions></exam>