﻿<?xml version="1.0" encoding="UTF-8"?><exam><id>20180725112934</id><questions><instructions><![CDATA[A1型题]]></instructions><question><type>1</type><format>text</format><desc><![CDATA[1.消化性溃疡外科治疗的主要指征包括]]></desc><options><option><id>A</id><type>text</type><desc><![CDATA[急性穿孔]]></desc></option><option><id>B</id><type>text</type><desc><![CDATA[大出血]]></desc></option><option><id>C</id><type>text</type><desc><![CDATA[瘢痕性幽门梗阻]]></desc></option><option><id>D</id><type>text</type><desc><![CDATA[胃溃疡恶性变]]></desc></option><option><id>E</id><type>text</type><desc><![CDATA[以上都是]]></desc></option></options><answers><![CDATA[E]]></answers></question><question><type>1</type><format>text</format><desc><![CDATA[2.胃溃疡大出血好发于]]></desc><options><option><id>A</id><type>text</type><desc><![CDATA[贲门部]]></desc></option><option><id>B</id><type>text</type><desc><![CDATA[胃大弯]]></desc></option><option><id>C</id><type>text</type><desc><![CDATA[胃小弯]]></desc></option><option><id>D</id><type>text</type><desc><![CDATA[幽门部]]></desc></option><option><id>E</id><type>text</type><desc><![CDATA[胃窦部]]></desc></option></options><answers><![CDATA[C]]></answers></question><question><type>1</type><format>text</format><desc><![CDATA[3.十二指肠溃疡穿孔多见于]]></desc><options><option><id>A</id><type>text</type><desc><![CDATA[球部后壁]]></desc></option><option><id>B</id><type>text</type><desc><![CDATA[降部]]></desc></option><option><id>C</id><type>text</type><desc><![CDATA[水平部]]></desc></option><option><id>D</id><type>text</type><desc><![CDATA[升部]]></desc></option><option><id>E</id><type>text</type><desc><![CDATA[球部前壁]]></desc></option></options><answers><![CDATA[E]]></answers></question><question><type>1</type><format>text</format><desc><![CDATA[4.上消化道出血的主要症状是]]></desc><options><option><id>A</id><type>text</type><desc><![CDATA[恶心、呕吐]]></desc></option><option><id>B</id><type>text</type><desc><![CDATA[呕血、黑便]]></desc></option><option><id>C</id><type>text</type><desc><![CDATA[头晕、目眩]]></desc></option><option><id>D</id><type>text</type><desc><![CDATA[脉搏细速]]></desc></option><option><id>E</id><type>text</type><desc><![CDATA[呼吸浅快]]></desc></option></options><answers><![CDATA[B]]></answers></question><question><type>1</type><format>text</format><desc><![CDATA[5.胃十二指肠溃疡瘢痕性幽门梗阻的主要表现是]]></desc><options><option><id>A</id><type>text</type><desc><![CDATA[嗳气、恶心、呕吐]]></desc></option><option><id>B</id><type>text</type><desc><![CDATA[少尿、便秘]]></desc></option><option><id>C</id><type>text</type><desc><![CDATA[阵发性胃收缩痛]]></desc></option><option><id>D</id><type>text</type><desc><![CDATA[呕吐宿食与腹部胀痛]]></desc></option><option><id>E</id><type>text</type><desc><![CDATA[低钾低氯性碱中毒]]></desc></option></options><answers><![CDATA[D]]></answers></question><question><type>1</type><format>text</format><desc><![CDATA[6.进展期胃癌最常见的临床症状是]]></desc><options><option><id>A</id><type>text</type><desc><![CDATA[疼痛和体重减轻]]></desc></option><option><id>B</id><type>text</type><desc><![CDATA[进食后饱胀]]></desc></option><option><id>C</id><type>text</type><desc><![CDATA[食欲减退、乏力]]></desc></option><option><id>D</id><type>text</type><desc><![CDATA[恶心、呕吐]]></desc></option><option><id>E</id><type>text</type><desc><![CDATA[贫血、消瘦]]></desc></option></options><answers><![CDATA[A]]></answers></question></questions><questions><instructions><![CDATA[A2型题]]></instructions><question><type>1</type><format>text</format><desc><![CDATA[7.李某，男，32岁。饱食后突发上腹部刀割样剧痛，呈持续性加重，病人面色苍白、出冷汗，可能诊断为]]></desc><options><option><id>A</id><type>text</type><desc><![CDATA[慢性萎缩性胃炎]]></desc></option><option><id>B</id><type>text</type><desc><![CDATA[胃十二指肠溃疡急性穿孔]]></desc></option><option><id>C</id><type>text</type><desc><![CDATA[胃十二指肠溃疡大出血]]></desc></option><option><id>D</id><type>text</type><desc><![CDATA[胃十二指肠溃疡瘢痕性幽门梗阻]]></desc></option><option><id>E</id><type>text</type><desc><![CDATA[急性胰腺炎]]></desc></option></options><answers><![CDATA[B]]></answers></question><question><type>1</type><format>html</format><desc><![CDATA[8.刘某，男，37岁。胃十二指肠溃疡急性穿孔术后，下列护理措施<u><b>错误</b></u>的是]]></desc><options><option><id>A</id><type>text</type><desc><![CDATA[血压平稳后取低半卧位]]></desc></option><option><id>B</id><type>text</type><desc><![CDATA[准确记录24小时出入水量]]></desc></option><option><id>C</id><type>text</type><desc><![CDATA[少进食牛奶、豆类等产气食物]]></desc></option><option><id>D</id><type>text</type><desc><![CDATA[拔除胃管后进食少量普食]]></desc></option><option><id>E</id><type>text</type><desc><![CDATA[妥善固定胃肠减压管和引流管]]></desc></option></options><answers><![CDATA[D]]></answers></question><question><type>1</type><format>html</format><desc><![CDATA[9.孟某，女，51岁。因上腹部不适、进食后饱胀、体重减轻入院，诊断为胃癌，手术治疗拟于今日出院，病人健康指导<u><b>错误</b></u>的是]]></desc><options><option><id>A</id><type>text</type><desc><![CDATA[保持乐观态度]]></desc></option><option><id>B</id><type>text</type><desc><![CDATA[饮食定时定量]]></desc></option><option><id>C</id><type>text</type><desc><![CDATA[出院后即可正常饮食]]></desc></option><option><id>D</id><type>text</type><desc><![CDATA[少食腌、熏制食品]]></desc></option><option><id>E</id><type>text</type><desc><![CDATA[注意休息、避免过劳]]></desc></option></options><answers><![CDATA[C]]></answers></question><question><type>1</type><format>text</format><desc><![CDATA[10.王某，男，41岁。既往有胃十二指肠溃疡史，未予重视。近日因头痛，自服阿司匹林缓解症状，今晨突发呕血，伴有黑便，急诊入院，可能诊断为]]></desc><options><option><id>A</id><type>text</type><desc><![CDATA[慢性萎缩性胃炎]]></desc></option><option><id>B</id><type>text</type><desc><![CDATA[胃十二指肠溃疡急性穿孔]]></desc></option><option><id>C</id><type>text</type><desc><![CDATA[胃十二指肠溃疡大出血]]></desc></option><option><id>D</id><type>text</type><desc><![CDATA[胃十二指肠溃疡瘢痕性幽门梗阻]]></desc></option><option><id>E</id><type>text</type><desc><![CDATA[急性胰腺炎]]></desc></option></options><answers><![CDATA[C]]></answers></question><question><type>1</type><format>text</format><desc><![CDATA[11.马某，男，36岁。既往有胃十二指肠溃疡史，因近日呕吐宿食与腹部胀痛收治入院，行盐水负荷试验，空腹情况下置胃管，注入0.9%氯化钠溶液700ml，30分钟后经胃管回吸，回吸液体超过多少毫升，提示幽门梗阻]]></desc><options><option><id>A</id><type>text</type><desc><![CDATA[350]]></desc></option><option><id>B</id><type>text</type><desc><![CDATA[400]]></desc></option><option><id>C</id><type>text</type><desc><![CDATA[450]]></desc></option><option><id>D</id><type>text</type><desc><![CDATA[500]]></desc></option><option><id>E</id><type>text</type><desc><![CDATA[600]]></desc></option></options><answers><![CDATA[A]]></answers></question><question><type>1</type><format>text</format><desc><![CDATA[12.张某，男，42岁。因幽门梗阻拟行手术治疗，术前3天，每晚需用多少毫升生理盐水洗胃，以减轻胃壁水肿和炎症，以利于术后吻合口愈合。]]></desc><options><option><id>A</id><type>text</type><desc><![CDATA[100～150]]></desc></option><option><id>B</id><type>text</type><desc><![CDATA[150～200]]></desc></option><option><id>C</id><type>text</type><desc><![CDATA[200～250]]></desc></option><option><id>D</id><type>text</type><desc><![CDATA[250～300]]></desc></option><option><id>E</id><type>text</type><desc><![CDATA[300～500]]></desc></option></options><answers><![CDATA[E]]></answers></question><question><type>1</type><format>html</format><desc><![CDATA[13.卢某，女，36岁。近3个月自觉上腹部不适、进食后饱胀，为明确诊断收治入院，行纤维胃镜检查后诊断为胃癌，拟行手术治疗，其术后护理措施<u><b>错误</b></u>的是]]></desc><options><option><id>A</id><type>text</type><desc><![CDATA[病情允许时，鼓励病人早期活动]]></desc></option><option><id>B</id><type>text</type><desc><![CDATA[术后可从半流质饮食开始过渡]]></desc></option><option><id>C</id><type>text</type><desc><![CDATA[准确记录24小时出入水量]]></desc></option><option><id>D</id><type>text</type><desc><![CDATA[妥善固定胃肠减压管和引流管，防止脱出]]></desc></option><option><id>E</id><type>text</type><desc><![CDATA[根据疼痛情况，适当应用止痛药物]]></desc></option></options><answers><![CDATA[B]]></answers></question><question><type>1</type><format>html</format><desc><![CDATA[14.华某，男，49岁。胃十二指肠溃疡病史5年余，自服中药治疗。近日有呕吐宿食、腹部胀痛的表现，呕吐后自觉腹胀明显缓解。考虑是胃十二指肠溃疡瘢痕性幽门梗阻。对该病人处理原则<u><b>错误</b></u>的是]]></desc><options><option><id>A</id><type>text</type><desc><![CDATA[手术治疗]]></desc></option><option><id>B</id><type>text</type><desc><![CDATA[禁食、胃肠减压]]></desc></option><option><id>C</id><type>text</type><desc><![CDATA[改善营养状况]]></desc></option><option><id>D</id><type>text</type><desc><![CDATA[以冰生理盐水洗胃]]></desc></option><option><id>E</id><type>text</type><desc><![CDATA[纠正低钾低氯性碱中毒]]></desc></option></options><answers><![CDATA[D]]></answers></question></questions></exam>