﻿<?xml version="1.0" encoding="UTF-8"?><exam><id>20180725154106</id><questions><instructions><![CDATA[A1型题]]></instructions><question><type>1</type><format>text</format><desc><![CDATA[1.大疱性类天疱疮的疱位于]]></desc><options><option><id>A</id><type>text</type><desc><![CDATA[角层下]]></desc></option><option><id>B</id><type>text</type><desc><![CDATA[棘层上方]]></desc></option><option><id>C</id><type>text</type><desc><![CDATA[基底层上方]]></desc></option><option><id>D</id><type>text</type><desc><![CDATA[表皮下]]></desc></option><option><id>E</id><type>text</type><desc><![CDATA[颗粒层下方]]></desc></option></options><answers><![CDATA[D]]></answers></question><question><type>1</type><format>text</format><desc><![CDATA[2.天疱疮属于]]></desc><options><option><id>A</id><type>text</type><desc><![CDATA[变态反应性疾病]]></desc></option><option><id>B</id><type>text</type><desc><![CDATA[感染性疾病]]></desc></option><option><id>C</id><type>text</type><desc><![CDATA[免疫缺陷病]]></desc></option><option><id>D</id><type>text</type><desc><![CDATA[自身免疫病]]></desc></option><option><id>E</id><type>text</type><desc><![CDATA[性传播疾病]]></desc></option></options><answers><![CDATA[D]]></answers></question><question><type>1</type><format>html</format><desc><![CDATA[3.下列<u><b>不是</b></u>天疱疮的临床类型的是]]></desc><options><option><id>A</id><type>text</type><desc><![CDATA[寻常型]]></desc></option><option><id>B</id><type>text</type><desc><![CDATA[疱疹型]]></desc></option><option><id>C</id><type>text</type><desc><![CDATA[增殖型]]></desc></option><option><id>D</id><type>text</type><desc><![CDATA[大疱型]]></desc></option><option><id>E</id><type>text</type><desc><![CDATA[副肿瘤性天疱疮]]></desc></option></options><answers><![CDATA[D]]></answers></question><question><type>1</type><format>text</format><desc><![CDATA[4.大疱性类天疱疮的靶抗原位于]]></desc><options><option><id>A</id><type>text</type><desc><![CDATA[桥粒]]></desc></option><option><id>B</id><type>text</type><desc><![CDATA[半桥粒]]></desc></option><option><id>C</id><type>text</type><desc><![CDATA[透明板]]></desc></option><option><id>D</id><type>text</type><desc><![CDATA[致密板]]></desc></option><option><id>E</id><type>text</type><desc><![CDATA[细胞核]]></desc></option></options><answers><![CDATA[B]]></answers></question><question><type>1</type><format>text</format><desc><![CDATA[5.大疱性类天疱疮的描述正确的是]]></desc><options><option><id>A</id><type>text</type><desc><![CDATA[发生于青少年]]></desc></option><option><id>B</id><type>text</type><desc><![CDATA[基底膜带免疫球蛋白沉积]]></desc></option><option><id>C</id><type>text</type><desc><![CDATA[表皮内水疱]]></desc></option><option><id>D</id><type>text</type><desc><![CDATA[水疱壁薄，易破]]></desc></option><option><id>E</id><type>text</type><desc><![CDATA[本病进程较快]]></desc></option></options><answers><![CDATA[B]]></answers></question><question><type>1</type><format>text</format><desc><![CDATA[6.天疱疮的临床特点是]]></desc><options><option><id>A</id><type>text</type><desc><![CDATA[疱壁薄的大亮疱]]></desc></option><option><id>B</id><type>text</type><desc><![CDATA[很少出现皮损]]></desc></option><option><id>C</id><type>text</type><desc><![CDATA[易发生瘢痕粘连]]></desc></option><option><id>D</id><type>text</type><desc><![CDATA[疱壁厚的大血疱]]></desc></option><option><id>E</id><type>text</type><desc><![CDATA[边缘扩展阴性]]></desc></option></options><answers><![CDATA[A]]></answers></question><question><type>1</type><format>text</format><desc><![CDATA[7.天疱疮是]]></desc><options><option><id>A</id><type>text</type><desc><![CDATA[慢性大疱性皮肤黏膜疾病]]></desc></option><option><id>B</id><type>text</type><desc><![CDATA[细菌性疾病]]></desc></option><option><id>C</id><type>text</type><desc><![CDATA[过敏性疾病]]></desc></option><option><id>D</id><type>text</type><desc><![CDATA[病毒性疾病]]></desc></option><option><id>E</id><type>text</type><desc><![CDATA[传染性疾病]]></desc></option></options><answers><![CDATA[A]]></answers></question><question><type>1</type><format>text</format><desc><![CDATA[8.天疱疮是哪一层细胞松解所致]]></desc><options><option><id>A</id><type>text</type><desc><![CDATA[基底层]]></desc></option><option><id>B</id><type>text</type><desc><![CDATA[透明]]></desc></option><option><id>C</id><type>text</type><desc><![CDATA[颗粒层]]></desc></option><option><id>D</id><type>text</type><desc><![CDATA[棘细胞层]]></desc></option><option><id>E</id><type>text</type><desc><![CDATA[角质层]]></desc></option></options><answers><![CDATA[D]]></answers></question><question><type>1</type><format>text</format><desc><![CDATA[9.寻常型天疱疮和大疱性类天疱疮的相同点]]></desc><options><option><id>A</id><type>text</type><desc><![CDATA[松弛性水疱]]></desc></option><option><id>B</id><type>text</type><desc><![CDATA[棘细胞松解]]></desc></option><option><id>C</id><type>text</type><desc><![CDATA[血清中有抗表皮细胞间抗体]]></desc></option><option><id>D</id><type>text</type><desc><![CDATA[用皮质类固醇激素治疗有效]]></desc></option><option><id>E</id><type>text</type><desc><![CDATA[尼氏征阳性]]></desc></option></options><answers><![CDATA[D]]></answers></question><question><type>1</type><format>html</format><desc><![CDATA[10.关于天疱疮的病因和发病机制，<u><b>错误</b></u>的是]]></desc><options><option><id>A</id><type>text</type><desc><![CDATA[多数认为是自身免疫性皮肤病]]></desc></option><option><id>B</id><type>text</type><desc><![CDATA[棘细胞间可测出天疱疮抗体]]></desc></option><option><id>C</id><type>text</type><desc><![CDATA[棘层细胞相互分离]]></desc></option><option><id>D</id><type>text</type><desc><![CDATA[血中抗体的滴度与疾病严重程度无关]]></desc></option><option><id>E</id><type>text</type><desc><![CDATA[与内脏肿瘤有关]]></desc></option></options><answers><![CDATA[D]]></answers></question><question><type>1</type><format>text</format><desc><![CDATA[11.关于寻常型天疱疮的描述正确的是]]></desc><options><option><id>A</id><type>text</type><desc><![CDATA[临床较少见]]></desc></option><option><id>B</id><type>text</type><desc><![CDATA[多见于年轻人]]></desc></option><option><id>C</id><type>text</type><desc><![CDATA[疱壁薄而松弛易破]]></desc></option><option><id>D</id><type>text</type><desc><![CDATA[皮损好发于会会阴部]]></desc></option><option><id>E</id><type>text</type><desc><![CDATA[病情一般较轻]]></desc></option></options><answers><![CDATA[C]]></answers></question><question><type>1</type><format>text</format><desc><![CDATA[12.天疱疮治疗关键在于]]></desc><options><option><id>A</id><type>text</type><desc><![CDATA[大疱的消毒处理]]></desc></option><option><id>B</id><type>text</type><desc><![CDATA[糖皮质激素等免疫抑制剂的准确应用]]></desc></option><option><id>C</id><type>text</type><desc><![CDATA[抗生素的用量]]></desc></option><option><id>D</id><type>text</type><desc><![CDATA[高蛋白的应用]]></desc></option><option><id>E</id><type>text</type><desc><![CDATA[变态反应的控]]></desc></option></options><answers><![CDATA[B]]></answers></question><question><type>1</type><format>text</format><desc><![CDATA[13.下列疾病的基本病理有棘层松解的是]]></desc><options><option><id>A</id><type>text</type><desc><![CDATA[寻常型天疱疮]]></desc></option><option><id>B</id><type>text</type><desc><![CDATA[类天疱疮]]></desc></option><option><id>C</id><type>text</type><desc><![CDATA[接触性皮炎]]></desc></option><option><id>D</id><type>text</type><desc><![CDATA[多形红斑]]></desc></option><option><id>E</id><type>text</type><desc><![CDATA[大疱性类天疱疮]]></desc></option></options><answers><![CDATA[A<b></b>]]></answers></question></questions><questions><instructions><![CDATA[A2型题]]></instructions><question><type>1</type><format>html</format><desc><![CDATA[14.杨某，男，42岁。口腔水疱和糜烂5个月，胸背部出现大片大小不一的水疱1周，伴畏寒、发热。疱壁薄而松弛，尼氏征阳性，局部可见糜烂面和明显渗出，所结的黄褐痂带有腥臭味。诊断为天疱疮。下列处理措施中<u><b>不妥</b></u>的是]]></desc><options><option><id>A</id><type>text</type><desc><![CDATA[及早、足量使用皮质类固醇激素]]></desc></option><option><id>B</id><type>text</type><desc><![CDATA[皮损处采用暴露疗法]]></desc></option><option><id>C</id><type>text</type><desc><![CDATA[严格控制液体摄入以减少水疱发生]]></desc></option><option><id>D</id><type>text</type><desc><![CDATA[及时选用抗生素防治感染]]></desc></option><option><id>E</id><type>text</type><desc><![CDATA[供给高蛋白、高热量、高维生素饮食]]></desc></option></options><answers><![CDATA[C]]></answers></question><question><type>1</type><format>html</format><desc><![CDATA[15.王某，男，53岁。患天疱疮住院治疗。对该病人的护理措施中<u><b>错误</b></u>的是]]></desc><options><option><id>A</id><type>text</type><desc><![CDATA[解释病情]]></desc></option><option><id>B</id><type>text</type><desc><![CDATA[低蛋白、高热量饮食]]></desc></option><option><id>C</id><type>text</type><desc><![CDATA[嘱病人穿松软棉制内衣]]></desc></option><option><id>D</id><type>text</type><desc><![CDATA[病室内每日通风]]></desc></option><option><id>E</id><type>text</type><desc><![CDATA[创面护理时严格执行无菌原则]]></desc></option></options><answers><![CDATA[B]]></answers></question><question><type>1</type><format>html</format><desc><![CDATA[16.李某，女，37岁。2个月前开始有口腔黏膜糜烂，经维生素口服、漱口等治疗后，损害扩大、疼痛、进食困难。近来面颊和胸部发生水疱，而来皮肤科就诊。水疱病检为表皮内水疱，疱内有细胞间桥消失的表皮细胞。下列<u><b>不是</b></u>该疾病水疱应有的特征的是]]></desc><options><option><id>A</id><type>text</type><desc><![CDATA[疱壁顶部易撕脱]]></desc></option><option><id>B</id><type>text</type><desc><![CDATA[疱顶方向受压向四周正常皮肤扩散]]></desc></option><option><id>C</id><type>text</type><desc><![CDATA[可推动水疱移动]]></desc></option><option><id>D</id><type>text</type><desc><![CDATA[疱紧实不易破]]></desc></option><option><id>E</id><type>text</type><desc><![CDATA[疱易破呈糜烂面]]></desc></option></options><answers><![CDATA[D]]></answers></question></questions></exam>