﻿<?xml version="1.0" encoding="UTF-8"?><exam><id>20180725112801</id><questions><instructions><![CDATA[A1型题]]></instructions><question><type>1</type><format>html</format><desc><![CDATA[1.继发性化脓性腹膜炎的病因<u><b>不包括</b></u>]]></desc><options><option><id>A</id><type>text</type><desc><![CDATA[消化道急性穿孔]]></desc></option><option><id>B</id><type>text</type><desc><![CDATA[腹腔内急性炎症与感染]]></desc></option><option><id>C</id><type>text</type><desc><![CDATA[绞窄性肠梗阻]]></desc></option><option><id>D</id><type>text</type><desc><![CDATA[泌尿道逆行感染]]></desc></option><option><id>E</id><type>text</type><desc><![CDATA[腹部外伤]]></desc></option></options><answers><![CDATA[D]]></answers></question><question><type>1</type><format>text</format><desc><![CDATA[2.急性化脓性腹膜炎最主要的症状是]]></desc><options><option><id>A</id><type>text</type><desc><![CDATA[恶心]]></desc></option><option><id>B</id><type>text</type><desc><![CDATA[呕吐]]></desc></option><option><id>C</id><type>text</type><desc><![CDATA[腹痛]]></desc></option><option><id>D</id><type>text</type><desc><![CDATA[体温升高]]></desc></option><option><id>E</id><type>text</type><desc><![CDATA[呼吸浅快]]></desc></option></options><answers><![CDATA[C]]></answers></question><question><type>1</type><format>text</format><desc><![CDATA[3.病人进行胃肠减压的目的是]]></desc><options><option><id>A</id><type>text</type><desc><![CDATA[抽出胃肠道内容物和气体]]></desc></option><option><id>B</id><type>text</type><desc><![CDATA[减少消化道内容物继续流入腹腔]]></desc></option><option><id>C</id><type>text</type><desc><![CDATA[减少胃内积气和积液]]></desc></option><option><id>D</id><type>text</type><desc><![CDATA[改善胃肠壁的血运]]></desc></option><option><id>E</id><type>text</type><desc><![CDATA[以上都是]]></desc></option></options><answers><![CDATA[E]]></answers></question><question><type>1</type><format>text</format><desc><![CDATA[4.闭合性腹部损伤最常受损的脏器是]]></desc><options><option><id>A</id><type>text</type><desc><![CDATA[脾破裂]]></desc></option><option><id>B</id><type>text</type><desc><![CDATA[肝破裂]]></desc></option><option><id>C</id><type>text</type><desc><![CDATA[胰腺损伤]]></desc></option><option><id>D</id><type>text</type><desc><![CDATA[胃十二指肠损伤]]></desc></option><option><id>E</id><type>text</type><desc><![CDATA[结直肠损伤]]></desc></option></options><answers><![CDATA[A]]></answers></question><question><type>1</type><format>text</format><desc><![CDATA[5.急性化脓性腹膜炎病情恶化的重要指标是]]></desc><options><option><id>A</id><type>text</type><desc><![CDATA[腹部压痛]]></desc></option><option><id>B</id><type>text</type><desc><![CDATA[腹胀加重]]></desc></option><option><id>C</id><type>text</type><desc><![CDATA[腹部反跳痛]]></desc></option><option><id>D</id><type>text</type><desc><![CDATA[腹肌紧张]]></desc></option><option><id>E</id><type>text</type><desc><![CDATA[腹胀减轻]]></desc></option></options><answers><![CDATA[B]]></answers></question><question><type>1</type><format>text</format><desc><![CDATA[6.腹膜炎的标志性体征是]]></desc><options><option><id>A</id><type>text</type><desc><![CDATA[腹胀]]></desc></option><option><id>B</id><type>text</type><desc><![CDATA[高热]]></desc></option><option><id>C</id><type>text</type><desc><![CDATA[面色苍白]]></desc></option><option><id>D</id><type>text</type><desc><![CDATA[呼吸急促]]></desc></option><option><id>E</id><type>text</type><desc><![CDATA[腹膜刺激征]]></desc></option></options><answers><![CDATA[E]]></answers></question></questions><questions><instructions><![CDATA[A2型题]]></instructions><question><type>1</type><format>text</format><desc><![CDATA[7.王某，女，35岁。因突发腹痛入院，X线检查表现为膈下新月形阴影，可能诊断为]]></desc><options><option><id>A</id><type>text</type><desc><![CDATA[结直肠穿孔]]></desc></option><option><id>B</id><type>text</type><desc><![CDATA[腹膜后十二指肠穿孔]]></desc></option><option><id>C</id><type>text</type><desc><![CDATA[脾破裂]]></desc></option><option><id>D</id><type>text</type><desc><![CDATA[胃、十二指肠破裂]]></desc></option><option><id>E</id><type>text</type><desc><![CDATA[肝破裂]]></desc></option></options><answers><![CDATA[D]]></answers></question><question><type>1</type><format>html</format><desc><![CDATA[8.刘某，男，43岁。突发剧烈腹痛，急诊入院，诊断不明，下列护理措施<u><b>错误</b></u>的是]]></desc><options><option><id>A</id><type>text</type><desc><![CDATA[病情观察]]></desc></option><option><id>B</id><type>text</type><desc><![CDATA[适当吗啡止痛]]></desc></option><option><id>C</id><type>text</type><desc><![CDATA[禁食]]></desc></option><option><id>D</id><type>text</type><desc><![CDATA[静脉补液]]></desc></option><option><id>E</id><type>text</type><desc><![CDATA[合理应用抗生素]]></desc></option></options><answers><![CDATA[B]]></answers></question><question><type>1</type><format>html</format><desc><![CDATA[9.徐某，女，32岁。既往有胃溃疡史，今晨突发胃急性穿孔，急诊入院后行手术治疗，其术后护理措施<u><b>错误</b></u>的是]]></desc><options><option><id>A</id><type>text</type><desc><![CDATA[术后定时监测生命体征]]></desc></option><option><id>B</id><type>text</type><desc><![CDATA[禁食期间不必口腔护理]]></desc></option><option><id>C</id><type>text</type><desc><![CDATA[术后继续禁食、胃肠减压]]></desc></option><option><id>D</id><type>text</type><desc><![CDATA[密切观察切口敷料情况]]></desc></option><option><id>E</id><type>text</type><desc><![CDATA[根据医嘱合理补充液体、电解质]]></desc></option></options><answers><![CDATA[B]]></answers></question><question><type>1</type><format>html</format><desc><![CDATA[10.李某，男，28岁。因急性阑尾炎坏疽穿孔引发继发性化脓性腹膜炎，今晨急诊入院，其临床表现的描述<u><b>错误</b></u>的是]]></desc><options><option><id>A</id><type>text</type><desc><![CDATA[腹痛]]></desc></option><option><id>B</id><type>text</type><desc><![CDATA[恶心、呕吐]]></desc></option><option><id>C</id><type>text</type><desc><![CDATA[体温降低]]></desc></option><option><id>D</id><type>text</type><desc><![CDATA[腹胀明显]]></desc></option><option><id>E</id><type>text</type><desc><![CDATA[感染性中毒症状]]></desc></option></options><answers><![CDATA[C]]></answers></question><question><type>1</type><format>text</format><desc><![CDATA[11.郑某，女，35岁。既往有胃溃疡病史，未规律治疗，今晨突发持续性、剧烈腹痛，腹胀明显，伴恶心、呕吐，腹部立位平片显示有膈下游离气体，病人可能发生]]></desc><options><option><id>A</id><type>text</type><desc><![CDATA[脾破裂]]></desc></option><option><id>B</id><type>text</type><desc><![CDATA[肝破裂]]></desc></option><option><id>C</id><type>text</type><desc><![CDATA[胃溃疡急性穿孔]]></desc></option><option><id>D</id><type>text</type><desc><![CDATA[小肠破裂]]></desc></option><option><id>E</id><type>text</type><desc><![CDATA[胰腺破裂]]></desc></option></options><answers><![CDATA[C]]></answers></question><question><type>1</type><format>text</format><desc><![CDATA[12.马某，男，24岁。因车祸撞伤左上腹，出现腹痛、面色苍白、出冷汗、脉搏细速、血压下降，病人损伤的部位脏器可能为]]></desc><options><option><id>A</id><type>text</type><desc><![CDATA[脾脏]]></desc></option><option><id>B</id><type>text</type><desc><![CDATA[肝脏]]></desc></option><option><id>C</id><type>text</type><desc><![CDATA[胃]]></desc></option><option><id>D</id><type>text</type><desc><![CDATA[十二指肠]]></desc></option><option><id>E</id><type>text</type><desc><![CDATA[结直肠]]></desc></option></options><answers><![CDATA[A]]></answers></question><question><type>1</type><format>text</format><desc><![CDATA[13.陈某，男，28岁。3小时前被拳击伤腹部，主诉腹部剧烈疼痛，入院后各项检查尚未完善，诊断不明确，病人目前的饮食要求为]]></desc><options><option><id>A</id><type>text</type><desc><![CDATA[适量饮水]]></desc></option><option><id>B</id><type>text</type><desc><![CDATA[流质饮食]]></desc></option><option><id>C</id><type>text</type><desc><![CDATA[软食]]></desc></option><option><id>D</id><type>text</type><desc><![CDATA[禁食]]></desc></option><option><id>E</id><type>text</type><desc><![CDATA[普食]]></desc></option></options><answers><![CDATA[D]]></answers></question></questions></exam>