﻿<?xml version="1.0" encoding="UTF-8"?><exam><id>20180725112630</id><questions><instructions><![CDATA[A1型题]]></instructions><question><type>1</type><format>text</format><desc><![CDATA[1.最常见的腹外疝是]]></desc><options><option><id>A</id><type>text</type><desc><![CDATA[脐疝]]></desc></option><option><id>B</id><type>text</type><desc><![CDATA[切口疝]]></desc></option><option><id>C</id><type>text</type><desc><![CDATA[腹股沟斜疝]]></desc></option><option><id>D</id><type>text</type><desc><![CDATA[腹股沟直疝]]></desc></option><option><id>E</id><type>text</type><desc><![CDATA[股疝]]></desc></option></options><answers><![CDATA[C]]></answers></question><question><type>1</type><format>text</format><desc><![CDATA[2.腹外疝内容物最常见的是]]></desc><options><option><id>A</id><type>text</type><desc><![CDATA[小肠]]></desc></option><option><id>B</id><type>text</type><desc><![CDATA[盲肠]]></desc></option><option><id>C</id><type>text</type><desc><![CDATA[大网膜]]></desc></option><option><id>D</id><type>text</type><desc><![CDATA[阑尾]]></desc></option><option><id>E</id><type>text</type><desc><![CDATA[膀胱]]></desc></option></options><answers><![CDATA[A]]></answers></question><question><type>1</type><format>text</format><desc><![CDATA[3.腹外疝疝环是指]]></desc><options><option><id>A</id><type>text</type><desc><![CDATA[疝内容物突出的部分]]></desc></option><option><id>B</id><type>text</type><desc><![CDATA[疝外被盖组织]]></desc></option><option><id>C</id><type>text</type><desc><![CDATA[壁层腹膜的一部分]]></desc></option><option><id>D</id><type>text</type><desc><![CDATA[疝囊颈部]]></desc></option><option><id>E</id><type>text</type><desc><![CDATA[腹壁缺损或薄弱处]]></desc></option></options><answers><![CDATA[E]]></answers></question><question><type>1</type><format>html</format><desc><![CDATA[4.腹内压力增高的常见因素<u><b>不包括</b></u>]]></desc><options><option><id>A</id><type>text</type><desc><![CDATA[慢性咳嗽]]></desc></option><option><id>B</id><type>text</type><desc><![CDATA[手术切口愈合不良]]></desc></option><option><id>C</id><type>text</type><desc><![CDATA[慢性便秘]]></desc></option><option><id>D</id><type>text</type><desc><![CDATA[排尿困难]]></desc></option><option><id>E</id><type>text</type><desc><![CDATA[腹水]]></desc></option></options><answers><![CDATA[B]]></answers></question><question><type>1</type><format>text</format><desc><![CDATA[5.必须紧急手术治疗的疝是]]></desc><options><option><id>A</id><type>text</type><desc><![CDATA[易复性疝]]></desc></option><option><id>B</id><type>text</type><desc><![CDATA[难复性疝]]></desc></option><option><id>C</id><type>text</type><desc><![CDATA[嵌顿性疝]]></desc></option><option><id>D</id><type>text</type><desc><![CDATA[绞窄性疝]]></desc></option><option><id>E</id><type>text</type><desc><![CDATA[以上都是]]></desc></option></options><answers><![CDATA[D]]></answers></question><question><type>1</type><format>html</format><desc><![CDATA[6.关于腹股沟斜疝的说法<u><b>错误</b></u>的是]]></desc><options><option><id>A</id><type>text</type><desc><![CDATA[多见于儿童及青壮年]]></desc></option><option><id>B</id><type>text</type><desc><![CDATA[精索在疝囊后方]]></desc></option><option><id>C</id><type>text</type><desc><![CDATA[疝块外形呈半球形，基底较宽]]></desc></option><option><id>D</id><type>text</type><desc><![CDATA[经腹股沟管突出，可进阴囊]]></desc></option><option><id>E</id><type>text</type><desc><![CDATA[嵌顿机会较多]]></desc></option></options><answers><![CDATA[C]]></answers></question></questions><questions><instructions><![CDATA[A2型题]]></instructions><question><type>1</type><format>text</format><desc><![CDATA[7.李某，女，28岁。自觉腹股沟区有一突出的肿块，偶有胀痛，呈带蒂柄的梨形，常在站立、行走、咳嗽出现，李女士可能患有]]></desc><options><option><id>A</id><type>text</type><desc><![CDATA[易复性斜疝]]></desc></option><option><id>B</id><type>text</type><desc><![CDATA[难复性斜疝]]></desc></option><option><id>C</id><type>text</type><desc><![CDATA[嵌顿性斜疝]]></desc></option><option><id>D</id><type>text</type><desc><![CDATA[绞窄性疝]]></desc></option><option><id>E</id><type>text</type><desc><![CDATA[腹股沟直疝]]></desc></option></options><answers><![CDATA[A]]></answers></question><question><type>1</type><format>html</format><desc><![CDATA[8.患儿李某，2岁。啼哭时脐部有疝块突出，安静时消失，诊断为脐疝，下列说法<u><b>错误</b></u>的是]]></desc><options><option><id>A</id><type>text</type><desc><![CDATA[脐疝以小儿脐疝较为多见]]></desc></option><option><id>B</id><type>text</type><desc><![CDATA[成人脐疝为后天性，较少见]]></desc></option><option><id>C</id><type>text</type><desc><![CDATA[极易发生嵌顿，需尽早手术]]></desc></option><option><id>D</id><type>text</type><desc><![CDATA[非手术治疗常采取绷带压迫法治疗]]></desc></option><option><id>E</id><type>text</type><desc><![CDATA[成人脐疝应采取手术治疗]]></desc></option></options><answers><![CDATA[C]]></answers></question><question><type>1</type><format>text</format><desc><![CDATA[9.张某，男，40岁。行疝修补术后发生切口血肿，下列伤口护理的措施正确的是]]></desc><options><option><id>A</id><type>text</type><desc><![CDATA[切口适当沙袋加压]]></desc></option><option><id>B</id><type>text</type><desc><![CDATA[保持切口敷料清洁、干燥]]></desc></option><option><id>C</id><type>text</type><desc><![CDATA[预防切口感染]]></desc></option><option><id>D</id><type>text</type><desc><![CDATA[保持切口不被大小便污染]]></desc></option><option><id>E</id><type>text</type><desc><![CDATA[以上都对]]></desc></option></options><answers><![CDATA[E]]></answers></question><question><type>1</type><format>text</format><desc><![CDATA[10.刘某，女，45岁。在腹股沟韧带下方卵圆窝处有一半球形突起，久站或咳嗽后出现患处胀痛，刘女士可能患有]]></desc><options><option><id>A</id><type>text</type><desc><![CDATA[切口疝]]></desc></option><option><id>B</id><type>text</type><desc><![CDATA[脐疝]]></desc></option><option><id>C</id><type>text</type><desc><![CDATA[股疝]]></desc></option><option><id>D</id><type>text</type><desc><![CDATA[腹股沟直疝]]></desc></option><option><id>E</id><type>text</type><desc><![CDATA[腹股沟斜疝]]></desc></option></options><answers><![CDATA[C]]></answers></question><question><type>1</type><format>text</format><desc><![CDATA[11.赵某，男，39岁。腹部手术后，切口逐渐隆起，局部出现逐渐增大的肿块，站立时明显，平卧可消失，赵先生可能患有]]></desc><options><option><id>A</id><type>text</type><desc><![CDATA[切口疝]]></desc></option><option><id>B</id><type>text</type><desc><![CDATA[脐疝]]></desc></option><option><id>C</id><type>text</type><desc><![CDATA[股疝]]></desc></option><option><id>D</id><type>text</type><desc><![CDATA[腹股沟直疝]]></desc></option><option><id>E</id><type>text</type><desc><![CDATA[腹股沟斜疝]]></desc></option></options><answers><![CDATA[A]]></answers></question><question><type>1</type><format>text</format><desc><![CDATA[12.周某，女，35岁。平日自觉腹股沟区有突出肿块，因症状较轻，未予重视，今日下午重体力劳动后疝块突然增大，伴有明显疼痛，不能回纳，肿块紧张发硬，且有明显触痛，李女士的诊断可能为]]></desc><options><option><id>A</id><type>text</type><desc><![CDATA[易复性斜疝]]></desc></option><option><id>B</id><type>text</type><desc><![CDATA[难复性斜疝]]></desc></option><option><id>C</id><type>text</type><desc><![CDATA[嵌顿性斜疝]]></desc></option><option><id>D</id><type>text</type><desc><![CDATA[绞窄性疝]]></desc></option><option><id>E</id><type>text</type><desc><![CDATA[腹股沟直疝]]></desc></option></options><answers><![CDATA[C]]></answers></question><question><type>1</type><format>text</format><desc><![CDATA[13.王某，男，78岁。腹股沟区有一半球形疝块，基底较宽，回纳疝块压住深环后，疝块仍可突出，王先生的诊断可能为]]></desc><options><option><id>A</id><type>text</type><desc><![CDATA[易复性斜疝]]></desc></option><option><id>B</id><type>text</type><desc><![CDATA[难复性斜疝]]></desc></option><option><id>C</id><type>text</type><desc><![CDATA[嵌顿性斜疝]]></desc></option><option><id>D</id><type>text</type><desc><![CDATA[绞窄性疝]]></desc></option><option><id>E</id><type>text</type><desc><![CDATA[腹股沟直疝]]></desc></option></options><answers><![CDATA[E]]></answers></question></questions></exam>