﻿<?xml version="1.0" encoding="UTF-8"?><exam><id>20180725152819</id><questions><instructions><![CDATA[A1型题]]></instructions><question><type>1</type><format>html</format><desc><![CDATA[1.以下<u><b>不属于</b></u>疥疮好发部位的是]]></desc><options><option><id>A</id><type>text</type><desc><![CDATA[指缝]]></desc></option><option><id>B</id><type>text</type><desc><![CDATA[肘窝]]></desc></option><option><id>C</id><type>text</type><desc><![CDATA[背部]]></desc></option><option><id>D</id><type>text</type><desc><![CDATA[下腹部]]></desc></option><option><id>E</id><type>text</type><desc><![CDATA[脐周]]></desc></option></options><answers><![CDATA[C]]></answers></question><question><type>1</type><format>html</format><desc><![CDATA[2.疥疮的防治，<u><b>不正确</b></u>的是]]></desc><options><option><id>A</id><type>text</type><desc><![CDATA[一旦确诊应立即隔离，并煮沸消毒衣物和寝具]]></desc></option><option><id>B</id><type>text</type><desc><![CDATA[家庭成员及集体生活者同时治疗]]></desc></option><option><id>C</id><type>text</type><desc><![CDATA[瘙痒严重者可口服镇静止痒药，继发感染者应用抗生素]]></desc></option><option><id>D</id><type>text</type><desc><![CDATA[婴儿可用10%尿素软膏]]></desc></option><option><id>E</id><type>text</type><desc><![CDATA[婴儿可用5%尿素软膏]]></desc></option></options><answers><![CDATA[D]]></answers></question><question><type>1</type><format>text</format><desc><![CDATA[3.疥疮的传染途径是]]></desc><options><option><id>A</id><type>text</type><desc><![CDATA[接触传播]]></desc></option><option><id>B</id><type>text</type><desc><![CDATA[飞沫传播]]></desc></option><option><id>C</id><type>text</type><desc><![CDATA[血液传播]]></desc></option><option><id>D</id><type>text</type><desc><![CDATA[消化道传播]]></desc></option><option><id>E</id><type>text</type><desc><![CDATA[母婴传播]]></desc></option></options><answers><![CDATA[A]]></answers></question><question><type>1</type><format>text</format><desc><![CDATA[4.疥疮易侵入什么部位]]></desc><options><option><id>A</id><type>text</type><desc><![CDATA[头皮]]></desc></option><option><id>B</id><type>text</type><desc><![CDATA[颈部]]></desc></option><option><id>C</id><type>text</type><desc><![CDATA[背部]]></desc></option><option><id>D</id><type>text</type><desc><![CDATA[皮肤薄弱处]]></desc></option><option><id>E</id><type>text</type><desc><![CDATA[面部]]></desc></option></options><answers><![CDATA[D]]></answers></question><question><type>1</type><format>html</format><desc><![CDATA[5.关于疥疮，下列<u><b>错误</b></u>的是]]></desc><options><option><id>A</id><type>text</type><desc><![CDATA[疥疮主要通过人与人直接接触传播，也可通过间接途径传播]]></desc></option><option><id>B</id><type>text</type><desc><![CDATA[疥疮好发于皮肤细嫩部位]]></desc></option><option><id>C</id><type>text</type><desc><![CDATA[疥疮常伴剧烈瘙痒，日间瘙痒强于夜间]]></desc></option><option><id>D</id><type>text</type><desc><![CDATA[皮损为针尖大小的丘疹、丘疱疹]]></desc></option><option><id>E</id><type>text</type><desc><![CDATA[一旦确诊，应立即隔离，并煮沸消毒衣服和寝具]]></desc></option></options><answers><![CDATA[C]]></answers></question><question><type>1</type><format>html</format><desc><![CDATA[6.关于头虱<u><b>错误</b></u>的是]]></desc><options><option><id>A</id><type>text</type><desc><![CDATA[多见于妇女、儿童]]></desc></option><option><id>B</id><type>text</type><desc><![CDATA[虱咬处可见红斑、丘疹]]></desc></option><option><id>C</id><type>text</type><desc><![CDATA[瘙痒不剧烈]]></desc></option><option><id>D</id><type>text</type><desc><![CDATA[抓破后有血痂]]></desc></option><option><id>E</id><type>text</type><desc><![CDATA[重者易感染脓疱或疥病]]></desc></option></options><answers><![CDATA[C]]></answers></question><question><type>1</type><format>text</format><desc><![CDATA[7.阴虱的传播途径是]]></desc><options><option><id>A</id><type>text</type><desc><![CDATA[直接传播]]></desc></option><option><id>B</id><type>text</type><desc><![CDATA[间接传播]]></desc></option><option><id>C</id><type>text</type><desc><![CDATA[性传播]]></desc></option><option><id>D</id><type>text</type><desc><![CDATA[血液传播]]></desc></option><option><id>E</id><type>text</type><desc><![CDATA[母婴传播]]></desc></option></options><answers><![CDATA[C]]></answers></question><question><type>1</type><format>text</format><desc><![CDATA[8.以下皮损中为动物性皮肤病所特有的是]]></desc><options><option><id>A</id><type>text</type><desc><![CDATA[水疱]]></desc></option><option><id>B</id><type>text</type><desc><![CDATA[红斑]]></desc></option><option><id>C</id><type>text</type><desc><![CDATA[咬痕或吮吸点]]></desc></option><option><id>D</id><type>text</type><desc><![CDATA[结节]]></desc></option><option><id>E</id><type>text</type><desc><![CDATA[风团]]></desc></option></options><answers><![CDATA[C]]></answers></question><question><type>1</type><format>html</format><desc><![CDATA[9.动物性皮肤病的发病机制<u><b>不包括</b></u>]]></desc><options><option><id>A</id><type>text</type><desc><![CDATA[机械损伤]]></desc></option><option><id>B</id><type>text</type><desc><![CDATA[分泌物刺激]]></desc></option><option><id>C</id><type>text</type><desc><![CDATA[异物肉芽肿]]></desc></option><option><id>D</id><type>text</type><desc><![CDATA[Ⅱ型变态反应]]></desc></option><option><id>E</id><type>text</type><desc><![CDATA[Ⅰ型超敏反应]]></desc></option></options><answers><![CDATA[D]]></answers></question><question><type>1</type><format>html</format><desc><![CDATA[10.关于疥疮的临床表现描述<u><b>错误</b></u>的是]]></desc><options><option><id>A</id><type>text</type><desc><![CDATA[多发于冬季]]></desc></option><option><id>B</id><type>text</type><desc><![CDATA[病人无明显自觉症状]]></desc></option><option><id>C</id><type>text</type><desc><![CDATA[皮损多累及皮肤柔嫩部位]]></desc></option><option><id>D</id><type>text</type><desc><![CDATA[男性阴囊部位可形成疥疮结节]]></desc></option><option><id>E</id><type>text</type><desc><![CDATA[皮损多对称，表现为丘疹、丘疱疹及隧道]]></desc></option></options><answers><![CDATA[B]]></answers></question><question><type>1</type><format>text</format><desc><![CDATA[11.引起动物性皮肤病最常见的原因是]]></desc><options><option><id>A</id><type>text</type><desc><![CDATA[原虫]]></desc></option><option><id>B</id><type>text</type><desc><![CDATA[节肢动物]]></desc></option><option><id>C</id><type>text</type><desc><![CDATA[哺乳动物]]></desc></option><option><id>D</id><type>text</type><desc><![CDATA[水母]]></desc></option><option><id>E</id><type>text</type><desc><![CDATA[蠕虫]]></desc></option></options><answers><![CDATA[B]]></answers></question><question><type>1</type><format>text</format><desc><![CDATA[12.下列属于疥疮的临床表现和治疗方案的是]]></desc><options><option><id>A</id><type>text</type><desc><![CDATA[病人可不隔离，有接触的家庭成员一般不需要治疗]]></desc></option><option><id>B</id><type>text</type><desc><![CDATA[污染物品应暴晒或煮沸以杀灭疥螨]]></desc></option><option><id>C</id><type>text</type><desc><![CDATA[1%γ-666是高效杀虫药物，适用于所有病人]]></desc></option><option><id>D</id><type>text</type><desc><![CDATA[瘙痒严重者可口服抗组胺药物]]></desc></option><option><id>E</id><type>text</type><desc><![CDATA[治疗期间应每天洗澡]]></desc></option></options><answers><![CDATA[B]]></answers></question><question><type>1</type><format>text</format><desc><![CDATA[13.灭头虱药液的主要成分是]]></desc><options><option><id>A</id><type>text</type><desc><![CDATA[过氧乙酸]]></desc></option><option><id>B</id><type>text</type><desc><![CDATA[乙酸]]></desc></option><option><id>C</id><type>text</type><desc><![CDATA[乙醇]]></desc></option><option><id>D</id><type>text</type><desc><![CDATA[食醋]]></desc></option><option><id>E</id><type>text</type><desc><![CDATA[百部酊]]></desc></option></options><answers><![CDATA[E]]></answers></question><question><type>1</type><format>text</format><desc><![CDATA[14.疥疮的临床表现是]]></desc><options><option><id>A</id><type>text</type><desc><![CDATA[好发于皮肤薄嫩部位]]></desc></option><option><id>B</id><type>text</type><desc><![CDATA[皮损为丘疹、丘疱疹和灰白色或浅灰色线状隧道，反应剧烈者其顶端可出现脓疱疮]]></desc></option><option><id>C</id><type>text</type><desc><![CDATA[剧烈瘙痒，晚间为甚]]></desc></option><option><id>D</id><type>text</type><desc><![CDATA[多发冬季，病程长短不一]]></desc></option><option><id>E</id><type>text</type><desc><![CDATA[以上全对]]></desc></option></options><answers><![CDATA[E]]></answers></question><question><type>1</type><format>text</format><desc><![CDATA[15.疥疮在我国的主要传播方式是]]></desc><options><option><id>A</id><type>text</type><desc><![CDATA[飞沫传播]]></desc></option><option><id>B</id><type>text</type><desc><![CDATA[性传播]]></desc></option><option><id>C</id><type>text</type><desc><![CDATA[接触传播]]></desc></option><option><id>D</id><type>text</type><desc><![CDATA[动物传播]]></desc></option><option><id>E</id><type>text</type><desc><![CDATA[以上的全对]]></desc></option></options><answers><![CDATA[C]]></answers></question><question><type>1</type><format>text</format><desc><![CDATA[16.疥疮结节消退较慢，治疗可用]]></desc><options><option><id>A</id><type>text</type><desc><![CDATA[10%硫磺软膏]]></desc></option><option><id>B</id><type>text</type><desc><![CDATA[5%硫磺软膏]]></desc></option><option><id>C</id><type>text</type><desc><![CDATA[25%苯甲酸苄酯乳剂]]></desc></option><option><id>D</id><type>text</type><desc><![CDATA[糖皮质激素霜剂]]></desc></option><option><id>E</id><type>text</type><desc><![CDATA[以上全不正确]]></desc></option></options><answers><![CDATA[D]]></answers></question><question><type>1</type><format>text</format><desc><![CDATA[17.疥疮的基本损害<u><b>不包括</b></u>]]></desc><options><option><id>A</id><type>text</type><desc><![CDATA[隧道]]></desc></option><option><id>B</id><type>text</type><desc><![CDATA[结节]]></desc></option><option><id>C</id><type>text</type><desc><![CDATA[丘疹]]></desc></option><option><id>D</id><type>text</type><desc><![CDATA[大疱]]></desc></option><option><id>E</id><type>text</type><desc><![CDATA[丘疱疹]]></desc></option></options><answers><![CDATA[A]]></answers></question><question><type>1</type><format>text</format><desc><![CDATA[18.应隔离治疗的皮肤病是]]></desc><options><option><id>A</id><type>text</type><desc><![CDATA[带状疱疹]]></desc></option><option><id>B</id><type>text</type><desc><![CDATA[盘状红斑狼疮]]></desc></option><option><id>C</id><type>text</type><desc><![CDATA[疥疮]]></desc></option><option><id>D</id><type>text</type><desc><![CDATA[药物性皮炎]]></desc></option><option><id>E</id><type>text</type><desc><![CDATA[丘疹样荨麻疹]]></desc></option></options><answers><![CDATA[C]]></answers></question></questions><questions><instructions><![CDATA[A2型题]]></instructions><question><type>1</type><format>text</format><desc><![CDATA[19.王某，男，45岁。在发生不洁性行为一周后，自觉阴部瘙痒剧烈，检查内裤见多数点状污褐色血迹。最有可能为]]></desc><options><option><id>A</id><type>text</type><desc><![CDATA[淋病]]></desc></option><option><id>B</id><type>text</type><desc><![CDATA[非淋菌性尿道炎]]></desc></option><option><id>C</id><type>text</type><desc><![CDATA[股癣]]></desc></option><option><id>D</id><type>text</type><desc><![CDATA[疥疮]]></desc></option><option><id>E</id><type>text</type><desc><![CDATA[阴虱]]></desc></option></options><answers><![CDATA[E]]></answers></question><question><type>1</type><format>text</format><desc><![CDATA[20.刘某，女，26岁。正处哺乳期，近一个月来皮肤瘙痒，影响睡眠，体检见指缝、肘窝、腰腹、大腿内侧散在小丘疹、丘疱疹、结痂及灰黑色细线。考虑该病人可能是]]></desc><options><option><id>A</id><type>text</type><desc><![CDATA[瘙痒症]]></desc></option><option><id>B</id><type>text</type><desc><![CDATA[虱病]]></desc></option><option><id>C</id><type>text</type><desc><![CDATA[疥疮]]></desc></option><option><id>D</id><type>text</type><desc><![CDATA[接触性皮炎]]></desc></option><option><id>E</id><type>text</type><desc><![CDATA[虫咬皮炎]]></desc></option></options><answers><![CDATA[C]]></answers></question></questions></exam>