﻿<?xml version="1.0" encoding="UTF-8"?><exam><id>20180725140238</id><questions><instructions><![CDATA[A1型题]]></instructions><question><type>1</type><format>text</format><desc><![CDATA[1.肛裂的主要特点是]]></desc><options><option><id>A</id><type>text</type><desc><![CDATA[无痛性便血]]></desc></option><option><id>B</id><type>text</type><desc><![CDATA[肛门部坠胀感]]></desc></option><option><id>C</id><type>text</type><desc><![CDATA[疼痛性便血]]></desc></option><option><id>D</id><type>text</type><desc><![CDATA[腹泻]]></desc></option><option><id>E</id><type>text</type><desc><![CDATA[肛门部有脓性分泌物]]></desc></option></options><answers><![CDATA[C]]></answers></question><question><type>1</type><format>text</format><desc><![CDATA[2.确诊骨盆直肠间隙脓肿最主要的检查方法是]]></desc><options><option><id>A</id><type>text</type><desc><![CDATA[内镜检查]]></desc></option><option><id>B</id><type>text</type><desc><![CDATA[直肠指检]]></desc></option><option><id>C</id><type>text</type><desc><![CDATA[B超]]></desc></option><option><id>D</id><type>text</type><desc><![CDATA[穿刺抽脓]]></desc></option><option><id>E</id><type>text</type><desc><![CDATA[碘油造影]]></desc></option></options><answers><![CDATA[D]]></answers></question><question><type>1</type><format>html</format><desc><![CDATA[3.下列应<u><b>禁忌</b></u>行直肠指检的疾病是]]></desc><options><option><id>A</id><type>text</type><desc><![CDATA[内痔]]></desc></option><option><id>B</id><type>text</type><desc><![CDATA[外痔]]></desc></option><option><id>C</id><type>text</type><desc><![CDATA[肛瘘]]></desc></option><option><id>D</id><type>text</type><desc><![CDATA[直肠肛管周围脓肿]]></desc></option><option><id>E</id><type>text</type><desc><![CDATA[肛裂]]></desc></option></options><answers><![CDATA[E]]></answers></question><question><type>1</type><format>html</format><desc><![CDATA[4.以下<u><b>不属于</b></u>肛瘘病人临床特点的是]]></desc><options><option><id>A</id><type>text</type><desc><![CDATA[反复形成脓肿]]></desc></option><option><id>B</id><type>text</type><desc><![CDATA[肛门瘙痒]]></desc></option><option><id>C</id><type>text</type><desc><![CDATA[排便后肛门剧烈疼痛]]></desc></option><option><id>D</id><type>text</type><desc><![CDATA[肛周外口时有分泌物排出]]></desc></option><option><id>E</id><type>text</type><desc><![CDATA[外口常是红色乳头状突起]]></desc></option></options><answers><![CDATA[C]]></answers></question><question><type>1</type><format>text</format><desc><![CDATA[5.肛瘘的常见病因是]]></desc><options><option><id>A</id><type>text</type><desc><![CDATA[直肠脱垂]]></desc></option><option><id>B</id><type>text</type><desc><![CDATA[炎性内痔]]></desc></option><option><id>C</id><type>text</type><desc><![CDATA[内痔嵌顿]]></desc></option><option><id>D</id><type>text</type><desc><![CDATA[血栓性外痔]]></desc></option><option><id>E</id><type>text</type><desc><![CDATA[肛周脓肿]]></desc></option></options><answers><![CDATA[E]]></answers></question><question><type>1</type><format>text</format><desc><![CDATA[6.内痔的早期症状为]]></desc><options><option><id>A</id><type>text</type><desc><![CDATA[痔核脱出]]></desc></option><option><id>B</id><type>text</type><desc><![CDATA[大便出血]]></desc></option><option><id>C</id><type>text</type><desc><![CDATA[大便疼痛]]></desc></option><option><id>D</id><type>text</type><desc><![CDATA[里急后重]]></desc></option><option><id>E</id><type>text</type><desc><![CDATA[肛门周围瘙痒]]></desc></option></options><answers><![CDATA[B]]></answers></question><question><type>1</type><format>html</format><desc><![CDATA[7.下列<u><b>不是</b></u>痔的临床表现的是]]></desc><options><option><id>A</id><type>text</type><desc><![CDATA[里急后重]]></desc></option><option><id>B</id><type>text</type><desc><![CDATA[便血]]></desc></option><option><id>C</id><type>text</type><desc><![CDATA[痔块脱出]]></desc></option><option><id>D</id><type>text</type><desc><![CDATA[疼痛]]></desc></option><option><id>E</id><type>text</type><desc><![CDATA[瘙痒]]></desc></option></options><answers><![CDATA[A]]></answers></question><question><type>1</type><format>html</format><desc><![CDATA[8.下列<u><b>不是</b></u>痔形成的因素的是]]></desc><options><option><id>A</id><type>text</type><desc><![CDATA[妊娠]]></desc></option><option><id>B</id><type>text</type><desc><![CDATA[久坐久站]]></desc></option><option><id>C</id><type>text</type><desc><![CDATA[长期排尿困难]]></desc></option><option><id>D</id><type>text</type><desc><![CDATA[门静脉高压]]></desc></option><option><id>E</id><type>text</type><desc><![CDATA[长期腹泻]]></desc></option></options><answers><![CDATA[E]]></answers></question><question><type>1</type><format>text</format><desc><![CDATA[9.混合痔是指]]></desc><options><option><id>A</id><type>text</type><desc><![CDATA[同时存在内痔和外痔]]></desc></option><option><id>B</id><type>text</type><desc><![CDATA[两个以上内痔]]></desc></option><option><id>C</id><type>text</type><desc><![CDATA[两个以上外痔]]></desc></option><option><id>D</id><type>text</type><desc><![CDATA[齿状线上、下静脉丛互相吻合而成]]></desc></option><option><id>E</id><type>text</type><desc><![CDATA[痔和肛裂同时存在]]></desc></option></options><answers><![CDATA[D]]></answers></question></questions><questions><instructions><![CDATA[A2型题]]></instructions><question><type>1</type><format>text</format><desc><![CDATA[10.常某，男，35岁。肛门胀痛，排便困难，畏寒高热3日，肛门外观无异常，直肠指检：肛管左侧局限性隆起，压痛明显，可诊断为]]></desc><options><option><id>A</id><type>text</type><desc><![CDATA[骨盆直肠间隙脓肿]]></desc></option><option><id>B</id><type>text</type><desc><![CDATA[直肠后间隙脓肿]]></desc></option><option><id>C</id><type>text</type><desc><![CDATA[肛周脓肿]]></desc></option><option><id>D</id><type>text</type><desc><![CDATA[坐骨肛管间隙脓肿]]></desc></option><option><id>E</id><type>text</type><desc><![CDATA[黏膜下脓肿]]></desc></option></options><answers><![CDATA[D]]></answers></question><question><type>1</type><format>text</format><desc><![CDATA[11.熊某，女，48岁。经常便后出血经检查为痔，行痔手术。术后热水坐浴的目的是]]></desc><options><option><id>A</id><type>text</type><desc><![CDATA[消肿，镇痛]]></desc></option><option><id>B</id><type>text</type><desc><![CDATA[保暖，解痉]]></desc></option><option><id>C</id><type>text</type><desc><![CDATA[消毒伤口]]></desc></option><option><id>D</id><type>text</type><desc><![CDATA[减少出血]]></desc></option><option><id>E</id><type>text</type><desc><![CDATA[治疗炎症]]></desc></option></options><answers><![CDATA[A]]></answers></question><question><type>1</type><format>html</format><desc><![CDATA[12.马某，女，30岁。肛门胀痛、排尿困难6日。畏寒、高热，肛门外未见明显异常，直肠指检：肛管左壁局限性隆起，压痛明显。关于对该病人的护理，以下<u><b>错误</b></u>的是]]></desc><options><option><id>A</id><type>text</type><desc><![CDATA[物理降温]]></desc></option><option><id>B</id><type>text</type><desc><![CDATA[控制排便]]></desc></option><option><id>C</id><type>text</type><desc><![CDATA[1∶5000高锰酸钾坐浴]]></desc></option><option><id>D</id><type>text</type><desc><![CDATA[遵医嘱应用抗生素]]></desc></option><option><id>E</id><type>text</type><desc><![CDATA[嘱病人多饮水]]></desc></option></options><answers><![CDATA[B]]></answers></question><question><type>1</type><format>html</format><desc><![CDATA[13.刘某，男，27岁。半年前因肛周皮下脓肿切开引流，之后局部皮肤反复红肿、破溃局部有瘙痒。关于其处理，<u><b>错误</b></u>的是]]></desc><options><option><id>A</id><type>text</type><desc><![CDATA[该病人必须行手术冶疗]]></desc></option><option><id>B</id><type>text</type><desc><![CDATA[饮食应清淡]]></desc></option><option><id>C</id><type>text</type><desc><![CDATA[每日便后予35℃高锰酸钾坐浴]]></desc></option><option><id>D</id><type>text</type><desc><![CDATA[口服液体石蜡以促进排便]]></desc></option><option><id>E</id><type>text</type><desc><![CDATA[为防肛门狭窄，可于术后5～10日扩肛]]></desc></option></options><answers><![CDATA[C]]></answers></question><question><type>1</type><format>html</format><desc><![CDATA[14.徐某，男，67岁。痔切除术后，关于坐浴<u><b>错误</b></u>的是]]></desc><options><option><id>A</id><type>text</type><desc><![CDATA[准备清洁的坐浴盆]]></desc></option><option><id>B</id><type>text</type><desc><![CDATA[坐浴15～20分钟]]></desc></option><option><id>C</id><type>text</type><desc><![CDATA[可加用1∶5000高锰酸钾溶液]]></desc></option><option><id>D</id><type>text</type><desc><![CDATA[年老体弱者要搀扶起身]]></desc></option><option><id>E</id><type>text</type><desc><![CDATA[水温60℃]]></desc></option></options><answers><![CDATA[E]]></answers></question><question><type>1</type><format>text</format><desc><![CDATA[15.韦某，男，43岁。肛周肿痛4日，肛门左侧皮肤发红并伴疼痛，以坐位和排便时明显，2日前加剧并局部肿胀，无畏寒、发热。体检：膝胸位肛门11点处见局部肿胀，约2cm ×2cm，有脓头，周围皮肤发红，波动感（+）。该病人目前的主要护理诊断为]]></desc><options><option><id>A</id><type>text</type><desc><![CDATA[体温过高]]></desc></option><option><id>B</id><type>text</type><desc><![CDATA[急性疼痛]]></desc></option><option><id>C</id><type>text</type><desc><![CDATA[皮肤完整性受损]]></desc></option><option><id>D</id><type>text</type><desc><![CDATA[便秘]]></desc></option><option><id>E</id><type>text</type><desc><![CDATA[个人应对无效]]></desc></option></options><answers><![CDATA[B]]></answers></question><question><type>1</type><format>text</format><desc><![CDATA[16.李某，男，35岁。1月前出现排便时及便后肛门剧痛，便后鲜血滴出，疼痛可持续数小时。引起便后肛门剧痛的原因最可能是]]></desc><options><option><id>A</id><type>text</type><desc><![CDATA[粪便刺激创口]]></desc></option><option><id>B</id><type>text</type><desc><![CDATA[内痔嵌顿]]></desc></option><option><id>C</id><type>text</type><desc><![CDATA[创口感染]]></desc></option><option><id>D</id><type>text</type><desc><![CDATA[括约肌痉挛]]></desc></option><option><id>E</id><type>text</type><desc><![CDATA[粪便撑开裂口]]></desc></option></options><answers><![CDATA[D]]></answers></question></questions></exam>