{"_ZVING_RESULT":"[{\"id\":\"42762256\",\"pid\":\"0\",\"name\":\"第一章 总论\",\"level\":\"0\",\"code\":\"42762255\",\"directorycode\":\"1\",\"directorytype\":\"body\"},{\"id\":\"42762258\",\"pid\":\"0\",\"name\":\"第二章 病毒感染性疾病患者的护理\",\"level\":\"0\",\"code\":\"42762257\",\"directorycode\":\"2\",\"directorytype\":\"body\"},{\"id\":\"42762260\",\"pid\":\"0\",\"name\":\"第二章 病毒感染性疾病患者的护理\",\"level\":\"0\",\"code\":\"42762259\",\"directorycode\":\"3\",\"directorytype\":\"body\"},{\"id\":\"42762262\",\"pid\":\"0\",\"name\":\"第三章 细菌感染性疾病患者的护理\",\"level\":\"0\",\"code\":\"42762261\",\"directorycode\":\"3\",\"directorytype\":\"body\"},{\"id\":\"42762264\",\"pid\":\"0\",\"name\":\"第四章 寄生虫感染性疾病患者的护理\",\"level\":\"0\",\"code\":\"42762263\",\"directorycode\":\"5\",\"directorytype\":\"body\"},{\"id\":\"42762266\",\"pid\":\"0\",\"name\":\"第五章 螺旋体感染性疾病患者的护理\",\"level\":\"0\",\"code\":\"42762265\",\"directorycode\":\"6\",\"directorytype\":\"body\"},{\"id\":\"42762268\",\"pid\":\"0\",\"name\":\"教学大纲\",\"level\":\"0\",\"code\":\"42762267\",\"directorycode\":\"7\",\"directorytype\":\"body\"}]","_ZVING_STATUS":"OK"}