{"_ZVING_RESULT":"[{\"id\":\"48259413\",\"pid\":\"0\",\"name\":\"第一章 卫生法律法规的基本理论\",\"level\":\"0\",\"code\":\"48259412\",\"directorycode\":\"1\",\"directorytype\":\"body\"},{\"id\":\"48259415\",\"pid\":\"0\",\"name\":\"第二章 卫生行政执法与卫生行政救济\",\"level\":\"0\",\"code\":\"48259414\",\"directorycode\":\"2\",\"directorytype\":\"body\"},{\"id\":\"48259417\",\"pid\":\"0\",\"name\":\"第三章 公民健康权益保护法律制度\",\"level\":\"0\",\"code\":\"48259416\",\"directorycode\":\"3\",\"directorytype\":\"body\"},{\"id\":\"48259419\",\"pid\":\"0\",\"name\":\"第四章 医疗机构管理法律制度\",\"level\":\"0\",\"code\":\"48259418\",\"directorycode\":\"4\",\"directorytype\":\"body\"},{\"id\":\"48259421\",\"pid\":\"0\",\"name\":\"第五章 卫生技术人员管理法律制度\",\"level\":\"0\",\"code\":\"48259420\",\"directorycode\":\"5\",\"directorytype\":\"body\"},{\"id\":\"48259423\",\"pid\":\"0\",\"name\":\"第六章 医疗事故处理法律制度\",\"level\":\"0\",\"code\":\"48259422\",\"directorycode\":\"6\",\"directorytype\":\"body\"},{\"id\":\"48259425\",\"pid\":\"0\",\"name\":\"第七章 血液管理法律制度\",\"level\":\"0\",\"code\":\"48259424\",\"directorycode\":\"7\",\"directorytype\":\"body\"},{\"id\":\"48259427\",\"pid\":\"0\",\"name\":\"第八章 药品管理法律制度\",\"level\":\"0\",\"code\":\"48259426\",\"directorycode\":\"8\",\"directorytype\":\"body\"},{\"id\":\"48259429\",\"pid\":\"0\",\"name\":\"第九章 疾病预防与控制法律制度\",\"level\":\"0\",\"code\":\"48259428\",\"directorycode\":\"9\",\"directorytype\":\"body\"},{\"id\":\"48259431\",\"pid\":\"0\",\"name\":\"第十章 母婴保健法律制度\",\"level\":\"0\",\"code\":\"48259430\",\"directorycode\":\"10\",\"directorytype\":\"body\"},{\"id\":\"48259433\",\"pid\":\"0\",\"name\":\"第十一章 公共卫生监督法律制度\",\"level\":\"0\",\"code\":\"48259432\",\"directorycode\":\"11\",\"directorytype\":\"body\"},{\"id\":\"48259435\",\"pid\":\"0\",\"name\":\"第十二章 食品、化妆品、生活饮用水法律制度\",\"level\":\"0\",\"code\":\"48259434\",\"directorycode\":\"12\",\"directorytype\":\"body\"},{\"id\":\"48259437\",\"pid\":\"0\",\"name\":\"第十三章 医学科学新技术中的法律问题\",\"level\":\"0\",\"code\":\"48259436\",\"directorycode\":\"13\",\"directorytype\":\"body\"}]","_ZVING_STATUS":"OK"}