﻿<?xml version="1.0" encoding="UTF-8"?><exam><id>20200402090110</id><questions><instructions><![CDATA[A1型题]]></instructions><question><type>1</type><format>text</format><desc><![CDATA[1.第八届全国人大常委会第29次会议通过了《中华人民共和国献血法》，其实施的时间是]]></desc><options><option><id>A</id><type>text</type><desc><![CDATA[ 1998年 10月1日]]></desc></option><option><id>B</id><type>text</type><desc><![CDATA[ 1997年12月29日]]></desc></option><option><id>C</id><type>text</type><desc><![CDATA[ 1997年1月1日]]></desc></option><option><id>D</id><type>text</type><desc><![CDATA[ 1998年5月1日]]></desc></option><option><id>E</id><type>text</type><desc><![CDATA[ 1998年1月1日]]></desc></option></options><answers><![CDATA[A]]></answers><keypoints><![CDATA[解析：《中华人民共和国献血法》1997年12月29日第八届全国人民代表大会常务委员会第二十九次会议通过，1997年12月29日中华人民共和国主席令第九十三号公布，自1998年10月1日起施行。]]></keypoints></question><question><type>1</type><format>text</format><desc><![CDATA[2.《中华人民共和国献血法》规定，我国实行（    ）献血制度]]></desc><options><option><id>A</id><type>text</type><desc><![CDATA[ 强制献血]]></desc></option><option><id>B</id><type>text</type><desc><![CDATA[ 无偿献血]]></desc></option><option><id>C</id><type>text</type><desc><![CDATA[ 有偿献血]]></desc></option><option><id>D</id><type>text</type><desc><![CDATA[ 个体献血]]></desc></option><option><id>E</id><type>text</type><desc><![CDATA[ 亲友献血]]></desc></option></options><answers><![CDATA[B]]></answers><keypoints><![CDATA[解析：《中华人民共和国献血法》第二条规定：国家实行无偿献血制度。]]></keypoints></question><question><type>1</type><format>text</format><desc><![CDATA[3.2012年卫生部和国家标准化管理委员会发布了新版《献血者健康检查要求》，其中规定“国家提倡献血年龄为18～55周岁；既往无献血反应、符合健康检查要求的多次献血者主动要求再次献血的，年龄可延长至（    ）周岁。”]]></desc><options><option><id>A</id><type>text</type><desc><![CDATA[ 60]]></desc></option><option><id>B</id><type>text</type><desc><![CDATA[ 62]]></desc></option><option><id>C</id><type>text</type><desc><![CDATA[ 65]]></desc></option><option><id>D</id><type>text</type><desc><![CDATA[ 70]]></desc></option><option><id>E</id><type>text</type><desc><![CDATA[ 无年龄限制]]></desc></option></options><answers><![CDATA[A]]></answers><keypoints><![CDATA[解析：《中华人民共和国献血法》第二条规定：国家提倡十八周岁至五十五周岁的健康公民自愿献血。]]></keypoints></question><question><type>1</type><format>text</format><desc><![CDATA[4.《献血法》规定（    ）参与输血、献血工作，配合政府和卫生行政部门进行无偿献血的宣传、动员和组织工作，推动无偿献血。]]></desc><options><option><id>A</id><type>text</type><desc><![CDATA[ 血站]]></desc></option><option><id>B</id><type>text</type><desc><![CDATA[ 医院]]></desc></option><option><id>C</id><type>text</type><desc><![CDATA[ 学校]]></desc></option><option><id>D</id><type>text</type><desc><![CDATA[ 卫生局]]></desc></option><option><id>E</id><type>text</type><desc><![CDATA[ 红十字会]]></desc></option></options><answers><![CDATA[E]]></answers><keypoints><![CDATA[解析：参与输血、献血工作，配合政府和卫生行政部门进行无偿献血的宣传、动员和组织工作是红十字会的主要工作职责。]]></keypoints></question><question><type>1</type><format>text</format><desc><![CDATA[5.血站对献血者每次采集的血液应适量，一般（    ），两次采集血液的间隔期不少于半年。]]></desc><options><option><id>A</id><type>text</type><desc><![CDATA[ 每次采集血液量至少为200ml，一般为400 ml]]></desc></option><option><id>B</id><type>text</type><desc><![CDATA[ 每次采集血液量一般为200ml，最高不得超过400 ml]]></desc></option><option><id>C</id><type>text</type><desc><![CDATA[ 每次采集血液量一般为300ml，最高不得超过500 ml]]></desc></option><option><id>D</id><type>text</type><desc><![CDATA[ 每次采集血液量一般为400ml，最高不得超过600 ml]]></desc></option><option><id>E</id><type>text</type><desc><![CDATA[ 每次采集血液量一般为400ml，身体强壮者可以超过400 ml]]></desc></option></options><answers><![CDATA[B]]></answers><keypoints><![CDATA[解析：《中华人民共和国献血法》第九条：血站对献血者每次采集血液量一般为二百毫升，最多不得超过四百毫升，两次采集间隔期不少于六个月。]]></keypoints></question><question><type>1</type><format>text</format><desc><![CDATA[6.《血站执业许可证》有效期为（    ），血站在执业登记期满前三个月，可以申请再次办理注册登记。]]></desc><options><option><id>A</id><type>text</type><desc><![CDATA[半年]]></desc></option><option><id>B</id><type>text</type><desc><![CDATA[ 一年]]></desc></option><option><id>C</id><type>text</type><desc><![CDATA[ 两年]]></desc></option><option><id>D</id><type>text</type><desc><![CDATA[ 三年]]></desc></option><option><id>E</id><type>text</type><desc><![CDATA[ 五年]]></desc></option></options><answers><![CDATA[D]]></answers><keypoints><![CDATA[解析：2006年3月1日起施行《血站管理办法》《血站执业许可证》第十三条血站开展采供血活动，应当向所在省、自治区、直辖市人民政府卫生行政部门申请办理执业登记，取得《血站执业许可证》。没有取得《血站执业许可证》的，不得开展采供血活动。有效期为三年。]]></keypoints></question><question><type>1</type><format>text</format><desc><![CDATA[7.按照《采供血机构执业验收程序和办法》的规定，血源、采供血检测的原始记录必须保存（    ）年，血液标本的保存期为全血或成分血使用后两年。]]></desc><options><option><id>A</id><type>text</type><desc><![CDATA[ 3]]></desc></option><option><id>B</id><type>text</type><desc><![CDATA[5]]></desc></option><option><id>C</id><type>text</type><desc><![CDATA[ 10]]></desc></option><option><id>D</id><type>text</type><desc><![CDATA[ 15]]></desc></option><option><id>E</id><type>text</type><desc><![CDATA[ 20]]></desc></option></options><answers><![CDATA[C]]></answers><keypoints><![CDATA[解析：《采供血机构执业验收程序和办法》第三十一条规定：血源、采供血和检测的原始记录必须保存十年。血液检验（复检）的全血标本的保存期应当在全血有效期内；血清标本的保存期应在全血有效期满后半年。]]></keypoints></question><question><type>1</type><format>text</format><desc><![CDATA[8.加强医疗机构临床用血管理的目的是]]></desc><options><option><id>A</id><type>text</type><desc><![CDATA[ 推进临床科学合理用血]]></desc></option><option><id>B</id><type>text</type><desc><![CDATA[ 保障李闯用血安全和医疗质量]]></desc></option><option><id>C</id><type>text</type><desc><![CDATA[ 保护血液资源]]></desc></option><option><id>D</id><type>text</type><desc><![CDATA[ 以上都是]]></desc></option><option><id>E</id><type>text</type><desc><![CDATA[ 以上都不是]]></desc></option></options><answers><![CDATA[D]]></answers><keypoints><![CDATA[解析：2012年8月1日起施行的《医疗机构临床用血管理办法》第一条  为加强医疗机构临床用血管理，推进临床科学合理用血，保护血液资源，保障临床用血安全和医疗质量，根据《中华人民共和国献血法》，制定本办法。]]></keypoints></question><question><type>1</type><format>html</format><desc><![CDATA[9.医疗机构应当制定应急用血工作预案，为保证应急用血，医疗机构可以临时采集血液，但必须同时具有相关条件，以下说法<u><b>错误</b></u>的是]]></desc><options><option><id>A</id><type>text</type><desc><![CDATA[ 病情危急患者生命，急需输血]]></desc></option><option><id>B</id><type>text</type><desc><![CDATA[ 所在地血站无法及时提供血液，且无法及时从其他医疗机构调剂血液，而其他医疗措施不能替代输血治疗]]></desc></option><option><id>C</id><type>text</type><desc><![CDATA[ 具备开展交叉配血及乙型肝炎表面抗原、丙型肝炎病毒抗原、艾滋病病毒抗体和梅毒螺旋体抗体的检测能力]]></desc></option><option><id>D</id><type>text</type><desc><![CDATA[ 严格遵守采供血相关操作规程和技术标准]]></desc></option><option><id>E</id><type>text</type><desc><![CDATA[ 医疗机构应当在临时采集血液7日后将情况报告县级以上人民政府卫生行政部门]]></desc></option></options><answers><![CDATA[E]]></answers><keypoints><![CDATA[解析：自2012年8月1日起施行的《医疗机构临床用血管理办法第二十七条规定：医疗机构应当在临时采集血液后10日内将情况报告县级以上人民政府卫生行政部门。]]></keypoints></question><question><type>1</type><format>html</format><desc><![CDATA[10.根据《临床输血技术规范》有关规定，对于临床输血申请单表述<u><b>错误</b></u>的是]]></desc><options><option><id>A</id><type>text</type><desc><![CDATA[ 申请单由经治医生填写]]></desc></option><option><id>B</id><type>text</type><desc><![CDATA[ 患者及家属在上面签字]]></desc></option><option><id>C</id><type>text</type><desc><![CDATA[ 由主治医生核准签字]]></desc></option><option><id>D</id><type>text</type><desc><![CDATA[ 连同患者血样在预定输血日前送交输血科（血库）备血]]></desc></option><option><id>E</id><type>text</type><desc><![CDATA[ 输血科（血库）留血备案]]></desc></option></options><answers><![CDATA[B]]></answers><keypoints><![CDATA[解析：《临床输血技术规范》第五条 申请输血应由经治医师逐项填写《临床输血申请单》，由主治医师核准签字，连同受血者血样于预定输血日期前送交输血科（血库）备血。]]></keypoints></question><question><type>1</type><format>html</format><desc><![CDATA[11.关于血袋描述的下列情形，一律<u><b>不得</b></u>发出的是]]></desc><options><option><id>A</id><type>text</type><desc><![CDATA[标签破损、字迹不清或有破损、漏血或血液中有明显凝块]]></desc></option><option><id>B</id><type>text</type><desc><![CDATA[血浆呈乳糜状或暗灰色或其中有明显气泡、絮状物或粗大颗粒]]></desc></option><option><id>C</id><type>text</type><desc><![CDATA[未摇动时血浆层与红细胞的界面不清或交界面上出现溶血]]></desc></option><option><id>D</id><type>text</type><desc><![CDATA[红细胞层呈紫红色、过期或其他须查证的情况]]></desc></option><option><id>E</id><type>text</type><desc><![CDATA[以上都是]]></desc></option></options><answers><![CDATA[E]]></answers><keypoints><![CDATA[解析：根据《医疗机构临床用血管理办法》和《临床输血技术规范》，制定的临床输血制度有“九不用”。即：①标签有破损的血液不用；②标签字迹不清的血液不用；③血袋有破损的血液不用；④有明显凝块的血液不用；⑤血液呈乳糜或暗灰色的血液不用；⑥血浆层有大量气泡、絮状物或大颗粒的血液不用；⑦血浆层与红细胞层分界不清或交界面有溶血的血液不用；⑧红细胞层呈紫红色的血液不用；⑨过期血或有疑问的血液不用。]]></keypoints></question><question><type>1</type><format>text</format><desc><![CDATA[12.输血前应将血袋内的成分轻轻混匀，避免剧烈震荡。血液内不得加入其他药物，如需稀释只能用静脉注射]]></desc><options><option><id>A</id><type>text</type><desc><![CDATA[ 生理盐水]]></desc></option><option><id>B</id><type>text</type><desc><![CDATA[ 丁醇]]></desc></option><option><id>C</id><type>text</type><desc><![CDATA[ 甲苯]]></desc></option><option><id>D</id><type>text</type><desc><![CDATA[ 二甲苯]]></desc></option><option><id>E</id><type>text</type><desc><![CDATA[ 醋酸丁酯]]></desc></option></options><answers><![CDATA[A]]></answers><keypoints><![CDATA[解析：输血前应做八项检查，其中包括：血液临输注前再从冷藏箱内取出，在室温中停留的时间不得超过30分钟。输用前将血袋内的血液轻轻混匀，避免剧烈震荡。血液内不得加入其他药物，如需稀释只能用静脉注射用生理盐水。]]></keypoints></question><question><type>1</type><format>text</format><desc><![CDATA[13.血站违反有关操作规程和制度采集血液，由(    )部门责令改正。]]></desc><options><option><id>A</id><type>text</type><desc><![CDATA[当地司法机关]]></desc></option><option><id>B</id><type>text</type><desc><![CDATA[由县级以上地方人民政府卫生行政部门]]></desc></option><option><id>C</id><type>text</type><desc><![CDATA[由县级以上地方人民政府卫生监督部门]]></desc></option><option><id>D</id><type>text</type><desc><![CDATA[当地人民政府]]></desc></option><option><id>E</id><type>text</type><desc><![CDATA[ 以上都不是]]></desc></option></options><answers><![CDATA[B]]></answers><keypoints><![CDATA[解析：《血站管理办法》第六十一条：“血站有下列行为之一的，由县级以上地方人民政府卫生行政部门予以警告、责令改正；逾期不改正，或者造成经血液传播疾病发生，或者其他严重后果的，对负有责任的主管人员和其他直接负责人员，依法给予行政处分；构成犯罪的，依法追究刑事责任。”]]></keypoints></question><question><type>1</type><format>text</format><desc><![CDATA[14.单采血浆站只能向（  ）与其签订质量责任书的血液制品生产单位供应原料血浆]]></desc><options><option><id>A</id><type>text</type><desc><![CDATA[ 1个]]></desc></option><option><id>B</id><type>text</type><desc><![CDATA[ 2个]]></desc></option><option><id>C</id><type>text</type><desc><![CDATA[ 不超过3个]]></desc></option><option><id>D</id><type>text</type><desc><![CDATA[ 4个]]></desc></option><option><id>E</id><type>text</type><desc><![CDATA[ 任意]]></desc></option></options><answers><![CDATA[A]]></answers><keypoints><![CDATA[解析：血液制品管理条例》第十三条 单采血浆站只能向一个与其签订质量责任书的血液制品生产单位供应原料血浆，严禁向其他任何单位供应原料血浆。]]></keypoints></question><question><type>1</type><format>text</format><desc><![CDATA[15.单采血浆站有下列（    ）情形的县级以上地方人民政府卫生行政部门责令限期改正，处5万元以上10万元以下的罚款。]]></desc><options><option><id>A</id><type>text</type><desc><![CDATA[采集中规定区域内的供血浆者或者其他人员的血浆的]]></desc></option><option><id>B</id><type>text</type><desc><![CDATA[向医疗机构直接供应原料血浆]]></desc></option><option><id>C</id><type>text</type><desc><![CDATA[重复使用一次性采血浆器材的]]></desc></option><option><id>D</id><type>text</type><desc><![CDATA[擅自采集血液的]]></desc></option><option><id>E</id><type>text</type><desc><![CDATA[ 以上均是]]></desc></option></options><answers><![CDATA[E]]></answers><keypoints><![CDATA[解析：参照《血液制品管理条例》第三十五条规定：单采血浆站有下列行为之一的，由县级以上地方人民政府卫生行政部门责令限期改正，处5万元以上10万元以下的罚款；有第八项所列行为的，或者有下列其他行为并且情节严重的，由省、自治区、直辖市人民政府卫生行政部门吊销《单采血浆许可证》；构成犯罪的，对负有直接责任的主管人员和其他直接责任人员依法追究刑事责任：（一）采血浆前，未按照国务院卫生行政部门颁布的健康检查标准对供血浆者进行健康检查和血液化验的；（二）采集非划定区域内的供血浆者或者其他人员的血浆的，或者不对供血浆者进行身份识别，采集冒名顶替者， 健康检查不合格者或者无《供血浆证》者的血浆的；（三）违反国务院卫生行政部门制定的血浆采集技术操作标准和程序，过频过量采集血浆的；（四）向医疗机构直接供应原料血浆或者擅自采集血液的；（五）未使用单采血浆机械进行血浆采集的；（六）未使用有产品批准文号并经国家药品生物制品检定机构逐批检定合格的体外诊断试剂以及合格的一次性采血浆器材的；（七）未按照国家规定的卫生标准和要求包装、储存、运输原料血浆的；（八）对国家规定检测项目检测结果呈阳性的血浆不清除、不及时上报的；（九）对污染的注射器、采血浆器材及不合格血浆等不经消毒处理，擅自倾倒，污染环境，造成社会危害的；（十）重复使用一次性采血浆器材的；（十一）向与其签订质量责任书的血液制品生产单位以外的其他单位供应原料血浆的。]]></keypoints></question><question><type>1</type><format>text</format><desc><![CDATA[16.血液制品生产单位有（    ）情形，省级以上人民政府卫生行政部门，依照药品管理法有关规定，予以处罚。]]></desc><options><option><id>A</id><type>text</type><desc><![CDATA[使用无《单采血浆许可证》的单采血浆站的原料血浆的]]></desc></option><option><id>B</id><type>text</type><desc><![CDATA[投料生产前未对原料血浆进行复检的]]></desc></option><option><id>C</id><type>text</type><desc><![CDATA[将检验不合格的产品出厂的]]></desc></option><option><id>D</id><type>text</type><desc><![CDATA[与他人共用产品批准文号的]]></desc></option><option><id>E</id><type>text</type><desc><![CDATA[以上均是]]></desc></option></options><answers><![CDATA[E]]></answers><keypoints><![CDATA[解析：参照《血液制品管理条例》第三十八条：血制品生产单位有下列行为之一的，由省级人民政府卫生行政部门依照药品管理法及其实施办法等有关规定，按照生产假药、劣药予以处罚；构成犯罪的，对负有直接责任的主管人员和其他直接责任人员依法追究刑事责任：（一）使用无《单采血浆许可证》的单采血浆站或者未与其签订质量责任书的单采血浆站及其他任何单位供应的原料血浆的，或者非法采集原料血浆的；（二）投料生产前未对原料血浆进行复检的，或者使用没有产品批准文号或者未经国家药品生物制品检定机构逐批检定合格的体外诊断试剂进行复检的，或者将检测不合格的原料血浆投入生产的；（三）擅自更改生产工艺和质量标准的，或者将检验不合格的产品出厂的；（四）与他人共用产品批准文号的。]]></keypoints></question><question><type>1</type><format>text</format><desc><![CDATA[17.《血液制品管理条例》适用于在中华人民共和国境内从事（    ）等活动。]]></desc><options><option><id>A</id><type>text</type><desc><![CDATA[ 原料血浆的采集]]></desc></option><option><id>B</id><type>text</type><desc><![CDATA[ 原料血浆的供应]]></desc></option><option><id>C</id><type>text</type><desc><![CDATA[ 血液制品的生产]]></desc></option><option><id>D</id><type>text</type><desc><![CDATA[ 经营活动]]></desc></option><option><id>E</id><type>text</type><desc><![CDATA[ 以上均是]]></desc></option></options><answers><![CDATA[E]]></answers><keypoints><![CDATA[解析：《血液制品管理条例》第二条 本条例适用于在中华人民共和国境内从事原料血浆的采集、供应以及血液制品的生产、经营活动。]]></keypoints></question><question><type>1</type><format>text</format><desc><![CDATA[18.单采血浆站已知其采集的血浆检测结果，呈阳性，仍向血液制品生产单位供应的，由省、自治区、直辖市人民政府卫生行政部门吊销《单采血浆许可证》，由县级以上地方人民政府卫生行政部门没收违法所得，并处（    ）以下的罚款；造成经血液途径传播的疾病传播、人身伤害等危害，构成犯罪的，对负有直接责任的主管人员和其他直接责任人员依法追究刑事责任。]]></desc><options><option><id>A</id><type>text</type><desc><![CDATA[ 1万以上两万]]></desc></option><option><id>B</id><type>text</type><desc><![CDATA[ 3万以上5万]]></desc></option><option><id>C</id><type>text</type><desc><![CDATA[10万以上30万以下]]></desc></option><option><id>D</id><type>text</type><desc><![CDATA[ 20万以上30万以下]]></desc></option><option><id>E</id><type>text</type><desc><![CDATA[ 20万以下]]></desc></option></options><answers><![CDATA[C]]></answers><keypoints><![CDATA[解析：参照《血液制品管理条例》第三十六条：单采血浆站已知其采集的血浆检测结果呈阳性，仍向血液制品生产单位供应的，由省、自治区、直辖市人民政府卫生行政部门吊销《单采血浆许可证》，由县级以上地方人民政府卫生行政部门没收违法所得，并处10万元以上30万元以下的罚款；造成经血液途径传播的疾病传播、人身伤害等危害，构成犯罪的，对负责有直接责任的主管人员和其他直接责任人员依法追究刑事责任。]]></keypoints></question><question><type>1</type><format>text</format><desc><![CDATA[19.根据《民法通则》第119条，血站违反有关操作规程和制度采集血液，给献血者健康造成损害的，依据其侵害公民生命健康权的（    ）责任的规定，应当依法赔偿，应当承担病人的医疗费、营养费、误工费、就医交通费等。]]></desc><options><option><id>A</id><type>text</type><desc><![CDATA[ 民事]]></desc></option><option><id>B</id><type>text</type><desc><![CDATA[ 行政]]></desc></option><option><id>C</id><type>text</type><desc><![CDATA[ 刑事]]></desc></option><option><id>D</id><type>text</type><desc><![CDATA[ 违约]]></desc></option><option><id>E</id><type>text</type><desc><![CDATA[ 都不是]]></desc></option></options><answers><![CDATA[A]]></answers><keypoints><![CDATA[解析：血站违反有关操作规程和制度采集血液，给献血者健康造成损害的，损害的是公民的生命健康权，作出承担病人的医疗费、营养费、误工费、就医交通费等，而尚不构成犯罪的属于民事责任。]]></keypoints></question><question><type>1</type><format>html</format><desc><![CDATA[20.我国《刑法》第333条规定的主要犯罪<u><b>不包括</b></u>]]></desc><options><option><id>A</id><type>text</type><desc><![CDATA[ 非法组织卖血罪]]></desc></option><option><id>B</id><type>text</type><desc><![CDATA[ 强迫卖血罪]]></desc></option><option><id>C</id><type>text</type><desc><![CDATA[ 非法采集、供应血液]]></desc></option><option><id>D</id><type>text</type><desc><![CDATA[ 非法制作、供应血液制品罪]]></desc></option><option><id>E</id><type>text</type><desc><![CDATA[ 有偿献血罪]]></desc></option></options><answers><![CDATA[E]]></answers><keypoints><![CDATA[解析：我国《刑法》第三百三十三条非法组织他人出卖血液的，处五年以下有期徒刑，并处罚金；以暴力、威胁方法强迫他人出卖血液的，处五年以上十年以下有期徒刑，并处罚金。有前款行为，对他人造成伤害的，依照本法第二百三十四条的规定定罪处罚。第三百三十四条非法采集、供应血液或者制作、供应血液制品，不符合国家规定的标准，足以危害人体健康的，处五年以下有期徒刑或者拘役，并处罚金；对人体健康造成严重危害的，处五年以上十年以下有期徒刑，并处罚金；造成特别严重后果的，处十年以上有期徒刑或者无期徒刑，并处罚金或者没收财产。经国家主管部门批准采集、供应血液或者制作、供应血液制品的部门，不依照规定进行检测或者违背其他操作规定，造成危害他人身体健康后果的，对单位判处罚金，并对其直接负责的主管人员和其他直接责任人员，处五年以下有期徒刑或者拘役。]]></keypoints></question><question><type>1</type><format>text</format><desc><![CDATA[21.《中华人民共和国献血法》制定的目的是]]></desc><options><option><id>A</id><type>text</type><desc><![CDATA[保证医疗临床用血需要和安全]]></desc></option><option><id>B</id><type>text</type><desc><![CDATA[保障献血者和用血者身体健康]]></desc></option><option><id>C</id><type>text</type><desc><![CDATA[促进社会主义物质文明和精神文明建设]]></desc></option><option><id>D</id><type>text</type><desc><![CDATA[以上都是]]></desc></option></options><answers><![CDATA[D]]></answers><keypoints><![CDATA[解析：根据《中华人民共和国献血法》的立法目的是保证医疗临床用血需要和安全，保障献血者和用血者的身体健康，发扬人道主义精神，促进社会主义物质文明和精神文明建设。所以上答案都是，因此选择D。]]></keypoints></question></questions></exam>