﻿<?xml version="1.0" encoding="UTF-8"?><exam><id>20200402083935</id><questions><instructions><![CDATA[A1型题]]></instructions><question><type>1</type><format>text</format><desc><![CDATA[1.根据《立法法》的规定，有权制定卫生行政法规的机关是]]></desc><options><option><id>A</id><type>text</type><desc><![CDATA[全国人大]]></desc></option><option><id>B</id><type>text</type><desc><![CDATA[全国人大全国人大常委]]></desc></option><option><id>C</id><type>text</type><desc><![CDATA[国务院]]></desc></option><option><id>D</id><type>text</type><desc><![CDATA[卫生部]]></desc></option><option><id>E</id><type>text</type><desc><![CDATA[卫生厅]]></desc></option></options><answers><![CDATA[C]]></answers><keypoints><![CDATA[解析：参照我国《立法法》的规定，有权制定卫生行政法规的机关是卫生部。]]></keypoints></question><question><type>1</type><format>text</format><desc><![CDATA[2.卫生行政执法最主要的两种方式]]></desc><options><option><id>A</id><type>text</type><desc><![CDATA[卫生行政许可和卫生行政处罚]]></desc></option><option><id>B</id><type>text</type><desc><![CDATA[卫生行政监督和卫生行政强制措施]]></desc></option><option><id>C</id><type>text</type><desc><![CDATA[卫生行政许可和卫生行政监督]]></desc></option><option><id>D</id><type>text</type><desc><![CDATA[卫生行政处罚和卫生行政强制措施]]></desc></option><option><id>E</id><type>text</type><desc><![CDATA[卫生行政处罚和卫生行政监督]]></desc></option></options><answers><![CDATA[A]]></answers><keypoints><![CDATA[解析：卫生行政执法最主要的两种方式是卫生行政许可和卫生行政处罚。]]></keypoints></question><question><type>1</type><format>text</format><desc><![CDATA[3.卫生行政过程中运用最多的处罚手段是]]></desc><options><option><id>A</id><type>text</type><desc><![CDATA[卫生行政强制措施]]></desc></option><option><id>B</id><type>text</type><desc><![CDATA[卫生行政监督]]></desc></option><option><id>C</id><type>text</type><desc><![CDATA[卫生行政处罚]]></desc></option><option><id>D</id><type>text</type><desc><![CDATA[卫生行政许可]]></desc></option><option><id>E</id><type>text</type><desc><![CDATA[ 卫生行政处理]]></desc></option></options><answers><![CDATA[C]]></answers><keypoints><![CDATA[解析：卫生行政过程中运用最多的处罚手段是卫生行政处罚。]]></keypoints></question><question><type>1</type><format>text</format><desc><![CDATA[4.卫生行政处罚的基本程序是指]]></desc><options><option><id>A</id><type>text</type><desc><![CDATA[简易程序]]></desc></option><option><id>B</id><type>text</type><desc><![CDATA[特殊程序]]></desc></option><option><id>C</id><type>text</type><desc><![CDATA[复杂程序]]></desc></option><option><id>D</id><type>text</type><desc><![CDATA[一般程序]]></desc></option><option><id>E</id><type>text</type><desc><![CDATA[听证程序]]></desc></option></options><answers><![CDATA[D]]></answers><keypoints><![CDATA[解析：卫生行政处罚的基本程序是指一般程序。]]></keypoints></question><question><type>1</type><format>text</format><desc><![CDATA[5.行政处罚只能]]></desc><options><option><id>A</id><type>text</type><desc><![CDATA[对有行政隶属关系的人使用]]></desc></option><option><id>B</id><type>text</type><desc><![CDATA[由公安机关执行]]></desc></option><option><id>C</id><type>text</type><desc><![CDATA[处罚公务员或公民个人，而不能处罚单位或组织]]></desc></option><option><id>D</id><type>text</type><desc><![CDATA[是国家特定行政机关对违反行政法的个人或组织依法采取的惩戒措施]]></desc></option><option><id>E</id><type>text</type><desc><![CDATA[行政机关可以因当事人的申辩而加重对其行政处罚]]></desc></option></options><answers><![CDATA[D]]></answers><keypoints><![CDATA[解析：行政处罚只能是国家特定行政机关对违反行政法的个人或组织依法采取的惩戒措施。]]></keypoints></question><question><type>1</type><format>html</format><desc><![CDATA[6.下面所列组织中在行政法上<u><b>不具备</b></u>行政主体资格的是]]></desc><options><option><id>A</id><type>text</type><desc><![CDATA[行政机关委托的治安联防处]]></desc></option><option><id>B</id><type>text</type><desc><![CDATA[县公安局所属的道路交通警察队]]></desc></option><option><id>C</id><type>text</type><desc><![CDATA[某区街道办事处]]></desc></option><option><id>D</id><type>text</type><desc><![CDATA[法律授权颁发注册会计师资格证书的注册会计师协会]]></desc></option><option><id>E</id><type>text</type><desc><![CDATA[行政机关可以因当事人的申辩而加重对其行政处罚]]></desc></option></options><answers><![CDATA[A]]></answers><keypoints><![CDATA[解析：政法上不具备行政主体资格的是行政机关委托的治安联防处。]]></keypoints></question><question><type>1</type><format>text</format><desc><![CDATA[7.下列关于行政主体的表述中正确的选项是]]></desc><options><option><id>A</id><type>text</type><desc><![CDATA[行政主体是指行政机关]]></desc></option><option><id>B</id><type>text</type><desc><![CDATA[行政主体是指具有行政职权的行政机关]]></desc></option><option><id>C</id><type>text</type><desc><![CDATA[行政主体是享有行政职权、实施行政活动、承担行政责任的组织]]></desc></option><option><id>D</id><type>text</type><desc><![CDATA[行政主体是指行政法律关系的主体]]></desc></option><option><id>E</id><type>text</type><desc><![CDATA[行政机关可以因当事人的申辩而加重对其行政处罚]]></desc></option></options><answers><![CDATA[C]]></answers><keypoints><![CDATA[解析：行政主体是享有行政职权、实施行政活动、承担行政责任的组织。]]></keypoints></question><question><type>1</type><format>text</format><desc><![CDATA[8.以下主体，可以成为行政立法主体的是]]></desc><options><option><id>A</id><type>text</type><desc><![CDATA[依法行使职权的公务员]]></desc></option><option><id>B</id><type>text</type><desc><![CDATA[国家行政机关]]></desc></option><option><id>C</id><type>text</type><desc><![CDATA[被授权的组织]]></desc></option><option><id>D</id><type>text</type><desc><![CDATA[其他组织]]></desc></option><option><id>E</id><type>text</type><desc><![CDATA[行政机关可以因当事人的申辩而加重对其行政处罚]]></desc></option></options><answers><![CDATA[B]]></answers><keypoints><![CDATA[解析：行政立法主体的是国家行政机关。]]></keypoints></question><question><type>1</type><format>text</format><desc><![CDATA[9.卫生行政复议，是卫生行政复议机关对卫生行政执法机关的具体执法行为进行审查，并要做出行政复议裁决，该审查主要是]]></desc><options><option><id>A</id><type>text</type><desc><![CDATA[只对卫生行政执法机关的具体执法行为的合法性进行审理]]></desc></option><option><id>B</id><type>text</type><desc><![CDATA[只对卫生行政执法机关的具体执法行为的适当性进行审理]]></desc></option><option><id>C</id><type>text</type><desc><![CDATA[对上述合法性和适当性都进行审理]]></desc></option><option><id>D</id><type>text</type><desc><![CDATA[对上述合法性和适当性都不进行审理]]></desc></option><option><id>E</id><type>text</type><desc><![CDATA[只对卫生行政执法机关的执法行为的合理性进行审理]]></desc></option></options><answers><![CDATA[C]]></answers><keypoints><![CDATA[解析：卫生行政复议机关对卫生行政执法机关的具体执法行为的合法性和适当性都进行审查。]]></keypoints></question><question><type>1</type><format>text</format><desc><![CDATA[10.行政主体在行使国家赋予的行政职权，实施国家行政管理活动的过程中，所必须承担的法定义务，称为]]></desc><options><option><id>A</id><type>text</type><desc><![CDATA[行政职权]]></desc></option><option><id>B</id><type>text</type><desc><![CDATA[行政优益权]]></desc></option><option><id>C</id><type>text</type><desc><![CDATA[行政职责]]></desc></option><option><id>D</id><type>text</type><desc><![CDATA[行政权限]]></desc></option><option><id>E</id><type>text</type><desc><![CDATA[行政机关可以因当事人的申辩而加重对其行政处罚]]></desc></option></options><answers><![CDATA[C]]></answers><keypoints><![CDATA[解析：行政主体在行使国家赋予的行政职权，实施国家行政管理活动的过程中，所必须承担的法定义务，称为行政职责。]]></keypoints></question><question><type>1</type><format>html</format><desc><![CDATA[11.根据行政法学理论和实践及现行有效法律的规定，下列哪一选项<u><b>并非</b></u>行政委托的受委托组织一般必须具备的条件]]></desc><options><option><id>A</id><type>text</type><desc><![CDATA[依法成立的管理公共事务的事业组织]]></desc></option><option><id>B</id><type>text</type><desc><![CDATA[具有熟悉有关法律法规规章和业务的工作人员]]></desc></option><option><id>C</id><type>text</type><desc><![CDATA[能够独立地承担法律责任]]></desc></option><option><id>D</id><type>text</type><desc><![CDATA[对违法行为需要进行技术检查和技术鉴定的，应当有条件组织进行相应的技术检查或技术鉴定]]></desc></option><option><id>E</id><type>text</type><desc><![CDATA[行政机关可以因当事人的申辩而加重对其行政处罚]]></desc></option></options><answers><![CDATA[C]]></answers><keypoints><![CDATA[解析：受委托组织一般不能够独立地承担法律责任。]]></keypoints></question></questions></exam>