﻿<?xml version="1.0" encoding="UTF-8"?><exam><id>20200402084817</id><questions><instructions><![CDATA[A1型题]]></instructions><question><type>1</type><format>html</format><desc><![CDATA[1.执业医师考试类别<u><b>不包括</b></u>]]></desc><options><option><id>A</id><type>text</type><desc><![CDATA[临床]]></desc></option><option><id>B</id><type>text</type><desc><![CDATA[中医]]></desc></option><option><id>C</id><type>text</type><desc><![CDATA[公共卫生]]></desc></option><option><id>D</id><type>text</type><desc><![CDATA[中西医结合]]></desc></option><option><id>E</id><type>text</type><desc><![CDATA[口腔]]></desc></option></options><answers><![CDATA[D]]></answers><keypoints><![CDATA[解析：执业医师分为临床、中医（包括中医、民族医和中西医结合）、口腔、公共卫生四类（增加了一类乡村全科助理医师）。]]></keypoints></question><question><type>1</type><format>text</format><desc><![CDATA[2.关于医师资格证书正确的是]]></desc><options><option><id>A</id><type>text</type><desc><![CDATA[医师资格证书持有者即可从事医师执业活动]]></desc></option><option><id>B</id><type>text</type><desc><![CDATA[医师资格证书一经获得就终生具有执业医师资格]]></desc></option><option><id>C</id><type>text</type><desc><![CDATA[医学院校大学毕业生即可获得医师资格证书]]></desc></option><option><id>D</id><type>text</type><desc><![CDATA[医师资格证书只要申请，即可参加考试]]></desc></option><option><id>E</id><type>text</type><desc><![CDATA[有医师资格证书，经过注册后就可以在全国范围内进行执业活动]]></desc></option></options><answers><![CDATA[B]]></answers><keypoints><![CDATA[解析：医师资格证书持有者，具有从事医师执业活动所必需的个人学识、技术和能力，一经获得就终身具有执业医师资格。]]></keypoints></question><question><type>1</type><format>text</format><desc><![CDATA[3.取得医师资格的，可以向（  ）申请执业。]]></desc><options><option><id>A</id><type>text</type><desc><![CDATA[各级政府]]></desc></option><option><id>B</id><type>text</type><desc><![CDATA[县级以上卫生局]]></desc></option><option><id>C</id><type>text</type><desc><![CDATA[工商行政管理局]]></desc></option><option><id>D</id><type>text</type><desc><![CDATA[医学会]]></desc></option><option><id>E</id><type>text</type><desc><![CDATA[劳动局]]></desc></option></options><answers><![CDATA[B]]></answers><keypoints><![CDATA[解析：《执业医师法》规定，凡取得执业医师资格或者执业助理医师资格的，均可向所在地县级以上人民政府卫生行政部门申请医师执业注册。]]></keypoints></question><question><type>1</type><format>html</format><desc><![CDATA[4.医师在执业活动中<u><b>不属于</b></u>医师权利的是]]></desc><options><option><id>A</id><type>text</type><desc><![CDATA[选择合理医疗、预防、保健方案]]></desc></option><option><id>B</id><type>text</type><desc><![CDATA[参加专业学术团体]]></desc></option><option><id>C</id><type>text</type><desc><![CDATA[接受继续医学教育]]></desc></option><option><id>D</id><type>text</type><desc><![CDATA[擅自涂改病历资料]]></desc></option><option><id>E</id><type>text</type><desc><![CDATA[人格尊严和人身安全不受侵犯]]></desc></option></options><answers><![CDATA[D]]></answers><keypoints><![CDATA[解析：《执业医师法》规定，医师在执业活动中药遵守法律、法规，遵守技术操作规范。擅自涂改病历属于违法行为。]]></keypoints></question><question><type>1</type><format>html</format><desc><![CDATA[5.医师在执业活动中<u><b>不具有</b></u>下列义务的是]]></desc><options><option><id>A</id><type>text</type><desc><![CDATA[遵守技术操作规范]]></desc></option><option><id>B</id><type>text</type><desc><![CDATA[保护患者隐私]]></desc></option><option><id>C</id><type>text</type><desc><![CDATA[提高专业技术水平]]></desc></option><option><id>D</id><type>text</type><desc><![CDATA[宣传卫生保健知识]]></desc></option><option><id>E</id><type>text</type><desc><![CDATA[收受红包]]></desc></option></options><answers><![CDATA[E]]></answers><keypoints><![CDATA[解析：收受红包的行为既违反《执业医师法》。也违反了医师的职业道德，是应该严厉打击的行为。]]></keypoints></question><question><type>1</type><format>text</format><desc><![CDATA[6.医师被注销注册的当事人有异议的，可以自收到注销注册通知之日起(  )日内，依法申请复议或者向人民法院提起诉讼。]]></desc><options><option><id>A</id><type>text</type><desc><![CDATA[30]]></desc></option><option><id>B</id><type>text</type><desc><![CDATA[20]]></desc></option><option><id>C</id><type>text</type><desc><![CDATA[15]]></desc></option><option><id>D</id><type>text</type><desc><![CDATA[10]]></desc></option><option><id>E</id><type>text</type><desc><![CDATA[7]]></desc></option></options><answers><![CDATA[C]]></answers><keypoints><![CDATA[解析：《执业医师法》规定：医师被注销注册的当事人有异议的，可以自收到注销注册通知之日起十五日内，依法申请复议或者向人民法院提起诉讼。]]></keypoints></question><question><type>1</type><format>text</format><desc><![CDATA[7.《刑法》335条规定：医务人员由于严重不负责任，造成就诊人死亡或者严重损害就诊人健康的，处（  ）年以下有期徒刑或者拘役。]]></desc><options><option><id>A</id><type>text</type><desc><![CDATA[3]]></desc></option><option><id>B</id><type>text</type><desc><![CDATA[5]]></desc></option><option><id>C</id><type>text</type><desc><![CDATA[1]]></desc></option><option><id>D</id><type>text</type><desc><![CDATA[2]]></desc></option><option><id>E</id><type>text</type><desc><![CDATA[4]]></desc></option></options><answers><![CDATA[A]]></answers><keypoints><![CDATA[解析：《刑法》335条规定：医务人员由于严重不负责任，造成就诊人死亡或者严重损害就诊人健康的，处三年以下有期徒刑或者拘役。]]></keypoints></question><question><type>1</type><format>text</format><desc><![CDATA[8.关于护士执业注册的原则正确的是]]></desc><options><option><id>A</id><type>text</type><desc><![CDATA[获得《中华人民共和国护士执业证书》者，才能申请注册]]></desc></option><option><id>B</id><type>text</type><desc><![CDATA[依法注册后，终身有效]]></desc></option><option><id>C</id><type>text</type><desc><![CDATA[依法注册两年后才能从事护理工作]]></desc></option><option><id>D</id><type>text</type><desc><![CDATA[大学本科护理专业毕业的人员，可直接注册]]></desc></option><option><id>E</id><type>text</type><desc><![CDATA[有国外护士执业证书，可直接在中国执业]]></desc></option></options><answers><![CDATA[A]]></answers><keypoints><![CDATA[解析：《中华人民共和国护士管理办法》第十二条规定：获得《中华人民共和国护士执业证书》者，方可申请护士执业注册。]]></keypoints></question><question><type>1</type><format>html</format><desc><![CDATA[9.下列<u><b>不属于</b></u>护士职责的是]]></desc><options><option><id>A</id><type>text</type><desc><![CDATA[保护生命]]></desc></option><option><id>B</id><type>text</type><desc><![CDATA[确立诊断]]></desc></option><option><id>C</id><type>text</type><desc><![CDATA[减轻痛苦]]></desc></option><option><id>D</id><type>text</type><desc><![CDATA[增进健康]]></desc></option><option><id>E</id><type>text</type><desc><![CDATA[促进康复]]></desc></option></options><answers><![CDATA[B]]></answers><keypoints><![CDATA[解析：确立诊断是医师的职责。]]></keypoints></question><question><type>1</type><format>text</format><desc><![CDATA[10.护士在工作中对某个医生的医嘱有疑问，正确的做法是]]></desc><options><option><id>A</id><type>text</type><desc><![CDATA[向主班护士报告]]></desc></option><option><id>B</id><type>text</type><desc><![CDATA[向护士长报告]]></desc></option><option><id>C</id><type>text</type><desc><![CDATA[告诉开医嘱的医生，请医生核实]]></desc></option><option><id>D</id><type>text</type><desc><![CDATA[告诉科主任]]></desc></option><option><id>E</id><type>text</type><desc><![CDATA[不用告诉其他人]]></desc></option></options><answers><![CDATA[C]]></answers><keypoints><![CDATA[解析：护士发现医嘱违反法律、法规、规章或者诊疗技术规范规定的，应当及时向开具医嘱的医师提出；必要时，应当向该医师所在科室的负责人或者医疗卫生机构负责医疗服务管理的人员报告。]]></keypoints></question><question><type>1</type><format>text</format><desc><![CDATA[11.护士申请延续注册的时间应为]]></desc><options><option><id>A</id><type>text</type><desc><![CDATA[有效期届满前半年]]></desc></option><option><id>B</id><type>text</type><desc><![CDATA[有效期届满前30日]]></desc></option><option><id>C</id><type>text</type><desc><![CDATA[有效期届满后30日]]></desc></option><option><id>D</id><type>text</type><desc><![CDATA[有效期届满后半年]]></desc></option><option><id>E</id><type>text</type><desc><![CDATA[有效期届满后一年]]></desc></option></options><answers><![CDATA[B]]></answers><keypoints><![CDATA[解析：《护士条例》第十条规定：护士执业注册有效期届满需要继续执业的，应当在护士执业注册有效期届满前30日向执业地省、自治区、直辖市人民政府卫生主管部门申请延续注册。]]></keypoints></question><question><type>1</type><format>html</format><desc><![CDATA[12.护士在执业活动中出现的情形，<u><b>不适合</b></u>依照护士条例进行处罚的是]]></desc><options><option><id>A</id><type>text</type><desc><![CDATA[发生公共卫生时间不服从安排参加医疗救护]]></desc></option><option><id>B</id><type>text</type><desc><![CDATA[因患者自身原因造成的事故]]></desc></option><option><id>C</id><type>text</type><desc><![CDATA[因工作疏忽造成医疗事故]]></desc></option><option><id>D</id><type>text</type><desc><![CDATA[发现患者病情危急未及时通知医师]]></desc></option><option><id>E</id><type>text</type><desc><![CDATA[泄露患者隐私]]></desc></option></options><answers><![CDATA[B]]></answers><keypoints><![CDATA[解析：因患者自身原因造成事故的后果有患者自行承担。]]></keypoints></question><question><type>1</type><format>html</format><desc><![CDATA[13.全国护士执业考试内容<u><b>不包括</b></u>（）科目，采用标准化考试试题。]]></desc><options><option><id>A</id><type>text</type><desc><![CDATA[基础护理学、儿科护理]]></desc></option><option><id>B</id><type>text</type><desc><![CDATA[内科护理学]]></desc></option><option><id>C</id><type>text</type><desc><![CDATA[外科护理学]]></desc></option><option><id>D</id><type>text</type><desc><![CDATA[妇产科护理学]]></desc></option><option><id>E</id><type>text</type><desc><![CDATA[老年护理]]></desc></option></options><answers><![CDATA[E]]></answers><keypoints><![CDATA[解析：全国护士执业考试每年举行1次，护士考试报考专业分为西医护理专业和中医护理专业两类，内容包括基础护理学、内科护理学、外科护理学、妇产科护理学、儿科护理学五个科目。]]></keypoints></question><question><type>1</type><format>text</format><desc><![CDATA[14.执业药师的职责是]]></desc><options><option><id>A</id><type>text</type><desc><![CDATA[忠于职守，遵守职业道德，对药品质量负责，保证人民用药安全有效]]></desc></option><option><id>B</id><type>text</type><desc><![CDATA[供用药咨询，指导合理用药]]></desc></option><option><id>C</id><type>text</type><desc><![CDATA[对违反《药品管理法》及有关规定的行为或决定，有责任提出劝告、制止、拒绝执行并向上级报告]]></desc></option><option><id>D</id><type>text</type><desc><![CDATA[严格遵守《药品管理法》及有关法规，监督管理执业范围内的药品质量]]></desc></option><option><id>E</id><type>text</type><desc><![CDATA[以上都对]]></desc></option></options><answers><![CDATA[E]]></answers><keypoints><![CDATA[解析：以上全部是执业药师的职责。]]></keypoints></question><question><type>1</type><format>html</format><desc><![CDATA[15.下列<u><b>不属于</b></u>申请执业药师注册人员的必要条件是]]></desc><options><option><id>A</id><type>text</type><desc><![CDATA[取得《执业药师资格证书》]]></desc></option><option><id>B</id><type>text</type><desc><![CDATA[遵纪守法、遵守职业道德]]></desc></option><option><id>C</id><type>text</type><desc><![CDATA[能坚持在执业药师岗位工作]]></desc></option><option><id>D</id><type>text</type><desc><![CDATA[经执业单位同意]]></desc></option><option><id>E</id><type>text</type><desc><![CDATA[具有教学能力]]></desc></option></options><answers><![CDATA[E]]></answers><keypoints><![CDATA[解析：具有教学能力不属于执业药师注册人员的必要条件。]]></keypoints></question><question><type>1</type><format>text</format><desc><![CDATA[16.参加执业药师资格考试者，必须]]></desc><options><option><id>A</id><type>text</type><desc><![CDATA[取得药学、中药学或相关专业中专学历，从事药学或中药学专业工作满七年]]></desc></option><option><id>B</id><type>text</type><desc><![CDATA[取得药学、中药学或相关专业大专学历，从事药学或中药学专业工作满五年]]></desc></option><option><id>C</id><type>text</type><desc><![CDATA[取得药学、中药学或相关专业大学本科学历，从事药学或中药学专业工作满三年]]></desc></option><option><id>D</id><type>text</type><desc><![CDATA[取得药学、中药学或相关专业第二学士学位，研究生班毕业或硕士学位，从事药学或中药学专业工作满一年]]></desc></option><option><id>E</id><type>text</type><desc><![CDATA[以上全对]]></desc></option></options><answers><![CDATA[E]]></answers><keypoints><![CDATA[解析：参见《执业药师资格考试实施办法》第二条。]]></keypoints></question><question><type>1</type><format>text</format><desc><![CDATA[17. 执业药师注册有效期为（  ）年，有效期满前三个月，持证者须到注册机构办理再次注册手续。]]></desc><options><option><id>A</id><type>text</type><desc><![CDATA[1]]></desc></option><option><id>B</id><type>text</type><desc><![CDATA[2]]></desc></option><option><id>C</id><type>text</type><desc><![CDATA[3]]></desc></option><option><id>D</id><type>text</type><desc><![CDATA[4]]></desc></option><option><id>E</id><type>text</type><desc><![CDATA[5]]></desc></option></options><answers><![CDATA[C]]></answers><keypoints><![CDATA[解析：《执业药师注册管理办法》规定，执业药师注册有效期为三年，有效期满前三个月，持证者须到注册机构办理再次注册手续。]]></keypoints></question><question><type>1</type><format>text</format><desc><![CDATA[18.对于《乡村医生管理条例》的适用对象，以下说法正确的是]]></desc><options><option><id>A</id><type>text</type><desc><![CDATA[尚未取得执业医师资格或者执业助理医师资格，经注册在村医疗卫生机构从事预防、保健和一般医疗服务的]]></desc></option><option><id>B</id><type>text</type><desc><![CDATA[有执业医师资格的]]></desc></option><option><id>C</id><type>text</type><desc><![CDATA[按照国家有关规定取得医学专业技术职称和医学专业技术职务的人员]]></desc></option><option><id>D</id><type>text</type><desc><![CDATA[计划生育技术服务机构中的医师]]></desc></option><option><id>E</id><type>text</type><desc><![CDATA[军队医师]]></desc></option></options><answers><![CDATA[A]]></answers><keypoints><![CDATA[解析：乡村医生，是指尚未取得执业医师资格或者执业助理医师资格，经注册在村医疗卫生机构从事预防、保健和一般医疗服务的医生。]]></keypoints></question><question><type>1</type><format>html</format><desc><![CDATA[19.《乡村医生从业管理条例》施行后，对于已经在县级卫生行政机关取得了乡村医师证书的人，要注册乡村医生执业资格的条件<u><b>不包括</b></u>]]></desc><options><option><id>A</id><type>text</type><desc><![CDATA[已经取得中等以上医学专业的学历]]></desc></option><option><id>B</id><type>text</type><desc><![CDATA[在村医疗卫生机构连续工作20年以上]]></desc></option><option><id>C</id><type>text</type><desc><![CDATA[按照省、自治区、直辖市人民政府卫生行政主管部门制定的培训规划，接受培训取得合格证书的]]></desc></option><option><id>D</id><type>text</type><desc><![CDATA[偏远地区已取得中等专业执业证书的医疗技术人员]]></desc></option><option><id>E</id><type>text</type><desc><![CDATA[在县级卫生行政部门进行医疗卫生服务基本知识的培训考试中合格的]]></desc></option></options><answers><![CDATA[D]]></answers><keypoints><![CDATA[解析：参见《乡村医生从业管理条例》规定。]]></keypoints></question><question><type>1</type><format>html</format><desc><![CDATA[20.乡村医生下列哪种情形，<u><b>不需要</b></u>由原注册的卫生行政主管部门注销执业注册，收回乡村医生执业证书]]></desc><options><option><id>A</id><type>text</type><desc><![CDATA[死亡或者被宣告失踪的；]]></desc></option><option><id>B</id><type>text</type><desc><![CDATA[受刑事处罚的；]]></desc></option><option><id>C</id><type>text</type><desc><![CDATA[中止执业活动满2年的；]]></desc></option><option><id>D</id><type>text</type><desc><![CDATA[乡村医生未按照培训规划的要求至少每2年接受一次培训的；]]></desc></option><option><id>E</id><type>text</type><desc><![CDATA[考核不合格，逾期未提出再次考核申请或者经再次考核仍不合格的。]]></desc></option></options><answers><![CDATA[D]]></answers><keypoints><![CDATA[解析：《乡村医生从业管理条例》规定，乡村医生有下列情形之一的，由原注册的卫生行政主管部门注销执业注册，收回乡村医生执业证书：（1）死亡或者被宣告失踪的；（2）受刑事处罚的；（3）中止执业活动满2年的；（4）考核不合格，逾期未提出再次考核申请或者经再次考核仍不合格的。]]></keypoints></question></questions></exam>