﻿<?xml version="1.0" encoding="UTF-8"?><exam><id>20200402084549</id><questions><instructions><![CDATA[A1型题]]></instructions><question><type>1</type><format>text</format><desc><![CDATA[1.最新修订的《医疗机构管理条例》的施行日期是]]></desc><options><option><id>A</id><type>text</type><desc><![CDATA[1987年4月1日]]></desc></option><option><id>B</id><type>text</type><desc><![CDATA[2016年2月6日]]></desc></option><option><id>C</id><type>text</type><desc><![CDATA[2016年1月13日]]></desc></option><option><id>D</id><type>text</type><desc><![CDATA[1998年12月29日]]></desc></option><option><id>E</id><type>text</type><desc><![CDATA[1997年7月1日]]></desc></option></options><answers><![CDATA[B]]></answers><keypoints><![CDATA[解析：新修订的《医疗机构管理条例》的施行日期是2016年2月6日。]]></keypoints></question><question><type>1</type><format>text</format><desc><![CDATA[2.下列属于医疗广告内容的范畴的是]]></desc><options><option><id>A</id><type>text</type><desc><![CDATA[医疗机构名称]]></desc></option><option><id>B</id><type>text</type><desc><![CDATA[医疗机构地址]]></desc></option><option><id>C</id><type>text</type><desc><![CDATA[医疗机构联系电话]]></desc></option><option><id>D</id><type>text</type><desc><![CDATA[医疗机构床位数]]></desc></option><option><id>E</id><type>text</type><desc><![CDATA[以上都属于]]></desc></option></options><answers><![CDATA[E]]></answers><keypoints><![CDATA[解析：《医疗广告管理办法》第六条规定的医疗广告的8种内容。]]></keypoints></question><question><type>1</type><format>html</format><desc><![CDATA[3.下列<u><b>不得</b></u>出现在医疗广告中的是]]></desc><options><option><id>A</id><type>text</type><desc><![CDATA[宣传治愈率、有效率]]></desc></option><option><id>B</id><type>text</type><desc><![CDATA[医疗机构地址]]></desc></option><option><id>C</id><type>text</type><desc><![CDATA[医疗机构联系电话]]></desc></option><option><id>D</id><type>text</type><desc><![CDATA[医疗机构床位数]]></desc></option><option><id>E</id><type>text</type><desc><![CDATA[医疗机构类别]]></desc></option></options><answers><![CDATA[A]]></answers><keypoints><![CDATA[解析：《医疗广告管理办法》第七条规定的医疗广告不得出现的8种情形。]]></keypoints></question><question><type>1</type><format>text</format><desc><![CDATA[4.我国医院的等级划分正确的是]]></desc><options><option><id>A</id><type>text</type><desc><![CDATA[一级是床位在100张以上]]></desc></option><option><id>B</id><type>text</type><desc><![CDATA[二级是床位在200张以上]]></desc></option><option><id>C</id><type>text</type><desc><![CDATA[三级是床位在300张以上]]></desc></option><option><id>D</id><type>text</type><desc><![CDATA[一共是三级九等]]></desc></option><option><id>E</id><type>text</type><desc><![CDATA[一共是三级十等]]></desc></option></options><answers><![CDATA[E]]></answers><keypoints><![CDATA[解析：我国医院的等级一共分为三级十等。]]></keypoints></question><question><type>1</type><format>html</format><desc><![CDATA[5.下列<u><b>不属于</b></u>医疗机构设置规划的依据来源的是]]></desc><options><option><id>A</id><type>text</type><desc><![CDATA[人口数量]]></desc></option><option><id>B</id><type>text</type><desc><![CDATA[医疗资源]]></desc></option><option><id>C</id><type>text</type><desc><![CDATA[医疗需求]]></desc></option><option><id>D</id><type>text</type><desc><![CDATA[经费]]></desc></option><option><id>E</id><type>text</type><desc><![CDATA[现有医疗机构的分布状况]]></desc></option></options><answers><![CDATA[D]]></answers><keypoints><![CDATA[解析：新修订的《医疗机构管理条例》第六条规定：县级以上地方人民政府卫生行政部门应当根据本行政区域内的人口、医疗资源、医疗需求和现有医疗机构的分布状况，制定本行政区域医疗机构设置规划。]]></keypoints></question><question><type>1</type><format>text</format><desc><![CDATA[6. 医疗机构非因改建、扩建、迁建原因停业超过（ ）的，视为歇业。]]></desc><options><option><id>A</id><type>text</type><desc><![CDATA[3个月]]></desc></option><option><id>B</id><type>text</type><desc><![CDATA[6个月]]></desc></option><option><id>C</id><type>text</type><desc><![CDATA[12个月]]></desc></option><option><id>D</id><type>text</type><desc><![CDATA[18个月]]></desc></option><option><id>E</id><type>text</type><desc><![CDATA[24个月]]></desc></option></options><answers><![CDATA[C]]></answers><keypoints><![CDATA[解析：新修订的《医疗机构管理条例》第二十一条规定：医疗机构歇业，必须向原登记机关办理注销登记。经登记机关核准后，收缴《医疗机构执业许可证》。 医疗机构非因改建、扩建、迁建原因停业超过1年的，视为歇业。]]></keypoints></question><question><type>1</type><format>text</format><desc><![CDATA[7. 医疗机构的门诊病历的保存期不得少于（ ）年。]]></desc><options><option><id>A</id><type>text</type><desc><![CDATA[5]]></desc></option><option><id>B</id><type>text</type><desc><![CDATA[10]]></desc></option><option><id>C</id><type>text</type><desc><![CDATA[15]]></desc></option><option><id>D</id><type>text</type><desc><![CDATA[20]]></desc></option><option><id>E</id><type>text</type><desc><![CDATA[30]]></desc></option></options><answers><![CDATA[C]]></answers><keypoints><![CDATA[解析：新修订的《医疗机构管理条例》第五十三条规定：医疗机构的门诊病历的保存期不得少于十五年；住院病历的保存期不得少于三十年。]]></keypoints></question><question><type>1</type><format>html</format><desc><![CDATA[8. 医疗机构的住院病历的保存期<u><b>不得</b></u>少于（ ）年。]]></desc><options><option><id>A</id><type>text</type><desc><![CDATA[5]]></desc></option><option><id>B</id><type>text</type><desc><![CDATA[10]]></desc></option><option><id>C</id><type>text</type><desc><![CDATA[15]]></desc></option><option><id>D</id><type>text</type><desc><![CDATA[20]]></desc></option><option><id>E</id><type>text</type><desc><![CDATA[30]]></desc></option></options><answers><![CDATA[E]]></answers><keypoints><![CDATA[解析：新修订的《医疗机构管理条例》第五十三条规定：医疗机构的门诊病历的保存期不得少于十五年；住院病历的保存期不得少于三十年。]]></keypoints></question><question><type>1</type><format>text</format><desc><![CDATA[9.单位或者个人设置床位不满100张的医疗机构，应向（）部门申请]]></desc><options><option><id>A</id><type>text</type><desc><![CDATA[所在地的县级人民政府卫生行政部门]]></desc></option><option><id>B</id><type>text</type><desc><![CDATA[所在地的市级人民政府卫生行政部门]]></desc></option><option><id>C</id><type>text</type><desc><![CDATA[所在地的省级人民政府卫生行政部门]]></desc></option><option><id>D</id><type>text</type><desc><![CDATA[国务院卫生行政部门]]></desc></option><option><id>E</id><type>text</type><desc><![CDATA[所在地的县级人民政府]]></desc></option></options><answers><![CDATA[A]]></answers><keypoints><![CDATA[解析：新修订的《医疗机构管理条例》第十一条规定：单位或者个人设置医疗机构，应当按照以下规定提出设置申请：（一）不设床位或者床位不满100张的医疗机构，向所在地的县级人民政府卫生行政部门申请。]]></keypoints></question><question><type>1</type><format>text</format><desc><![CDATA[10.卫生行政部门应当自受理设置申请之日起（ ）内作出答复。]]></desc><options><option><id>A</id><type>text</type><desc><![CDATA[7日]]></desc></option><option><id>B</id><type>text</type><desc><![CDATA[15个工作日]]></desc></option><option><id>C</id><type>text</type><desc><![CDATA[15日]]></desc></option><option><id>D</id><type>text</type><desc><![CDATA[30个工作日]]></desc></option><option><id>E</id><type>text</type><desc><![CDATA[30日]]></desc></option></options><answers><![CDATA[E]]></answers><keypoints><![CDATA[解析：新修订的《医疗机构管理条例》第十二条规定：县级以上地方人民政府卫生行政部门应当自受理设置申请之日起30日内，作出批准或者不批准的书面答复；批准设置的，发给设置医疗机构批准书。]]></keypoints></question><question><type>1</type><format>html</format><desc><![CDATA[11.下列<u><b>不属于</b></u>医疗机构执业登记的主要事项的是]]></desc><options><option><id>A</id><type>text</type><desc><![CDATA[名称、地址、主要负责人]]></desc></option><option><id>B</id><type>text</type><desc><![CDATA[诊疗科目、床位]]></desc></option><option><id>C</id><type>text</type><desc><![CDATA[所有制形式]]></desc></option><option><id>D</id><type>text</type><desc><![CDATA[医务人员数量]]></desc></option><option><id>E</id><type>text</type><desc><![CDATA[注册资金]]></desc></option></options><answers><![CDATA[D]]></answers><keypoints><![CDATA[解析：新修订的《医疗机构管理条例》第十八条规定：医疗机构执业登记的主要事项：（一）名称、地址、主要负责人；（二）所有制形式；（三）诊疗科目、床位；（四）注册资金。]]></keypoints></question></questions></exam>