﻿<?xml version="1.0" encoding="UTF-8"?><exam><id>20200402091131</id><questions><instructions><![CDATA[A1型题]]></instructions><question><type>1</type><format>text</format><desc><![CDATA[1.《中华人民共和国母婴保健法》自（  ）起执行。]]></desc><options><option><id>A</id><type>text</type><desc><![CDATA[1995年10月27日]]></desc></option><option><id>B</id><type>text</type><desc><![CDATA[1995年6月1日]]></desc></option><option><id>C</id><type>text</type><desc><![CDATA[2001年6月1日]]></desc></option><option><id>D</id><type>text</type><desc><![CDATA[2017年11月17日]]></desc></option></options><answers><![CDATA[B]]></answers><keypoints><![CDATA[解析：《中华人民共和国母婴保健法》的施行日期是1995年6月1日。]]></keypoints></question><question><type>1</type><format>text</format><desc><![CDATA[2.产前诊断是指对（  ）进行先天性缺陷和遗传性疾病的诊断。]]></desc><options><option><id>A</id><type>text</type><desc><![CDATA[母亲]]></desc></option><option><id>B</id><type>text</type><desc><![CDATA[父亲]]></desc></option><option><id>C</id><type>text</type><desc><![CDATA[胎儿]]></desc></option><option><id>D</id><type>text</type><desc><![CDATA[奶奶]]></desc></option></options><answers><![CDATA[C]]></answers><keypoints><![CDATA[解析：胎儿。]]></keypoints></question><question><type>1</type><format>text</format><desc><![CDATA[3.（  ）负责管理本行政区域内的母婴保健工作。]]></desc><options><option><id>A</id><type>text</type><desc><![CDATA[县级以上人民政府]]></desc></option><option><id>B</id><type>text</type><desc><![CDATA[地方人民政府]]></desc></option><option><id>C</id><type>text</type><desc><![CDATA[县级以上地方人民政府]]></desc></option><option><id>D</id><type>text</type><desc><![CDATA[县级以上地方人民政府卫生行政部门]]></desc></option></options><answers><![CDATA[D]]></answers><keypoints><![CDATA[解析：《中华人民共和国母婴保健法》及其实施办法规定，县级以上地方人民政府卫生行政部门负责本行政区域内的母婴保健监督管理工作。]]></keypoints></question><question><type>1</type><format>html</format><desc><![CDATA[4.发现下列哪种情形者，<u><b>不应</b></u>提出终止妊娠的医学意见]]></desc><options><option><id>A</id><type>text</type><desc><![CDATA[胎儿患有严重遗传性疾病的]]></desc></option><option><id>B</id><type>text</type><desc><![CDATA[胎儿有严重缺陷的]]></desc></option><option><id>C</id><type>text</type><desc><![CDATA[因患严重疾病，继续妊娠可能危及孕妇生命安全或者严重危害孕妇健康的]]></desc></option><option><id>D</id><type>text</type><desc><![CDATA[胎位不正的]]></desc></option></options><answers><![CDATA[D]]></answers><keypoints><![CDATA[解析：《中华人民共和国母婴保健法》规定，经产前诊断，对有下列情形之一的，医师应当向夫妻双方说明情况，并提出终止妊娠的医学意见：（一）胎儿患有严重遗传性疾病的；（二）胎儿有严重缺陷的；（三）因患严重疾病，继续妊娠可能危及孕妇生命安全或者严重危害孕妇健康的。]]></keypoints></question><question><type>1</type><format>html</format><desc><![CDATA[5.<u>严<b>禁</b></u>采用技术手段对胎儿进行下列哪项鉴定]]></desc><options><option><id>A</id><type>text</type><desc><![CDATA[性别]]></desc></option><option><id>B</id><type>text</type><desc><![CDATA[月份]]></desc></option><option><id>C</id><type>text</type><desc><![CDATA[胎位]]></desc></option><option><id>D</id><type>text</type><desc><![CDATA[发育]]></desc></option></options><answers><![CDATA[A]]></answers><keypoints><![CDATA[解析：《中华人民共和国母婴保健法》规定，严禁采用技术手段对胎儿进行性别鉴定。]]></keypoints></question><question><type>1</type><format>html</format><desc><![CDATA[6.按照《母婴保健法》规定，从事医学技术鉴定的人员应当符合一定的任职条件，其<u><b>错误的</b></u>说法为]]></desc><options><option><id>A</id><type>text</type><desc><![CDATA[具有认真负责的工作精神和良好的医德医风]]></desc></option><option><id>B</id><type>text</type><desc><![CDATA[县级应具有主治医师以上的专业技术职务]]></desc></option><option><id>C</id><type>text</type><desc><![CDATA[市级应具有副主任以上的专业技术职务]]></desc></option><option><id>D</id><type>text</type><desc><![CDATA[省级应具有副主任或副教授教授技术职务]]></desc></option></options><answers><![CDATA[D]]></answers><keypoints><![CDATA[解析：《母婴保健医学技术鉴定管理办法》规定，省级医学技术鉴定委员会成员应具有主任或教授技术职务。]]></keypoints></question><question><type>1</type><format>html</format><desc><![CDATA[7.下列<u><b>不属于</b></u>《母婴保健法》规定的婚前保健服务的内容的是]]></desc><options><option><id>A</id><type>text</type><desc><![CDATA[有关性卫生知识的保健和教育]]></desc></option><option><id>B</id><type>text</type><desc><![CDATA[新婚避孕知识及计划生育指导]]></desc></option><option><id>C</id><type>text</type><desc><![CDATA[影响婚育的有关疾病的基本知识]]></desc></option><option><id>D</id><type>text</type><desc><![CDATA[生殖健康知识教育]]></desc></option><option><id>E</id><type>text</type><desc><![CDATA[终止妊娠]]></desc></option></options><answers><![CDATA[E]]></answers><keypoints><![CDATA[解析：终止妊娠属于孕产期保健服务的内容，其他都属于婚前保健服务的内容。]]></keypoints></question><question><type>1</type><format>text</format><desc><![CDATA[8.发现孕妇具有下列哪种情形的应进行产前诊断的是]]></desc><options><option><id>A</id><type>text</type><desc><![CDATA[孕妇的羊水适中]]></desc></option><option><id>B</id><type>text</type><desc><![CDATA[胎儿发育正常]]></desc></option><option><id>C</id><type>text</type><desc><![CDATA[无遗传病家族史]]></desc></option><option><id>D</id><type>text</type><desc><![CDATA[孕妇年龄超过35周岁]]></desc></option></options><answers><![CDATA[D]]></answers><keypoints><![CDATA[解析：《母婴保健实施办法》规定，孕妇有下列情形之一的，医师应当对其进行产前诊断：①羊水过多或者过少的；②胎儿发育异常或者胎儿有可疑畸形的；③孕早期接触过可能导致胎儿先天缺陷的物质的；④有遗传病家族史或者曾经分娩过先天性严重缺陷婴儿的；⑤初产妇年龄超过35周岁的。]]></keypoints></question><question><type>1</type><format>html</format><desc><![CDATA[9.下列有关母婴保健医学技术鉴定说法<u><b>错误的</b></u>是]]></desc><options><option><id>A</id><type>text</type><desc><![CDATA[母婴保健医学技术鉴定委员会进行医学鉴定时须有5名以上相关专业医学技术鉴定委员会成员参加]]></desc></option><option><id>B</id><type>text</type><desc><![CDATA[当事人对婚前医学检查结果有异议的，可以申请医学技术鉴定]]></desc></option><option><id>C</id><type>text</type><desc><![CDATA[县级以上地方人民政府可以设立母婴保健医学技术鉴定委员会]]></desc></option><option><id>D</id><type>text</type><desc><![CDATA[医学技术鉴定委员会成员发表医学技术鉴定意见时，当事人不需要进行回避]]></desc></option></options><answers><![CDATA[D]]></answers><keypoints><![CDATA[解析：《母婴保健实施办法》规定，参加医学技术鉴定人员中与当事人有利害关系的，应当回避。]]></keypoints></question><question><type>1</type><format>text</format><desc><![CDATA[10.《新生儿出生医学证明》可以作为]]></desc><options><option><id>A</id><type>text</type><desc><![CDATA[出生人口申报户籍的依据]]></desc></option><option><id>B</id><type>text</type><desc><![CDATA[出生人口血亲关系证明]]></desc></option><option><id>C</id><type>text</type><desc><![CDATA[依法获得保健服务的证明]]></desc></option><option><id>D</id><type>text</type><desc><![CDATA[国籍证明文件]]></desc></option></options><answers><![CDATA[A]]></answers><keypoints><![CDATA[解析：出生医学证明是证明新生儿出生状态、血亲关系，申报国籍、户籍，取得公民身份证号码的法定医学证明。]]></keypoints></question><question><type>1</type><format>html</format><desc><![CDATA[11.下列关于孕产期保健服务的内容表述<u><b>错误的</b></u>是]]></desc><options><option><id>A</id><type>text</type><desc><![CDATA[为孕产妇建立保健手册（卡），定期进行产前检查，提供卫生、营养、心理等方面的医学指导与咨询]]></desc></option><option><id>B</id><type>text</type><desc><![CDATA[对高危孕妇进行重点监护、随访和医疗保健服务，为孕产妇提供安全分娩技术服务]]></desc></option><option><id>C</id><type>text</type><desc><![CDATA[指导产妇科学喂养婴儿，对产妇及其家属进行生殖健康教育和科学育儿知识教育]]></desc></option><option><id>D</id><type>text</type><desc><![CDATA[影响婚育的有关疾病的基本知识]]></desc></option></options><answers><![CDATA[D]]></answers><keypoints><![CDATA[解析：影响婚育的有关疾病的基本知识属于婚前保健服务的内容。]]></keypoints></question><question><type>1</type><format>html</format><desc><![CDATA[12.下列关于婚前医学检查及婚前医学检查意见表述<u><b>错误的</b></u>是]]></desc><options><option><id>A</id><type>text</type><desc><![CDATA[对经婚前医学检查患有指定传染疾病的当事人提出的医学意见]]></desc></option><option><id>B</id><type>text</type><desc><![CDATA[对经婚前医学检查患有严重遗传性疾病的当事人提出的医学意见]]></desc></option><option><id>C</id><type>text</type><desc><![CDATA[在婚前医学检患有严重遗传性疾病的男女双方不可以结婚]]></desc></option><option><id>D</id><type>text</type><desc><![CDATA[婚前医学检查的疾病检查包括严重遗传性疾病、指定传染病、有关精神病]]></desc></option></options><answers><![CDATA[C]]></answers><keypoints><![CDATA[解析：经婚前医学检查，对诊断患医学上认为不宜生育的严重性遗传性疾病的，医师应当向男女双方说明情况，提出医学意见；经男女双方同意，可以自愿采用长效避孕措施或者施行结扎手术后不生育的，可以结婚。]]></keypoints></question><question><type>1</type><format>html</format><desc><![CDATA[13.母婴保健技术服务的主要内容<u><b>不包括</b></u>]]></desc><options><option><id>A</id><type>text</type><desc><![CDATA[母婴保健的科普宣传、教育和咨询，婚前医学检查]]></desc></option><option><id>B</id><type>text</type><desc><![CDATA[产前诊断和遗传病诊断、助产技术]]></desc></option><option><id>C</id><type>text</type><desc><![CDATA[新生儿疾病筛查，有关生育、节育、不育的其他生殖保健服务]]></desc></option><option><id>D</id><type>text</type><desc><![CDATA[为新生儿办理户口]]></desc></option></options><answers><![CDATA[D]]></answers><keypoints><![CDATA[解析：为新生儿办理户口不属于母婴保健技术服务的内容。]]></keypoints></question></questions></exam>