﻿<?xml version="1.0" encoding="UTF-8"?><exam><id>20200402091639</id><questions><instructions><![CDATA[A1型题]]></instructions><question><type>1</type><format>text</format><desc><![CDATA[1.《食品安全法实施条例》规定，食品生产许可，食品流通许可和餐饮服务许可的有效期为（  ）年。]]></desc><options><option><id>A</id><type>text</type><desc><![CDATA[1年]]></desc></option><option><id>B</id><type>text</type><desc><![CDATA[2年]]></desc></option><option><id>C</id><type>text</type><desc><![CDATA[3年]]></desc></option><option><id>D</id><type>text</type><desc><![CDATA[4年]]></desc></option><option><id>E</id><type>text</type><desc><![CDATA[5年]]></desc></option></options><answers><![CDATA[C]]></answers><keypoints><![CDATA[解析：《食品安全法实施条例》规定，食品生产许可，食品流通许可和餐饮服务许可的有效期为三年。]]></keypoints></question><question><type>1</type><format>text</format><desc><![CDATA[2.违反《食品安全法》规定，构成犯罪的，依法追究]]></desc><options><option><id>A</id><type>text</type><desc><![CDATA[道德责任]]></desc></option><option><id>B</id><type>text</type><desc><![CDATA[民事责任]]></desc></option><option><id>C</id><type>text</type><desc><![CDATA[刑事责任]]></desc></option><option><id>D</id><type>text</type><desc><![CDATA[行政责任]]></desc></option><option><id>E</id><type>text</type><desc><![CDATA[行政处罚]]></desc></option></options><answers><![CDATA[C]]></answers><keypoints><![CDATA[解析：参照食品安全法法律责任。]]></keypoints></question><question><type>1</type><format>text</format><desc><![CDATA[3.发现病原体污染水源或供水设施时应当采取措施的过程是]]></desc><options><option><id>A</id><type>text</type><desc><![CDATA[封闭水源或供水设施，经检验证实危害已经消除的情况下解除控制措施]]></desc></option><option><id>B</id><type>text</type><desc><![CDATA[对被病原体污染的公共水源、供水设施进行消毒]]></desc></option><option><id>C</id><type>text</type><desc><![CDATA[封闭水源或供水设施，同时进行检验和消毒]]></desc></option><option><id>D</id><type>text</type><desc><![CDATA[封闭水源或供水设施，同时对被病原体污染的公共水源、供水设施进行检验和消毒。经消毒，再经检验证实危害已经消除的情况下解除控制措施。]]></desc></option></options><answers><![CDATA[C]]></answers><keypoints><![CDATA[解析：发现病原体污染水源或供水设施时应当采取措施的过程是封闭水源或供水设施，同时对被病原体污染的公共水源、供水设施进行检验和消毒。经消毒，再经检验证实危害已经消除的情况下解除控制措施。]]></keypoints></question><question><type>1</type><format>text</format><desc><![CDATA[4.( )对本行政区域内的食品安全监督管理工作负责。]]></desc><options><option><id>A</id><type>text</type><desc><![CDATA[县级以上地方人民政府]]></desc></option><option><id>B</id><type>text</type><desc><![CDATA[乡级以上地方人民政府]]></desc></option><option><id>C</id><type>text</type><desc><![CDATA[县级以上食品安全委员会]]></desc></option><option><id>D</id><type>text</type><desc><![CDATA[县级以上卫生行政部门]]></desc></option><option><id>E</id><type>text</type><desc><![CDATA[县级以上食品质量监督部门]]></desc></option></options><answers><![CDATA[B]]></answers><keypoints><![CDATA[解析：参照正文“食品安全监督主体及职责”。]]></keypoints></question><question><type>1</type><format>text</format><desc><![CDATA[5.国家建立食品安全信息统一公布制度，由( )统一公布。]]></desc><options><option><id>A</id><type>text</type><desc><![CDATA[国务院办公厅]]></desc></option><option><id>B</id><type>text</type><desc><![CDATA[国务院卫生行政部门]]></desc></option><option><id>C</id><type>text</type><desc><![CDATA[国家食品安全委员会]]></desc></option><option><id>D</id><type>text</type><desc><![CDATA[国务院新闻办公室]]></desc></option><option><id>E</id><type>text</type><desc><![CDATA[国务院食品药品监督管理部门]]></desc></option></options><answers><![CDATA[E]]></answers><keypoints><![CDATA[解析：参照正文食品安全监督管理（五）。]]></keypoints></question><question><type>1</type><format>text</format><desc><![CDATA[6.县级以上食品安全监督管理部门根据食品安全信用档案的记录，对有不良信用记录的食品生产经营者]]></desc><options><option><id>A</id><type>text</type><desc><![CDATA[进行行政处罚]]></desc></option><option><id>B</id><type>text</type><desc><![CDATA[责令限期整改]]></desc></option><option><id>C</id><type>text</type><desc><![CDATA[增加监督检查频次]]></desc></option><option><id>D</id><type>text</type><desc><![CDATA[吊销许可资格]]></desc></option><option><id>E</id><type>text</type><desc><![CDATA[责令停产]]></desc></option></options><answers><![CDATA[C]]></answers><keypoints><![CDATA[解析：参照正文食品安全监督管理（三）。]]></keypoints></question><question><type>1</type><format>text</format><desc><![CDATA[7.(　 )是制定、修订食品安全标准和对食品安全实施监督管理的科学依据。]]></desc><options><option><id>A</id><type>text</type><desc><![CDATA[食品安全调研报告]]></desc></option><option><id>B</id><type>text</type><desc><![CDATA[食品安全风险评估结果]]></desc></option><option><id>C</id><type>text</type><desc><![CDATA[食品安全法律法规]]></desc></option><option><id>D</id><type>text</type><desc><![CDATA[食品安全国际标准]]></desc></option><option><id>E</id><type>text</type><desc><![CDATA[食品安全风险监测结果]]></desc></option></options><answers><![CDATA[B]]></answers><keypoints><![CDATA[解析：参照正文食品安全的法律规定（一）。]]></keypoints></question><question><type>1</type><format>text</format><desc><![CDATA[8.食品检验实行( )负责制。]]></desc><options><option><id>A</id><type>text</type><desc><![CDATA[食品检验机构]]></desc></option><option><id>B</id><type>text</type><desc><![CDATA[检验人]]></desc></option><option><id>C</id><type>text</type><desc><![CDATA[质量监督部门]]></desc></option><option><id>D</id><type>text</type><desc><![CDATA[食品检验机构与检验人]]></desc></option><option><id>E</id><type>text</type><desc><![CDATA[疾病预防控制机构]]></desc></option></options><answers><![CDATA[D]]></answers><keypoints><![CDATA[解析：参照正文食品安全的法律规定（三）“5.食品检验”。]]></keypoints></question><question><type>1</type><format>text</format><desc><![CDATA[9.食品工作的人员每(　)必须健康检查一次。]]></desc><options><option><id>A</id><type>text</type><desc><![CDATA[半年]]></desc></option><option><id>B</id><type>text</type><desc><![CDATA[一年]]></desc></option><option><id>C</id><type>text</type><desc><![CDATA[两年]]></desc></option><option><id>D</id><type>text</type><desc><![CDATA[三年]]></desc></option><option><id>E</id><type>text</type><desc><![CDATA[四年]]></desc></option></options><answers><![CDATA[B]]></answers><keypoints><![CDATA[解析：参照正文食品生产经营过程控制内容。]]></keypoints></question><question><type>1</type><format>text</format><desc><![CDATA[10.违反《中华人民共和国食品安全法》规定，应当承担民事赔偿责任和缴纳罚款、罚金，其财产不足以同时支付时]]></desc><options><option><id>A</id><type>text</type><desc><![CDATA[先承担行政法律责任]]></desc></option><option><id>B</id><type>text</type><desc><![CDATA[先承担民事赔偿责任]]></desc></option><option><id>C</id><type>text</type><desc><![CDATA[先缴纳罚款、罚金]]></desc></option><option><id>D</id><type>text</type><desc><![CDATA[先承担刑事法律责任]]></desc></option><option><id>E</id><type>text</type><desc><![CDATA[先承担社会责任]]></desc></option></options><answers><![CDATA[B]]></answers><keypoints><![CDATA[解析：参照食品安全法 “民事法律责任”。]]></keypoints></question></questions></exam>