﻿<?xml version="1.0" encoding="UTF-8"?><exam><id>20200402091406</id><questions><instructions><![CDATA[A1型题]]></instructions><question><type>1</type><format>text</format><desc><![CDATA[1.根据《公共场所卫生管理条例》，公共场所主要包括七类]]></desc><options><option><id>A</id><type>text</type><desc><![CDATA[10种]]></desc></option><option><id>B</id><type>text</type><desc><![CDATA[18种]]></desc></option><option><id>C</id><type>text</type><desc><![CDATA[20种]]></desc></option><option><id>D</id><type>text</type><desc><![CDATA[28种]]></desc></option><option><id>E</id><type>text</type><desc><![CDATA[38种]]></desc></option></options><answers><![CDATA[D]]></answers><keypoints><![CDATA[解析：《公共场所卫生管理条例》第二条公共场所分为7大类28种。]]></keypoints></question><question><type>1</type><format>text</format><desc><![CDATA[2.最新修订的《公共场所卫生管理条例》的施行日期是]]></desc><options><option><id>A</id><type>text</type><desc><![CDATA[1987年4月1日]]></desc></option><option><id>B</id><type>text</type><desc><![CDATA[2016年2月6日]]></desc></option><option><id>C</id><type>text</type><desc><![CDATA[2016年1月13日]]></desc></option><option><id>D</id><type>text</type><desc><![CDATA[1998年12月29日]]></desc></option><option><id>E</id><type>text</type><desc><![CDATA[1997年7月1日]]></desc></option></options><answers><![CDATA[B]]></answers><keypoints><![CDATA[解析：新修订的《公共场所卫生管理条例》的施行日期是2016年2月6日。]]></keypoints></question><question><type>1</type><format>text</format><desc><![CDATA[3.根据《公共场所卫生管理条例》及其实施细则，公共场所经营者应当按照规定向县级以上地方人民政府卫生行政部门申请（ ）才能营业]]></desc><options><option><id>A</id><type>text</type><desc><![CDATA[营业执照]]></desc></option><option><id>B</id><type>text</type><desc><![CDATA[餐饮服务许可证]]></desc></option><option><id>C</id><type>text</type><desc><![CDATA[卫生许可证]]></desc></option><option><id>D</id><type>text</type><desc><![CDATA[环保批文]]></desc></option><option><id>E</id><type>text</type><desc><![CDATA[税务登记证]]></desc></option></options><answers><![CDATA[C]]></answers><keypoints><![CDATA[解析：《公共场所卫生管理条例》第四条国家队公共场所实行卫生许可证管理。]]></keypoints></question><question><type>1</type><format>text</format><desc><![CDATA[4.最新修订的《突发公共卫生事件应急条例》的公布实施日期是]]></desc><options><option><id>A</id><type>text</type><desc><![CDATA[1987年4月1日]]></desc></option><option><id>B</id><type>text</type><desc><![CDATA[2016年2月6日]]></desc></option><option><id>C</id><type>text</type><desc><![CDATA[2016年1月13日]]></desc></option><option><id>D</id><type>text</type><desc><![CDATA[2003年5月9日]]></desc></option><option><id>E</id><type>text</type><desc><![CDATA[2011年1月8日]]></desc></option></options><answers><![CDATA[E]]></answers><keypoints><![CDATA[解析：最新修订的《突发公共卫生事件应急条例》的施行日期是2011年1月8日。]]></keypoints></question><question><type>1</type><format>text</format><desc><![CDATA[5.《学校卫生工作条例》的施行日期是]]></desc><options><option><id>A</id><type>text</type><desc><![CDATA[1990年6月4日]]></desc></option><option><id>B</id><type>text</type><desc><![CDATA[1996年2月6日]]></desc></option><option><id>C</id><type>text</type><desc><![CDATA[2006年1月13日]]></desc></option><option><id>D</id><type>text</type><desc><![CDATA[2003年5月9日]]></desc></option><option><id>E</id><type>text</type><desc><![CDATA[2011年1月8日]]></desc></option></options><answers><![CDATA[A]]></answers><keypoints><![CDATA[解析：《学校卫生工作条例》的施行日期是1990年6月4日。]]></keypoints></question><question><type>1</type><format>html</format><desc><![CDATA[6.根据《学校卫生工作条例》的规定，下列学生<u><b>不得</b></u>在劳动中接触有害物质的是]]></desc><options><option><id>A</id><type>text</type><desc><![CDATA[普通中小学校的学生]]></desc></option><option><id>B</id><type>text</type><desc><![CDATA[普通高等学校的学生]]></desc></option><option><id>C</id><type>text</type><desc><![CDATA[中等专业学校的学生]]></desc></option><option><id>D</id><type>text</type><desc><![CDATA[技工学校的学生]]></desc></option><option><id>E</id><type>text</type><desc><![CDATA[职业中学的学生]]></desc></option></options><answers><![CDATA[A]]></answers><keypoints><![CDATA[解析：《学校卫生工作条例》第十一条普通中小学校组织学生参加劳动,不得让学生接触有毒有害物质或者从事不安全工种的作业,不得让学生参加夜班劳动｡]]></keypoints></question><question><type>1</type><format>html</format><desc><![CDATA[7.公共场所从业人员患有哪些疾病治愈前<u><b>不得</b></u>从事直接为顾客服务的工作？]]></desc><options><option><id>A</id><type>text</type><desc><![CDATA[痢疾]]></desc></option><option><id>B</id><type>text</type><desc><![CDATA[伤寒]]></desc></option><option><id>C</id><type>text</type><desc><![CDATA[甲型病毒性肝炎]]></desc></option><option><id>D</id><type>text</type><desc><![CDATA[活动性肺结核]]></desc></option><option><id>E</id><type>text</type><desc><![CDATA[以上都属于]]></desc></option></options><answers><![CDATA[E]]></answers><keypoints><![CDATA[解析：《学校卫生工作条例》第十一条普通中小学校组织学生参加劳动,不得让学生接触有毒有害物质或者从事不安全工种的作业,不得让学生参加夜班劳动｡]]></keypoints></question><question><type>1</type><format>text</format><desc><![CDATA[8. 突发事件应急工作，应当遵循（ ）的方针。]]></desc><options><option><id>A</id><type>text</type><desc><![CDATA[统一领导、分级负责]]></desc></option><option><id>B</id><type>text</type><desc><![CDATA[预防为主、常备不懈]]></desc></option><option><id>C</id><type>text</type><desc><![CDATA[反应及时、措施果断]]></desc></option><option><id>D</id><type>text</type><desc><![CDATA[依靠科学、加强合作]]></desc></option><option><id>E</id><type>text</type><desc><![CDATA[分类指导、快速反应]]></desc></option></options><answers><![CDATA[B]]></answers><keypoints><![CDATA[解析：《突发公共卫生事件应急条例》第五条突发事件应急工作，应当遵循预防为主、常备不懈的方针，贯彻统一领导、分级负责、反应及时、措施果断、依靠科学、加强合作的原则。]]></keypoints></question><question><type>1</type><format>text</format><desc><![CDATA[9. 国务院卫生行政主管部门对可能造成重大社会影响的突发事件，应当（ ）向国务院报告。]]></desc><options><option><id>A</id><type>text</type><desc><![CDATA[1小时内]]></desc></option><option><id>B</id><type>text</type><desc><![CDATA[2小时内]]></desc></option><option><id>C</id><type>text</type><desc><![CDATA[3小时内]]></desc></option><option><id>D</id><type>text</type><desc><![CDATA[4小时内]]></desc></option><option><id>E</id><type>text</type><desc><![CDATA[立即]]></desc></option></options><answers><![CDATA[E]]></answers><keypoints><![CDATA[解析：《突发公共卫生事件应急条例》第十九条国务院卫生行政主管部门对可能造成重大社会影响的突发事件，应当立即向国务院报告。]]></keypoints></question><question><type>1</type><format>text</format><desc><![CDATA[10.（ ）制定全国突发事件应急预案。]]></desc><options><option><id>A</id><type>text</type><desc><![CDATA[国务院卫生主管部门]]></desc></option><option><id>B</id><type>text</type><desc><![CDATA[国务院]]></desc></option><option><id>C</id><type>text</type><desc><![CDATA[卫生部]]></desc></option><option><id>D</id><type>text</type><desc><![CDATA[卫生计生委]]></desc></option><option><id>E</id><type>text</type><desc><![CDATA[国务院有关部门]]></desc></option></options><answers><![CDATA[A]]></answers><keypoints><![CDATA[解析：《突发公共卫生事件应急条例》第十条规定国务院卫生行政主管部门按照分类指导、快速反应的要求，制定全国突发事件应急预案，报请国务院批准。]]></keypoints></question><question><type>1</type><format>text</format><desc><![CDATA[11. 国务院卫生行政主管部门对新发现的突发传染病，根据危害程度、流行强度，依照《中华人民共和国传染病防治法》的规定及时宣布为]]></desc><options><option><id>A</id><type>text</type><desc><![CDATA[传染病]]></desc></option><option><id>B</id><type>text</type><desc><![CDATA[法定传染病]]></desc></option><option><id>C</id><type>text</type><desc><![CDATA[甲类传染病]]></desc></option><option><id>D</id><type>text</type><desc><![CDATA[乙类传染病]]></desc></option><option><id>E</id><type>text</type><desc><![CDATA[丙类传染病]]></desc></option></options><answers><![CDATA[B]]></answers><keypoints><![CDATA[解析：《突发公共卫生事件应急条例》第三十条规定国务院卫生行政主管部门对新发现的突发传染病，根据危害程度、流行强度，依照《中华人民共和国传染病防治法》的规定及时宣布为法定传染病。]]></keypoints></question><question><type>1</type><format>text</format><desc><![CDATA[12. 突发事件应急处理指挥部根据突发事件应急处理的需要，可以对（ ）采取控制措施。]]></desc><options><option><id>A</id><type>text</type><desc><![CDATA[储备的物资]]></desc></option><option><id>B</id><type>text</type><desc><![CDATA[交通工具]]></desc></option><option><id>C</id><type>text</type><desc><![CDATA[食物和水源]]></desc></option><option><id>D</id><type>text</type><desc><![CDATA[相关设施、设备]]></desc></option><option><id>E</id><type>text</type><desc><![CDATA[医疗机构]]></desc></option></options><answers><![CDATA[C]]></answers><keypoints><![CDATA[解析：《突发公共卫生事件应急条例》第三十四条规定突发事件应急处理指挥部根据突发事件应急处理的需要，可以对食物和水源采取控制措施。]]></keypoints></question></questions></exam>