﻿<?xml version="1.0" encoding="UTF-8"?><exam><id>20200402090441</id><questions><instructions><![CDATA[A1型题]]></instructions><question><type>1</type><format>text</format><desc><![CDATA[1.药品是特殊商品，限时性的特性主要体现在人们]]></desc><options><option><id>A</id><type>text</type><desc><![CDATA[加强药品质量监督时]]></desc></option><option><id>B</id><type>text</type><desc><![CDATA[经营药品追求经济效益时]]></desc></option><option><id>C</id><type>text</type><desc><![CDATA[需要保健时]]></desc></option><option><id>D</id><type>text</type><desc><![CDATA[治疗疾病需要用药时]]></desc></option><option><id>E</id><type>text</type><desc><![CDATA[生产药品需要保证质量时]]></desc></option></options><answers><![CDATA[D]]></answers><keypoints><![CDATA[解析：药品使用的限时性 药品有效期有长有短，但必须保证临床用药时是在有效期内。药品的有效期是药厂和研究所的科研人员经过一系列的科学实验，根据药品的效价、安全性和稳定性等因素综合考核后制定出来的。一般说来，在有效期内，药品是安全、有效的。使用过期失效的药物，不但无益于疾病的治疗，反而容易引起新的疾病的发生。]]></keypoints></question><question><type>1</type><format>text</format><desc><![CDATA[2.中医临床诊断治疗的“辨证用药”、“对症下药”反应了药品作为特殊性商品的哪项特殊性]]></desc><options><option><id>A</id><type>text</type><desc><![CDATA[限时性]]></desc></option><option><id>B</id><type>text</type><desc><![CDATA[严格性]]></desc></option><option><id>C</id><type>text</type><desc><![CDATA[两重性]]></desc></option><option><id>D</id><type>text</type><desc><![CDATA[专属性]]></desc></option><option><id>E</id><type>text</type><desc><![CDATA[均一性]]></desc></option></options><answers><![CDATA[D]]></answers><keypoints><![CDATA[解析：药品的医用专属性 药品直接关系到人们的身体健康甚至生命存亡，因此，其质量不得有半点马虎。我们必须确保药品的安全、有效、均一、稳定。]]></keypoints></question><question><type>1</type><format>text</format><desc><![CDATA[3.药品质量直接关系到人们用药的安全有效，所以进人流通渠道的药品]]></desc><options><option><id>A</id><type>text</type><desc><![CDATA[可以是等外品]]></desc></option><option><id>B</id><type>text</type><desc><![CDATA[是二级产品]]></desc></option><option><id>C</id><type>text</type><desc><![CDATA[分为等级产品]]></desc></option><option><id>D</id><type>text</type><desc><![CDATA[只能是合格品]]></desc></option><option><id>E</id><type>text</type><desc><![CDATA[应是优质产品]]></desc></option></options><answers><![CDATA[D]]></answers><keypoints><![CDATA[解析：药品质量的严格性 药品的质量不像其他商品一样，有质量等级之分：优等品、一等品、二等品、合格品等等，都可以销售，而药品只有符合规定与不符合规定之分，只有符合规定的产品才能允许销售，否则不得销售。]]></keypoints></question><question><type>1</type><format>text</format><desc><![CDATA[4.《中华人民共和国药品管理法》立法的核心目的是]]></desc><options><option><id>A</id><type>text</type><desc><![CDATA[药品广告管理]]></desc></option><option><id>B</id><type>text</type><desc><![CDATA[维护人民身体健康]]></desc></option><option><id>C</id><type>text</type><desc><![CDATA[保证药品质量]]></desc></option><option><id>D</id><type>text</type><desc><![CDATA[加强药品监督]]></desc></option><option><id>E</id><type>text</type><desc><![CDATA[药品价格管理]]></desc></option></options><answers><![CDATA[B]]></answers><keypoints><![CDATA[解析：维护人民身体健康是药品管理法的核心和根本目的。]]></keypoints></question><question><type>1</type><format>text</format><desc><![CDATA[5.《中华人民共和国药品管理法实施条例》规定，医疗机构购进药品必须有]]></desc><options><option><id>A</id><type>text</type><desc><![CDATA[经过检验的记录]]></desc></option><option><id>B</id><type>text</type><desc><![CDATA[真实、完整的药品购进记录]]></desc></option><option><id>C</id><type>text</type><desc><![CDATA[签订的购进合同]]></desc></option><option><id>D</id><type>text</type><desc><![CDATA[编制采购计划和记录]]></desc></option><option><id>E</id><type>text</type><desc><![CDATA[价格清单记录]]></desc></option></options><answers><![CDATA[B]]></answers><keypoints><![CDATA[解析：医疗机构应当制订本机构药品采购工作流程；建立健全药品成本核算和账务管理制度；严格执行药品购入检查、验收制度；不得购入和使用不符合规定的药品。]]></keypoints></question><question><type>1</type><format>text</format><desc><![CDATA[6.《药品管理法》规定医疗机构配制的制剂应当是本单位]]></desc><options><option><id>A</id><type>text</type><desc><![CDATA[临床需要而市场上没有供应的品种]]></desc></option><option><id>B</id><type>text</type><desc><![CDATA[临床、科研需要而市场上没有的品种]]></desc></option><option><id>C</id><type>text</type><desc><![CDATA[临床需要而市场上没有供应或供应不足的品种]]></desc></option><option><id>D</id><type>text</type><desc><![CDATA[临床、科研需要而市场上无供应或供应不足的品种]]></desc></option><option><id>E</id><type>text</type><desc><![CDATA[科研需要而市场上没有供应的品种]]></desc></option></options><answers><![CDATA[A]]></answers><keypoints><![CDATA[解析：医疗机构配制的制剂，应当是本单位临床需要而市场上没有供应的品种，并须经所在地省、自治区、直辖市人民政府药品监督管理部门批准后方可配制。]]></keypoints></question><question><type>1</type><format>text</format><desc><![CDATA[7.医疗机构配制制剂必须取得省级药品监督管理部门批准发给的]]></desc><options><option><id>A</id><type>text</type><desc><![CDATA[《医疗机构执业许可证》]]></desc></option><option><id>B</id><type>text</type><desc><![CDATA[《药品生产许可证》]]></desc></option><option><id>C</id><type>text</type><desc><![CDATA[《医疗机构制剂许可证》]]></desc></option><option><id>D</id><type>text</type><desc><![CDATA[《药品经营许可证》]]></desc></option><option><id>E</id><type>text</type><desc><![CDATA[《营业执照》]]></desc></option></options><answers><![CDATA[C]]></answers><keypoints><![CDATA[解析：医疗机构配制制剂，须经所在地省、自治区、直辖市人民政府卫生行政部门审核同意，由省、自治区、直辖市人民政府药品监督管理部门批准，发给《医疗机构制剂许可证》。]]></keypoints></question><question><type>1</type><format>text</format><desc><![CDATA[8.药品必须符合法定的要求，在质量控制方面我国法定的标准是]]></desc><options><option><id>A</id><type>text</type><desc><![CDATA[国家药品标准]]></desc></option><option><id>B</id><type>text</type><desc><![CDATA[国家推荐标准]]></desc></option><option><id>C</id><type>text</type><desc><![CDATA[发达国家药品标准]]></desc></option><option><id>D</id><type>text</type><desc><![CDATA[(省级)地方药品标准]]></desc></option><option><id>E</id><type>text</type><desc><![CDATA[国际先进药品标准]]></desc></option></options><answers><![CDATA[A]]></answers><keypoints><![CDATA[解析：药品必须符合国家药品标准。国家药品标准，是指国家为保证药品质量所制定的质量指标、检验方法以及生产工艺等的技术要求，包括国家食品药品监督管理局颁布的《中华人民共和国药典》（简称《中国药典》）、药品注册标准和其他药品标准。]]></keypoints></question><question><type>1</type><format>text</format><desc><![CDATA[9.目前我国主管全国药品监督管理工作的机关是]]></desc><options><option><id>A</id><type>text</type><desc><![CDATA[国家医药管理局]]></desc></option><option><id>B</id><type>text</type><desc><![CDATA[国家药品管理局]]></desc></option><option><id>C</id><type>text</type><desc><![CDATA[国家药品监督局]]></desc></option><option><id>D</id><type>text</type><desc><![CDATA[国家食品药品监督管理局]]></desc></option><option><id>E</id><type>text</type><desc><![CDATA[国家卫生健康委]]></desc></option></options><answers><![CDATA[D]]></answers><keypoints><![CDATA[解析：目前我国主管全国药品监督管理工作的机关是国家食品药品监督管理局。]]></keypoints></question><question><type>1</type><format>text</format><desc><![CDATA[10.负责国家药品标准的制定和修订的是]]></desc><options><option><id>A</id><type>text</type><desc><![CDATA[药品监督管理部门]]></desc></option><option><id>B</id><type>text</type><desc><![CDATA[国家药典委员会]]></desc></option><option><id>C</id><type>text</type><desc><![CDATA[中国药品生物制品检定所]]></desc></option><option><id>D</id><type>text</type><desc><![CDATA[工商行政管理部门]]></desc></option><option><id>E</id><type>text</type><desc><![CDATA[司法部门]]></desc></option></options><answers><![CDATA[B]]></answers><keypoints><![CDATA[解析：国务院药品监督管理部门组织药典委员会，负责国家药品标准的制定和修订。]]></keypoints></question><question><type>1</type><format>text</format><desc><![CDATA[11.《中华人民共和国药品管理法》明确规定]]></desc><options><option><id>A</id><type>text</type><desc><![CDATA[传统医药与现代医药互相补充]]></desc></option><option><id>B</id><type>text</type><desc><![CDATA[祖国传统医学与现代医学相结合]]></desc></option><option><id>C</id><type>text</type><desc><![CDATA[国家发展医药卫生事业]]></desc></option><option><id>D</id><type>text</type><desc><![CDATA[国家发展现代药和传统药]]></desc></option><option><id>E</id><type>text</type><desc><![CDATA[中医药是中华民族的传统文化]]></desc></option></options><answers><![CDATA[D]]></answers><keypoints><![CDATA[解析：国家发展现代药和传统药，充分发挥其在预防、医疗和保健中的作用。]]></keypoints></question><question><type>1</type><format>text</format><desc><![CDATA[12.进口、出口（     ）和国家规定范围内的精神药品，必须持有国家食品药品监督管理局发给的《进口准许证》《出口准许证》。]]></desc><options><option><id>A</id><type>text</type><desc><![CDATA[麻醉药品]]></desc></option><option><id>B</id><type>text</type><desc><![CDATA[生物制品]]></desc></option><option><id>C</id><type>text</type><desc><![CDATA[医疗用毒性药品]]></desc></option><option><id>D</id><type>text</type><desc><![CDATA[发射性药品]]></desc></option><option><id>E</id><type>text</type><desc><![CDATA[新特药]]></desc></option></options><answers><![CDATA[A]]></answers><keypoints><![CDATA[解析：进口、出口麻醉药品和国家规定范围内的精神药品，必须持有国家食品药品监督管理局发给的《进口准许证》《出口准许证》。]]></keypoints></question><question><type>1</type><format>text</format><desc><![CDATA[13.按照《处方管理办法(试行)》文件，处方是医师为患者开具的一种]]></desc><options><option><id>A</id><type>text</type><desc><![CDATA[资质证明文件]]></desc></option><option><id>B</id><type>text</type><desc><![CDATA[医疗诊断证明]]></desc></option><option><id>C</id><type>text</type><desc><![CDATA[用药的标准规范]]></desc></option><option><id>D</id><type>text</type><desc><![CDATA[用药的技术规范]]></desc></option><option><id>E</id><type>text</type><desc><![CDATA[医疗用药的医疗文书]]></desc></option></options><answers><![CDATA[E]]></answers><keypoints><![CDATA[解析：处方，是指由注册的执业医师和执业助理医师在诊疗活动中为患者开具的、由取得药学专业技术职务任职资格的药学专业技术人员审核、调配、核对，并作为患者用药凭证的医疗文书。]]></keypoints></question><question><type>1</type><format>text</format><desc><![CDATA[14.药品所标明的适应证或者功能主治超出规定范围属于]]></desc><options><option><id>A</id><type>text</type><desc><![CDATA[不合格药品]]></desc></option><option><id>B</id><type>text</type><desc><![CDATA[可使用药品]]></desc></option><option><id>C</id><type>text</type><desc><![CDATA[假药]]></desc></option><option><id>D</id><type>text</type><desc><![CDATA[不能使用药品]]></desc></option><option><id>E</id><type>text</type><desc><![CDATA[劣药]]></desc></option></options><answers><![CDATA[C]]></answers><keypoints><![CDATA[解析：有下列情形之一的，为假药：①药品所含成份与国家药品标准规定的成份不符的；②以非药品冒充药品或者以他种药品冒充此种药品的。有下列情形之一的药品，按假药论处：①国务院药品监督管理部门规定禁止使用的；②依照本法必须批准而未经批准生产、进口，或者依照本法必须检验而未经检验即销售的；③变质的；④被污染的；⑤使用依照本法必须取得批准文号而未取得批准文号的原料药生产的；⑥所标明的适应症或者功能主治超出规定范围的。]]></keypoints></question><question><type>1</type><format>text</format><desc><![CDATA[15.超过有效期的药品]]></desc><options><option><id>A</id><type>text</type><desc><![CDATA[不合格药品]]></desc></option><option><id>B</id><type>text</type><desc><![CDATA[不能使用药品]]></desc></option><option><id>C</id><type>text</type><desc><![CDATA[按劣药论处]]></desc></option><option><id>D</id><type>text</type><desc><![CDATA[按假药论处]]></desc></option><option><id>E</id><type>text</type><desc><![CDATA[可使用药品]]></desc></option></options><answers><![CDATA[C]]></answers><keypoints><![CDATA[解析：药品成份的含量不符合国家药品标准的，为劣药。有下列情形之一的药品，按劣药论处：①未标明有效期或者更改有效期的；②不注明或者更改生产批号的；③超过有效期的；④直接接触药品的包装材料和容器未经批准的；⑤擅自添加着色剂、防腐剂、香料、矫味剂及辅料的；⑥其他不符合药品标准规定的。]]></keypoints></question><question><type>1</type><format>html</format><desc><![CDATA[16.《中华人民共和国药品管理法》明确规定，处方药<u><b>不得</b></u>在]]></desc><options><option><id>A</id><type>text</type><desc><![CDATA[健康报上发布广告]]></desc></option><option><id>B</id><type>text</type><desc><![CDATA[大众传播媒介上发布广告]]></desc></option><option><id>C</id><type>text</type><desc><![CDATA[医疗期刊上发布广告]]></desc></option><option><id>D</id><type>text</type><desc><![CDATA[药学期刊上发布广告]]></desc></option><option><id>E</id><type>text</type><desc><![CDATA[医药报上发布广告]]></desc></option></options><answers><![CDATA[B]]></answers><keypoints><![CDATA[解析：处方药可以在国务院卫生行政部门和国务院药品监督管理部门共同指定的医学、药学专业刊物上介绍，但不得在大众传播媒介发布广告或者以其他方式进行以公众为对象的广告宣传。]]></keypoints></question><question><type>1</type><format>text</format><desc><![CDATA[17.《中华人民共和国药品管理法》规定：执业医师收受药品生产经营企业给予财物或其他利益的违法行为情节严重的，由卫生行政部门给予的行政处罚是]]></desc><options><option><id>A</id><type>text</type><desc><![CDATA[警告、降职]]></desc></option><option><id>B</id><type>text</type><desc><![CDATA[处分、没收违法所得]]></desc></option><option><id>C</id><type>text</type><desc><![CDATA[吊销执业医师证书]]></desc></option><option><id>D</id><type>text</type><desc><![CDATA[吊销执业许可证]]></desc></option><option><id>E</id><type>text</type><desc><![CDATA[记过、没收违法所得]]></desc></option></options><answers><![CDATA[C]]></answers><keypoints><![CDATA[解析：医疗机构的负责人、药品采购人员、医师等有关人员收受药品生产企业、药品经营企业或者其代理人给予的财物或者其他利益的，由卫生行政部门或者本单位给予处分，没收违法所得；对违法行为情节严重的执业医师，由卫生行政部门吊销其执业证书。]]></keypoints></question><question><type>1</type><format>text</format><desc><![CDATA[18. 《中华人民共和国药品管理法》中明确禁止医师等人员以任何名义收受药品生产企业、经营企业或者代理人给予的]]></desc><options><option><id>A</id><type>text</type><desc><![CDATA[委托研发项目]]></desc></option><option><id>B</id><type>text</type><desc><![CDATA[合作开发课题]]></desc></option><option><id>C</id><type>text</type><desc><![CDATA[药品临床试验申请]]></desc></option><option><id>D</id><type>text</type><desc><![CDATA[药物研究试验内容]]></desc></option><option><id>E</id><type>text</type><desc><![CDATA[财物或者其他利益]]></desc></option></options><answers><![CDATA[E]]></answers><keypoints><![CDATA[解析：医疗机构的负责人、药品采购人员、医师等有关人员禁止收受药品生产企业、药品经营企业或者其代理人给予的财物或者其他利益。]]></keypoints></question><question><type>1</type><format>text</format><desc><![CDATA[19.对制售假劣药品危害人民健康的单位和个人追究刑事责任的是]]></desc><options><option><id>A</id><type>text</type><desc><![CDATA[药品监督管理局]]></desc></option><option><id>B</id><type>text</type><desc><![CDATA[国家药典委员会]]></desc></option><option><id>C</id><type>text</type><desc><![CDATA[中国药品生物制品检定所]]></desc></option><option><id>D</id><type>text</type><desc><![CDATA[工商行政管理部门]]></desc></option><option><id>E</id><type>text</type><desc><![CDATA[司法部门]]></desc></option></options><answers><![CDATA[E]]></answers><keypoints><![CDATA[解析：违反《药品管理法》有关规定，构成犯罪的，依法追究刑事责任。追究刑事责任的是国家司法部门。]]></keypoints></question></questions></exam>