﻿<?xml version="1.0" encoding="UTF-8"?><exam><id>20181116134712</id><questions><instructions><![CDATA[A1型题]]></instructions><question><type>1</type><format>html</format><desc><![CDATA[1.特殊口腔护理适用的人群<u><b>不包括</b></u>]]></desc><options><option><id>A</id><type>text</type><desc><![CDATA[颅脑损伤后昏迷病人]]></desc></option><option><id>B</id><type>text</type><desc><![CDATA[左侧肢体偏瘫病人]]></desc></option><option><id>C</id><type>text</type><desc><![CDATA[腭裂修复术后1天病人]]></desc></option><option><id>D</id><type>text</type><desc><![CDATA[肝移植术后1周病人]]></desc></option><option><id>E</id><type>text</type><desc><![CDATA[大叶性肺炎体温40℃病人]]></desc></option></options><answers><![CDATA[B]]></answers></question><question><type>1</type><format>text</format><desc><![CDATA[2.发生压疮的最主要原因是]]></desc><options><option><id>A</id><type>text</type><desc><![CDATA[局部组织受压过久]]></desc></option><option><id>B</id><type>text</type><desc><![CDATA[病原微生物侵入皮肤]]></desc></option><option><id>C</id><type>text</type><desc><![CDATA[机体营养不良]]></desc></option><option><id>D</id><type>text</type><desc><![CDATA[用夹板时衬垫不平]]></desc></option><option><id>E</id><type>text</type><desc><![CDATA[皮肤受潮湿、摩擦刺激]]></desc></option></options><answers><![CDATA[A]]></answers></question><question><type>1</type><format>text</format><desc><![CDATA[3.压疮第Ⅰ期的主要特点是]]></desc><options><option><id>A</id><type>text</type><desc><![CDATA[压之不褪色、红斑]]></desc></option><option><id>B</id><type>text</type><desc><![CDATA[皮下产生硬结]]></desc></option><option><id>C</id><type>text</type><desc><![CDATA[表皮有水泡形成]]></desc></option><option><id>D</id><type>text</type><desc><![CDATA[去除压力30分钟后红斑不消失]]></desc></option><option><id>E</id><type>text</type><desc><![CDATA[浅表组织有脓液流出]]></desc></option></options><answers><![CDATA[A]]></answers></question></questions><questions><instructions><![CDATA[A2型题]]></instructions><question><type>2</type><format>text</format><desc><![CDATA[4.病人，女，36岁，系统性红斑狼疮。因长期激素治疗，导致口腔真菌感染，漱口应给病人选用]]></desc><options><option><id>A</id><type>text</type><desc><![CDATA[1%～3%过氧化氢溶液]]></desc></option><option><id>B</id><type>text</type><desc><![CDATA[2%～3%硼酸溶液]]></desc></option><option><id>C</id><type>text</type><desc><![CDATA[1%～4%碳酸氢钠溶液]]></desc></option><option><id>D</id><type>text</type><desc><![CDATA[0.02%呋喃西林溶液]]></desc></option><option><id>E</id><type>text</type><desc><![CDATA[0.1%醋酸溶液]]></desc></option></options><answers><![CDATA[C]]></answers></question><question><type>2</type><format>html</format><desc><![CDATA[5.病人，男，65岁。左下肢膝关节置换术后，护士给其擦浴。擦浴程序<u><b>错误的</b></u>是]]></desc><options><option><id>A</id><type>text</type><desc><![CDATA[关好门窗，调节室温]]></desc></option><option><id>B</id><type>text</type><desc><![CDATA[先擦上身再下身]]></desc></option><option><id>C</id><type>text</type><desc><![CDATA[脱衣时，先健侧再患侧]]></desc></option><option><id>D</id><type>text</type><desc><![CDATA[穿衣时，先健侧再患侧]]></desc></option><option><id>E</id><type>text</type><desc><![CDATA[保护自尊，注意遮挡]]></desc></option></options><answers><![CDATA[D]]></answers></question><question><type>2</type><format>text</format><desc><![CDATA[6.病人，女，65岁。脑血栓致右侧肢体瘫痪卧床4年，此次因骶尾部皮肤破损而入院，入院后检查：破损处组织发黑，有脓性分泌物与臭味，最深处可见骶骨骨面，损伤面积为5cm×6cm。目前病人最主要的护理问题是]]></desc><options><option><id>A</id><type>text</type><desc><![CDATA[营养失调]]></desc></option><option><id>B</id><type>text</type><desc><![CDATA[活动无耐力]]></desc></option><option><id>C</id><type>text</type><desc><![CDATA[自理能力缺陷]]></desc></option><option><id>D</id><type>text</type><desc><![CDATA[尿失禁]]></desc></option><option><id>E</id><type>text</type><desc><![CDATA[皮肤完整性受损]]></desc></option></options><answers><![CDATA[E]]></answers></question></questions></exam>