﻿<?xml version="1.0" encoding="UTF-8"?><exam><id>20181116141123</id><questions><instructions><![CDATA[A1型题]]></instructions><question><type>1</type><format>html</format><desc><![CDATA[1.甲亢病人<u><b>不宜</b></u>进食的食物是]]></desc><options><option><id>A</id><type>text</type><desc><![CDATA[高热量的食物]]></desc></option><option><id>B</id><type>text</type><desc><![CDATA[高脂肪的食物]]></desc></option><option><id>C</id><type>text</type><desc><![CDATA[高维生素的食物]]></desc></option><option><id>D</id><type>text</type><desc><![CDATA[高纤维素的食物]]></desc></option><option><id>E</id><type>text</type><desc><![CDATA[高蛋白质的食物]]></desc></option></options><answers><![CDATA[D]]></answers></question><question><type>1</type><format>text</format><desc><![CDATA[2.结肠造口病人出院后可以进食的蔬菜是]]></desc><options><option><id>A</id><type>text</type><desc><![CDATA[芹菜]]></desc></option><option><id>B</id><type>text</type><desc><![CDATA[韭菜]]></desc></option><option><id>C</id><type>text</type><desc><![CDATA[洋葱]]></desc></option><option><id>D</id><type>text</type><desc><![CDATA[辣椒]]></desc></option><option><id>E</id><type>text</type><desc><![CDATA[菜花]]></desc></option></options><answers><![CDATA[E]]></answers></question><question><type>1</type><format>html</format><desc><![CDATA[3.甲状腺<sup>131</sup>I试验，检查前2周，可食用的食物是]]></desc><options><option><id>A</id><type>text</type><desc><![CDATA[海蜇]]></desc></option><option><id>B</id><type>text</type><desc><![CDATA[紫菜]]></desc></option><option><id>C</id><type>text</type><desc><![CDATA[海带]]></desc></option><option><id>D</id><type>text</type><desc><![CDATA[海参]]></desc></option><option><id>E</id><type>text</type><desc><![CDATA[淡水鱼]]></desc></option></options><answers><![CDATA[E]]></answers></question><question><type>1</type><format>text</format><desc><![CDATA[4.胆囊造影前一日晚餐应给予]]></desc><options><option><id>A</id><type>text</type><desc><![CDATA[高脂肪、高蛋白饮食]]></desc></option><option><id>B</id><type>text</type><desc><![CDATA[高热量、高蛋白饮食]]></desc></option><option><id>C</id><type>text</type><desc><![CDATA[高热量、低蛋白饮食]]></desc></option><option><id>D</id><type>text</type><desc><![CDATA[无脂肪、低蛋白饮食]]></desc></option><option><id>E</id><type>text</type><desc><![CDATA[低蛋白、低糖饮食]]></desc></option></options><answers><![CDATA[D]]></answers></question><question><type>1</type><format>text</format><desc><![CDATA[5.长期鼻饲者，定期更换胃管的时间是]]></desc><options><option><id>A</id><type>text</type><desc><![CDATA[1天]]></desc></option><option><id>B</id><type>text</type><desc><![CDATA[3天]]></desc></option><option><id>C</id><type>text</type><desc><![CDATA[7天]]></desc></option><option><id>D</id><type>text</type><desc><![CDATA[10天]]></desc></option><option><id>E</id><type>text</type><desc><![CDATA[14天]]></desc></option></options><answers><![CDATA[C]]></answers></question></questions><questions><instructions><![CDATA[A2型题]]></instructions><question><type>2</type><format>html</format><desc><![CDATA[6.病人，男，32岁。医嘱行甲状腺<sup>131</sup>I试验，护士指导该病人在试验期间应<u><b>禁忌</b></u>食用的食物是]]></desc><options><option><id>A</id><type>text</type><desc><![CDATA[花菜]]></desc></option><option><id>B</id><type>text</type><desc><![CDATA[紫菜]]></desc></option><option><id>C</id><type>text</type><desc><![CDATA[芹菜]]></desc></option><option><id>D</id><type>text</type><desc><![CDATA[西红柿]]></desc></option><option><id>E</id><type>text</type><desc><![CDATA[西兰花]]></desc></option></options><answers><![CDATA[B]]></answers></question><question><type>2</type><format>html</format><desc><![CDATA[7.病人，女，56岁。高血压病经住院治疗血压已控制，健康教育时护士应指导病人饮食，下列<u><b>不正确</b></u>的是]]></desc><options><option><id>A</id><type>text</type><desc><![CDATA[低盐、低脂、低胆固醇]]></desc></option><option><id>B</id><type>text</type><desc><![CDATA[适量蛋白质]]></desc></option><option><id>C</id><type>text</type><desc><![CDATA[多吃新鲜蔬菜、水果]]></desc></option><option><id>D</id><type>text</type><desc><![CDATA[低盐、高脂、高胆固醇]]></desc></option><option><id>E</id><type>text</type><desc><![CDATA[高盐、低脂、低胆固醇]]></desc></option></options><answers><![CDATA[E]]></answers></question><question><type>2</type><format>text</format><desc><![CDATA[8.病人，男，38岁。因上腹部胀痛、饭后嗳气及反酸明显来诊。胃镜报告示慢性胃炎。下列食物适合病人食用的有]]></desc><options><option><id>A</id><type>text</type><desc><![CDATA[浓茶]]></desc></option><option><id>B</id><type>text</type><desc><![CDATA[咖啡]]></desc></option><option><id>C</id><type>text</type><desc><![CDATA[纯牛奶]]></desc></option><option><id>D</id><type>text</type><desc><![CDATA[面条]]></desc></option><option><id>E</id><type>text</type><desc><![CDATA[油条]]></desc></option></options><answers><![CDATA[D]]></answers></question><question><type>2</type><format>text</format><desc><![CDATA[9.病人，女，56岁。诊断胰头癌入院。住院行胰头十二指肠切除术，术后出现高血糖。出院饮食指导原则正确的是]]></desc><options><option><id>A</id><type>text</type><desc><![CDATA[低脂、低糖、低蛋白]]></desc></option><option><id>B</id><type>text</type><desc><![CDATA[高脂、低糖、高蛋白]]></desc></option><option><id>C</id><type>text</type><desc><![CDATA[高脂、低糖、低蛋白]]></desc></option><option><id>D</id><type>text</type><desc><![CDATA[低脂、低糖、高维生素]]></desc></option><option><id>E</id><type>text</type><desc><![CDATA[低脂、高糖、高维生素]]></desc></option></options><answers><![CDATA[D]]></answers></question><question><type>2</type><format>text</format><desc><![CDATA[10.病人，女，65岁。患高血压15年，近日病情加重入院，查体：血压190/110mmHg，全身水肿，病人的饮食应采用]]></desc><options><option><id>A</id><type>text</type><desc><![CDATA[要素饮食]]></desc></option><option><id>B</id><type>text</type><desc><![CDATA[少渣饮食]]></desc></option><option><id>C</id><type>text</type><desc><![CDATA[低蛋白饮食]]></desc></option><option><id>D</id><type>text</type><desc><![CDATA[无盐低钠饮食]]></desc></option><option><id>E</id><type>text</type><desc><![CDATA[低胆固醇饮食]]></desc></option></options><answers><![CDATA[D]]></answers></question><question><type>2</type><format>text</format><desc><![CDATA[11.病人，女，55岁。需做大便潜血试验，护士指导在标本采集前3天，可食用的食物为]]></desc><options><option><id>A</id><type>text</type><desc><![CDATA[肉类]]></desc></option><option><id>B</id><type>text</type><desc><![CDATA[动物肝]]></desc></option><option><id>C</id><type>text</type><desc><![CDATA[绿叶蔬菜]]></desc></option><option><id>D</id><type>text</type><desc><![CDATA[豆制品]]></desc></option><option><id>E</id><type>text</type><desc><![CDATA[动物血]]></desc></option></options><answers><![CDATA[D]]></answers></question><question><type>2</type><format>html</format><desc><![CDATA[12.病人，男，临床诊断为肝性脑病昏迷前期，下列对于该病人<u><b>不宜</b></u>食用的食物是]]></desc><options><option><id>A</id><type>text</type><desc><![CDATA[肉末蛋羹，拌菠菜]]></desc></option><option><id>B</id><type>text</type><desc><![CDATA[豆腐脑，什锦菜]]></desc></option><option><id>C</id><type>text</type><desc><![CDATA[果汁，蛋糕]]></desc></option><option><id>D</id><type>text</type><desc><![CDATA[炒米饭，蘑菇汤]]></desc></option><option><id>E</id><type>text</type><desc><![CDATA[稀粥，烧饼]]></desc></option></options><answers><![CDATA[A]]></answers></question><question><type>2</type><format>html</format><desc><![CDATA[13.病人，女，50岁。初诊为高血压，目前血压维持在145/85mmHg。护士在评估中发现病人喜好下列食物。护士应指出，其中最<u><b>不利于</b></u>控制高血压的食物是]]></desc><options><option><id>A</id><type>text</type><desc><![CDATA[猪肝]]></desc></option><option><id>B</id><type>text</type><desc><![CDATA[鲫鱼]]></desc></option><option><id>C</id><type>text</type><desc><![CDATA[瘦肉]]></desc></option><option><id>D</id><type>text</type><desc><![CDATA[河虾]]></desc></option><option><id>E</id><type>text</type><desc><![CDATA[竹笋]]></desc></option></options><answers><![CDATA[A]]></answers></question><question><type>2</type><format>text</format><desc><![CDATA[14.病人，女，29岁。低热3个月余，咳嗽、盗汗、消瘦，入院诊断为肺结核，为配合治疗应给予]]></desc><options><option><id>A</id><type>text</type><desc><![CDATA[高热量、高脂肪饮食]]></desc></option><option><id>B</id><type>text</type><desc><![CDATA[高热量、高蛋白饮食]]></desc></option><option><id>C</id><type>text</type><desc><![CDATA[高热量、低脂肪饮食]]></desc></option><option><id>D</id><type>text</type><desc><![CDATA[低脂肪、高蛋白饮食]]></desc></option><option><id>E</id><type>text</type><desc><![CDATA[高脂肪、高蛋白饮食]]></desc></option></options><answers><![CDATA[B]]></answers></question><question><type>2</type><format>text</format><desc><![CDATA[15.病人，女，48岁。有胃溃疡病史，近日来上腹部疼痛加剧，需做粪便隐血试验。隐血试验前3天可食用的菜谱是]]></desc><options><option><id>A</id><type>text</type><desc><![CDATA[青菜，炒猪肝]]></desc></option><option><id>B</id><type>text</type><desc><![CDATA[菠菜，红烧青鱼]]></desc></option><option><id>C</id><type>text</type><desc><![CDATA[牛奶，豆腐]]></desc></option><option><id>D</id><type>text</type><desc><![CDATA[油豆腐，鸡血汤]]></desc></option><option><id>E</id><type>text</type><desc><![CDATA[卷心菜，五香牛肉]]></desc></option></options><answers><![CDATA[C]]></answers></question><question><type>2</type><format>html</format><desc><![CDATA[16.病人，男，23岁。伤寒，体温38.1℃，<u><b>不宜</b></u>食用的食物是]]></desc><options><option><id>A</id><type>text</type><desc><![CDATA[豆腐]]></desc></option><option><id>B</id><type>text</type><desc><![CDATA[芹菜]]></desc></option><option><id>C</id><type>text</type><desc><![CDATA[鱼汤]]></desc></option><option><id>D</id><type>text</type><desc><![CDATA[赤豆粥]]></desc></option><option><id>E</id><type>text</type><desc><![CDATA[蒸鸡蛋]]></desc></option></options><answers><![CDATA[B]]></answers></question><question><type>2</type><format>text</format><desc><![CDATA[17.病人，男，55岁。因肝硬化致食管胃底静脉曲张，应指导病人采用]]></desc><options><option><id>A</id><type>text</type><desc><![CDATA[低蛋白饮食]]></desc></option><option><id>B</id><type>text</type><desc><![CDATA[少渣饮食]]></desc></option><option><id>C</id><type>text</type><desc><![CDATA[要素饮食]]></desc></option><option><id>D</id><type>text</type><desc><![CDATA[无盐低钠饮食]]></desc></option><option><id>E</id><type>text</type><desc><![CDATA[低胆固醇饮食]]></desc></option></options><answers><![CDATA[B]]></answers></question><question><type>2</type><format>text</format><desc><![CDATA[18.病人，女，56岁。因病长期鼻饲，一日护士在鼻饲过程中发现抽出的胃液为咖啡色，下列正确的处理方法是]]></desc><options><option><id>A</id><type>text</type><desc><![CDATA[继续注入食物]]></desc></option><option><id>B</id><type>text</type><desc><![CDATA[给予温开水冲洗]]></desc></option><option><id>C</id><type>text</type><desc><![CDATA[拔出胃管]]></desc></option><option><id>D</id><type>text</type><desc><![CDATA[暂停注入，通知医生]]></desc></option><option><id>E</id><type>text</type><desc><![CDATA[用注射器抽吸胃液]]></desc></option></options><answers><![CDATA[D]]></answers></question><question><type>2</type><format>text</format><desc><![CDATA[19.病人，男，62岁。胃大部切除术后行空肠造瘘。该病人饮食应采取]]></desc><options><option><id>A</id><type>text</type><desc><![CDATA[低脂肪饮食]]></desc></option><option><id>B</id><type>text</type><desc><![CDATA[半流质饮食]]></desc></option><option><id>C</id><type>text</type><desc><![CDATA[流质饮食]]></desc></option><option><id>D</id><type>text</type><desc><![CDATA[少渣饮食]]></desc></option><option><id>E</id><type>text</type><desc><![CDATA[要素饮食]]></desc></option></options><answers><![CDATA[E]]></answers></question><question><type>2</type><format>text</format><desc><![CDATA[20.病人，男，67岁。便秘多日，护士告之其多吃水果能帮助通便，水果中能起通便作用的营养素是]]></desc><options><option><id>A</id><type>text</type><desc><![CDATA[糖类]]></desc></option><option><id>B</id><type>text</type><desc><![CDATA[纤维素]]></desc></option><option><id>C</id><type>text</type><desc><![CDATA[维生素C]]></desc></option><option><id>D</id><type>text</type><desc><![CDATA[脂肪]]></desc></option><option><id>E</id><type>text</type><desc><![CDATA[胶原蛋白]]></desc></option></options><answers><![CDATA[B]]></answers></question></questions></exam>