﻿<?xml version="1.0" encoding="UTF-8"?><exam><id>20181116154108</id><questions><instructions><![CDATA[A2型题]]></instructions><question><type>1</type><format>text</format><desc><![CDATA[1.李先生，71岁，有吸烟史30余年，近期出现刺激性咳嗽，痰中带血，怀疑肺癌，为明确诊断该病人留痰后固定痰标本的溶液是]]></desc><options><option><id>A</id><type>text</type><desc><![CDATA[5%石炭酸]]></desc></option><option><id>B</id><type>text</type><desc><![CDATA[95%乙醇]]></desc></option><option><id>C</id><type>text</type><desc><![CDATA[0.2%漂白粉]]></desc></option><option><id>D</id><type>text</type><desc><![CDATA[75%乙醇]]></desc></option><option><id>E</id><type>text</type><desc><![CDATA[0.2%苯扎溴铵]]></desc></option></options><answers><![CDATA[B]]></answers></question><question><type>1</type><format>text</format><desc><![CDATA[2.张女士，24岁，进食大量不新鲜的海鲜后，出现发热、恶心、呕吐、腹痛、腹泻等症状，粪便不成形，呈水样，遵医嘱留取粪便常规标本，以下方法正确的是]]></desc><options><option><id>A</id><type>text</type><desc><![CDATA[放培养基内送检]]></desc></option><option><id>B</id><type>text</type><desc><![CDATA[解大便前应嘱病人先排尿]]></desc></option><option><id>C</id><type>text</type><desc><![CDATA[便盆应先加温]]></desc></option><option><id>D</id><type>text</type><desc><![CDATA[应取全份粪便送检]]></desc></option><option><id>E</id><type>text</type><desc><![CDATA[取粪便中央部位5～10g标本送检]]></desc></option></options><answers><![CDATA[B]]></answers></question><question><type>1</type><format>text</format><desc><![CDATA[3.刘小姐，女，33岁，近1周内出现腹部不适、腹泻，脓血痢疾样大便，由腐败性恶臭味。伴有里急后重，腹痛，腹胀。遵医嘱为其留取粪标本，下列操作正确的是]]></desc><options><option><id>A</id><type>text</type><desc><![CDATA[清晨留取粪便少许]]></desc></option><option><id>B</id><type>text</type><desc><![CDATA[留异常粪便少许]]></desc></option><option><id>C</id><type>text</type><desc><![CDATA[取不同部位的粪便送检]]></desc></option><option><id>D</id><type>text</type><desc><![CDATA[取新鲜粪便最上面部分少许]]></desc></option><option><id>E</id><type>text</type><desc><![CDATA[便盆先加温，留取新鲜粪便，立即送验]]></desc></option></options><answers><![CDATA[E]]></answers></question><question><type>1</type><format>text</format><desc><![CDATA[4.遵医嘱为病人刘某采集寄生虫标本，由于刘某之前服用了驱虫药，应采集]]></desc><options><option><id>A</id><type>text</type><desc><![CDATA[采集蚕豆大小粪便标本送检]]></desc></option><option><id>B</id><type>text</type><desc><![CDATA[全部粪便标本及时送检]]></desc></option><option><id>C</id><type>text</type><desc><![CDATA[选择带脓血和黏液的粪便送检]]></desc></option><option><id>D</id><type>text</type><desc><![CDATA[将大便置加温容器中送检]]></desc></option><option><id>E</id><type>text</type><desc><![CDATA[用棉签采集少许粪便放无菌试管中送检]]></desc></option></options><answers><![CDATA[B]]></answers></question><question><type>1</type><format>html</format><desc><![CDATA[5.徐小姐，31岁，感染高热数日，疑似败血症需采集血标本，以下操作<u><b>错误的</b></u>是]]></desc><options><option><id>A</id><type>text</type><desc><![CDATA[采集是严格执行无菌操作]]></desc></option><option><id>B</id><type>text</type><desc><![CDATA[血标本应放入消毒容器中]]></desc></option><option><id>C</id><type>text</type><desc><![CDATA[血液注入培养瓶后应轻轻的摇匀]]></desc></option><option><id>D</id><type>text</type><desc><![CDATA[检查培养基是否足够]]></desc></option><option><id>E</id><type>text</type><desc><![CDATA[更换针头后将抽出的血液注入容器内]]></desc></option></options><answers><![CDATA[B]]></answers></question><question><type>1</type><format>text</format><desc><![CDATA[6.病人周某，近一周出现恶心、乏力、厌油腻，疑似甲型肝炎，护士遵医嘱为其进行血标本采集时，需用容器为]]></desc><options><option><id>A</id><type>text</type><desc><![CDATA[肝素抗凝瓶]]></desc></option><option><id>B</id><type>text</type><desc><![CDATA[清洁干燥试管]]></desc></option><option><id>C</id><type>text</type><desc><![CDATA[4%枸橼酸钠抗凝瓶]]></desc></option><option><id>D</id><type>text</type><desc><![CDATA[1.34%草酸钠抗凝瓶]]></desc></option><option><id>E</id><type>text</type><desc><![CDATA[液状石蜡标本瓶]]></desc></option></options><answers><![CDATA[B]]></answers></question><question><type>1</type><format>text</format><desc><![CDATA[7.谢某，女性，近两个月出现乏力、口干、夜尿增多、体重下降，遵医嘱进行血糖含量化验作进一步诊断，应留取的标本是]]></desc><options><option><id>A</id><type>text</type><desc><![CDATA[指血数滴]]></desc></option><option><id>B</id><type>text</type><desc><![CDATA[全血标本]]></desc></option><option><id>C</id><type>text</type><desc><![CDATA[耳血数滴]]></desc></option><option><id>D</id><type>text</type><desc><![CDATA[血清标本]]></desc></option><option><id>E</id><type>text</type><desc><![CDATA[血培养标本]]></desc></option></options><answers><![CDATA[B]]></answers></question><question><type>1</type><format>text</format><desc><![CDATA[8.邓女士，56岁，因二尖瓣关闭不全住院治疗，近2周出现不明原因低热伴乏力、多汗、食欲减退。护士小张遵医嘱为其采集血培养标本，采血量应为]]></desc><options><option><id>A</id><type>text</type><desc><![CDATA[10～15ml]]></desc></option><option><id>B</id><type>text</type><desc><![CDATA[7～8ml]]></desc></option><option><id>C</id><type>text</type><desc><![CDATA[3～4ml]]></desc></option><option><id>D</id><type>text</type><desc><![CDATA[5～6ml]]></desc></option><option><id>E</id><type>text</type><desc><![CDATA[1～2ml]]></desc></option></options><answers><![CDATA[A]]></answers></question><question><type>1</type><format>text</format><desc><![CDATA[9.林某，男，58岁，溃疡病史，近日出现上腹疼痛加剧，为明确是否发生消化道出血，需留便检验，应注意]]></desc><options><option><id>A</id><type>text</type><desc><![CDATA[检查前1天禁食肉类]]></desc></option><option><id>B</id><type>text</type><desc><![CDATA[检查前3天禁食肉类]]></desc></option><option><id>C</id><type>text</type><desc><![CDATA[留取全部粪便]]></desc></option><option><id>D</id><type>text</type><desc><![CDATA[用无菌棉签插入肝门取少许大便]]></desc></option><option><id>E</id><type>text</type><desc><![CDATA[取粪便颜色最深的部分]]></desc></option></options><answers><![CDATA[B]]></answers></question><question><type>1</type><format>html</format><desc><![CDATA[10.高女士，43岁，2型糖尿病入院治疗，月经第2天。该病人暂时<u><b>不宜</b></u>留取尿标本的原因是]]></desc><options><option><id>A</id><type>text</type><desc><![CDATA[昏迷病人]]></desc></option><option><id>B</id><type>text</type><desc><![CDATA[瘫痪病人]]></desc></option><option><id>C</id><type>text</type><desc><![CDATA[尿潴留病人]]></desc></option><option><id>D</id><type>text</type><desc><![CDATA[尿失禁病人]]></desc></option><option><id>E</id><type>text</type><desc><![CDATA[女病人月经期]]></desc></option></options><answers><![CDATA[E]]></answers></question><question><type>1</type><format>text</format><desc><![CDATA[11.顾先生，男，45岁，疲乏无力，恶心、厌食1周。遵医嘱查谷氨酸氨基转移酶。护士为该病人采血的最佳时间是]]></desc><options><option><id>A</id><type>text</type><desc><![CDATA[饭前空腹]]></desc></option><option><id>B</id><type>text</type><desc><![CDATA[晨起饭后2小时]]></desc></option><option><id>C</id><type>text</type><desc><![CDATA[早晨空腹时]]></desc></option><option><id>D</id><type>text</type><desc><![CDATA[睡前]]></desc></option><option><id>E</id><type>text</type><desc><![CDATA[任意时间]]></desc></option></options><answers><![CDATA[C]]></answers></question><question><type>1</type><format>text</format><desc><![CDATA[12.郭某，男性，78岁，近日出现呼吸困难，咳嗽痰中带血，遵医嘱痰查癌细胞，应采集的标本是]]></desc><options><option><id>A</id><type>text</type><desc><![CDATA[12小时痰标本]]></desc></option><option><id>B</id><type>text</type><desc><![CDATA[培养标本]]></desc></option><option><id>C</id><type>text</type><desc><![CDATA[24小时痰标本]]></desc></option><option><id>D</id><type>text</type><desc><![CDATA[常规标本]]></desc></option><option><id>E</id><type>text</type><desc><![CDATA[12小时和24小时痰标本]]></desc></option></options><answers><![CDATA[D]]></answers></question><question><type>1</type><format>text</format><desc><![CDATA[13.李先生，47岁，近日出现腹泻，排果酱样便，疑似阿米巴痢疾。遵医嘱为病人采集粪便标本，正确采集方法是]]></desc><options><option><id>A</id><type>text</type><desc><![CDATA[尽量挑取带血和黏液的粪便送检]]></desc></option><option><id>B</id><type>text</type><desc><![CDATA[取全部粪便送检]]></desc></option><option><id>C</id><type>text</type><desc><![CDATA[采集不同部位粪便5～10g送检]]></desc></option><option><id>D</id><type>text</type><desc><![CDATA[将大便置加温容器内送检]]></desc></option><option><id>E</id><type>text</type><desc><![CDATA[用棉签采集粪便少许放无菌试管中送检]]></desc></option></options><answers><![CDATA[D]]></answers></question></questions><questions><instructions><![CDATA[A3/A4型题]]></instructions><question><type>3</type><format>text</format><desc><![CDATA[14.贺某，女性，52岁，泌尿系感染，遵医嘱做尿培养。]]></desc><children><question><type>3</type><format>text</format><desc><![CDATA[（1）护士为其进行尿标本采集时，以下做法正确的是]]></desc><options><option><id>A</id><type>text</type><desc><![CDATA[留取12小时尿标本]]></desc></option><option><id>B</id><type>text</type><desc><![CDATA[留取24小时尿标本]]></desc></option><option><id>C</id><type>text</type><desc><![CDATA[留取晨起的第一次尿标本]]></desc></option><option><id>D</id><type>text</type><desc><![CDATA[留取中段尿标本]]></desc></option><option><id>E</id><type>text</type><desc><![CDATA[留取任意时间尿标本]]></desc></option></options><answers><![CDATA[D]]></answers></question><question><type>3</type><format>text</format><desc><![CDATA[（2）为该病人留取尿标本，尿量以多少为宜]]></desc><options><option><id>A</id><type>text</type><desc><![CDATA[2ml]]></desc></option><option><id>B</id><type>text</type><desc><![CDATA[5～10ml]]></desc></option><option><id>C</id><type>text</type><desc><![CDATA[15～20ml]]></desc></option><option><id>D</id><type>text</type><desc><![CDATA[20ml]]></desc></option><option><id>E</id><type>text</type><desc><![CDATA[20ml以上]]></desc></option></options><answers><![CDATA[B]]></answers></question><question><type>3</type><format>text</format><desc><![CDATA[（3）该病人留取尿标本的最佳时间是]]></desc><options><option><id>A</id><type>text</type><desc><![CDATA[晨起时]]></desc></option><option><id>B</id><type>text</type><desc><![CDATA[安静时]]></desc></option><option><id>C</id><type>text</type><desc><![CDATA[有尿意时]]></desc></option><option><id>D</id><type>text</type><desc><![CDATA[空腹时]]></desc></option><option><id>E</id><type>text</type><desc><![CDATA[晚上睡觉前]]></desc></option></options><answers><![CDATA[C]]></answers></question></children></question><question><type>3</type><format>text</format><desc><![CDATA[15.白女士，62岁，5年前行左侧乳腺切除术，近日出现口干、多饮、多尿、乏力等症状，家人陪伴来门诊就诊。遵医嘱做血糖测定及尿常规检查。]]></desc><children><question><type>3</type><format>html</format><desc><![CDATA[（1）护士为该病人采集血标本时，做法<u><b>不妥</b></u>的有]]></desc><options><option><id>A</id><type>text</type><desc><![CDATA[在左侧手臂采血]]></desc></option><option><id>B</id><type>text</type><desc><![CDATA[在右侧手臂采血]]></desc></option><option><id>C</id><type>text</type><desc><![CDATA[采集全血标本]]></desc></option><option><id>D</id><type>text</type><desc><![CDATA[肘部采血时不可拍打前臂]]></desc></option><option><id>E</id><type>text</type><desc><![CDATA[不可在穿刺前将采血针头与真空采血管相连]]></desc></option></options><answers><![CDATA[A]]></answers></question><question><type>3</type><format>text</format><desc><![CDATA[（2）护士为该病人采集尿常规标本时，留取尿量为]]></desc><options><option><id>A</id><type>text</type><desc><![CDATA[5～10ml]]></desc></option><option><id>B</id><type>text</type><desc><![CDATA[10～15ml]]></desc></option><option><id>C</id><type>text</type><desc><![CDATA[15～20ml]]></desc></option><option><id>D</id><type>text</type><desc><![CDATA[25～30ml]]></desc></option><option><id>E</id><type>text</type><desc><![CDATA[30～50ml]]></desc></option></options><answers><![CDATA[E]]></answers></question></children></question></questions></exam>