﻿<?xml version="1.0" encoding="UTF-8"?><exam><id>20180924222016</id><questions><instructions><![CDATA[A1型题]]></instructions><question><type>1</type><format>html</format><desc><![CDATA[1.X线检查前准备工作，<u><b>不正确</b></u>的是]]></desc><options><option><id>A</id><type>text</type><desc><![CDATA[X线检查前，应协助病人去除被检部位的厚层衣服及异物]]></desc></option><option><id>B</id><type>text</type><desc><![CDATA[腹部平片检查前需清洁肠道]]></desc></option><option><id>C</id><type>text</type><desc><![CDATA[胃肠道钡剂造影检查前应做碘过敏试验]]></desc></option><option><id>D</id><type>text</type><desc><![CDATA[胃肠道钡剂造影检查前禁食、水12小时]]></desc></option><option><id>E</id><type>text</type><desc><![CDATA[碘剂造影检查前应先做碘过敏试验]]></desc></option></options><answers><![CDATA[D]]></answers></question><question><type>1</type><format>text</format><desc><![CDATA[2.肺野的划分中，上、中、下肺野的分界线为]]></desc><options><option><id>A</id><type>text</type><desc><![CDATA[第2、4肋骨下缘]]></desc></option><option><id>B</id><type>text</type><desc><![CDATA[第3、6肋骨前端下缘]]></desc></option><option><id>C</id><type>text</type><desc><![CDATA[第2、4肋骨前端下缘]]></desc></option><option><id>D</id><type>text</type><desc><![CDATA[第2、4肋骨后端下缘]]></desc></option><option><id>E</id><type>text</type><desc><![CDATA[第3、6肋骨前端下缘]]></desc></option></options><answers><![CDATA[C]]></answers></question><question><type>1</type><format>text</format><desc><![CDATA[3.正常肺纹理是呈放射状分布由粗变细的树枝状影，其主要构成是]]></desc><options><option><id>A</id><type>text</type><desc><![CDATA[肺动脉、肺静脉]]></desc></option><option><id>B</id><type>text</type><desc><![CDATA[肺静脉]]></desc></option><option><id>C</id><type>text</type><desc><![CDATA[支气管]]></desc></option><option><id>D</id><type>text</type><desc><![CDATA[淋巴管]]></desc></option><option><id>E</id><type>text</type><desc><![CDATA[肺泡壁]]></desc></option></options><answers><![CDATA[A]]></answers></question><question><type>1</type><format>text</format><desc><![CDATA[4.消化道溃疡性病变的直接X线征象是]]></desc><options><option><id>A</id><type>text</type><desc><![CDATA[充盈缺损]]></desc></option><option><id>B</id><type>text</type><desc><![CDATA[龛影]]></desc></option><option><id>C</id><type>text</type><desc><![CDATA[管腔狭窄]]></desc></option><option><id>D</id><type>text</type><desc><![CDATA[管壁僵硬]]></desc></option><option><id>E</id><type>text</type><desc><![CDATA[项圈征]]></desc></option></options><answers><![CDATA[B]]></answers></question><question><type>1</type><format>text</format><desc><![CDATA[5.胃癌X线造影检查，直接征象是]]></desc><options><option><id>A</id><type>text</type><desc><![CDATA[充盈缺损]]></desc></option><option><id>B</id><type>text</type><desc><![CDATA[龛影]]></desc></option><option><id>C</id><type>text</type><desc><![CDATA[管腔狭窄]]></desc></option><option><id>D</id><type>text</type><desc><![CDATA[管壁僵硬]]></desc></option><option><id>E</id><type>text</type><desc><![CDATA[项圈征]]></desc></option></options><answers><![CDATA[A]]></answers></question><question><type>1</type><format>text</format><desc><![CDATA[6.常用影像学检查中，可作为判断心肌存活“金标准”的检查方法是]]></desc><options><option><id>A</id><type>text</type><desc><![CDATA[心电图]]></desc></option><option><id>B</id><type>text</type><desc><![CDATA[CT检查]]></desc></option><option><id>C</id><type>text</type><desc><![CDATA[超声检查]]></desc></option><option><id>D</id><type>text</type><desc><![CDATA[心肌灌注显像]]></desc></option><option><id>E</id><type>text</type><desc><![CDATA[心肌葡萄糖代谢显像]]></desc></option></options><answers><![CDATA[E]]></answers></question><question><type>1</type><format>text</format><desc><![CDATA[7.B超声像图上可呈无回声的组织（无反射型）为]]></desc><options><option><id>A</id><type>text</type><desc><![CDATA[腹水]]></desc></option><option><id>B</id><type>text</type><desc><![CDATA[肝脏、脾脏]]></desc></option><option><id>C</id><type>text</type><desc><![CDATA[骨骼、结石]]></desc></option><option><id>D</id><type>text</type><desc><![CDATA[子宫]]></desc></option><option><id>E</id><type>text</type><desc><![CDATA[血管壁]]></desc></option></options><answers><![CDATA[A]]></answers></question><question><type>1</type><format>text</format><desc><![CDATA[8.外伤时除外四肢长骨骨折，首选的影像学检查方法为]]></desc><options><option><id>A</id><type>text</type><desc><![CDATA[X线透视]]></desc></option><option><id>B</id><type>text</type><desc><![CDATA[X线摄片]]></desc></option><option><id>C</id><type>text</type><desc><![CDATA[B超检查]]></desc></option><option><id>D</id><type>text</type><desc><![CDATA[CT检查]]></desc></option><option><id>E</id><type>text</type><desc><![CDATA[血管壁MRI检查]]></desc></option></options><answers><![CDATA[B]]></answers></question><question><type>1</type><format>text</format><desc><![CDATA[9.腹部实质性脏器病变检查的首选方法是]]></desc><options><option><id>A</id><type>text</type><desc><![CDATA[X线检查]]></desc></option><option><id>B</id><type>text</type><desc><![CDATA[核医学检查]]></desc></option><option><id>C</id><type>text</type><desc><![CDATA[B超检查]]></desc></option><option><id>D</id><type>text</type><desc><![CDATA[CT检查]]></desc></option><option><id>E</id><type>text</type><desc><![CDATA[MRI检查]]></desc></option></options><answers><![CDATA[C]]></answers></question><question><type>1</type><format>text</format><desc><![CDATA[10.食管和胃肠疾病的主要影像学检查方法是]]></desc><options><option><id>A</id><type>text</type><desc><![CDATA[X线透视]]></desc></option><option><id>B</id><type>text</type><desc><![CDATA[X线摄片]]></desc></option><option><id>C</id><type>text</type><desc><![CDATA[钡餐造影]]></desc></option><option><id>D</id><type>text</type><desc><![CDATA[CT检查]]></desc></option><option><id>E</id><type>text</type><desc><![CDATA[MRI检查]]></desc></option></options><answers><![CDATA[C]]></answers></question></questions><questions><instructions><![CDATA[A2型题]]></instructions><question><type>1</type><format>text</format><desc><![CDATA[11.病人，男性，58岁。因“右侧肢体活动不便6小时”急诊入院。病人神志清楚，右侧肢体肌力为2级，2年前曾有短暂性脑缺血发作史，高血压病史10年。临床确诊最有价值的辅助检查是]]></desc><options><option><id>A</id><type>text</type><desc><![CDATA[脑血管造影]]></desc></option><option><id>B</id><type>text</type><desc><![CDATA[颈部血管超声检查]]></desc></option><option><id>C</id><type>text</type><desc><![CDATA[腰椎穿刺]]></desc></option><option><id>D</id><type>text</type><desc><![CDATA[肌电图检查]]></desc></option><option><id>E</id><type>text</type><desc><![CDATA[头颅CT或MRI]]></desc></option></options><answers><![CDATA[E]]></answers></question><question><type>1</type><format>text</format><desc><![CDATA[12.病人，男性，65岁。咳嗽、咳痰、痰中带血2月，既往吸烟史40余年。X线胸片显示：右肺下野外带团块状密度增高影，2cm×2cm大小，呈分叶状，边缘有毛刺，最可能的影像诊断是]]></desc><options><option><id>A</id><type>text</type><desc><![CDATA[右下肺炎]]></desc></option><option><id>B</id><type>text</type><desc><![CDATA[右侧肺癌]]></desc></option><option><id>C</id><type>text</type><desc><![CDATA[右侧肺结核]]></desc></option><option><id>D</id><type>text</type><desc><![CDATA[右侧支气管扩张]]></desc></option><option><id>E</id><type>text</type><desc><![CDATA[右下肺不张]]></desc></option></options><answers><![CDATA[B]]></answers></question></questions></exam>