﻿<?xml version="1.0" encoding="UTF-8"?><exam><id>20180924221837</id><questions><instructions><![CDATA[A1型题]]></instructions><question><type>1</type><format>text</format><desc><![CDATA[1.目前诊断AMI首选、最佳的确定性标志物是]]></desc><options><option><id>A</id><type>text</type><desc><![CDATA[cTnT]]></desc></option><option><id>B</id><type>text</type><desc><![CDATA[cTnI]]></desc></option><option><id>C</id><type>text</type><desc><![CDATA[CK]]></desc></option><option><id>D</id><type>text</type><desc><![CDATA[CK-MB]]></desc></option><option><id>E</id><type>text</type><desc><![CDATA[Mb]]></desc></option></options><answers><![CDATA[A]]></answers></question><question><type>1</type><format>text</format><desc><![CDATA[2.血细胞发育一般规律，描述正确的是]]></desc><options><option><id>A</id><type>text</type><desc><![CDATA[细胞体积由小变大]]></desc></option><option><id>B</id><type>text</type><desc><![CDATA[核质比例由小变大]]></desc></option><option><id>C</id><type>text</type><desc><![CDATA[核染色质结构由紧密粗糙到疏松细致]]></desc></option><option><id>D</id><type>text</type><desc><![CDATA[核仁从有到无]]></desc></option><option><id>E</id><type>text</type><desc><![CDATA[胞质颜色由浅到深]]></desc></option></options><answers><![CDATA[D]]></answers></question><question><type>1</type><format>text</format><desc><![CDATA[3.引起中性粒细胞增多最常见的原因是]]></desc><options><option><id>A</id><type>text</type><desc><![CDATA[急性感染或炎症]]></desc></option><option><id>B</id><type>text</type><desc><![CDATA[大面积烧伤]]></desc></option><option><id>C</id><type>text</type><desc><![CDATA[急性溶血]]></desc></option><option><id>D</id><type>text</type><desc><![CDATA[急性中毒]]></desc></option><option><id>E</id><type>text</type><desc><![CDATA[恶性肿瘤]]></desc></option></options><answers><![CDATA[A]]></answers></question><question><type>1</type><format>text</format><desc><![CDATA[4.血小板增多常见于]]></desc><options><option><id>A</id><type>text</type><desc><![CDATA[慢性粒细胞性白血病]]></desc></option><option><id>B</id><type>text</type><desc><![CDATA[血栓性血小板减少性紫癜]]></desc></option><option><id>C</id><type>text</type><desc><![CDATA[脾功能亢进]]></desc></option><option><id>D</id><type>text</type><desc><![CDATA[急性白血病]]></desc></option><option><id>E</id><type>text</type><desc><![CDATA[放射性损伤]]></desc></option></options><answers><![CDATA[A]]></answers></question><question><type>1</type><format>text</format><desc><![CDATA[5.关于血沉应用的叙述，正确的是]]></desc><options><option><id>A</id><type>text</type><desc><![CDATA[血沉结果可用于确诊某种疾病]]></desc></option><option><id>B</id><type>text</type><desc><![CDATA[血沉可用于健康人群的筛查]]></desc></option><option><id>C</id><type>text</type><desc><![CDATA[血沉不能用于疾病的动态观察]]></desc></option><option><id>D</id><type>text</type><desc><![CDATA[血沉仪法血沉结果可用于确诊某种疾病]]></desc></option><option><id>E</id><type>text</type><desc><![CDATA[血沉对无症状健康人群筛选率高]]></desc></option></options><answers><![CDATA[C]]></answers></question><question><type>1</type><format>text</format><desc><![CDATA[6.对ITP的诊断具有重要价值的是]]></desc><options><option><id>A</id><type>text</type><desc><![CDATA[出血时间]]></desc></option><option><id>B</id><type>text</type><desc><![CDATA[血小板膜糖蛋白]]></desc></option><option><id>C</id><type>text</type><desc><![CDATA[凝血时间]]></desc></option><option><id>D</id><type>text</type><desc><![CDATA[凝血酶原时间]]></desc></option><option><id>E</id><type>text</type><desc><![CDATA[血小板聚集率]]></desc></option></options><answers><![CDATA[B]]></answers></question><question><type>1</type><format>html</format><desc><![CDATA[7.凝血酶原检查的适应证，<u><b>错误</b></u>的是]]></desc><options><option><id>A</id><type>text</type><desc><![CDATA[筛查内源性凝血因子缺陷]]></desc></option><option><id>B</id><type>text</type><desc><![CDATA[监测和调节维生素K拮抗剂]]></desc></option><option><id>C</id><type>text</type><desc><![CDATA[筛查维生素K缺乏症和肝脏疾病]]></desc></option><option><id>D</id><type>text</type><desc><![CDATA[手术前出血风险的评价]]></desc></option><option><id>E</id><type>text</type><desc><![CDATA[筛查DIC]]></desc></option></options><answers><![CDATA[A]]></answers></question><question><type>1</type><format>text</format><desc><![CDATA[8.保存尿液有形成份检查最佳的防腐剂是]]></desc><options><option><id>A</id><type>text</type><desc><![CDATA[甲苯]]></desc></option><option><id>B</id><type>text</type><desc><![CDATA[甲醛]]></desc></option><option><id>C</id><type>text</type><desc><![CDATA[麝香草酚]]></desc></option><option><id>D</id><type>text</type><desc><![CDATA[浓盐酸]]></desc></option><option><id>E</id><type>text</type><desc><![CDATA[硼酸]]></desc></option></options><answers><![CDATA[B]]></answers></question><question><type>1</type><format>text</format><desc><![CDATA[9.肾小管性蛋白尿见于]]></desc><options><option><id>A</id><type>text</type><desc><![CDATA[慢性肾炎]]></desc></option><option><id>B</id><type>text</type><desc><![CDATA[器官移植]]></desc></option><option><id>C</id><type>text</type><desc><![CDATA[电灼伤]]></desc></option><option><id>D</id><type>text</type><desc><![CDATA[多发性骨髓瘤]]></desc></option><option><id>E</id><type>text</type><desc><![CDATA[巨球蛋白血症]]></desc></option></options><answers><![CDATA[B]]></answers></question><question><type>1</type><format>text</format><desc><![CDATA[10.红色粪便最可能的原因是]]></desc><options><option><id>A</id><type>text</type><desc><![CDATA[肠下段出血]]></desc></option><option><id>B</id><type>text</type><desc><![CDATA[上消化道出血]]></desc></option><option><id>C</id><type>text</type><desc><![CDATA[急性细菌性痢疾]]></desc></option><option><id>D</id><type>text</type><desc><![CDATA[服用铁剂]]></desc></option><option><id>E</id><type>text</type><desc><![CDATA[阿米巴痢疾]]></desc></option></options><answers><![CDATA[A]]></answers></question><question><type>1</type><format>text</format><desc><![CDATA[11.脑脊液呈绿色，提示可能存在]]></desc><options><option><id>A</id><type>text</type><desc><![CDATA[溶血性链球菌引起的化脓性脑膜炎]]></desc></option><option><id>B</id><type>text</type><desc><![CDATA[蛛网膜下隙出血]]></desc></option><option><id>C</id><type>text</type><desc><![CDATA[急性肺炎双球菌性脑膜炎]]></desc></option><option><id>D</id><type>text</type><desc><![CDATA[脊髓灰质炎]]></desc></option><option><id>E</id><type>text</type><desc><![CDATA[轻型结核性脑膜炎]]></desc></option></options><answers><![CDATA[C]]></answers></question><question><type>1</type><format>text</format><desc><![CDATA[12.真菌性阴道炎阴道分泌物外观呈]]></desc><options><option><id>A</id><type>text</type><desc><![CDATA[脓性]]></desc></option><option><id>B</id><type>text</type><desc><![CDATA[黄色泡沫状脓性]]></desc></option><option><id>C</id><type>text</type><desc><![CDATA[豆腐渣样]]></desc></option><option><id>D</id><type>text</type><desc><![CDATA[血性]]></desc></option><option><id>E</id><type>text</type><desc><![CDATA[无色透明黏液]]></desc></option></options><answers><![CDATA[C]]></answers></question><question><type>1</type><format>text</format><desc><![CDATA[13.属于诊断加德纳菌性阴道炎的实验室依据是]]></desc><options><option><id>A</id><type>text</type><desc><![CDATA[线索细胞]]></desc></option><option><id>B</id><type>text</type><desc><![CDATA[闪光细胞]]></desc></option><option><id>C</id><type>text</type><desc><![CDATA[移行上皮细胞]]></desc></option><option><id>D</id><type>text</type><desc><![CDATA[柱状上皮细胞]]></desc></option><option><id>E</id><type>text</type><desc><![CDATA[小圆上皮细胞]]></desc></option></options><answers><![CDATA[A]]></answers></question><question><type>1</type><format>text</format><desc><![CDATA[14.反映肾小球滤过功能的指标]]></desc><options><option><id>A</id><type>text</type><desc><![CDATA[尿液α<sub>1</sub>-MG]]></desc></option><option><id>B</id><type>text</type><desc><![CDATA[尿液β<sub>2</sub>-MG]]></desc></option><option><id>C</id><type>text</type><desc><![CDATA[尿液RBP]]></desc></option><option><id>D</id><type>text</type><desc><![CDATA[血清CysC]]></desc></option><option><id>E</id><type>text</type><desc><![CDATA[尿液NAG]]></desc></option></options><answers><![CDATA[D]]></answers></question><question><type>1</type><format>text</format><desc><![CDATA[15.可反映反映肾小管的浓缩稀释功能的是]]></desc><options><option><id>A</id><type>text</type><desc><![CDATA[血清urea]]></desc></option><option><id>B</id><type>text</type><desc><![CDATA[SCr]]></desc></option><option><id>C</id><type>text</type><desc><![CDATA[尿液α<sub>1</sub>-MG]]></desc></option><option><id>D</id><type>text</type><desc><![CDATA[尿渗量]]></desc></option><option><id>E</id><type>text</type><desc><![CDATA[尿液β<sub>2</sub>-MG]]></desc></option></options><answers><![CDATA[D]]></answers></question><question><type>1</type><format>html</format><desc><![CDATA[16.胆汁淤积性黄疸胆红素代谢<u><b>不正确</b></u>的是]]></desc><options><option><id>A</id><type>text</type><desc><![CDATA[未结合胆红素正常或增高]]></desc></option><option><id>B</id><type>text</type><desc><![CDATA[结合胆红素增高]]></desc></option><option><id>C</id><type>text</type><desc><![CDATA[尿液尿胆原阳性]]></desc></option><option><id>D</id><type>text</type><desc><![CDATA[尿液尿胆素阴性]]></desc></option><option><id>E</id><type>text</type><desc><![CDATA[尿液胆红素阳性]]></desc></option></options><answers><![CDATA[C]]></answers></question><question><type>1</type><format>html</format><desc><![CDATA[17.有关转氨酶，<u><b>错误</b></u>的是]]></desc><options><option><id>A</id><type>text</type><desc><![CDATA[肝细胞损伤是血清转氨酶活性增高的最常见原因]]></desc></option><option><id>B</id><type>text</type><desc><![CDATA[转氨酶对肝细胞损伤的诊断是特异性指标]]></desc></option><option><id>C</id><type>text</type><desc><![CDATA[ALT对肝细胞损伤诊断的灵敏度高于AST]]></desc></option><option><id>D</id><type>text</type><desc><![CDATA[红细胞内AST、ALT活性较血清明显增高]]></desc></option><option><id>E</id><type>text</type><desc><![CDATA[急性重症肝炎可出现胆酶分离]]></desc></option></options><answers><![CDATA[B]]></answers></question><question><type>1</type><format>text</format><desc><![CDATA[18.能更好反映胰腺分泌功能的指标是]]></desc><options><option><id>A</id><type>text</type><desc><![CDATA[FPG]]></desc></option><option><id>B</id><type>text</type><desc><![CDATA[C肽]]></desc></option><option><id>C</id><type>text</type><desc><![CDATA[糖化血红蛋白]]></desc></option><option><id>D</id><type>text</type><desc><![CDATA[糖化白蛋白]]></desc></option><option><id>E</id><type>text</type><desc><![CDATA[胰岛素]]></desc></option></options><answers><![CDATA[B]]></answers></question><question><type>1</type><format>text</format><desc><![CDATA[19.与冠心病发病风险呈负相关的是]]></desc><options><option><id>A</id><type>text</type><desc><![CDATA[CH]]></desc></option><option><id>B</id><type>text</type><desc><![CDATA[TG]]></desc></option><option><id>C</id><type>text</type><desc><![CDATA[HDL-C]]></desc></option><option><id>D</id><type>text</type><desc><![CDATA[LDL-C]]></desc></option><option><id>E</id><type>text</type><desc><![CDATA[LP(a)]]></desc></option></options><answers><![CDATA[C]]></answers></question><question><type>1</type><format>html</format><desc><![CDATA[20.<u><b>不属于</b></u>甲状腺激素的是]]></desc><options><option><id>A</id><type>text</type><desc><![CDATA[TT<sub>3</sub>]]></desc></option><option><id>B</id><type>text</type><desc><![CDATA[TT<sub>4</sub>]]></desc></option><option><id>C</id><type>text</type><desc><![CDATA[FT<sub>3</sub>]]></desc></option><option><id>D</id><type>text</type><desc><![CDATA[TGB]]></desc></option><option><id>E</id><type>text</type><desc><![CDATA[FT<sub>4</sub>]]></desc></option></options><answers><![CDATA[D]]></answers></question><question><type>1</type><format>text</format><desc><![CDATA[21.HBV感染后最早出现的血清标志物是]]></desc><options><option><id>A</id><type>text</type><desc><![CDATA[HBsAg]]></desc></option><option><id>B</id><type>text</type><desc><![CDATA[HBsAb]]></desc></option><option><id>C</id><type>text</type><desc><![CDATA[HBeAg]]></desc></option><option><id>D</id><type>text</type><desc><![CDATA[HBeAb]]></desc></option><option><id>E</id><type>text</type><desc><![CDATA[HBcAb]]></desc></option></options><answers><![CDATA[A]]></answers></question><question><type>1</type><format>text</format><desc><![CDATA[22.脏器特异性最高的是]]></desc><options><option><id>A</id><type>text</type><desc><![CDATA[PSA]]></desc></option><option><id>B</id><type>text</type><desc><![CDATA[AFP]]></desc></option><option><id>C</id><type>text</type><desc><![CDATA[CA125]]></desc></option><option><id>D</id><type>text</type><desc><![CDATA[CA15-3]]></desc></option><option><id>E</id><type>text</type><desc><![CDATA[CA19-9]]></desc></option></options><answers><![CDATA[A]]></answers></question><question><type>1</type><format>text</format><desc><![CDATA[23.属于胚胎抗原类肿瘤标志物的是]]></desc><options><option><id>A</id><type>text</type><desc><![CDATA[PSA]]></desc></option><option><id>B</id><type>text</type><desc><![CDATA[AFP]]></desc></option><option><id>C</id><type>text</type><desc><![CDATA[CA125]]></desc></option><option><id>D</id><type>text</type><desc><![CDATA[CA15-3]]></desc></option><option><id>E</id><type>text</type><desc><![CDATA[CA19-9]]></desc></option></options><answers><![CDATA[B]]></answers></question><question><type>1</type><format>text</format><desc><![CDATA[24.常用于原发性肝癌诊断的是]]></desc><options><option><id>A</id><type>text</type><desc><![CDATA[PSA]]></desc></option><option><id>B</id><type>text</type><desc><![CDATA[AFP]]></desc></option><option><id>C</id><type>text</type><desc><![CDATA[CA125]]></desc></option><option><id>D</id><type>text</type><desc><![CDATA[CA15-3]]></desc></option><option><id>E</id><type>text</type><desc><![CDATA[CA19-9]]></desc></option></options><answers><![CDATA[B]]></answers></question></questions><questions><instructions><![CDATA[A2型题]]></instructions><question><type>1</type><format>text</format><desc><![CDATA[25.病人，女性，16岁，拟诊再生障碍性贫血，骨髓穿刺首选的部位是]]></desc><options><option><id>A</id><type>text</type><desc><![CDATA[棘突]]></desc></option><option><id>B</id><type>text</type><desc><![CDATA[胸骨]]></desc></option><option><id>C</id><type>text</type><desc><![CDATA[胫骨]]></desc></option><option><id>D</id><type>text</type><desc><![CDATA[髂前上棘]]></desc></option><option><id>E</id><type>text</type><desc><![CDATA[髂后上棘]]></desc></option></options><answers><![CDATA[B]]></answers></question></questions></exam>