﻿<?xml version="1.0" encoding="UTF-8"?><exam><id>20180924215951</id><questions><instructions><![CDATA[A1型题]]></instructions><question><type>1</type><format>text</format><desc><![CDATA[1.发热最常见的原因是]]></desc><options><option><id>A</id><type>text</type><desc><![CDATA[感染]]></desc></option><option><id>B</id><type>text</type><desc><![CDATA[无菌坏死物质吸收]]></desc></option><option><id>C</id><type>text</type><desc><![CDATA[抗原抗体反应]]></desc></option><option><id>D</id><type>text</type><desc><![CDATA[广泛性皮炎]]></desc></option><option><id>E</id><type>text</type><desc><![CDATA[重度安眠药中毒]]></desc></option></options><answers><![CDATA[A]]></answers></question><question><type>1</type><format>html</format><desc><![CDATA[2.眩晕一般<u><b>不会</b></u>发生]]></desc><options><option><id>A</id><type>text</type><desc><![CDATA[耳鸣]]></desc></option><option><id>B</id><type>text</type><desc><![CDATA[意识障碍]]></desc></option><option><id>C</id><type>text</type><desc><![CDATA[听力减退]]></desc></option><option><id>D</id><type>text</type><desc><![CDATA[眼球震颤]]></desc></option><option><id>E</id><type>text</type><desc><![CDATA[恶心、呕吐]]></desc></option></options><answers><![CDATA[B]]></answers></question><question><type>1</type><format>text</format><desc><![CDATA[3.抽搐而不伴有脑膜刺激征的是]]></desc><options><option><id>A</id><type>text</type><desc><![CDATA[脑膜炎]]></desc></option><option><id>B</id><type>text</type><desc><![CDATA[癔症]]></desc></option><option><id>C</id><type>text</type><desc><![CDATA[脑膜脑炎]]></desc></option><option><id>D</id><type>text</type><desc><![CDATA[蛛网膜下隙出血]]></desc></option><option><id>E</id><type>text</type><desc><![CDATA[假性脑膜炎]]></desc></option></options><answers><![CDATA[B]]></answers></question><question><type>1</type><format>text</format><desc><![CDATA[4.程度最轻的意识障碍是]]></desc><options><option><id>A</id><type>text</type><desc><![CDATA[嗜睡]]></desc></option><option><id>B</id><type>text</type><desc><![CDATA[昏睡]]></desc></option><option><id>C</id><type>text</type><desc><![CDATA[意识模糊]]></desc></option><option><id>D</id><type>text</type><desc><![CDATA[中度昏迷]]></desc></option><option><id>E</id><type>text</type><desc><![CDATA[深度昏迷]]></desc></option></options><answers><![CDATA[A]]></answers></question><question><type>1</type><format>text</format><desc><![CDATA[5.昏迷伴口唇呈樱桃红色的是]]></desc><options><option><id>A</id><type>text</type><desc><![CDATA[氰化物中毒]]></desc></option><option><id>B</id><type>text</type><desc><![CDATA[一氧化碳中毒]]></desc></option><option><id>C</id><type>text</type><desc><![CDATA[乙醇中毒]]></desc></option><option><id>D</id><type>text</type><desc><![CDATA[毒蕈中毒]]></desc></option><option><id>E</id><type>text</type><desc><![CDATA[巴比妥类中毒]]></desc></option></options><answers><![CDATA[B]]></answers></question><question><type>1</type><format>text</format><desc><![CDATA[6.体温常在39℃以上，波动幅度大，24小时内波动范围超过2℃，但都在正常水平以上的是]]></desc><options><option><id>A</id><type>text</type><desc><![CDATA[稽留热]]></desc></option><option><id>B</id><type>text</type><desc><![CDATA[弛张热]]></desc></option><option><id>C</id><type>text</type><desc><![CDATA[间歇热]]></desc></option><option><id>D</id><type>text</type><desc><![CDATA[波状热]]></desc></option><option><id>E</id><type>text</type><desc><![CDATA[回归热]]></desc></option></options><answers><![CDATA[B]]></answers></question><question><type>1</type><format>html</format><desc><![CDATA[7.心源性水肿的特点<u><b>不正确</b></u>的是]]></desc><options><option><id>A</id><type>text</type><desc><![CDATA[从眼睑、颜面开始而延及全身]]></desc></option><option><id>B</id><type>text</type><desc><![CDATA[比较坚实，移动性小]]></desc></option><option><id>C</id><type>text</type><desc><![CDATA[从足开始，向上延及全身]]></desc></option><option><id>D</id><type>text</type><desc><![CDATA[发展较慢]]></desc></option><option><id>E</id><type>text</type><desc><![CDATA[伴有心功能不全]]></desc></option></options><answers><![CDATA[A]]></answers></question><question><type>1</type><format>text</format><desc><![CDATA[8.紫癜伴有黄疸者多见于]]></desc><options><option><id>A</id><type>text</type><desc><![CDATA[严重肝病]]></desc></option><option><id>B</id><type>text</type><desc><![CDATA[尿毒症]]></desc></option><option><id>C</id><type>text</type><desc><![CDATA[过敏性紫癜]]></desc></option><option><id>D</id><type>text</type><desc><![CDATA[血友病]]></desc></option><option><id>E</id><type>text</type><desc><![CDATA[白血病]]></desc></option></options><answers><![CDATA[A]]></answers></question><question><type>1</type><format>text</format><desc><![CDATA[9.属于感染性发热的是]]></desc><options><option><id>A</id><type>text</type><desc><![CDATA[内出血]]></desc></option><option><id>B</id><type>text</type><desc><![CDATA[立克次体病]]></desc></option><option><id>C</id><type>text</type><desc><![CDATA[甲状腺功能亢进]]></desc></option><option><id>D</id><type>text</type><desc><![CDATA[重度脱水]]></desc></option><option><id>E</id><type>text</type><desc><![CDATA[慢性心力衰竭]]></desc></option></options><answers><![CDATA[B]]></answers></question><question><type>1</type><format>text</format><desc><![CDATA[10.心性混合性发绀见于]]></desc><options><option><id>A</id><type>text</type><desc><![CDATA[严重休克]]></desc></option><option><id>B</id><type>text</type><desc><![CDATA[肢端发绀症]]></desc></option><option><id>C</id><type>text</type><desc><![CDATA[法洛四联症]]></desc></option><option><id>D</id><type>text</type><desc><![CDATA[阻塞性肺气肿]]></desc></option><option><id>E</id><type>text</type><desc><![CDATA[肺栓塞]]></desc></option></options><answers><![CDATA[C]]></answers></question><question><type>1</type><format>text</format><desc><![CDATA[11.胸痛可因咳嗽或用力呼吸而加重的是]]></desc><options><option><id>A</id><type>text</type><desc><![CDATA[心绞痛]]></desc></option><option><id>B</id><type>text</type><desc><![CDATA[纵隔肿瘤]]></desc></option><option><id>C</id><type>text</type><desc><![CDATA[食管炎]]></desc></option><option><id>D</id><type>text</type><desc><![CDATA[胸膜炎]]></desc></option><option><id>E</id><type>text</type><desc><![CDATA[主动脉夹层]]></desc></option></options><answers><![CDATA[D]]></answers></question><question><type>1</type><format>text</format><desc><![CDATA[12.持续性或间断性少量咯血或痰中带血，最常见于]]></desc><options><option><id>A</id><type>text</type><desc><![CDATA[肺结核]]></desc></option><option><id>B</id><type>text</type><desc><![CDATA[支气管肺癌]]></desc></option><option><id>C</id><type>text</type><desc><![CDATA[慢性肺脓肿]]></desc></option><option><id>D</id><type>text</type><desc><![CDATA[慢性支气管炎]]></desc></option><option><id>E</id><type>text</type><desc><![CDATA[支原体肺炎]]></desc></option></options><answers><![CDATA[B]]></answers></question><question><type>1</type><format>text</format><desc><![CDATA[13.干咳或刺激性咳嗽常见于]]></desc><options><option><id>A</id><type>text</type><desc><![CDATA[慢性支气管炎]]></desc></option><option><id>B</id><type>text</type><desc><![CDATA[支气管扩张症]]></desc></option><option><id>C</id><type>text</type><desc><![CDATA[肺炎]]></desc></option><option><id>D</id><type>text</type><desc><![CDATA[急性或慢性咽喉炎]]></desc></option><option><id>E</id><type>text</type><desc><![CDATA[肺脓肿]]></desc></option></options><answers><![CDATA[D]]></answers></question><question><type>1</type><format>text</format><desc><![CDATA[14.湿性咳嗽常见于]]></desc><options><option><id>A</id><type>text</type><desc><![CDATA[支气管异物]]></desc></option><option><id>B</id><type>text</type><desc><![CDATA[胸腔疾病]]></desc></option><option><id>C</id><type>text</type><desc><![CDATA[空洞性肺结核]]></desc></option><option><id>D</id><type>text</type><desc><![CDATA[慢性咽喉炎]]></desc></option><option><id>E</id><type>text</type><desc><![CDATA[支气管肿瘤]]></desc></option></options><answers><![CDATA[C]]></answers></question><question><type>1</type><format>text</format><desc><![CDATA[15.水肿伴体重减轻、消瘦者则为]]></desc><options><option><id>A</id><type>text</type><desc><![CDATA[肝源性水肿]]></desc></option><option><id>B</id><type>text</type><desc><![CDATA[心源性水肿]]></desc></option><option><id>C</id><type>text</type><desc><![CDATA[营养不良性水肿]]></desc></option><option><id>D</id><type>text</type><desc><![CDATA[肾源性水肿]]></desc></option><option><id>E</id><type>text</type><desc><![CDATA[特发性水肿]]></desc></option></options><answers><![CDATA[C]]></answers></question><question><type>1</type><format>text</format><desc><![CDATA[16.长期反复发作头痛或搏动性头痛常见于]]></desc><options><option><id>A</id><type>text</type><desc><![CDATA[蛛网膜下隙出血]]></desc></option><option><id>B</id><type>text</type><desc><![CDATA[血管性头痛]]></desc></option><option><id>C</id><type>text</type><desc><![CDATA[脑肿瘤]]></desc></option><option><id>D</id><type>text</type><desc><![CDATA[肌紧张性头痛]]></desc></option><option><id>E</id><type>text</type><desc><![CDATA[丛集性头痛]]></desc></option></options><answers><![CDATA[B]]></answers></question><question><type>1</type><format>text</format><desc><![CDATA[17.多尿性尿频主要见于]]></desc><options><option><id>A</id><type>text</type><desc><![CDATA[糖尿病]]></desc></option><option><id>B</id><type>text</type><desc><![CDATA[膀胱炎]]></desc></option><option><id>C</id><type>text</type><desc><![CDATA[前列腺炎]]></desc></option><option><id>D</id><type>text</type><desc><![CDATA[尿道膀胱炎]]></desc></option><option><id>E</id><type>text</type><desc><![CDATA[膀胱癌]]></desc></option></options><answers><![CDATA[A]]></answers></question><question><type>1</type><format>html</format><desc><![CDATA[18.椎骨盘突出所致的腰背痛的特点，<u><b>不正确</b></u>的是]]></desc><options><option><id>A</id><type>text</type><desc><![CDATA[多见于轻壮年]]></desc></option><option><id>B</id><type>text</type><desc><![CDATA[以腰4～骶1易发]]></desc></option><option><id>C</id><type>text</type><desc><![CDATA[常有搬重物或扭伤史]]></desc></option><option><id>D</id><type>text</type><desc><![CDATA[主要表现为腰痛或坐骨神经痛]]></desc></option><option><id>E</id><type>text</type><desc><![CDATA[无下肢麻木、冷感或间歇性跛行]]></desc></option></options><answers><![CDATA[E]]></answers></question><question><type>1</type><format>text</format><desc><![CDATA[19.继发性便秘的原因有]]></desc><options><option><id>A</id><type>text</type><desc><![CDATA[进食量少或缺乏纤维素]]></desc></option><option><id>B</id><type>text</type><desc><![CDATA[肠易激综合征]]></desc></option><option><id>C</id><type>text</type><desc><![CDATA[腹肌或盆肌肌张力不足]]></desc></option><option><id>D</id><type>text</type><desc><![CDATA[直肠、肛门病变导致排便无力]]></desc></option><option><id>E</id><type>text</type><desc><![CDATA[结肠冗长]]></desc></option></options><answers><![CDATA[D]]></answers></question><question><type>1</type><format>text</format><desc><![CDATA[20.腹泻伴有关节痛或肿胀的是]]></desc><options><option><id>A</id><type>text</type><desc><![CDATA[急性痢疾]]></desc></option><option><id>B</id><type>text</type><desc><![CDATA[肠结核]]></desc></option><option><id>C</id><type>text</type><desc><![CDATA[溃疡性结肠炎]]></desc></option><option><id>D</id><type>text</type><desc><![CDATA[过敏性紫癜]]></desc></option><option><id>E</id><type>text</type><desc><![CDATA[伤寒]]></desc></option></options><answers><![CDATA[C]]></answers></question><question><type>1</type><format>text</format><desc><![CDATA[21.腹痛发作前常有进食油腻食物的是]]></desc><options><option><id>A</id><type>text</type><desc><![CDATA[急性胰腺炎]]></desc></option><option><id>B</id><type>text</type><desc><![CDATA[慢性胃炎]]></desc></option><option><id>C</id><type>text</type><desc><![CDATA[胃癌]]></desc></option><option><id>D</id><type>text</type><desc><![CDATA[胆囊炎]]></desc></option><option><id>E</id><type>text</type><desc><![CDATA[急性弥漫性腹膜炎]]></desc></option></options><answers><![CDATA[D]]></answers></question><question><type>1</type><format>text</format><desc><![CDATA[22.突发中上腹部剧烈刀割样痛、烧灼样痛多见于]]></desc><options><option><id>A</id><type>text</type><desc><![CDATA[消化性溃疡穿孔]]></desc></option><option><id>B</id><type>text</type><desc><![CDATA[急性胃炎]]></desc></option><option><id>C</id><type>text</type><desc><![CDATA[急性胰腺炎]]></desc></option><option><id>D</id><type>text</type><desc><![CDATA[胆石症]]></desc></option><option><id>E</id><type>text</type><desc><![CDATA[急性弥漫性腹膜炎]]></desc></option></options><answers><![CDATA[A]]></answers></question><question><type>1</type><format>text</format><desc><![CDATA[23.便血伴里急后重见于]]></desc><options><option><id>A</id><type>text</type><desc><![CDATA[直肠炎]]></desc></option><option><id>B</id><type>text</type><desc><![CDATA[肠道淋巴瘤]]></desc></option><option><id>C</id><type>text</type><desc><![CDATA[肠套叠]]></desc></option><option><id>D</id><type>text</type><desc><![CDATA[Crohn病]]></desc></option><option><id>E</id><type>text</type><desc><![CDATA[消化性溃疡]]></desc></option></options><answers><![CDATA[A]]></answers></question><question><type>1</type><format>text</format><desc><![CDATA[24.引起呕血最常见的是]]></desc><options><option><id>A</id><type>text</type><desc><![CDATA[慢性胃炎]]></desc></option><option><id>B</id><type>text</type><desc><![CDATA[急性十二指肠黏膜病变]]></desc></option><option><id>C</id><type>text</type><desc><![CDATA[胃癌]]></desc></option><option><id>D</id><type>text</type><desc><![CDATA[消化性溃疡]]></desc></option><option><id>E</id><type>text</type><desc><![CDATA[胃黏膜脱垂症]]></desc></option></options><answers><![CDATA[D]]></answers></question><question><type>1</type><format>text</format><desc><![CDATA[25.呕吐物有粪臭味提示]]></desc><options><option><id>A</id><type>text</type><desc><![CDATA[幽门管溃疡]]></desc></option><option><id>B</id><type>text</type><desc><![CDATA[小肠低位梗阻]]></desc></option><option><id>C</id><type>text</type><desc><![CDATA[胃泌素瘤]]></desc></option><option><id>D</id><type>text</type><desc><![CDATA[胃潴留]]></desc></option><option><id>E</id><type>text</type><desc><![CDATA[上消化道出血]]></desc></option></options><answers><![CDATA[B]]></answers></question><question><type>1</type><format>html</format><desc><![CDATA[26.<u><b>不是</b></u>心悸原因的是]]></desc><options><option><id>A</id><type>text</type><desc><![CDATA[心肌收缩力减弱]]></desc></option><option><id>B</id><type>text</type><desc><![CDATA[心动过速]]></desc></option><option><id>C</id><type>text</type><desc><![CDATA[心动过缓]]></desc></option><option><id>D</id><type>text</type><desc><![CDATA[期前收缩]]></desc></option><option><id>E</id><type>text</type><desc><![CDATA[心房颤动]]></desc></option></options><answers><![CDATA[A]]></answers></question><question><type>1</type><format>text</format><desc><![CDATA[27.吸气性呼吸困难的特点是]]></desc><options><option><id>A</id><type>text</type><desc><![CDATA[吸气费力]]></desc></option><option><id>B</id><type>text</type><desc><![CDATA[严重者可出现“三凹征”]]></desc></option><option><id>C</id><type>text</type><desc><![CDATA[可伴有干咳及高调吸气性喉鸣]]></desc></option><option><id>D</id><type>text</type><desc><![CDATA[主要是由于肺泡弹性减弱和（或）小支气管痉挛所致]]></desc></option><option><id>E</id><type>text</type><desc><![CDATA[常见于喉部、气管及大支气管阻塞与狭窄]]></desc></option></options><answers><![CDATA[D]]></answers></question><question><type>1</type><format>text</format><desc><![CDATA[28.体温恒定的维持在39～40℃以上，达数天或数周，24小时内体温波动范围不超过1℃的是]]></desc><options><option><id>A</id><type>text</type><desc><![CDATA[稽留热]]></desc></option><option><id>B</id><type>text</type><desc><![CDATA[弛张热]]></desc></option><option><id>C</id><type>text</type><desc><![CDATA[波状热]]></desc></option><option><id>D</id><type>text</type><desc><![CDATA[不规则热]]></desc></option><option><id>E</id><type>text</type><desc><![CDATA[间歇热]]></desc></option></options><answers><![CDATA[A]]></answers></question><question><type>1</type><format>text</format><desc><![CDATA[29.胸骨后绞榨样痛并有重压窒息感，常见于]]></desc><options><option><id>A</id><type>text</type><desc><![CDATA[急性心包炎]]></desc></option><option><id>B</id><type>text</type><desc><![CDATA[夹层动脉瘤]]></desc></option><option><id>C</id><type>text</type><desc><![CDATA[胸膜炎]]></desc></option><option><id>D</id><type>text</type><desc><![CDATA[肺梗死]]></desc></option><option><id>E</id><type>text</type><desc><![CDATA[心绞痛]]></desc></option></options><answers><![CDATA[E]]></answers></question><question><type>1</type><format>text</format><desc><![CDATA[30.气管、大支气管阻塞或狭窄可引起]]></desc><options><option><id>A</id><type>text</type><desc><![CDATA[吸气性呼吸困难]]></desc></option><option><id>B</id><type>text</type><desc><![CDATA[呼气性呼吸困难]]></desc></option><option><id>C</id><type>text</type><desc><![CDATA[混合性呼吸困难]]></desc></option><option><id>D</id><type>text</type><desc><![CDATA[心源性呼吸困难]]></desc></option><option><id>E</id><type>text</type><desc><![CDATA[中毒性呼吸困难]]></desc></option></options><answers><![CDATA[A]]></answers></question></questions></exam>