﻿<?xml version="1.0" encoding="UTF-8"?><exam><id>20180924221716</id><questions><instructions><![CDATA[A1型题]]></instructions><question><type>1</type><format>html</format><desc><![CDATA[1.<u><b>不属于</b></u>社会评估的主要内容的是]]></desc><options><option><id>A</id><type>text</type><desc><![CDATA[角色与角色适应评估]]></desc></option><option><id>B</id><type>text</type><desc><![CDATA[文化评估]]></desc></option><option><id>C</id><type>text</type><desc><![CDATA[家庭评估]]></desc></option><option><id>D</id><type>text</type><desc><![CDATA[环境评估]]></desc></option><option><id>E</id><type>text</type><desc><![CDATA[经济能力评估]]></desc></option></options><answers><![CDATA[E]]></answers></question><question><type>1</type><format>text</format><desc><![CDATA[2.属于第一角色的是]]></desc><options><option><id>A</id><type>text</type><desc><![CDATA[女性]]></desc></option><option><id>B</id><type>text</type><desc><![CDATA[护士]]></desc></option><option><id>C</id><type>text</type><desc><![CDATA[护理学会的会员]]></desc></option><option><id>D</id><type>text</type><desc><![CDATA[母亲]]></desc></option><option><id>E</id><type>text</type><desc><![CDATA[护士长]]></desc></option></options><answers><![CDATA[A]]></answers></question><question><type>1</type><format>text</format><desc><![CDATA[3.角色认知的基础是]]></desc><options><option><id>A</id><type>text</type><desc><![CDATA[角色学习]]></desc></option><option><id>B</id><type>text</type><desc><![CDATA[角色期望]]></desc></option><option><id>C</id><type>text</type><desc><![CDATA[角色模仿]]></desc></option><option><id>D</id><type>text</type><desc><![CDATA[角色成熟]]></desc></option><option><id>E</id><type>text</type><desc><![CDATA[角色过渡]]></desc></option></options><answers><![CDATA[C]]></answers></question><question><type>1</type><format>text</format><desc><![CDATA[4.产生角色适应不良的原因有]]></desc><options><option><id>A</id><type>text</type><desc><![CDATA[角色期望与角色认知有差异]]></desc></option><option><id>B</id><type>text</type><desc><![CDATA[角色期望与角色模仿不一致]]></desc></option><option><id>C</id><type>text</type><desc><![CDATA[角色表现与角色期望不协调]]></desc></option><option><id>D</id><type>text</type><desc><![CDATA[角色表现与角色认知不协调]]></desc></option><option><id>E</id><type>text</type><desc><![CDATA[角色期望与角色模仿不一致]]></desc></option></options><answers><![CDATA[C]]></answers></question><question><type>1</type><format>text</format><desc><![CDATA[5.角色冲突是指]]></desc><options><option><id>A</id><type>text</type><desc><![CDATA[角色期望与角色表现差距太大]]></desc></option><option><id>B</id><type>text</type><desc><![CDATA[角色期望不明确]]></desc></option><option><id>C</id><type>text</type><desc><![CDATA[对角色期望过高或过低]]></desc></option><option><id>D</id><type>text</type><desc><![CDATA[角色期望与角色自我能力不匹配]]></desc></option><option><id>E</id><type>text</type><desc><![CDATA[角色自我能力不能体现]]></desc></option></options><answers><![CDATA[A]]></answers></question><question><type>1</type><format>text</format><desc><![CDATA[6.年轻病人常见的角色适应不良为]]></desc><options><option><id>A</id><type>text</type><desc><![CDATA[病人角色缺如]]></desc></option><option><id>B</id><type>text</type><desc><![CDATA[病人角色模糊]]></desc></option><option><id>C</id><type>text</type><desc><![CDATA[病人角色强化]]></desc></option><option><id>D</id><type>text</type><desc><![CDATA[病人角色消失]]></desc></option><option><id>E</id><type>text</type><desc><![CDATA[病人角色错乱]]></desc></option></options><answers><![CDATA[B]]></answers></question><question><type>1</type><format>text</format><desc><![CDATA[7.老年病人常见的角色适应不良是]]></desc><options><option><id>A</id><type>text</type><desc><![CDATA[病人角色缺如]]></desc></option><option><id>B</id><type>text</type><desc><![CDATA[病人角色模糊]]></desc></option><option><id>C</id><type>text</type><desc><![CDATA[病人角色强化]]></desc></option><option><id>D</id><type>text</type><desc><![CDATA[病人角色消失]]></desc></option><option><id>E</id><type>text</type><desc><![CDATA[病人角色错乱]]></desc></option></options><answers><![CDATA[C]]></answers></question><question><type>1</type><format>html</format><desc><![CDATA[8.<u><b>不属于</b></u>社会环境的是]]></desc><options><option><id>A</id><type>text</type><desc><![CDATA[制度]]></desc></option><option><id>B</id><type>text</type><desc><![CDATA[法律]]></desc></option><option><id>C</id><type>text</type><desc><![CDATA[经济]]></desc></option><option><id>D</id><type>text</type><desc><![CDATA[文化]]></desc></option><option><id>E</id><type>text</type><desc><![CDATA[室内装潢]]></desc></option></options><answers><![CDATA[E]]></answers></question><question><type>1</type><format>html</format><desc><![CDATA[9.关于价值观与信念的关系，<u><b>错误</b></u>的是]]></desc><options><option><id>A</id><type>text</type><desc><![CDATA[可帮助个体认识自己的健康问题]]></desc></option><option><id>B</id><type>text</type><desc><![CDATA[可帮助个体决策健康问题的轻重缓急]]></desc></option><option><id>C</id><type>text</type><desc><![CDATA[可帮助个体在疾病时选择不同的治疗方法]]></desc></option><option><id>D</id><type>text</type><desc><![CDATA[不影响个体对疾病预后的看法]]></desc></option><option><id>E</id><type>text</type><desc><![CDATA[影响人们对医疗保密措施的选择]]></desc></option></options><answers><![CDATA[D]]></answers></question><question><type>1</type><format>text</format><desc><![CDATA[10.现有资料显示，在中国大城市中主要的家庭类型是]]></desc><options><option><id>A</id><type>text</type><desc><![CDATA[核心家庭]]></desc></option><option><id>B</id><type>text</type><desc><![CDATA[主干家庭]]></desc></option><option><id>C</id><type>text</type><desc><![CDATA[单亲家庭]]></desc></option><option><id>D</id><type>text</type><desc><![CDATA[重组家庭]]></desc></option><option><id>E</id><type>text</type><desc><![CDATA[同居家庭]]></desc></option></options><answers><![CDATA[A]]></answers></question><question><type>1</type><format>text</format><desc><![CDATA[11.最能反应家庭成员间的相互关系的是]]></desc><options><option><id>A</id><type>text</type><desc><![CDATA[权利结构]]></desc></option><option><id>B</id><type>text</type><desc><![CDATA[家庭角色]]></desc></option><option><id>C</id><type>text</type><desc><![CDATA[沟通类型]]></desc></option><option><id>D</id><type>text</type><desc><![CDATA[家庭内部资源]]></desc></option><option><id>E</id><type>text</type><desc><![CDATA[同居家庭]]></desc></option></options><answers><![CDATA[B]]></answers></question><question><type>1</type><format>html</format><desc><![CDATA[12.<u><b>不是</b></u>家庭内部资源的是]]></desc><options><option><id>A</id><type>text</type><desc><![CDATA[家庭对成员健康提供的经济支持]]></desc></option><option><id>B</id><type>text</type><desc><![CDATA[家庭对成员的关怀和精神支持]]></desc></option><option><id>C</id><type>text</type><desc><![CDATA[家庭的文化背景、宗教信仰]]></desc></option><option><id>D</id><type>text</type><desc><![CDATA[家庭提供并安排的医疗照顾]]></desc></option><option><id>E</id><type>text</type><desc><![CDATA[同居家庭]]></desc></option></options><answers><![CDATA[C]]></answers></question><question><type>1</type><format>text</format><desc><![CDATA[13.在社会环境因素中，对健康影响最大的是]]></desc><options><option><id>A</id><type>text</type><desc><![CDATA[教育水平]]></desc></option><option><id>B</id><type>text</type><desc><![CDATA[经济]]></desc></option><option><id>C</id><type>text</type><desc><![CDATA[生活方式]]></desc></option><option><id>D</id><type>text</type><desc><![CDATA[社会关系]]></desc></option><option><id>E</id><type>text</type><desc><![CDATA[同居家庭]]></desc></option></options><answers><![CDATA[C]]></answers></question><question><type>1</type><format>text</format><desc><![CDATA[14.属于健康生活方式的是]]></desc><options><option><id>A</id><type>text</type><desc><![CDATA[吸烟]]></desc></option><option><id>B</id><type>text</type><desc><![CDATA[酗酒]]></desc></option><option><id>C</id><type>text</type><desc><![CDATA[运动]]></desc></option><option><id>D</id><type>text</type><desc><![CDATA[持续在网上工作、与人聊天]]></desc></option><option><id>E</id><type>text</type><desc><![CDATA[同居家庭]]></desc></option></options><answers><![CDATA[C]]></answers></question></questions><questions><instructions><![CDATA[A2型题]]></instructions><question><type>1</type><format>text</format><desc><![CDATA[15.病人，男性，56岁。慢性阻塞性肺疾病入院治疗。护士为其安排好床位后，说“我是您的责任护士，我姓张，叫我小张好了。有事请按床头呼叫器，我随时为您服务”。此时护士承担的主要角色是]]></desc><options><option><id>A</id><type>text</type><desc><![CDATA[热情的接待者]]></desc></option><option><id>B</id><type>text</type><desc><![CDATA[主动的介绍者]]></desc></option><option><id>C</id><type>text</type><desc><![CDATA[细心的照顾者]]></desc></option><option><id>D</id><type>text</type><desc><![CDATA[病房的管理者]]></desc></option><option><id>E</id><type>text</type><desc><![CDATA[护理的协调者]]></desc></option></options><answers><![CDATA[B]]></answers></question><question><type>1</type><format>text</format><desc><![CDATA[16.病人，女性，58岁。因卵巢癌住院治疗，治疗期间得知自己儿子因患急性肾炎住院需照顾，就立即放弃自己的治疗去照顾儿子。这种行为属于]]></desc><options><option><id>A</id><type>text</type><desc><![CDATA[病人角色行为消退]]></desc></option><option><id>B</id><type>text</type><desc><![CDATA[病人角色行为冲突]]></desc></option><option><id>C</id><type>text</type><desc><![CDATA[病人角色行为强化]]></desc></option><option><id>D</id><type>text</type><desc><![CDATA[病人角色行为缺如]]></desc></option><option><id>E</id><type>text</type><desc><![CDATA[病人角色行为适应]]></desc></option></options><answers><![CDATA[A]]></answers></question><question><type>1</type><format>text</format><desc><![CDATA[17.患儿，男性，3岁。因“不规则发热1周，伴肝、脾、浅表淋巴结大”入院。护士在护理患儿的过程中，体现护士照顾角色的行为是]]></desc><options><option><id>A</id><type>text</type><desc><![CDATA[对患儿和其陪护的目前进行健康教育]]></desc></option><option><id>B</id><type>text</type><desc><![CDATA[与患儿的母亲共同制订护理计划]]></desc></option><option><id>C</id><type>text</type><desc><![CDATA[做好病区内物品的管理]]></desc></option><option><id>D</id><type>text</type><desc><![CDATA[帮助照顾患儿的饮食起居]]></desc></option><option><id>E</id><type>text</type><desc><![CDATA[做好入院介绍]]></desc></option></options><answers><![CDATA[D]]></answers></question><question><type>1</type><format>text</format><desc><![CDATA[18.病人，男性，49岁。患有冠心病5年。近1个月常有心绞痛发作且发作时间逐渐延长，病人因此非常紧张，整日卧床、不敢活动。该病人出现的角色行为改变属于]]></desc><options><option><id>A</id><type>text</type><desc><![CDATA[角色行为强化]]></desc></option><option><id>B</id><type>text</type><desc><![CDATA[角色行为缺如]]></desc></option><option><id>C</id><type>text</type><desc><![CDATA[角色行为冲突]]></desc></option><option><id>D</id><type>text</type><desc><![CDATA[角色行为差异]]></desc></option><option><id>E</id><type>text</type><desc><![CDATA[角色行为消退]]></desc></option></options><answers><![CDATA[A]]></answers></question><question><type>1</type><format>text</format><desc><![CDATA[19.患儿，男性，3个月。因肺炎、高烧惊厥急诊入院。护士在为其进行静脉输液时，3次穿刺失败。患儿父亲非常气愤，甚至谩骂护士。导致此事件发生的主要因素是]]></desc><options><option><id>A</id><type>text</type><desc><![CDATA[角色责任模糊]]></desc></option><option><id>B</id><type>text</type><desc><![CDATA[角色期望冲突]]></desc></option><option><id>C</id><type>text</type><desc><![CDATA[角色心理差位]]></desc></option><option><id>D</id><type>text</type><desc><![CDATA[角色权利争议]]></desc></option><option><id>E</id><type>text</type><desc><![CDATA[经济压力过重]]></desc></option></options><answers><![CDATA[B]]></answers></question><question><type>1</type><format>text</format><desc><![CDATA[20.病人，女性，16岁。农民，急性白血病入院。因无法承担高额的治疗费用欲放弃治疗。护士长发动全体护士为其捐款。此时护士承担的主要角色是]]></desc><options><option><id>A</id><type>text</type><desc><![CDATA[决策者]]></desc></option><option><id>B</id><type>text</type><desc><![CDATA[协调者]]></desc></option><option><id>C</id><type>text</type><desc><![CDATA[照顾者]]></desc></option><option><id>D</id><type>text</type><desc><![CDATA[帮助者]]></desc></option><option><id>E</id><type>text</type><desc><![CDATA[管理者]]></desc></option></options><answers><![CDATA[D]]></answers></question><question><type>1</type><format>text</format><desc><![CDATA[21.护士因为孩子患病最近经常请假。护士长认为其影响了工作而不满。护士则认为护士长对他不体谅，缺乏人情味，两人关系比较紧张。影响他们关系的主要原因是]]></desc><options><option><id>A</id><type>text</type><desc><![CDATA[经济压力过重]]></desc></option><option><id>B</id><type>text</type><desc><![CDATA[期望值差异]]></desc></option><option><id>C</id><type>text</type><desc><![CDATA[角色压力过重]]></desc></option><option><id>D</id><type>text</type><desc><![CDATA[角色权利争议]]></desc></option><option><id>E</id><type>text</type><desc><![CDATA[角色责任模糊]]></desc></option></options><answers><![CDATA[B]]></answers></question><question><type>1</type><format>text</format><desc><![CDATA[22.病人，女性，41岁。因外阴瘙痒2个月就诊。查体：外阴充血、肿胀，阴道分泌物无异常。护士在评估诱因时应重点询问病人的是]]></desc><options><option><id>A</id><type>text</type><desc><![CDATA[饮食习惯]]></desc></option><option><id>B</id><type>text</type><desc><![CDATA[卫生习惯]]></desc></option><option><id>C</id><type>text</type><desc><![CDATA[家庭情况]]></desc></option><option><id>D</id><type>text</type><desc><![CDATA[生活作息]]></desc></option><option><id>E</id><type>text</type><desc><![CDATA[职业情况]]></desc></option></options><answers><![CDATA[B]]></answers></question><question><type>1</type><format>text</format><desc><![CDATA[23.病人，女性，63岁，高血压病3年，搬至新居6个月，近期因小区老年秧歌队在宿舍楼前操场排练，音箱声音非常大。钱女士感眩晕、恶心、失眠，脉搏加快，血压波动较大。该病人出现以上症状的主要原因是]]></desc><options><option><id>A</id><type>text</type><desc><![CDATA[长期噪声的影响]]></desc></option><option><id>B</id><type>text</type><desc><![CDATA[心情激动、兴奋]]></desc></option><option><id>C</id><type>text</type><desc><![CDATA[室内通风不佳]]></desc></option><option><id>D</id><type>text</type><desc><![CDATA[对新环境不适应]]></desc></option><option><id>E</id><type>text</type><desc><![CDATA[室内采光不佳]]></desc></option></options><answers><![CDATA[A]]></answers></question><question><type>1</type><format>text</format><desc><![CDATA[24.病人，男性，62岁。烈日下从事田间劳动约2小时后，感觉口渴、头晕、胸闷、恶心、四肢无力，紧急送往医院治疗。查体温37.8℃，脉搏100次/分，未发现其他异常，休息约半小时后症状消失。该病人出现上述症状，应首先考虑的原因是]]></desc><options><option><id>A</id><type>text</type><desc><![CDATA[过度劳累]]></desc></option><option><id>B</id><type>text</type><desc><![CDATA[睡眠不足]]></desc></option><option><id>C</id><type>text</type><desc><![CDATA[高温环境]]></desc></option><option><id>D</id><type>text</type><desc><![CDATA[身体虚弱]]></desc></option><option><id>E</id><type>text</type><desc><![CDATA[饮食过饱]]></desc></option></options><answers><![CDATA[C]]></answers></question></questions></exam>