﻿<?xml version="1.0" encoding="UTF-8"?><exam><id>20180924221924</id><questions><instructions><![CDATA[A1型题]]></instructions><question><type>1</type><format>html</format><desc><![CDATA[1.胸导联探查电极位置<u><b>错误</b></u>的是]]></desc><options><option><id>A</id><type>text</type><desc><![CDATA[V<sub>1</sub>在胸骨右缘第4肋间]]></desc></option><option><id>B</id><type>text</type><desc><![CDATA[V<sub>2</sub>在胸骨左缘第4肋间]]></desc></option><option><id>C</id><type>text</type><desc><![CDATA[V<sub>3</sub>在V<sub>2</sub>与V<sub>4</sub>连线的中点]]></desc></option><option><id>D</id><type>text</type><desc><![CDATA[V<sub>4</sub>在左锁骨中线与第五肋间相交处]]></desc></option><option><id>E</id><type>text</type><desc><![CDATA[V<sub>5</sub>在左腋前线与第五肋间相交处]]></desc></option></options><answers><![CDATA[E]]></answers></question><question><type>1</type><format>text</format><desc><![CDATA[2.黄色导联线应连接在]]></desc><options><option><id>A</id><type>text</type><desc><![CDATA[右上肢]]></desc></option><option><id>B</id><type>text</type><desc><![CDATA[左上肢]]></desc></option><option><id>C</id><type>text</type><desc><![CDATA[右下肢]]></desc></option><option><id>D</id><type>text</type><desc><![CDATA[左下肢]]></desc></option><option><id>E</id><type>text</type><desc><![CDATA[胸前]]></desc></option></options><answers><![CDATA[B]]></answers></question><question><type>1</type><format>text</format><desc><![CDATA[3.反映心房除极的心电图波型是]]></desc><options><option><id>A</id><type>text</type><desc><![CDATA[QRS波]]></desc></option><option><id>B</id><type>text</type><desc><![CDATA[R波]]></desc></option><option><id>C</id><type>text</type><desc><![CDATA[T波]]></desc></option><option><id>D</id><type>text</type><desc><![CDATA[P波]]></desc></option><option><id>E</id><type>text</type><desc><![CDATA[u波]]></desc></option></options><answers><![CDATA[D]]></answers></question><question><type>1</type><format>text</format><desc><![CDATA[4.心电图纸移动速度为25mm/s时横距l mm代表]]></desc><options><option><id>A</id><type>text</type><desc><![CDATA[0.04秒]]></desc></option><option><id>B</id><type>text</type><desc><![CDATA[0.08秒]]></desc></option><option><id>C</id><type>text</type><desc><![CDATA[0.02秒]]></desc></option><option><id>D</id><type>text</type><desc><![CDATA[0.05mV]]></desc></option><option><id>E</id><type>text</type><desc><![CDATA[0.1mV]]></desc></option></options><answers><![CDATA[A]]></answers></question><question><type>1</type><format>text</format><desc><![CDATA[5.心电图纸定准电压为1mV=10mm时纵距l mm代表]]></desc><options><option><id>A</id><type>text</type><desc><![CDATA[0.2mV]]></desc></option><option><id>B</id><type>text</type><desc><![CDATA[0.02mV]]></desc></option><option><id>C</id><type>text</type><desc><![CDATA[0.1 mV]]></desc></option><option><id>D</id><type>text</type><desc><![CDATA[0.05 mV]]></desc></option><option><id>E</id><type>text</type><desc><![CDATA[0.5 mV]]></desc></option></options><answers><![CDATA[C]]></answers></question><question><type>1</type><format>text</format><desc><![CDATA[6.窦性P波方向倒置表现在]]></desc><options><option><id>A</id><type>text</type><desc><![CDATA[Ⅰ导联]]></desc></option><option><id>B</id><type>text</type><desc><![CDATA[Ⅱ导联]]></desc></option><option><id>C</id><type>text</type><desc><![CDATA[aVR导联]]></desc></option><option><id>D</id><type>text</type><desc><![CDATA[aVF导联]]></desc></option><option><id>E</id><type>text</type><desc><![CDATA[V<sub>3</sub>导联]]></desc></option></options><answers><![CDATA[C]]></answers></question><question><type>1</type><format>text</format><desc><![CDATA[7.频发期前收缩是指期前收缩每分钟出现]]></desc><options><option><id>A</id><type>text</type><desc><![CDATA[3次以上]]></desc></option><option><id>B</id><type>text</type><desc><![CDATA[5次以上]]></desc></option><option><id>C</id><type>text</type><desc><![CDATA[8次以上]]></desc></option><option><id>D</id><type>text</type><desc><![CDATA[10次以上]]></desc></option><option><id>E</id><type>text</type><desc><![CDATA[15次以上]]></desc></option></options><answers><![CDATA[B]]></answers></question><question><type>1</type><format>html</format><desc><![CDATA[8.健康人在R波为主的导联中T波振幅<u><b>不应</b></u>低于同导联R波的]]></desc><options><option><id>A</id><type>text</type><desc><![CDATA[1/2]]></desc></option><option><id>B</id><type>text</type><desc><![CDATA[1/4]]></desc></option><option><id>C</id><type>text</type><desc><![CDATA[1/6]]></desc></option><option><id>D</id><type>text</type><desc><![CDATA[1/10]]></desc></option><option><id>E</id><type>text</type><desc><![CDATA[1/5]]></desc></option></options><answers><![CDATA[D]]></answers></question><question><type>1</type><format>html</format><desc><![CDATA[9.正常心电图的S-T段在任何导联下移<u><b>不得超过</b></u>]]></desc><options><option><id>A</id><type>text</type><desc><![CDATA[0.1mV]]></desc></option><option><id>B</id><type>text</type><desc><![CDATA[0.01mV]]></desc></option><option><id>C</id><type>text</type><desc><![CDATA[0.5 mV]]></desc></option><option><id>D</id><type>text</type><desc><![CDATA[0.05mV]]></desc></option><option><id>E</id><type>text</type><desc><![CDATA[0.02mV]]></desc></option></options><answers><![CDATA[D]]></answers></question><question><type>1</type><format>html</format><desc><![CDATA[10.<u><b>不符合</b></u>心房颤动心电图特征的是]]></desc><options><option><id>A</id><type>text</type><desc><![CDATA[出现形态大小不一的f波]]></desc></option><option><id>B</id><type>text</type><desc><![CDATA[R-R间歇不相等]]></desc></option><option><id>C</id><type>text</type><desc><![CDATA[QRS波群形态大致正常]]></desc></option><option><id>D</id><type>text</type><desc><![CDATA[窦性P波消失]]></desc></option><option><id>E</id><type>text</type><desc><![CDATA[心室率350～600次/分]]></desc></option></options><answers><![CDATA[E]]></answers></question><question><type>1</type><format>html</format><desc><![CDATA[11.左心房肥大心电图表现<u><b>不包括</b></u>]]></desc><options><option><id>A</id><type>text</type><desc><![CDATA[心房除极时间延长]]></desc></option><option><id>B</id><type>text</type><desc><![CDATA[P波增宽且时限≥0.12s]]></desc></option><option><id>C</id><type>text</type><desc><![CDATA[又称“二尖瓣型P波”]]></desc></option><option><id>D</id><type>text</type><desc><![CDATA[V<sub>1</sub>导联P波呈先正后负且负向波较深]]></desc></option><option><id>E</id><type>text</type><desc><![CDATA[心房除极电压增高]]></desc></option></options><answers><![CDATA[E]]></answers></question><question><type>1</type><format>html</format><desc><![CDATA[12.右心室肥大的心电图特征<u><b>不包括</b></u>]]></desc><options><option><id>A</id><type>text</type><desc><![CDATA[多见于先天性心脏病房间隔缺损]]></desc></option><option><id>B</id><type>text</type><desc><![CDATA[胸导联Rv<sub>1</sub>＞1.0mV]]></desc></option><option><id>C</id><type>text</type><desc><![CDATA[aVR导联 R/S＞1或R＞0.5mV]]></desc></option><option><id>D</id><type>text</type><desc><![CDATA[额面心电轴右偏多≥＋90°]]></desc></option><option><id>E</id><type>text</type><desc><![CDATA[QRS总时限延长]]></desc></option></options><answers><![CDATA[E]]></answers></question><question><type>1</type><format>text</format><desc><![CDATA[13.诊断心肌梗死最有价值心电图变化是]]></desc><options><option><id>A</id><type>text</type><desc><![CDATA[T波倒置]]></desc></option><option><id>B</id><type>text</type><desc><![CDATA[S-T段压低]]></desc></option><option><id>C</id><type>text</type><desc><![CDATA[S-T段抬高]]></desc></option><option><id>D</id><type>text</type><desc><![CDATA[异常Q波或QS波形成]]></desc></option><option><id>E</id><type>text</type><desc><![CDATA[出现U波增高]]></desc></option></options><answers><![CDATA[D]]></answers></question><question><type>1</type><format>text</format><desc><![CDATA[14.三联律是指]]></desc><options><option><id>A</id><type>text</type><desc><![CDATA[1个正常窦性搏动之后出现1个期前收缩]]></desc></option><option><id>B</id><type>text</type><desc><![CDATA[2个正常窦性搏动之后出现1个期前收缩]]></desc></option><option><id>C</id><type>text</type><desc><![CDATA[3个正常窦性搏动之后出现2个期前收缩]]></desc></option><option><id>D</id><type>text</type><desc><![CDATA[2个正常窦性搏动之后出现2个期前收缩]]></desc></option><option><id>E</id><type>text</type><desc><![CDATA[3个正常窦性搏动之后出现1个期前收缩]]></desc></option></options><answers><![CDATA[B]]></answers></question><question><type>1</type><format>text</format><desc><![CDATA[15.二度Ⅱ型房室传导阻滞的特征是]]></desc><options><option><id>A</id><type>text</type><desc><![CDATA[房室传导时间延长]]></desc></option><option><id>B</id><type>text</type><desc><![CDATA[P-R间期恒定不变且部分P波后无QRS波]]></desc></option><option><id>C</id><type>text</type><desc><![CDATA[P-R间期逐渐延长]]></desc></option><option><id>D</id><type>text</type><desc><![CDATA[P波出现不规律]]></desc></option><option><id>E</id><type>text</type><desc><![CDATA[每一个P波之后都有QRS波]]></desc></option></options><answers><![CDATA[B]]></answers></question></questions><questions><instructions><![CDATA[A2型题]]></instructions><question><type>1</type><format>text</format><desc><![CDATA[16.病人，男性，55岁。心电图检查示：窦性心律，心律规则，R-R间距0.8s。其心率（次/分）为]]></desc><options><option><id>A</id><type>text</type><desc><![CDATA[100]]></desc></option><option><id>B</id><type>text</type><desc><![CDATA[75]]></desc></option><option><id>C</id><type>text</type><desc><![CDATA[103]]></desc></option><option><id>D</id><type>text</type><desc><![CDATA[80]]></desc></option><option><id>E</id><type>text</type><desc><![CDATA[60]]></desc></option></options><answers><![CDATA[B]]></answers></question><question><type>1</type><format>text</format><desc><![CDATA[17.病人，男性，40岁。心悸2周，心电图示窦性心律，频率每分钟75次，间歇有QRS波群提前出现，形态宽大畸形，其前无相关的P波。判断为]]></desc><options><option><id>A</id><type>text</type><desc><![CDATA[室性期前收缩]]></desc></option><option><id>B</id><type>text</type><desc><![CDATA[窦性心律不齐]]></desc></option><option><id>C</id><type>text</type><desc><![CDATA[交界性期前收缩]]></desc></option><option><id>D</id><type>text</type><desc><![CDATA[第一度房室传导阻滞]]></desc></option><option><id>E</id><type>text</type><desc><![CDATA[心房颤动]]></desc></option></options><answers><![CDATA[A]]></answers></question><question><type>1</type><format>text</format><desc><![CDATA[18.病人，女性，58岁。慢性肾炎病人，近日尿量减少。心电图显示：T波高尖呈帐篷状，QRS波逐渐增宽，P-R及Q-T间期延长。你考虑病人是]]></desc><options><option><id>A</id><type>text</type><desc><![CDATA[室性期前收缩]]></desc></option><option><id>B</id><type>text</type><desc><![CDATA[低钾血症]]></desc></option><option><id>C</id><type>text</type><desc><![CDATA[高钾血症]]></desc></option><option><id>D</id><type>text</type><desc><![CDATA[房颤]]></desc></option><option><id>E</id><type>text</type><desc><![CDATA[洋地黄效应]]></desc></option></options><answers><![CDATA[C]]></answers></question><question><type>1</type><format>text</format><desc><![CDATA[19.病人，女性，40岁。突然心悸胸闷2小时。检查：心率：180次/分，律齐。心电图显示：QRS波形态正常，频率180次/分，R-R绝对整齐。本病人应诊断为]]></desc><options><option><id>A</id><type>text</type><desc><![CDATA[阵发性室上性心动过速]]></desc></option><option><id>B</id><type>text</type><desc><![CDATA[窦性心动过速]]></desc></option><option><id>C</id><type>text</type><desc><![CDATA[阵发性室性心动过速]]></desc></option><option><id>D</id><type>text</type><desc><![CDATA[心房扑动]]></desc></option><option><id>E</id><type>text</type><desc><![CDATA[ 心室扑动]]></desc></option></options><answers><![CDATA[A]]></answers></question><question><type>1</type><format>text</format><desc><![CDATA[20.病人，女性，45岁。心悸、胸闷2小时。心电图显示：P-R间期0. 24秒，每一个P波之后均有QRS波，QRS波形态正常，频率50次/分。本病人应诊断为]]></desc><options><option><id>A</id><type>text</type><desc><![CDATA[一度房室传导阻滞]]></desc></option><option><id>B</id><type>text</type><desc><![CDATA[二度房室传导阻滞]]></desc></option><option><id>C</id><type>text</type><desc><![CDATA[三度房室传导阻滞]]></desc></option><option><id>D</id><type>text</type><desc><![CDATA[心房扑动]]></desc></option><option><id>E</id><type>text</type><desc><![CDATA[窦性心动过缓]]></desc></option></options><answers><![CDATA[A]]></answers></question><question><type>1</type><format>text</format><desc><![CDATA[21.病人，女性，38岁，慢性腹泻，自诉乏力，心电图显示：u波开始增高，u波振幅可与T波等高，呈驼峰状。你考虑病人是]]></desc><options><option><id>A</id><type>text</type><desc><![CDATA[洋地黄中毒]]></desc></option><option><id>B</id><type>text</type><desc><![CDATA[低钾血症]]></desc></option><option><id>C</id><type>text</type><desc><![CDATA[高钾血症]]></desc></option><option><id>D</id><type>text</type><desc><![CDATA[房颤]]></desc></option><option><id>E</id><type>text</type><desc><![CDATA[洋地黄效应]]></desc></option></options><answers><![CDATA[B]]></answers></question><question><type>1</type><format>text</format><desc><![CDATA[22.心电示波监护病人时，荧光屏上突然出现不规则的大波浪状曲线，且P-QRS-T波消失。应诊断为]]></desc><options><option><id>A</id><type>text</type><desc><![CDATA[阵发性室上性心动过速]]></desc></option><option><id>B</id><type>text</type><desc><![CDATA[窦性心动过速]]></desc></option><option><id>C</id><type>text</type><desc><![CDATA[阵发性室性心动过速]]></desc></option><option><id>D</id><type>text</type><desc><![CDATA[心房扑动]]></desc></option><option><id>E</id><type>text</type><desc><![CDATA[心室扑动]]></desc></option></options><answers><![CDATA[E]]></answers></question><question><type>1</type><format>html</format><desc><![CDATA[23.病人，男性，72岁。慢性咳嗽、咳痰12年，门诊以“COPD”收入院。心电图检查结果示：P波尖而高耸，振幅0.28mV，V<sub>1</sub>导联P波直立振幅0.23mV。该病人已经发生]]></desc><options><option><id>A</id><type>text</type><desc><![CDATA[左心室肥大]]></desc></option><option><id>B</id><type>text</type><desc><![CDATA[右心室肥大]]></desc></option><option><id>C</id><type>text</type><desc><![CDATA[左心房肥大]]></desc></option><option><id>D</id><type>text</type><desc><![CDATA[右心房肥大]]></desc></option><option><id>E</id><type>text</type><desc><![CDATA[左心衰竭]]></desc></option></options><answers><![CDATA[D]]></answers></question><question><type>1</type><format>text</format><desc><![CDATA[24.病人，男性，68岁。心电图：P波消失，代之以大小不等、形态不一的颤动波，QRS波形态正常，R-R间期完全不规则，心室率极不规则，145次/分。其心律失常的类型为]]></desc><options><option><id>A</id><type>text</type><desc><![CDATA[阵发性室上性心动过速]]></desc></option><option><id>B</id><type>text</type><desc><![CDATA[心房扑动]]></desc></option><option><id>C</id><type>text</type><desc><![CDATA[窦性心动过速]]></desc></option><option><id>D</id><type>text</type><desc><![CDATA[心房颤动]]></desc></option><option><id>E</id><type>text</type><desc><![CDATA[心室颤动]]></desc></option></options><answers><![CDATA[D]]></answers></question><question><type>1</type><format>text</format><desc><![CDATA[25.病人，男性，72岁。心前区压榨性疼痛2小时急诊入院。心电监护突然显示QRS波群宽大畸形，QRS时限大于0.12秒，R-R间期不绝对相等，心率160次/分，刺激迷走神经时心率无变化。其心律失常是]]></desc><options><option><id>A</id><type>text</type><desc><![CDATA[室上性心动过速]]></desc></option><option><id>B</id><type>text</type><desc><![CDATA[室性心动过速]]></desc></option><option><id>C</id><type>text</type><desc><![CDATA[心房颤动]]></desc></option><option><id>D</id><type>text</type><desc><![CDATA[窦性心动过速]]></desc></option><option><id>E</id><type>text</type><desc><![CDATA[心室颤动]]></desc></option></options><answers><![CDATA[B]]></answers></question></questions></exam>