﻿<?xml version="1.0" encoding="UTF-8"?><exam><id>20180924222141</id><questions><instructions><![CDATA[A1型题]]></instructions><question><type>1</type><format>html</format><desc><![CDATA[1.健康评估记录<u><b>不包括</b></u>]]></desc><options><option><id>A</id><type>text</type><desc><![CDATA[健康状况]]></desc></option><option><id>B</id><type>text</type><desc><![CDATA[护理诊断]]></desc></option><option><id>C</id><type>text</type><desc><![CDATA[法律依据]]></desc></option><option><id>D</id><type>text</type><desc><![CDATA[护理措施]]></desc></option><option><id>E</id><type>text</type><desc><![CDATA[效果评价]]></desc></option></options><answers><![CDATA[C]]></answers></question><question><type>1</type><format>text</format><desc><![CDATA[2.健康评估记录书写的意义]]></desc><options><option><id>A</id><type>text</type><desc><![CDATA[指导临床护理实践]]></desc></option><option><id>B</id><type>text</type><desc><![CDATA[评价临床护理质量]]></desc></option><option><id>C</id><type>text</type><desc><![CDATA[促进教学与研究]]></desc></option><option><id>D</id><type>text</type><desc><![CDATA[提供法律依据]]></desc></option><option><id>E</id><type>text</type><desc><![CDATA[促进病人健康恢复]]></desc></option></options><answers><![CDATA[E]]></answers></question><question><type>1</type><format>html</format><desc><![CDATA[3.健康评估记录书写的基本要求<u><b>不包括</b></u>]]></desc><options><option><id>A</id><type>text</type><desc><![CDATA[内容要真实、全面]]></desc></option><option><id>B</id><type>text</type><desc><![CDATA[描述要精练]]></desc></option><option><id>C</id><type>text</type><desc><![CDATA[按规定格式及时书写]]></desc></option><option><id>D</id><type>text</type><desc><![CDATA[手写记录可以不工整]]></desc></option><option><id>E</id><type>text</type><desc><![CDATA[用词要准确]]></desc></option></options><answers><![CDATA[D]]></answers></question><question><type>1</type><format>html</format><desc><![CDATA[4.健康评估记录内容<u><b>不包括</b></u>]]></desc><options><option><id>A</id><type>text</type><desc><![CDATA[健康评估记录首页]]></desc></option><option><id>B</id><type>text</type><desc><![CDATA[护理计划单]]></desc></option><option><id>C</id><type>text</type><desc><![CDATA[护理记录]]></desc></option><option><id>D</id><type>text</type><desc><![CDATA[健康教育计划]]></desc></option><option><id>E</id><type>text</type><desc><![CDATA[护理诊断项目表]]></desc></option></options><answers><![CDATA[E]]></answers></question><question><type>1</type><format>html</format><desc><![CDATA[5.健康评估记录首页内容<u><b>不包括</b></u>]]></desc><options><option><id>A</id><type>text</type><desc><![CDATA[健康史]]></desc></option><option><id>B</id><type>text</type><desc><![CDATA[身体评估]]></desc></option><option><id>C</id><type>text</type><desc><![CDATA[护理措施]]></desc></option><option><id>D</id><type>text</type><desc><![CDATA[诊断性检查结果]]></desc></option><option><id>E</id><type>text</type><desc><![CDATA[医疗诊断]]></desc></option></options><answers><![CDATA[C]]></answers></question><question><type>1</type><format>text</format><desc><![CDATA[6.健康评估记录首页是病人]]></desc><options><option><id>A</id><type>text</type><desc><![CDATA[入院后首次进行的系统健康评估记录]]></desc></option><option><id>B</id><type>text</type><desc><![CDATA[住院时的健康评估记录]]></desc></option><option><id>C</id><type>text</type><desc><![CDATA[整个住院期间进行的系统健康评估记录]]></desc></option><option><id>D</id><type>text</type><desc><![CDATA[入院后进行的系统健康评估记录]]></desc></option><option><id>E</id><type>text</type><desc><![CDATA[整个住院期间首次进行的全面记录]]></desc></option></options><answers><![CDATA[A]]></answers></question><question><type>1</type><format>text</format><desc><![CDATA[7.护理计划单是护士为病人]]></desc><options><option><id>A</id><type>text</type><desc><![CDATA[住院期间所制订的个体化护理计划及效果评价的主观记录]]></desc></option><option><id>B</id><type>text</type><desc><![CDATA[住院期间所制订的个体化护理计划及效果评价的全面记录]]></desc></option><option><id>C</id><type>text</type><desc><![CDATA[住院期间所制订的个体化护理计划的全面记录]]></desc></option><option><id>D</id><type>text</type><desc><![CDATA[住院期间所制订的效果评价的全面记录]]></desc></option><option><id>E</id><type>text</type><desc><![CDATA[入院时所制订的全面记录]]></desc></option></options><answers><![CDATA[B]]></answers></question><question><type>1</type><format>html</format><desc><![CDATA[8.护理计划单内容<u><b>不包括</b></u>]]></desc><options><option><id>A</id><type>text</type><desc><![CDATA[确立护理诊断/合作性问题的时间、名称]]></desc></option><option><id>B</id><type>text</type><desc><![CDATA[病人的主观感受]]></desc></option><option><id>C</id><type>text</type><desc><![CDATA[预期目标]]></desc></option><option><id>D</id><type>text</type><desc><![CDATA[护理措施]]></desc></option><option><id>E</id><type>text</type><desc><![CDATA[停止时间]]></desc></option></options><answers><![CDATA[B]]></answers></question><question><type>1</type><format>text</format><desc><![CDATA[9.护理记录包括]]></desc><options><option><id>A</id><type>text</type><desc><![CDATA[护理诊断名称]]></desc></option><option><id>B</id><type>text</type><desc><![CDATA[预期目标]]></desc></option><option><id>C</id><type>text</type><desc><![CDATA[护理措施]]></desc></option><option><id>D</id><type>text</type><desc><![CDATA[效果评价]]></desc></option><option><id>E</id><type>text</type><desc><![CDATA[病情动态变化]]></desc></option></options><answers><![CDATA[E]]></answers></question><question><type>1</type><format>html</format><desc><![CDATA[10.一般病人护理记录的内容<u><b>不包括</b></u>]]></desc><options><option><id>A</id><type>text</type><desc><![CDATA[病情观察情况]]></desc></option><option><id>B</id><type>text</type><desc><![CDATA[护理措施]]></desc></option><option><id>C</id><type>text</type><desc><![CDATA[护理效果]]></desc></option><option><id>D</id><type>text</type><desc><![CDATA[护士签名]]></desc></option><option><id>E</id><type>text</type><desc><![CDATA[出入液量]]></desc></option></options><answers><![CDATA[E]]></answers></question><question><type>1</type><format>html</format><desc><![CDATA[11.危重病人护理记录的内容<u><b>不包括</b></u>]]></desc><options><option><id>A</id><type>text</type><desc><![CDATA[出入液量]]></desc></option><option><id>B</id><type>text</type><desc><![CDATA[病情观察情况]]></desc></option><option><id>C</id><type>text</type><desc><![CDATA[巡回护士签名]]></desc></option><option><id>D</id><type>text</type><desc><![CDATA[护理措施和效果]]></desc></option><option><id>E</id><type>text</type><desc><![CDATA[护士签名]]></desc></option></options><answers><![CDATA[C]]></answers></question><question><type>1</type><format>html</format><desc><![CDATA[12.手术护理记录的内容<u><b>不包括</b></u>]]></desc><options><option><id>A</id><type>text</type><desc><![CDATA[手术日期]]></desc></option><option><id>B</id><type>text</type><desc><![CDATA[手术名称]]></desc></option><option><id>C</id><type>text</type><desc><![CDATA[各种器械和敷料数量的清点、核对]]></desc></option><option><id>D</id><type>text</type><desc><![CDATA[病情观察情况]]></desc></option><option><id>E</id><type>text</type><desc><![CDATA[术中护理情况]]></desc></option></options><answers><![CDATA[D]]></answers></question><question><type>1</type><format>text</format><desc><![CDATA[13.因抢救急危重症病人，未能及时书写护理记录时]]></desc><options><option><id>A</id><type>text</type><desc><![CDATA[12小时内如实记录]]></desc></option><option><id>B</id><type>text</type><desc><![CDATA[6小时内完成]]></desc></option><option><id>C</id><type>text</type><desc><![CDATA[应在抢救结束后6小时内据实补]]></desc></option><option><id>D</id><type>text</type><desc><![CDATA[24小时内完成]]></desc></option><option><id>E</id><type>text</type><desc><![CDATA[应在抢救结束后24小时内完成]]></desc></option></options><answers><![CDATA[C]]></answers></question><question><type>1</type><format>text</format><desc><![CDATA[14.健康评估记录，一般要求病人入院后]]></desc><options><option><id>A</id><type>text</type><desc><![CDATA[12小时内如实记录]]></desc></option><option><id>B</id><type>text</type><desc><![CDATA[6小时内完成]]></desc></option><option><id>C</id><type>text</type><desc><![CDATA[应在抢救结束后6小时内据实补记]]></desc></option><option><id>D</id><type>text</type><desc><![CDATA[24小时内完成]]></desc></option><option><id>E</id><type>text</type><desc><![CDATA[应在抢救结束后24小时内完成]]></desc></option></options><answers><![CDATA[D]]></answers></question><question><type>1</type><format>text</format><desc><![CDATA[15.如确实需要改错，应当用双横线划在原错字（词、句）上]]></desc><options><option><id>A</id><type>text</type><desc><![CDATA[涂黑]]></desc></option><option><id>B</id><type>text</type><desc><![CDATA[划掉]]></desc></option><option><id>C</id><type>text</type><desc><![CDATA[原有的记录不能看出来]]></desc></option><option><id>D</id><type>text</type><desc><![CDATA[保持原有的记录清晰可见]]></desc></option><option><id>E</id><type>text</type><desc><![CDATA[实事求是，书写完整]]></desc></option></options><answers><![CDATA[D]]></answers></question><question><type>1</type><format>text</format><desc><![CDATA[16.写护理记录需要改错后，并签全名和注明时间]]></desc><options><option><id>A</id><type>text</type><desc><![CDATA[涂黑]]></desc></option><option><id>B</id><type>text</type><desc><![CDATA[划掉]]></desc></option><option><id>C</id><type>text</type><desc><![CDATA[原有的记录不能看出来]]></desc></option><option><id>D</id><type>text</type><desc><![CDATA[保持原有的记录清晰可见]]></desc></option><option><id>E</id><type>text</type><desc><![CDATA[实事求是，书写完整]]></desc></option></options><answers><![CDATA[D]]></answers></question><question><type>1</type><format>text</format><desc><![CDATA[17.护理记录一般要求一级护理的病人]]></desc><options><option><id>A</id><type>text</type><desc><![CDATA[至少每天1次，病情变化可以不用再记录]]></desc></option><option><id>B</id><type>text</type><desc><![CDATA[至少每天1次，病情变化随时记录]]></desc></option><option><id>C</id><type>text</type><desc><![CDATA[至少每周2次，病情变化随时记录]]></desc></option><option><id>D</id><type>text</type><desc><![CDATA[白天记1次，病情变化随时记录]]></desc></option><option><id>E</id><type>text</type><desc><![CDATA[至少4天1次，病情变化随时记录]]></desc></option></options><answers><![CDATA[B]]></answers></question><question><type>1</type><format>text</format><desc><![CDATA[18.护理记录一般要求二级护理的病人]]></desc><options><option><id>A</id><type>text</type><desc><![CDATA[至少每天1次，病情变化可以不用再记录]]></desc></option><option><id>B</id><type>text</type><desc><![CDATA[至少每天1次，病情变化随时记录]]></desc></option><option><id>C</id><type>text</type><desc><![CDATA[至少每周2次，病情变化随时记录]]></desc></option><option><id>D</id><type>text</type><desc><![CDATA[白天记1次，病情变化随时记录]]></desc></option><option><id>E</id><type>text</type><desc><![CDATA[至少4天1次，病情变化随时记录]]></desc></option></options><answers><![CDATA[C]]></answers></question><question><type>1</type><format>text</format><desc><![CDATA[19.护理记录一般要求三级护理的病人]]></desc><options><option><id>A</id><type>text</type><desc><![CDATA[至少每天1次，病情变化可以不用再记录]]></desc></option><option><id>B</id><type>text</type><desc><![CDATA[至少每周1次，病情变化随时记录]]></desc></option><option><id>C</id><type>text</type><desc><![CDATA[至少每周2次，病情变化随时记录]]></desc></option><option><id>D</id><type>text</type><desc><![CDATA[白天记1次，病情变化随时记录]]></desc></option><option><id>E</id><type>text</type><desc><![CDATA[至少4天1次，病情变化随时记录]]></desc></option></options><answers><![CDATA[B]]></answers></question><question><type>1</type><format>html</format><desc><![CDATA[20.健康教育的内容<u><b>不包括</b></u>]]></desc><options><option><id>A</id><type>text</type><desc><![CDATA[疾病的诱发因素、发生与发展的过程]]></desc></option><option><id>B</id><type>text</type><desc><![CDATA[可采取的治疗、护理方案]]></desc></option><option><id>C</id><type>text</type><desc><![CDATA[有关检查目的及注意事项]]></desc></option><option><id>D</id><type>text</type><desc><![CDATA[饮食与活动的注意事项]]></desc></option><option><id>E</id><type>text</type><desc><![CDATA[治疗措施]]></desc></option></options><answers><![CDATA[E]]></answers></question></questions><questions><instructions><![CDATA[A2型题]]></instructions><question><type>1</type><format>text</format><desc><![CDATA[21.病人，男性，25岁。突然寒战、高热，咳嗽，咳少量粘液痰，偶尔有铁锈色痰。首先应考虑的疾病是]]></desc><options><option><id>A</id><type>text</type><desc><![CDATA[病毒性肺炎]]></desc></option><option><id>B</id><type>text</type><desc><![CDATA[支原体肺炎]]></desc></option><option><id>C</id><type>text</type><desc><![CDATA[肺炎杆菌肺炎]]></desc></option><option><id>D</id><type>text</type><desc><![CDATA[肺炎球菌肺炎]]></desc></option><option><id>E</id><type>text</type><desc><![CDATA[支气管炎]]></desc></option></options><answers><![CDATA[D]]></answers></question><question><type>1</type><format>text</format><desc><![CDATA[22.病人，男性，70岁。夜间阵发性呼吸困难6个月，心率125次/分，心尖部闻及舒张早期奔马律，两肺底闻及湿啰音。首先应考虑的疾病是]]></desc><options><option><id>A</id><type>text</type><desc><![CDATA[支气管哮喘]]></desc></option><option><id>B</id><type>text</type><desc><![CDATA[左心衰竭]]></desc></option><option><id>C</id><type>text</type><desc><![CDATA[右心衰竭]]></desc></option><option><id>D</id><type>text</type><desc><![CDATA[左、右心衰竭]]></desc></option><option><id>E</id><type>text</type><desc><![CDATA[心包积液]]></desc></option></options><answers><![CDATA[B]]></answers></question></questions></exam>