﻿<?xml version="1.0" encoding="UTF-8"?><exam><id>20180924221349</id><questions><instructions><![CDATA[A1型题]]></instructions><question><type>1</type><format>html</format><desc><![CDATA[1.问诊过程中<u><b>不正确</b></u>的是]]></desc><options><option><id>A</id><type>text</type><desc><![CDATA[复述病人的内容]]></desc></option><option><id>B</id><type>text</type><desc><![CDATA[对前后不一致之处提出质疑]]></desc></option><option><id>C</id><type>text</type><desc><![CDATA[对问题进行解析]]></desc></option><option><id>D</id><type>text</type><desc><![CDATA[澄清模糊不清的内容]]></desc></option><option><id>E</id><type>text</type><desc><![CDATA[及时打断病人的叙述]]></desc></option></options><answers><![CDATA[E]]></answers></question><question><type>1</type><format>text</format><desc><![CDATA[2.符合主诉要求的是]]></desc><options><option><id>A</id><type>text</type><desc><![CDATA[冠心病心绞痛反复发作10余年]]></desc></option><option><id>B</id><type>text</type><desc><![CDATA[咳嗽咳痰反复发作20余年，加剧2周]]></desc></option><option><id>C</id><type>text</type><desc><![CDATA[糖尿病10年，昏迷2小时]]></desc></option><option><id>D</id><type>text</type><desc><![CDATA[高血压病5年]]></desc></option><option><id>E</id><type>text</type><desc><![CDATA[活动后心跳、气急伴全身水肿]]></desc></option></options><answers><![CDATA[B]]></answers></question><question><type>1</type><format>html</format><desc><![CDATA[3.现病史<u><b>不包括</b></u>]]></desc><options><option><id>A</id><type>text</type><desc><![CDATA[本次疾病的起病情况]]></desc></option><option><id>B</id><type>text</type><desc><![CDATA[主要症状的部位、性质、程度]]></desc></option><option><id>C</id><type>text</type><desc><![CDATA[病情的发展、演变情况]]></desc></option><option><id>D</id><type>text</type><desc><![CDATA[治疗情况]]></desc></option><option><id>E</id><type>text</type><desc><![CDATA[既往的健康状况]]></desc></option></options><answers><![CDATA[E]]></answers></question></questions><questions><instructions><![CDATA[A2型题]]></instructions><question><type>1</type><format>text</format><desc><![CDATA[4.病人，男性，23岁。2天前因雨淋、受凉后畏寒、发热、咳嗽，体温高达39℃，今晨起咳铁锈色痰，伴右侧胸痛和呼吸困难。据此简要病史，其主诉最恰当的是]]></desc><options><option><id>A</id><type>text</type><desc><![CDATA[发热、咳嗽2天，伴铁锈色痰、右侧胸痛、呼吸困难1天]]></desc></option><option><id>B</id><type>text</type><desc><![CDATA[受凉后畏寒、发热、咳嗽2天、铁锈色痰、右侧胸痛1天]]></desc></option><option><id>C</id><type>text</type><desc><![CDATA[畏寒、发热、咳嗽、咳痰伴右侧胸痛和呼吸困难]]></desc></option><option><id>D</id><type>text</type><desc><![CDATA[2天前雨淋后发热、咳嗽，今起咳铁锈色痰伴右侧胸痛和呼吸困难]]></desc></option><option><id>E</id><type>text</type><desc><![CDATA[受凉后畏寒、发热、咳嗽2天，咳痰、胸痛伴呼吸困难1天]]></desc></option></options><answers><![CDATA[A]]></answers></question><question><type>1</type><format>text</format><desc><![CDATA[5.病人，女性，24岁。因严重腹泻而入院，该病人的健康型态是]]></desc><options><option><id>A</id><type>text</type><desc><![CDATA[健康感知-健康管理型态]]></desc></option><option><id>B</id><type>text</type><desc><![CDATA[营养-代谢型态]]></desc></option><option><id>C</id><type>text</type><desc><![CDATA[排泄型态]]></desc></option><option><id>D</id><type>text</type><desc><![CDATA[活动-运动型态]]></desc></option><option><id>E</id><type>text</type><desc><![CDATA[睡眠-休息型态]]></desc></option></options><answers><![CDATA[B]]></answers></question><question><type>1</type><format>text</format><desc><![CDATA[6.病人，女性，20岁。因发热3天入院。首先对病人进行的身体评估是]]></desc><options><option><id>A</id><type>text</type><desc><![CDATA[问诊]]></desc></option><option><id>B</id><type>text</type><desc><![CDATA[胸部听诊]]></desc></option><option><id>C</id><type>text</type><desc><![CDATA[腹部触诊]]></desc></option><option><id>D</id><type>text</type><desc><![CDATA[血液检查]]></desc></option><option><id>E</id><type>text</type><desc><![CDATA[测体温]]></desc></option></options><answers><![CDATA[E]]></answers></question><question><type>1</type><format>text</format><desc><![CDATA[7.病人，男性，60岁。因1小时前突然呕吐咖啡样胃内容物约900ml急诊入院，血压70/50mmHg。正确处理的是]]></desc><options><option><id>A</id><type>text</type><desc><![CDATA[与病人交谈，了解病情变化]]></desc></option><option><id>B</id><type>text</type><desc><![CDATA[积极采取止血措施]]></desc></option><option><id>C</id><type>text</type><desc><![CDATA[边询问病情，边积极采取急救措]]></desc></option><option><id>D</id><type>text</type><desc><![CDATA[在身体评估的基础上，实施相应的治疗措施]]></desc></option><option><id>E</id><type>text</type><desc><![CDATA[进行全面的身体评估]]></desc></option></options><answers><![CDATA[C]]></answers></question><question><type>1</type><format>text</format><desc><![CDATA[8.病人，男性，32岁。因咳嗽、咳痰3天入院。与病人交谈时，应重点注意]]></desc><options><option><id>A</id><type>text</type><desc><![CDATA[用药史]]></desc></option><option><id>B</id><type>text</type><desc><![CDATA[有无发热]]></desc></option><option><id>C</id><type>text</type><desc><![CDATA[咳嗽咳痰的性质]]></desc></option><option><id>D</id><type>text</type><desc><![CDATA[生育史]]></desc></option><option><id>E</id><type>text</type><desc><![CDATA[有无胸痛]]></desc></option></options><answers><![CDATA[C]]></answers></question><question><type>1</type><format>html</format><desc><![CDATA[9.病人，男性，因“胸痛2天”入院，护士在问诊时，技巧<u><b>不正确</b></u>的是]]></desc><options><option><id>A</id><type>text</type><desc><![CDATA[避免重复提问]]></desc></option><option><id>B</id><type>text</type><desc><![CDATA[提问时注意条理性]]></desc></option><option><id>C</id><type>text</type><desc><![CDATA[开始提出一般性问题]]></desc></option><option><id>D</id><type>text</type><desc><![CDATA[首次问诊前应做自我介绍]]></desc></option><option><id>E</id><type>text</type><desc><![CDATA[若病人回答模糊不清时，可对其稍加诱导及提示]]></desc></option></options><answers><![CDATA[E]]></answers></question><question><type>1</type><format>text</format><desc><![CDATA[10.病人，女性，66岁。因腰痛10天、双下肢水肿3天入院。评估该病人时，首先应]]></desc><options><option><id>A</id><type>text</type><desc><![CDATA[问诊]]></desc></option><option><id>B</id><type>text</type><desc><![CDATA[胸腹部评估]]></desc></option><option><id>C</id><type>text</type><desc><![CDATA[肾脏评估]]></desc></option><option><id>D</id><type>text</type><desc><![CDATA[X线检查]]></desc></option><option><id>E</id><type>text</type><desc><![CDATA[尿常规检查]]></desc></option></options><answers><![CDATA[A]]></answers></question></questions></exam>