﻿<?xml version="1.0" encoding="UTF-8"?><exam><id>20180924222105</id><questions><instructions><![CDATA[A1型题]]></instructions><question><type>1</type><format>text</format><desc><![CDATA[1.研究制订护理诊断的权威机构NANDA是指]]></desc><options><option><id>A</id><type>text</type><desc><![CDATA[美国护理诊断分类小组]]></desc></option><option><id>B</id><type>text</type><desc><![CDATA[北美护士协会]]></desc></option><option><id>C</id><type>text</type><desc><![CDATA[北美护理诊断协会]]></desc></option><option><id>D</id><type>text</type><desc><![CDATA[世界卫生组织]]></desc></option><option><id>E</id><type>text</type><desc><![CDATA[世界护理诊断协会]]></desc></option></options><answers><![CDATA[C]]></answers></question><question><type>1</type><format>text</format><desc><![CDATA[2.护理诊断与医疗诊断相比，护理诊断]]></desc><options><option><id>A</id><type>text</type><desc><![CDATA[用于确定一个具体的疾病]]></desc></option><option><id>B</id><type>text</type><desc><![CDATA[用于确定一个具体的病理状态]]></desc></option><option><id>C</id><type>text</type><desc><![CDATA[用于确定一个具体的病理生理状态]]></desc></option><option><id>D</id><type>text</type><desc><![CDATA[用于判断个体对健康问题的反应]]></desc></option><option><id>E</id><type>text</type><desc><![CDATA[侧重于对疾病的本质做出判断]]></desc></option></options><answers><![CDATA[D]]></answers></question><question><type>1</type><format>html</format><desc><![CDATA[3.护理诊断的对象包括下列个体或人群，<u><b>除外</b></u>]]></desc><options><option><id>A</id><type>text</type><desc><![CDATA[病人]]></desc></option><option><id>B</id><type>text</type><desc><![CDATA[健康人]]></desc></option><option><id>C</id><type>text</type><desc><![CDATA[病人家属]]></desc></option><option><id>D</id><type>text</type><desc><![CDATA[医生]]></desc></option><option><id>E</id><type>text</type><desc><![CDATA[社区]]></desc></option></options><answers><![CDATA[D]]></answers></question><question><type>1</type><format>html</format><desc><![CDATA[4.护理诊断的依据来自下列评估内容<u><b>不包括</b></u>]]></desc><options><option><id>A</id><type>text</type><desc><![CDATA[健康史]]></desc></option><option><id>B</id><type>text</type><desc><![CDATA[身体状况评估]]></desc></option><option><id>C</id><type>text</type><desc><![CDATA[实验室检查]]></desc></option><option><id>D</id><type>text</type><desc><![CDATA[医疗诊断]]></desc></option><option><id>E</id><type>text</type><desc><![CDATA[症状和体征]]></desc></option></options><answers><![CDATA[D]]></answers></question><question><type>1</type><format>html</format><desc><![CDATA[5.护理诊断包括以下几种，<u><b>除外</b></u>]]></desc><options><option><id>A</id><type>text</type><desc><![CDATA[综合征]]></desc></option><option><id>B</id><type>text</type><desc><![CDATA[潜在并发症]]></desc></option><option><id>C</id><type>text</type><desc><![CDATA[健康促进护理诊断]]></desc></option><option><id>D</id><type>text</type><desc><![CDATA[危险性护理诊断]]></desc></option><option><id>E</id><type>text</type><desc><![CDATA[现存性护理诊断]]></desc></option></options><answers><![CDATA[B]]></answers></question><question><type>1</type><format>text</format><desc><![CDATA[6.危险因素可以为危险性护理诊断提供]]></desc><options><option><id>A</id><type>text</type><desc><![CDATA[诊断依据]]></desc></option><option><id>B</id><type>text</type><desc><![CDATA[制定护理措施的依据]]></desc></option><option><id>C</id><type>text</type><desc><![CDATA[诊断依据和制订护理措施的依据]]></desc></option><option><id>D</id><type>text</type><desc><![CDATA[确定护理目标的依据]]></desc></option><option><id>E</id><type>text</type><desc><![CDATA[制订护理计划的依据]]></desc></option></options><answers><![CDATA[C]]></answers></question><question><type>1</type><format>text</format><desc><![CDATA[7.危险性护理诊断的正确的陈述方式是]]></desc><options><option><id>A</id><type>text</type><desc><![CDATA[用PE公式]]></desc></option><option><id>B</id><type>text</type><desc><![CDATA[用PS公式]]></desc></option><option><id>C</id><type>text</type><desc><![CDATA[用PSE公式]]></desc></option><option><id>D</id><type>text</type><desc><![CDATA[用ES公式]]></desc></option><option><id>E</id><type>text</type><desc><![CDATA[用P公式]]></desc></option></options><answers><![CDATA[A]]></answers></question><question><type>1</type><format>text</format><desc><![CDATA[8.假设的护理诊断必须符合的条件有]]></desc><options><option><id>A</id><type>text</type><desc><![CDATA[其数目不可超过2个]]></desc></option><option><id>B</id><type>text</type><desc><![CDATA[凡有可能性的都要列出]]></desc></option><option><id>C</id><type>text</type><desc><![CDATA[既可属护理范畴，又可属于医护合作范畴]]></desc></option><option><id>D</id><type>text</type><desc><![CDATA[涉及的问题能通过护理得以解决]]></desc></option><option><id>E</id><type>text</type><desc><![CDATA[将一组资料与护理诊断的相关因素比较]]></desc></option></options><answers><![CDATA[D]]></answers></question><question><type>1</type><format>text</format><desc><![CDATA[9.护理诊断排序中常见的优先诊断是]]></desc><options><option><id>A</id><type>text</type><desc><![CDATA[急性疼痛]]></desc></option><option><id>B</id><type>text</type><desc><![CDATA[生命征异常]]></desc></option><option><id>C</id><type>text</type><desc><![CDATA[知识缺乏]]></desc></option><option><id>D</id><type>text</type><desc><![CDATA[意识障碍]]></desc></option><option><id>E</id><type>text</type><desc><![CDATA[有感染和受伤的危险]]></desc></option></options><answers><![CDATA[B]]></answers></question><question><type>1</type><format>html</format><desc><![CDATA[10.有关护理诊断的描述，<u><b>错误</b></u>的是]]></desc><options><option><id>A</id><type>text</type><desc><![CDATA[属于护理的职责范围]]></desc></option><option><id>B</id><type>text</type><desc><![CDATA[是护理程序的核心]]></desc></option><option><id>C</id><type>text</type><desc><![CDATA[是制订护理计划的基础]]></desc></option><option><id>D</id><type>text</type><desc><![CDATA[是对病人生理、心理等方面健康问题的反应状态的临床判断]]></desc></option><option><id>E</id><type>text</type><desc><![CDATA[是对疾病生理病理变化的说明]]></desc></option></options><answers><![CDATA[E]]></answers></question><question><type>1</type><format>text</format><desc><![CDATA[11.“有皮肤完整性受损的危险”的护理诊断类型是]]></desc><options><option><id>A</id><type>text</type><desc><![CDATA[现存性护理诊断]]></desc></option><option><id>B</id><type>text</type><desc><![CDATA[危险性护理诊断]]></desc></option><option><id>C</id><type>text</type><desc><![CDATA[健康促进护理诊断]]></desc></option><option><id>D</id><type>text</type><desc><![CDATA[综合征]]></desc></option><option><id>E</id><type>text</type><desc><![CDATA[合作性问题]]></desc></option></options><answers><![CDATA[B]]></answers></question><question><type>1</type><format>text</format><desc><![CDATA[12.健康促进护理诊断可采用]]></desc><options><option><id>A</id><type>text</type><desc><![CDATA[PE公式陈述]]></desc></option><option><id>B</id><type>text</type><desc><![CDATA[P公式陈述]]></desc></option><option><id>C</id><type>text</type><desc><![CDATA[SE公式陈述]]></desc></option><option><id>D</id><type>text</type><desc><![CDATA[PSE公式陈述]]></desc></option><option><id>E</id><type>text</type><desc><![CDATA[SPE公式陈述]]></desc></option></options><answers><![CDATA[B]]></answers></question><question><type>1</type><format>html</format><desc><![CDATA[13.对护理诊断描述<u><b>不妥</b></u>的是]]></desc><options><option><id>A</id><type>text</type><desc><![CDATA[一个病人可以有数个护理诊断]]></desc></option><option><id>B</id><type>text</type><desc><![CDATA[一项护理诊断只针对一个护理问题]]></desc></option><option><id>C</id><type>text</type><desc><![CDATA[个体对健康问题的反应]]></desc></option><option><id>D</id><type>text</type><desc><![CDATA[收集的资料作为诊断依据]]></desc></option><option><id>E</id><type>text</type><desc><![CDATA[护士可以根据主观感觉判断病人的反应]]></desc></option></options><answers><![CDATA[E]]></answers></question></questions><questions><instructions><![CDATA[A2型题]]></instructions><question><type>1</type><format>text</format><desc><![CDATA[14.病人，男性，67岁。因胸闷气短入院，护士通过评估分析，得出“活动无耐力  与心输出量减少有关”的诊断。该病人护理诊断属于]]></desc><options><option><id>A</id><type>text</type><desc><![CDATA[现存性护理诊断]]></desc></option><option><id>B</id><type>text</type><desc><![CDATA[危险性护理诊断]]></desc></option><option><id>C</id><type>text</type><desc><![CDATA[健康促进护理诊断]]></desc></option><option><id>D</id><type>text</type><desc><![CDATA[综合征]]></desc></option><option><id>E</id><type>text</type><desc><![CDATA[合作性问题]]></desc></option></options><answers><![CDATA[A]]></answers></question><question><type>1</type><format>text</format><desc><![CDATA[15.病人，男性，67岁。因胸闷气短入院，护理人员通过评估分析，得出“活动无耐力  与心输出量减少有关”的诊断。该病人护理诊断的相关因素属于]]></desc><options><option><id>A</id><type>text</type><desc><![CDATA[病理生理因素]]></desc></option><option><id>B</id><type>text</type><desc><![CDATA[情境因素]]></desc></option><option><id>C</id><type>text</type><desc><![CDATA[成熟因素]]></desc></option><option><id>D</id><type>text</type><desc><![CDATA[治疗因素]]></desc></option><option><id>E</id><type>text</type><desc><![CDATA[护理因素]]></desc></option></options><answers><![CDATA[A]]></answers></question><question><type>1</type><format>text</format><desc><![CDATA[16.社区护士小刘去刚生了宝宝2周的王兰家里访视，王兰奶水充足，宝宝体重较出生时增加2kg，其他也未见异常，小刘在访视记录中填写了护理诊断“母乳喂养有效”，这个护理诊断属于]]></desc><options><option><id>A</id><type>text</type><desc><![CDATA[现存性护理诊断]]></desc></option><option><id>B</id><type>text</type><desc><![CDATA[危险性护理诊断]]></desc></option><option><id>C</id><type>text</type><desc><![CDATA[综合征]]></desc></option><option><id>D</id><type>text</type><desc><![CDATA[合作性问题]]></desc></option><option><id>E</id><type>text</type><desc><![CDATA[健康促进护理诊断]]></desc></option></options><answers><![CDATA[E]]></answers></question><question><type>1</type><format>text</format><desc><![CDATA[17.护士小刘仔细评估了一位胃溃疡病人的病情，发现病人最主要的问题是反复发作的上腹痛，于是确定优先护理诊断为“慢性疼痛”。然后经过分析，总结出该护理诊断的相关因素为“与胃酸刺激溃疡面有关”。这样小刘就可以根据相关因素完成以下工作护理工作]]></desc><options><option><id>A</id><type>text</type><desc><![CDATA[进一步评估病情]]></desc></option><option><id>B</id><type>text</type><desc><![CDATA[确立“慢性疼痛”的护理目标]]></desc></option><option><id>C</id><type>text</type><desc><![CDATA[制订“慢性疼痛”的护理措施]]></desc></option><option><id>D</id><type>text</type><desc><![CDATA[进行“慢性疼痛”的护理评价]]></desc></option><option><id>E</id><type>text</type><desc><![CDATA[分析“慢性疼痛”的诊断依据]]></desc></option></options><answers><![CDATA[C]]></answers></question><question><type>1</type><format>text</format><desc><![CDATA[18.护士小刘仔细评估了一位胃溃疡病人的病情，发现病人最主要的问题是反复发作的上腹痛，于是确定优先护理诊断为“慢性疼痛”。然后经过分析，总结出该护理诊断的相关因素为“与胃酸刺激溃疡面有关”。小刘制订“慢性疼痛”护理目标的依据是]]></desc><options><option><id>A</id><type>text</type><desc><![CDATA[“慢性疼痛”的名称]]></desc></option><option><id>B</id><type>text</type><desc><![CDATA[“慢性疼痛”的定义]]></desc></option><option><id>C</id><type>text</type><desc><![CDATA[“慢性疼痛”的诊断依据上腹痛]]></desc></option><option><id>D</id><type>text</type><desc><![CDATA[“慢性疼痛”的相关因素“胃酸刺激溃疡面”]]></desc></option><option><id>E</id><type>text</type><desc><![CDATA[病人的医疗诊断“胃溃疡”]]></desc></option></options><answers><![CDATA[C]]></answers></question><question><type>1</type><format>text</format><desc><![CDATA[19.护士小刘仔细评估了一位胃溃疡病人的病情，发现病人最主要的问题是反复发作的上腹痛，于是确定优先护理诊断为“慢性疼痛”。然后经过分析，总结出该护理诊断的相关因素为“与胃酸刺激溃疡面有关”。小刘完整书写的该护理诊断应该是]]></desc><options><option><id>A</id><type>text</type><desc><![CDATA[慢性疼痛：与胃酸刺激溃疡面有关]]></desc></option><option><id>B</id><type>text</type><desc><![CDATA[上腹痛：与胃酸刺激溃疡面有关]]></desc></option><option><id>C</id><type>text</type><desc><![CDATA[慢性疼痛]]></desc></option><option><id>D</id><type>text</type><desc><![CDATA[慢性疼痛：上腹痛]]></desc></option><option><id>E</id><type>text</type><desc><![CDATA[慢性疼痛：上腹痛  与胃酸刺激溃疡面有关]]></desc></option></options><answers><![CDATA[E]]></answers></question><question><type>1</type><format>text</format><desc><![CDATA[20.病人，男性，65岁。因患“脑梗塞”导致右侧偏瘫入院，护士小刘评估病人后，得出护理诊断“有皮肤完整性受损的危险  与长期卧床有关”。“长期卧床”是该护理诊断的]]></desc><options><option><id>A</id><type>text</type><desc><![CDATA[名称]]></desc></option><option><id>B</id><type>text</type><desc><![CDATA[定义]]></desc></option><option><id>C</id><type>text</type><desc><![CDATA[诊断依据]]></desc></option><option><id>D</id><type>text</type><desc><![CDATA[相关因素]]></desc></option><option><id>E</id><type>text</type><desc><![CDATA[危险因素]]></desc></option></options><answers><![CDATA[E]]></answers></question></questions></exam>