﻿<?xml version="1.0" encoding="UTF-8"?><exam><id>20180924221457</id><questions><instructions><![CDATA[A1型题]]></instructions><question><type>1</type><format>text</format><desc><![CDATA[1.适用于体表浅在病变检查和评估的是]]></desc><options><option><id>A</id><type>text</type><desc><![CDATA[冲击触诊法]]></desc></option><option><id>B</id><type>text</type><desc><![CDATA[双手触诊法]]></desc></option><option><id>C</id><type>text</type><desc><![CDATA[深压触诊法]]></desc></option><option><id>D</id><type>text</type><desc><![CDATA[深部滑行触诊法]]></desc></option><option><id>E</id><type>text</type><desc><![CDATA[浅部触诊法]]></desc></option></options><answers><![CDATA[E]]></answers></question><question><type>1</type><format>text</format><desc><![CDATA[2.音调最低的叩诊音是]]></desc><options><option><id>A</id><type>text</type><desc><![CDATA[清音]]></desc></option><option><id>B</id><type>text</type><desc><![CDATA[浊音]]></desc></option><option><id>C</id><type>text</type><desc><![CDATA[鼓音]]></desc></option><option><id>D</id><type>text</type><desc><![CDATA[实音]]></desc></option><option><id>E</id><type>text</type><desc><![CDATA[过清音]]></desc></option></options><answers><![CDATA[E]]></answers></question><question><type>1</type><format>text</format><desc><![CDATA[3.音响最弱的叩诊音是]]></desc><options><option><id>A</id><type>text</type><desc><![CDATA[清音]]></desc></option><option><id>B</id><type>text</type><desc><![CDATA[浊音]]></desc></option><option><id>C</id><type>text</type><desc><![CDATA[鼓音]]></desc></option><option><id>D</id><type>text</type><desc><![CDATA[实音]]></desc></option><option><id>E</id><type>text</type><desc><![CDATA[过清音]]></desc></option></options><answers><![CDATA[D]]></answers></question><question><type>1</type><format>text</format><desc><![CDATA[4.常被忽略的诊断和检查方法是]]></desc><options><option><id>A</id><type>text</type><desc><![CDATA[视诊]]></desc></option><option><id>B</id><type>text</type><desc><![CDATA[触诊]]></desc></option><option><id>C</id><type>text</type><desc><![CDATA[叩诊]]></desc></option><option><id>D</id><type>text</type><desc><![CDATA[听诊]]></desc></option><option><id>E</id><type>text</type><desc><![CDATA[嗅诊]]></desc></option></options><answers><![CDATA[A]]></answers></question><question><type>1</type><format>text</format><desc><![CDATA[5.浅部触诊法可触及的深度为]]></desc><options><option><id>A</id><type>text</type><desc><![CDATA[1～2cm]]></desc></option><option><id>B</id><type>text</type><desc><![CDATA[2～3cm]]></desc></option><option><id>C</id><type>text</type><desc><![CDATA[2～4cm]]></desc></option><option><id>D</id><type>text</type><desc><![CDATA[3～4cm]]></desc></option><option><id>E</id><type>text</type><desc><![CDATA[4～5cm]]></desc></option></options><answers><![CDATA[A]]></answers></question><question><type>1</type><format>text</format><desc><![CDATA[6.检查皮肤弹性常选用的检查部位是]]></desc><options><option><id>A</id><type>text</type><desc><![CDATA[手背]]></desc></option><option><id>B</id><type>text</type><desc><![CDATA[手心]]></desc></option><option><id>C</id><type>text</type><desc><![CDATA[上臂外侧]]></desc></option><option><id>D</id><type>text</type><desc><![CDATA[前臂内侧]]></desc></option><option><id>E</id><type>text</type><desc><![CDATA[上臂内侧]]></desc></option></options><answers><![CDATA[A]]></answers></question><question><type>1</type><format>text</format><desc><![CDATA[7.面色苍黄、颜面水肿、睑厚面宽、目光呆滞、反应迟钝、眉毛、头发稀疏、舌色淡而肥大的是]]></desc><options><option><id>A</id><type>text</type><desc><![CDATA[黏液水肿面容]]></desc></option><option><id>B</id><type>text</type><desc><![CDATA[贫血面容]]></desc></option><option><id>C</id><type>text</type><desc><![CDATA[伤寒面容]]></desc></option><option><id>D</id><type>text</type><desc><![CDATA[二尖瓣面容]]></desc></option><option><id>E</id><type>text</type><desc><![CDATA[肾病面容]]></desc></option></options><answers><![CDATA[A]]></answers></question><question><type>1</type><format>text</format><desc><![CDATA[8.有机磷杀虫剂中毒病人的瞳孔常]]></desc><options><option><id>A</id><type>text</type><desc><![CDATA[缩小]]></desc></option><option><id>B</id><type>text</type><desc><![CDATA[扩大]]></desc></option><option><id>C</id><type>text</type><desc><![CDATA[形状不规则]]></desc></option><option><id>D</id><type>text</type><desc><![CDATA[大小不等]]></desc></option><option><id>E</id><type>text</type><desc><![CDATA[正常]]></desc></option></options><answers><![CDATA[A]]></answers></question><question><type>1</type><format>text</format><desc><![CDATA[9.关于扁桃体Ⅱ度肿大，正确是]]></desc><options><option><id>A</id><type>text</type><desc><![CDATA[不超过咽腭弓]]></desc></option><option><id>B</id><type>text</type><desc><![CDATA[不超过舌额弓]]></desc></option><option><id>C</id><type>text</type><desc><![CDATA[超过咽腭弓]]></desc></option><option><id>D</id><type>text</type><desc><![CDATA[达到或超过咽后壁中线]]></desc></option><option><id>E</id><type>text</type><desc><![CDATA[超过舌额弓]]></desc></option></options><answers><![CDATA[C]]></answers></question><question><type>1</type><format>text</format><desc><![CDATA[10.可使气管向患侧移位的是]]></desc><options><option><id>A</id><type>text</type><desc><![CDATA[肺不张]]></desc></option><option><id>B</id><type>text</type><desc><![CDATA[胸腔积液]]></desc></option><option><id>C</id><type>text</type><desc><![CDATA[气胸]]></desc></option><option><id>D</id><type>text</type><desc><![CDATA[纵隔肿瘤]]></desc></option><option><id>E</id><type>text</type><desc><![CDATA[单侧甲状腺肿大]]></desc></option></options><answers><![CDATA[A]]></answers></question><question><type>1</type><format>text</format><desc><![CDATA[11.常作为计数胸椎的体表标志是]]></desc><options><option><id>A</id><type>text</type><desc><![CDATA[第6颈椎棘突]]></desc></option><option><id>B</id><type>text</type><desc><![CDATA[第7颈椎棘突]]></desc></option><option><id>C</id><type>text</type><desc><![CDATA[第1胸椎棘交]]></desc></option><option><id>D</id><type>text</type><desc><![CDATA[第2胸椎棘突]]></desc></option><option><id>E</id><type>text</type><desc><![CDATA[第3胸椎棘突]]></desc></option></options><answers><![CDATA[B]]></answers></question><question><type>1</type><format>text</format><desc><![CDATA[12.可影响心脏浊音界改变的心外因素是]]></desc><options><option><id>A</id><type>text</type><desc><![CDATA[肺气肿]]></desc></option><option><id>B</id><type>text</type><desc><![CDATA[心包积液]]></desc></option><option><id>C</id><type>text</type><desc><![CDATA[克山病]]></desc></option><option><id>D</id><type>text</type><desc><![CDATA[主动脉瘤]]></desc></option><option><id>E</id><type>text</type><desc><![CDATA[腹膜炎]]></desc></option></options><answers><![CDATA[A]]></answers></question><question><type>1</type><format>text</format><desc><![CDATA[13.支气管炎合并肺气肿时胸廓的改变是]]></desc><options><option><id>A</id><type>text</type><desc><![CDATA[扁平胸]]></desc></option><option><id>B</id><type>text</type><desc><![CDATA[漏斗胸]]></desc></option><option><id>C</id><type>text</type><desc><![CDATA[鸡胸]]></desc></option><option><id>D</id><type>text</type><desc><![CDATA[桶状胸]]></desc></option><option><id>E</id><type>text</type><desc><![CDATA[胸廓局部突起]]></desc></option></options><answers><![CDATA[D]]></answers></question><question><type>1</type><format>text</format><desc><![CDATA[14.关于呼吸运动，正确的是]]></desc><options><option><id>A</id><type>text</type><desc><![CDATA[男性和儿童以胸式呼吸为主]]></desc></option><option><id>B</id><type>text</type><desc><![CDATA[女性以腹式呼吸为主]]></desc></option><option><id>C</id><type>text</type><desc><![CDATA[吸气时前胸部肋骨向下内移位]]></desc></option><option><id>D</id><type>text</type><desc><![CDATA[呼气时胸廓前部肋骨向上外移位]]></desc></option><option><id>E</id><type>text</type><desc><![CDATA[腹膜炎、大量腹水时腹式呼吸受限]]></desc></option></options><answers><![CDATA[E]]></answers></question><question><type>1</type><format>text</format><desc><![CDATA[15.第二心音产生主要是]]></desc><options><option><id>A</id><type>text</type><desc><![CDATA[二、三尖瓣关闭]]></desc></option><option><id>B</id><type>text</type><desc><![CDATA[心室收缩]]></desc></option><option><id>C</id><type>text</type><desc><![CDATA[心房收缩]]></desc></option><option><id>D</id><type>text</type><desc><![CDATA[主、肺动脉瓣关闭]]></desc></option><option><id>E</id><type>text</type><desc><![CDATA[主、肺动脉瓣开放]]></desc></option></options><answers><![CDATA[D]]></answers></question><question><type>1</type><format>html</format><desc><![CDATA[16.<u><b>不是</b></u>心包摩擦感特点的是]]></desc><options><option><id>A</id><type>text</type><desc><![CDATA[吸气末明显]]></desc></option><option><id>B</id><type>text</type><desc><![CDATA[以胸骨左缘第3、4肋间明显]]></desc></option><option><id>C</id><type>text</type><desc><![CDATA[坐位前倾明显]]></desc></option><option><id>D</id><type>text</type><desc><![CDATA[收缩期和舒张期都可触知]]></desc></option><option><id>E</id><type>text</type><desc><![CDATA[心包积液增多时，摩擦感消失]]></desc></option></options><answers><![CDATA[A]]></answers></question><question><type>1</type><format>text</format><desc><![CDATA[17.心浊音界明显增大且随体位改变，最可能的是]]></desc><options><option><id>A</id><type>text</type><desc><![CDATA[高血压性心肌病]]></desc></option><option><id>B</id><type>text</type><desc><![CDATA[冠心病合并心衰]]></desc></option><option><id>C</id><type>text</type><desc><![CDATA[心肌病]]></desc></option><option><id>D</id><type>text</type><desc><![CDATA[大量心包积液]]></desc></option><option><id>E</id><type>text</type><desc><![CDATA[重度主动脉瓣关闭不全]]></desc></option></options><answers><![CDATA[D]]></answers></question><question><type>1</type><format>text</format><desc><![CDATA[18.脉搏短绌是指]]></desc><options><option><id>A</id><type>text</type><desc><![CDATA[脉率大于心率]]></desc></option><option><id>B</id><type>text</type><desc><![CDATA[脉率小于心率]]></desc></option><option><id>C</id><type>text</type><desc><![CDATA[脉搏减弱]]></desc></option><option><id>D</id><type>text</type><desc><![CDATA[脉搏消失]]></desc></option><option><id>E</id><type>text</type><desc><![CDATA[脉率及心率缓慢]]></desc></option></options><answers><![CDATA[B]]></answers></question><question><type>1</type><format>html</format><desc><![CDATA[19.<u><b>不属于</b></u>深反射的是]]></desc><options><option><id>A</id><type>text</type><desc><![CDATA[阵挛]]></desc></option><option><id>B</id><type>text</type><desc><![CDATA[跟腱反射]]></desc></option><option><id>C</id><type>text</type><desc><![CDATA[肛门反射]]></desc></option><option><id>D</id><type>text</type><desc><![CDATA[肱三头肌反射]]></desc></option><option><id>E</id><type>text</type><desc><![CDATA[膝反射]]></desc></option></options><answers><![CDATA[C]]></answers></question><question><type>1</type><format>text</format><desc><![CDATA[20.在身体评估中最容易忽视的是]]></desc><options><option><id>A</id><type>text</type><desc><![CDATA[对病人的体贴与关怀]]></desc></option><option><id>B</id><type>text</type><desc><![CDATA[评估的系统性]]></desc></option><option><id>C</id><type>text</type><desc><![CDATA[评估的重点性]]></desc></option><option><id>D</id><type>text</type><desc><![CDATA[评估的规范性]]></desc></option><option><id>E</id><type>text</type><desc><![CDATA[病史不详实]]></desc></option></options><answers><![CDATA[A]]></answers></question><question><type>1</type><format>html</format><desc><![CDATA[21.<u><b>不是</b></u>肝下移的病因的是]]></desc><options><option><id>A</id><type>text</type><desc><![CDATA[内脏下垂]]></desc></option><option><id>B</id><type>text</type><desc><![CDATA[肺气肿]]></desc></option><option><id>C</id><type>text</type><desc><![CDATA[右侧胸膜腔大量积液]]></desc></option><option><id>D</id><type>text</type><desc><![CDATA[右侧气胸]]></desc></option><option><id>E</id><type>text</type><desc><![CDATA[肝炎]]></desc></option></options><answers><![CDATA[E]]></answers></question><question><type>1</type><format>html</format><desc><![CDATA[22.液波震颤可检查出的腹膜腔内的游离液体<u><b>至少</b></u>是]]></desc><options><option><id>A</id><type>text</type><desc><![CDATA[1000～1500ml]]></desc></option><option><id>B</id><type>text</type><desc><![CDATA[1500～2000ml]]></desc></option><option><id>C</id><type>text</type><desc><![CDATA[2000～3000ml]]></desc></option><option><id>D</id><type>text</type><desc><![CDATA[3000～4000ml]]></desc></option><option><id>E</id><type>text</type><desc><![CDATA[4500～5000ml]]></desc></option></options><answers><![CDATA[D]]></answers></question><question><type>1</type><format>text</format><desc><![CDATA[23.Murphy征阳性见于]]></desc><options><option><id>A</id><type>text</type><desc><![CDATA[急性胰腺炎]]></desc></option><option><id>B</id><type>text</type><desc><![CDATA[急性阑尾炎]]></desc></option><option><id>C</id><type>text</type><desc><![CDATA[急性胆囊炎]]></desc></option><option><id>D</id><type>text</type><desc><![CDATA[消化性溃疡]]></desc></option><option><id>E</id><type>text</type><desc><![CDATA[急性肝炎]]></desc></option></options><answers><![CDATA[C]]></answers></question><question><type>1</type><format>text</format><desc><![CDATA[24.肝浊音界消失见于]]></desc><options><option><id>A</id><type>text</type><desc><![CDATA[急性胃肠穿孔]]></desc></option><option><id>B</id><type>text</type><desc><![CDATA[急性阑尾炎]]></desc></option><option><id>C</id><type>text</type><desc><![CDATA[急性胆囊炎]]></desc></option><option><id>D</id><type>text</type><desc><![CDATA[肠梗阻]]></desc></option><option><id>E</id><type>text</type><desc><![CDATA[急性胰腺炎]]></desc></option></options><answers><![CDATA[A]]></answers></question><question><type>1</type><format>html</format><desc><![CDATA[25.身体评估的原则<u><b>不正确</b></u>的是]]></desc><options><option><id>A</id><type>text</type><desc><![CDATA[按部位检查、按系统思考]]></desc></option><option><id>B</id><type>text</type><desc><![CDATA[评估顺序合理有效]]></desc></option><option><id>C</id><type>text</type><desc><![CDATA[尽量减少病人体位的变动]]></desc></option><option><id>D</id><type>text</type><desc><![CDATA[病人最好变动3～4次体位]]></desc></option><option><id>E</id><type>text</type><desc><![CDATA[尊重和保护病人的隐私]]></desc></option></options><answers><![CDATA[D]]></answers></question><question><type>1</type><format>text</format><desc><![CDATA[26.适用于检查盆腔脏器和病变的是]]></desc><options><option><id>A</id><type>text</type><desc><![CDATA[肘膝位]]></desc></option><option><id>B</id><type>text</type><desc><![CDATA[左侧卧位]]></desc></option><option><id>C</id><type>text</type><desc><![CDATA[仰卧位或截石位]]></desc></option><option><id>D</id><type>text</type><desc><![CDATA[蹲位]]></desc></option><option><id>E</id><type>text</type><desc><![CDATA[以上都不是]]></desc></option></options><answers><![CDATA[C]]></answers></question><question><type>1</type><format>text</format><desc><![CDATA[27.最适用于检查前列腺的体位是]]></desc><options><option><id>A</id><type>text</type><desc><![CDATA[左侧卧位]]></desc></option><option><id>B</id><type>text</type><desc><![CDATA[仰卧位]]></desc></option><option><id>C</id><type>text</type><desc><![CDATA[截石位]]></desc></option><option><id>D</id><type>text</type><desc><![CDATA[蹲位]]></desc></option><option><id>E</id><type>text</type><desc><![CDATA[肘膝位]]></desc></option></options><answers><![CDATA[E]]></answers></question><question><type>1</type><format>text</format><desc><![CDATA[28.输精管结核病人精索呈]]></desc><options><option><id>A</id><type>text</type><desc><![CDATA[柔软的索状，无压痛]]></desc></option><option><id>B</id><type>text</type><desc><![CDATA[串珠状肿胀]]></desc></option><option><id>C</id><type>text</type><desc><![CDATA[挤压痛且局部有皮肤红肿]]></desc></option><option><id>D</id><type>text</type><desc><![CDATA[靠近附睾处有硬结]]></desc></option><option><id>E</id><type>text</type><desc><![CDATA[蚯蚓团样感]]></desc></option></options><answers><![CDATA[B]]></answers></question><question><type>1</type><format>text</format><desc><![CDATA[29.青少年胸段下部均匀后凸见于]]></desc><options><option><id>A</id><type>text</type><desc><![CDATA[佝偻病]]></desc></option><option><id>B</id><type>text</type><desc><![CDATA[脊柱结核]]></desc></option><option><id>C</id><type>text</type><desc><![CDATA[强直性脊柱炎]]></desc></option><option><id>D</id><type>text</type><desc><![CDATA[脊柱退行性变]]></desc></option><option><id>E</id><type>text</type><desc><![CDATA[脊椎骨软骨炎]]></desc></option></options><answers><![CDATA[E]]></answers></question><question><type>1</type><format>text</format><desc><![CDATA[30.脊柱后凸多发生于]]></desc><options><option><id>A</id><type>text</type><desc><![CDATA[胸段]]></desc></option><option><id>B</id><type>text</type><desc><![CDATA[胸腰段]]></desc></option><option><id>C</id><type>text</type><desc><![CDATA[腰段]]></desc></option><option><id>D</id><type>text</type><desc><![CDATA[骶椎]]></desc></option><option><id>E</id><type>text</type><desc><![CDATA[腰骶段]]></desc></option></options><answers><![CDATA[A]]></answers></question><question><type>1</type><format>text</format><desc><![CDATA[31.肌张力増高，呈折刀现象见于]]></desc><options><option><id>A</id><type>text</type><desc><![CDATA[锥体束损伤]]></desc></option><option><id>B</id><type>text</type><desc><![CDATA[锥体外系损伤]]></desc></option><option><id>C</id><type>text</type><desc><![CDATA[周围神经炎]]></desc></option><option><id>D</id><type>text</type><desc><![CDATA[前角灰质炎]]></desc></option><option><id>E</id><type>text</type><desc><![CDATA[小脑病变]]></desc></option></options><answers><![CDATA[A]]></answers></question><question><type>1</type><format>text</format><desc><![CDATA[32.手指或足趾的一种缓慢持续的伸展扭曲动作是]]></desc><options><option><id>A</id><type>text</type><desc><![CDATA[舞蹈样运动]]></desc></option><option><id>B</id><type>text</type><desc><![CDATA[手足徐动]]></desc></option><option><id>C</id><type>text</type><desc><![CDATA[意向性震颤]]></desc></option><option><id>D</id><type>text</type><desc><![CDATA[静止性震颤]]></desc></option><option><id>E</id><type>text</type><desc><![CDATA[以上都不是]]></desc></option></options><answers><![CDATA[B]]></answers></question><question><type>1</type><format>html</format><desc><![CDATA[33.共济失调的检查方法<u><b>不包括</b></u>]]></desc><options><option><id>A</id><type>text</type><desc><![CDATA[指鼻试验]]></desc></option><option><id>B</id><type>text</type><desc><![CDATA[跟-膝-胫试验]]></desc></option><option><id>C</id><type>text</type><desc><![CDATA[轮替动作]]></desc></option><option><id>D</id><type>text</type><desc><![CDATA[闭目难立征]]></desc></option><option><id>E</id><type>text</type><desc><![CDATA[Valsalva动作]]></desc></option></options><answers><![CDATA[E]]></answers></question></questions><questions><instructions><![CDATA[A2型题]]></instructions><question><type>1</type><format>text</format><desc><![CDATA[34.病人，女性，60岁。咳嗽、咳痰10余年，活动后呼吸困难1年。胸廓前后径增加，肋骨斜度变小，肋间隙增宽，腹上角增大，其胸廓为]]></desc><options><option><id>A</id><type>text</type><desc><![CDATA[扁平胸]]></desc></option><option><id>B</id><type>text</type><desc><![CDATA[桶状胸]]></desc></option><option><id>C</id><type>text</type><desc><![CDATA[漏斗胸]]></desc></option><option><id>D</id><type>text</type><desc><![CDATA[鸡胸]]></desc></option><option><id>E</id><type>text</type><desc><![CDATA[正常胸廓]]></desc></option></options><answers><![CDATA[B]]></answers></question><question><type>1</type><format>text</format><desc><![CDATA[35.病人，男性，30岁。外伤后就诊，主诉为进行性呼吸困难，体格检查：患侧胸廓饱满、肋间隙变宽，叩诊呈鼓音，最可能的诊断是]]></desc><options><option><id>A</id><type>text</type><desc><![CDATA[肺不张]]></desc></option><option><id>B</id><type>text</type><desc><![CDATA[肺气肿]]></desc></option><option><id>C</id><type>text</type><desc><![CDATA[胸膜腔积液]]></desc></option><option><id>D</id><type>text</type><desc><![CDATA[气胸]]></desc></option><option><id>E</id><type>text</type><desc><![CDATA[肋骨骨折]]></desc></option></options><answers><![CDATA[D]]></answers></question></questions></exam>