﻿<?xml version="1.0" encoding="UTF-8"?><exam><id>20181127192304</id><questions><instructions><![CDATA[一、单项选择题]]></instructions><question><type>1</type><format>html</format><desc><![CDATA[1.以下关于人际沟通概念的描述中<u><b>不正确</b></u>的是]]></desc><options><option><id>A</id><type>text</type><desc><![CDATA[沟通是双向理解的过程]]></desc></option><option><id>B</id><type>text</type><desc><![CDATA[沟通意义在于积极有效]]></desc></option><option><id>C</id><type>text</type><desc><![CDATA[沟通是一个双向、互动的过程]]></desc></option><option><id>D</id><type>text</type><desc><![CDATA[沟通是信息的传递、感情的交流]]></desc></option><option><id>E</id><type>text</type><desc><![CDATA[沟通的目的达到准确理解彼此信息的含义]]></desc></option></options><answers><![CDATA[B]]></answers></question><question><type>1</type><format>html</format><desc><![CDATA[2.以下<u><b>不属于</b></u>人际沟通作用的是]]></desc><options><option><id>A</id><type>text</type><desc><![CDATA[有助于决策]]></desc></option><option><id>B</id><type>text</type><desc><![CDATA[促进社会和谐]]></desc></option><option><id>C</id><type>text</type><desc><![CDATA[实现自我人生价值]]></desc></option><option><id>D</id><type>text</type><desc><![CDATA[满足生理和心理需求]]></desc></option><option><id>E</id><type>text</type><desc><![CDATA[建立良好的人际关系]]></desc></option></options><answers><![CDATA[C]]></answers></question><question><type>1</type><format>html</format><desc><![CDATA[3.以下<u><b>不属于</b></u>人际沟通特点的是]]></desc><options><option><id>A</id><type>text</type><desc><![CDATA[复杂性]]></desc></option><option><id>B</id><type>text</type><desc><![CDATA[动态性]]></desc></option><option><id>C</id><type>text</type><desc><![CDATA[目的性]]></desc></option><option><id>D</id><type>text</type><desc><![CDATA[学习性]]></desc></option><option><id>E</id><type>text</type><desc><![CDATA[象征性和关系性]]></desc></option></options><answers><![CDATA[A]]></answers></question><question><type>1</type><format>text</format><desc><![CDATA[4.语言沟通的主要媒介是]]></desc><options><option><id>A</id><type>text</type><desc><![CDATA[表情]]></desc></option><option><id>B</id><type>text</type><desc><![CDATA[眼神]]></desc></option><option><id>C</id><type>text</type><desc><![CDATA[姿势]]></desc></option><option><id>D</id><type>text</type><desc><![CDATA[手势]]></desc></option><option><id>E</id><type>text</type><desc><![CDATA[文字]]></desc></option></options><answers><![CDATA[E]]></answers></question><question><type>1</type><format>text</format><desc><![CDATA[5.影响人际沟通效果的环境因素是]]></desc><options><option><id>A</id><type>text</type><desc><![CDATA[沟通者心情烦躁]]></desc></option><option><id>B</id><type>text</type><desc><![CDATA[沟通者审美观点不同]]></desc></option><option><id>C</id><type>text</type><desc><![CDATA[沟通双方兴趣点不同]]></desc></option><option><id>D</id><type>text</type><desc><![CDATA[沟通双方价值观不同]]></desc></option><option><id>E</id><type>text</type><desc><![CDATA[沟通双方空间距离较远]]></desc></option></options><answers><![CDATA[E]]></answers></question><question><type>1</type><format>html</format><desc><![CDATA[6.以下<u><b>不属于</b></u>语言沟通的方式是]]></desc><options><option><id>A</id><type>text</type><desc><![CDATA[交谈]]></desc></option><option><id>B</id><type>text</type><desc><![CDATA[赞美]]></desc></option><option><id>C</id><type>text</type><desc><![CDATA[道歉]]></desc></option><option><id>D</id><type>text</type><desc><![CDATA[语调]]></desc></option><option><id>E</id><type>text</type><desc><![CDATA[斥责]]></desc></option></options><answers><![CDATA[D]]></answers></question><question><type>1</type><format>html</format><desc><![CDATA[7.以下<u><b>不属于</b></u>沟通基本要素的是]]></desc><options><option><id>A</id><type>text</type><desc><![CDATA[信息源]]></desc></option><option><id>B</id><type>text</type><desc><![CDATA[信息内容]]></desc></option><option><id>C</id><type>text</type><desc><![CDATA[沟通背景]]></desc></option><option><id>D</id><type>text</type><desc><![CDATA[沟通方式]]></desc></option><option><id>E</id><type>text</type><desc><![CDATA[信息反馈过程]]></desc></option></options><answers><![CDATA[D]]></answers></question><question><type>1</type><format>text</format><desc><![CDATA[8.刘女士，28岁，在得知自己被确诊为乳腺癌早期时，禁不住躺倒在床上失声痛哭，这时护士问：“你现在觉得怎么样？”此病人一直低头不语，不愿意和护士沟通。此时，影响护患沟通的核心问题是病人的]]></desc><options><option><id>A</id><type>text</type><desc><![CDATA[个性]]></desc></option><option><id>B</id><type>text</type><desc><![CDATA[情绪]]></desc></option><option><id>C</id><type>text</type><desc><![CDATA[能力]]></desc></option><option><id>D</id><type>text</type><desc><![CDATA[态度]]></desc></option><option><id>E</id><type>text</type><desc><![CDATA[生活背景]]></desc></option></options><answers><![CDATA[B]]></answers></question><question><type>1</type><format>text</format><desc><![CDATA[9.张女士，59岁，退休大学教授，因高血压住院治疗，没有陪家属陪护。适用于该病人的最佳沟通方式为]]></desc><options><option><id>A</id><type>text</type><desc><![CDATA[口语沟通]]></desc></option><option><id>B</id><type>text</type><desc><![CDATA[书面语沟通]]></desc></option><option><id>C</id><type>text</type><desc><![CDATA[动态语言沟通]]></desc></option><option><id>D</id><type>text</type><desc><![CDATA[静态语言沟通]]></desc></option><option><id>E</id><type>text</type><desc><![CDATA[副语言沟通]]></desc></option></options><answers><![CDATA[A]]></answers></question><question><type>1</type><format>text</format><desc><![CDATA[10.病室内，一位护士正在为一位即将出院的术后病人进行出院前的健康指导。此时护士表现有利于沟通的身体语言是]]></desc><options><option><id>A</id><type>text</type><desc><![CDATA[身体直立]]></desc></option><option><id>B</id><type>text</type><desc><![CDATA[标准坐姿]]></desc></option><option><id>C</id><type>text</type><desc><![CDATA[身体前倾]]></desc></option><option><id>D</id><type>text</type><desc><![CDATA[双手抱肘]]></desc></option><option><id>E</id><type>text</type><desc><![CDATA[身体倚靠床边]]></desc></option></options><answers><![CDATA[C]]></answers></question><question><type>1</type><format>html</format><desc><![CDATA[11.李女士，妊娠晚期，因宫缩明显、腹部疼痛急诊入院待产。由于病人家属未能及时赶到，此时病人最需要护士的沟通方式<u><b>不正确</b></u>的是]]></desc><options><option><id>A</id><type>text</type><desc><![CDATA[微笑]]></desc></option><option><id>B</id><type>text</type><desc><![CDATA[安慰触摸]]></desc></option><option><id>C</id><type>text</type><desc><![CDATA[口头语言沟通]]></desc></option><option><id>D</id><type>text</type><desc><![CDATA[书面语言沟通]]></desc></option><option><id>E</id><type>text</type><desc><![CDATA[关切的眼神]]></desc></option></options><answers><![CDATA[D]]></answers></question><question><type>1</type><format>text</format><desc><![CDATA[12.张先生，退休干部，患“心肌梗死”住院治疗，此时与病人沟通时考虑到主要的影响因素是]]></desc><options><option><id>A</id><type>text</type><desc><![CDATA[生理因素]]></desc></option><option><id>B</id><type>text</type><desc><![CDATA[社会背景]]></desc></option><option><id>C</id><type>text</type><desc><![CDATA[场所安静]]></desc></option><option><id>D</id><type>text</type><desc><![CDATA[床位安排]]></desc></option><option><id>E</id><type>text</type><desc><![CDATA[信息传递障碍]]></desc></option></options><answers><![CDATA[C]]></answers></question><question><type>1</type><format>text</format><desc><![CDATA[13.何女士，69岁，退休职工，癌症晚期病人，需要长期静脉输液维持营养，穿刺难度大，护士没有能够一次穿刺成功，引起病人不满。此时护士最佳的沟通原则是]]></desc><options><option><id>A</id><type>text</type><desc><![CDATA[微笑面对]]></desc></option><option><id>B</id><type>text</type><desc><![CDATA[换位思考]]></desc></option><option><id>C</id><type>text</type><desc><![CDATA[满足对方需要]]></desc></option><option><id>D</id><type>text</type><desc><![CDATA[富有情感的交流]]></desc></option><option><id>E</id><type>text</type><desc><![CDATA[恰当的身体语言]]></desc></option></options><answers><![CDATA[B]]></answers></question><question><type>1</type><format>text</format><desc><![CDATA[14.刘女士，68岁，农民，文化水平较低，胃癌术后。护士在查房询问病情时手机突然来电，护士立刻将手机挂断。病人感到伤口阵阵疼痛，并很烦躁，病人的女儿轻轻地安慰，最终交谈还是无法进行，影响此次沟通的主要因素是]]></desc><options><option><id>A</id><type>text</type><desc><![CDATA[年龄较大]]></desc></option><option><id>B</id><type>text</type><desc><![CDATA[女儿在场]]></desc></option><option><id>C</id><type>text</type><desc><![CDATA[心情烦躁]]></desc></option><option><id>D</id><type>text</type><desc><![CDATA[伤口疼痛]]></desc></option><option><id>E</id><type>text</type><desc><![CDATA[文化水平较低]]></desc></option></options><answers><![CDATA[D]]></answers></question><question><type>1</type><format>text</format><desc><![CDATA[15.田先生，38岁，企业管理者，持续高热2天，实习护士小王为病人做健康宣教时，有利于人际沟通交流的做法是]]></desc><options><option><id>A</id><type>text</type><desc><![CDATA[并排坐位]]></desc></option><option><id>B</id><type>text</type><desc><![CDATA[面对面坐位]]></desc></option><option><id>C</id><type>text</type><desc><![CDATA[身体直立端正]]></desc></option><option><id>D</id><type>text</type><desc><![CDATA[面对面站位，身体略前倾]]></desc></option><option><id>E</id><type>text</type><desc><![CDATA[保持人际距离在0.5m以内]]></desc></option></options><answers><![CDATA[C]]></answers></question></questions></exam>