﻿<?xml version="1.0" encoding="UTF-8"?><exam><id>20181127191834</id><questions><instructions><![CDATA[一、单项选择题]]></instructions><question><type>1</type><format>html</format><desc><![CDATA[1.遵守交通礼仪是个人的礼仪修养规范，也是交通安全的根本保障。下面说法<u><b>不正确</b></u>的是]]></desc><options><option><id>A</id><type>text</type><desc><![CDATA[行路的基本礼则是前为尊、后为卑]]></desc></option><option><id>B</id><type>text</type><desc><![CDATA[行路的基本礼则是左为大，右为小]]></desc></option><option><id>C</id><type>text</type><desc><![CDATA[三人同行时，中央为尊]]></desc></option><option><id>D</id><type>text</type><desc><![CDATA[行走时要相互体谅，礼让三分]]></desc></option><option><id>E</id><type>text</type><desc><![CDATA[行走时可以无序]]></desc></option></options><answers><![CDATA[E]]></answers></question><question><type>1</type><format>html</format><desc><![CDATA[2.下列关于交际礼仪的说法中，<u><b>不正确</b></u>的是]]></desc><options><option><id>A</id><type>text</type><desc><![CDATA[无论在怎样的场合，称呼越亲近越有利于社交]]></desc></option><option><id>B</id><type>text</type><desc><![CDATA[称呼应当尊重个人的习惯]]></desc></option><option><id>C</id><type>text</type><desc><![CDATA[称呼尊重常规是指符合民族、文化和传统习惯]]></desc></option><option><id>D</id><type>text</type><desc><![CDATA[使用不同的称呼，意味着交往双方人际距离的不同]]></desc></option><option><id>E</id><type>text</type><desc><![CDATA[忌用绰号]]></desc></option></options><answers><![CDATA[A]]></answers></question><question><type>1</type><format>html</format><desc><![CDATA[3.涉外宴请礼仪是常见的交际形式之一。下列关于涉外宴请的描述中，<u><b>不正确</b></u>的是]]></desc><options><option><id>A</id><type>text</type><desc><![CDATA[一般而言，午宴比晚宴更加隆重正式]]></desc></option><option><id>B</id><type>text</type><desc><![CDATA[正式宴会不需要悬挂国旗]]></desc></option><option><id>C</id><type>text</type><desc><![CDATA[鸡尾酒会中，客人可以来去自由]]></desc></option><option><id>D</id><type>text</type><desc><![CDATA[茶会一般安排在上午十点或下午四点左右]]></desc></option><option><id>E</id><type>text</type><desc><![CDATA[自助餐要礼让优先]]></desc></option></options><answers><![CDATA[A]]></answers></question><question><type>1</type><format>html</format><desc><![CDATA[4.在信息时代，电子邮件礼仪日益受到重视。下列关于电子邮件礼仪的说法中<u><b>不正确</b></u>的是]]></desc><options><option><id>A</id><type>text</type><desc><![CDATA[内容应当具体详细]]></desc></option><option><id>B</id><type>text</type><desc><![CDATA[标题应当明确简洁]]></desc></option><option><id>C</id><type>text</type><desc><![CDATA[确保邮件内容的安全性]]></desc></option><option><id>D</id><type>text</type><desc><![CDATA[及时收发邮箱里的邮件]]></desc></option><option><id>E</id><type>text</type><desc><![CDATA[内容简明扼要]]></desc></option></options><answers><![CDATA[A]]></answers></question><question><type>1</type><format>text</format><desc><![CDATA[5.礼品选择是一门学问，中国自古有言“宝刀赠壮士，红粉送佳人”。这提示我们在选择礼品时应遵循的原则是]]></desc><options><option><id>A</id><type>text</type><desc><![CDATA[纪念性]]></desc></option><option><id>B</id><type>text</type><desc><![CDATA[对象性]]></desc></option><option><id>C</id><type>text</type><desc><![CDATA[独特性]]></desc></option><option><id>D</id><type>text</type><desc><![CDATA[便携性]]></desc></option><option><id>E</id><type>text</type><desc><![CDATA[实用性]]></desc></option></options><answers><![CDATA[B]]></answers></question><question><type>1</type><format>html</format><desc><![CDATA[6.下列关于赴宴者的礼仪要求的描述中，<u><b>不正确</b></u>的是]]></desc><options><option><id>A</id><type>text</type><desc><![CDATA[接到宴会邀请后，应及早答复对方]]></desc></option><option><id>B</id><type>text</type><desc><![CDATA[在我国，出席宴会一般正点或提前几分钟到达]]></desc></option><option><id>C</id><type>text</type><desc><![CDATA[出席宴会时，可以随便入座，不必等候主人安排]]></desc></option><option><id>D</id><type>text</type><desc><![CDATA[主人举杯招呼，才表示宴会正式开始]]></desc></option><option><id>E</id><type>text</type><desc><![CDATA[持邀请函参加]]></desc></option></options><answers><![CDATA[C]]></answers></question><question><type>1</type><format>html</format><desc><![CDATA[7.国际礼仪通则也可以称作涉外礼仪基本原则，对其原则<u><b>不正确</b></u>的描述是]]></desc><options><option><id>A</id><type>text</type><desc><![CDATA[守时的原则]]></desc></option><option><id>B</id><type>text</type><desc><![CDATA[接受对方]]></desc></option><option><id>C</id><type>text</type><desc><![CDATA[赞美对方]]></desc></option><option><id>D</id><type>text</type><desc><![CDATA[重视对方]]></desc></option><option><id>E</id><type>text</type><desc><![CDATA[平等的原则]]></desc></option></options><answers><![CDATA[B]]></answers></question><question><type>1</type><format>text</format><desc><![CDATA[8.假如就座时被介绍，最为有礼的呼应方式是]]></desc><options><option><id>A</id><type>text</type><desc><![CDATA[点头致意]]></desc></option><option><id>B</id><type>text</type><desc><![CDATA[上身前倾致意]]></desc></option><option><id>C</id><type>text</type><desc><![CDATA[由坐姿改为站姿]]></desc></option><option><id>D</id><type>text</type><desc><![CDATA[微笑致意]]></desc></option></options><answers><![CDATA[E]]></answers></question><question><type>1</type><format>html</format><desc><![CDATA[9.下列关于自我介绍的分寸的说法中，<u><b>不正确</b></u>的是]]></desc><options><option><id>A</id><type>text</type><desc><![CDATA[自我介绍的内容应当真实而准确]]></desc></option><option><id>B</id><type>text</type><desc><![CDATA[自我介绍的态度应当大方、亲切、和善]]></desc></option><option><id>C</id><type>text</type><desc><![CDATA[在自我介绍时，应当全面具体地介绍个人的基本情况，使对方很好地了解自己]]></desc></option><option><id>D</id><type>text</type><desc><![CDATA[自我介绍时若同时递交名片，可以加深对方对自己的印象]]></desc></option><option><id>E</id><type>text</type><desc><![CDATA[要简明扼要]]></desc></option></options><answers><![CDATA[C]]></answers></question><question><type>1</type><format>html</format><desc><![CDATA[10.在人际交往中，信守时间很重要，这一点在国际交往中尤其重要。以下关于信守时间的原则中，<u><b>不正确</b></u>的叙述是]]></desc><options><option><id>A</id><type>text</type><desc><![CDATA[在有关时间问题上，不可以吞吞吐吐、模棱两可]]></desc></option><option><id>B</id><type>text</type><desc><![CDATA[与他人交往的时间一旦确定，就应该千方百计予以遵守]]></desc></option><option><id>C</id><type>text</type><desc><![CDATA[对于双方之间约会的时间，应当早到以示尊重]]></desc></option><option><id>D</id><type>text</type><desc><![CDATA[万一失约，应当尽早通报并真诚道歉]]></desc></option><option><id>E</id><type>text</type><desc><![CDATA[应当准时履约]]></desc></option></options><answers><![CDATA[A]]></answers></question><question><type>1</type><format>html</format><desc><![CDATA[11.介绍别人是介绍的一种形式，即自己作为第三者替不认识的双方作介绍。下列关于介绍别人的说法<u><b>不正确</b></u>的是]]></desc><options><option><id>A</id><type>text</type><desc><![CDATA[应先向年长者介绍年幼者]]></desc></option><option><id>B</id><type>text</type><desc><![CDATA[应先向男士介绍女士]]></desc></option><option><id>C</id><type>text</type><desc><![CDATA[应先向主人介绍客人]]></desc></option><option><id>D</id><type>text</type><desc><![CDATA[应先向社交地位高者介绍社交地位低者]]></desc></option><option><id>E</id><type>text</type><desc><![CDATA[应先向女士介绍男士]]></desc></option></options><answers><![CDATA[E]]></answers></question><question><type>1</type><format>text</format><desc><![CDATA[12.握手礼仪遵循国际上通用的基本原则是]]></desc><options><option><id>A</id><type>text</type><desc><![CDATA[“尊者决定”]]></desc></option><option><id>B</id><type>text</type><desc><![CDATA[女士决定]]></desc></option><option><id>C</id><type>text</type><desc><![CDATA[男士决定]]></desc></option><option><id>D</id><type>text</type><desc><![CDATA[老师决定]]></desc></option><option><id>E</id><type>text</type><desc><![CDATA[学生决定]]></desc></option></options><answers><![CDATA[A]]></answers></question></questions></exam>