﻿<?xml version="1.0" encoding="UTF-8"?><exam><id>20181127193438</id><questions><instructions><![CDATA[一、单项选择题]]></instructions><question><type>1</type><format>html</format><desc><![CDATA[1.下面<u><b>不是</b></u>求职礼仪的特性的是]]></desc><options><option><id>A</id><type>text</type><desc><![CDATA[科学性]]></desc></option><option><id>B</id><type>text</type><desc><![CDATA[真实性]]></desc></option><option><id>C</id><type>text</type><desc><![CDATA[创新性]]></desc></option><option><id>D</id><type>text</type><desc><![CDATA[目的性]]></desc></option><option><id>E</id><type>text</type><desc><![CDATA[有效性]]></desc></option></options><answers><![CDATA[D]]></answers></question><question><type>1</type><format>text</format><desc><![CDATA[2.参加面试的仪容仪表要求，正确的是]]></desc><options><option><id>A</id><type>text</type><desc><![CDATA[男士可以留胡须]]></desc></option><option><id>B</id><type>text</type><desc><![CDATA[可以着休闲服装]]></desc></option><option><id>C</id><type>text</type><desc><![CDATA[女士可以涂彩色指甲油]]></desc></option><option><id>D</id><type>text</type><desc><![CDATA[女士可以不用化妆]]></desc></option><option><id>E</id><type>text</type><desc><![CDATA[男士以短发为主，前不盖额、侧不遮耳、后不及领]]></desc></option></options><answers><![CDATA[E]]></answers></question><question><type>1</type><format>html</format><desc><![CDATA[3.个人简历组成部分<u><b>不包括</b></u>]]></desc><options><option><id>A</id><type>text</type><desc><![CDATA[个人情况]]></desc></option><option><id>B</id><type>text</type><desc><![CDATA[求职目的]]></desc></option><option><id>C</id><type>text</type><desc><![CDATA[所具备的资格和能力]]></desc></option><option><id>D</id><type>text</type><desc><![CDATA[附上相关资料]]></desc></option><option><id>E</id><type>text</type><desc><![CDATA[工资待遇要求]]></desc></option></options><answers><![CDATA[E]]></answers></question><question><type>1</type><format>html</format><desc><![CDATA[4.求职信书写的<u><b>禁忌</b></u>是]]></desc><options><option><id>A</id><type>text</type><desc><![CDATA[字体工整]]></desc></option><option><id>B</id><type>text</type><desc><![CDATA[规范]]></desc></option><option><id>C</id><type>text</type><desc><![CDATA[谦恭]]></desc></option><option><id>D</id><type>text</type><desc><![CDATA[真诚]]></desc></option><option><id>E</id><type>text</type><desc><![CDATA[华而不实]]></desc></option></options><answers><![CDATA[E]]></answers></question><question><type>1</type><format>html</format><desc><![CDATA[5.面试礼仪中，下列<u><b>不合适</b></u>是]]></desc><options><option><id>A</id><type>text</type><desc><![CDATA[遵时守信]]></desc></option><option><id>B</id><type>text</type><desc><![CDATA[言行得体]]></desc></option><option><id>C</id><type>text</type><desc><![CDATA[关闭手机]]></desc></option><option><id>D</id><type>text</type><desc><![CDATA[入室敲门]]></desc></option><option><id>E</id><type>text</type><desc><![CDATA[主动入座]]></desc></option></options><answers><![CDATA[E]]></answers></question><question><type>1</type><format>html</format><desc><![CDATA[6.面试时语言表达<u><b>不能</b></u>出现的问题是]]></desc><options><option><id>A</id><type>text</type><desc><![CDATA[语调适中]]></desc></option><option><id>B</id><type>text</type><desc><![CDATA[简洁]]></desc></option><option><id>C</id><type>text</type><desc><![CDATA[展示方言特色]]></desc></option><option><id>D</id><type>text</type><desc><![CDATA[礼貌]]></desc></option><option><id>E</id><type>text</type><desc><![CDATA[内容恰当]]></desc></option></options><answers><![CDATA[C]]></answers></question><question><type>1</type><format>text</format><desc><![CDATA[7.面试时，手机要做到]]></desc><options><option><id>A</id><type>text</type><desc><![CDATA[不大声讲话]]></desc></option><option><id>B</id><type>text</type><desc><![CDATA[不响]]></desc></option><option><id>C</id><type>text</type><desc><![CDATA[不听]]></desc></option><option><id>D</id><type>text</type><desc><![CDATA[不接]]></desc></option><option><id>E</id><type>text</type><desc><![CDATA[静音]]></desc></option></options><answers><![CDATA[E]]></answers></question><question><type>1</type><format>html</format><desc><![CDATA[8.求职材料中最大的<u><b>禁忌</b></u>是]]></desc><options><option><id>A</id><type>text</type><desc><![CDATA[字迹工整]]></desc></option><option><id>B</id><type>text</type><desc><![CDATA[词句精炼]]></desc></option><option><id>C</id><type>text</type><desc><![CDATA[实事求是]]></desc></option><option><id>D</id><type>text</type><desc><![CDATA[真诚取信]]></desc></option><option><id>E</id><type>text</type><desc><![CDATA[华而不实]]></desc></option></options><answers><![CDATA[E]]></answers></question><question><type>1</type><format>html</format><desc><![CDATA[9.求职者语言要求<u><b>不能</b></u>出现的问题是]]></desc><options><option><id>A</id><type>text</type><desc><![CDATA[标准的普通]]></desc></option><option><id>B</id><type>text</type><desc><![CDATA[拖泥带水]]></desc></option><option><id>C</id><type>text</type><desc><![CDATA[简洁]]></desc></option><option><id>D</id><type>text</type><desc><![CDATA[概括]]></desc></option><option><id>E</id><type>text</type><desc><![CDATA[有力]]></desc></option></options><answers><![CDATA[B]]></answers></question><question><type>1</type><format>html</format><desc><![CDATA[10.面试时<u><b>不正确</b></u>的眼神表达是]]></desc><options><option><id>A</id><type>text</type><desc><![CDATA[正视对方]]></desc></option><option><id>B</id><type>text</type><desc><![CDATA[目光平和]]></desc></option><option><id>C</id><type>text</type><desc><![CDATA[聚精会神]]></desc></option><option><id>D</id><type>text</type><desc><![CDATA[左顾右盼]]></desc></option><option><id>E</id><type>text</type><desc><![CDATA[全神贯注]]></desc></option></options><answers><![CDATA[D]]></answers></question></questions></exam>