﻿<?xml version="1.0" encoding="UTF-8"?><exam><id>20181127192955</id><questions><instructions><![CDATA[一、单项选择题]]></instructions><question><type>1</type><format>text</format><desc><![CDATA[1.轻重缓急、抑扬顿挫的语气语调属于]]></desc><options><option><id>A</id><type>text</type><desc><![CDATA[口头语言]]></desc></option><option><id>B</id><type>text</type><desc><![CDATA[辅助语言]]></desc></option><option><id>C</id><type>text</type><desc><![CDATA[通俗语言]]></desc></option><option><id>D</id><type>text</type><desc><![CDATA[类语言]]></desc></option><option><id>E</id><type>text</type><desc><![CDATA[有声语言]]></desc></option></options><answers><![CDATA[B]]></answers></question><question><type>1</type><format>html</format><desc><![CDATA[2.以下<u><b>不属于</b></u>非语言沟通的一项是]]></desc><options><option><id>A</id><type>text</type><desc><![CDATA[首语]]></desc></option><option><id>B</id><type>text</type><desc><![CDATA[眼神]]></desc></option><option><id>C</id><type>text</type><desc><![CDATA[发短信和电子邮件]]></desc></option><option><id>D</id><type>text</type><desc><![CDATA[手势语]]></desc></option><option><id>E</id><type>text</type><desc><![CDATA[触摸]]></desc></option></options><answers><![CDATA[C]]></answers></question><question><type>1</type><format>text</format><desc><![CDATA[3.正确的非语言沟通技巧是]]></desc><options><option><id>A</id><type>text</type><desc><![CDATA[谈话时直视对方眼睛]]></desc></option><option><id>B</id><type>text</type><desc><![CDATA[边写病历边和病人交流]]></desc></option><option><id>C</id><type>text</type><desc><![CDATA[交流时，使病人处于仰视位]]></desc></option><option><id>D</id><type>text</type><desc><![CDATA[交谈时身体稍向病人倾斜]]></desc></option><option><id>E</id><type>text</type><desc><![CDATA[不停看时间提示病人沟通结束]]></desc></option></options><answers><![CDATA[D]]></answers></question><question><type>1</type><format>html</format><desc><![CDATA[4.非语言沟通的特点<u><b>不包括</b></u>]]></desc><options><option><id>A</id><type>text</type><desc><![CDATA[广泛性]]></desc></option><option><id>B</id><type>text</type><desc><![CDATA[真实性]]></desc></option><option><id>C</id><type>text</type><desc><![CDATA[文化的差异性]]></desc></option><option><id>D</id><type>text</type><desc><![CDATA[有意识的行为]]></desc></option><option><id>E</id><type>text</type><desc><![CDATA[直观性]]></desc></option></options><answers><![CDATA[D]]></answers></question><question><type>1</type><format>text</format><desc><![CDATA[5.最容易被误解的非语言行为是]]></desc><options><option><id>A</id><type>text</type><desc><![CDATA[触摸]]></desc></option><option><id>B</id><type>text</type><desc><![CDATA[目光的接触]]></desc></option><option><id>C</id><type>text</type><desc><![CDATA[微笑]]></desc></option><option><id>D</id><type>text</type><desc><![CDATA[指示手势]]></desc></option><option><id>E</id><type>text</type><desc><![CDATA[点头]]></desc></option></options><answers><![CDATA[A]]></answers></question><question><type>1</type><format>text</format><desc><![CDATA[6.当一个人的语言和非语言行为发生矛盾时，我们更倾向于相信非语言行为，这是因为非语言行为的特点为]]></desc><options><option><id>A</id><type>text</type><desc><![CDATA[广泛性]]></desc></option><option><id>B</id><type>text</type><desc><![CDATA[模糊性]]></desc></option><option><id>C</id><type>text</type><desc><![CDATA[真实性]]></desc></option><option><id>D</id><type>text</type><desc><![CDATA[差异性]]></desc></option><option><id>E</id><type>text</type><desc><![CDATA[通用性]]></desc></option></options><answers><![CDATA[E]]></answers></question><question><type>1</type><format>html</format><desc><![CDATA[7.下列<u><b>不属于</b></u>非语言沟通技巧的是]]></desc><options><option><id>A</id><type>text</type><desc><![CDATA[倾听]]></desc></option><option><id>B</id><type>text</type><desc><![CDATA[提问]]></desc></option><option><id>C</id><type>text</type><desc><![CDATA[沉默]]></desc></option><option><id>D</id><type>text</type><desc><![CDATA[触摸]]></desc></option><option><id>E</id><type>text</type><desc><![CDATA[笑声]]></desc></option></options><answers><![CDATA[B]]></answers></question><question><type>1</type><format>text</format><desc><![CDATA[8.护士第一次与刚入院的病人进行交谈所采取的合适距离为]]></desc><options><option><id>A</id><type>text</type><desc><![CDATA[个人距离]]></desc></option><option><id>B</id><type>text</type><desc><![CDATA[亲密距离]]></desc></option><option><id>C</id><type>text</type><desc><![CDATA[社交距离]]></desc></option><option><id>D</id><type>text</type><desc><![CDATA[公众距离]]></desc></option><option><id>E</id><type>text</type><desc><![CDATA[私人距离]]></desc></option></options><answers><![CDATA[C]]></answers></question><question><type>1</type><format>text</format><desc><![CDATA[9.公众距离要求人与人交往中距离保持在]]></desc><options><option><id>A</id><type>text</type><desc><![CDATA[0.5m]]></desc></option><option><id>B</id><type>text</type><desc><![CDATA[1m]]></desc></option><option><id>C</id><type>text</type><desc><![CDATA[2m]]></desc></option><option><id>D</id><type>text</type><desc><![CDATA[3m]]></desc></option><option><id>E</id><type>text</type><desc><![CDATA[3m以上]]></desc></option></options><answers><![CDATA[E]]></answers></question><question><type>1</type><format>text</format><desc><![CDATA[10.在和别人进行沟通时，头部一些细微动作往往可以传达很多信息，低头隐含的意思是]]></desc><options><option><id>A</id><type>text</type><desc><![CDATA[对谈话感兴趣，正在集中精神听]]></desc></option><option><id>B</id><type>text</type><desc><![CDATA[对谈话内容不感兴趣或持否定态度]]></desc></option><option><id>C</id><type>text</type><desc><![CDATA[表示惊奇、恐惧或迟疑]]></desc></option><option><id>D</id><type>text</type><desc><![CDATA[迷茫]]></desc></option><option><id>E</id><type>text</type><desc><![CDATA[激动兴奋]]></desc></option></options><answers><![CDATA[B]]></answers></question><question><type>1</type><format>text</format><desc><![CDATA[11.个人距离是护患沟通的最理想距离，是指护患沟通时双方相距大约]]></desc><options><option><id>A</id><type>text</type><desc><![CDATA[15cm]]></desc></option><option><id>B</id><type>text</type><desc><![CDATA[30cm]]></desc></option><option><id>C</id><type>text</type><desc><![CDATA[40cm]]></desc></option><option><id>D</id><type>text</type><desc><![CDATA[1m]]></desc></option><option><id>E</id><type>text</type><desc><![CDATA[3m]]></desc></option></options><answers><![CDATA[D]]></answers></question><question><type>1</type><format>text</format><desc><![CDATA[12.在病人初次就诊时，护士赢得病人和家属信任的关键是]]></desc><options><option><id>A</id><type>text</type><desc><![CDATA[具备高超的医疗技术]]></desc></option><option><id>B</id><type>text</type><desc><![CDATA[仪表端庄大方]]></desc></option><option><id>C</id><type>text</type><desc><![CDATA[表达尊重、真诚及同情]]></desc></option><option><id>D</id><type>text</type><desc><![CDATA[承诺诊疗优惠价格]]></desc></option><option><id>E</id><type>text</type><desc><![CDATA[介绍医院环境，消除病人陌生感]]></desc></option></options><answers><![CDATA[B]]></answers></question><question><type>1</type><format>text</format><desc><![CDATA[13.在收集病情资料时，适当的方式是]]></desc><options><option><id>A</id><type>text</type><desc><![CDATA[始终看着病人]]></desc></option><option><id>B</id><type>text</type><desc><![CDATA[适时地与病人目光接触]]></desc></option><option><id>C</id><type>text</type><desc><![CDATA[低头记录]]></desc></option><option><id>D</id><type>text</type><desc><![CDATA[看着窗外]]></desc></option><option><id>E</id><type>text</type><desc><![CDATA[不停地看手表]]></desc></option></options><answers><![CDATA[B]]></answers></question><question><type>1</type><format>text</format><desc><![CDATA[14.护士与术前病人沟通时，目光应该注视对方的部位是]]></desc><options><option><id>A</id><type>text</type><desc><![CDATA[注视对方额头]]></desc></option><option><id>B</id><type>text</type><desc><![CDATA[注视对方双眼到口唇之间]]></desc></option><option><id>C</id><type>text</type><desc><![CDATA[注视对方两眼]]></desc></option><option><id>D</id><type>text</type><desc><![CDATA[注视对方身体任意部位]]></desc></option><option><id>E</id><type>text</type><desc><![CDATA[注视对方双眼至胸部的区域]]></desc></option></options><answers><![CDATA[A]]></answers></question><question><type>1</type><format>text</format><desc><![CDATA[15.护士晨间查房，走进病房后使用的最佳的目光投射的方式是]]></desc><options><option><id>A</id><type>text</type><desc><![CDATA[直视]]></desc></option><option><id>B</id><type>text</type><desc><![CDATA[仰视]]></desc></option><option><id>C</id><type>text</type><desc><![CDATA[环视]]></desc></option><option><id>D</id><type>text</type><desc><![CDATA[扫视]]></desc></option><option><id>E</id><type>text</type><desc><![CDATA[虚视]]></desc></option></options><answers><![CDATA[C]]></answers></question></questions></exam>