﻿<?xml version="1.0" encoding="UTF-8"?><exam><id>20181127192106</id><questions><instructions><![CDATA[一、单项选择题]]></instructions><question><type>1</type><format>text</format><desc><![CDATA[1.仪容礼仪关注的重点是]]></desc><options><option><id>A</id><type>text</type><desc><![CDATA[仪容内在美]]></desc></option><option><id>B</id><type>text</type><desc><![CDATA[仪容修饰美]]></desc></option><option><id>C</id><type>text</type><desc><![CDATA[仪容自然美]]></desc></option><option><id>D</id><type>text</type><desc><![CDATA[仪容外在美]]></desc></option><option><id>E</id><type>text</type><desc><![CDATA[仪容整体美]]></desc></option></options><answers><![CDATA[B]]></answers></question><question><type>1</type><format>html</format><desc><![CDATA[2.有关头发的清洁养护，<u><b>错误</b></u>的是]]></desc><options><option><id>A</id><type>text</type><desc><![CDATA[油性头发要增加清洗次数]]></desc></option><option><id>B</id><type>text</type><desc><![CDATA[清洗头发时先将头发梳顺]]></desc></option><option><id>C</id><type>text</type><desc><![CDATA[一般选用40℃左右的温水]]></desc></option><option><id>D</id><type>text</type><desc><![CDATA[干性头发宜用碱性水洗发]]></desc></option><option><id>E</id><type>text</type><desc><![CDATA[洗发后用电吹风吹干头发]]></desc></option></options><answers><![CDATA[D]]></answers></question><question><type>1</type><format>text</format><desc><![CDATA[3.有助于增进头发健康的措施是]]></desc><options><option><id>A</id><type>text</type><desc><![CDATA[长时间的暴晒]]></desc></option><option><id>B</id><type>text</type><desc><![CDATA[少食含碘食品]]></desc></option><option><id>C</id><type>text</type><desc><![CDATA[手指按摩头发]]></desc></option><option><id>D</id><type>text</type><desc><![CDATA[少食芝麻核桃]]></desc></option><option><id>E</id><type>text</type><desc><![CDATA[多食油腻食物]]></desc></option></options><answers><![CDATA[C]]></answers></question><question><type>1</type><format>text</format><desc><![CDATA[4.佩戴墨镜适合于]]></desc><options><option><id>A</id><type>text</type><desc><![CDATA[上课时]]></desc></option><option><id>B</id><type>text</type><desc><![CDATA[工作时]]></desc></option><option><id>C</id><type>text</type><desc><![CDATA[开会时]]></desc></option><option><id>D</id><type>text</type><desc><![CDATA[访谈时]]></desc></option><option><id>E</id><type>text</type><desc><![CDATA[室外活动时]]></desc></option></options><answers><![CDATA[E]]></answers></question><question><type>1</type><format>text</format><desc><![CDATA[5.小刘护士今天上中班，为保持口气清新，午餐应避免进食]]></desc><options><option><id>A</id><type>text</type><desc><![CDATA[大蒜]]></desc></option><option><id>B</id><type>text</type><desc><![CDATA[花椰菜]]></desc></option><option><id>C</id><type>text</type><desc><![CDATA[西红柿]]></desc></option><option><id>D</id><type>text</type><desc><![CDATA[苦瓜]]></desc></option><option><id>E</id><type>text</type><desc><![CDATA[番薯]]></desc></option></options><answers><![CDATA[A]]></answers></question><question><type>1</type><format>text</format><desc><![CDATA[6.护士小燕皮肤白皙，鹅蛋型脸，化妆时腮红的颜色和扑打方法是]]></desc><options><option><id>A</id><type>text</type><desc><![CDATA[古铜色，由颧骨上方顺着颧骨的曲线向脸中央刷]]></desc></option><option><id>B</id><type>text</type><desc><![CDATA[淡粉色，由脸中央顺着颧骨的曲线向颧骨上方刷]]></desc></option><option><id>C</id><type>text</type><desc><![CDATA[桃红色，以斜线的画法由颧骨往脸中央刷]]></desc></option><option><id>D</id><type>text</type><desc><![CDATA[淡粉色，画圆的方式由颧骨往鼻子的方向刷]]></desc></option><option><id>E</id><type>text</type><desc><![CDATA[古铜色，以直线的画法由嘴角往颧骨方向刷]]></desc></option></options><answers><![CDATA[A]]></answers></question><question><type>1</type><format>html</format><desc><![CDATA[7.递送物品时做法<u><b>错误</b></u>的是]]></desc><options><option><id>A</id><type>text</type><desc><![CDATA[右手递送]]></desc></option><option><id>B</id><type>text</type><desc><![CDATA[双手递送]]></desc></option><option><id>C</id><type>text</type><desc><![CDATA[使尖、刃朝向自己]]></desc></option><option><id>D</id><type>text</type><desc><![CDATA[文字物品正面朝向自己]]></desc></option><option><id>E</id><type>text</type><desc><![CDATA[手不搭在杯、碟、盘边]]></desc></option></options><answers><![CDATA[D]]></answers></question><question><type>1</type><format>text</format><desc><![CDATA[8.“OK”形手势在英美国家表示]]></desc><options><option><id>A</id><type>text</type><desc><![CDATA[数字“0”或“3”]]></desc></option><option><id>B</id><type>text</type><desc><![CDATA[没有]]></desc></option><option><id>C</id><type>text</type><desc><![CDATA[毫无意义]]></desc></option><option><id>D</id><type>text</type><desc><![CDATA[现金]]></desc></option><option><id>E</id><type>text</type><desc><![CDATA[赞同]]></desc></option></options><answers><![CDATA[E]]></answers></question><question><type>1</type><format>text</format><desc><![CDATA[9.行走时双臂在身体两侧一前一后地自然摆动，一般摆幅为]]></desc><options><option><id>A</id><type>text</type><desc><![CDATA[5°～10°]]></desc></option><option><id>B</id><type>text</type><desc><![CDATA[10°～15°]]></desc></option><option><id>C</id><type>text</type><desc><![CDATA[15°～20°]]></desc></option><option><id>D</id><type>text</type><desc><![CDATA[25°～30°]]></desc></option><option><id>E</id><type>text</type><desc><![CDATA[30°～35°]]></desc></option></options><answers><![CDATA[E]]></answers></question><question><type>1</type><format>text</format><desc><![CDATA[10.端治疗盘时，治疗盘距胸骨柄前方的最佳距离是]]></desc><options><option><id>A</id><type>text</type><desc><![CDATA[紧贴胸部]]></desc></option><option><id>B</id><type>text</type><desc><![CDATA[2cm]]></desc></option><option><id>C</id><type>text</type><desc><![CDATA[5cm]]></desc></option><option><id>D</id><type>text</type><desc><![CDATA[8cm]]></desc></option><option><id>E</id><type>text</type><desc><![CDATA[10cm]]></desc></option></options><answers><![CDATA[C]]></answers></question><question><type>1</type><format>text</format><desc><![CDATA[11.李护士身体稍胖，适宜的上、下装的搭配应呈]]></desc><options><option><id>A</id><type>text</type><desc><![CDATA[V型]]></desc></option><option><id>B</id><type>text</type><desc><![CDATA[A型]]></desc></option><option><id>C</id><type>text</type><desc><![CDATA[X型]]></desc></option><option><id>D</id><type>text</type><desc><![CDATA[Y型]]></desc></option><option><id>E</id><type>text</type><desc><![CDATA[H型]]></desc></option></options><answers><![CDATA[E]]></answers></question><question><type>1</type><format>text</format><desc><![CDATA[12.运用冷暖、深浅、明暗两种特性相反的色彩进行组合的方法称为]]></desc><options><option><id>A</id><type>text</type><desc><![CDATA[统一法]]></desc></option><option><id>B</id><type>text</type><desc><![CDATA[对比法]]></desc></option><option><id>C</id><type>text</type><desc><![CDATA[呼应法]]></desc></option><option><id>D</id><type>text</type><desc><![CDATA[点缀法]]></desc></option><option><id>E</id><type>text</type><desc><![CDATA[时尚法]]></desc></option></options><answers><![CDATA[B]]></answers></question><question><type>1</type><format>text</format><desc><![CDATA[13.正装的色彩，最佳的选择是]]></desc><options><option><id>A</id><type>text</type><desc><![CDATA[单色、深色]]></desc></option><option><id>B</id><type>text</type><desc><![CDATA[双色、深色]]></desc></option><option><id>C</id><type>text</type><desc><![CDATA[三色、深色]]></desc></option><option><id>D</id><type>text</type><desc><![CDATA[单色、浅色]]></desc></option><option><id>E</id><type>text</type><desc><![CDATA[双色、浅色]]></desc></option></options><answers><![CDATA[A]]></answers></question><question><type>1</type><format>html</format><desc><![CDATA[14.护生小白在医院康复科实习，有关上班时佩戴饰物<u><b>错误</b></u>的是]]></desc><options><option><id>A</id><type>text</type><desc><![CDATA[胸卡佩戴在左胸前]]></desc></option><option><id>B</id><type>text</type><desc><![CDATA[护士表佩戴时表盘倒置]]></desc></option><option><id>C</id><type>text</type><desc><![CDATA[佩戴项链时不宜外露]]></desc></option><option><id>D</id><type>text</type><desc><![CDATA[不宜佩戴戒指]]></desc></option><option><id>E</id><type>text</type><desc><![CDATA[酌情佩戴手链]]></desc></option></options><answers><![CDATA[E]]></answers></question><question><type>1</type><format>text</format><desc><![CDATA[15.手术室护士服的颜色多为]]></desc><options><option><id>A</id><type>text</type><desc><![CDATA[墨绿色]]></desc></option><option><id>B</id><type>text</type><desc><![CDATA[粉红色]]></desc></option><option><id>C</id><type>text</type><desc><![CDATA[乳白色]]></desc></option><option><id>D</id><type>text</type><desc><![CDATA[淡蓝色]]></desc></option><option><id>E</id><type>text</type><desc><![CDATA[淡紫色]]></desc></option></options><answers><![CDATA[A]]></answers></question></questions></exam>