﻿<?xml version="1.0" encoding="UTF-8"?><exam><id>20181127191522</id><questions><instructions><![CDATA[一、单项选择题]]></instructions><question><type>1</type><format>text</format><desc><![CDATA[1.古代中国是重礼的国家，素有美称]]></desc><options><option><id>A</id><type>text</type><desc><![CDATA[礼仪之邦]]></desc></option><option><id>B</id><type>text</type><desc><![CDATA[文明古国]]></desc></option><option><id>C</id><type>text</type><desc><![CDATA[天府之乡]]></desc></option><option><id>D</id><type>text</type><desc><![CDATA[鱼米之乡]]></desc></option><option><id>E</id><type>text</type><desc><![CDATA[东方神州]]></desc></option></options><answers><![CDATA[A]]></answers></question><question><type>1</type><format>text</format><desc><![CDATA[2.中华民族的美德是]]></desc><options><option><id>A</id><type>text</type><desc><![CDATA[诚实/宽容]]></desc></option><option><id>B</id><type>text</type><desc><![CDATA[忠厚/老实]]></desc></option><option><id>C</id><type>text</type><desc><![CDATA[尽职尽守]]></desc></option><option><id>D</id><type>text</type><desc><![CDATA[尽职尽责]]></desc></option><option><id>E</id><type>text</type><desc><![CDATA[风趣/幽默]]></desc></option></options><answers><![CDATA[B]]></answers></question><question><type>1</type><format>text</format><desc><![CDATA[3.人们在社会交往中由于受历史传统、风俗习惯、宗教信仰、时代潮流等因素的影响而形成，既为人们所认同，又为人们所遵守的是]]></desc><options><option><id>A</id><type>text</type><desc><![CDATA[礼仪]]></desc></option><option><id>B</id><type>text</type><desc><![CDATA[礼节]]></desc></option><option><id>C</id><type>text</type><desc><![CDATA[礼貌]]></desc></option><option><id>D</id><type>text</type><desc><![CDATA[礼俗]]></desc></option><option><id>E</id><type>text</type><desc><![CDATA[礼]]></desc></option></options><answers><![CDATA[A]]></answers></question><question><type>1</type><format>text</format><desc><![CDATA[4.国际社会公认的“第一礼俗”是]]></desc><options><option><id>A</id><type>text</type><desc><![CDATA[女士优先原则]]></desc></option><option><id>B</id><type>text</type><desc><![CDATA[尊重原则]]></desc></option><option><id>C</id><type>text</type><desc><![CDATA[宽容原则]]></desc></option><option><id>D</id><type>text</type><desc><![CDATA[公平原则]]></desc></option><option><id>E</id><type>text</type><desc><![CDATA[平等原则]]></desc></option></options><answers><![CDATA[B]]></answers></question><question><type>1</type><format>text</format><desc><![CDATA[5.礼仪的基础和出发点是]]></desc><options><option><id>A</id><type>text</type><desc><![CDATA[宽容]]></desc></option><option><id>B</id><type>text</type><desc><![CDATA[敬人]]></desc></option><option><id>C</id><type>text</type><desc><![CDATA[自律]]></desc></option><option><id>D</id><type>text</type><desc><![CDATA[尊老爱幼]]></desc></option><option><id>E</id><type>text</type><desc><![CDATA[公平]]></desc></option></options><answers><![CDATA[B]]></answers></question><question><type>1</type><format>text</format><desc><![CDATA[6.所谓的“入乡随俗”，“不要把自己的规矩带到别人家去”讲的是礼仪具有]]></desc><options><option><id>A</id><type>text</type><desc><![CDATA[国际性]]></desc></option><option><id>B</id><type>text</type><desc><![CDATA[民族性]]></desc></option><option><id>C</id><type>text</type><desc><![CDATA[传统性]]></desc></option><option><id>D</id><type>text</type><desc><![CDATA[平等性]]></desc></option><option><id>E</id><type>text</type><desc><![CDATA[互助性]]></desc></option></options><answers><![CDATA[B]]></answers></question><question><type>1</type><format>text</format><desc><![CDATA[7.我国传统礼仪形成的时期是在]]></desc><options><option><id>A</id><type>text</type><desc><![CDATA[夏商周]]></desc></option><option><id>B</id><type>text</type><desc><![CDATA[春秋]]></desc></option><option><id>C</id><type>text</type><desc><![CDATA[战国]]></desc></option><option><id>D</id><type>text</type><desc><![CDATA[南北朝]]></desc></option><option><id>E</id><type>text</type><desc><![CDATA[唐朝]]></desc></option></options><answers><![CDATA[B]]></answers></question><question><type>1</type><format>text</format><desc><![CDATA[8.中国现代礼仪开始于]]></desc><options><option><id>A</id><type>text</type><desc><![CDATA[“五四”运动]]></desc></option><option><id>B</id><type>text</type><desc><![CDATA[义和团运动]]></desc></option><option><id>C</id><type>text</type><desc><![CDATA[洋务运动]]></desc></option><option><id>D</id><type>text</type><desc><![CDATA[太平天国运动]]></desc></option><option><id>E</id><type>text</type><desc><![CDATA[鸦片战争]]></desc></option></options><answers><![CDATA[E]]></answers></question><question><type>1</type><format>text</format><desc><![CDATA[9.我国第一部记载“礼”的书籍出现于]]></desc><options><option><id>A</id><type>text</type><desc><![CDATA[西周时期]]></desc></option><option><id>B</id><type>text</type><desc><![CDATA[东周时期]]></desc></option><option><id>C</id><type>text</type><desc><![CDATA[夏商时期]]></desc></option><option><id>D</id><type>text</type><desc><![CDATA[春秋时期]]></desc></option><option><id>E</id><type>text</type><desc><![CDATA[战国时期]]></desc></option></options><answers><![CDATA[A]]></answers></question><question><type>1</type><format>text</format><desc><![CDATA[10.在中国漫长的封建历史时期，“三纲”、“五常”的提出者是]]></desc><options><option><id>A</id><type>text</type><desc><![CDATA[老子]]></desc></option><option><id>B</id><type>text</type><desc><![CDATA[董仲舒]]></desc></option><option><id>C</id><type>text</type><desc><![CDATA[孟子]]></desc></option><option><id>D</id><type>text</type><desc><![CDATA[王阳明]]></desc></option><option><id>E</id><type>text</type><desc><![CDATA[荀子]]></desc></option></options><answers><![CDATA[B]]></answers></question><question><type>1</type><format>text</format><desc><![CDATA[11.在夏商周时期，我国传统礼仪的思想基础是]]></desc><options><option><id>A</id><type>text</type><desc><![CDATA[君臣、父子、兄弟之间的等级关系]]></desc></option><option><id>B</id><type>text</type><desc><![CDATA[对上帝、鬼神、天命的迷信]]></desc></option><option><id>C</id><type>text</type><desc><![CDATA[对美好生活的向往]]></desc></option><option><id>D</id><type>text</type><desc><![CDATA[对自然界未知现象的恐惧]]></desc></option><option><id>E</id><type>text</type><desc><![CDATA[图腾崇拜]]></desc></option></options><answers><![CDATA[A]]></answers></question><question><type>1</type><format>html</format><desc><![CDATA[12.在下列对我国古代“礼”的思想的描述中，说法<u><b>不正确</b></u>的是]]></desc><options><option><id>A</id><type>text</type><desc><![CDATA[孔子是儒家学派的创始人]]></desc></option><option><id>B</id><type>text</type><desc><![CDATA[孟子提出的“仁政”学说适合地主阶级思想]]></desc></option><option><id>C</id><type>text</type><desc><![CDATA[儒家思想对古代中国礼仪产生了深远的影响]]></desc></option><option><id>D</id><type>text</type><desc><![CDATA[“礼”仅仅指礼仪，只是表面的形式]]></desc></option><option><id>E</id><type>text</type><desc><![CDATA[“礼”具有沟通作用]]></desc></option></options><answers><![CDATA[D]]></answers></question><question><type>1</type><format>text</format><desc><![CDATA[13.儒家学派的创始人是]]></desc><options><option><id>A</id><type>text</type><desc><![CDATA[老子]]></desc></option><option><id>B</id><type>text</type><desc><![CDATA[孟子]]></desc></option><option><id>C</id><type>text</type><desc><![CDATA[孔子]]></desc></option><option><id>D</id><type>text</type><desc><![CDATA[墨子]]></desc></option><option><id>E</id><type>text</type><desc><![CDATA[荀子]]></desc></option></options><answers><![CDATA[C]]></answers></question><question><type>1</type><format>text</format><desc><![CDATA[14.为现代礼仪的产生直接创造了条件的是]]></desc><options><option><id>A</id><type>text</type><desc><![CDATA[维新变法]]></desc></option><option><id>B</id><type>text</type><desc><![CDATA[南昌起义]]></desc></option><option><id>C</id><type>text</type><desc><![CDATA[新文化运动]]></desc></option><option><id>D</id><type>text</type><desc><![CDATA[“五四”运动]]></desc></option><option><id>E</id><type>text</type><desc><![CDATA[鸦片战争]]></desc></option></options><answers><![CDATA[D]]></answers></question></questions></exam>