﻿<?xml version="1.0" encoding="UTF-8"?><exam><id>20181127193145</id><questions><instructions><![CDATA[一、单项选择题]]></instructions><question><type>1</type><format>html</format><desc><![CDATA[1.护生实习前所做的知识与技能的准备中哪项<u><b>不正确</b></u>]]></desc><options><option><id>A</id><type>text</type><desc><![CDATA[专业理论知识]]></desc></option><option><id>B</id><type>text</type><desc><![CDATA[护理操作技术]]></desc></option><option><id>C</id><type>text</type><desc><![CDATA[处理复杂病情的能力]]></desc></option><option><id>D</id><type>text</type><desc><![CDATA[基本沟通能力]]></desc></option><option><id>E</id><type>text</type><desc><![CDATA[职业礼仪修养]]></desc></option></options><answers><![CDATA[C]]></answers></question><question><type>1</type><format>text</format><desc><![CDATA[2.护生护理异性病人时应做到]]></desc><options><option><id>A</id><type>text</type><desc><![CDATA[非常热情的接待病人]]></desc></option><option><id>B</id><type>text</type><desc><![CDATA[一起谈论个人隐私问题]]></desc></option><option><id>C</id><type>text</type><desc><![CDATA[尽量满足对方的所有要求]]></desc></option><option><id>D</id><type>text</type><desc><![CDATA[护理病人隐私处时应有带教老师在场]]></desc></option><option><id>E</id><type>text</type><desc><![CDATA[拒绝病人选择同性别护士为其操作的请求]]></desc></option></options><answers><![CDATA[D]]></answers></question><question><type>1</type><format>text</format><desc><![CDATA[3.护士在执行查对制度时，至少采取几种方法对病人的身份进行识别]]></desc><options><option><id>A</id><type>text</type><desc><![CDATA[一]]></desc></option><option><id>B</id><type>text</type><desc><![CDATA[二]]></desc></option><option><id>C</id><type>text</type><desc><![CDATA[三]]></desc></option><option><id>D</id><type>text</type><desc><![CDATA[四]]></desc></option><option><id>E</id><type>text</type><desc><![CDATA[五]]></desc></option></options><answers><![CDATA[B]]></answers></question><question><type>1</type><format>text</format><desc><![CDATA[4.护生在与其他部门工作人员交往时，应采取的态度是]]></desc><options><option><id>A</id><type>text</type><desc><![CDATA[支配对方]]></desc></option><option><id>B</id><type>text</type><desc><![CDATA[请求对方]]></desc></option><option><id>C</id><type>text</type><desc><![CDATA[责难对方]]></desc></option><option><id>D</id><type>text</type><desc><![CDATA[与对方合作]]></desc></option><option><id>E</id><type>text</type><desc><![CDATA[要求对方按自己的方式完成工作]]></desc></option></options><answers><![CDATA[D]]></answers></question><question><type>1</type><format>html</format><desc><![CDATA[5.哪一项<u><b>不是</b></u>护生为病人服务时的基本礼仪]]></desc><options><option><id>A</id><type>text</type><desc><![CDATA[态度诚恳]]></desc></option><option><id>B</id><type>text</type><desc><![CDATA[尊重病人的意见]]></desc></option><option><id>C</id><type>text</type><desc><![CDATA[操作结束后要对病人的配合表示感谢]]></desc></option><option><id>D</id><type>text</type><desc><![CDATA[保护病人及其家人的隐私]]></desc></option><option><id>E</id><type>text</type><desc><![CDATA[第一次操作不成功，向病人表示歉意后再进行第二次操作]]></desc></option></options><answers><![CDATA[E]]></answers></question><question><type>1</type><format>html</format><desc><![CDATA[6.由于文化差异，护理人员对外籍患者的知情权认识<u><b>不正确</b></u>的是]]></desc><options><option><id>A</id><type>text</type><desc><![CDATA[为减轻心理负担，护理人员可以采用“善意的谎言”进行安慰]]></desc></option><option><id>B</id><type>text</type><desc><![CDATA[开诚布公地告诉患者本人真实的病情]]></desc></option><option><id>C</id><type>text</type><desc><![CDATA[直率坦诚地根据病情拿出几套治疗方案，请患者选择]]></desc></option><option><id>D</id><type>text</type><desc><![CDATA[需要做手术时，必须由患者本人签字才可实施]]></desc></option><option><id>E</id><type>text</type><desc><![CDATA[护理人员应当本着谦恭和善、直率坦诚的原则]]></desc></option></options><answers><![CDATA[A]]></answers></question><question><type>1</type><format>text</format><desc><![CDATA[7.日常涉外交往中哪项不符合礼仪规范]]></desc><options><option><id>A</id><type>text</type><desc><![CDATA[在跟外籍友人聊天时涉及双方工资待遇问题]]></desc></option><option><id>B</id><type>text</type><desc><![CDATA[在与外籍友人打交道时，纠正对方有损于我方国格或违背伦理道德的言行]]></desc></option><option><id>C</id><type>text</type><desc><![CDATA[每一位成年男性，在社交场合都应当尊重、照顾女性]]></desc></option><option><id>D</id><type>text</type><desc><![CDATA[尊重对方隐私]]></desc></option><option><id>E</id><type>text</type><desc><![CDATA[将来访客人置于右侧位置上]]></desc></option></options><answers><![CDATA[A]]></answers></question><question><type>1</type><format>html</format><desc><![CDATA[8.在德国人心目中，花是有一定象征意义的，以下哪种花是他们<u><b>禁忌</b></u>的]]></desc><options><option><id>A</id><type>text</type><desc><![CDATA[玫瑰]]></desc></option><option><id>B</id><type>text</type><desc><![CDATA[菊花]]></desc></option><option><id>C</id><type>text</type><desc><![CDATA[郁金香]]></desc></option><option><id>D</id><type>text</type><desc><![CDATA[茶花]]></desc></option><option><id>E</id><type>text</type><desc><![CDATA[海棠花]]></desc></option></options><answers><![CDATA[C]]></answers></question><question><type>1</type><format>html</format><desc><![CDATA[9.欧洲人<u><b>禁忌</b></u>的颜色是]]></desc><options><option><id>A</id><type>text</type><desc><![CDATA[绿色]]></desc></option><option><id>B</id><type>text</type><desc><![CDATA[蓝色]]></desc></option><option><id>C</id><type>text</type><desc><![CDATA[紫色]]></desc></option><option><id>D</id><type>text</type><desc><![CDATA[红色]]></desc></option><option><id>E</id><type>text</type><desc><![CDATA[黄色]]></desc></option></options><answers><![CDATA[D]]></answers></question><question><type>1</type><format>text</format><desc><![CDATA[10.护生刚到门诊做导医工作，有一老年病人问道：“心内科病房怎么走呢？”护生回答：“对不起，我今天第一天做导医工作，还不太清楚。前面是心内科门诊，您到那里问问！”从服务礼仪上看，护生存在的主要问题是]]></desc><options><option><id>A</id><type>text</type><desc><![CDATA[对医院布局不清楚，服务不到位]]></desc></option><option><id>B</id><type>text</type><desc><![CDATA[没有正确的称呼病人]]></desc></option><option><id>C</id><type>text</type><desc><![CDATA[没有引领病人到心内科门诊]]></desc></option><option><id>D</id><type>text</type><desc><![CDATA[没有嘱咐病人看指示牌]]></desc></option><option><id>E</id><type>text</type><desc><![CDATA[没有达到满足病人咨询的目的]]></desc></option></options><answers><![CDATA[A]]></answers></question><question><type>1</type><format>html</format><desc><![CDATA[11.护生随带教老师到社区一户熟悉的居民家进行慢性病登记，没有佩戴工作牌，进屋后在床边坐下，抱起病人的2岁小孙子，摸摸孩子的脸蛋，与孩子爸爸聊孩子的趣事。护生的<u><b>不当</b></u>之处有]]></desc><options><option><id>A</id><type>text</type><desc><![CDATA[没有带工作牌，不符合行为规范]]></desc></option><option><id>B</id><type>text</type><desc><![CDATA[随意坐在居民床边]]></desc></option><option><id>C</id><type>text</type><desc><![CDATA[抱小孩，摸孩子的脸]]></desc></option><option><id>D</id><type>text</type><desc><![CDATA[与家庭个别成员过分亲热]]></desc></option><option><id>E</id><type>text</type><desc><![CDATA[以上问题都存在]]></desc></option></options><answers><![CDATA[E]]></answers></question><question><type>1</type><format>text</format><desc><![CDATA[12.张某，男，32岁，晚上在外聚餐后，突然腹痛来医院就诊，急诊护士接待病人首先应做到]]></desc><options><option><id>A</id><type>text</type><desc><![CDATA[做好心理疏导]]></desc></option><option><id>B</id><type>text</type><desc><![CDATA[进行健康教育]]></desc></option><option><id>C</id><type>text</type><desc><![CDATA[配合医生抢救病人]]></desc></option><option><id>D</id><type>text</type><desc><![CDATA[安慰病人家属]]></desc></option><option><id>E</id><type>text</type><desc><![CDATA[协调各科室人员]]></desc></option></options><answers><![CDATA[C]]></answers></question><question><type>1</type><format>text</format><desc><![CDATA[13.王先生，65岁，小学文化，家住农村，Ⅱ型糖尿病8年，近期血糖控制不理想，视物模糊，诊断为糖尿病性视网膜病变，护士在给病人进行健康教育时最应该注意的礼仪规范是]]></desc><options><option><id>A</id><type>text</type><desc><![CDATA[主动教育]]></desc></option><option><id>B</id><type>text</type><desc><![CDATA[内容正确]]></desc></option><option><id>C</id><type>text</type><desc><![CDATA[态度温和]]></desc></option><option><id>D</id><type>text</type><desc><![CDATA[注意时机]]></desc></option><option><id>E</id><type>text</type><desc><![CDATA[通俗易懂]]></desc></option></options><answers><![CDATA[E]]></answers></question><question><type>1</type><format>html</format><desc><![CDATA[14.一对夫妇久婚未育，前不久妻子终于怀孕了，怀孕6个月时，孕妇突然发生阴道流血。医生检查发现胎儿患有脑积水，如果生下来很有可能是痴呆儿，医生建议做人工流产，但夫妻俩坚决不同意。作为产科护士此时的做法<u><b>不正确</b></u>的是]]></desc><options><option><id>A</id><type>text</type><desc><![CDATA[帮助医生说服病人做人工流产]]></desc></option><option><id>B</id><type>text</type><desc><![CDATA[理解病人的心理感受]]></desc></option><option><id>C</id><type>text</type><desc><![CDATA[尊重病人的意愿]]></desc></option><option><id>D</id><type>text</type><desc><![CDATA[同情关心病人]]></desc></option><option><id>E</id><type>text</type><desc><![CDATA[保护病人的隐私]]></desc></option></options><answers><![CDATA[A]]></answers></question><question><type>1</type><format>html</format><desc><![CDATA[15.在西方国家流行“女士优先”，现在中国也是如此。护士与同科室医生一起工作时，男医生应当做到的礼节，以下哪项<u><b>不正确</b></u>]]></desc><options><option><id>A</id><type>text</type><desc><![CDATA[在女士面前，男士不可以吸烟]]></desc></option><option><id>B</id><type>text</type><desc><![CDATA[女士落座或起立时，男士要主动为女士移动座椅]]></desc></option><option><id>C</id><type>text</type><desc><![CDATA[进出门时，男士可以不为女士开关门]]></desc></option><option><id>D</id><type>text</type><desc><![CDATA[上车时，男士应主动为女士开关门]]></desc></option><option><id>E</id><type>text</type><desc><![CDATA[女士更换外衣时，男士应当回避]]></desc></option></options><answers><![CDATA[C]]></answers></question></questions></exam>