﻿<?xml version="1.0" encoding="UTF-8"?><exam><id>20181127192205</id><questions><instructions><![CDATA[一、单项选择题]]></instructions><question><type>1</type><format>html</format><desc><![CDATA[1.<u><b>不属于</b></u>人际关系概念的是]]></desc><options><option><id>A</id><type>text</type><desc><![CDATA[人际关系反映了个体满足其社会需要的心理状态]]></desc></option><option><id>B</id><type>text</type><desc><![CDATA[人际关系的发展变化取决于双方社会需要的满足程度]]></desc></option><option><id>C</id><type>text</type><desc><![CDATA[人际关系是人与人之间相互交往作用形成的]]></desc></option><option><id>D</id><type>text</type><desc><![CDATA[人际关系属于社会心理学范畴]]></desc></option><option><id>E</id><type>text</type><desc><![CDATA[人际关系是一种直接心理关系]]></desc></option></options><answers><![CDATA[A]]></answers></question><question><type>1</type><format>text</format><desc><![CDATA[2.人际关系的影响因素中相对稳定的因素是]]></desc><options><option><id>A</id><type>text</type><desc><![CDATA[第一印象]]></desc></option><option><id>B</id><type>text</type><desc><![CDATA[身体因素]]></desc></option><option><id>C</id><type>text</type><desc><![CDATA[认知水平]]></desc></option><option><id>D</id><type>text</type><desc><![CDATA[个性品质]]></desc></option><option><id>E</id><type>text</type><desc><![CDATA[社交技巧]]></desc></option></options><answers><![CDATA[D]]></answers></question><question><type>1</type><format>text</format><desc><![CDATA[3.人际关系的影响因素中建立人际关系的手段和方法是]]></desc><options><option><id>A</id><type>text</type><desc><![CDATA[第一印象]]></desc></option><option><id>B</id><type>text</type><desc><![CDATA[身体因素]]></desc></option><option><id>C</id><type>text</type><desc><![CDATA[认知水平]]></desc></option><option><id>D</id><type>text</type><desc><![CDATA[个性品质]]></desc></option><option><id>E</id><type>text</type><desc><![CDATA[社交技巧]]></desc></option></options><answers><![CDATA[E]]></answers></question><question><type>1</type><format>text</format><desc><![CDATA[4.人际关系的影响因素中建立人际关系的基础是]]></desc><options><option><id>A</id><type>text</type><desc><![CDATA[第一印象与身体因素]]></desc></option><option><id>B</id><type>text</type><desc><![CDATA[身体因素与认知水平]]></desc></option><option><id>C</id><type>text</type><desc><![CDATA[认知水平与社交技巧]]></desc></option><option><id>D</id><type>text</type><desc><![CDATA[个性品质与认知水平]]></desc></option><option><id>E</id><type>text</type><desc><![CDATA[社交技巧与身体因素]]></desc></option></options><answers><![CDATA[D]]></answers></question><question><type>1</type><format>html</format><desc><![CDATA[5.<u><b>不属于</b></u>护理人际关系的是]]></desc><options><option><id>A</id><type>text</type><desc><![CDATA[护士与服务对象的关系]]></desc></option><option><id>B</id><type>text</type><desc><![CDATA[护士与医生的关系]]></desc></option><option><id>C</id><type>text</type><desc><![CDATA[护士与护士的关系]]></desc></option><option><id>D</id><type>text</type><desc><![CDATA[护士与辅助科室人员的关系]]></desc></option><option><id>E</id><type>text</type><desc><![CDATA[护士与家人的关系]]></desc></option></options><answers><![CDATA[E]]></answers></question><question><type>1</type><format>text</format><desc><![CDATA[6.护理人际关系中属于核心关系的是]]></desc><options><option><id>A</id><type>text</type><desc><![CDATA[护士与服务对象的关系]]></desc></option><option><id>B</id><type>text</type><desc><![CDATA[护士与医生的关系]]></desc></option><option><id>C</id><type>text</type><desc><![CDATA[护士与护士的关系]]></desc></option><option><id>D</id><type>text</type><desc><![CDATA[护士与辅助科室人员的关系]]></desc></option><option><id>E</id><type>text</type><desc><![CDATA[护士与家人的关系]]></desc></option></options><answers><![CDATA[A]]></answers></question><question><type>1</type><format>html</format><desc><![CDATA[7.护理人际关系特征<u><b>不包括</b></u>]]></desc><options><option><id>A</id><type>text</type><desc><![CDATA[专业性]]></desc></option><option><id>B</id><type>text</type><desc><![CDATA[时限性]]></desc></option><option><id>C</id><type>text</type><desc><![CDATA[复杂性]]></desc></option><option><id>D</id><type>text</type><desc><![CDATA[公共性]]></desc></option><option><id>E</id><type>text</type><desc><![CDATA[单一性]]></desc></option></options><answers><![CDATA[E]]></answers></question><question><type>1</type><format>text</format><desc><![CDATA[8.护理人际关系的特征中最突出的是]]></desc><options><option><id>A</id><type>text</type><desc><![CDATA[专业性]]></desc></option><option><id>B</id><type>text</type><desc><![CDATA[时限性]]></desc></option><option><id>C</id><type>text</type><desc><![CDATA[复杂性]]></desc></option><option><id>D</id><type>text</type><desc><![CDATA[公共性]]></desc></option><option><id>E</id><type>text</type><desc><![CDATA[单一性]]></desc></option></options><answers><![CDATA[B]]></answers></question><question><type>1</type><format>html</format><desc><![CDATA[9.以下关于护理人际关系意义的叙述中<u><b>错误</b></u>的是]]></desc><options><option><id>A</id><type>text</type><desc><![CDATA[有利于营造良好的健康服务氛围]]></desc></option><option><id>B</id><type>text</type><desc><![CDATA[有利于社会医疗改革]]></desc></option><option><id>C</id><type>text</type><desc><![CDATA[有利于提高护理质量和效率]]></desc></option><option><id>D</id><type>text</type><desc><![CDATA[有利于陶冶护理人员的情操和性格]]></desc></option><option><id>E</id><type>text</type><desc><![CDATA[有利于促进护理学科发展]]></desc></option></options><answers><![CDATA[B]]></answers></question><question><type>1</type><format>html</format><desc><![CDATA[10.以下关于护患关系概念描述中<u><b>错误</b></u>的是]]></desc><options><option><id>A</id><type>text</type><desc><![CDATA[护患关系是一种工作关系]]></desc></option><option><id>B</id><type>text</type><desc><![CDATA[护患关系是一种帮助性关系]]></desc></option><option><id>C</id><type>text</type><desc><![CDATA[护患关系是一种社交关系]]></desc></option><option><id>D</id><type>text</type><desc><![CDATA[护患关系是一种专业关系]]></desc></option><option><id>E</id><type>text</type><desc><![CDATA[护患关系是一种群群关系]]></desc></option></options><answers><![CDATA[C]]></answers></question><question><type>1</type><format>text</format><desc><![CDATA[11.李女士，60岁，退休工人，肝性脑病入院，没有陪家属陪护。适用于该病人的护患关系模式是]]></desc><options><option><id>A</id><type>text</type><desc><![CDATA[主动-被动模式]]></desc></option><option><id>B</id><type>text</type><desc><![CDATA[指导-合作模式]]></desc></option><option><id>C</id><type>text</type><desc><![CDATA[共同参与模式]]></desc></option><option><id>D</id><type>text</type><desc><![CDATA[主导-从属型]]></desc></option><option><id>E</id><type>text</type><desc><![CDATA[独立-协作型]]></desc></option></options><answers><![CDATA[A]]></answers></question><question><type>1</type><format>text</format><desc><![CDATA[12.张先生，30岁，工人，胆囊切除术后，意识清醒。适用于该病人的护患关系模式是]]></desc><options><option><id>A</id><type>text</type><desc><![CDATA[主动-被动模式]]></desc></option><option><id>B</id><type>text</type><desc><![CDATA[指导-合作模式]]></desc></option><option><id>C</id><type>text</type><desc><![CDATA[共同参与模式]]></desc></option><option><id>D</id><type>text</type><desc><![CDATA[主导-从属型]]></desc></option><option><id>E</id><type>text</type><desc><![CDATA[独立-协作型]]></desc></option></options><answers><![CDATA[B]]></answers></question><question><type>1</type><format>text</format><desc><![CDATA[13.王女士，50岁，糖尿病入院治疗，意识清醒。适用于该病人的护患关系模式是]]></desc><options><option><id>A</id><type>text</type><desc><![CDATA[主动-被动模式]]></desc></option><option><id>B</id><type>text</type><desc><![CDATA[指导-合作模式]]></desc></option><option><id>C</id><type>text</type><desc><![CDATA[共同参与模式]]></desc></option><option><id>D</id><type>text</type><desc><![CDATA[主导-从属型]]></desc></option><option><id>E</id><type>text</type><desc><![CDATA[独立-协作型]]></desc></option></options><answers><![CDATA[C]]></answers></question><question><type>1</type><format>text</format><desc><![CDATA[14.张女士，外企高管，乳腺癌住院治疗，每天都要求护士把她的医疗费用明细打印出来给她。引起护患关系不融洽的主要原因是]]></desc><options><option><id>A</id><type>text</type><desc><![CDATA[护士服务态度不良]]></desc></option><option><id>B</id><type>text</type><desc><![CDATA[护士工作责任感缺乏]]></desc></option><option><id>C</id><type>text</type><desc><![CDATA[病人的法律意识增强，对医疗费用及医护人员的操作产生质疑]]></desc></option><option><id>D</id><type>text</type><desc><![CDATA[病人的认知水平有问题]]></desc></option><option><id>E</id><type>text</type><desc><![CDATA[医院的管理有漏洞]]></desc></option></options><answers><![CDATA[C]]></answers></question><question><type>1</type><format>text</format><desc><![CDATA[15.洋洋，男，4岁，慢性支气管炎，护士在静脉输液时两次穿刺都没有成功，引起患儿家属不满。此时引起护患矛盾的主要原因是]]></desc><options><option><id>A</id><type>text</type><desc><![CDATA[服务态度不良]]></desc></option><option><id>B</id><type>text</type><desc><![CDATA[工作责任感缺乏]]></desc></option><option><id>C</id><type>text</type><desc><![CDATA[护理技术不娴熟]]></desc></option><option><id>D</id><type>text</type><desc><![CDATA[护理理论知识不扎实]]></desc></option><option><id>E</id><type>text</type><desc><![CDATA[护士仪表不佳]]></desc></option></options><answers><![CDATA[C]]></answers></question></questions></exam>