﻿<?xml version="1.0" encoding="UTF-8"?><exam><id>20181127192758</id><questions><instructions><![CDATA[一、单项选择题]]></instructions><question><type>1</type><format>text</format><desc><![CDATA[1.护患之间最常用的沟通技巧是]]></desc><options><option><id>A</id><type>text</type><desc><![CDATA[微笑]]></desc></option><option><id>B</id><type>text</type><desc><![CDATA[口语沟通]]></desc></option><option><id>C</id><type>text</type><desc><![CDATA[书面语沟通]]></desc></option><option><id>D</id><type>text</type><desc><![CDATA[非语言沟通]]></desc></option><option><id>E</id><type>text</type><desc><![CDATA[手语沟通]]></desc></option></options><answers><![CDATA[B]]></answers></question><question><type>1</type><format>text</format><desc><![CDATA[2.言语沟通中最基本、最重要的技巧是]]></desc><options><option><id>A</id><type>text</type><desc><![CDATA[倾听]]></desc></option><option><id>B</id><type>text</type><desc><![CDATA[重构]]></desc></option><option><id>C</id><type>text</type><desc><![CDATA[代述]]></desc></option><option><id>D</id><type>text</type><desc><![CDATA[重复]]></desc></option><option><id>E</id><type>text</type><desc><![CDATA[复述]]></desc></option></options><answers><![CDATA[A]]></answers></question><question><type>1</type><format>html</format><desc><![CDATA[3.护士对一位很焦虑的病人说：“你得病是事实，但发愁也没有用，我要是你，现在会积极配合医生治病，而不会整天坐着发呆。”此护士的沟通<u><b>错误</b></u>在于]]></desc><options><option><id>A</id><type>text</type><desc><![CDATA[突然改变话题]]></desc></option><option><id>B</id><type>text</type><desc><![CDATA[主观说教]]></desc></option><option><id>C</id><type>text</type><desc><![CDATA[言行不一]]></desc></option><option><id>D</id><type>text</type><desc><![CDATA[过早地作出结论]]></desc></option><option><id>E</id><type>text</type><desc><![CDATA[虚假的、不恰当的保证]]></desc></option></options><answers><![CDATA[B]]></answers></question><question><type>1</type><format>html</format><desc><![CDATA[4.在护患相互交流中，护士应尽量<u><b>不适用</b></u>]]></desc><options><option><id>A</id><type>text</type><desc><![CDATA[安慰性语言]]></desc></option><option><id>B</id><type>text</type><desc><![CDATA[专业性语言]]></desc></option><option><id>C</id><type>text</type><desc><![CDATA[鼓励性语言]]></desc></option><option><id>D</id><type>text</type><desc><![CDATA[解释性语言]]></desc></option><option><id>E</id><type>text</type><desc><![CDATA[礼貌性语言]]></desc></option></options><answers><![CDATA[B]]></answers></question><question><type>1</type><format>text</format><desc><![CDATA[5.通过言语表现的非言语交往方式]]></desc><options><option><id>A</id><type>text</type><desc><![CDATA[面部表情]]></desc></option><option><id>B</id><type>text</type><desc><![CDATA[身体表情]]></desc></option><option><id>C</id><type>text</type><desc><![CDATA[语调表情]]></desc></option><option><id>D</id><type>text</type><desc><![CDATA[身段表情]]></desc></option><option><id>E</id><type>text</type><desc><![CDATA[目光表情]]></desc></option></options><answers><![CDATA[C]]></answers></question><question><type>1</type><format>text</format><desc><![CDATA[6.当对病人或病人家属提出的问题不熟悉或不知道时，最恰当的回答是]]></desc><options><option><id>A</id><type>text</type><desc><![CDATA[对不起，我现在很忙，麻烦您去问您的主管医生]]></desc></option><option><id>B</id><type>text</type><desc><![CDATA[您的这个问题比较复杂，有些地方我也不太清楚，我回去查一下资料，一会儿给您答复，您看可以吗？]]></desc></option><option><id>C</id><type>text</type><desc><![CDATA[我不清楚，你的问题怎么这么多]]></desc></option><option><id>D</id><type>text</type><desc><![CDATA[治好你的病就可以啦，问这么多问题干嘛]]></desc></option><option><id>E</id><type>text</type><desc><![CDATA[以上均不是]]></desc></option></options><answers><![CDATA[B]]></answers></question><question><type>1</type><format>text</format><desc><![CDATA[7.护患交谈过程中，护士语言修养的专业性体现在]]></desc><options><option><id>A</id><type>text</type><desc><![CDATA[礼貌性]]></desc></option><option><id>B</id><type>text</type><desc><![CDATA[主动性]]></desc></option><option><id>C</id><type>text</type><desc><![CDATA[科学性]]></desc></option><option><id>D</id><type>text</type><desc><![CDATA[安慰性]]></desc></option><option><id>E</id><type>text</type><desc><![CDATA[规范性]]></desc></option></options><answers><![CDATA[C]]></answers></question><question><type>1</type><format>text</format><desc><![CDATA[8.李先生，公司高层，因近日咳嗽、常感疲乏入院。王护士接待并与之交谈，嘱咐入院须知、进行查体评估并做卫生宣教，交谈中李先生不是看看手表并不断更换坐姿。王护士见状，言简意赅，尽快结束交谈。请问，在交谈中王护士是怎样把握结束交谈时机的]]></desc><options><option><id>A</id><type>text</type><desc><![CDATA[突然中断交谈]]></desc></option><option><id>B</id><type>text</type><desc><![CDATA[留意对方的暗示]]></desc></option><option><id>C</id><type>text</type><desc><![CDATA[恰到好处的把握时间]]></desc></option><option><id>D</id><type>text</type><desc><![CDATA[不厌其烦吧该说的都说完]]></desc></option><option><id>E</id><type>text</type><desc><![CDATA[随时终止]]></desc></option></options><answers><![CDATA[C]]></answers></question><question><type>1</type><format>text</format><desc><![CDATA[9.实习护士小李为完成作业，需要收集病人资料。进入病房后她是这样与病人交谈的：“这两天来冷空气了，要多加点衣服，别着凉了。”、“您这样坐着，感觉舒服吗？”、“您想起床活动吗？等会儿我来扶您走走。”。请问她采用的是那种交谈开场方式]]></desc><options><option><id>A</id><type>text</type><desc><![CDATA[关心式]]></desc></option><option><id>B</id><type>text</type><desc><![CDATA[道谢式]]></desc></option><option><id>C</id><type>text</type><desc><![CDATA[言它式]]></desc></option><option><id>D</id><type>text</type><desc><![CDATA[夸赞式]]></desc></option><option><id>E</id><type>text</type><desc><![CDATA[问候式]]></desc></option></options><answers><![CDATA[A]]></answers></question><question><type>1</type><format>text</format><desc><![CDATA[10.“您为什么这样想呢？”这是一个]]></desc><options><option><id>A</id><type>text</type><desc><![CDATA[闭合式问题]]></desc></option><option><id>B</id><type>text</type><desc><![CDATA[设问式问题]]></desc></option><option><id>C</id><type>text</type><desc><![CDATA[反问式问题]]></desc></option><option><id>D</id><type>text</type><desc><![CDATA[一般性问题]]></desc></option><option><id>E</id><type>text</type><desc><![CDATA[开放式问题]]></desc></option></options><answers><![CDATA[D]]></answers></question><question><type>1</type><format>text</format><desc><![CDATA[11.在核实过程中，用简单、概括的方式将患者的话再叙述一遍属于以下哪项核实的方法]]></desc><options><option><id>A</id><type>text</type><desc><![CDATA[复述]]></desc></option><option><id>B</id><type>text</type><desc><![CDATA[改述]]></desc></option><option><id>C</id><type>text</type><desc><![CDATA[澄清]]></desc></option><option><id>D</id><type>text</type><desc><![CDATA[总结]]></desc></option><option><id>E</id><type>text</type><desc><![CDATA[叙述]]></desc></option></options><answers><![CDATA[D]]></answers></question><question><type>1</type><format>text</format><desc><![CDATA[12.正确、规范的书面语言要求]]></desc><options><option><id>A</id><type>text</type><desc><![CDATA[语义确切]]></desc></option><option><id>B</id><type>text</type><desc><![CDATA[词语简单]]></desc></option><option><id>C</id><type>text</type><desc><![CDATA[书写整齐]]></desc></option><option><id>D</id><type>text</type><desc><![CDATA[赋予色彩]]></desc></option><option><id>E</id><type>text</type><desc><![CDATA[可以描述]]></desc></option></options><answers><![CDATA[A]]></answers></question><question><type>1</type><format>html</format><desc><![CDATA[13.常用书面沟通的医疗护理文件<u><b>不包括</b></u>]]></desc><options><option><id>A</id><type>text</type><desc><![CDATA[体温单]]></desc></option><option><id>B</id><type>text</type><desc><![CDATA[医嘱单]]></desc></option><option><id>C</id><type>text</type><desc><![CDATA[护理记录单]]></desc></option><option><id>D</id><type>text</type><desc><![CDATA[护理病历]]></desc></option><option><id>E</id><type>text</type><desc><![CDATA[输液通知单]]></desc></option></options><answers><![CDATA[E]]></answers></question><question><type>1</type><format>html</format><desc><![CDATA[14.护患交谈时“结束的方式”<u><b>不包含</b></u>]]></desc><options><option><id>A</id><type>text</type><desc><![CDATA[问候式]]></desc></option><option><id>B</id><type>text</type><desc><![CDATA[道谢式]]></desc></option><option><id>C</id><type>text</type><desc><![CDATA[邀请式]]></desc></option><option><id>D</id><type>text</type><desc><![CDATA[关照式]]></desc></option><option><id>E</id><type>text</type><desc><![CDATA[祝颂式]]></desc></option></options><answers><![CDATA[A]]></answers></question><question><type>1</type><format>html</format><desc><![CDATA[15.<u><b>错误</b></u>的倾听方式是]]></desc><options><option><id>A</id><type>text</type><desc><![CDATA[身体微微前倾]]></desc></option><option><id>B</id><type>text</type><desc><![CDATA[回话时间一定要多]]></desc></option><option><id>C</id><type>text</type><desc><![CDATA[听出“弦外之音”]]></desc></option><option><id>D</id><type>text</type><desc><![CDATA[目光交流]]></desc></option><option><id>E</id><type>text</type><desc><![CDATA[不要随意打断病人]]></desc></option></options><answers><![CDATA[B]]></answers></question></questions></exam>