﻿<?xml version="1.0" encoding="UTF-8"?><exam><id>20181120144604</id><questions><instructions><![CDATA[一、单项选择题]]></instructions><question><type>1</type><format>text</format><desc><![CDATA[1.DIC最主要的特征是]]></desc><options><option><id>A</id><type>text</type><desc><![CDATA[严重出血]]></desc></option><option><id>B</id><type>text</type><desc><![CDATA[凝血功能紊乱]]></desc></option><option><id>C</id><type>text</type><desc><![CDATA[继发性纤溶亢进]]></desc></option><option><id>D</id><type>text</type><desc><![CDATA[广泛微血栓形成]]></desc></option><option><id>E</id><type>text</type><desc><![CDATA[凝血因子大量消耗]]></desc></option></options><answers><![CDATA[B]]></answers></question><question><type>1</type><format>text</format><desc><![CDATA[2.组织严重损伤时，大量组织因子（TF）释放，激活第几因子启动外源性凝血途径]]></desc><options><option><id>A</id><type>text</type><desc><![CDATA[ Ⅲ]]></desc></option><option><id>B</id><type>text</type><desc><![CDATA[ Ⅶ]]></desc></option><option><id>C</id><type>text</type><desc><![CDATA[ Ⅹ]]></desc></option><option><id>D</id><type>text</type><desc><![CDATA[ Ⅻ]]></desc></option><option><id>E</id><type>text</type><desc><![CDATA[ Ⅺ]]></desc></option></options><answers><![CDATA[B]]></answers></question><question><type>1</type><format>text</format><desc><![CDATA[3.血管内皮细胞损伤可暴露内皮下组织，可直接激活第几因子启动内源性凝血途径]]></desc><options><option><id>A</id><type>text</type><desc><![CDATA[ Ⅲ]]></desc></option><option><id>B</id><type>text</type><desc><![CDATA[ Ⅶ]]></desc></option><option><id>C</id><type>text</type><desc><![CDATA[ Ⅹ]]></desc></option><option><id>D</id><type>text</type><desc><![CDATA[ Ⅻ]]></desc></option><option><id>E</id><type>text</type><desc><![CDATA[ Ⅺ]]></desc></option></options><answers><![CDATA[D]]></answers></question><question><type>1</type><format>text</format><desc><![CDATA[4.下列哪项属于高凝期的特征]]></desc><options><option><id>A</id><type>text</type><desc><![CDATA[纤溶酶原含量减少]]></desc></option><option><id>B</id><type>text</type><desc><![CDATA[血浆鱼精蛋白副凝试验阳性]]></desc></option><option><id>C</id><type>text</type><desc><![CDATA[凝血时间延长]]></desc></option><option><id>D</id><type>text</type><desc><![CDATA[凝血因子、血小板减少]]></desc></option><option><id>E</id><type>text</type><desc><![CDATA[凝血时间缩短]]></desc></option></options><answers><![CDATA[E]]></answers></question><question><type>1</type><format>text</format><desc><![CDATA[5.DIC时凝血功能紊乱的特点是]]></desc><options><option><id>A</id><type>text</type><desc><![CDATA[血液凝固性增高]]></desc></option><option><id>B</id><type>text</type><desc><![CDATA[纤溶活性增高]]></desc></option><option><id>C</id><type>text</type><desc><![CDATA[先低凝再高凝]]></desc></option><option><id>D</id><type>text</type><desc><![CDATA[先高凝再低凝]]></desc></option><option><id>E</id><type>text</type><desc><![CDATA[血液凝固性降低]]></desc></option></options><answers><![CDATA[D]]></answers></question><question><type>1</type><format>text</format><desc><![CDATA[6.DIC病人出血的特点为]]></desc><options><option><id>A</id><type>text</type><desc><![CDATA[突发、多部位、程度不一]]></desc></option><option><id>B</id><type>text</type><desc><![CDATA[单一部位]]></desc></option><option><id>C</id><type>text</type><desc><![CDATA[止血药治疗有效]]></desc></option><option><id>D</id><type>text</type><desc><![CDATA[不会因为医疗注射而出血]]></desc></option><option><id>E</id><type>text</type><desc><![CDATA[DIC病人一定有出血的表现]]></desc></option></options><answers><![CDATA[A]]></answers></question><question><type>1</type><format>text</format><desc><![CDATA[7.对DIC出血的护理应]]></desc><options><option><id>A</id><type>text</type><desc><![CDATA[可下床自由活动]]></desc></option><option><id>B</id><type>text</type><desc><![CDATA[随时抽血化验]]></desc></option><option><id>C</id><type>text</type><desc><![CDATA[采血后常规时间压迫止血]]></desc></option><option><id>D</id><type>text</type><desc><![CDATA[普通饮食]]></desc></option><option><id>E</id><type>text</type><desc><![CDATA[尽量减少创伤性检查和治疗，卧床休息]]></desc></option></options><answers><![CDATA[E]]></answers></question><question><type>1</type><format>text</format><desc><![CDATA[8.DIC的贫血属于]]></desc><options><option><id>A</id><type>text</type><desc><![CDATA[恶性贫血]]></desc></option><option><id>B</id><type>text</type><desc><![CDATA[再生障碍性贫血]]></desc></option><option><id>C</id><type>text</type><desc><![CDATA[缺铁性贫血]]></desc></option><option><id>D</id><type>text</type><desc><![CDATA[地中海贫血]]></desc></option><option><id>E</id><type>text</type><desc><![CDATA[溶血性贫血]]></desc></option></options><answers><![CDATA[E]]></answers></question><question><type>1</type><format>text</format><desc><![CDATA[9.防治DIC的根本措施是]]></desc><options><option><id>A</id><type>text</type><desc><![CDATA[补充维生素C]]></desc></option><option><id>B</id><type>text</type><desc><![CDATA[尽量减少创伤性检查和治疗]]></desc></option><option><id>C</id><type>text</type><desc><![CDATA[卧床休息]]></desc></option><option><id>D</id><type>text</type><desc><![CDATA[防治原发病]]></desc></option><option><id>E</id><type>text</type><desc><![CDATA[抗凝和抗纤溶治疗]]></desc></option></options><answers><![CDATA[D]]></answers></question><question><type>1</type><format>text</format><desc><![CDATA[10.临床上DIC的原发病中下列哪项最常见]]></desc><options><option><id>A</id><type>text</type><desc><![CDATA[感染性疾病]]></desc></option><option><id>B</id><type>text</type><desc><![CDATA[产科意外]]></desc></option><option><id>C</id><type>text</type><desc><![CDATA[严重创伤]]></desc></option><option><id>D</id><type>text</type><desc><![CDATA[过敏性疾病]]></desc></option><option><id>E</id><type>text</type><desc><![CDATA[组织损伤]]></desc></option></options><answers><![CDATA[A]]></answers></question><question><type>1</type><format>text</format><desc><![CDATA[11.病人，男，37岁，因外伤引起大出血，入院后半小时病人出现表情淡漠，皮肤有发绀和花斑，尿少，听诊心音低钝，血压60/40mmHg，2小时后，呼吸困难加重，昏迷，无尿，皮肤黏膜出血，最终抢救无效死亡。病人死亡的原因可能是]]></desc><options><option><id>A</id><type>text</type><desc><![CDATA[昏迷]]></desc></option><option><id>B</id><type>text</type><desc><![CDATA[脑外伤]]></desc></option><option><id>C</id><type>text</type><desc><![CDATA[严重创伤]]></desc></option><option><id>D</id><type>text</type><desc><![CDATA[DIC]]></desc></option><option><id>E</id><type>text</type><desc><![CDATA[休克]]></desc></option></options><answers><![CDATA[D]]></answers></question></questions></exam>