﻿<?xml version="1.0" encoding="UTF-8"?><exam><id>20181120143841</id><questions><instructions><![CDATA[一、单项选择题]]></instructions><question><type>1</type><format>text</format><desc><![CDATA[1.机体在分解代谢过程中产生的最大量的酸性物质是]]></desc><options><option><id>A</id><type>text</type><desc><![CDATA[碳酸]]></desc></option><option><id>B</id><type>text</type><desc><![CDATA[乳酸]]></desc></option><option><id>C</id><type>text</type><desc><![CDATA[丙酮酸]]></desc></option><option><id>D</id><type>text</type><desc><![CDATA[磷酸]]></desc></option><option><id>E</id><type>text</type><desc><![CDATA[硫酸]]></desc></option></options><answers><![CDATA[A]]></answers><keypoints><![CDATA[解析：糖、脂肪、蛋白质在分解代谢过程中可产生大量CO<sub>2</sub>，CO<sub>2</sub>和H<sub>2</sub>O结合生成碳酸，是机体在代谢过程中产生最多的酸性物质。]]></keypoints></question><question><type>1</type><format>html</format><desc><![CDATA[2.血浆[HCO<sub>3</sub><sup>-</sup>]原发性增高可见于]]></desc><options><option><id>A</id><type>text</type><desc><![CDATA[代谢性酸中毒]]></desc></option><option><id>B</id><type>text</type><desc><![CDATA[代谢性碱中毒]]></desc></option><option><id>C</id><type>text</type><desc><![CDATA[呼吸性酸中毒]]></desc></option><option><id>D</id><type>text</type><desc><![CDATA[呼吸性碱中毒]]></desc></option><option><id>E</id><type>text</type><desc><![CDATA[呼吸性酸中毒合并代谢性酸中毒]]></desc></option></options><answers><![CDATA[B]]></answers><keypoints><![CDATA[解析：由HCO<sub>3</sub><sup>-</sup> 浓度原发性升高引起的酸碱平衡紊乱，称为代谢性碱中毒。]]></keypoints></question><question><type>1</type><format>html</format><desc><![CDATA[3.血浆[H<sub>2</sub>CO<sub>3</sub>]原发性升高可见于]]></desc><options><option><id>A</id><type>text</type><desc><![CDATA[代谢性酸中毒]]></desc></option><option><id>B</id><type>text</type><desc><![CDATA[代谢性碱中毒]]></desc></option><option><id>C</id><type>text</type><desc><![CDATA[呼吸性酸中毒]]></desc></option><option><id>D</id><type>text</type><desc><![CDATA[呼吸性碱中毒]]></desc></option><option><id>E</id><type>text</type><desc><![CDATA[代谢性碱中毒合并呼吸性碱中毒]]></desc></option></options><answers><![CDATA[C]]></answers><keypoints><![CDATA[解析：由[H<sub>2</sub>CO<sub>3</sub>]浓度原发性升高引起的酸碱平衡紊乱，称为呼吸性酸中毒。]]></keypoints></question><question><type>1</type><format>text</format><desc><![CDATA[4.碱中毒时出现手足搐搦的主要原因是]]></desc><options><option><id>A</id><type>text</type><desc><![CDATA[血钠降低]]></desc></option><option><id>B</id><type>text</type><desc><![CDATA[血钾降低]]></desc></option><option><id>C</id><type>text</type><desc><![CDATA[血镁降低]]></desc></option><option><id>D</id><type>text</type><desc><![CDATA[血钙降低]]></desc></option><option><id>E</id><type>text</type><desc><![CDATA[血磷降低]]></desc></option></options><answers><![CDATA[D]]></answers><keypoints><![CDATA[解析：碱中毒时，pH升高，使血浆游离钙减少，神经肌肉兴奋性增高，表现为腱反射亢进、手足抽搐等。]]></keypoints></question><question><type>1</type><format>text</format><desc><![CDATA[5.反常性酸性尿可见于]]></desc><options><option><id>A</id><type>text</type><desc><![CDATA[代谢性酸中毒]]></desc></option><option><id>B</id><type>text</type><desc><![CDATA[呼吸性酸中毒]]></desc></option><option><id>C</id><type>text</type><desc><![CDATA[低钾性碱中毒]]></desc></option><option><id>D</id><type>text</type><desc><![CDATA[呼吸性碱中毒]]></desc></option><option><id>E</id><type>text</type><desc><![CDATA[乳酸酸中毒]]></desc></option></options><answers><![CDATA[C]]></answers><keypoints><![CDATA[解析：一般代谢性碱中毒尿液呈碱性，但在低钾性碱中毒时，肾小管上皮细胞泌H<sup>+</sup>增多，尿液呈酸性，称为反常性酸性尿。]]></keypoints></question><question><type>1</type><format>text</format><desc><![CDATA[6.对固定酸进行缓冲的主要系统是]]></desc><options><option><id>A</id><type>text</type><desc><![CDATA[碳酸氢盐缓冲系统]]></desc></option><option><id>B</id><type>text</type><desc><![CDATA[磷酸盐缓冲系统]]></desc></option><option><id>C</id><type>text</type><desc><![CDATA[血浆蛋白缓冲系统]]></desc></option><option><id>D</id><type>text</type><desc><![CDATA[还原血红蛋白缓冲系统]]></desc></option><option><id>E</id><type>text</type><desc><![CDATA[氧合血红蛋白缓冲系统]]></desc></option></options><answers><![CDATA[A]]></answers><keypoints><![CDATA[解析：碳酸氢盐缓冲系统最重要，缓冲能力强，可以缓冲所有的固定酸，不能缓冲挥发酸。]]></keypoints></question><question><type>1</type><format>text</format><desc><![CDATA[7.AB增加，AB＞SB，表明可能有]]></desc><options><option><id>A</id><type>text</type><desc><![CDATA[呼吸性酸中毒]]></desc></option><option><id>B</id><type>text</type><desc><![CDATA[代谢性酸中毒]]></desc></option><option><id>C</id><type>text</type><desc><![CDATA[混合性碱中毒]]></desc></option><option><id>D</id><type>text</type><desc><![CDATA[AG增高型代谢性酸中毒]]></desc></option><option><id>E</id><type>text</type><desc><![CDATA[呼吸性碱中毒]]></desc></option></options><answers><![CDATA[A]]></answers><keypoints><![CDATA[解析：AB与SB不等，提示有呼吸因素；AB增加，AB＞SB，提示CO<sub>2</sub>潴留，即呼吸性酸中毒。]]></keypoints></question><question><type>1</type><format>text</format><desc><![CDATA[8.通气功能障碍引起的最常见的酸碱紊乱是]]></desc><options><option><id>A</id><type>text</type><desc><![CDATA[呼吸性碱中毒]]></desc></option><option><id>B</id><type>text</type><desc><![CDATA[代谢性酸中毒]]></desc></option><option><id>C</id><type>text</type><desc><![CDATA[呼吸性酸中毒]]></desc></option><option><id>D</id><type>text</type><desc><![CDATA[混合性酸碱平衡紊乱]]></desc></option><option><id>E</id><type>text</type><desc><![CDATA[代谢性碱中毒]]></desc></option></options><answers><![CDATA[C]]></answers><keypoints><![CDATA[解析：通气功能障碍引起二氧化碳潴留，出现呼吸性酸中毒。]]></keypoints></question><question><type>1</type><format>text</format><desc><![CDATA[9.血液pH的高低取决于血浆中]]></desc><options><option><id>A</id><type>text</type><desc><![CDATA[NaHCO<sub>3</sub>浓度]]></desc></option><option><id>B</id><type>text</type><desc><![CDATA[PaCO<sub>2</sub>]]></desc></option><option><id>C</id><type>text</type><desc><![CDATA[CO<sub>2</sub>CP]]></desc></option><option><id>D</id><type>text</type><desc><![CDATA[[HCO<sub>3</sub><sup>-</sup>]/[H<sub>2</sub>CO<sub>3</sub>]的比值]]></desc></option><option><id>E</id><type>text</type><desc><![CDATA[BE]]></desc></option></options><answers><![CDATA[D]]></answers><keypoints><![CDATA[解析：根据Henderson-Hasselbalch 方程式：pH=pKa+lg［HCO<sub>3</sub><sup>-</sup>］/［H<sub>2</sub>CO<sub>3</sub>］。]]></keypoints></question><question><type>1</type><format>html</format><desc><![CDATA[10.下列<u><b>不属于</b></u>代谢性酸中毒的原因是]]></desc><options><option><id>A</id><type>text</type><desc><![CDATA[高热]]></desc></option><option><id>B</id><type>text</type><desc><![CDATA[呕吐]]></desc></option><option><id>C</id><type>text</type><desc><![CDATA[休克]]></desc></option><option><id>D</id><type>text</type><desc><![CDATA[饥饿]]></desc></option><option><id>E</id><type>text</type><desc><![CDATA[肾功能衰竭]]></desc></option></options><answers><![CDATA[B]]></answers><keypoints><![CDATA[解析：呕吐丢失胃酸直接引起碱中毒，丢失钾导致低钾性碱中毒，丢失氯导致低氯性碱中毒，体液减少引起醛固酮增多继而引起代谢性碱中毒。]]></keypoints></question><question><type>1</type><format>html</format><desc><![CDATA[11.当病人动脉血pH 7.32，SB 18mmol/L，PaCO<sub>2</sub> 34mmHg（4.53kPa）时，其酸碱平衡紊乱的类型是]]></desc><options><option><id>A</id><type>text</type><desc><![CDATA[代谢性酸中毒]]></desc></option><option><id>B</id><type>text</type><desc><![CDATA[代谢性碱中毒]]></desc></option><option><id>C</id><type>text</type><desc><![CDATA[呼吸性酸中毒]]></desc></option><option><id>D</id><type>text</type><desc><![CDATA[呼吸性碱中毒]]></desc></option><option><id>E</id><type>text</type><desc><![CDATA[呼吸性酸中毒合并代谢性酸中毒]]></desc></option></options><answers><![CDATA[A]]></answers><keypoints><![CDATA[解析：pH＜7.35，发生酸中毒；SB低于正常值（22～27mmol/L），SB反映代谢性因素的指标，根据检测结果，该病人发生代谢性酸中毒。]]></keypoints></question><question><type>1</type><format>html</format><desc><![CDATA[12.某病人血pH 7.25，PaCO<sub>2 </sub>9.33kPa（70mmHg），SB 25mmol/L，AB 30mmol/L，其酸碱平衡紊乱的类型是]]></desc><options><option><id>A</id><type>text</type><desc><![CDATA[代谢性酸中毒]]></desc></option><option><id>B</id><type>text</type><desc><![CDATA[呼吸性酸中毒]]></desc></option><option><id>C</id><type>text</type><desc><![CDATA[代谢性碱中毒]]></desc></option><option><id>D</id><type>text</type><desc><![CDATA[呼吸性碱中毒]]></desc></option><option><id>E</id><type>text</type><desc><![CDATA[呼吸性酸中毒合并代谢性碱中毒]]></desc></option></options><answers><![CDATA[B]]></answers><keypoints><![CDATA[解析：pH＜7.35，发生酸中毒；PaCO<sub>2</sub>反映呼吸因素指标，若SB正常，而AB＞SB时，表明CO<sub>2</sub>有滞留，见于呼吸性酸中毒。]]></keypoints></question></questions></exam>