﻿<?xml version="1.0" encoding="UTF-8"?><exam><id>20181120152143</id><questions><instructions><![CDATA[一、单项选择题]]></instructions><question><type>1</type><format>text</format><desc><![CDATA[1.子宫颈原位癌累及腺体时属于]]></desc><options><option><id>A</id><type>text</type><desc><![CDATA[早期浸润癌]]></desc></option><option><id>B</id><type>text</type><desc><![CDATA[浸润癌]]></desc></option><option><id>C</id><type>text</type><desc><![CDATA[原位癌]]></desc></option><option><id>D</id><type>text</type><desc><![CDATA[中度非典型增生]]></desc></option><option><id>E</id><type>text</type><desc><![CDATA[重度非典型增生]]></desc></option></options><answers><![CDATA[C]]></answers></question><question><type>1</type><format>text</format><desc><![CDATA[2.与宫颈癌发生关系密切的人类病毒是]]></desc><options><option><id>A</id><type>text</type><desc><![CDATA[人乳头瘤病毒]]></desc></option><option><id>B</id><type>text</type><desc><![CDATA[疱疹病毒]]></desc></option><option><id>C</id><type>text</type><desc><![CDATA[巨细胞病毒]]></desc></option><option><id>D</id><type>text</type><desc><![CDATA[EB 病毒]]></desc></option><option><id>E</id><type>text</type><desc><![CDATA[柯萨奇病毒]]></desc></option></options><answers><![CDATA[A]]></answers></question><question><type>1</type><format>text</format><desc><![CDATA[3.与雌激素刺激有密切关系的肿瘤为]]></desc><options><option><id>A</id><type>text</type><desc><![CDATA[子宫颈鳞癌]]></desc></option><option><id>B</id><type>text</type><desc><![CDATA[子宫颈腺癌]]></desc></option><option><id>C</id><type>text</type><desc><![CDATA[恶性葡萄胎]]></desc></option><option><id>D</id><type>text</type><desc><![CDATA[子宫内膜癌]]></desc></option><option><id>E</id><type>text</type><desc><![CDATA[绒毛膜癌]]></desc></option></options><answers><![CDATA[D]]></answers></question><question><type>1</type><format>text</format><desc><![CDATA[4.早期宫颈癌最可靠的诊断依据是]]></desc><options><option><id>A</id><type>text</type><desc><![CDATA[接触性出血]]></desc></option><option><id>B</id><type>text</type><desc><![CDATA[阴道镜检查]]></desc></option><option><id>C</id><type>text</type><desc><![CDATA[宫颈刮片细胞学检查]]></desc></option><option><id>D</id><type>text</type><desc><![CDATA[宫颈活检，病理切片诊断]]></desc></option><option><id>E</id><type>text</type><desc><![CDATA[盆腔检查]]></desc></option></options><answers><![CDATA[D]]></answers></question><question><type>1</type><format>text</format><desc><![CDATA[5.子宫颈早期浸润癌是指]]></desc><options><option><id>A</id><type>text</type><desc><![CDATA[癌细胞未突破基底膜]]></desc></option><option><id>B</id><type>text</type><desc><![CDATA[癌细胞突破基底膜，但浸润深度未超5mm]]></desc></option><option><id>C</id><type>text</type><desc><![CDATA[癌细胞突破基底膜，但浸润深度未超过7mm]]></desc></option><option><id>D</id><type>text</type><desc><![CDATA[癌细胞未突破基底膜，但已经累及腺体]]></desc></option><option><id>E</id><type>text</type><desc><![CDATA[癌细胞突破基底膜，但浸润深度未超3mm]]></desc></option></options><answers><![CDATA[B]]></answers></question><question><type>1</type><format>text</format><desc><![CDATA[6.子宫外子宫内膜异位症最常见于]]></desc><options><option><id>A</id><type>text</type><desc><![CDATA[子宫阔韧带]]></desc></option><option><id>B</id><type>text</type><desc><![CDATA[子宫直肠窝]]></desc></option><option><id>C</id><type>text</type><desc><![CDATA[卵巢]]></desc></option><option><id>D</id><type>text</type><desc><![CDATA[子宫肌壁]]></desc></option><option><id>E</id><type>text</type><desc><![CDATA[外阴]]></desc></option></options><answers><![CDATA[C]]></answers></question><question><type>1</type><format>html</format><desc><![CDATA[7.下列哪一项<u><b>不是</b></u>葡萄胎病变特点]]></desc><options><option><id>A</id><type>text</type><desc><![CDATA[绒毛间质血管充血]]></desc></option><option><id>B</id><type>text</type><desc><![CDATA[绒毛间质高度水肿]]></desc></option><option><id>C</id><type>text</type><desc><![CDATA[绒毛膜滋养叶上皮细胞增生]]></desc></option><option><id>D</id><type>text</type><desc><![CDATA[绒毛间质血管消失]]></desc></option><option><id>E</id><type>text</type><desc><![CDATA[肉眼观肿块呈水泡状]]></desc></option></options><answers><![CDATA[A]]></answers></question><question><type>1</type><format>text</format><desc><![CDATA[8.卵巢巧克力囊肿实质上是]]></desc><options><option><id>A</id><type>text</type><desc><![CDATA[输卵管卵巢囊肿]]></desc></option><option><id>B</id><type>text</type><desc><![CDATA[卵巢子宫内膜异位囊肿]]></desc></option><option><id>C</id><type>text</type><desc><![CDATA[卵巢囊腺瘤合并出血]]></desc></option><option><id>D</id><type>text</type><desc><![CDATA[卵巢囊性畸胎瘤]]></desc></option><option><id>E</id><type>text</type><desc><![CDATA[卵巢黄体囊肿合并出血]]></desc></option></options><answers><![CDATA[B]]></answers></question><question><type>1</type><format>text</format><desc><![CDATA[9.绒毛膜癌最常转移到的脏器是]]></desc><options><option><id>A</id><type>text</type><desc><![CDATA[肝]]></desc></option><option><id>B</id><type>text</type><desc><![CDATA[肾]]></desc></option><option><id>C</id><type>text</type><desc><![CDATA[肺]]></desc></option><option><id>D</id><type>text</type><desc><![CDATA[骨]]></desc></option><option><id>E</id><type>text</type><desc><![CDATA[肾上腺]]></desc></option></options><answers><![CDATA[C]]></answers></question><question><type>1</type><format>text</format><desc><![CDATA[10.乳腺癌最常发生的部位是]]></desc><options><option><id>A</id><type>text</type><desc><![CDATA[外上象限]]></desc></option><option><id>B</id><type>text</type><desc><![CDATA[内上象限]]></desc></option><option><id>C</id><type>text</type><desc><![CDATA[外下象限]]></desc></option><option><id>D</id><type>text</type><desc><![CDATA[内下象限]]></desc></option><option><id>E</id><type>text</type><desc><![CDATA[乳头部]]></desc></option></options><answers><![CDATA[A]]></answers></question><question><type>1</type><format>text</format><desc><![CDATA[11.乳腺癌最常见的类型为]]></desc><options><option><id>A</id><type>text</type><desc><![CDATA[导管内癌]]></desc></option><option><id>B</id><type>text</type><desc><![CDATA[小叶原位癌]]></desc></option><option><id>C</id><type>text</type><desc><![CDATA[浸润性导管癌]]></desc></option><option><id>D</id><type>text</type><desc><![CDATA[浸润性小叶癌]]></desc></option><option><id>E</id><type>text</type><desc><![CDATA[髓样癌]]></desc></option></options><answers><![CDATA[A]]></answers></question><question><type>1</type><format>text</format><desc><![CDATA[12.睾丸最常见的肿瘤是]]></desc><options><option><id>A</id><type>text</type><desc><![CDATA[精原细胞癌]]></desc></option><option><id>B</id><type>text</type><desc><![CDATA[胚胎性癌]]></desc></option><option><id>C</id><type>text</type><desc><![CDATA[畸胎瘤]]></desc></option><option><id>D</id><type>text</type><desc><![CDATA[绒毛膜癌]]></desc></option><option><id>E</id><type>text</type><desc><![CDATA[内胚窦瘤]]></desc></option></options><answers><![CDATA[A]]></answers></question><question><type>1</type><format>text</format><desc><![CDATA[13.阴茎癌常可早期转移到]]></desc><options><option><id>A</id><type>text</type><desc><![CDATA[腹股沟淋巴结]]></desc></option><option><id>B</id><type>text</type><desc><![CDATA[腹膜后淋巴结]]></desc></option><option><id>C</id><type>text</type><desc><![CDATA[盆腔淋巴结]]></desc></option><option><id>D</id><type>text</type><desc><![CDATA[髂内淋巴结]]></desc></option><option><id>E</id><type>text</type><desc><![CDATA[主动脉旁淋巴结]]></desc></option></options><answers><![CDATA[A]]></answers></question><question><type>1</type><format>text</format><desc><![CDATA[14.最常浸润神经的生殖系统肿瘤为]]></desc><options><option><id>A</id><type>text</type><desc><![CDATA[阴茎癌]]></desc></option><option><id>B</id><type>text</type><desc><![CDATA[睾丸恶性畸胎瘤]]></desc></option><option><id>C</id><type>text</type><desc><![CDATA[前列腺癌]]></desc></option><option><id>D</id><type>text</type><desc><![CDATA[内胚窦瘤]]></desc></option><option><id>E</id><type>text</type><desc><![CDATA[间质细胞瘤]]></desc></option></options><answers><![CDATA[C]]></answers></question><question><type>1</type><format>text</format><desc><![CDATA[15.病人，女性，28岁，临床触诊，乳腺肿物圆形、界清、可移动。取活检组织，切面灰白，可见裂隙，镜下见乳腺小导管增生，管腔有的变细，管腔周围有多量纤维组织增生，此瘤可能诊断为]]></desc><options><option><id>A</id><type>text</type><desc><![CDATA[乳腺良性叶状肿瘤]]></desc></option><option><id>B</id><type>text</type><desc><![CDATA[乳腺腺病]]></desc></option><option><id>C</id><type>text</type><desc><![CDATA[乳腺纤维腺瘤]]></desc></option><option><id>D</id><type>text</type><desc><![CDATA[乳腺纤维瘤]]></desc></option><option><id>E</id><type>text</type><desc><![CDATA[以上都不是]]></desc></option></options><answers><![CDATA[C]]></answers></question><question><type>1</type><format>text</format><desc><![CDATA[16.女性，40岁，阴道不规则流血，超声显示子宫黏膜下肌壁间见多个大小不等的结节。此病最可能的诊断是]]></desc><options><option><id>A</id><type>text</type><desc><![CDATA[子宫内膜异位症]]></desc></option><option><id>B</id><type>text</type><desc><![CDATA[绒癌]]></desc></option><option><id>C</id><type>text</type><desc><![CDATA[侵蚀性葡萄胎]]></desc></option><option><id>D</id><type>text</type><desc><![CDATA[子宫平滑肌瘤]]></desc></option><option><id>E</id><type>text</type><desc><![CDATA[子宫内膜间质肉瘤]]></desc></option></options><answers><![CDATA[D]]></answers></question><question><type>1</type><format>text</format><desc><![CDATA[17.男性，70岁，排尿困难，检查发现前列腺增大，呈大小不等的结节，血清PSA水平2.0ng/ml。最可能的诊断是]]></desc><options><option><id>A</id><type>text</type><desc><![CDATA[慢性前列腺炎]]></desc></option><option><id>B</id><type>text</type><desc><![CDATA[前列腺癌]]></desc></option><option><id>C</id><type>text</type><desc><![CDATA[前列腺增生]]></desc></option><option><id>D</id><type>text</type><desc><![CDATA[前列腺上皮内瘤变]]></desc></option><option><id>E</id><type>text</type><desc><![CDATA[非特异性肉芽肿前列腺炎]]></desc></option></options><answers><![CDATA[C]]></answers></question></questions></exam>