﻿<?xml version="1.0" encoding="UTF-8"?><exam><id>20181120144342</id><questions><instructions><![CDATA[一、单项选择题]]></instructions><question><type>1</type><format>text</format><desc><![CDATA[1.各类型休克的根本变化是]]></desc><options><option><id>A</id><type>text</type><desc><![CDATA[代谢性酸中毒]]></desc></option><option><id>B</id><type>text</type><desc><![CDATA[脉搏快]]></desc></option><option><id>C</id><type>text</type><desc><![CDATA[尿量减少]]></desc></option><option><id>D</id><type>text</type><desc><![CDATA[组织灌注不足]]></desc></option><option><id>E</id><type>text</type><desc><![CDATA[低血压]]></desc></option></options><answers><![CDATA[D]]></answers><keypoints><![CDATA[解析：各型休克的根本是有效循环血量减少引起的器官、组织灌注减少。]]></keypoints></question><question><type>1</type><format>text</format><desc><![CDATA[2.休克微循环缺血期微循环灌流的特点是]]></desc><options><option><id>A</id><type>text</type><desc><![CDATA[多灌少流，灌多于流]]></desc></option><option><id>B</id><type>text</type><desc><![CDATA[少灌少流，灌少于流]]></desc></option><option><id>C</id><type>text</type><desc><![CDATA[少灌多流，灌少于流]]></desc></option><option><id>D</id><type>text</type><desc><![CDATA[少灌少流，灌多于流]]></desc></option><option><id>E</id><type>text</type><desc><![CDATA[不灌不流]]></desc></option></options><answers><![CDATA[B]]></answers><keypoints><![CDATA[解析：微循环缺血期毛细血管前后阻力增加，前阻力增加更明显，因此“少灌少流，灌少于流”。]]></keypoints></question><question><type>1</type><format>text</format><desc><![CDATA[3.休克在微循环衰竭期最突出的情况是]]></desc><options><option><id>A</id><type>text</type><desc><![CDATA[血管内高凝状态]]></desc></option><option><id>B</id><type>text</type><desc><![CDATA[后括约肌收缩状态]]></desc></option><option><id>C</id><type>text</type><desc><![CDATA[代谢性碱中毒]]></desc></option><option><id>D</id><type>text</type><desc><![CDATA[前括约肌收缩状态]]></desc></option><option><id>E</id><type>text</type><desc><![CDATA[毛细血管内“可进可出”]]></desc></option></options><answers><![CDATA[A]]></answers><keypoints><![CDATA[解析：休克微循环衰竭期微循环变化特点是血液瘀滞、浓缩、高凝状态及DIC形成。]]></keypoints></question><question><type>1</type><format>text</format><desc><![CDATA[4.抗休克的最基本措施是]]></desc><options><option><id>A</id><type>text</type><desc><![CDATA[输氧]]></desc></option><option><id>B</id><type>text</type><desc><![CDATA[使用血管活性药物]]></desc></option><option><id>C</id><type>text</type><desc><![CDATA[纠正代谢性酸中毒]]></desc></option><option><id>D</id><type>text</type><desc><![CDATA[补充血容量]]></desc></option><option><id>E</id><type>text</type><desc><![CDATA[控制原发病]]></desc></option></options><answers><![CDATA[D]]></answers><keypoints><![CDATA[解析：休克的根本始动环节是有效循环血量降低，因此最基本治疗措施是补充循环血量。]]></keypoints></question><question><type>1</type><format>text</format><desc><![CDATA[5.通常将失血性休克分为三期，是根据]]></desc><options><option><id>A</id><type>text</type><desc><![CDATA[发病经过的天数]]></desc></option><option><id>B</id><type>text</type><desc><![CDATA[病人的临床症状和体征]]></desc></option><option><id>C</id><type>text</type><desc><![CDATA[微循环变化的特点]]></desc></option><option><id>D</id><type>text</type><desc><![CDATA[有无代偿作用]]></desc></option><option><id>E</id><type>text</type><desc><![CDATA[休克的治疗措施]]></desc></option></options><answers><![CDATA[C]]></answers><keypoints><![CDATA[解析：失血性休克微循环障碍学说以微循环变化的特点为根据把失血性休克分为三期。]]></keypoints></question><question><type>1</type><format>text</format><desc><![CDATA[6.休克Ⅰ期的“自身输血”是指]]></desc><options><option><id>A</id><type>text</type><desc><![CDATA[动-静脉吻合支开放，回心血量增加]]></desc></option><option><id>B</id><type>text</type><desc><![CDATA[容量血管收缩，回心血量增加]]></desc></option><option><id>C</id><type>text</type><desc><![CDATA[醛固酮增多，钠水重吸收增加]]></desc></option><option><id>D</id><type>text</type><desc><![CDATA[抗利尿激素增多，水重吸收增加]]></desc></option><option><id>E</id><type>text</type><desc><![CDATA[缺血缺氧，骨髓造血增强]]></desc></option></options><answers><![CDATA[B]]></answers><keypoints><![CDATA[解析：休克Ⅰ期交感神经兴奋，引起外周血管收缩。容量血管收缩，引起回心血量增加，增加循环血量，称为“自身输血”。]]></keypoints></question><question><type>1</type><format>text</format><desc><![CDATA[7.休克Ⅰ期发生的急性肾功能衰竭属]]></desc><options><option><id>A</id><type>text</type><desc><![CDATA[肾前性肾功能衰竭]]></desc></option><option><id>B</id><type>text</type><desc><![CDATA[肾后性肾功能衰竭]]></desc></option><option><id>C</id><type>text</type><desc><![CDATA[肾性肾功能衰竭]]></desc></option><option><id>D</id><type>text</type><desc><![CDATA[肾前性和肾性肾功能衰竭]]></desc></option><option><id>E</id><type>text</type><desc><![CDATA[器质性肾功能衰竭]]></desc></option></options><answers><![CDATA[A]]></answers><keypoints><![CDATA[解析：休克Ⅰ期主要变化是外周血管收缩，肾血流量减少造成肾小球滤过率降低，尿量减少，属于肾前性肾功能衰竭。]]></keypoints></question><question><type>1</type><format>text</format><desc><![CDATA[8.神经源性休克发病的起始环节是]]></desc><options><option><id>A</id><type>text</type><desc><![CDATA[心泵功能因中枢抑制而障碍]]></desc></option><option><id>B</id><type>text</type><desc><![CDATA[血容量减少]]></desc></option><option><id>C</id><type>text</type><desc><![CDATA[血管床容量增加]]></desc></option><option><id>D</id><type>text</type><desc><![CDATA[交感神经肾上腺髓质兴奋]]></desc></option><option><id>E</id><type>text</type><desc><![CDATA[大失血]]></desc></option></options><answers><![CDATA[C]]></answers><keypoints><![CDATA[解析：神经源性休克是由于血管运动中枢抑制，导致血管扩张，外周阻力降低，血压下降而引起的休克。]]></keypoints></question><question><type>1</type><format>text</format><desc><![CDATA[9.休克时血压下降的主要发病机制是]]></desc><options><option><id>A</id><type>text</type><desc><![CDATA[心功能不全]]></desc></option><option><id>B</id><type>text</type><desc><![CDATA[交感神经过度兴奋后衰竭]]></desc></option><option><id>C</id><type>text</type><desc><![CDATA[血液中儿茶酚胺过低]]></desc></option><option><id>D</id><type>text</type><desc><![CDATA[DIC]]></desc></option><option><id>E</id><type>text</type><desc><![CDATA[外周动脉紧张度不足，血管扩张]]></desc></option></options><answers><![CDATA[E]]></answers><keypoints><![CDATA[解析：休克早期外周血管收缩维持血压，后期由于外周血管扩张，血压下降。]]></keypoints></question><question><type>1</type><format>text</format><desc><![CDATA[10.男性，35岁。汽车撞伤右季肋区4小时，神志模糊，体温36.5℃，脉搏细弱，血压60/40mmHg，全腹压痛，无反跳痛，无尿，移动性浊音（+）。首先考虑的诊断是]]></desc><options><option><id>A</id><type>text</type><desc><![CDATA[神经源性休克]]></desc></option><option><id>B</id><type>text</type><desc><![CDATA[感染性休克]]></desc></option><option><id>C</id><type>text</type><desc><![CDATA[低血容量性休克]]></desc></option><option><id>D</id><type>text</type><desc><![CDATA[心源性休克]]></desc></option><option><id>E</id><type>text</type><desc><![CDATA[变态反应性休克]]></desc></option></options><answers><![CDATA[C]]></answers><keypoints><![CDATA[解析：右季肋区严重撞伤，加上腹痛、移动性浊音（+）提示肝破裂出血，加上血压下降、脉搏细弱，考虑低血容量性休克。]]></keypoints></question><question><type>1</type><format>text</format><desc><![CDATA[11.男性，30岁。从3楼跌下左腹部跌伤，左6、7、8肋骨骨折，脾破裂，肠破裂。入院时精神紧张，T 38.5℃，面色苍白，肢端冰冷，脉搏细数，110次/分，血压130/100mmHg，尿量减少。该病人的休克状态应属于]]></desc><options><option><id>A</id><type>text</type><desc><![CDATA[微循环缺血期]]></desc></option><option><id>B</id><type>text</type><desc><![CDATA[微循环淤血期]]></desc></option><option><id>C</id><type>text</type><desc><![CDATA[微循环衰竭期]]></desc></option><option><id>D</id><type>text</type><desc><![CDATA[DIC期]]></desc></option><option><id>E</id><type>text</type><desc><![CDATA[不可逆期]]></desc></option></options><answers><![CDATA[A]]></answers><keypoints><![CDATA[解析：病人神志清楚、面色苍白，脉搏细数，血压不低，都提示处于休克Ⅰ期，血循环缺血期。]]></keypoints></question><question><type>1</type><format>text</format><desc><![CDATA[12.男性，40岁。腹痛、发热48小时，血压80/60mmHg，入院诊断阑尾炎腹膜炎期，神志清楚，面色苍白，四肢湿冷，全腹肌紧张，肠鸣音消失。应诊断为]]></desc><options><option><id>A</id><type>text</type><desc><![CDATA[低血容量性休克]]></desc></option><option><id>B</id><type>text</type><desc><![CDATA[感染性休克]]></desc></option><option><id>C</id><type>text</type><desc><![CDATA[神经源性休克]]></desc></option><option><id>D</id><type>text</type><desc><![CDATA[心源性休克]]></desc></option><option><id>E</id><type>text</type><desc><![CDATA[过敏性休克]]></desc></option></options><answers><![CDATA[B]]></answers><keypoints><![CDATA[解析：病人考虑腹腔感染造成的感染性休克。]]></keypoints></question><question><type>1</type><format>text</format><desc><![CDATA[13.男，22岁。咳嗽伴发热3天，给予青霉素静滴抗感染治疗，用药后病人突然出现气急、胸闷、烦躁不安。查体：T 38.5℃，P 140次/分，R 37次/分，BP 75/40mmHg，面色苍白，大汗淋漓，两肺可闻及哮鸣音，身体多部位红色皮疹。最可能的原因是]]></desc><options><option><id>A</id><type>text</type><desc><![CDATA[急性左心衰竭]]></desc></option><option><id>B</id><type>text</type><desc><![CDATA[哮喘急性发作]]></desc></option><option><id>C</id><type>text</type><desc><![CDATA[过敏性休克]]></desc></option><option><id>D</id><type>text</type><desc><![CDATA[急性呼吸窘迫综合征]]></desc></option><option><id>E</id><type>text</type><desc><![CDATA[感染性休克]]></desc></option></options><answers><![CDATA[C]]></answers><keypoints><![CDATA[解析：病人明确的青霉素用药病史，用药后立即出现的血压下降，并伴有身体多部位皮疹，因此考虑过敏性休克。]]></keypoints></question></questions><questions><instructions><![CDATA[二、共用备选答案选择题]]></instructions><question><type>4</type><format>text</format><desc><![CDATA[1.（1～2）共用备选答案A.组织缺氧，乳酸增多，代谢性酸中毒B.交感-肾上腺髓质系统兴奋，释放大量儿茶酚胺C.无氧代谢下能量产生不足，细胞功能衰退D.出现DIC，血压下降E.出现多器官功能障碍]]></desc><children><question><type>4</type><format>text</format><desc><![CDATA[（1）休克代偿期的生理调节改变主要是]]></desc><answers><![CDATA[B]]></answers></question><question><type>4</type><format>text</format><desc><![CDATA[（2）休克失代偿期的生理调节改变主要是]]></desc><answers><![CDATA[A]]></answers><keypoints><![CDATA[解析：休克代偿期的变化以交感-肾上腺髓质系统兴奋为主，释放大量儿茶酚胺引起外周血管收缩，完成对有效循环血量减少的代偿调节；而失代偿期主要是酸中毒造成血管对儿茶酚胺反应性降低，血管扩张，休克失代偿。]]></keypoints></question></children></question></questions></exam>