﻿<?xml version="1.0" encoding="UTF-8"?><exam><id>20181120145929</id><questions><instructions><![CDATA[一、单项选择题]]></instructions><question><type>1</type><format>text</format><desc><![CDATA[1.下列因素中与动脉粥样硬化的发生关系最密切的是]]></desc><options><option><id>A</id><type>text</type><desc><![CDATA[高脂血症]]></desc></option><option><id>B</id><type>text</type><desc><![CDATA[高血压]]></desc></option><option><id>C</id><type>text</type><desc><![CDATA[吸烟]]></desc></option><option><id>D</id><type>text</type><desc><![CDATA[病毒感染]]></desc></option><option><id>E</id><type>text</type><desc><![CDATA[遗传因素]]></desc></option></options><answers><![CDATA[A]]></answers></question><question><type>1</type><format>text</format><desc><![CDATA[2.风湿性心肌炎时，阿少夫小体最多见于]]></desc><options><option><id>A</id><type>text</type><desc><![CDATA[心内膜下结缔组织]]></desc></option><option><id>B</id><type>text</type><desc><![CDATA[心肌细胞之间]]></desc></option><option><id>C</id><type>text</type><desc><![CDATA[心肌间质血管旁]]></desc></option><option><id>D</id><type>text</type><desc><![CDATA[心包脏层血管旁]]></desc></option><option><id>E</id><type>text</type><desc><![CDATA[以上都不是]]></desc></option></options><answers><![CDATA[C]]></answers></question><question><type>1</type><format>html</format><desc><![CDATA[3.急性感染性心内膜炎的瓣膜赘生物的成分<u><b>不包括</b></u>]]></desc><options><option><id>A</id><type>text</type><desc><![CDATA[大量肉芽组织]]></desc></option><option><id>B</id><type>text</type><desc><![CDATA[大量细菌]]></desc></option><option><id>C</id><type>text</type><desc><![CDATA[大量坏死组织]]></desc></option><option><id>D</id><type>text</type><desc><![CDATA[大量中性粒细胞]]></desc></option><option><id>E</id><type>text</type><desc><![CDATA[大量血小板及纤维蛋白]]></desc></option></options><answers><![CDATA[A]]></answers></question><question><type>1</type><format>text</format><desc><![CDATA[4.原发性良性高血压的特征性病变是]]></desc><options><option><id>A</id><type>text</type><desc><![CDATA[细、小动脉痉挛]]></desc></option><option><id>B</id><type>text</type><desc><![CDATA[细、小动脉的粥样硬化斑]]></desc></option><option><id>C</id><type>text</type><desc><![CDATA[细、小动脉的硬化]]></desc></option><option><id>D</id><type>text</type><desc><![CDATA[细、小动脉的纤维蛋白样坏死]]></desc></option><option><id>E</id><type>text</type><desc><![CDATA[以上都不是]]></desc></option></options><answers><![CDATA[C]]></answers></question><question><type>1</type><format>text</format><desc><![CDATA[5.良性高血压晚期可引起]]></desc><options><option><id>A</id><type>text</type><desc><![CDATA[原发性颗粒性固缩肾]]></desc></option><option><id>B</id><type>text</type><desc><![CDATA[瘢痕性固缩肾]]></desc></option><option><id>C</id><type>text</type><desc><![CDATA[肾盂积水]]></desc></option><option><id>D</id><type>text</type><desc><![CDATA[肾动脉狭窄]]></desc></option><option><id>E</id><type>text</type><desc><![CDATA[肾贫血性梗死]]></desc></option></options><answers><![CDATA[A]]></answers></question><question><type>1</type><format>text</format><desc><![CDATA[6.最常见的心瓣膜病是]]></desc><options><option><id>A</id><type>text</type><desc><![CDATA[二尖瓣狭窄与关闭不全]]></desc></option><option><id>B</id><type>text</type><desc><![CDATA[三尖瓣狭窄与关闭不全]]></desc></option><option><id>C</id><type>text</type><desc><![CDATA[主动脉瓣狭窄]]></desc></option><option><id>D</id><type>text</type><desc><![CDATA[主动脉瓣狭窄与关闭不全]]></desc></option><option><id>E</id><type>text</type><desc><![CDATA[肺动脉瓣狭窄与关闭不全]]></desc></option></options><answers><![CDATA[A]]></answers></question><question><type>1</type><format>text</format><desc><![CDATA[7.病人，男，52岁，长期胸闷、气短、心前区疼痛，没及时就医，不幸死亡，尸检发现心包狭窄，心包内有绒毛状物，该病人长期患有的疾病为]]></desc><options><option><id>A</id><type>text</type><desc><![CDATA[心肌梗塞]]></desc></option><option><id>B</id><type>text</type><desc><![CDATA[心率失常、早搏、心动过速]]></desc></option><option><id>C</id><type>text</type><desc><![CDATA[风湿性心外膜炎]]></desc></option><option><id>D</id><type>text</type><desc><![CDATA[心瓣膜病]]></desc></option><option><id>E</id><type>text</type><desc><![CDATA[心内膜炎]]></desc></option></options><answers><![CDATA[C]]></answers></question><question><type>1</type><format>text</format><desc><![CDATA[8.病人，男，62岁，长期患高血压病，忽一日，卧床不能自起，家人唤其，其无反应，但眼睛可动，不能言语，手脚可无目的乱动，病人可能病因是]]></desc><options><option><id>A</id><type>text</type><desc><![CDATA[精神分裂症]]></desc></option><option><id>B</id><type>text</type><desc><![CDATA[病毒损伤中枢神经]]></desc></option><option><id>C</id><type>text</type><desc><![CDATA[脑动脉粥样硬化、血压高时，血管破裂，从而损伤、干扰神经功能所致]]></desc></option><option><id>D</id><type>text</type><desc><![CDATA[神经中枢受到化脓性细菌的干扰]]></desc></option><option><id>E</id><type>text</type><desc><![CDATA[以上说法都不可能]]></desc></option></options><answers><![CDATA[C]]></answers></question><question><type>1</type><format>text</format><desc><![CDATA[9.病人，男，62岁，4年前患有动脉粥样硬化，3天前，早晨起来感到头晕，左侧上下肢活动不自如，病情渐重，次日，左侧上下肢瘫痪，应诊断为]]></desc><options><option><id>A</id><type>text</type><desc><![CDATA[脑动脉粥样硬化]]></desc></option><option><id>B</id><type>text</type><desc><![CDATA[心肌梗死]]></desc></option><option><id>C</id><type>text</type><desc><![CDATA[脑动脉粥样硬化，脑血栓形成]]></desc></option><option><id>D</id><type>text</type><desc><![CDATA[高血压病]]></desc></option><option><id>E</id><type>text</type><desc><![CDATA[脑萎缩]]></desc></option></options><answers><![CDATA[C]]></answers></question><question><type>1</type><format>text</format><desc><![CDATA[10.病人，男，65岁，高血压、蛋白尿多年。近日有多尿、夜尿、呕吐症状，无脓尿，菌尿。死后，肾脏肉眼观可能为]]></desc><options><option><id>A</id><type>text</type><desc><![CDATA[大红肾]]></desc></option><option><id>B</id><type>text</type><desc><![CDATA[大白肾]]></desc></option><option><id>C</id><type>text</type><desc><![CDATA[蚤咬肾]]></desc></option><option><id>D</id><type>text</type><desc><![CDATA[颗粒性固缩肾]]></desc></option><option><id>E</id><type>text</type><desc><![CDATA[多发性肾硬化]]></desc></option></options><answers><![CDATA[D]]></answers></question><question><type>1</type><format>text</format><desc><![CDATA[11.病人，女，30岁，婚后出现心悸二年，1个月前牙痛拔牙后，开始发热，全身乏力，检查，皮肤有出血点，脾大，心尖区可闻及双期杂音。该病人最大可能的疾病是]]></desc><options><option><id>A</id><type>text</type><desc><![CDATA[风湿病活动期]]></desc></option><option><id>B</id><type>text</type><desc><![CDATA[感冒肺部轻微感染]]></desc></option><option><id>C</id><type>text</type><desc><![CDATA[亚急性细菌性心内膜炎]]></desc></option><option><id>D</id><type>text</type><desc><![CDATA[风湿性心瓣膜病]]></desc></option><option><id>E</id><type>text</type><desc><![CDATA[流行性出血热]]></desc></option></options><answers><![CDATA[C]]></answers></question><question><type>1</type><format>text</format><desc><![CDATA[12.病人，女，51岁，患高血压病，有心前区不适感，与其夫吵架后，吃完午饭，上床午休，出现头痛晕厥，急送医院途中死亡，家属拒绝解剖，引起死亡的可能病变是]]></desc><options><option><id>A</id><type>text</type><desc><![CDATA[心肌梗死]]></desc></option><option><id>B</id><type>text</type><desc><![CDATA[胰腺炎]]></desc></option><option><id>C</id><type>text</type><desc><![CDATA[脑出血]]></desc></option><option><id>D</id><type>text</type><desc><![CDATA[服毒]]></desc></option><option><id>E</id><type>text</type><desc><![CDATA[心力衰竭]]></desc></option></options><answers><![CDATA[C]]></answers></question><question><type>1</type><format>text</format><desc><![CDATA[13.病人，男，58岁，近年来劳累时，心前区经常疼痛，并向左肩部放射，因病情不缓解，住院治疗。心电图显示系统性心肌缺血，入院后逐渐加重，出现肝大，下肢浮肿，在治疗过程中，夜间突然死亡。该病人死亡原因最可能是]]></desc><options><option><id>A</id><type>text</type><desc><![CDATA[冠心病合并心肌梗死]]></desc></option><option><id>B</id><type>text</type><desc><![CDATA[心肌硬化合并心衰]]></desc></option><option><id>C</id><type>text</type><desc><![CDATA[心肌病合并心衰]]></desc></option><option><id>D</id><type>text</type><desc><![CDATA[高血压心脏病合并心衰]]></desc></option><option><id>E</id><type>text</type><desc><![CDATA[以上都不是]]></desc></option></options><answers><![CDATA[A]]></answers></question><question><type>1</type><format>text</format><desc><![CDATA[14.病人，男，41岁，曾患风湿性心内膜炎，近日发热，白细胞增高，皮肤黏膜有出血点，住院治疗，医嘱绝对卧床休息。今晨病人自行起床，突感头痛，呕吐，左下肢麻木，倒地死亡。该病人最可能的死因是]]></desc><options><option><id>A</id><type>text</type><desc><![CDATA[心肌梗死]]></desc></option><option><id>B</id><type>text</type><desc><![CDATA[脑出血]]></desc></option><option><id>C</id><type>text</type><desc><![CDATA[肺动脉栓塞]]></desc></option><option><id>D</id><type>text</type><desc><![CDATA[肺炎]]></desc></option><option><id>E</id><type>text</type><desc><![CDATA[脑动脉栓塞]]></desc></option></options><answers><![CDATA[E]]></answers></question><question><type>1</type><format>text</format><desc><![CDATA[15.有一心脏标本，肉眼观察，心脏明显增大，呈球形，心脏扩张，乳头肌，肉柱扁平，细看心室壁可见灰色小的瘢痕，有附壁血栓。请分析此心脏标本病变最可能是]]></desc><options><option><id>A</id><type>text</type><desc><![CDATA[扩张型心肌病]]></desc></option><option><id>B</id><type>text</type><desc><![CDATA[限制型心肌病]]></desc></option><option><id>C</id><type>text</type><desc><![CDATA[慢性克山病]]></desc></option><option><id>D</id><type>text</type><desc><![CDATA[风湿性心脏病]]></desc></option><option><id>E</id><type>text</type><desc><![CDATA[高血压心脏病]]></desc></option></options><answers><![CDATA[A]]></answers></question></questions></exam>