﻿<?xml version="1.0" encoding="UTF-8"?><exam><id>20181120151330</id><questions><instructions><![CDATA[一、单项选择题]]></instructions><question><type>1</type><format>text</format><desc><![CDATA[1.胃溃疡病最常见的部位]]></desc><options><option><id>A</id><type>text</type><desc><![CDATA[胃小弯]]></desc></option><option><id>B</id><type>text</type><desc><![CDATA[胃小弯近幽门处]]></desc></option><option><id>C</id><type>text</type><desc><![CDATA[胃大弯]]></desc></option><option><id>D</id><type>text</type><desc><![CDATA[胃大弯近幽门处]]></desc></option><option><id>E</id><type>text</type><desc><![CDATA[胃体部]]></desc></option></options><answers><![CDATA[B]]></answers></question><question><type>1</type><format>text</format><desc><![CDATA[2.慢性浅表性胃炎的主要病变是]]></desc><options><option><id>A</id><type>text</type><desc><![CDATA[黏膜腺体常伴有肠上皮化生]]></desc></option><option><id>B</id><type>text</type><desc><![CDATA[黏膜浅层淋巴细胞、浆细胞浸润]]></desc></option><option><id>C</id><type>text</type><desc><![CDATA[黏膜固有腺体萎缩]]></desc></option><option><id>D</id><type>text</type><desc><![CDATA[黏膜上皮细胞异型增生]]></desc></option><option><id>E</id><type>text</type><desc><![CDATA[黏膜腺体增生，炎细胞浸润]]></desc></option></options><answers><![CDATA[B]]></answers></question><question><type>1</type><format>text</format><desc><![CDATA[3.十二指肠溃疡的主要表现是]]></desc><options><option><id>A</id><type>text</type><desc><![CDATA[十二指肠溃疡较为少见]]></desc></option><option><id>B</id><type>text</type><desc><![CDATA[溃疡位置多在十二指肠降部]]></desc></option><option><id>C</id><type>text</type><desc><![CDATA[好发于十二指肠球部]]></desc></option><option><id>D</id><type>text</type><desc><![CDATA[溃疡大小多在1cm以上]]></desc></option><option><id>E</id><type>text</type><desc><![CDATA[以上都不是]]></desc></option></options><answers><![CDATA[C]]></answers></question><question><type>1</type><format>text</format><desc><![CDATA[4.胃溃疡病最常见的合并症是]]></desc><options><option><id>A</id><type>text</type><desc><![CDATA[癌变]]></desc></option><option><id>B</id><type>text</type><desc><![CDATA[粘连]]></desc></option><option><id>C</id><type>text</type><desc><![CDATA[出血]]></desc></option><option><id>D</id><type>text</type><desc><![CDATA[幽门梗阻或狭窄]]></desc></option><option><id>E</id><type>text</type><desc><![CDATA[穿孔]]></desc></option></options><answers><![CDATA[C]]></answers></question><question><type>1</type><format>text</format><desc><![CDATA[5.急性普通型病毒性肝炎的坏死多为]]></desc><options><option><id>A</id><type>text</type><desc><![CDATA[桥接坏死]]></desc></option><option><id>B</id><type>text</type><desc><![CDATA[大片坏死]]></desc></option><option><id>C</id><type>text</type><desc><![CDATA[碎片状坏死]]></desc></option><option><id>D</id><type>text</type><desc><![CDATA[凝固性坏死]]></desc></option><option><id>E</id><type>text</type><desc><![CDATA[点状坏死]]></desc></option></options><answers><![CDATA[E]]></answers></question><question><type>1</type><format>html</format><desc><![CDATA[6.门脉高压症<u><b>不包括</b></u>]]></desc><options><option><id>A</id><type>text</type><desc><![CDATA[侧支循环形成]]></desc></option><option><id>B</id><type>text</type><desc><![CDATA[脾肿大]]></desc></option><option><id>C</id><type>text</type><desc><![CDATA[胃肠淤血]]></desc></option><option><id>D</id><type>text</type><desc><![CDATA[腹腔积液]]></desc></option><option><id>E</id><type>text</type><desc><![CDATA[黄疸]]></desc></option></options><answers><![CDATA[E]]></answers></question><question><type>1</type><format>text</format><desc><![CDATA[7.我国肝硬化最常见的病因是]]></desc><options><option><id>A</id><type>text</type><desc><![CDATA[病毒性肝炎]]></desc></option><option><id>B</id><type>text</type><desc><![CDATA[化学毒物中毒]]></desc></option><option><id>C</id><type>text</type><desc><![CDATA[亚硝胺类化合物]]></desc></option><option><id>D</id><type>text</type><desc><![CDATA[营养缺乏]]></desc></option><option><id>E</id><type>text</type><desc><![CDATA[慢性酒精中毒]]></desc></option></options><answers><![CDATA[A]]></answers></question><question><type>1</type><format>text</format><desc><![CDATA[8.早期胃癌是指癌组织]]></desc><options><option><id>A</id><type>text</type><desc><![CDATA[浸润到肌层]]></desc></option><option><id>B</id><type>text</type><desc><![CDATA[侵犯到浆膜层]]></desc></option><option><id>C</id><type>text</type><desc><![CDATA[未突破基底膜]]></desc></option><option><id>D</id><type>text</type><desc><![CDATA[未侵犯黏膜下层]]></desc></option><option><id>E</id><type>text</type><desc><![CDATA[只限于黏膜层或黏膜下层]]></desc></option></options><answers><![CDATA[E]]></answers></question><question><type>1</type><format>text</format><desc><![CDATA[9.大肠癌最多见的部位是]]></desc><options><option><id>A</id><type>text</type><desc><![CDATA[直肠]]></desc></option><option><id>B</id><type>text</type><desc><![CDATA[升结肠]]></desc></option><option><id>C</id><type>text</type><desc><![CDATA[横结肠]]></desc></option><option><id>D</id><type>text</type><desc><![CDATA[降结肠]]></desc></option><option><id>E</id><type>text</type><desc><![CDATA[盲肠]]></desc></option></options><answers><![CDATA[A]]></answers></question><question><type>1</type><format>text</format><desc><![CDATA[10.食管癌好发于]]></desc><options><option><id>A</id><type>text</type><desc><![CDATA[贲门部]]></desc></option><option><id>B</id><type>text</type><desc><![CDATA[食管中下段]]></desc></option><option><id>C</id><type>text</type><desc><![CDATA[食管下段]]></desc></option><option><id>D</id><type>text</type><desc><![CDATA[食管上段]]></desc></option><option><id>E</id><type>text</type><desc><![CDATA[食管中段]]></desc></option></options><answers><![CDATA[E]]></answers></question><question><type>1</type><format>text</format><desc><![CDATA[11.病人，男性，36岁，肝穿刺活检病理诊断为：肝细胞广泛疏松化，气球样变，有点状坏死及嗜酸性小体，诊断为]]></desc><options><option><id>A</id><type>text</type><desc><![CDATA[急性普通型肝炎]]></desc></option><option><id>B</id><type>text</type><desc><![CDATA[中度慢性肝炎]]></desc></option><option><id>C</id><type>text</type><desc><![CDATA[亚急性重型肝炎]]></desc></option><option><id>D</id><type>text</type><desc><![CDATA[急性重型肝炎]]></desc></option><option><id>E</id><type>text</type><desc><![CDATA[轻度慢性肝炎]]></desc></option></options><answers><![CDATA[A]]></answers></question><question><type>1</type><format>text</format><desc><![CDATA[12.病人，男性，40岁。上腹部疼痛，以餐后3小时或夜间显著，泛酸、恶心等症状持续10天。胃镜检查 ：十二指肠球部前壁可见0.8cm×0.5cm溃疡，边缘整齐，应诊断为]]></desc><options><option><id>A</id><type>text</type><desc><![CDATA[复合性溃疡]]></desc></option><option><id>B</id><type>text</type><desc><![CDATA[胃癌]]></desc></option><option><id>C</id><type>text</type><desc><![CDATA[胃溃疡]]></desc></option><option><id>D</id><type>text</type><desc><![CDATA[十二指肠球炎]]></desc></option><option><id>E</id><type>text</type><desc><![CDATA[十二指肠球部溃疡]]></desc></option></options><answers><![CDATA[E]]></answers></question><question><type>1</type><format>text</format><desc><![CDATA[13.男，60岁，进食后发噎，胸骨后疼痛，间歇性加重，体检无阳性所见，确诊的方法是]]></desc><options><option><id>A</id><type>text</type><desc><![CDATA[食管造影]]></desc></option><option><id>B</id><type>text</type><desc><![CDATA[胸部X线检查]]></desc></option><option><id>C</id><type>text</type><desc><![CDATA[食管镜检+活检]]></desc></option><option><id>D</id><type>text</type><desc><![CDATA[CT]]></desc></option><option><id>E</id><type>text</type><desc><![CDATA[开胸探查]]></desc></option></options><answers><![CDATA[C]]></answers></question><question><type>1</type><format>text</format><desc><![CDATA[14.病人男性，58岁，乙型肝炎病史8年，近2年来出现腹胀、腹腔积液、下肢水肿、牙龈出血，颈部有蜘蛛痣，脾肋缘下1cm，肝未触及，此病人可诊断为]]></desc><options><option><id>A</id><type>text</type><desc><![CDATA[中度慢性肝炎]]></desc></option><option><id>B</id><type>text</type><desc><![CDATA[肝细胞肝癌]]></desc></option><option><id>C</id><type>text</type><desc><![CDATA[急性普通型肝炎]]></desc></option><option><id>D</id><type>text</type><desc><![CDATA[门脉性肝硬化]]></desc></option><option><id>E</id><type>text</type><desc><![CDATA[轻度慢性肝炎]]></desc></option></options><answers><![CDATA[D]]></answers></question></questions><questions><instructions><![CDATA[二、共用题干选择题]]></instructions><question><type>3</type><format>text</format><desc><![CDATA[1.病人，男性，56岁，胸骨后和剑突下疼痛，咽下哽咽感伴进行性吞咽困难3个月，伴有左锁骨上淋巴结肿大，质硬。]]></desc><children><question><type>3</type><format>text</format><desc><![CDATA[（1）首先应考虑的疾病是]]></desc><options><option><id>A</id><type>text</type><desc><![CDATA[食管癌]]></desc></option><option><id>B</id><type>text</type><desc><![CDATA[胃炎]]></desc></option><option><id>C</id><type>text</type><desc><![CDATA[胃癌]]></desc></option><option><id>D</id><type>text</type><desc><![CDATA[消化不良]]></desc></option><option><id>E</id><type>text</type><desc><![CDATA[食管炎]]></desc></option></options><answers><![CDATA[A]]></answers></question><question><type>3</type><format>text</format><desc><![CDATA[（2）为进一步明确诊断，首选检查方法是]]></desc><options><option><id>A</id><type>text</type><desc><![CDATA[B型超声]]></desc></option><option><id>B</id><type>text</type><desc><![CDATA[X线透视检查]]></desc></option><option><id>C</id><type>text</type><desc><![CDATA[CT]]></desc></option><option><id>D</id><type>text</type><desc><![CDATA[胃镜加活检]]></desc></option><option><id>E</id><type>text</type><desc><![CDATA[MRI]]></desc></option></options><answers><![CDATA[D]]></answers></question></children></question><question><type>3</type><format>text</format><desc><![CDATA[2.男性，35岁，司机，常感胃部不适，时感疼痛，诊断为胃溃疡，未规律治疗。当日因暴食暴饮后腹部剧痛住院，随后出现脉搏细速、血压下降、皮肤湿冷等症状。]]></desc><children><question><type>3</type><format>text</format><desc><![CDATA[（1）该病人可能发生了]]></desc><options><option><id>A</id><type>text</type><desc><![CDATA[胃出血]]></desc></option><option><id>B</id><type>text</type><desc><![CDATA[胰腺炎]]></desc></option><option><id>C</id><type>text</type><desc><![CDATA[肝腹腔积液]]></desc></option><option><id>D</id><type>text</type><desc><![CDATA[出血性休克]]></desc></option><option><id>E</id><type>text</type><desc><![CDATA[肝动脉硬化]]></desc></option></options><answers><![CDATA[D]]></answers></question><question><type>3</type><format>text</format><desc><![CDATA[（2）此时最重要的处理措施为]]></desc><options><option><id>A</id><type>text</type><desc><![CDATA[保暖]]></desc></option><option><id>B</id><type>text</type><desc><![CDATA[立即输液，同时手术治疗]]></desc></option><option><id>C</id><type>text</type><desc><![CDATA[取休克卧位]]></desc></option><option><id>D</id><type>text</type><desc><![CDATA[应用止痛药]]></desc></option><option><id>E</id><type>text</type><desc><![CDATA[立即输血]]></desc></option></options><answers><![CDATA[B]]></answers></question></children></question><question><type>3</type><format>text</format><desc><![CDATA[3.病人，男性，65岁，胃镜检查：胃窦部有一圆形溃疡，直径2cm，溃疡较浅，边缘不整齐，外形火山口状。]]></desc><children><question><type>3</type><format>text</format><desc><![CDATA[（1）该病人的诊断最可能是]]></desc><options><option><id>A</id><type>text</type><desc><![CDATA[早期凹陷型胃癌]]></desc></option><option><id>B</id><type>text</type><desc><![CDATA[应激性溃疡]]></desc></option><option><id>C</id><type>text</type><desc><![CDATA[急性胃溃疡]]></desc></option><option><id>D</id><type>text</type><desc><![CDATA[胃溃疡病]]></desc></option><option><id>E</id><type>text</type><desc><![CDATA[溃疡型胃癌]]></desc></option></options><answers><![CDATA[E]]></answers></question><question><type>3</type><format>text</format><desc><![CDATA[（2）活检切片镜见癌细胞弥漫于胃黏膜下层及肌层，有大量淡蓝色均质无结构物质，其中有小堆癌细胞，部分癌细胞核偏在一侧，该癌组织学类型为]]></desc><options><option><id>A</id><type>text</type><desc><![CDATA[未分化腺癌]]></desc></option><option><id>B</id><type>text</type><desc><![CDATA[髓样癌]]></desc></option><option><id>C</id><type>text</type><desc><![CDATA[腺鳞癌]]></desc></option><option><id>D</id><type>text</type><desc><![CDATA[腺癌]]></desc></option><option><id>E</id><type>text</type><desc><![CDATA[黏液腺癌<b></b>]]></desc></option></options><answers><![CDATA[E]]></answers></question></children></question></questions></exam>