﻿<?xml version="1.0" encoding="UTF-8"?><exam><id>20181101174154</id><questions><instructions><![CDATA[A1型题]]></instructions><question><type>1</type><format>text</format><desc><![CDATA[1.下列哪一项是影响健康的主要因素]]></desc><options><option><id>A</id><type>text</type><desc><![CDATA[生物因素]]></desc></option><option><id>B</id><type>text</type><desc><![CDATA[环境因素]]></desc></option><option><id>C</id><type>text</type><desc><![CDATA[心理因素]]></desc></option><option><id>D</id><type>text</type><desc><![CDATA[行为与生活方式]]></desc></option><option><id>E</id><type>text</type><desc><![CDATA[社会因素]]></desc></option></options><answers><![CDATA[D]]></answers></question><question><type>1</type><format>html</format><desc><![CDATA[2.影响健康的生物因素中<u><b>不包括</b></u>]]></desc><options><option><id>A</id><type>text</type><desc><![CDATA[遗传结构]]></desc></option><option><id>B</id><type>text</type><desc><![CDATA[性别]]></desc></option><option><id>C</id><type>text</type><desc><![CDATA[年龄]]></desc></option><option><id>D</id><type>text</type><desc><![CDATA[身高]]></desc></option><option><id>E</id><type>text</type><desc><![CDATA[种族]]></desc></option></options><answers><![CDATA[D]]></answers></question><question><type>1</type><format>text</format><desc><![CDATA[3.WHO指出影响人类健康的因素，行为与生活方式所占比例是]]></desc><options><option><id>A</id><type>text</type><desc><![CDATA[80%]]></desc></option><option><id>B</id><type>text</type><desc><![CDATA[70%]]></desc></option><option><id>C</id><type>text</type><desc><![CDATA[60%]]></desc></option><option><id>D</id><type>text</type><desc><![CDATA[50%]]></desc></option><option><id>E</id><type>text</type><desc><![CDATA[40%]]></desc></option></options><answers><![CDATA[C]]></answers></question><question><type>1</type><format>text</format><desc><![CDATA[4.WHO指出影响人类健康的因素，社会因素所占比例是]]></desc><options><option><id>A</id><type>text</type><desc><![CDATA[25%]]></desc></option><option><id>B</id><type>text</type><desc><![CDATA[20%]]></desc></option><option><id>C</id><type>text</type><desc><![CDATA[15%]]></desc></option><option><id>D</id><type>text</type><desc><![CDATA[10%]]></desc></option><option><id>E</id><type>text</type><desc><![CDATA[8%]]></desc></option></options><answers><![CDATA[D]]></answers></question><question><type>1</type><format>html</format><desc><![CDATA[5.影响健康的社会因素<u><b>不包含</b></u>]]></desc><options><option><id>A</id><type>text</type><desc><![CDATA[社会政治经济]]></desc></option><option><id>B</id><type>text</type><desc><![CDATA[职业情况]]></desc></option><option><id>C</id><type>text</type><desc><![CDATA[文化教育背景]]></desc></option><option><id>D</id><type>text</type><desc><![CDATA[医疗卫生服务系统]]></desc></option><option><id>E</id><type>text</type><desc><![CDATA[身心交互作用]]></desc></option></options><answers><![CDATA[E]]></answers></question><question><type>1</type><format>text</format><desc><![CDATA[6.疾病的一级预防又可称为]]></desc><options><option><id>A</id><type>text</type><desc><![CDATA[病因预防]]></desc></option><option><id>B</id><type>text</type><desc><![CDATA[发病学预防]]></desc></option><option><id>C</id><type>text</type><desc><![CDATA[临床前期预防]]></desc></option><option><id>D</id><type>text</type><desc><![CDATA[临床期预防]]></desc></option><option><id>E</id><type>text</type><desc><![CDATA[病残预防]]></desc></option></options><answers><![CDATA[A]]></answers></question><question><type>1</type><format>text</format><desc><![CDATA[7.疾病的二级预防又可称为]]></desc><options><option><id>A</id><type>text</type><desc><![CDATA[病因预防]]></desc></option><option><id>B</id><type>text</type><desc><![CDATA[发病学预防]]></desc></option><option><id>C</id><type>text</type><desc><![CDATA[临床期预防]]></desc></option><option><id>D</id><type>text</type><desc><![CDATA[临床后期预防]]></desc></option><option><id>E</id><type>text</type><desc><![CDATA[病残预防]]></desc></option></options><answers><![CDATA[B]]></answers></question><question><type>1</type><format>text</format><desc><![CDATA[8.疾病的三级预防又可称为]]></desc><options><option><id>A</id><type>text</type><desc><![CDATA[病因预防]]></desc></option><option><id>B</id><type>text</type><desc><![CDATA[发病学预防]]></desc></option><option><id>C</id><type>text</type><desc><![CDATA[临床前期预防]]></desc></option><option><id>D</id><type>text</type><desc><![CDATA[临床后期预防]]></desc></option><option><id>E</id><type>text</type><desc><![CDATA[病残预防]]></desc></option></options><answers><![CDATA[E]]></answers></question><question><type>1</type><format>text</format><desc><![CDATA[9.健康促进的基础是]]></desc><options><option><id>A</id><type>text</type><desc><![CDATA[疾病预防]]></desc></option><option><id>B</id><type>text</type><desc><![CDATA[健康教育]]></desc></option><option><id>C</id><type>text</type><desc><![CDATA[减轻痛苦]]></desc></option><option><id>D</id><type>text</type><desc><![CDATA[恢复健康]]></desc></option><option><id>E</id><type>text</type><desc><![CDATA[维护健康]]></desc></option></options><answers><![CDATA[B]]></answers></question><question><type>1</type><format>text</format><desc><![CDATA[10.在疾病三级预防中重点强调的是]]></desc><options><option><id>A</id><type>text</type><desc><![CDATA[一级预防]]></desc></option><option><id>B</id><type>text</type><desc><![CDATA[二级预防]]></desc></option><option><id>C</id><type>text</type><desc><![CDATA[三级预防]]></desc></option><option><id>D</id><type>text</type><desc><![CDATA[临床期预防]]></desc></option><option><id>E</id><type>text</type><desc><![CDATA[病残预防]]></desc></option></options><answers><![CDATA[A]]></answers></question><question><type>1</type><format>text</format><desc><![CDATA[11.提高社区民众生活质量的真正力量是]]></desc><options><option><id>A</id><type>text</type><desc><![CDATA[社区护士]]></desc></option><option><id>B</id><type>text</type><desc><![CDATA[社区医生]]></desc></option><option><id>C</id><type>text</type><desc><![CDATA[社区其他工作人员]]></desc></option><option><id>D</id><type>text</type><desc><![CDATA[他们自己]]></desc></option><option><id>E</id><type>text</type><desc><![CDATA[他们家庭成员]]></desc></option></options><answers><![CDATA[D]]></answers></question><question><type>1</type><format>text</format><desc><![CDATA[12.健康教育的最终目标是]]></desc><options><option><id>A</id><type>text</type><desc><![CDATA[帮助人们掌握基本的保健知识和技能]]></desc></option><option><id>B</id><type>text</type><desc><![CDATA[引导人们树立健康观念]]></desc></option><option><id>C</id><type>text</type><desc><![CDATA[要求人们自觉采纳有利于健康的行为和生活方式]]></desc></option><option><id>D</id><type>text</type><desc><![CDATA[改善、维护和促进个人、家庭、社区的健康]]></desc></option><option><id>E</id><type>text</type><desc><![CDATA[减少和预防疾病]]></desc></option></options><answers><![CDATA[C]]></answers></question><question><type>1</type><format>html</format><desc><![CDATA[13.护士在健康教育中的作用<u><b>不包括</b></u>]]></desc><options><option><id>A</id><type>text</type><desc><![CDATA[为护理对象提供有关健康的信息]]></desc></option><option><id>B</id><type>text</type><desc><![CDATA[帮助服务对象确认存在的健康问题]]></desc></option><option><id>C</id><type>text</type><desc><![CDATA[改善护理对象生活环境中的不良因素]]></desc></option><option><id>D</id><type>text</type><desc><![CDATA[指导护理对象采纳健康行为]]></desc></option><option><id>E</id><type>text</type><desc><![CDATA[开展健康教育研究]]></desc></option></options><answers><![CDATA[C]]></answers></question><question><type>1</type><format>html</format><desc><![CDATA[14.实施健康教育时，护士应遵循的基本原则<u><b>不包括</b></u>]]></desc><options><option><id>A</id><type>text</type><desc><![CDATA[科学性原则]]></desc></option><option><id>B</id><type>text</type><desc><![CDATA[通俗性原则]]></desc></option><option><id>C</id><type>text</type><desc><![CDATA[规律性原则]]></desc></option><option><id>D</id><type>text</type><desc><![CDATA[行政性原则]]></desc></option><option><id>E</id><type>text</type><desc><![CDATA[相对性原则]]></desc></option></options><answers><![CDATA[E]]></answers></question><question><type>1</type><format>html</format><desc><![CDATA[15.下列关于健康教育程序的描述，<u><b>不正确</b></u>的是]]></desc><options><option><id>A</id><type>text</type><desc><![CDATA[健康教育是一个系统的、连续不断的过程]]></desc></option><option><id>B</id><type>text</type><desc><![CDATA[健康教育程序应遵循护理程序的总体要求]]></desc></option><option><id>C</id><type>text</type><desc><![CDATA[健康教育由评估、设立目标、制定计划、实施计划、效果评价等环节组成]]></desc></option><option><id>D</id><type>text</type><desc><![CDATA[通过实施健康教育计划达成教育目标]]></desc></option><option><id>E</id><type>text</type><desc><![CDATA[评价只是在健康教育程序完成后对效果的检测]]></desc></option></options><answers><![CDATA[E]]></answers></question><question><type>1</type><format>text</format><desc><![CDATA[16.健康教育中学习态度评估的重点是]]></desc><options><option><id>A</id><type>text</type><desc><![CDATA[文化程度]]></desc></option><option><id>B</id><type>text</type><desc><![CDATA[阅读能力]]></desc></option><option><id>C</id><type>text</type><desc><![CDATA[反应速度]]></desc></option><option><id>D</id><type>text</type><desc><![CDATA[记忆力]]></desc></option><option><id>E</id><type>text</type><desc><![CDATA[健康的价值观]]></desc></option></options><answers><![CDATA[E]]></answers></question><question><type>1</type><format>text</format><desc><![CDATA[17.运用“知-信-行”模式解释个体的戒烟行为，属于“动力因素”的是]]></desc><options><option><id>A</id><type>text</type><desc><![CDATA[说明吸烟的危害]]></desc></option><option><id>B</id><type>text</type><desc><![CDATA[强调戒烟的益处]]></desc></option><option><id>C</id><type>text</type><desc><![CDATA[讲解戒烟的方法]]></desc></option><option><id>D</id><type>text</type><desc><![CDATA[形成吸烟危害健康的信念]]></desc></option><option><id>E</id><type>text</type><desc><![CDATA[产生戒烟行为]]></desc></option></options><answers><![CDATA[D]]></answers></question></questions><questions><instructions><![CDATA[A2型题]]></instructions><question><type>1</type><format>text</format><desc><![CDATA[18.孕妇小张，孕龄24周，生活正常，无不适症状。社区护士家访时交代其做产前检查，此项内容属于哪一级疾病预防]]></desc><options><option><id>A</id><type>text</type><desc><![CDATA[一级预防]]></desc></option><option><id>B</id><type>text</type><desc><![CDATA[病因预防]]></desc></option><option><id>C</id><type>text</type><desc><![CDATA[二级预防]]></desc></option><option><id>D</id><type>text</type><desc><![CDATA[临床期预防]]></desc></option><option><id>E</id><type>text</type><desc><![CDATA[病残预防]]></desc></option></options><answers><![CDATA[C]]></answers></question><question><type>1</type><format>text</format><desc><![CDATA[19.护士小张为患有脑卒中后遗症的戴先生进行家庭访视，指导他如何使用步行器及轮椅，此项内容属于哪一级疾病预防]]></desc><options><option><id>A</id><type>text</type><desc><![CDATA[一级预防]]></desc></option><option><id>B</id><type>text</type><desc><![CDATA[病因预防]]></desc></option><option><id>C</id><type>text</type><desc><![CDATA[二级预防]]></desc></option><option><id>D</id><type>text</type><desc><![CDATA[三级预防]]></desc></option><option><id>E</id><type>text</type><desc><![CDATA[临床后期预防]]></desc></option></options><answers><![CDATA[D]]></answers></question><question><type>1</type><format>text</format><desc><![CDATA[20.病人杨某，男性，57岁。身高168cm，体重76kg，空腹血糖8.8mmol/L，餐后2小时血糖11.6mmol/L，诊断为2型糖尿病，当前对该病人进行健康教育的最重要目标是]]></desc><options><option><id>A</id><type>text</type><desc><![CDATA[学会注射胰岛素]]></desc></option><option><id>B</id><type>text</type><desc><![CDATA[学会使用口服降糖药]]></desc></option><option><id>C</id><type>text</type><desc><![CDATA[建立合理的饮食和运动习惯]]></desc></option><option><id>D</id><type>text</type><desc><![CDATA[避免摄入含糖量高的食物]]></desc></option><option><id>E</id><type>text</type><desc><![CDATA[了解糖尿病的相关知识]]></desc></option></options><answers><![CDATA[E]]></answers></question><question><type>1</type><format>text</format><desc><![CDATA[21.病人徐某，男性，50岁。患高血压病2年，护士给予的健康教育处方，下列正确的是]]></desc><options><option><id>A</id><type>text</type><desc><![CDATA[坚持服用自购降压药]]></desc></option><option><id>B</id><type>text</type><desc><![CDATA[每日应大运动量锻炼]]></desc></option><option><id>C</id><type>text</type><desc><![CDATA[避免受风寒]]></desc></option><option><id>D</id><type>text</type><desc><![CDATA[烹调食物时应限制食盐]]></desc></option><option><id>E</id><type>text</type><desc><![CDATA[自测血压时可左右手臂交替测量]]></desc></option></options><answers><![CDATA[D]]></answers></question></questions><questions><instructions><![CDATA[A3/A4型题]]></instructions><question><type>3</type><format>text</format><desc><![CDATA[1.病人张某，48岁，企业老总，因工作需要经常加班熬夜，在外应酬，喜食油腻的高蛋白、高脂肪食物，并大量吸烟、饮酒，近来发现体重迅速增加，体力和精力降低。]]></desc><children><question><type>3</type><format>text</format><desc><![CDATA[（1）对于该病人，最主要的学习需求是]]></desc><options><option><id>A</id><type>text</type><desc><![CDATA[如何减轻工作强度]]></desc></option><option><id>B</id><type>text</type><desc><![CDATA[如何戒烟、戒酒]]></desc></option><option><id>C</id><type>text</type><desc><![CDATA[如何建立正确的生活方式和行为习惯]]></desc></option><option><id>D</id><type>text</type><desc><![CDATA[怎样快速减肥]]></desc></option><option><id>E</id><type>text</type><desc><![CDATA[肥胖的不良后果]]></desc></option></options><answers><![CDATA[C]]></answers></question><question><type>3</type><format>text</format><desc><![CDATA[（2）对于该病人，最合适的健康教育目标是]]></desc><options><option><id>A</id><type>text</type><desc><![CDATA[戒烟、戒酒]]></desc></option><option><id>B</id><type>text</type><desc><![CDATA[限制高蛋白、高脂肪食物]]></desc></option><option><id>C</id><type>text</type><desc><![CDATA[多休息]]></desc></option><option><id>D</id><type>text</type><desc><![CDATA[减轻工作压力]]></desc></option><option><id>E</id><type>text</type><desc><![CDATA[建立良好的生活方式和饮食习惯]]></desc></option></options><answers><![CDATA[E]]></answers></question><question><type>3</type><format>text</format><desc><![CDATA[（3）对该病人，适宜的健康教育方法为]]></desc><options><option><id>A</id><type>text</type><desc><![CDATA[个别会谈]]></desc></option><option><id>B</id><type>text</type><desc><![CDATA[小组讨论]]></desc></option><option><id>C</id><type>text</type><desc><![CDATA[专题讲座]]></desc></option><option><id>D</id><type>text</type><desc><![CDATA[小组讨论]]></desc></option><option><id>E</id><type>text</type><desc><![CDATA[阅读指导]]></desc></option></options><answers><![CDATA[A]]></answers></question></children></question></questions></exam>