﻿<?xml version="1.0" encoding="UTF-8"?><exam><id>20181101214157</id><questions><instructions><![CDATA[A1型题]]></instructions><question><type>1</type><format>text</format><desc><![CDATA[1.角色期待是社会对个体所处的角色地位，应具有的态度、行为方式寄予的]]></desc><options><option><id>A</id><type>text</type><desc><![CDATA[认知]]></desc></option><option><id>B</id><type>text</type><desc><![CDATA[期望]]></desc></option><option><id>C</id><type>text</type><desc><![CDATA[过程]]></desc></option><option><id>D</id><type>text</type><desc><![CDATA[功能]]></desc></option><option><id>E</id><type>text</type><desc><![CDATA[责任]]></desc></option></options><answers><![CDATA[B]]></answers></question><question><type>1</type><format>html</format><desc><![CDATA[2.病人社会角色职责的免除程度<u><b>不取决</b></u>于]]></desc><options><option><id>A</id><type>text</type><desc><![CDATA[疾病的性质]]></desc></option><option><id>B</id><type>text</type><desc><![CDATA[病人的责任心]]></desc></option><option><id>C</id><type>text</type><desc><![CDATA[疾病严重程度]]></desc></option><option><id>D</id><type>text</type><desc><![CDATA[病人支持系统]]></desc></option><option><id>E</id><type>text</type><desc><![CDATA[病人的主动性]]></desc></option></options><answers><![CDATA[E]]></answers></question><question><type>1</type><format>text</format><desc><![CDATA[3.传染病隔离病人角色适应中易产生的心理反应是]]></desc><options><option><id>A</id><type>text</type><desc><![CDATA[主观感觉异常]]></desc></option><option><id>B</id><type>text</type><desc><![CDATA[情绪不稳定]]></desc></option><option><id>C</id><type>text</type><desc><![CDATA[孤独感增强]]></desc></option><option><id>D</id><type>text</type><desc><![CDATA[猜疑心加重]]></desc></option><option><id>E</id><type>text</type><desc><![CDATA[害羞与罪恶感]]></desc></option></options><answers><![CDATA[C]]></answers></question><question><type>1</type><format>html</format><desc><![CDATA[4.关于护患关系的理解<u><b>错误的</b></u>是]]></desc><options><option><id>A</id><type>text</type><desc><![CDATA[在护理活动中形成的]]></desc></option><option><id>B</id><type>text</type><desc><![CDATA[一种帮助与被帮助的关系]]></desc></option><option><id>C</id><type>text</type><desc><![CDATA[一种专业性互动关系]]></desc></option><option><id>D</id><type>text</type><desc><![CDATA[以护士为中心的关系]]></desc></option><option><id>E</id><type>text</type><desc><![CDATA[一种治疗性关系]]></desc></option></options><answers><![CDATA[D]]></answers></question><question><type>1</type><format>html</format><desc><![CDATA[5.护士与病人之间的人际交往是一种职业行为，是护理工作的需要。下列<u><b>不属于</b></u>护患关系性质的是]]></desc><options><option><id>A</id><type>text</type><desc><![CDATA[帮助与被帮助人际关系]]></desc></option><option><id>B</id><type>text</type><desc><![CDATA[竞争性人际关系]]></desc></option><option><id>C</id><type>text</type><desc><![CDATA[专业性人际关系]]></desc></option><option><id>D</id><type>text</type><desc><![CDATA[治疗性的人际关系]]></desc></option><option><id>E</id><type>text</type><desc><![CDATA[多元化的互动关系]]></desc></option></options><answers><![CDATA[B]]></answers></question><question><type>1</type><format>text</format><desc><![CDATA[6.下列病人适合使用主动-被动型护患关系模式的是]]></desc><options><option><id>A</id><type>text</type><desc><![CDATA[早产儿]]></desc></option><option><id>B</id><type>text</type><desc><![CDATA[产妇]]></desc></option><option><id>C</id><type>text</type><desc><![CDATA[流感病人]]></desc></option><option><id>D</id><type>text</type><desc><![CDATA[肾炎病人]]></desc></option><option><id>E</id><type>text</type><desc><![CDATA[贫血病人]]></desc></option></options><answers><![CDATA[A]]></answers></question><question><type>1</type><format>text</format><desc><![CDATA[7.护患关系建立应从什么时候开始]]></desc><options><option><id>A</id><type>text</type><desc><![CDATA[病人入院后6小时内]]></desc></option><option><id>B</id><type>text</type><desc><![CDATA[病人入院后24小时内]]></desc></option><option><id>C</id><type>text</type><desc><![CDATA[护患双方一见面]]></desc></option><option><id>D</id><type>text</type><desc><![CDATA[安置病人在病床后]]></desc></option><option><id>E</id><type>text</type><desc><![CDATA[给予病人测生命体征]]></desc></option></options><answers><![CDATA[C]]></answers></question><question><type>1</type><format>html</format><desc><![CDATA[8.下列<u><b>不属于</b></u>护患关系的影响因素是]]></desc><options><option><id>A</id><type>text</type><desc><![CDATA[信任危机]]></desc></option><option><id>B</id><type>text</type><desc><![CDATA[角色模糊]]></desc></option><option><id>C</id><type>text</type><desc><![CDATA[病人特征]]></desc></option><option><id>D</id><type>text</type><desc><![CDATA[责任不明]]></desc></option><option><id>E</id><type>text</type><desc><![CDATA[权益影响]]></desc></option></options><answers><![CDATA[C]]></answers></question><question><type>1</type><format>text</format><desc><![CDATA[9.“告诉病人做什么”“护士教会病人做什么”这种特征的护患关系模式适用于]]></desc><options><option><id>A</id><type>text</type><desc><![CDATA[婴幼儿]]></desc></option><option><id>B</id><type>text</type><desc><![CDATA[智力低下病人]]></desc></option><option><id>C</id><type>text</type><desc><![CDATA[神志清楚病程短病人]]></desc></option><option><id>D</id><type>text</type><desc><![CDATA[康复期病人]]></desc></option><option><id>E</id><type>text</type><desc><![CDATA[精神障碍病人]]></desc></option></options><answers><![CDATA[C]]></answers></question></questions><questions><instructions><![CDATA[A2型题]]></instructions><question><type>1</type><format>text</format><desc><![CDATA[10.李某，男，40岁。被诊断为肺炎，需住院治疗，但病人认为医生诊断有误，不能配合休息治疗。其角色适应不良是]]></desc><options><option><id>A</id><type>text</type><desc><![CDATA[角色行为缺如]]></desc></option><option><id>B</id><type>text</type><desc><![CDATA[角色行为强化]]></desc></option><option><id>C</id><type>text</type><desc><![CDATA[角色行为异常]]></desc></option><option><id>D</id><type>text</type><desc><![CDATA[角色行为冲突]]></desc></option><option><id>E</id><type>text</type><desc><![CDATA[角色行为消退]]></desc></option></options><answers><![CDATA[A]]></answers></question><question><type>1</type><format>text</format><desc><![CDATA[11.王阿姨因自己生病而无法照顾孩子的生活，表现为烦躁不安、焦虑、悲伤。其角色适应不良是]]></desc><options><option><id>A</id><type>text</type><desc><![CDATA[角色行为缺如]]></desc></option><option><id>B</id><type>text</type><desc><![CDATA[角色行为强化]]></desc></option><option><id>C</id><type>text</type><desc><![CDATA[角色行为异常]]></desc></option><option><id>D</id><type>text</type><desc><![CDATA[角色行为冲突]]></desc></option><option><id>E</id><type>text</type><desc><![CDATA[角色行为消退]]></desc></option></options><answers><![CDATA[D]]></answers></question><question><type>1</type><format>text</format><desc><![CDATA[12.王某，踝关节骨折治疗康复阶段，对简单功能锻炼产生畏惧，怕疼痛，不肯配合康复治疗。其角色适应不良是]]></desc><options><option><id>A</id><type>text</type><desc><![CDATA[角色行为缺如]]></desc></option><option><id>B</id><type>text</type><desc><![CDATA[角色行为强化]]></desc></option><option><id>C</id><type>text</type><desc><![CDATA[角色行为异常]]></desc></option><option><id>D</id><type>text</type><desc><![CDATA[角色行为冲突]]></desc></option><option><id>E</id><type>text</type><desc><![CDATA[角色行为消退]]></desc></option></options><answers><![CDATA[B]]></answers></question><question><type>1</type><format>text</format><desc><![CDATA[13.廖某，女，40岁。因胃溃疡出血而住院治疗1周，今天儿子突发意外骨折住院，廖某坚持出院到骨科照顾儿子。其角色适应不良是]]></desc><options><option><id>A</id><type>text</type><desc><![CDATA[角色行为缺如]]></desc></option><option><id>B</id><type>text</type><desc><![CDATA[角色行为强化]]></desc></option><option><id>C</id><type>text</type><desc><![CDATA[角色行为异常]]></desc></option><option><id>D</id><type>text</type><desc><![CDATA[角色行为冲突]]></desc></option><option><id>E</id><type>text</type><desc><![CDATA[角色行为消退]]></desc></option></options><answers><![CDATA[E]]></answers></question><question><type>1</type><format>text</format><desc><![CDATA[14.郑某，男，55岁。直肠癌症晚期，拒绝护士给予化疗，将护理治疗盘推落地上，其角色适应不良是]]></desc><options><option><id>A</id><type>text</type><desc><![CDATA[角色行为缺如]]></desc></option><option><id>B</id><type>text</type><desc><![CDATA[角色行为强化]]></desc></option><option><id>C</id><type>text</type><desc><![CDATA[角色行为异常]]></desc></option><option><id>D</id><type>text</type><desc><![CDATA[角色行为冲突]]></desc></option><option><id>E</id><type>text</type><desc><![CDATA[角色行为消退]]></desc></option></options><answers><![CDATA[C]]></answers></question><question><type>1</type><format>text</format><desc><![CDATA[15.姜某，女，60岁。入院后责怪医院环境不清洁，病房条件不好，膳食也不好，其角色适应心理反应是]]></desc><options><option><id>A</id><type>text</type><desc><![CDATA[焦虑、恐惧]]></desc></option><option><id>B</id><type>text</type><desc><![CDATA[情绪不稳定]]></desc></option><option><id>C</id><type>text</type><desc><![CDATA[自尊心增强]]></desc></option><option><id>D</id><type>text</type><desc><![CDATA[猜疑心加重]]></desc></option><option><id>E</id><type>text</type><desc><![CDATA[主观感觉异常]]></desc></option></options><answers><![CDATA[E]]></answers></question><question><type>1</type><format>text</format><desc><![CDATA[16.郭某，35岁，建筑工地搬运工人。不慎从建筑架上坠落，当场昏迷，急诊入院。请问应采用何种护患关系模式给予护理]]></desc><options><option><id>A</id><type>text</type><desc><![CDATA[主动-被动型]]></desc></option><option><id>B</id><type>text</type><desc><![CDATA[指导-合作型]]></desc></option><option><id>C</id><type>text</type><desc><![CDATA[共同参与型]]></desc></option><option><id>D</id><type>text</type><desc><![CDATA[主动-合作型]]></desc></option><option><id>E</id><type>text</type><desc><![CDATA[共同指导型]]></desc></option></options><answers><![CDATA[A]]></answers></question><question><type>1</type><format>text</format><desc><![CDATA[17.王某，意外车祸，经抢救病人意识恢复，但下半身失去知觉，病人情绪低落，请问面部清洁护理时可用何种护患关系模式给予护理]]></desc><options><option><id>A</id><type>text</type><desc><![CDATA[主动-被动型]]></desc></option><option><id>B</id><type>text</type><desc><![CDATA[指导-合作型]]></desc></option><option><id>C</id><type>text</type><desc><![CDATA[共同参与型]]></desc></option><option><id>D</id><type>text</type><desc><![CDATA[主动-合作型]]></desc></option><option><id>E</id><type>text</type><desc><![CDATA[共同指导型]]></desc></option></options><answers><![CDATA[B]]></answers></question><question><type>1</type><format>text</format><desc><![CDATA[18.廖某，因急性脑梗塞导致左侧半身不遂急诊入院，经一段时间治疗后病情好转，现在需要左侧肢体功能锻炼，请问应采用何种护患关系模式给予康复护理]]></desc><options><option><id>A</id><type>text</type><desc><![CDATA[主动-被动型]]></desc></option><option><id>B</id><type>text</type><desc><![CDATA[指导-合作型]]></desc></option><option><id>C</id><type>text</type><desc><![CDATA[共同参与型]]></desc></option><option><id>D</id><type>text</type><desc><![CDATA[主动-合作型]]></desc></option><option><id>E</id><type>text</type><desc><![CDATA[共同指导型]]></desc></option></options><answers><![CDATA[C]]></answers></question><question><type>1</type><format>text</format><desc><![CDATA[19.杨某，拟急性胃肠炎被收入院，护士小谢热情将杨某引入病室，此时小谢与杨某的护患关系属于哪个阶段]]></desc><options><option><id>A</id><type>text</type><desc><![CDATA[初始期]]></desc></option><option><id>B</id><type>text</type><desc><![CDATA[工作期]]></desc></option><option><id>C</id><type>text</type><desc><![CDATA[结束期]]></desc></option><option><id>D</id><type>text</type><desc><![CDATA[终止评价阶段]]></desc></option><option><id>E</id><type>text</type><desc><![CDATA[信任合作阶段]]></desc></option></options><answers><![CDATA[A]]></answers></question><question><type>1</type><format>text</format><desc><![CDATA[20.杨某，左手臂断肢再植后，经过精心治疗、护理和康复锻炼，医嘱今日出院，护士与杨某的护患关系进入什么阶段]]></desc><options><option><id>A</id><type>text</type><desc><![CDATA[初始期]]></desc></option><option><id>B</id><type>text</type><desc><![CDATA[工作期]]></desc></option><option><id>C</id><type>text</type><desc><![CDATA[结束期]]></desc></option><option><id>D</id><type>text</type><desc><![CDATA[观察熟悉阶段]]></desc></option><option><id>E</id><type>text</type><desc><![CDATA[信任合作阶段]]></desc></option></options><answers><![CDATA[C]]></answers></question></questions></exam>