﻿<?xml version="1.0" encoding="UTF-8"?><exam><id>20181101171324</id><questions><instructions><![CDATA[A1型题]]></instructions><question><type>1</type><format>text</format><desc><![CDATA[1.在母系氏族社会中，妇女照顾家中伤病者，形成主要的照顾方式是]]></desc><options><option><id>A</id><type>text</type><desc><![CDATA[“自我保护”式]]></desc></option><option><id>B</id><type>text</type><desc><![CDATA[“家庭式”]]></desc></option><option><id>C</id><type>text</type><desc><![CDATA[宗教式]]></desc></option><option><id>D</id><type>text</type><desc><![CDATA[社会化服务]]></desc></option><option><id>E</id><type>text</type><desc><![CDATA[护理社团]]></desc></option></options><answers><![CDATA[B]]></answers></question><question><type>1</type><format>text</format><desc><![CDATA[2.现代医学模式为]]></desc><options><option><id>A</id><type>text</type><desc><![CDATA[生物医学模式]]></desc></option><option><id>B</id><type>text</type><desc><![CDATA[生物、心理医学模式]]></desc></option><option><id>C</id><type>text</type><desc><![CDATA[心理、社会医学模式]]></desc></option><option><id>D</id><type>text</type><desc><![CDATA[生物、生理、社会医学模式]]></desc></option><option><id>E</id><type>text</type><desc><![CDATA[生物、心理、社会医学模式]]></desc></option></options><answers><![CDATA[E]]></answers><keypoints><![CDATA[解析：1977年美国医学家恩格尔提出了“生物-心理-社会医学模式”，在这一新观念的指导下，护理发生了根本性的变革，护理由“以疾病为中心”转向了“以病人为中心”的发展阶段。]]></keypoints></question><question><type>1</type><format>text</format><desc><![CDATA[3.科学护理专业的诞生是在]]></desc><options><option><id>A</id><type>text</type><desc><![CDATA[17世纪中叶]]></desc></option><option><id>B</id><type>text</type><desc><![CDATA[18世纪中叶]]></desc></option><option><id>C</id><type>text</type><desc><![CDATA[19世纪中叶]]></desc></option><option><id>D</id><type>text</type><desc><![CDATA[20世纪初期]]></desc></option><option><id>E</id><type>text</type><desc><![CDATA[20世纪中叶]]></desc></option></options><answers><![CDATA[C]]></answers></question><question><type>1</type><format>html</format><desc><![CDATA[4.下列<u><b>不是</b></u>社区保健的工作内容的是]]></desc><options><option><id>A</id><type>text</type><desc><![CDATA[妇幼保健]]></desc></option><option><id>B</id><type>text</type><desc><![CDATA[健康教育]]></desc></option><option><id>C</id><type>text</type><desc><![CDATA[健康咨询]]></desc></option><option><id>D</id><type>text</type><desc><![CDATA[护理技术培训]]></desc></option><option><id>E</id><type>text</type><desc><![CDATA[防疫灭菌]]></desc></option></options><answers><![CDATA[D]]></answers></question><question><type>1</type><format>text</format><desc><![CDATA[5.在克里米亚战争中，由于南丁格尔和护士们卓有成效的工作使伤员死亡率从42%降到]]></desc><options><option><id>A</id><type>text</type><desc><![CDATA[2.0%]]></desc></option><option><id>B</id><type>text</type><desc><![CDATA[2.2%]]></desc></option><option><id>C</id><type>text</type><desc><![CDATA[5.0%]]></desc></option><option><id>D</id><type>text</type><desc><![CDATA[5.5%]]></desc></option><option><id>E</id><type>text</type><desc><![CDATA[10%]]></desc></option></options><answers><![CDATA[B]]></answers></question><question><type>1</type><format>html</format><desc><![CDATA[6.关于整体护理的概念，下列选项<u><b>不妥</b></u>的是]]></desc><options><option><id>A</id><type>text</type><desc><![CDATA[护理工作是对病人生活和疾病的护理]]></desc></option><option><id>B</id><type>text</type><desc><![CDATA[护理工作能满足护理对象生理、心理、社会等方面的需求]]></desc></option><option><id>C</id><type>text</type><desc><![CDATA[护理服务的对象包括病人也包括健康人]]></desc></option><option><id>D</id><type>text</type><desc><![CDATA[护理服务于人的生命全过程]]></desc></option><option><id>E</id><type>text</type><desc><![CDATA[护理工作服务于个体、家庭和社会]]></desc></option></options><answers><![CDATA[A]]></answers><keypoints><![CDATA[解析：在“以病人为中心”的阶段，护理工作内容不再是单纯地、被动地执行医嘱和完成护理技术操作，取而代之的是对病人实施身、心、社会等全方位的整体护理，满足病人的健康需要。]]></keypoints></question><question><type>1</type><format>text</format><desc><![CDATA[7.记载“肾病勿食盐”观点的医学经典著作是]]></desc><options><option><id>A</id><type>text</type><desc><![CDATA[《备急千金要方》]]></desc></option><option><id>B</id><type>text</type><desc><![CDATA[《妇人大全良方》]]></desc></option><option><id>C</id><type>text</type><desc><![CDATA[《黄帝内经》]]></desc></option><option><id>D</id><type>text</type><desc><![CDATA[《本草纲目》]]></desc></option><option><id>E</id><type>text</type><desc><![CDATA[《五禽戏》]]></desc></option></options><answers><![CDATA[C]]></answers></question><question><type>1</type><format>text</format><desc><![CDATA[8.将“nurse”一词译为“护士”的护理前辈是]]></desc><options><option><id>A</id><type>text</type><desc><![CDATA[南丁格尔]]></desc></option><option><id>B</id><type>text</type><desc><![CDATA[钟茂芳<b></b>]]></desc></option><option><id>C</id><type>text</type><desc><![CDATA[王琇瑛]]></desc></option><option><id>D</id><type>text</type><desc><![CDATA[林菊英]]></desc></option><option><id>E</id><type>text</type><desc><![CDATA[韩德森]]></desc></option></options><answers><![CDATA[B]]></answers></question><question><type>1</type><format>text</format><desc><![CDATA[9.护理工作服务的对象是]]></desc><options><option><id>A</id><type>text</type><desc><![CDATA[患病的人]]></desc></option><option><id>B</id><type>text</type><desc><![CDATA[有残疾的人]]></desc></option><option><id>C</id><type>text</type><desc><![CDATA[有心理障碍的人]]></desc></option><option><id>D</id><type>text</type><desc><![CDATA[健康的人]]></desc></option><option><id>E</id><type>text</type><desc><![CDATA[所有的人]]></desc></option></options><answers><![CDATA[E]]></answers><keypoints><![CDATA[解析：护理学所研究的服务对象已扩展到全人类，包括个体、家庭、社区、社会四个层面；护理工作范畴从对病人的护理扩展到对人的生命全过程的护理，由个体扩展到对群体护理。]]></keypoints></question><question><type>1</type><format>text</format><desc><![CDATA[10.我国举行首次护士执业考试的时间是]]></desc><options><option><id>A</id><type>text</type><desc><![CDATA[1950年]]></desc></option><option><id>B</id><type>text</type><desc><![CDATA[1979年]]></desc></option><option><id>C</id><type>text</type><desc><![CDATA[1993年]]></desc></option><option><id>D</id><type>text</type><desc><![CDATA[1995年]]></desc></option><option><id>E</id><type>text</type><desc><![CDATA[1998年]]></desc></option></options><answers><![CDATA[D]]></answers></question><question><type>1</type><format>text</format><desc><![CDATA[11.为加强我国护理界与国际间的交流，1985年卫生部在北京设立了]]></desc><options><option><id>A</id><type>text</type><desc><![CDATA[护理教育中心]]></desc></option><option><id>B</id><type>text</type><desc><![CDATA[临床护理中心]]></desc></option><option><id>C</id><type>text</type><desc><![CDATA[全国护理中心]]></desc></option><option><id>D</id><type>text</type><desc><![CDATA[世界卫生护理发展中心]]></desc></option><option><id>E</id><type>text</type><desc><![CDATA[国际护理交流中心]]></desc></option></options><answers><![CDATA[C]]></answers></question><question><type>1</type><format>text</format><desc><![CDATA[12.恢复健康的护理实践活动有]]></desc><options><option><id>A</id><type>text</type><desc><![CDATA[合理膳食]]></desc></option><option><id>B</id><type>text</type><desc><![CDATA[戒烟限酒]]></desc></option><option><id>C</id><type>text</type><desc><![CDATA[功能锻炼]]></desc></option><option><id>D</id><type>text</type><desc><![CDATA[控制疼痛]]></desc></option><option><id>E</id><type>text</type><desc><![CDATA[定期体检]]></desc></option></options><answers><![CDATA[C]]></answers><keypoints><![CDATA[解析：恢复健康是帮助病人在患病或有影响健康的问题后，改善其健康状况，提高健康水平。这类护理实践活动包括为病人提供直接护理，如执行药物治疗、提供生活护理；进行护理评估，如测量生命体征等；与其他卫生保健专业人员共同协助残障者参与他们力所能及的活动，将残障损害降到最低限度，指导病人进行康复训练活动，使其从活动中得到锻炼、获得自信，以利恢复健康。]]></keypoints></question><question><type>1</type><format>text</format><desc><![CDATA[13.帮助人群获取在维持或增进健康时所需要的知识及资源属于]]></desc><options><option><id>A</id><type>text</type><desc><![CDATA[促进健康]]></desc></option><option><id>B</id><type>text</type><desc><![CDATA[预防保健]]></desc></option><option><id>C</id><type>text</type><desc><![CDATA[维持健康]]></desc></option><option><id>D</id><type>text</type><desc><![CDATA[恢复健康]]></desc></option><option><id>E</id><type>text</type><desc><![CDATA[减轻痛苦]]></desc></option></options><answers><![CDATA[A]]></answers><keypoints><![CDATA[解析：促进健康是帮助个体、家庭和社区获取在维持或增进健康时所需要的知识及资源。这类护理实践活动包括教育人们对自己的健康、建立健康的生活方式、提供有关营养和膳食变化的咨询、解释加强锻炼的意义、告知吸烟对人体的危害、指导安全有效用药、预防意外伤害和提供健康信息以帮助人们利用健康资源等。]]></keypoints></question><question><type>1</type><format>text</format><desc><![CDATA[14.强调护理是一门专业，医患双方是合作伙伴，符合下列护理阶段特点的是]]></desc><options><option><id>A</id><type>text</type><desc><![CDATA[以病人为中心]]></desc></option><option><id>B</id><type>text</type><desc><![CDATA[以疾病为中心]]></desc></option><option><id>C</id><type>text</type><desc><![CDATA[以人的健康为中心]]></desc></option><option><id>D</id><type>text</type><desc><![CDATA[以预防保健为中心]]></desc></option><option><id>E</id><type>text</type><desc><![CDATA[以疾病治疗为中心]]></desc></option></options><answers><![CDATA[A]]></answers></question><question><type>1</type><format>text</format><desc><![CDATA[15.1977年WHO提出的战略目标是]]></desc><options><option><id>A</id><type>text</type><desc><![CDATA[以系统论组织护理工作]]></desc></option><option><id>B</id><type>text</type><desc><![CDATA[按人的基本需要论组织护理工作]]></desc></option><option><id>C</id><type>text</type><desc><![CDATA[全球运用护理程序]]></desc></option><option><id>D</id><type>text</type><desc><![CDATA[2000年人人享有卫生保健]]></desc></option><option><id>E</id><type>text</type><desc><![CDATA[建立生物、心理、社会医学模式]]></desc></option></options><answers><![CDATA[D]]></answers><keypoints><![CDATA[解析：1977年WHO提出 “2000年人人享有卫生保健”的目标，对护理工作的发展产生巨大的推动作用，护理工作向着“以人的健康为中心”的方向迈进。]]></keypoints></question><question><type>1</type><format>text</format><desc><![CDATA[16.有关人的概念的描述，正确的是]]></desc><options><option><id>A</id><type>text</type><desc><![CDATA[人是一个闭合的系统]]></desc></option><option><id>B</id><type>text</type><desc><![CDATA[人只受生物学规律控制]]></desc></option><option><id>C</id><type>text</type><desc><![CDATA[人由生理和心理两部分组成]]></desc></option><option><id>D</id><type>text</type><desc><![CDATA[人是护理实践的核心和基础]]></desc></option><option><id>E</id><type>text</type><desc><![CDATA[护理学研究的对象是住院病人]]></desc></option></options><answers><![CDATA[D]]></answers></question><question><type>1</type><format>html</format><desc><![CDATA[17.下列对环境的认识，<u><b>不妥</b></u>的是]]></desc><options><option><id>A</id><type>text</type><desc><![CDATA[人与环境相互作用]]></desc></option><option><id>B</id><type>text</type><desc><![CDATA[人可以改变环境]]></desc></option><option><id>C</id><type>text</type><desc><![CDATA[环境决定人的健康]]></desc></option><option><id>D</id><type>text</type><desc><![CDATA[环境包括内环境和外环境]]></desc></option><option><id>E</id><type>text</type><desc><![CDATA[环境是动态的和持续变化的]]></desc></option></options><answers><![CDATA[C]]></answers></question><question><type>1</type><format>text</format><desc><![CDATA[18.以病人为中心，由责任护士对病人实行8小时在岗24小时负责制的护理工作方式为]]></desc><options><option><id>A</id><type>text</type><desc><![CDATA[责任制护理]]></desc></option><option><id>B</id><type>text</type><desc><![CDATA[小组制护理]]></desc></option><option><id>C</id><type>text</type><desc><![CDATA[功能制护理]]></desc></option><option><id>D</id><type>text</type><desc><![CDATA[个案护理]]></desc></option><option><id>E</id><type>text</type><desc><![CDATA[系统化整体护理]]></desc></option></options><answers><![CDATA[A]]></answers></question></questions><questions><instructions><![CDATA[A2型题]]></instructions><question><type>1</type><format>text</format><desc><![CDATA[19.沈某，女，45岁。因卵巢囊肿需进行手术治疗，护士小李于术前进行导尿管留置，引出尿液排空膀胱，以避免手术中误伤，此项护理措施属于]]></desc><options><option><id>A</id><type>text</type><desc><![CDATA[临床护理]]></desc></option><option><id>B</id><type>text</type><desc><![CDATA[护理教育]]></desc></option><option><id>C</id><type>text</type><desc><![CDATA[护理管理]]></desc></option><option><id>D</id><type>text</type><desc><![CDATA[社区护理]]></desc></option><option><id>E</id><type>text</type><desc><![CDATA[护理研究]]></desc></option></options><answers><![CDATA[A]]></answers><keypoints><![CDATA[解析：临床护理着重于对服务对象的照顾及恢复。护士工作的重点包括提供直接或间接的服务对象护理，满足服务对象所需要的护理服务；根据医嘱执行治疗措施，观察服务对象对治疗及护理的反应；实施执行各项护理技术操作及护理常规等。]]></keypoints></question><question><type>1</type><format>text</format><desc><![CDATA[20.护士与一位糖尿病病人及家属共同研究和讨论病人出院后的饮食安排问题，此时护士的最主要角色是]]></desc><options><option><id>A</id><type>text</type><desc><![CDATA[提供照顾者]]></desc></option><option><id>B</id><type>text</type><desc><![CDATA[健康咨询者]]></desc></option><option><id>C</id><type>text</type><desc><![CDATA[健康协调者]]></desc></option><option><id>D</id><type>text</type><desc><![CDATA[健康教育者]]></desc></option><option><id>E</id><type>text</type><desc><![CDATA[病人代言人]]></desc></option></options><answers><![CDATA[D]]></answers><keypoints><![CDATA[解析：在人的健康为中心的护理阶段，护士角色多元化，使护士不仅是医生的合作伙伴，还是护理计划制定者、照顾者、教育者、管理者、咨询者、病人的代言人等。健康教育是护士指导保健知识、疾病预防、康复知识和技能，以改善服务对象的健康态度和不良行为，提高生存质量。]]></keypoints></question></questions></exam>