﻿<?xml version="1.0" encoding="UTF-8"?><exam><id>20181101221533</id><questions><instructions><![CDATA[A1型题]]></instructions><question><type>1</type><format>html</format><desc><![CDATA[1.关于护理安全的防范原则中描述<u><b>不妥的</b></u>是]]></desc><options><option><id>A</id><type>text</type><desc><![CDATA[开展护理安全方面的法律培训]]></desc></option><option><id>B</id><type>text</type><desc><![CDATA[创造安全健康的工作环境]]></desc></option><option><id>C</id><type>text</type><desc><![CDATA[发现不安全问题加重处罚]]></desc></option><option><id>D</id><type>text</type><desc><![CDATA[重视护患沟通，做好健康教育]]></desc></option><option><id>E</id><type>text</type><desc><![CDATA[预防为主，消除隐患]]></desc></option></options><answers><![CDATA[C]]></answers><keypoints><![CDATA[解析：应创造无责备、非惩罚的文化氛围。]]></keypoints></question><question><type>1</type><format>html</format><desc><![CDATA[2.下列<u><b>不属于</b></u>物理因素引起的护理职业损伤的是]]></desc><options><option><id>A</id><type>text</type><desc><![CDATA[慢性腰肌劳损]]></desc></option><option><id>B</id><type>text</type><desc><![CDATA[下肢颈静脉曲张]]></desc></option><option><id>C</id><type>text</type><desc><![CDATA[缝合针刺伤]]></desc></option><option><id>D</id><type>text</type><desc><![CDATA[腰椎间盘突出症]]></desc></option><option><id>E</id><type>text</type><desc><![CDATA[氟化物中毒]]></desc></option></options><answers><![CDATA[E]]></answers><keypoints><![CDATA[解析：造成护理职业损伤常见的物理因素有锐器伤、负重伤、辐射性损伤与温度性损伤等。]]></keypoints></question><question><type>1</type><format>text</format><desc><![CDATA[3.下列关于化疗药物给药过程的描述正确的是]]></desc><options><option><id>A</id><type>text</type><desc><![CDATA[通常使用不带排气孔的输液器]]></desc></option><option><id>B</id><type>text</type><desc><![CDATA[为病人静脉穿刺时徒手操作]]></desc></option><option><id>C</id><type>text</type><desc><![CDATA[排气时将药液排入弯盘中]]></desc></option><option><id>D</id><type>text</type><desc><![CDATA[从茂菲滴管加药时快速推入]]></desc></option><option><id>E</id><type>text</type><desc><![CDATA[药粉不慎撒落地上应先清扫]]></desc></option></options><answers><![CDATA[A]]></answers><keypoints><![CDATA[解析：防止给药过程发生化疗药物外漏，一般使用不带排气孔的输液器。给药时应戴手套、护目镜等。排气时，备好无菌酒精棉片或棉球并放在针头周围避免药液外流。若为药粉溢到桌面或地上，应用湿纱布擦抹，防止药物粉尘飞扬。]]></keypoints></question><question><type>1</type><format>html</format><desc><![CDATA[4.下列护理职业防护措施<u><b>不妥的</b></u>是]]></desc><options><option><id>A</id><type>text</type><desc><![CDATA[养成操作后正确洗手的习惯]]></desc></option><option><id>B</id><type>text</type><desc><![CDATA[医疗废物应分类管理]]></desc></option><option><id>C</id><type>text</type><desc><![CDATA[盛装医疗废物的容器应装满并严密封口]]></desc></option><option><id>D</id><type>text</type><desc><![CDATA[提高职业防护意识]]></desc></option><option><id>E</id><type>text</type><desc><![CDATA[护理人力配备合理]]></desc></option></options><answers><![CDATA[C]]></answers><keypoints><![CDATA[解析：包装物或容器内盛装医疗废物达到3/4时，应当使用有效的封口方式，使封口紧实、严密。]]></keypoints></question><question><type>1</type><format>text</format><desc><![CDATA[5.关于负重伤的防护措施中正确的是]]></desc><options><option><id>A</id><type>text</type><desc><![CDATA[工作时穿软底鞋、弹力袜]]></desc></option><option><id>B</id><type>text</type><desc><![CDATA[可长期佩戴腰围]]></desc></option><option><id>C</id><type>text</type><desc><![CDATA[多摄取富高脂类食物]]></desc></option><option><id>D</id><type>text</type><desc><![CDATA[可弯腰用力搬起重物]]></desc></option><option><id>E</id><type>text</type><desc><![CDATA[选用柔软的床垫]]></desc></option></options><answers><![CDATA[A]]></answers></question><question><type>1</type><format>text</format><desc><![CDATA[6.锐器伤发生后容易引起血源性传播疾病，其中临床护理工作中最为常见、危害最大的是]]></desc><options><option><id>A</id><type>text</type><desc><![CDATA[结核病]]></desc></option><option><id>B</id><type>text</type><desc><![CDATA[肝炎及艾滋病]]></desc></option><option><id>C</id><type>text</type><desc><![CDATA[梅毒]]></desc></option><option><id>D</id><type>text</type><desc><![CDATA[疟疾]]></desc></option><option><id>E</id><type>text</type><desc><![CDATA[弓形虫病]]></desc></option></options><answers><![CDATA[B]]></answers></question><question><type>1</type><format>text</format><desc><![CDATA[7.护士工作过程若不慎被污染的锐器刺伤后，首先应采取的措施是]]></desc><options><option><id>A</id><type>text</type><desc><![CDATA[肥皂水清洗伤口]]></desc></option><option><id>B</id><type>text</type><desc><![CDATA[消毒液消毒伤口]]></desc></option><option><id>C</id><type>text</type><desc><![CDATA[及时上报护士长]]></desc></option><option><id>D</id><type>text</type><desc><![CDATA[从伤口近心端向远心端挤出血液]]></desc></option><option><id>E</id><type>text</type><desc><![CDATA[做血清病毒学检查]]></desc></option></options><answers><![CDATA[D]]></answers></question><question><type>1</type><format>text</format><desc><![CDATA[8.下列选项中导致护理职业暴露最直接的原因是]]></desc><options><option><id>A</id><type>text</type><desc><![CDATA[病人家属的不理解]]></desc></option><option><id>B</id><type>text</type><desc><![CDATA[病人对治疗的不配合]]></desc></option><option><id>C</id><type>text</type><desc><![CDATA[护理培训的不到位]]></desc></option><option><id>D</id><type>text</type><desc><![CDATA[技术水平的不专业]]></desc></option><option><id>E</id><type>text</type><desc><![CDATA[接触医院感染的病人]]></desc></option></options><answers><![CDATA[E]]></answers></question><question><type>1</type><format>text</format><desc><![CDATA[9.病房中容易造成护士放射性损伤的因素有]]></desc><options><option><id>A</id><type>text</type><desc><![CDATA[烤灯]]></desc></option><option><id>B</id><type>text</type><desc><![CDATA[高频电刀]]></desc></option><option><id>C</id><type>text</type><desc><![CDATA[紫外线]]></desc></option><option><id>D</id><type>text</type><desc><![CDATA[臭氧]]></desc></option><option><id>E</id><type>text</type><desc><![CDATA[高压氧舱]]></desc></option></options><answers><![CDATA[C]]></answers></question><question><type>1</type><format>html</format><desc><![CDATA[10.为了避免锐器伤的发生，下列操作行为<u><b>错误的</b></u>是]]></desc><options><option><id>A</id><type>text</type><desc><![CDATA[污染器械分类消毒后洗刷]]></desc></option><option><id>B</id><type>text</type><desc><![CDATA[用过的针头放在利器盒内集中处理]]></desc></option><option><id>C</id><type>text</type><desc><![CDATA[用留置针取代钢针]]></desc></option><option><id>D</id><type>text</type><desc><![CDATA[双手回套护针帽]]></desc></option><option><id>E</id><type>text</type><desc><![CDATA[操作完毕用流水洗手]]></desc></option></options><answers><![CDATA[D]]></answers><keypoints><![CDATA[解析：吸药液后立即用单手（禁止双手）回套针帽]]></keypoints></question><question><type>1</type><format>html</format><desc><![CDATA[11.为了防止麻醉废气污染对手术室工作人员的健康造成不良影响，下列关于麻醉废气污染防护措施的叙述<u><b>不正确的</b></u>是]]></desc><options><option><id>A</id><type>text</type><desc><![CDATA[改善手术室的通风条件，建立完备的排放系统]]></desc></option><option><id>B</id><type>text</type><desc><![CDATA[实施手术室工作岗位的轮换制度]]></desc></option><option><id>C</id><type>text</type><desc><![CDATA[女性孕期适当减少手术间工作]]></desc></option><option><id>D</id><type>text</type><desc><![CDATA[提高手术室的工作效率]]></desc></option><option><id>E</id><type>text</type><desc><![CDATA[选用密闭性能好的麻醉机]]></desc></option></options><answers><![CDATA[C]]></answers><keypoints><![CDATA[解析：孕妇和哺乳期女性尽量不安排进手术间工作。]]></keypoints></question></questions><questions><instructions><![CDATA[A2型题]]></instructions><question><type>1</type><format>html</format><desc><![CDATA[12.护士小张在配置化疗药时，不慎将药液外溅于衣服、手指及面部，她的处理措施<u><b>不妥的</b></u>是]]></desc><options><option><id>A</id><type>text</type><desc><![CDATA[请求他人帮助共同处理]]></desc></option><option><id>B</id><type>text</type><desc><![CDATA[溅到工作服上，立即更换衣物]]></desc></option><option><id>C</id><type>text</type><desc><![CDATA[立即用肥皂水、流水清洗污染部位]]></desc></option><option><id>D</id><type>text</type><desc><![CDATA[记录接触情况，必要时就医治疗]]></desc></option><option><id>E</id><type>text</type><desc><![CDATA[药液溅入眼睛时迅速冲洗眼睛]]></desc></option></options><answers><![CDATA[A]]></answers></question><question><type>1</type><format>html</format><desc><![CDATA[13.王护士从事临床护理工作5年，期间压力重重，病人不理解，职称评不上，常感到身体疲惫、力不从心，下述应对措施中<u><b>不妥的</b></u>是]]></desc><options><option><id>A</id><type>text</type><desc><![CDATA[准确评价自我]]></desc></option><option><id>B</id><type>text</type><desc><![CDATA[能换位思考]]></desc></option><option><id>C</id><type>text</type><desc><![CDATA[劳逸结合，合理膳食]]></desc></option><option><id>D</id><type>text</type><desc><![CDATA[减少工作时间]]></desc></option><option><id>E</id><type>text</type><desc><![CDATA[寻求专业帮助]]></desc></option></options><answers><![CDATA[D]]></answers></question><question><type>1</type><format>html</format><desc><![CDATA[14.某天实习护士小李在为病人测血压后发现血压计盒内有汞珠泄漏，<u><b>排除</b></u>下列发生汞泄漏原因有]]></desc><options><option><id>A</id><type>text</type><desc><![CDATA[血压计倒置携带]]></desc></option><option><id>B</id><type>text</type><desc><![CDATA[血压计用毕向左倾斜45°，使汞液全部归至汞槽再关闭开关]]></desc></option><option><id>C</id><type>text</type><desc><![CDATA[充气不可过猛过快]]></desc></option><option><id>D</id><type>text</type><desc><![CDATA[汞槽开关有松动]]></desc></option><option><id>E</id><type>text</type><desc><![CDATA[玻璃管有一细小裂缝]]></desc></option></options><answers><![CDATA[C]]></answers><keypoints><![CDATA[解析：规范使用汞式血压计：使用前需先检查汞槽开关是否关闭，有无松动，玻璃管有无裂缝、破损。使用过程中，血压计放置平稳，勿倒置，充气不可过猛过快，用毕，将血压计向右倾斜45°，使汞液全部归至汞槽再关闭开关。]]></keypoints></question><question><type>1</type><format>text</format><desc><![CDATA[15.护士小张为病人进行热疗时，不慎手被热水袋烫伤，小张的损伤属于]]></desc><options><option><id>A</id><type>text</type><desc><![CDATA[生物性损伤]]></desc></option><option><id>B</id><type>text</type><desc><![CDATA[化学性损伤]]></desc></option><option><id>C</id><type>text</type><desc><![CDATA[物理性损伤]]></desc></option><option><id>D</id><type>text</type><desc><![CDATA[心理性损伤]]></desc></option><option><id>E</id><type>text</type><desc><![CDATA[社会性损伤]]></desc></option></options><answers><![CDATA[C]]></answers><keypoints><![CDATA[解析：温度性损伤属于物理性损伤。]]></keypoints></question><question><type>1</type><format>text</format><desc><![CDATA[16.某护士在急诊科工作18年，由于工作长期处于紧张状态，在病人行动不便时还要协助搬运病人，劳动强度较大，经常感到身心疲惫，近期腰部不适加重，检查为腰椎间盘突出，导致其损伤的职业因素属于]]></desc><options><option><id>A</id><type>text</type><desc><![CDATA[化学因素]]></desc></option><option><id>B</id><type>text</type><desc><![CDATA[生物因素]]></desc></option><option><id>C</id><type>text</type><desc><![CDATA[放射因素]]></desc></option><option><id>D</id><type>text</type><desc><![CDATA[物理因素]]></desc></option><option><id>E</id><type>text</type><desc><![CDATA[心理因素]]></desc></option></options><answers><![CDATA[D]]></answers><keypoints><![CDATA[解析：该护士工作时间长，劳动强度较大，有时还搬运病人。其腰椎间盘突出从护理职业损伤的角度分析属于物理因素中的负重伤。]]></keypoints></question><question><type>1</type><format>html</format><desc><![CDATA[17.护士小李在为艾滋病病人输液拔针后，不慎被针头划破其左手，其处理措施<u><b>不妥</b></u>的是]]></desc><options><option><id>A</id><type>text</type><desc><![CDATA[用肥皂水、流动自来水反复冲洗伤口]]></desc></option><option><id>B</id><type>text</type><desc><![CDATA[由近心端向远心端挤出损伤处的血液]]></desc></option><option><id>C</id><type>text</type><desc><![CDATA[0.5%碘附消毒伤口]]></desc></option><option><id>D</id><type>text</type><desc><![CDATA[立即抽血做相关病毒血清学检查]]></desc></option><option><id>E</id><type>text</type><desc><![CDATA[立即按揉伤口，减少出血]]></desc></option></options><answers><![CDATA[E]]></answers><keypoints><![CDATA[解析：按揉伤口，减少出血，增加了被感染的可能性。]]></keypoints></question><question><type>1</type><format>text</format><desc><![CDATA[18.病人王某以“乙型病毒性肝炎”收住入院，护士小吴为病人注射后处理针头时不慎刺破手指，立即挤出血液、流水冲洗并消毒，小吴以前未接种过乙肝疫苗，此时她需要采取的最重要的防护措施是]]></desc><options><option><id>A</id><type>text</type><desc><![CDATA[加强营养]]></desc></option><option><id>B</id><type>text</type><desc><![CDATA[检查肝功能]]></desc></option><option><id>C</id><type>text</type><desc><![CDATA[注射乙肝疫苗和免疫球蛋白]]></desc></option><option><id>D</id><type>text</type><desc><![CDATA[肌注丙肝球蛋白]]></desc></option><option><id>E</id><type>text</type><desc><![CDATA[注射乙肝疫苗]]></desc></option></options><answers><![CDATA[C]]></answers><keypoints><![CDATA[解析：乙肝职业暴露后，受伤护士若未接种过乙肝疫苗，在伤后24小时内，第1、6个月注射乙肝疫苗，注射第一针疫苗的同时注射乙肝免疫球蛋白，第3、6、12个月随访监测。]]></keypoints></question><question><type>1</type><format>html</format><desc><![CDATA[19.实习生小马在为病人测完体温后不慎将汞式体温计打碎，随即向病人道歉，之后她的处理措施<u><b>不妥的</b></u>是]]></desc><options><option><id>A</id><type>text</type><desc><![CDATA[开窗通风，用笤帚、墩布清理碎屑及汞珠]]></desc></option><option><id>B</id><type>text</type><desc><![CDATA[用硫磺粉覆盖汞珠]]></desc></option><option><id>C</id><type>text</type><desc><![CDATA[协助病人转离该病房]]></desc></option><option><id>D</id><type>text</type><desc><![CDATA[关闭病房的空调热风]]></desc></option><option><id>E</id><type>text</type><desc><![CDATA[用一次性注射器抽吸汞滴]]></desc></option></options><answers><![CDATA[A]]></answers><keypoints><![CDATA[解析：汞滴散落后，应穿戴防护口罩、乳胶手套、防护围裙或防护服、鞋套，用一次性注射器抽吸汞滴或用硬纸片卷成筒状收集汞滴，放入盛有少量水的容器内，密封并注明“废弃汞”等标识，送往专管部门处理。]]></keypoints></question><question><type>1</type><format>html</format><desc><![CDATA[20.小岳从事护理工作以来积极上进，近日由于工作繁忙、与病人家属沟通不畅遭到其辱骂，致小岳闷闷不乐，对护理工作丧失信心，小岳的应对措施<u><b>不妥的</b></u>是]]></desc><options><option><id>A</id><type>text</type><desc><![CDATA[尽快向护士长寻求帮助]]></desc></option><option><id>B</id><type>text</type><desc><![CDATA[努力学习，提高自身综合素质]]></desc></option><option><id>C</id><type>text</type><desc><![CDATA[适当换位思考]]></desc></option><option><id>D</id><type>text</type><desc><![CDATA[与朋友娱乐，适当放松]]></desc></option><option><id>E</id><type>text</type><desc><![CDATA[放弃护理工作]]></desc></option></options><answers><![CDATA[E]]></answers><keypoints><![CDATA[解析：小岳属于心理-社会性损伤。其应对措施有：管理者应增加与护士的交流沟通，减轻其工作疲惫感、激发其工作热情，增强职业价值感。定期组织娱乐活动，营造和谐、良好的人际关系，缓解工作压力。自身不断进取，提高综合素质。树立健康积极的生活观，学会自我调适，必要时积极寻求专业帮助和争取社会支持。]]></keypoints></question></questions></exam>