﻿<?xml version="1.0" encoding="UTF-8"?><exam><id>20181101214818</id><questions><instructions><![CDATA[A1型题]]></instructions><question><type>1</type><format>html</format><desc><![CDATA[1.以下<u><b>不属于</b></u>系统基本属性的是]]></desc><options><option><id>A</id><type>text</type><desc><![CDATA[整体性]]></desc></option><option><id>B</id><type>text</type><desc><![CDATA[相关性]]></desc></option><option><id>C</id><type>text</type><desc><![CDATA[静态性]]></desc></option><option><id>D</id><type>text</type><desc><![CDATA[层次性]]></desc></option><option><id>E</id><type>text</type><desc><![CDATA[目的性]]></desc></option></options><answers><![CDATA[C]]></answers></question><question><type>1</type><format>text</format><desc><![CDATA[2.压力是指个体对作用于自身的]]></desc><options><option><id>A</id><type>text</type><desc><![CDATA[内环境刺激的特异性反应]]></desc></option><option><id>B</id><type>text</type><desc><![CDATA[内环境刺激的非特异性反应]]></desc></option><option><id>C</id><type>text</type><desc><![CDATA[外环境刺激的特异性反应]]></desc></option><option><id>D</id><type>text</type><desc><![CDATA[外环境刺激的非特异性反应]]></desc></option><option><id>E</id><type>text</type><desc><![CDATA[内外环境刺激的非特异性反应]]></desc></option></options><answers><![CDATA[E]]></answers></question><question><type>1</type><format>html</format><desc><![CDATA[3.下列压力源<u><b>不属于</b></u>生理、病理性压力源的是]]></desc><options><option><id>A</id><type>text</type><desc><![CDATA[细菌、病毒及寄生虫]]></desc></option><option><id>B</id><type>text</type><desc><![CDATA[更年期的变化]]></desc></option><option><id>C</id><type>text</type><desc><![CDATA[手术或外伤]]></desc></option><option><id>D</id><type>text</type><desc><![CDATA[基本需要未被满足]]></desc></option><option><id>E</id><type>text</type><desc><![CDATA[缺氧]]></desc></option></options><answers><![CDATA[A]]></answers></question><question><type>1</type><format>text</format><desc><![CDATA[4.根据艾瑞克森的心理社会发展学说，青春期的发展危机是]]></desc><options><option><id>A</id><type>text</type><desc><![CDATA[信任-不信任]]></desc></option><option><id>B</id><type>text</type><desc><![CDATA[自主-羞愧]]></desc></option><option><id>C</id><type>text</type><desc><![CDATA[主动-内疚]]></desc></option><option><id>D</id><type>text</type><desc><![CDATA[自我认同-角色混乱]]></desc></option><option><id>E</id><type>text</type><desc><![CDATA[完善-失望]]></desc></option></options><answers><![CDATA[D]]></answers></question><question><type>1</type><format>text</format><desc><![CDATA[5.根据皮亚杰的认知发展理论，出现初步逻辑思维的阶段是]]></desc><options><option><id>A</id><type>text</type><desc><![CDATA[感觉运动期]]></desc></option><option><id>B</id><type>text</type><desc><![CDATA[前运思期]]></desc></option><option><id>C</id><type>text</type><desc><![CDATA[具体运思期]]></desc></option><option><id>D</id><type>text</type><desc><![CDATA[形式运思期]]></desc></option><option><id>E</id><type>text</type><desc><![CDATA[后运思期]]></desc></option></options><answers><![CDATA[C]]></answers><keypoints><![CDATA[解析：约7～11岁，在这一阶段，出现了逻辑思维。儿童的思维已具有可逆性和守恒性，但这种思维还离不开具体事物的支持，故该题选择C。]]></keypoints></question><question><type>1</type><format>text</format><desc><![CDATA[6.当个体发生疾病时采取的第三线防卫是]]></desc><options><option><id>A</id><type>text</type><desc><![CDATA[生理防卫]]></desc></option><option><id>B</id><type>text</type><desc><![CDATA[心理防卫]]></desc></option><option><id>C</id><type>text</type><desc><![CDATA[自力救助]]></desc></option><option><id>D</id><type>text</type><desc><![CDATA[向家属求助]]></desc></option><option><id>E</id><type>text</type><desc><![CDATA[寻求医务人员的帮助]]></desc></option></options><answers><![CDATA[E]]></answers></question><question><type>1</type><format>text</format><desc><![CDATA[7.对人类基本需要的理解正确的是]]></desc><options><option><id>A</id><type>text</type><desc><![CDATA[生理的需要是指个体需要有保障、受保护]]></desc></option><option><id>B</id><type>text</type><desc><![CDATA[安全的需要是指个体渴望归属于某一群体]]></desc></option><option><id>C</id><type>text</type><desc><![CDATA[尊重的需要是指个体希望爱与被爱]]></desc></option><option><id>D</id><type>text</type><desc><![CDATA[自我实现的需要是指个体有自尊、被尊重和尊重他人的需要]]></desc></option><option><id>E</id><type>text</type><desc><![CDATA[爱与归属是指个体渴望归属于某一群体，希望爱与被爱]]></desc></option></options><answers><![CDATA[E]]></answers></question><question><type>1</type><format>text</format><desc><![CDATA[8.下列关于艾瑞克森理论的发展阶段的叙述，正确的是]]></desc><options><option><id>A</id><type>text</type><desc><![CDATA[婴幼儿，0～18个月，发展危机是自主对羞愧]]></desc></option><option><id>B</id><type>text</type><desc><![CDATA[学龄前期，3～6岁，发展危机是主动对内疚]]></desc></option><option><id>C</id><type>text</type><desc><![CDATA[青春期，12～18岁，发展危机是勤奋对自卑]]></desc></option><option><id>D</id><type>text</type><desc><![CDATA[中年期，35～65岁，发展危机是亲密对孤独]]></desc></option><option><id>E</id><type>text</type><desc><![CDATA[老年期，65岁以上，发展危机是创造对停滞]]></desc></option></options><answers><![CDATA[B]]></answers></question><question><type>1</type><format>text</format><desc><![CDATA[9.孩子对异性父母的依恋例如“恋父情结”“恋母情结”是发生在]]></desc><options><option><id>A</id><type>text</type><desc><![CDATA[口欲期]]></desc></option><option><id>B</id><type>text</type><desc><![CDATA[肛欲期]]></desc></option><option><id>C</id><type>text</type><desc><![CDATA[性蕾期]]></desc></option><option><id>D</id><type>text</type><desc><![CDATA[潜伏期]]></desc></option><option><id>E</id><type>text</type><desc><![CDATA[生殖期]]></desc></option></options><answers><![CDATA[C]]></answers></question><question><type>1</type><format>text</format><desc><![CDATA[10.按照人类基本需要层次论原则排列护理计划的优先次序，正确的是]]></desc><options><option><id>A</id><type>text</type><desc><![CDATA[活动肢体、避免伤害、降温、亲友探视、娱乐活动]]></desc></option><option><id>B</id><type>text</type><desc><![CDATA[尊重、活动肢体、营养、感官刺激、亲友探视]]></desc></option><option><id>C</id><type>text</type><desc><![CDATA[营养、活动肢体、避免伤害、良好的护患关系、尊重]]></desc></option><option><id>D</id><type>text</type><desc><![CDATA[补液、感官刺激、发挥潜能、尊重、亲友探视]]></desc></option><option><id>E</id><type>text</type><desc><![CDATA[吸氧、保护隐私、降温、营养、亲友探视]]></desc></option></options><answers><![CDATA[C]]></answers></question><question><type>1</type><format>text</format><desc><![CDATA[11.病人住院后对护士呼其床号感到不舒服，此心理反应属于]]></desc><options><option><id>A</id><type>text</type><desc><![CDATA[生理的需要]]></desc></option><option><id>B</id><type>text</type><desc><![CDATA[安全的需要]]></desc></option><option><id>C</id><type>text</type><desc><![CDATA[爱与归属的需要]]></desc></option><option><id>D</id><type>text</type><desc><![CDATA[尊重的需要]]></desc></option><option><id>E</id><type>text</type><desc><![CDATA[自我实现的需要]]></desc></option></options><answers><![CDATA[D]]></answers></question><question><type>1</type><format>text</format><desc><![CDATA[12.被称为最丰富的源泉的非语言沟通表现形式是]]></desc><options><option><id>A</id><type>text</type><desc><![CDATA[眼神]]></desc></option><option><id>B</id><type>text</type><desc><![CDATA[着装]]></desc></option><option><id>C</id><type>text</type><desc><![CDATA[面部表情]]></desc></option><option><id>D</id><type>text</type><desc><![CDATA[身体姿势]]></desc></option><option><id>E</id><type>text</type><desc><![CDATA[环境安排]]></desc></option></options><answers><![CDATA[C]]></answers></question><question><type>1</type><format>html</format><desc><![CDATA[13.关于日常护患沟通的技巧，说法<u><b>错误的</b></u>是]]></desc><options><option><id>A</id><type>text</type><desc><![CDATA[设身处地地为服务对象着想]]></desc></option><option><id>B</id><type>text</type><desc><![CDATA[尊重服务对象的人格，维护服务对象的权利]]></desc></option><option><id>C</id><type>text</type><desc><![CDATA[对服务对象的需要及时做出反应]]></desc></option><option><id>D</id><type>text</type><desc><![CDATA[随时向服务对象提供有关健康的信息]]></desc></option><option><id>E</id><type>text</type><desc><![CDATA[如果服务对象的隐私与疾病没有关系，可以向其他人泄露方面]]></desc></option></options><answers><![CDATA[E]]></answers></question></questions><questions><instructions><![CDATA[A2型题]]></instructions><question><type>1</type><format>text</format><desc><![CDATA[14.王女士，26岁，因烧伤入院，经治疗后面部留有瘢痕，不愿见人。评估病人后，护士应考虑其目前亟须满足的是]]></desc><options><option><id>A</id><type>text</type><desc><![CDATA[生理的需要]]></desc></option><option><id>B</id><type>text</type><desc><![CDATA[安全的需要]]></desc></option><option><id>C</id><type>text</type><desc><![CDATA[爱与归属的需要]]></desc></option><option><id>D</id><type>text</type><desc><![CDATA[尊重的需要]]></desc></option><option><id>E</id><type>text</type><desc><![CDATA[自我实现的需要]]></desc></option></options><answers><![CDATA[D]]></answers></question><question><type>1</type><format>text</format><desc><![CDATA[15.高女士，30岁，因“乳腺炎”入院5天，家中有一哺乳幼儿，经常哭泣，她亟需满足的需要是]]></desc><options><option><id>A</id><type>text</type><desc><![CDATA[生理的需要]]></desc></option><option><id>B</id><type>text</type><desc><![CDATA[安全的需要]]></desc></option><option><id>C</id><type>text</type><desc><![CDATA[爱与归属的需要]]></desc></option><option><id>D</id><type>text</type><desc><![CDATA[尊重的需要]]></desc></option><option><id>E</id><type>text</type><desc><![CDATA[自我实现的需要]]></desc></option></options><answers><![CDATA[C]]></answers><keypoints><![CDATA[解析：爱与归属的需要是指个体对家庭、友伴的需要，对得到组织、团体认同的需要，希望得到他人的爱和给予他人爱的需要。高女士是想念幼儿，渴望给予幼儿母爱，故该题选择C。]]></keypoints></question><question><type>1</type><format>text</format><desc><![CDATA[16.张先生因公出差美国，由于语言、风俗习惯、信仰等方面的不同对其产生的心理刺激的压力源属于]]></desc><options><option><id>A</id><type>text</type><desc><![CDATA[生理性]]></desc></option><option><id>B</id><type>text</type><desc><![CDATA[心理性]]></desc></option><option><id>C</id><type>text</type><desc><![CDATA[物理性]]></desc></option><option><id>D</id><type>text</type><desc><![CDATA[化学性]]></desc></option><option><id>E</id><type>text</type><desc><![CDATA[社会文化性]]></desc></option></options><answers><![CDATA[E]]></answers></question><question><type>1</type><format>text</format><desc><![CDATA[17.王小姐到西藏旅行，初到高原感到心跳加快，呼吸急促，头晕，经过3天的行程后，她发现身体的不适逐渐消失了，从适应的层次来说，这属于]]></desc><options><option><id>A</id><type>text</type><desc><![CDATA[生理适应]]></desc></option><option><id>B</id><type>text</type><desc><![CDATA[心理适应]]></desc></option><option><id>C</id><type>text</type><desc><![CDATA[社会适应]]></desc></option><option><id>D</id><type>text</type><desc><![CDATA[文化适应]]></desc></option><option><id>E</id><type>text</type><desc><![CDATA[技术适应]]></desc></option></options><answers><![CDATA[A]]></answers></question><question><type>1</type><format>text</format><desc><![CDATA[18.杨护士对已确诊为癌症的病人讲：“不要担心，现在的医学很发达，您的病是可以治好的。”此护士的沟通错误是]]></desc><options><option><id>A</id><type>text</type><desc><![CDATA[突然改变话题]]></desc></option><option><id>B</id><type>text</type><desc><![CDATA[主观说教]]></desc></option><option><id>C</id><type>text</type><desc><![CDATA[言行不一]]></desc></option><option><id>D</id><type>text</type><desc><![CDATA[过早地作出结论]]></desc></option><option><id>E</id><type>text</type><desc><![CDATA[虚假的、不恰当的保证]]></desc></option></options><answers><![CDATA[E]]></answers></question><question><type>1</type><format>text</format><desc><![CDATA[19.一病人正在向护士讲述自己的病情，旁边另一病人插话说：“王护士，你今天的发卡真漂亮!”王护士接着此病人的话开始讲发卡的来历。这种沟通错误属于哪种]]></desc><options><option><id>A</id><type>text</type><desc><![CDATA[突然改变话题]]></desc></option><option><id>B</id><type>text</type><desc><![CDATA[主观说教]]></desc></option><option><id>C</id><type>text</type><desc><![CDATA[言行不一]]></desc></option><option><id>D</id><type>text</type><desc><![CDATA[过早地作出结论]]></desc></option><option><id>E</id><type>text</type><desc><![CDATA[虚假的、不恰当的保证]]></desc></option></options><answers><![CDATA[A]]></answers></question><question><type>1</type><format>text</format><desc><![CDATA[20.黄先生，因“急性胆囊炎”入院，除右上腹疼痛及压痛外，还有右肩部疼痛。如果用系统论解释，这种情况反映了系统属性中的]]></desc><options><option><id>A</id><type>text</type><desc><![CDATA[整体性]]></desc></option><option><id>B</id><type>text</type><desc><![CDATA[相关性]]></desc></option><option><id>C</id><type>text</type><desc><![CDATA[动态性]]></desc></option><option><id>D</id><type>text</type><desc><![CDATA[层次性]]></desc></option><option><id>E</id><type>text</type><desc><![CDATA[目的性]]></desc></option></options><answers><![CDATA[B]]></answers><keypoints><![CDATA[解析：系统的相关性是指系统各要素之间是相互联系、相互制约的，其中任何一要素发生了功能或作用的变化，都要引起其他各要素乃至于整体功能或作用的相应变化。黄先生胆囊炎引起右肩部疼痛正好体现了系统的相关性，故该题选择B。]]></keypoints></question></questions></exam>