﻿<?xml version="1.0" encoding="UTF-8"?><exam><id>20181008161559</id><questions><instructions><![CDATA[A1型题]]></instructions><question><type>1</type><format>text</format><desc><![CDATA[1.呼气性呼吸困难主要见于]]></desc><options><option><id>A</id><type>text</type><desc><![CDATA[喉头水肿]]></desc></option><option><id>B</id><type>text</type><desc><![CDATA[气管异物]]></desc></option><option><id>C</id><type>text</type><desc><![CDATA[支气管肺癌]]></desc></option><option><id>D</id><type>text</type><desc><![CDATA[肺炎]]></desc></option><option><id>E</id><type>text</type><desc><![CDATA[支气管哮喘]]></desc></option></options><answers><![CDATA[E]]></answers></question><question><type>1</type><format>text</format><desc><![CDATA[2.哮喘急性发作常见的诱因是]]></desc><options><option><id>A</id><type>text</type><desc><![CDATA[牛奶]]></desc></option><option><id>B</id><type>text</type><desc><![CDATA[精神因素]]></desc></option><option><id>C</id><type>text</type><desc><![CDATA[感染]]></desc></option><option><id>D</id><type>text</type><desc><![CDATA[药物]]></desc></option><option><id>E</id><type>text</type><desc><![CDATA[剧烈运动]]></desc></option></options><answers><![CDATA[C]]></answers></question><question><type>1</type><format>text</format><desc><![CDATA[3.哮喘发生的本质是]]></desc><options><option><id>A</id><type>text</type><desc><![CDATA[交感神经兴奋]]></desc></option><option><id>B</id><type>text</type><desc><![CDATA[迷走神经兴奋]]></desc></option><option><id>C</id><type>text</type><desc><![CDATA[气道反应性降低]]></desc></option><option><id>D</id><type>text</type><desc><![CDATA[免疫介导气道慢性炎症]]></desc></option><option><id>E</id><type>text</type><desc><![CDATA[β-肾上腺素受体功能低下]]></desc></option></options><answers><![CDATA[D]]></answers></question><question><type>1</type><format>text</format><desc><![CDATA[4.护士为支气管哮喘病人进行健康指导，针对糖皮质激素吸入的指导正确的是]]></desc><options><option><id>A</id><type>text</type><desc><![CDATA[吸入激素主要在急性发作期使用]]></desc></option><option><id>B</id><type>text</type><desc><![CDATA[吸入激素后症状缓解也就是气道反应性降低了]]></desc></option><option><id>C</id><type>text</type><desc><![CDATA[吸入激素和口服激素的剂量一样]]></desc></option><option><id>D</id><type>text</type><desc><![CDATA[接触过敏原前，可提前预防性吸入激素]]></desc></option><option><id>E</id><type>text</type><desc><![CDATA[吸入激素后要漱口]]></desc></option></options><answers><![CDATA[E]]></answers></question></questions><questions><instructions><![CDATA[A2型题]]></instructions><question><type>2</type><format>text</format><desc><![CDATA[5.病人，女性，39岁，诊断支气管哮喘，快速静脉注射某药后，出现了头晕、心悸、心律失常、血压剧降，此药物可能是]]></desc><options><option><id>A</id><type>text</type><desc><![CDATA[沙丁胺醇]]></desc></option><option><id>B</id><type>text</type><desc><![CDATA[氨茶碱]]></desc></option><option><id>C</id><type>text</type><desc><![CDATA[异丙基阿托品]]></desc></option><option><id>D</id><type>text</type><desc><![CDATA[地塞米松]]></desc></option><option><id>E</id><type>text</type><desc><![CDATA[色甘酸钠]]></desc></option></options><answers><![CDATA[B]]></answers></question><question><type>2</type><format>text</format><desc><![CDATA[6.病人，女性，28岁。反复哮喘发作10年，尤其是在春暖花开的春季，1小时前看电影时银幕上出现春色花朵时，病人突然出现哮喘发作而入院。主要的护理措施应是]]></desc><options><option><id>A</id><type>text</type><desc><![CDATA[休息]]></desc></option><option><id>B</id><type>text</type><desc><![CDATA[湿化呼吸道]]></desc></option><option><id>C</id><type>text</type><desc><![CDATA[氧气吸入]]></desc></option><option><id>D</id><type>text</type><desc><![CDATA[使用支气管舒张剂]]></desc></option><option><id>E</id><type>text</type><desc><![CDATA[心理护理]]></desc></option></options><answers><![CDATA[E]]></answers></question><question><type>2</type><format>text</format><desc><![CDATA[7.病人，男性，19岁。经常在春天因哮喘发作不能上学。护士告诉家长在没有找到过敏原前最适宜使用的药物是]]></desc><options><option><id>A</id><type>text</type><desc><![CDATA[氯喘]]></desc></option><option><id>B</id><type>text</type><desc><![CDATA[泼尼松]]></desc></option><option><id>C</id><type>text</type><desc><![CDATA[沙丁胺醇气雾剂]]></desc></option><option><id>D</id><type>text</type><desc><![CDATA[氨茶碱]]></desc></option><option><id>E</id><type>text</type><desc><![CDATA[色甘酸钠]]></desc></option></options><answers><![CDATA[E]]></answers></question><question><type>2</type><format>html</format><desc><![CDATA[8.病人，男性，18岁。气喘半日，每年春秋季有类似发作，体温36.5℃，端坐呼吸，两肺广泛哮鸣音，白细胞7.60×10<sup>9</sup>/L，中性粒细胞58％，淋巴细胞28％，嗜酸性粒细胞14％。最可能的诊断是]]></desc><options><option><id>A</id><type>text</type><desc><![CDATA[喘息型慢性支气管炎]]></desc></option><option><id>B</id><type>text</type><desc><![CDATA[支气管哮喘]]></desc></option><option><id>C</id><type>text</type><desc><![CDATA[过敏性肺炎]]></desc></option><option><id>D</id><type>text</type><desc><![CDATA[急性支气管炎]]></desc></option><option><id>E</id><type>text</type><desc><![CDATA[急性左心衰竭]]></desc></option></options><answers><![CDATA[B]]></answers></question><question><type>2</type><format>text</format><desc><![CDATA[9.病人，男性，29岁。宠物店老板。有哮喘史3年。预防哮喘发作最有效的方法是]]></desc><options><option><id>A</id><type>text</type><desc><![CDATA[脱敏治疗]]></desc></option><option><id>B</id><type>text</type><desc><![CDATA[药物治疗]]></desc></option><option><id>C</id><type>text</type><desc><![CDATA[免疫治疗]]></desc></option><option><id>D</id><type>text</type><desc><![CDATA[加强运动，增强体质]]></desc></option><option><id>E</id><type>text</type><desc><![CDATA[脱离变应原]]></desc></option></options><answers><![CDATA[E]]></answers></question><question><type>2</type><format>text</format><desc><![CDATA[10.病人，男性，76岁，既往支气管哮喘病史。受凉后出现胸闷，呼气性呼吸困难，双肺满布哮鸣音入院。既往上呼吸道感染后有类似发作史。对其健康教育最重要的是]]></desc><options><option><id>A</id><type>text</type><desc><![CDATA[清淡饮食]]></desc></option><option><id>B</id><type>text</type><desc><![CDATA[不饲养宠物]]></desc></option><option><id>C</id><type>text</type><desc><![CDATA[避免接触花草]]></desc></option><option><id>D</id><type>text</type><desc><![CDATA[保持乐观情绪]]></desc></option><option><id>E</id><type>text</type><desc><![CDATA[预防上呼吸道感染]]></desc></option></options><answers><![CDATA[E]]></answers></question></questions></exam>