<?xml version="1.0" encoding="UTF-8"?><exam><id>20181008160312</id><questions><instructions><![CDATA[A1型题]]></instructions><question><type>1</type><format>text</format><desc><![CDATA[1.呼吸系统疾病最常见的症状是]]></desc><options><option><id>A</id><type>text</type><desc><![CDATA[胸痛]]></desc></option><option><id>B</id><type>text</type><desc><![CDATA[咳嗽]]></desc></option><option><id>C</id><type>text</type><desc><![CDATA[咳痰]]></desc></option><option><id>D</id><type>text</type><desc><![CDATA[咯血]]></desc></option><option><id>E</id><type>text</type><desc><![CDATA[乏力]]></desc></option></options><answers><![CDATA[B]]></answers></question><question><type>1</type><format>text</format><desc><![CDATA[2.最容易出现“三凹征”的表现是]]></desc><options><option><id>A</id><type>text</type><desc><![CDATA[咳嗽]]></desc></option><option><id>B</id><type>text</type><desc><![CDATA[咳痰]]></desc></option><option><id>C</id><type>text</type><desc><![CDATA[吸气性呼吸困难]]></desc></option><option><id>D</id><type>text</type><desc><![CDATA[呼气性呼吸困难]]></desc></option><option><id>E</id><type>text</type><desc><![CDATA[混合性呼吸困难]]></desc></option></options><answers><![CDATA[C]]></answers></question><question><type>1</type><format>text</format><desc><![CDATA[3.支气管哮喘典型的临床症状为]]></desc><options><option><id>A</id><type>text</type><desc><![CDATA[胸闷]]></desc></option><option><id>B</id><type>text</type><desc><![CDATA[胸痛]]></desc></option><option><id>C</id><type>text</type><desc><![CDATA[咯血]]></desc></option><option><id>D</id><type>text</type><desc><![CDATA[干咳]]></desc></option><option><id>E</id><type>text</type><desc><![CDATA[反复发作性，伴有哮鸣音的呼气性呼吸困难]]></desc></option></options><answers><![CDATA[E]]></answers></question><question><type>1</type><format>text</format><desc><![CDATA[4.小量咯血是指24小时咯血量]]></desc><options><option><id>A</id><type>text</type><desc><![CDATA[＜10ml]]></desc></option><option><id>B</id><type>text</type><desc><![CDATA[＜20ml]]></desc></option><option><id>C</id><type>text</type><desc><![CDATA[＜50ml]]></desc></option><option><id>D</id><type>text</type><desc><![CDATA[＜100ml]]></desc></option><option><id>E</id><type>text</type><desc><![CDATA[＜150ml]]></desc></option></options><answers><![CDATA[D]]></answers></question><question><type>1</type><format>text</format><desc><![CDATA[5.肺炎时可减轻胸痛的最常用体位是]]></desc><options><option><id>A</id><type>text</type><desc><![CDATA[患侧卧位]]></desc></option><option><id>B</id><type>text</type><desc><![CDATA[仰卧位]]></desc></option><option><id>C</id><type>text</type><desc><![CDATA[端坐位]]></desc></option><option><id>D</id><type>text</type><desc><![CDATA[健侧卧位]]></desc></option><option><id>E</id><type>text</type><desc><![CDATA[俯卧位]]></desc></option></options><answers><![CDATA[A]]></answers></question><question><type>1</type><format>text</format><desc><![CDATA[6.支气管扩张大咯血病人最危险且最常见的并发症是]]></desc><options><option><id>A</id><type>text</type><desc><![CDATA[严重贫血]]></desc></option><option><id>B</id><type>text</type><desc><![CDATA[休克]]></desc></option><option><id>C</id><type>text</type><desc><![CDATA[窒息]]></desc></option><option><id>D</id><type>text</type><desc><![CDATA[继发感染]]></desc></option><option><id>E</id><type>text</type><desc><![CDATA[肺不张]]></desc></option></options><answers><![CDATA[C]]></answers></question><question><type>1</type><format>text</format><desc><![CDATA[7.肺气肿病人做呼吸操的方法，正确的是]]></desc><options><option><id>A</id><type>text</type><desc><![CDATA[取平卧位]]></desc></option><option><id>B</id><type>text</type><desc><![CDATA[两手放腹部]]></desc></option><option><id>C</id><type>text</type><desc><![CDATA[用口吸气，尽力将胸部挺起]]></desc></option><option><id>D</id><type>text</type><desc><![CDATA[用口呼气并使口形做口哨样]]></desc></option><option><id>E</id><type>text</type><desc><![CDATA[吸气与呼气时间之比为1∶1]]></desc></option></options><answers><![CDATA[D]]></answers></question></questions><questions><instructions><![CDATA[A2型题]]></instructions><question><type>2</type><format>html</format><desc><![CDATA[8.病人，男性，74岁。慢性咳嗽、咳痰38年，加重3天伴气促、痰多黄稠。应<u><b>避免</b></u>使用]]></desc><options><option><id>A</id><type>text</type><desc><![CDATA[祛痰药]]></desc></option><option><id>B</id><type>text</type><desc><![CDATA[抗生素]]></desc></option><option><id>C</id><type>text</type><desc><![CDATA[解痉药]]></desc></option><option><id>D</id><type>text</type><desc><![CDATA[平喘药]]></desc></option><option><id>E</id><type>text</type><desc><![CDATA[强力镇咳药]]></desc></option></options><answers><![CDATA[E]]></answers></question><question><type>2</type><format>html</format><desc><![CDATA[9.病人，男性，68岁。因慢性呼吸衰竭急性发作入院，入院时神志尚清，动脉血气分析示PaO<sub>2</sub> 40mmHg,PaCO<sub>2</sub> 60mmHg,给予5L/min吸氧后神志昏睡。复查血气分析PaO<sub>2</sub> 60mmHg，PaCO<sub>2</sub> 80mmHg，作为护士考虑导致这种结果的原因极可能为]]></desc><options><option><id>A</id><type>text</type><desc><![CDATA[脑疝发生]]></desc></option><option><id>B</id><type>text</type><desc><![CDATA[心力衰竭加重]]></desc></option><option><id>C</id><type>text</type><desc><![CDATA[痰液堵塞]]></desc></option><option><id>D</id><type>text</type><desc><![CDATA[吸氧浓度过高]]></desc></option><option><id>E</id><type>text</type><desc><![CDATA[周围循环衰竭]]></desc></option></options><answers><![CDATA[D]]></answers></question><question><type>2</type><format>text</format><desc><![CDATA[10.病人，女性，75岁。有慢性阻塞性肺疾病史20年。一周前再次出现呼吸困难，咳嗽、咳黏痰，伴有胸闷、气短、口唇发绀、头痛。此病人最突出的护理诊断是]]></desc><options><option><id>A</id><type>text</type><desc><![CDATA[疼痛]]></desc></option><option><id>B</id><type>text</type><desc><![CDATA[知识缺乏]]></desc></option><option><id>C</id><type>text</type><desc><![CDATA[营养失调]]></desc></option><option><id>D</id><type>text</type><desc><![CDATA[气体交换受损]]></desc></option><option><id>E</id><type>text</type><desc><![CDATA[清理呼吸道无效]]></desc></option></options><answers><![CDATA[D]]></answers></question><question><type>2</type><format>text</format><desc><![CDATA[11.病人，男性，79岁。慢性咳嗽、咳痰38年，加重伴发热、乏力、气促2天入院。护理体检：体温39.6℃，脉搏108次/min，呼吸28次/min，血压148/96mmHg。呼气时间延长伴哮鸣音，口唇发绀，自感疲乏无力，说话费力。桶状胸，左下肺闻湿啰音、痰鸣音。为促进有效排痰，给予病人正确的体位是]]></desc><options><option><id>A</id><type>text</type><desc><![CDATA[平卧位]]></desc></option><option><id>B</id><type>text</type><desc><![CDATA[半坐卧位]]></desc></option><option><id>C</id><type>text</type><desc><![CDATA[端坐位]]></desc></option><option><id>D</id><type>text</type><desc><![CDATA[右侧卧位]]></desc></option><option><id>E</id><type>text</type><desc><![CDATA[头低足高位]]></desc></option></options><answers><![CDATA[D]]></answers></question><question><type>2</type><format>text</format><desc><![CDATA[12.病人，男性，64岁。咳嗽、咳痰加重伴发热、咳痰乏力、气促3天入院。病人咳痰无力，可闻及明显痰鸣音，护士给予吸痰，在进行吸痰过程中病人气促加重，外周血氧饱和度80%，此时护士正确的处理是]]></desc><options><option><id>A</id><type>text</type><desc><![CDATA[立即停止吸痰，给予吸氧]]></desc></option><option><id>B</id><type>text</type><desc><![CDATA[继续吸痰，清理气道分泌物]]></desc></option><option><id>C</id><type>text</type><desc><![CDATA[增加吸引器吸痰的负压，快速吸痰]]></desc></option><option><id>D</id><type>text</type><desc><![CDATA[边吸痰，边给予心理安抚]]></desc></option><option><id>E</id><type>text</type><desc><![CDATA[停止吸痰，给予心理安抚]]></desc></option></options><answers><![CDATA[A]]></answers></question></questions></exam>