﻿<?xml version="1.0" encoding="UTF-8"?><exam><id>20181008162728</id><questions><instructions><![CDATA[A1型题]]></instructions><question><type>1</type><format>text</format><desc><![CDATA[1.关于结核杆菌，下列描述正确的是]]></desc><options><option><id>A</id><type>text</type><desc><![CDATA[菌落生长速度快]]></desc></option><option><id>B</id><type>text</type><desc><![CDATA[为厌氧菌]]></desc></option><option><id>C</id><type>text</type><desc><![CDATA[抵抗力弱]]></desc></option><option><id>D</id><type>text</type><desc><![CDATA[结核菌素的主要成分为多糖]]></desc></option><option><id>E</id><type>text</type><desc><![CDATA[抗酸性]]></desc></option></options><answers><![CDATA[E]]></answers></question><question><type>1</type><format>text</format><desc><![CDATA[2.肺结核病最主要的传播途径是]]></desc><options><option><id>A</id><type>text</type><desc><![CDATA[进食]]></desc></option><option><id>B</id><type>text</type><desc><![CDATA[尘埃]]></desc></option><option><id>C</id><type>text</type><desc><![CDATA[飞沫]]></desc></option><option><id>D</id><type>text</type><desc><![CDATA[皮肤接触]]></desc></option><option><id>E</id><type>text</type><desc><![CDATA[毛巾和餐具]]></desc></option></options><answers><![CDATA[C]]></answers></question><question><type>1</type><format>text</format><desc><![CDATA[3.肺结核病人最常见的全身症状是]]></desc><options><option><id>A</id><type>text</type><desc><![CDATA[咳嗽]]></desc></option><option><id>B</id><type>text</type><desc><![CDATA[咯血]]></desc></option><option><id>C</id><type>text</type><desc><![CDATA[窒息]]></desc></option><option><id>D</id><type>text</type><desc><![CDATA[发热]]></desc></option><option><id>E</id><type>text</type><desc><![CDATA[消瘦]]></desc></option></options><answers><![CDATA[D]]></answers></question><question><type>1</type><format>text</format><desc><![CDATA[4.关于结核菌素试验，正确的是]]></desc><options><option><id>A</id><type>text</type><desc><![CDATA[结核菌素试验阳性可诊断为结核病]]></desc></option><option><id>B</id><type>text</type><desc><![CDATA[结核菌素试验阴性可排除结核病]]></desc></option><option><id>C</id><type>text</type><desc><![CDATA[结核菌素试验阴性不能排除结核菌感染]]></desc></option><option><id>D</id><type>text</type><desc><![CDATA[结核菌素试验是确诊结核病最有效的方法]]></desc></option><option><id>E</id><type>text</type><desc><![CDATA[结核菌素试验对成人较婴幼儿诊断价值更大]]></desc></option></options><answers><![CDATA[C]]></answers></question><question><type>1</type><format>text</format><desc><![CDATA[5.抗结核治疗的基本原则为]]></desc><options><option><id>A</id><type>text</type><desc><![CDATA[早期、联合、适量、规律、全程用药]]></desc></option><option><id>B</id><type>text</type><desc><![CDATA[早期、单一、适量、规律、全程用药]]></desc></option><option><id>C</id><type>text</type><desc><![CDATA[早期、联合、大量、规律、全程用药]]></desc></option><option><id>D</id><type>text</type><desc><![CDATA[早期、联合、适量、间断、全程用药]]></desc></option><option><id>E</id><type>text</type><desc><![CDATA[早期、联合、适量、规律、非全程用药]]></desc></option></options><answers><![CDATA[A]]></answers></question></questions><questions><instructions><![CDATA[A2型题]]></instructions><question><type>2</type><format>text</format><desc><![CDATA[6.病人，男，18岁，因低热、咳嗽半月余就诊，胸片显示：右上肺絮状阴影，初步诊断为：肺结核。此肺结核分型为]]></desc><options><option><id>A</id><type>text</type><desc><![CDATA[原发型肺结核]]></desc></option><option><id>B</id><type>text</type><desc><![CDATA[血行播散型肺结核]]></desc></option><option><id>C</id><type>text</type><desc><![CDATA[继发型肺结核]]></desc></option><option><id>D</id><type>text</type><desc><![CDATA[结核性胸膜炎]]></desc></option><option><id>E</id><type>text</type><desc><![CDATA[其他肺外结核]]></desc></option></options><answers><![CDATA[C]]></answers></question><question><type>2</type><format>text</format><desc><![CDATA[7.病人，男，22岁，因“肺结核”入院治疗，住院期间大咯血不止，现突然神情紧张，面色苍白，大汗淋漓，最可能的原因是]]></desc><options><option><id>A</id><type>text</type><desc><![CDATA[咯血引起气道堵塞]]></desc></option><option><id>B</id><type>text</type><desc><![CDATA[全身性结核中毒症状]]></desc></option><option><id>C</id><type>text</type><desc><![CDATA[因住院引起情绪高度紧张]]></desc></option><option><id>D</id><type>text</type><desc><![CDATA[高热反应]]></desc></option><option><id>E</id><type>text</type><desc><![CDATA[药物不良反应]]></desc></option></options><answers><![CDATA[A]]></answers></question><question><type>2</type><format>text</format><desc><![CDATA[8.病人，男，20岁，因低热、咳嗽、咳痰二周就诊，诊断为“肺结核”，行2HRZ/4HR治疗方案，在强化治疗期间，应告知病人定期检查]]></desc><options><option><id>A</id><type>text</type><desc><![CDATA[心功能]]></desc></option><option><id>B</id><type>text</type><desc><![CDATA[听力]]></desc></option><option><id>C</id><type>text</type><desc><![CDATA[肺功能]]></desc></option><option><id>D</id><type>text</type><desc><![CDATA[肝功能]]></desc></option><option><id>E</id><type>text</type><desc><![CDATA[血常规]]></desc></option></options><answers><![CDATA[D]]></answers></question><question><type>2</type><format>text</format><desc><![CDATA[9.病人，女，20岁，患肺结核3年，间断抗结核治疗，近一周来持续高热伴明显消瘦，以“肺结核（活动期）”收治，下列护理措施正确的是]]></desc><options><option><id>A</id><type>text</type><desc><![CDATA[给予低热量、低蛋白、高维生素饮食]]></desc></option><option><id>B</id><type>text</type><desc><![CDATA[给予高热量、高蛋白、高维生素饮食]]></desc></option><option><id>C</id><type>text</type><desc><![CDATA[避免向病人及家属进行结核病防治知识教育，以免加重病人心理紧张]]></desc></option><option><id>D</id><type>text</type><desc><![CDATA[避免隔离处置，减少病人和家属恐惧]]></desc></option><option><id>E</id><type>text</type><desc><![CDATA[不必督导治疗，以避免病人反感]]></desc></option></options><answers><![CDATA[B]]></answers></question><question><type>2</type><format>text</format><desc><![CDATA[10.某小孩家长因孩子诊断“肺结核”电话告知幼儿园老师并请假，下列措施正确的是]]></desc><options><option><id>A</id><type>text</type><desc><![CDATA[没必要对密切接触的儿童进行相关检查]]></desc></option><option><id>B</id><type>text</type><desc><![CDATA[关闭门窗，避免空气流通引起播散]]></desc></option><option><id>C</id><type>text</type><desc><![CDATA[餐具、床单等生活用品没必要消毒处理]]></desc></option><option><id>D</id><type>text</type><desc><![CDATA[加强个人卫生习惯教育和监督检查]]></desc></option><option><id>E</id><type>text</type><desc><![CDATA[正常上课，以免引起恐慌]]></desc></option></options><answers><![CDATA[D]]></answers></question></questions></exam>