﻿<?xml version="1.0" encoding="UTF-8"?><exam><id>20181008163013</id><questions><instructions><![CDATA[A1型题]]></instructions><question><type>1</type><format>text</format><desc><![CDATA[1.诊断呼吸衰竭，下列哪项最有意义]]></desc><options><option><id>A</id><type>text</type><desc><![CDATA[发绀]]></desc></option><option><id>B</id><type>text</type><desc><![CDATA[低血压、心动过速]]></desc></option><option><id>C</id><type>text</type><desc><![CDATA[PaO<sub>2</sub>＜60mmHg]]></desc></option><option><id>D</id><type>text</type><desc><![CDATA[瞳孔缩小]]></desc></option><option><id>E</id><type>text</type><desc><![CDATA[烦躁不安]]></desc></option></options><answers><![CDATA[C]]></answers></question><question><type>1</type><format>text</format><desc><![CDATA[2.急性呼吸衰竭和慢性呼吸衰竭鉴别，下列哪项正确]]></desc><options><option><id>A</id><type>text</type><desc><![CDATA[有无呼吸困难]]></desc></option><option><id>B</id><type>text</type><desc><![CDATA[有无发绀]]></desc></option><option><id>C</id><type>text</type><desc><![CDATA[有无肺水肿]]></desc></option><option><id>D</id><type>text</type><desc><![CDATA[起病急缓]]></desc></option><option><id>E</id><type>text</type><desc><![CDATA[有无低氧和二氧化碳潴留]]></desc></option></options><answers><![CDATA[D]]></answers></question><question><type>1</type><format>text</format><desc><![CDATA[3.判断机体低氧血症最敏感的指标为]]></desc><options><option><id>A</id><type>text</type><desc><![CDATA[发绀]]></desc></option><option><id>B</id><type>text</type><desc><![CDATA[静脉血氧分压]]></desc></option><option><id>C</id><type>text</type><desc><![CDATA[动脉血氧分压]]></desc></option><option><id>D</id><type>text</type><desc><![CDATA[动脉血氧饱和度]]></desc></option><option><id>E</id><type>text</type><desc><![CDATA[弥散功能测定]]></desc></option></options><answers><![CDATA[C]]></answers></question><question><type>1</type><format>text</format><desc><![CDATA[4.呼吸衰竭时，血气分析的诊断标准是]]></desc><options><option><id>A</id><type>text</type><desc><![CDATA[PaO<sub>2</sub>＜50mmHg和（或）PaCO<sub>2</sub>＞50mmHg]]></desc></option><option><id>B</id><type>text</type><desc><![CDATA[PaO<sub>2</sub>＜60mmHg和（或）PaCO<sub>2</sub>＞50mmHg]]></desc></option><option><id>C</id><type>text</type><desc><![CDATA[PaO<sub>2</sub>＜80mmHg和（或）PaCO<sub>2</sub>＞60mmHg]]></desc></option><option><id>D</id><type>text</type><desc><![CDATA[PaO<sub>2</sub>＜60mmHg和（或）PaCO<sub>2</sub>＞60mmHg]]></desc></option><option><id>E</id><type>text</type><desc><![CDATA[PaO<sub>2</sub>＜50mmHg和（或）PaCO<sub>2</sub>＞70mmHg]]></desc></option></options><answers><![CDATA[B]]></answers></question><question><type>1</type><format>text</format><desc><![CDATA[5.纠正缺氧和二氧化碳潴留最重要的措施是]]></desc><options><option><id>A</id><type>text</type><desc><![CDATA[氧气疗法]]></desc></option><option><id>B</id><type>text</type><desc><![CDATA[保持气道的通畅]]></desc></option><option><id>C</id><type>text</type><desc><![CDATA[增加通气量]]></desc></option><option><id>D</id><type>text</type><desc><![CDATA[纠正酸碱平衡失调]]></desc></option><option><id>E</id><type>text</type><desc><![CDATA[提高呼吸系统兴奋性]]></desc></option></options><answers><![CDATA[B]]></answers></question></questions><questions><instructions><![CDATA[A2型题]]></instructions><question><type>2</type><format>text</format><desc><![CDATA[6.慢性呼吸衰竭急性加重的病人，经综合治疗，病情好转，拟停止吸氧。下列哪项是停止吸氧的最主要指标]]></desc><options><option><id>A</id><type>text</type><desc><![CDATA[神志]]></desc></option><option><id>B</id><type>text</type><desc><![CDATA[PaO<sub>2</sub>和PaCO<sub>2</sub>的变化]]></desc></option><option><id>C</id><type>text</type><desc><![CDATA[发绀]]></desc></option><option><id>D</id><type>text</type><desc><![CDATA[呼吸频率]]></desc></option><option><id>E</id><type>text</type><desc><![CDATA[气急程度]]></desc></option></options><answers><![CDATA[B]]></answers></question><question><type>2</type><format>html</format><desc><![CDATA[7.病人，男，56岁，诊断为Ⅱ型呼吸衰竭，血气分析结果显示：PaO<sub>2</sub>53mmHg，PaCO<sub>2</sub>61mmHg，其氧疗要求是]]></desc><options><option><id>A</id><type>text</type><desc><![CDATA[低浓度低流量持续吸氧]]></desc></option><option><id>B</id><type>text</type><desc><![CDATA[低浓度低流量间断吸氧]]></desc></option><option><id>C</id><type>text</type><desc><![CDATA[高浓度高流量间断给氧]]></desc></option><option><id>D</id><type>text</type><desc><![CDATA[低浓度高流量间断给氧]]></desc></option><option><id>E</id><type>text</type><desc><![CDATA[高浓度高流量持续吸氧]]></desc></option></options><answers><![CDATA[A]]></answers></question><question><type>2</type><format>html</format><desc><![CDATA[8.病人，男，66岁，因呼吸困难加重、发绀6小时入院，血气分析结果为pH7.25，PaO<sub>2</sub>40mmHg，PaCO<sub>2</sub>80mmHg，根据上述资料，可以做出何种判断]]></desc><options><option><id>A</id><type>text</type><desc><![CDATA[急性呼吸衰竭]]></desc></option><option><id>B</id><type>text</type><desc><![CDATA[慢性呼吸衰竭]]></desc></option><option><id>C</id><type>text</type><desc><![CDATA[Ⅰ型呼吸衰竭]]></desc></option><option><id>D</id><type>text</type><desc><![CDATA[Ⅱ型呼吸衰竭]]></desc></option><option><id>E</id><type>text</type><desc><![CDATA[混合型呼吸衰竭]]></desc></option></options><answers><![CDATA[D]]></answers></question><question><type>2</type><format>text</format><desc><![CDATA[9.某Ⅱ型呼吸衰竭病人出现头痛、头胀、表情淡漠、嗜睡、神志恍惚、肌肉震颤，并有局限性肌群抽搐，你认为此病人最有可能出现的并发症为]]></desc><options><option><id>A</id><type>text</type><desc><![CDATA[休克早期]]></desc></option><option><id>B</id><type>text</type><desc><![CDATA[窒息先兆]]></desc></option><option><id>C</id><type>text</type><desc><![CDATA[肺性脑病]]></desc></option><option><id>D</id><type>text</type><desc><![CDATA[脑卒中]]></desc></option><option><id>E</id><type>text</type><desc><![CDATA[肝性脑病]]></desc></option></options><answers><![CDATA[C]]></answers></question><question><type>2</type><format>text</format><desc><![CDATA[10.病人，男，60岁，有慢性支气管炎、阻塞性肺气肿病史10余年，近3年来反复双下肢浮肿，此次病情加重，口唇发绀，神志恍惚，双下肺闻及干湿啰音，心率120次/min，有早搏。确定该病人有无呼吸衰竭，下列哪项最有意义]]></desc><options><option><id>A</id><type>text</type><desc><![CDATA[动脉血气分析]]></desc></option><option><id>B</id><type>text</type><desc><![CDATA[发绀]]></desc></option><option><id>C</id><type>text</type><desc><![CDATA[神志变化]]></desc></option><option><id>D</id><type>text</type><desc><![CDATA[心律失常]]></desc></option><option><id>E</id><type>text</type><desc><![CDATA[呼吸困难]]></desc></option></options><answers><![CDATA[A]]></answers></question></questions></exam>