﻿<?xml version="1.0" encoding="UTF-8"?><exam><id>20181009094819</id><questions><instructions><![CDATA[A1型题]]></instructions><question><type>1</type><format>text</format><desc><![CDATA[1.引起帕金森病最主要的机制是]]></desc><options><option><id>A</id><type>text</type><desc><![CDATA[网状结构胆碱能系统受损]]></desc></option><option><id>B</id><type>text</type><desc><![CDATA[去甲肾上腺素能系统受损]]></desc></option><option><id>C</id><type>text</type><desc><![CDATA[5-羟色胺系统受损]]></desc></option><option><id>D</id><type>text</type><desc><![CDATA[黑质多巴胺能系统受损]]></desc></option><option><id>E</id><type>text</type><desc><![CDATA[γ-氨基丁酸能系统受损]]></desc></option></options><answers><![CDATA[D]]></answers></question><question><type>1</type><format>html</format><desc><![CDATA[2.帕金森患者<u><b>不宜</b></u>进食高蛋白饮食的原因是]]></desc><options><option><id>A</id><type>text</type><desc><![CDATA[不易消化]]></desc></option><option><id>B</id><type>text</type><desc><![CDATA[易诱发震颤]]></desc></option><option><id>C</id><type>text</type><desc><![CDATA[易引起肌肉强直]]></desc></option><option><id>D</id><type>text</type><desc><![CDATA[降低药物疗效]]></desc></option><option><id>E</id><type>text</type><desc><![CDATA[易诱发药物不良反应]]></desc></option></options><answers><![CDATA[D]]></answers></question><question><type>1</type><format>text</format><desc><![CDATA[3.起步后小步快速往前，脚掌不离地，擦地而行，且身体向前倾，有一种要扑倒在地的趋势，此种步态最常见的疾病是]]></desc><options><option><id>A</id><type>text</type><desc><![CDATA[帕金森病]]></desc></option><option><id>B</id><type>text</type><desc><![CDATA[股骨颈坏死]]></desc></option><option><id>C</id><type>text</type><desc><![CDATA[强制性脊柱炎]]></desc></option><option><id>D</id><type>text</type><desc><![CDATA[佝偻病]]></desc></option><option><id>E</id><type>text</type><desc><![CDATA[小脑病变]]></desc></option></options><answers><![CDATA[A]]></answers></question><question><type>1</type><format>html</format><desc><![CDATA[4.下列<u><b>不属于</b></u>长期服用左旋多巴药物的副作用]]></desc><options><option><id>A</id><type>text</type><desc><![CDATA[恶心呕吐]]></desc></option><option><id>B</id><type>text</type><desc><![CDATA[症状波动]]></desc></option><option><id>C</id><type>text</type><desc><![CDATA[精神症状]]></desc></option><option><id>D</id><type>text</type><desc><![CDATA[过敏性休克]]></desc></option><option><id>E</id><type>text</type><desc><![CDATA[皮疹]]></desc></option></options><answers><![CDATA[D]]></answers></question><question><type>1</type><format>html</format><desc><![CDATA[5.下述<u><b>不符合</b></u>震颤麻痹症状的是]]></desc><options><option><id>A</id><type>text</type><desc><![CDATA[面具脸]]></desc></option><option><id>B</id><type>text</type><desc><![CDATA[慌张步态]]></desc></option><option><id>C</id><type>text</type><desc><![CDATA[搓药丸样动作]]></desc></option><option><id>D</id><type>text</type><desc><![CDATA[小写症]]></desc></option><option><id>E</id><type>text</type><desc><![CDATA[动作时震颤加剧]]></desc></option></options><answers><![CDATA[E]]></answers></question><question><type>1</type><format>text</format><desc><![CDATA[6.关于帕金森病的三个主要体征正确的是]]></desc><options><option><id>A</id><type>text</type><desc><![CDATA[震颤，肌张力增高，慌张步态]]></desc></option><option><id>B</id><type>text</type><desc><![CDATA[震颤，面具脸，肌张力增高]]></desc></option><option><id>C</id><type>text</type><desc><![CDATA[运动减少，搓丸样动作，肌张力增高]]></desc></option><option><id>D</id><type>text</type><desc><![CDATA[震颤，肌张力增高，运动减少]]></desc></option><option><id>E</id><type>text</type><desc><![CDATA[震颤，面具脸，运动减少]]></desc></option></options><answers><![CDATA[D]]></answers></question></questions><questions><instructions><![CDATA[A2型题]]></instructions><question><type>2</type><format>text</format><desc><![CDATA[7.男性，62岁，几年来逐渐出现四肢震颤，双手呈“搓药丸样”动作，面部缺乏表情，动作缓慢，走路呈“慌张步态”，被动运动时肢体齿轮样肌张力增高。该病人最需要下列哪种药物治疗]]></desc><options><option><id>A</id><type>text</type><desc><![CDATA[新斯的明]]></desc></option><option><id>B</id><type>text</type><desc><![CDATA[左旋多巴]]></desc></option><option><id>C</id><type>text</type><desc><![CDATA[苯妥英钠]]></desc></option><option><id>D</id><type>text</type><desc><![CDATA[卡马西平]]></desc></option><option><id>E</id><type>text</type><desc><![CDATA[多巴胺]]></desc></option></options><answers><![CDATA[B]]></answers></question></questions><questions><instructions><![CDATA[A3型题]]></instructions><question><type>3</type><format>text</format><desc><![CDATA[8.患者，男性，60岁。出现双手颤抖3年余，近期出现手指扣纽扣、系鞋带困难现象。入院体查：面具脸，双手静止性震颤，右上肢肌张力增高，慌张步态。]]></desc><children><question><type>3</type><format>text</format><desc><![CDATA[（1）病人最可能患的疾病是]]></desc><options><option><id>A</id><type>text</type><desc><![CDATA[舞蹈病]]></desc></option><option><id>B</id><type>text</type><desc><![CDATA[帕金森病]]></desc></option><option><id>C</id><type>text</type><desc><![CDATA[强直性脊柱炎]]></desc></option><option><id>D</id><type>text</type><desc><![CDATA[脑出血]]></desc></option><option><id>E</id><type>text</type><desc><![CDATA[小脑病变]]></desc></option></options><answers><![CDATA[B]]></answers></question><question><type>3</type><format>text</format><desc><![CDATA[（2）此种疾病最常见的首发症状是]]></desc><options><option><id>A</id><type>text</type><desc><![CDATA[动作迟缓]]></desc></option><option><id>B</id><type>text</type><desc><![CDATA[面具脸]]></desc></option><option><id>C</id><type>text</type><desc><![CDATA[便秘]]></desc></option><option><id>D</id><type>text</type><desc><![CDATA[肌强直]]></desc></option><option><id>E</id><type>text</type><desc><![CDATA[静止性震颤]]></desc></option></options><answers><![CDATA[E]]></answers></question></children></question></questions></exam>