﻿<?xml version="1.0" encoding="UTF-8"?><exam><id>20181008161659</id><questions><instructions><![CDATA[A1型题]]></instructions><question><type>1</type><format>text</format><desc><![CDATA[1.慢性支气管炎急性发作的最常见原因是]]></desc><options><option><id>A</id><type>text</type><desc><![CDATA[吸烟]]></desc></option><option><id>B</id><type>text</type><desc><![CDATA[感染]]></desc></option><option><id>C</id><type>text</type><desc><![CDATA[大气污染]]></desc></option><option><id>D</id><type>text</type><desc><![CDATA[气温下降]]></desc></option><option><id>E</id><type>text</type><desc><![CDATA[过敏]]></desc></option></options><answers><![CDATA[B]]></answers></question><question><type>1</type><format>text</format><desc><![CDATA[2.慢性支气管炎并发肺气肿时，除慢支症状外，主要症状为]]></desc><options><option><id>A</id><type>text</type><desc><![CDATA[突发性呼吸困难]]></desc></option><option><id>B</id><type>text</type><desc><![CDATA[夜间阵发性呼吸困难]]></desc></option><option><id>C</id><type>text</type><desc><![CDATA[逐渐加重的呼吸困难，以活动后为重]]></desc></option><option><id>D</id><type>text</type><desc><![CDATA[发绀]]></desc></option><option><id>E</id><type>text</type><desc><![CDATA[心悸]]></desc></option></options><answers><![CDATA[C]]></answers></question><question><type>1</type><format>text</format><desc><![CDATA[3.慢性阻塞性肺疾病，进行腹式呼吸的目的是]]></desc><options><option><id>A</id><type>text</type><desc><![CDATA[有利于痰液排出]]></desc></option><option><id>B</id><type>text</type><desc><![CDATA[增加肺泡张力]]></desc></option><option><id>C</id><type>text</type><desc><![CDATA[使呼吸幅度扩大，增加肺泡通气量]]></desc></option><option><id>D</id><type>text</type><desc><![CDATA[借助腹肌进行呼吸]]></desc></option><option><id>E</id><type>text</type><desc><![CDATA[间接增加肋间肌活动]]></desc></option></options><answers><![CDATA[C]]></answers></question></questions><questions><instructions><![CDATA[A2型题]]></instructions><question><type>2</type><format>text</format><desc><![CDATA[4.病人，女性，63岁。慢性咳嗽、咳痰10年，加重伴气促2年。查体：桶状胸，叩诊过清音，两肺底部散在湿啰音。X线示：两肺透亮度增加，肋间隙增宽，两下肺纹理增多紊乱。提示该病人最可能发生了]]></desc><options><option><id>A</id><type>text</type><desc><![CDATA[支气管哮喘]]></desc></option><option><id>B</id><type>text</type><desc><![CDATA[慢性支气管炎、肺气肿]]></desc></option><option><id>C</id><type>text</type><desc><![CDATA[支气管扩张]]></desc></option><option><id>D</id><type>text</type><desc><![CDATA[肺心病]]></desc></option><option><id>E</id><type>text</type><desc><![CDATA[肺栓塞]]></desc></option></options><answers><![CDATA[B]]></answers></question><question><type>2</type><format>text</format><desc><![CDATA[5.病人，男性，70岁，因慢性阻塞性肺疾病，肺部感染住院治疗，经吸氧抗炎平喘治疗后，病人拟近日出院，护士对其进行腹式呼吸指导，其正确的是]]></desc><options><option><id>A</id><type>text</type><desc><![CDATA[呼与吸时间比为2～3︰1]]></desc></option><option><id>B</id><type>text</type><desc><![CDATA[吸与呼时间比为2～3︰1]]></desc></option><option><id>C</id><type>text</type><desc><![CDATA[呼与吸时间比为4～5︰1]]></desc></option><option><id>D</id><type>text</type><desc><![CDATA[吸与呼时间比为4～5︰1]]></desc></option><option><id>E</id><type>text</type><desc><![CDATA[呼与吸时间比为1︰1]]></desc></option></options><answers><![CDATA[A]]></answers></question><question><type>2</type><format>html</format><desc><![CDATA[6.病人，男性，80岁。有COPD病史40年。平素体弱，3天前受凉后再次出现咳嗽咳痰，痰白质黏量多，伴有气急。此时病人应<u><b>避免使用</b></u>]]></desc><options><option><id>A</id><type>text</type><desc><![CDATA[溴己新]]></desc></option><option><id>B</id><type>text</type><desc><![CDATA[氨茶碱]]></desc></option><option><id>C</id><type>text</type><desc><![CDATA[可待因]]></desc></option><option><id>D</id><type>text</type><desc><![CDATA[盐酸氨溴索]]></desc></option><option><id>E</id><type>text</type><desc><![CDATA[沙丁胺醇气雾剂]]></desc></option></options><answers><![CDATA[C]]></answers></question><question><type>2</type><format>text</format><desc><![CDATA[7.病人，男性，68岁，被人搀扶着步入医院，接诊护士看见其面色发绀，口唇呈青紫色，呼吸困难，询问病史得知其有慢性阻塞性肺疾病史。需立即对其进行的处理是]]></desc><options><option><id>A</id><type>text</type><desc><![CDATA[为病人挂号]]></desc></option><option><id>B</id><type>text</type><desc><![CDATA[不作处理，等待医生到来]]></desc></option><option><id>C</id><type>text</type><desc><![CDATA[鼻导管吸氧]]></desc></option><option><id>D</id><type>text</type><desc><![CDATA[电击除颤]]></desc></option><option><id>E</id><type>text</type><desc><![CDATA[人工呼吸]]></desc></option></options><answers><![CDATA[C]]></answers></question><question><type>2</type><format>text</format><desc><![CDATA[8.病人，女性，65岁，被人用轮椅推入医院，接诊护士看见其面色发绀，呼吸困难，询问病史得知其有慢性阻塞性肺疾病史，给予吸氧流量应是]]></desc><options><option><id>A</id><type>text</type><desc><![CDATA[1～2L/min]]></desc></option><option><id>B</id><type>text</type><desc><![CDATA[3～4L/min]]></desc></option><option><id>C</id><type>text</type><desc><![CDATA[5～6L/min]]></desc></option><option><id>D</id><type>text</type><desc><![CDATA[7～8L/min]]></desc></option><option><id>E</id><type>text</type><desc><![CDATA[9～10L/min]]></desc></option></options><answers><![CDATA[A]]></answers></question><question><type>2</type><format>text</format><desc><![CDATA[9.病人，男性，77岁，反复咳嗽、咳痰伴喘息20年，6年前出现逐渐加重的呼吸困难，诊断为COPD，日前处于缓解期。为防止发生呼吸衰竭，应指导病人]]></desc><options><option><id>A</id><type>text</type><desc><![CDATA[少盐饮食]]></desc></option><option><id>B</id><type>text</type><desc><![CDATA[避免肺部感染]]></desc></option><option><id>C</id><type>text</type><desc><![CDATA[低脂饮食]]></desc></option><option><id>D</id><type>text</type><desc><![CDATA[戒酒]]></desc></option><option><id>E</id><type>text</type><desc><![CDATA[卧床休息]]></desc></option></options><answers><![CDATA[B]]></answers></question><question><type>2</type><format>text</format><desc><![CDATA[10.病人，男性，77岁，反复咳嗽、咳痰伴喘息20年，6年前出现逐渐加重的呼吸困难，诊断为COPD，目前处于缓解期，指导病人进行呼吸功能锻炼的方法是]]></desc><options><option><id>A</id><type>text</type><desc><![CDATA[加强胸式呼吸，用鼻吸气，经口用力快速呼气]]></desc></option><option><id>B</id><type>text</type><desc><![CDATA[加强腹式呼吸，用鼻深吸，经口缓呼，呼气时口唇收拢]]></desc></option><option><id>C</id><type>text</type><desc><![CDATA[加强腹式呼吸，用鼻吸气，经口用力快速呼气]]></desc></option><option><id>D</id><type>text</type><desc><![CDATA[加强胸式呼吸，经鼻用力呼气]]></desc></option><option><id>E</id><type>text</type><desc><![CDATA[同时加强胸式和腹式呼吸]]></desc></option></options><answers><![CDATA[B]]></answers></question></questions></exam>