﻿<?xml version="1.0" encoding="UTF-8"?><exam><id>20181008162009</id><questions><instructions><![CDATA[A1型题]]></instructions><question><type>1</type><format>text</format><desc><![CDATA[1.休克型肺炎最突出的表现是]]></desc><options><option><id>A</id><type>text</type><desc><![CDATA[体温39℃以上]]></desc></option><option><id>B</id><type>text</type><desc><![CDATA[血压降到80/50mmHg]]></desc></option><option><id>C</id><type>text</type><desc><![CDATA[呼吸困难]]></desc></option><option><id>D</id><type>text</type><desc><![CDATA[恶心呕吐]]></desc></option><option><id>E</id><type>text</type><desc><![CDATA[少尿或无尿]]></desc></option></options><answers><![CDATA[B]]></answers></question><question><type>1</type><format>text</format><desc><![CDATA[2.肺炎链球菌肺炎最具特征性的痰液特点是]]></desc><options><option><id>A</id><type>text</type><desc><![CDATA[粉红色泡沫痰]]></desc></option><option><id>B</id><type>text</type><desc><![CDATA[铁锈色痰]]></desc></option><option><id>C</id><type>text</type><desc><![CDATA[黄色脓性痰]]></desc></option><option><id>D</id><type>text</type><desc><![CDATA[少量白色黏痰]]></desc></option><option><id>E</id><type>text</type><desc><![CDATA[细菌性痢疾]]></desc></option></options><answers><![CDATA[B]]></answers></question><question><type>1</type><format>text</format><desc><![CDATA[3.肺炎病人胸痛时宜]]></desc><options><option><id>A</id><type>text</type><desc><![CDATA[头低脚高位]]></desc></option><option><id>B</id><type>text</type><desc><![CDATA[头胸抬高15°~30°]]></desc></option><option><id>C</id><type>text</type><desc><![CDATA[平卧位]]></desc></option><option><id>D</id><type>text</type><desc><![CDATA[健侧卧位]]></desc></option><option><id>E</id><type>text</type><desc><![CDATA[患侧卧位]]></desc></option></options><answers><![CDATA[E]]></answers></question><question><type>1</type><format>text</format><desc><![CDATA[4.社区获得性肺炎最常见的病原菌是]]></desc><options><option><id>A</id><type>text</type><desc><![CDATA[立克次体]]></desc></option><option><id>B</id><type>text</type><desc><![CDATA[葡萄球菌]]></desc></option><option><id>C</id><type>text</type><desc><![CDATA[溶血性链球菌]]></desc></option><option><id>D</id><type>text</type><desc><![CDATA[衣原体]]></desc></option><option><id>E</id><type>text</type><desc><![CDATA[肺炎链球菌]]></desc></option></options><answers><![CDATA[E]]></answers></question><question><type>1</type><format>text</format><desc><![CDATA[5.病人，男，28岁。感冒后诱发肺炎，咳大量黄色脓痰，最有可能感染的病原体是]]></desc><options><option><id>A</id><type>text</type><desc><![CDATA[肺炎克雷伯杆菌]]></desc></option><option><id>B</id><type>text</type><desc><![CDATA[金黄色葡萄球菌]]></desc></option><option><id>C</id><type>text</type><desc><![CDATA[冠状病毒]]></desc></option><option><id>D</id><type>text</type><desc><![CDATA[铜绿假单胞菌]]></desc></option><option><id>E</id><type>text</type><desc><![CDATA[肺炎衣原体]]></desc></option></options><answers><![CDATA[B]]></answers></question></questions><questions><instructions><![CDATA[A2型题]]></instructions><question><type>2</type><format>text</format><desc><![CDATA[6.病人，男，26岁。淋雨后突然寒战高热、全身肌肉酸痛、干咳、胸痛。体检：面色苍白口唇微绀、表情淡漠。T39.8℃，R28次/min，血压90/60mmHg。护士应警惕病人病情恶化，并应特别注意观察]]></desc><options><option><id>A</id><type>text</type><desc><![CDATA[体温变化]]></desc></option><option><id>B</id><type>text</type><desc><![CDATA[心率改变]]></desc></option><option><id>C</id><type>text</type><desc><![CDATA[血压改变]]></desc></option><option><id>D</id><type>text</type><desc><![CDATA[肺部体征的改变]]></desc></option><option><id>E</id><type>text</type><desc><![CDATA[呼吸系统症状变化]]></desc></option></options><answers><![CDATA[C]]></answers></question><question><type>2</type><format>text</format><desc><![CDATA[7.病人，男，28岁。感冒后诱发肺炎，咳大量黄色脓痰，最有可能感染的病原体是]]></desc><options><option><id>A</id><type>text</type><desc><![CDATA[肺炎克雷伯杆菌]]></desc></option><option><id>B</id><type>text</type><desc><![CDATA[金黄色葡萄球菌]]></desc></option><option><id>C</id><type>text</type><desc><![CDATA[冠状病毒]]></desc></option><option><id>D</id><type>text</type><desc><![CDATA[铜绿假单胞菌]]></desc></option><option><id>E</id><type>text</type><desc><![CDATA[肺炎衣原体]]></desc></option></options><answers><![CDATA[B]]></answers></question><question><type>2</type><format>html</format><desc><![CDATA[8.病人，女，32岁，淋雨后寒战、高热，咳嗽、咳痰，痰液为铁锈色；体温39.8℃，查体右下肺呼吸运动减弱，语颤增强，叩诊浊音，听诊有支气管呼吸音和湿啰音。护士指导其饮食，<u><b>不应给予</b></u>的饮食为]]></desc><options><option><id>A</id><type>text</type><desc><![CDATA[高热量]]></desc></option><option><id>B</id><type>text</type><desc><![CDATA[高维生素]]></desc></option><option><id>C</id><type>text</type><desc><![CDATA[清淡食物]]></desc></option><option><id>D</id><type>text</type><desc><![CDATA[高脂肪]]></desc></option><option><id>E</id><type>text</type><desc><![CDATA[易消化]]></desc></option></options><answers><![CDATA[D]]></answers></question><question><type>2</type><format>text</format><desc><![CDATA[9.病人，男，26岁，平素体健。淋雨后发热、咳嗽、咳痰，病人出现全身肌肉酸痛、胸痛等全身中毒症状，诊断为肺炎链球菌肺炎，护士在观察病情时，应特别警惕发生]]></desc><options><option><id>A</id><type>text</type><desc><![CDATA[胸膜炎]]></desc></option><option><id>B</id><type>text</type><desc><![CDATA[心包炎]]></desc></option><option><id>C</id><type>text</type><desc><![CDATA[休克]]></desc></option><option><id>D</id><type>text</type><desc><![CDATA[脓胸]]></desc></option><option><id>E</id><type>text</type><desc><![CDATA[脑膜炎]]></desc></option></options><answers><![CDATA[C]]></answers></question></questions></exam>