﻿<?xml version="1.0" encoding="UTF-8"?><exam><id>20181008165429</id><questions><instructions><![CDATA[A1型题]]></instructions><question><type>1</type><format>text</format><desc><![CDATA[1.二尖瓣面容的特点是]]></desc><options><option><id>A</id><type>text</type><desc><![CDATA[口唇轻度发绀]]></desc></option><option><id>B</id><type>text</type><desc><![CDATA[面部毛细血管扩张]]></desc></option><option><id>C</id><type>text</type><desc><![CDATA[两颊部蝶形红斑]]></desc></option><option><id>D</id><type>text</type><desc><![CDATA[两颊部紫红]]></desc></option><option><id>E</id><type>text</type><desc><![CDATA[面色潮红]]></desc></option></options><answers><![CDATA[D]]></answers></question><question><type>1</type><format>text</format><desc><![CDATA[2.临床上最常见的联合瓣膜病是]]></desc><options><option><id>A</id><type>text</type><desc><![CDATA[二尖瓣狭窄合并主动脉瓣关闭不全]]></desc></option><option><id>B</id><type>text</type><desc><![CDATA[二尖瓣狭窄合并主动脉瓣狭窄]]></desc></option><option><id>C</id><type>text</type><desc><![CDATA[二尖瓣狭窄合并肺动脉瓣狭窄]]></desc></option><option><id>D</id><type>text</type><desc><![CDATA[二尖瓣狭窄合并三尖瓣狭窄]]></desc></option><option><id>E</id><type>text</type><desc><![CDATA[三尖瓣关闭不全合并主动脉瓣关闭不全]]></desc></option></options><answers><![CDATA[A]]></answers></question><question><type>1</type><format>html</format><desc><![CDATA[3.<u><b>不属于</b></u>周围血管征表现的是]]></desc><options><option><id>A</id><type>text</type><desc><![CDATA[毛细血管搏动征]]></desc></option><option><id>B</id><type>text</type><desc><![CDATA[水冲脉]]></desc></option><option><id>C</id><type>text</type><desc><![CDATA[脉压增大]]></desc></option><option><id>D</id><type>text</type><desc><![CDATA[大动脉枪击音]]></desc></option><option><id>E</id><type>text</type><desc><![CDATA[细迟脉]]></desc></option></options><answers><![CDATA[E]]></answers></question><question><type>1</type><format>text</format><desc><![CDATA[4.主动脉瓣狭窄典型的三联征是]]></desc><options><option><id>A</id><type>text</type><desc><![CDATA[劳力性呼吸困难、心绞痛、杂音]]></desc></option><option><id>B</id><type>text</type><desc><![CDATA[劳力性呼吸困难、杂音、昏厥]]></desc></option><option><id>C</id><type>text</type><desc><![CDATA[杂音、心绞痛、发热]]></desc></option><option><id>D</id><type>text</type><desc><![CDATA[劳力性呼吸困难、心绞痛、昏厥]]></desc></option><option><id>E</id><type>text</type><desc><![CDATA[劳力性呼吸困难、心绞痛、发热]]></desc></option></options><answers><![CDATA[D]]></answers></question></questions><questions><instructions><![CDATA[A2型题]]></instructions><question><type>2</type><format>text</format><desc><![CDATA[5.病人，女性，28岁。有风湿性心脏病伴二尖瓣狭窄，最符合其心电图表现的是]]></desc><options><option><id>A</id><type>text</type><desc><![CDATA[P波消失，代之以大小、形态不一的F波]]></desc></option><option><id>B</id><type>text</type><desc><![CDATA[P波消失，代之以锯齿状F波]]></desc></option><option><id>C</id><type>text</type><desc><![CDATA[P波变窄，P波宽度＜0.12秒]]></desc></option><option><id>D</id><type>text</type><desc><![CDATA[二尖瓣型P波，P波宽度＞0.12秒]]></desc></option><option><id>E</id><type>text</type><desc><![CDATA[P波提早出现，形态以窦性不同]]></desc></option></options><answers><![CDATA[D]]></answers></question><question><type>2</type><format>text</format><desc><![CDATA[6.病人，女性，23岁。有风湿性心脏病二尖瓣狭窄，反复住院治疗，今日无明显原因突然出现意识障碍，最可能的原因是]]></desc><options><option><id>A</id><type>text</type><desc><![CDATA[脑栓塞]]></desc></option><option><id>B</id><type>text</type><desc><![CDATA[发生房颤]]></desc></option><option><id>C</id><type>text</type><desc><![CDATA[心排血量减少，脑供血不足]]></desc></option><option><id>D</id><type>text</type><desc><![CDATA[发生室颤]]></desc></option><option><id>E</id><type>text</type><desc><![CDATA[脑血栓形成]]></desc></option></options><answers><![CDATA[A]]></answers></question><question><type>2</type><format>text</format><desc><![CDATA[7.病人，男性，28岁。风心病伴二尖瓣狭窄6年，伴心房颤动5年，此次住院治疗效果不佳，病情不稳定而死亡。风湿性心脏瓣膜病最主要的致死原因是]]></desc><options><option><id>A</id><type>text</type><desc><![CDATA[亚急性感染心内膜炎]]></desc></option><option><id>B</id><type>text</type><desc><![CDATA[栓塞]]></desc></option><option><id>C</id><type>text</type><desc><![CDATA[心力衰竭]]></desc></option><option><id>D</id><type>text</type><desc><![CDATA[心律失常]]></desc></option><option><id>E</id><type>text</type><desc><![CDATA[大咯血]]></desc></option></options><answers><![CDATA[C]]></answers></question><question><type>2</type><format>text</format><desc><![CDATA[8.病人，女性，21岁。诊断为风湿热1年，医生考虑此病人病变已侵犯心脏，与此病发病有密切关系的细菌是]]></desc><options><option><id>A</id><type>text</type><desc><![CDATA[表皮葡萄球菌]]></desc></option><option><id>B</id><type>text</type><desc><![CDATA[革兰氏阴性杆菌]]></desc></option><option><id>C</id><type>text</type><desc><![CDATA[乙型溶血性链球菌]]></desc></option><option><id>D</id><type>text</type><desc><![CDATA[金黄色葡萄球菌]]></desc></option><option><id>E</id><type>text</type><desc><![CDATA[大肠杆菌]]></desc></option></options><answers><![CDATA[C]]></answers></question><question><type>2</type><format>text</format><desc><![CDATA[9.病人，女性，29岁。诊断为风湿性心脏病二尖瓣狭窄，风湿性心脏瓣膜病最常见的并发症是]]></desc><options><option><id>A</id><type>text</type><desc><![CDATA[室性心律失常]]></desc></option><option><id>B</id><type>text</type><desc><![CDATA[下肢静脉血栓]]></desc></option><option><id>C</id><type>text</type><desc><![CDATA[心力衰竭]]></desc></option><option><id>D</id><type>text</type><desc><![CDATA[贫血]]></desc></option><option><id>E</id><type>text</type><desc><![CDATA[心源性休克]]></desc></option></options><answers><![CDATA[C]]></answers></question><question><type>2</type><format>text</format><desc><![CDATA[10.病人，女性，32岁。既往有风湿热10年，常有扁桃体发炎发生，近半年有活动后呼吸困难，伴有心悸、胸闷、咳嗽、声音嘶哑。诊断为慢性风湿性心脏瓣膜病（二尖瓣狭窄）。此病最早出现的症状是]]></desc><options><option><id>A</id><type>text</type><desc><![CDATA[双下肢水肿]]></desc></option><option><id>B</id><type>text</type><desc><![CDATA[劳力性呼吸困难]]></desc></option><option><id>C</id><type>text</type><desc><![CDATA[反复咯血]]></desc></option><option><id>D</id><type>text</type><desc><![CDATA[频繁咳嗽]]></desc></option><option><id>E</id><type>text</type><desc><![CDATA[端坐呼吸]]></desc></option></options><answers><![CDATA[B]]></answers></question><question><type>2</type><format>text</format><desc><![CDATA[11.病人，男性，26岁。因“风性病、二尖瓣狭窄”入院，医生要求护士观察心律变化，及时发现心律失常。该病最常见的心律失常是]]></desc><options><option><id>A</id><type>text</type><desc><![CDATA[期前收缩]]></desc></option><option><id>B</id><type>text</type><desc><![CDATA[窦性心动过速]]></desc></option><option><id>C</id><type>text</type><desc><![CDATA[窦性心动过缓]]></desc></option><option><id>D</id><type>text</type><desc><![CDATA[心房颤动]]></desc></option><option><id>E</id><type>text</type><desc><![CDATA[房室传导阻滞]]></desc></option></options><answers><![CDATA[D]]></answers></question><question><type>2</type><format>text</format><desc><![CDATA[12.病人，女性，20岁。有风湿性心脏病二尖瓣狭窄、心力衰竭，遵医嘱进行强心、利尿、扩血管治疗。使用前需测心率的药物是]]></desc><options><option><id>A</id><type>text</type><desc><![CDATA[硝酸甘油]]></desc></option><option><id>B</id><type>text</type><desc><![CDATA[地高辛]]></desc></option><option><id>C</id><type>text</type><desc><![CDATA[普萘洛尔]]></desc></option><option><id>D</id><type>text</type><desc><![CDATA[利多卡因]]></desc></option><option><id>E</id><type>text</type><desc><![CDATA[肠溶阿司匹林]]></desc></option></options><answers><![CDATA[B]]></answers></question></questions></exam>