﻿<?xml version="1.0" encoding="UTF-8"?><exam><id>20181008165036</id><questions><instructions><![CDATA[A1型题]]></instructions><question><type>1</type><format>text</format><desc><![CDATA[1.引起心源性水肿最常见的疾病是]]></desc><options><option><id>A</id><type>text</type><desc><![CDATA[左心衰竭]]></desc></option><option><id>B</id><type>text</type><desc><![CDATA[右心衰竭]]></desc></option><option><id>C</id><type>text</type><desc><![CDATA[心包炎]]></desc></option><option><id>D</id><type>text</type><desc><![CDATA[心肌炎]]></desc></option><option><id>E</id><type>text</type><desc><![CDATA[心脏压塞]]></desc></option></options><answers><![CDATA[B]]></answers></question><question><type>1</type><format>text</format><desc><![CDATA[2.引起左心室前负荷增加的最常见的疾病是]]></desc><options><option><id>A</id><type>text</type><desc><![CDATA[高血压]]></desc></option><option><id>B</id><type>text</type><desc><![CDATA[主动脉瓣狭窄]]></desc></option><option><id>C</id><type>text</type><desc><![CDATA[二尖瓣关闭不全]]></desc></option><option><id>D</id><type>text</type><desc><![CDATA[肺动脉高压]]></desc></option><option><id>E</id><type>text</type><desc><![CDATA[肺动脉瓣狭窄]]></desc></option></options><answers><![CDATA[C]]></answers></question><question><type>1</type><format>text</format><desc><![CDATA[3.心力衰竭病人使用利尿剂时应特别注意]]></desc><options><option><id>A</id><type>text</type><desc><![CDATA[心率变化]]></desc></option><option><id>B</id><type>text</type><desc><![CDATA[血压变化]]></desc></option><option><id>C</id><type>text</type><desc><![CDATA[电解质变化]]></desc></option><option><id>D</id><type>text</type><desc><![CDATA[肾功能变化]]></desc></option><option><id>E</id><type>text</type><desc><![CDATA[肝功能变化]]></desc></option></options><answers><![CDATA[C]]></answers></question><question><type>1</type><format>text</format><desc><![CDATA[4.给病人使用洋地黄类药物前应常规测量]]></desc><options><option><id>A</id><type>text</type><desc><![CDATA[体温]]></desc></option><option><id>B</id><type>text</type><desc><![CDATA[脉搏]]></desc></option><option><id>C</id><type>text</type><desc><![CDATA[呼吸]]></desc></option><option><id>D</id><type>text</type><desc><![CDATA[血压]]></desc></option><option><id>E</id><type>text</type><desc><![CDATA[体重]]></desc></option></options><answers><![CDATA[B]]></answers></question></questions><questions><instructions><![CDATA[A2型题]]></instructions><question><type>2</type><format>text</format><desc><![CDATA[5.病人，男性，43岁，“心脏病”史10年。病人在体力活动时无症状，但较重体力活动即出现呼吸困难等症状，病人的心功能状态应判断为]]></desc><options><option><id>A</id><type>text</type><desc><![CDATA[心功能Ⅰ级]]></desc></option><option><id>B</id><type>text</type><desc><![CDATA[心功能Ⅱ级]]></desc></option><option><id>C</id><type>text</type><desc><![CDATA[心功能Ⅲ级]]></desc></option><option><id>D</id><type>text</type><desc><![CDATA[心功能Ⅳ级]]></desc></option><option><id>E</id><type>text</type><desc><![CDATA[Ⅲ度心衰]]></desc></option></options><answers><![CDATA[B]]></answers></question><question><type>2</type><format>html</format><desc><![CDATA[6.病人，女性，52岁，因“扩张型心肌病、心房颤动、全心衰”入院，病人突然出现端坐呼吸、烦躁、大汗，咳粉红色泡沫样痰。以下用药<u><b>不恰当</b></u>的是]]></desc><options><option><id>A</id><type>text</type><desc><![CDATA[静注呋塞米]]></desc></option><option><id>B</id><type>text</type><desc><![CDATA[硝酸甘油静滴]]></desc></option><option><id>C</id><type>text</type><desc><![CDATA[口服氢氯噻嗪]]></desc></option><option><id>D</id><type>text</type><desc><![CDATA[西地兰稀释后缓慢静注]]></desc></option><option><id>E</id><type>text</type><desc><![CDATA[吗啡静注]]></desc></option></options><answers><![CDATA[C]]></answers></question><question><type>2</type><format>text</format><desc><![CDATA[7.病人，女性，30岁，患风湿性心脏病二尖瓣狭窄伴关闭不全10年，出现慢性房颤3年，1周前因心力衰竭入院，经洋地黄治疗后，心率骤然转为绝对规则，心率50次/min，视物模糊，黄视。该病人的首要处理措施是]]></desc><options><option><id>A</id><type>text</type><desc><![CDATA[加用氯化钾]]></desc></option><option><id>B</id><type>text</type><desc><![CDATA[继续维持洋地黄维持量治疗]]></desc></option><option><id>C</id><type>text</type><desc><![CDATA[减少洋地黄用量]]></desc></option><option><id>D</id><type>text</type><desc><![CDATA[同步直流电复律]]></desc></option><option><id>E</id><type>text</type><desc><![CDATA[停用洋地黄，按洋地黄中毒处理]]></desc></option></options><answers><![CDATA[E]]></answers></question><question><type>2</type><format>text</format><desc><![CDATA[8.病人，男性，65岁，一周前患急性下壁心肌梗死，目前心功能Ⅳ级，可降低病人心脏后负荷的方法是]]></desc><options><option><id>A</id><type>text</type><desc><![CDATA[低盐饮食]]></desc></option><option><id>B</id><type>text</type><desc><![CDATA[减慢输液速度]]></desc></option><option><id>C</id><type>text</type><desc><![CDATA[半卧位]]></desc></option><option><id>D</id><type>text</type><desc><![CDATA[应用扩血管药]]></desc></option><option><id>E</id><type>text</type><desc><![CDATA[应用利尿剂]]></desc></option></options><answers><![CDATA[D]]></answers></question><question><type>2</type><format>text</format><desc><![CDATA[9.病人，女性，58岁，有“心力衰竭”病史。“感冒”后夜间突然惊醒，被迫坐起，烦躁不安，咳嗽、气急，咳粉红色泡沫痰，该病人最可能出现的是]]></desc><options><option><id>A</id><type>text</type><desc><![CDATA[心源性休克]]></desc></option><option><id>B</id><type>text</type><desc><![CDATA[心律失常]]></desc></option><option><id>C</id><type>text</type><desc><![CDATA[心脏骤停]]></desc></option><option><id>D</id><type>text</type><desc><![CDATA[脑栓塞]]></desc></option><option><id>E</id><type>text</type><desc><![CDATA[急性肺水肿]]></desc></option></options><answers><![CDATA[E]]></answers></question><question><type>2</type><format>text</format><desc><![CDATA[10.病人，女性，38岁，刚住院的风湿性心脏病病人。见其下床、洗脸、就餐、走动后即气喘、出汗，自诉心慌胸闷，但卧床休息时却无此不适，根据其新功能状况，最恰当的休息与活动的安排是]]></desc><options><option><id>A</id><type>text</type><desc><![CDATA[绝对卧床休息，取半卧位]]></desc></option><option><id>B</id><type>text</type><desc><![CDATA[以卧床休息为主，限制运动]]></desc></option><option><id>C</id><type>text</type><desc><![CDATA[每天爬一层楼梯，需增加睡眠]]></desc></option><option><id>D</id><type>text</type><desc><![CDATA[不限制活动，但须劳逸结合]]></desc></option><option><id>E</id><type>text</type><desc><![CDATA[可打太极拳，忌剧烈运动]]></desc></option></options><answers><![CDATA[B]]></answers></question></questions></exam>