﻿<?xml version="1.0" encoding="UTF-8"?><exam><id>20181008162825</id><questions><instructions><![CDATA[A1型题]]></instructions><question><type>1</type><format>html</format><desc><![CDATA[1.肺癌已有锁骨上淋巴结转移，哪项治疗<u><b>不适宜</b></u>]]></desc><options><option><id>A</id><type>text</type><desc><![CDATA[化疗]]></desc></option><option><id>B</id><type>text</type><desc><![CDATA[手术]]></desc></option><option><id>C</id><type>text</type><desc><![CDATA[中药治疗]]></desc></option><option><id>D</id><type>text</type><desc><![CDATA[免疫治疗]]></desc></option><option><id>E</id><type>text</type><desc><![CDATA[化疗+生物治疗]]></desc></option></options><answers><![CDATA[B]]></answers></question><question><type>1</type><format>text</format><desc><![CDATA[2.病人，男，40岁，吸烟史20年，胸片左肺门团块影。进一步检查应首选]]></desc><options><option><id>A</id><type>text</type><desc><![CDATA[血沉]]></desc></option><option><id>B</id><type>text</type><desc><![CDATA[分层摄片]]></desc></option><option><id>C</id><type>text</type><desc><![CDATA[胸部CT]]></desc></option><option><id>D</id><type>text</type><desc><![CDATA[纤维支气管镜]]></desc></option><option><id>E</id><type>text</type><desc><![CDATA[胸部超声波]]></desc></option></options><answers><![CDATA[D]]></answers></question><question><type>1</type><format>text</format><desc><![CDATA[3.与肺癌发病关系最密切的因素是]]></desc><options><option><id>A</id><type>text</type><desc><![CDATA[职业性致病因素]]></desc></option><option><id>B</id><type>text</type><desc><![CDATA[长期吸烟]]></desc></option><option><id>C</id><type>text</type><desc><![CDATA[免疫缺陷]]></desc></option><option><id>D</id><type>text</type><desc><![CDATA[慢性肺部疾病]]></desc></option><option><id>E</id><type>text</type><desc><![CDATA[遗传因素]]></desc></option></options><answers><![CDATA[B]]></answers></question><question><type>1</type><format>text</format><desc><![CDATA[4.早期确诊肺癌，最简单有效的方法是]]></desc><options><option><id>A</id><type>text</type><desc><![CDATA[胸水查癌细胞]]></desc></option><option><id>B</id><type>text</type><desc><![CDATA[痰查癌细胞]]></desc></option><option><id>C</id><type>text</type><desc><![CDATA[放射性核素扫描]]></desc></option><option><id>D</id><type>text</type><desc><![CDATA[支气管镜检查]]></desc></option><option><id>E</id><type>text</type><desc><![CDATA[纵隔镜]]></desc></option></options><answers><![CDATA[B]]></answers></question><question><type>1</type><format>text</format><desc><![CDATA[5.病人，男，58岁，诊断为支气管肺癌，其常见的早期症状是]]></desc><options><option><id>A</id><type>text</type><desc><![CDATA[声音嘶哑]]></desc></option><option><id>B</id><type>text</type><desc><![CDATA[胸痛]]></desc></option><option><id>C</id><type>text</type><desc><![CDATA[气促]]></desc></option><option><id>D</id><type>text</type><desc><![CDATA[呛咳]]></desc></option><option><id>E</id><type>text</type><desc><![CDATA[发热]]></desc></option></options><answers><![CDATA[D]]></answers></question><question><type>1</type><format>html</format><desc><![CDATA[6.支气管肺癌压迫颈交感神经引起的临床表现<u><b>不包括</b></u>]]></desc><options><option><id>A</id><type>text</type><desc><![CDATA[声音嘶哑]]></desc></option><option><id>B</id><type>text</type><desc><![CDATA[患侧额部少汗]]></desc></option><option><id>C</id><type>text</type><desc><![CDATA[患侧上睑下垂]]></desc></option><option><id>D</id><type>text</type><desc><![CDATA[瞳孔由大变小]]></desc></option><option><id>E</id><type>text</type><desc><![CDATA[眼球凹陷]]></desc></option></options><answers><![CDATA[A]]></answers></question></questions><questions><instructions><![CDATA[A2型题]]></instructions><question><type>2</type><format>html</format><desc><![CDATA[7.病人，男，70岁。疑诊肺癌。行纤维支气管镜检查后，护士嘱其不宜立即饮水，向病人解释其目的是为了<u><b>避免</b></u>]]></desc><options><option><id>A</id><type>text</type><desc><![CDATA[恶心]]></desc></option><option><id>B</id><type>text</type><desc><![CDATA[喷嚏]]></desc></option><option><id>C</id><type>text</type><desc><![CDATA[出血]]></desc></option><option><id>D</id><type>text</type><desc><![CDATA[误吸]]></desc></option><option><id>E</id><type>text</type><desc><![CDATA[腹胀]]></desc></option></options><answers><![CDATA[D]]></answers></question><question><type>2</type><format>text</format><desc><![CDATA[8.病人，男，60岁，肺癌手术后7日。观察中发现胸腔仍引流出大量气体，病人有发热，刺激性咳嗽，痰中带血，呼吸困难，应怀疑]]></desc><options><option><id>A</id><type>text</type><desc><![CDATA[支气管胸膜瘘]]></desc></option><option><id>B</id><type>text</type><desc><![CDATA[肺炎、肺不张]]></desc></option><option><id>C</id><type>text</type><desc><![CDATA[肺大泡破裂]]></desc></option><option><id>D</id><type>text</type><desc><![CDATA[肺水肿]]></desc></option><option><id>E</id><type>text</type><desc><![CDATA[胸腔出血]]></desc></option></options><answers><![CDATA[A]]></answers></question><question><type>2</type><format>html</format><desc><![CDATA[9.病人，女，57岁，接受化疗时，护土静脉推注阿霉素20mg+生理盐水20ml时不慎将药液漏至血管外。以下哪项处理<u><b>错误</b></u>]]></desc><options><option><id>A</id><type>text</type><desc><![CDATA[停止注射，拔出针头]]></desc></option><option><id>B</id><type>text</type><desc><![CDATA[支托痛处]]></desc></option><option><id>C</id><type>text</type><desc><![CDATA[普鲁卡因注入局部皮下]]></desc></option><option><id>D</id><type>text</type><desc><![CDATA[局部热敷]]></desc></option><option><id>E</id><type>text</type><desc><![CDATA[氢化可的松油膏外敷]]></desc></option></options><answers><![CDATA[D]]></answers></question><question><type>2</type><format>text</format><desc><![CDATA[10.病人，男60岁，平素身体健康；吸烟史20年，平均20支/日以上，突然咯血30ml后无其他不适，护理体检未发现异常，为排除肺癌住院，为明确诊断一般简单有效的方法是]]></desc><options><option><id>A</id><type>text</type><desc><![CDATA[血沉]]></desc></option><option><id>B</id><type>text</type><desc><![CDATA[血甲胎蛋白测定]]></desc></option><option><id>C</id><type>text</type><desc><![CDATA[痰脱落细胞检查]]></desc></option><option><id>D</id><type>text</type><desc><![CDATA[颈淋巴结活检]]></desc></option><option><id>E</id><type>text</type><desc><![CDATA[纤维支气管镜检查]]></desc></option></options><answers><![CDATA[C]]></answers></question></questions></exam>