﻿<?xml version="1.0" encoding="UTF-8"?><exam><id>20181009090620</id><questions><instructions><![CDATA[A1型题]]></instructions><question><type>1</type><format>text</format><desc><![CDATA[1.下丘脑的作用是分泌]]></desc><options><option><id>A</id><type>text</type><desc><![CDATA[血管升压素]]></desc></option><option><id>B</id><type>text</type><desc><![CDATA[泌乳素]]></desc></option><option><id>C</id><type>text</type><desc><![CDATA[对垂体的各种激素的促释放激素]]></desc></option><option><id>D</id><type>text</type><desc><![CDATA[缩宫素]]></desc></option><option><id>E</id><type>text</type><desc><![CDATA[生长素]]></desc></option></options><answers><![CDATA[C]]></answers></question><question><type>1</type><format>html</format><desc><![CDATA[2.<u><b>不属于</b></u>人体主要内分泌腺的器官是]]></desc><options><option><id>A</id><type>text</type><desc><![CDATA[下丘脑]]></desc></option><option><id>B</id><type>text</type><desc><![CDATA[腺垂体、神经垂体]]></desc></option><option><id>C</id><type>text</type><desc><![CDATA[甲状腺]]></desc></option><option><id>D</id><type>text</type><desc><![CDATA[肾上腺]]></desc></option><option><id>E</id><type>text</type><desc><![CDATA[肝脏]]></desc></option></options><answers><![CDATA[E]]></answers></question><question><type>1</type><format>text</format><desc><![CDATA[3.神经系统调节内分泌腺活动的腺体是]]></desc><options><option><id>A</id><type>text</type><desc><![CDATA[大脑皮质]]></desc></option><option><id>B</id><type>text</type><desc><![CDATA[脑垂体]]></desc></option><option><id>C</id><type>text</type><desc><![CDATA[下丘脑]]></desc></option><option><id>D</id><type>text</type><desc><![CDATA[神经节]]></desc></option><option><id>E</id><type>text</type><desc><![CDATA[神经组织]]></desc></option></options><answers><![CDATA[C]]></answers></question><question><type>1</type><format>text</format><desc><![CDATA[4.成人生长素分泌过多可出现]]></desc><options><option><id>A</id><type>text</type><desc><![CDATA[呆小症]]></desc></option><option><id>B</id><type>text</type><desc><![CDATA[巨人症]]></desc></option><option><id>C</id><type>text</type><desc><![CDATA[侏儒症]]></desc></option><option><id>D</id><type>text</type><desc><![CDATA[黏液性水肿]]></desc></option><option><id>E</id><type>text</type><desc><![CDATA[肢端肥大症]]></desc></option></options><answers><![CDATA[E]]></answers></question></questions><questions><instructions><![CDATA[A2型题]]></instructions><question><type>2</type><format>text</format><desc><![CDATA[5.病人，女性，18岁，山区居民。因颈部肿物2年就诊，无任何自觉症状。查体：脉搏88次/分，甲状腺双侧对称性肿大，质软，随吞咽活动。最可能的疾病是]]></desc><options><option><id>A</id><type>text</type><desc><![CDATA[甲亢]]></desc></option><option><id>B</id><type>text</type><desc><![CDATA[慢性淋巴细胞性甲状腺炎]]></desc></option><option><id>C</id><type>text</type><desc><![CDATA[甲状舌管囊肿]]></desc></option><option><id>D</id><type>text</type><desc><![CDATA[单纯性甲状腺肿]]></desc></option><option><id>E</id><type>text</type><desc><![CDATA[甲状腺癌]]></desc></option></options><answers><![CDATA[D]]></answers></question><question><type>2</type><format>html</format><desc><![CDATA[6.病人，女性，54岁。患甲状腺功能亢进症伴重症浸润性突眼已有7年余，眼睑常不能闭合，有视物模糊与复视，结膜水肿。下列护理措施<u><b>不妥</b></u>的是]]></desc><options><option><id>A</id><type>text</type><desc><![CDATA[戴眼罩或墨镜]]></desc></option><option><id>B</id><type>text</type><desc><![CDATA[生理氯化钠溶液湿敷]]></desc></option><option><id>C</id><type>text</type><desc><![CDATA[抗生素眼膏涂眼]]></desc></option><option><id>D</id><type>text</type><desc><![CDATA[限制水、钠摄入]]></desc></option><option><id>E</id><type>text</type><desc><![CDATA[头部放低]]></desc></option></options><answers><![CDATA[E]]></answers></question><question><type>2</type><format>html</format><desc><![CDATA[7.病人，女性，25岁。为I型糖尿病病人。近日来食欲减退、多饮、烦渴、多尿。皮肤黏膜干燥。空腹血糖24.2mmol/L，尿糖(++)，酮体强阳性。经抢救后病情已稳定，待出院期间，<u><b>不在</b></u>健康指导内容之中的是]]></desc><options><option><id>A</id><type>text</type><desc><![CDATA[掌握控制饮食的具体措施]]></desc></option><option><id>B</id><type>text</type><desc><![CDATA[应用降糖药的注意事项]]></desc></option><option><id>C</id><type>text</type><desc><![CDATA[掌握尿糖定性试验与注射胰岛素的方法]]></desc></option><option><id>D</id><type>text</type><desc><![CDATA[注意皮肤清洁，预防感染]]></desc></option><option><id>E</id><type>text</type><desc><![CDATA[避免精神创伤和过度劳累，定期随防]]></desc></option></options><answers><![CDATA[C]]></answers></question><question><type>2</type><format>text</format><desc><![CDATA[8.病人，女性，53岁。“甲状腺功能亢进症”病史30年。最近3个月来心悸加重，伴头晕、胸闷，以“心房颤动，心脏扩大”入院。在病情观察中，最重要的观察内容是]]></desc><options><option><id>A</id><type>text</type><desc><![CDATA[休息与饮食]]></desc></option><option><id>B</id><type>text</type><desc><![CDATA[心率与心律]]></desc></option><option><id>C</id><type>text</type><desc><![CDATA[脉搏与血压]]></desc></option><option><id>D</id><type>text</type><desc><![CDATA[体温与呼吸]]></desc></option><option><id>E</id><type>text</type><desc><![CDATA[体重与尿量]]></desc></option></options><answers><![CDATA[B]]></answers></question><question><type>2</type><format>html</format><desc><![CDATA[9.病人，男性，22岁。无诱因出现心慌，怕热多汗，易饥多食，急躁易怒，乏力。T38.4℃，T<sub>3</sub>、T<sub>4</sub>明显升高，TSH降低。考虑病人最可能的疾病是]]></desc><options><option><id>A</id><type>text</type><desc><![CDATA[甲亢]]></desc></option><option><id>B</id><type>text</type><desc><![CDATA[甲减]]></desc></option><option><id>C</id><type>text</type><desc><![CDATA[库欣综合征]]></desc></option><option><id>D</id><type>text</type><desc><![CDATA[糖尿病]]></desc></option><option><id>E</id><type>text</type><desc><![CDATA[先天性肾上腺皮质增生]]></desc></option></options><answers><![CDATA[A]]></answers><keypoints><![CDATA[解析：怕热多汗，易饥多食，急躁易怒，乏力；T38.4℃，T<sub>3</sub>、T<sub>4</sub>明显升高，TSH降低；属于甲亢的临床表现特点。]]></keypoints></question></questions></exam>