﻿<?xml version="1.0" encoding="UTF-8"?><exam><id>20181008165624</id><questions><instructions><![CDATA[A1型题]]></instructions><question><type>1</type><format>text</format><desc><![CDATA[1.临床最常见的心肌病是]]></desc><options><option><id>A</id><type>text</type><desc><![CDATA[扩张型心肌病]]></desc></option><option><id>B</id><type>text</type><desc><![CDATA[肥厚型心肌病]]></desc></option><option><id>C</id><type>text</type><desc><![CDATA[限制型心肌病]]></desc></option><option><id>D</id><type>text</type><desc><![CDATA[致心律失常型心肌病]]></desc></option><option><id>E</id><type>text</type><desc><![CDATA[未定型心肌病]]></desc></option></options><answers><![CDATA[A]]></answers></question><question><type>1</type><format>text</format><desc><![CDATA[2.扩张型心肌病最常见的心律失常是]]></desc><options><option><id>A</id><type>text</type><desc><![CDATA[窦性心动过速]]></desc></option><option><id>B</id><type>text</type><desc><![CDATA[房性期前收缩]]></desc></option><option><id>C</id><type>text</type><desc><![CDATA[预激综合征]]></desc></option><option><id>D</id><type>text</type><desc><![CDATA[室性心动过速]]></desc></option><option><id>E</id><type>text</type><desc><![CDATA[室内阻滞]]></desc></option></options><answers><![CDATA[E]]></answers></question><question><type>1</type><format>text</format><desc><![CDATA[3.肥厚型心肌病最常用的治疗药物是]]></desc><options><option><id>A</id><type>text</type><desc><![CDATA[β受体阻滞剂]]></desc></option><option><id>B</id><type>text</type><desc><![CDATA[利尿剂]]></desc></option><option><id>C</id><type>text</type><desc><![CDATA[硝苯地平]]></desc></option><option><id>D</id><type>text</type><desc><![CDATA[硝酸甘油]]></desc></option><option><id>E</id><type>text</type><desc><![CDATA[地高辛]]></desc></option></options><answers><![CDATA[A]]></answers></question><question><type>1</type><format>text</format><desc><![CDATA[4.导致梗阻性肥厚型心肌病青壮年病人死亡的最常见原因是]]></desc><options><option><id>A</id><type>text</type><desc><![CDATA[心肌梗死]]></desc></option><option><id>B</id><type>text</type><desc><![CDATA[高血压]]></desc></option><option><id>C</id><type>text</type><desc><![CDATA[心源性猝死]]></desc></option><option><id>D</id><type>text</type><desc><![CDATA[感染性心内膜炎]]></desc></option><option><id>E</id><type>text</type><desc><![CDATA[急性心力衰竭]]></desc></option></options><answers><![CDATA[C]]></answers></question></questions><questions><instructions><![CDATA[A2型题]]></instructions><question><type>2</type><format>text</format><desc><![CDATA[5.病人，男性，28岁。以“梗阻性肥厚型心肌病”入院，听诊可闻及胸骨左缘3、4肋间的喷射性收缩期杂音，减轻心脏杂音的措施为]]></desc><options><option><id>A</id><type>text</type><desc><![CDATA[屏气动作]]></desc></option><option><id>B</id><type>text</type><desc><![CDATA[含化硝酸甘油]]></desc></option><option><id>C</id><type>text</type><desc><![CDATA[应用强心药]]></desc></option><option><id>D</id><type>text</type><desc><![CDATA[应用β受体阻滞剂]]></desc></option><option><id>E</id><type>text</type><desc><![CDATA[剧烈运动]]></desc></option></options><answers><![CDATA[D]]></answers></question><question><type>2</type><format>text</format><desc><![CDATA[6.病人，男性，22岁，“扩张型心肌病”病史1年。无明显诱因突然出现咯血、胸痛，无发热，应考虑出现]]></desc><options><option><id>A</id><type>text</type><desc><![CDATA[肺炎链球菌肺炎]]></desc></option><option><id>B</id><type>text</type><desc><![CDATA[葡萄球菌肺炎]]></desc></option><option><id>C</id><type>text</type><desc><![CDATA[肺结核]]></desc></option><option><id>D</id><type>text</type><desc><![CDATA[胃溃疡]]></desc></option><option><id>E</id><type>text</type><desc><![CDATA[肺栓塞]]></desc></option></options><answers><![CDATA[E]]></answers></question><question><type>2</type><format>text</format><desc><![CDATA[7.病人，男性，24岁，梗阻性肥厚型心肌病病人，无胸闷、憋气。身体评估：无颈静脉怒张，腹部无膨隆，移动性浊音（-），双下肢无水肿。最符合病人心脏超声心动图检查的结果是]]></desc><options><option><id>A</id><type>text</type><desc><![CDATA[全心扩大]]></desc></option><option><id>B</id><type>text</type><desc><![CDATA[室壁运动普遍减弱]]></desc></option><option><id>C</id><type>text</type><desc><![CDATA[右房大]]></desc></option><option><id>D</id><type>text</type><desc><![CDATA[右室大]]></desc></option><option><id>E</id><type>text</type><desc><![CDATA[二尖瓣前叶在收缩期前向运动]]></desc></option></options><answers><![CDATA[E]]></answers></question><question><type>2</type><format>text</format><desc><![CDATA[8.病人，男性，28岁，以“扩张型心肌病，心功能Ⅳ级（NYHA分级）”入院，护士帮助病人活动四肢，目的主要是预防]]></desc><options><option><id>A</id><type>text</type><desc><![CDATA[肺部感染]]></desc></option><option><id>B</id><type>text</type><desc><![CDATA[急性肺水肿]]></desc></option><option><id>C</id><type>text</type><desc><![CDATA[心肌梗死]]></desc></option><option><id>D</id><type>text</type><desc><![CDATA[深静脉血栓]]></desc></option><option><id>E</id><type>text</type><desc><![CDATA[肾动脉栓塞]]></desc></option></options><answers><![CDATA[D]]></answers></question><question><type>2</type><format>text</format><desc><![CDATA[9.病人，男性，34岁。“梗阻性肥厚型心肌病”病史10年。外出散步时突发胸痛，应指导病人立即]]></desc><options><option><id>A</id><type>text</type><desc><![CDATA[含服硝酸甘油]]></desc></option><option><id>B</id><type>text</type><desc><![CDATA[屏气]]></desc></option><option><id>C</id><type>text</type><desc><![CDATA[采取Valsava动作]]></desc></option><option><id>D</id><type>text</type><desc><![CDATA[含服硝苯地平]]></desc></option><option><id>E</id><type>text</type><desc><![CDATA[下蹲]]></desc></option></options><answers><![CDATA[E]]></answers></question><question><type>2</type><format>text</format><desc><![CDATA[10.病人，男性，64岁，梗阻性肥厚型心肌病病人，2天前猝死。其猝死的最主要原因可能是]]></desc><options><option><id>A</id><type>text</type><desc><![CDATA[心肌梗死]]></desc></option><option><id>B</id><type>text</type><desc><![CDATA[主动脉夹层]]></desc></option><option><id>C</id><type>text</type><desc><![CDATA[急性心力衰竭]]></desc></option><option><id>D</id><type>text</type><desc><![CDATA[心房颤动]]></desc></option><option><id>E</id><type>text</type><desc><![CDATA[心室颤动]]></desc></option></options><answers><![CDATA[E]]></answers></question></questions></exam>