﻿<?xml version="1.0" encoding="UTF-8"?><exam><id>20181009091130</id><questions><instructions><![CDATA[A1型题]]></instructions><question><type>1</type><format>text</format><desc><![CDATA[1.痛风的首发症状是]]></desc><options><option><id>A</id><type>text</type><desc><![CDATA[急性关节炎]]></desc></option><option><id>B</id><type>text</type><desc><![CDATA[高尿酸血症]]></desc></option><option><id>C</id><type>text</type><desc><![CDATA[痛风石]]></desc></option><option><id>D</id><type>text</type><desc><![CDATA[痛风肾]]></desc></option><option><id>E</id><type>text</type><desc><![CDATA[关节畸形]]></desc></option></options><answers><![CDATA[A]]></answers></question><question><type>1</type><format>text</format><desc><![CDATA[2.痛风特征性的临床表现为]]></desc><options><option><id>A</id><type>text</type><desc><![CDATA[关节畸形]]></desc></option><option><id>B</id><type>text</type><desc><![CDATA[晨僵]]></desc></option><option><id>C</id><type>text</type><desc><![CDATA[关节疼痛]]></desc></option><option><id>D</id><type>text</type><desc><![CDATA[痛风石]]></desc></option><option><id>E</id><type>text</type><desc><![CDATA[痛风肾]]></desc></option></options><answers><![CDATA[D]]></answers></question><question><type>1</type><format>text</format><desc><![CDATA[3.痛风涉及的代谢途径是]]></desc><options><option><id>A</id><type>text</type><desc><![CDATA[糖代谢]]></desc></option><option><id>B</id><type>text</type><desc><![CDATA[脂代谢]]></desc></option><option><id>C</id><type>text</type><desc><![CDATA[嘌呤核苷酸代谢]]></desc></option><option><id>D</id><type>text</type><desc><![CDATA[嘧啶核苷酸代谢]]></desc></option><option><id>E</id><type>text</type><desc><![CDATA[氨基酸代谢]]></desc></option></options><answers><![CDATA[C]]></answers></question></questions><questions><instructions><![CDATA[A2型题]]></instructions><question><type>2</type><format>text</format><desc><![CDATA[4.刘先生，52岁。近2年来出现关节炎症状和尿路结石，进食肉类食物时，病情加重。诊断为痛风，病人应用药物治疗时，需要多饮水的是]]></desc><options><option><id>A</id><type>text</type><desc><![CDATA[吲哚美辛]]></desc></option><option><id>B</id><type>text</type><desc><![CDATA[糖皮质激素]]></desc></option><option><id>C</id><type>text</type><desc><![CDATA[布洛芬]]></desc></option><option><id>D</id><type>text</type><desc><![CDATA[苯溴马隆]]></desc></option><option><id>E</id><type>text</type><desc><![CDATA[塞来昔布]]></desc></option></options><answers><![CDATA[D]]></answers></question><question><type>2</type><format>html</format><desc><![CDATA[5.曹女士，48岁。反复左脚第1跖趾关节疼痛，诊断为痛风，关于饮食护理<u><b>不恰当</b></u>的是]]></desc><options><option><id>A</id><type>text</type><desc><![CDATA[控制每日的总热量]]></desc></option><option><id>B</id><type>text</type><desc><![CDATA[禁酒]]></desc></option><option><id>C</id><type>text</type><desc><![CDATA[进食动物内脏、鱼、虾、蟹]]></desc></option><option><id>D</id><type>text</type><desc><![CDATA[多饮水，每日饮水量在2000ml以上]]></desc></option><option><id>E</id><type>text</type><desc><![CDATA[增加蔬菜、柑橘等碱性食物的摄人]]></desc></option></options><answers><![CDATA[C]]></answers></question><question><type>2</type><format>text</format><desc><![CDATA[6.林先生，42岁。因急性关节炎就诊，入院后诊断为痛风，护士指导病人可以进食的是]]></desc><options><option><id>A</id><type>text</type><desc><![CDATA[动物内脏]]></desc></option><option><id>B</id><type>text</type><desc><![CDATA[鱼虾类]]></desc></option><option><id>C</id><type>text</type><desc><![CDATA[菠菜]]></desc></option><option><id>D</id><type>text</type><desc><![CDATA[蘑菇]]></desc></option><option><id>E</id><type>text</type><desc><![CDATA[柑橘]]></desc></option></options><answers><![CDATA[E]]></answers></question><question><type>2</type><format>text</format><desc><![CDATA[7.王先生，62岁。右侧跖骨、踝关节红肿疼痛，诊断为痛风性关节炎，首选的治疗药物是]]></desc><options><option><id>A</id><type>text</type><desc><![CDATA[布洛芬]]></desc></option><option><id>B</id><type>text</type><desc><![CDATA[美洛昔康]]></desc></option><option><id>C</id><type>text</type><desc><![CDATA[秋水仙碱]]></desc></option><option><id>D</id><type>text</type><desc><![CDATA[糖皮质激素]]></desc></option><option><id>E</id><type>text</type><desc><![CDATA[吲哚美辛]]></desc></option></options><answers><![CDATA[C]]></answers></question></questions><questions><instructions><![CDATA[A3型题]]></instructions><question><type>3</type><format>text</format><desc><![CDATA[8.卢女士，62岁。痛风病史5年，曾多次住院治疗，因担心疾病预后，思想负担重，情绪低落。]]></desc><children><question><type>3</type><format>text</format><desc><![CDATA[（1）此时，护士给予最恰当的护理措施是向病人说明]]></desc><options><option><id>A</id><type>text</type><desc><![CDATA[疼痛会影响进食]]></desc></option><option><id>B</id><type>text</type><desc><![CDATA[疼痛会影响睡眠]]></desc></option><option><id>C</id><type>text</type><desc><![CDATA[痛风是一种终身性疾病]]></desc></option><option><id>D</id><type>text</type><desc><![CDATA[疾病反复发作会导致关节畸形]]></desc></option><option><id>E</id><type>text</type><desc><![CDATA[积极坚持规范的治疗可维持正常的生活]]></desc></option></options><answers><![CDATA[E]]></answers></question><question><type>3</type><format>html</format><desc><![CDATA[（2）健康指导<u><b>不正确</b></u>的是]]></desc><options><option><id>A</id><type>text</type><desc><![CDATA[应用排尿酸药物期间多饮水]]></desc></option><option><id>B</id><type>text</type><desc><![CDATA[多食海鲜，增加营养]]></desc></option><option><id>C</id><type>text</type><desc><![CDATA[适当运动，防止肥胖]]></desc></option><option><id>D</id><type>text</type><desc><![CDATA[避免受凉、感染]]></desc></option><option><id>E</id><type>text</type><desc><![CDATA[定期复查血尿酸]]></desc></option></options><answers><![CDATA[B]]></answers></question></children></question></questions></exam>