﻿<?xml version="1.0" encoding="UTF-8"?><exam><id>20181008161509</id><questions><instructions><![CDATA[A1型题]]></instructions><question><type>1</type><format>text</format><desc><![CDATA[1.引起急性气管-支气管炎最主要的病因是]]></desc><options><option><id>A</id><type>text</type><desc><![CDATA[感染]]></desc></option><option><id>B</id><type>text</type><desc><![CDATA[受凉]]></desc></option><option><id>C</id><type>text</type><desc><![CDATA[过度劳累]]></desc></option><option><id>D</id><type>text</type><desc><![CDATA[过敏反应]]></desc></option><option><id>E</id><type>text</type><desc><![CDATA[理化因素]]></desc></option></options><answers><![CDATA[A]]></answers></question><question><type>1</type><format>text</format><desc><![CDATA[2.细菌性咽、扁桃体炎最常见的致病菌是]]></desc><options><option><id>A</id><type>text</type><desc><![CDATA[溶血性链球菌]]></desc></option><option><id>B</id><type>text</type><desc><![CDATA[流感嗜血杆菌]]></desc></option><option><id>C</id><type>text</type><desc><![CDATA[肺炎链球菌]]></desc></option><option><id>D</id><type>text</type><desc><![CDATA[葡萄球菌]]></desc></option><option><id>E</id><type>text</type><desc><![CDATA[革兰阴性杆菌]]></desc></option></options><answers><![CDATA[A]]></answers></question><question><type>1</type><format>text</format><desc><![CDATA[3.急性上呼吸道感染最常见的致病微生物是]]></desc><options><option><id>A</id><type>text</type><desc><![CDATA[细菌]]></desc></option><option><id>B</id><type>text</type><desc><![CDATA[病毒]]></desc></option><option><id>C</id><type>text</type><desc><![CDATA[支原体]]></desc></option><option><id>D</id><type>text</type><desc><![CDATA[衣原体]]></desc></option><option><id>E</id><type>text</type><desc><![CDATA[真菌]]></desc></option></options><answers><![CDATA[B]]></answers></question><question><type>1</type><format>text</format><desc><![CDATA[4.关于急性气管-支气管炎的临床特点正确的是]]></desc><options><option><id>A</id><type>text</type><desc><![CDATA[常无急性上呼吸道症状]]></desc></option><option><id>B</id><type>text</type><desc><![CDATA[开始即咳黏液脓痰]]></desc></option><option><id>C</id><type>text</type><desc><![CDATA[咳嗽三天左右消失]]></desc></option><option><id>D</id><type>text</type><desc><![CDATA[胸骨后不适]]></desc></option><option><id>E</id><type>text</type><desc><![CDATA[胸部X线可见斑片状致密影]]></desc></option></options><answers><![CDATA[D]]></answers></question><question><type>1</type><format>text</format><desc><![CDATA[5.病人，男性，22岁，2天前受凉后出现咽干、咽痛、鼻塞、流涕、干咳、头痛、轻微畏寒。查体：T37.1℃，咽红，扁桃体无肿大，两肺呼吸音轻，未闻及啰音。病人可能的诊断是]]></desc><options><option><id>A</id><type>text</type><desc><![CDATA[普通感冒]]></desc></option><option><id>B</id><type>text</type><desc><![CDATA[急性病毒性咽炎]]></desc></option><option><id>C</id><type>text</type><desc><![CDATA[急性病毒性喉炎]]></desc></option><option><id>D</id><type>text</type><desc><![CDATA[急性病毒性支气管炎]]></desc></option><option><id>E</id><type>text</type><desc><![CDATA[急性支气管炎]]></desc></option></options><answers><![CDATA[A]]></answers></question><question><type>1</type><format>text</format><desc><![CDATA[6.关于普通感冒描述正确的是]]></desc><options><option><id>A</id><type>text</type><desc><![CDATA[成人多由流感嗜血杆菌、革兰阴性杆菌引起]]></desc></option><option><id>B</id><type>text</type><desc><![CDATA[潜伏期长]]></desc></option><option><id>C</id><type>text</type><desc><![CDATA[初期有咽干、打喷嚏、鼻塞、流涕等症状]]></desc></option><option><id>D</id><type>text</type><desc><![CDATA[常伴有高热、畏寒]]></desc></option><option><id>E</id><type>text</type><desc><![CDATA[如无并发症，一般两周左右痊愈]]></desc></option></options><answers><![CDATA[C]]></answers></question></questions><questions><instructions><![CDATA[A2型题]]></instructions><question><type>2</type><format>text</format><desc><![CDATA[7.病人，女性，28岁。2天前淋雨后出现咽干、咽痛、鼻塞、流涕。今晨突然出现体温升高，咽痛加重伴畏寒。查体：T39.6℃，咽部充血，扁桃体Ⅱ度肿大，充血，表面有黄色点状渗出物，颌下淋巴结肿大，有压痛，该病人可能诊断]]></desc><options><option><id>A</id><type>text</type><desc><![CDATA[普通感冒]]></desc></option><option><id>B</id><type>text</type><desc><![CDATA[病毒性感冒]]></desc></option><option><id>C</id><type>text</type><desc><![CDATA[急性病毒性咽炎]]></desc></option><option><id>D</id><type>text</type><desc><![CDATA[急性病毒性喉炎]]></desc></option><option><id>E</id><type>text</type><desc><![CDATA[细菌性咽扁桃体炎]]></desc></option></options><answers><![CDATA[E]]></answers></question><question><type>2</type><format>text</format><desc><![CDATA[8.病人，男性，26岁。门诊以“急性上呼吸道感染”治疗，病人出现咽痛加重，伴声嘶，针对咽痛声嘶给予的最恰当的护理措施是]]></desc><options><option><id>A</id><type>text</type><desc><![CDATA[适当休息]]></desc></option><option><id>B</id><type>text</type><desc><![CDATA[保持室内空气流通]]></desc></option><option><id>C</id><type>text</type><desc><![CDATA[维持水电解质平衡]]></desc></option><option><id>D</id><type>text</type><desc><![CDATA[雾化吸入]]></desc></option><option><id>E</id><type>text</type><desc><![CDATA[对病人进行隔离]]></desc></option></options><answers><![CDATA[D]]></answers></question><question><type>2</type><format>text</format><desc><![CDATA[9.病人，男性18岁。3天前受凉后出现咽痛、打喷嚏、鼻塞、流涕、咳嗽、食欲不振。对该病人的护理措施正确的是]]></desc><options><option><id>A</id><type>text</type><desc><![CDATA[加强身体锻炼]]></desc></option><option><id>B</id><type>text</type><desc><![CDATA[常规应用抗生素]]></desc></option><option><id>C</id><type>text</type><desc><![CDATA[限制水分摄入]]></desc></option><option><id>D</id><type>text</type><desc><![CDATA[对症护理]]></desc></option><option><id>E</id><type>text</type><desc><![CDATA[积极参加公共活动，放松心情]]></desc></option></options><answers><![CDATA[D]]></answers></question><question><type>2</type><format>text</format><desc><![CDATA[10.病人，男性23岁。4天前出现频繁干咳，伴胸骨后不适、乏力。昨日出现咳嗽、咳黏液样痰，痰中偶见血丝。体检：肺部散在干湿性啰音。X线示肺纹理增粗。该病人最可能诊断是]]></desc><options><option><id>A</id><type>text</type><desc><![CDATA[普通感冒]]></desc></option><option><id>B</id><type>text</type><desc><![CDATA[急性病毒性支气管炎]]></desc></option><option><id>C</id><type>text</type><desc><![CDATA[急性气管-支气管炎]]></desc></option><option><id>D</id><type>text</type><desc><![CDATA[支气管扩张]]></desc></option><option><id>E</id><type>text</type><desc><![CDATA[支气管肺癌]]></desc></option></options><answers><![CDATA[C]]></answers></question></questions></exam>