﻿<?xml version="1.0" encoding="UTF-8"?><exam><id>20181008165235</id><questions><instructions><![CDATA[A1型题]]></instructions><question><type>1</type><format>text</format><desc><![CDATA[1.2010年中国高血压防治指南制定的正常血压标准为（宜参照2017年标准）]]></desc><options><option><id>A</id><type>text</type><desc><![CDATA[＜120/80mmHg]]></desc></option><option><id>B</id><type>text</type><desc><![CDATA[＜130/85mmHg]]></desc></option><option><id>C</id><type>text</type><desc><![CDATA[＜139/89mmHg]]></desc></option><option><id>D</id><type>text</type><desc><![CDATA[＜140/90mmHg]]></desc></option><option><id>E</id><type>text</type><desc><![CDATA[＜160/90mmHg]]></desc></option></options><answers><![CDATA[A]]></answers></question><question><type>1</type><format>text</format><desc><![CDATA[2.在高血压急症病人的治疗初始阶段中，血压控制目标为平均动脉压的降低幅度]]></desc><options><option><id>A</id><type>text</type><desc><![CDATA[不超过治疗前水平的25%]]></desc></option><option><id>B</id><type>text</type><desc><![CDATA[不超过治疗前水平的35%]]></desc></option><option><id>C</id><type>text</type><desc><![CDATA[不超过治疗前水平的45%]]></desc></option><option><id>D</id><type>text</type><desc><![CDATA[不超过治疗前水平的55%]]></desc></option><option><id>E</id><type>text</type><desc><![CDATA[不超过治疗前水平的65%]]></desc></option></options><answers><![CDATA[A]]></answers></question><question><type>1</type><format>text</format><desc><![CDATA[3.适用于各级高血压病人的治疗措施为]]></desc><options><option><id>A</id><type>text</type><desc><![CDATA[β受体阻滞剂]]></desc></option><option><id>B</id><type>text</type><desc><![CDATA[利尿剂]]></desc></option><option><id>C</id><type>text</type><desc><![CDATA[ACEI]]></desc></option><option><id>D</id><type>text</type><desc><![CDATA[改善生活行为]]></desc></option><option><id>E</id><type>text</type><desc><![CDATA[CCB]]></desc></option></options><answers><![CDATA[D]]></answers></question><question><type>1</type><format>text</format><desc><![CDATA[4.血压为170/105mmHg，属于]]></desc><options><option><id>A</id><type>text</type><desc><![CDATA[1级高血压]]></desc></option><option><id>B</id><type>text</type><desc><![CDATA[2级高血压]]></desc></option><option><id>C</id><type>text</type><desc><![CDATA[3级高血压]]></desc></option><option><id>D</id><type>text</type><desc><![CDATA[临界高血压]]></desc></option><option><id>E</id><type>text</type><desc><![CDATA[正常血压高值]]></desc></option></options><answers><![CDATA[B]]></answers></question></questions><questions><instructions><![CDATA[A2型题]]></instructions><question><type>2</type><format>text</format><desc><![CDATA[5.病人，男性，65岁，“高血压”病史15年，长期服用降压药，早晨起床时突然晕倒，片刻后清醒，应首先考虑]]></desc><options><option><id>A</id><type>text</type><desc><![CDATA[心源性休克]]></desc></option><option><id>B</id><type>text</type><desc><![CDATA[高血压急症]]></desc></option><option><id>C</id><type>text</type><desc><![CDATA[脑血栓形成]]></desc></option><option><id>D</id><type>text</type><desc><![CDATA[急性左心衰竭]]></desc></option><option><id>E</id><type>text</type><desc><![CDATA[体位性低血压]]></desc></option></options><answers><![CDATA[E]]></answers></question><question><type>2</type><format>text</format><desc><![CDATA[6.病人，男性，69岁。“高血压”病史20年，“感冒”后突感呼吸困难，不能平卧，双肺满布湿性啰音，血压240/120mmHg，首选的药物治疗是]]></desc><options><option><id>A</id><type>text</type><desc><![CDATA[硝酸甘油]]></desc></option><option><id>B</id><type>text</type><desc><![CDATA[硝普钠]]></desc></option><option><id>C</id><type>text</type><desc><![CDATA[硝苯吡啶]]></desc></option><option><id>D</id><type>text</type><desc><![CDATA[哌唑嗪]]></desc></option><option><id>E</id><type>text</type><desc><![CDATA[卡托普利]]></desc></option></options><answers><![CDATA[B]]></answers></question><question><type>2</type><format>text</format><desc><![CDATA[7.病人，女性，60岁。“原发性高血压”病史6年病人，应用降压药物治疗后，血压控制，出现双下肢踝部水肿，最可能引起该不良反应的降压药物是]]></desc><options><option><id>A</id><type>text</type><desc><![CDATA[美托洛尔]]></desc></option><option><id>B</id><type>text</type><desc><![CDATA[硝苯地平]]></desc></option><option><id>C</id><type>text</type><desc><![CDATA[氯沙坦]]></desc></option><option><id>D</id><type>text</type><desc><![CDATA[哌唑嗪]]></desc></option><option><id>E</id><type>text</type><desc><![CDATA[卡托普利]]></desc></option></options><answers><![CDATA[B]]></answers></question><question><type>2</type><format>text</format><desc><![CDATA[8.病人，男性，65岁，糖尿病病史5年，测血压165/95mmHg，心脏超声心动图示左心室肥厚。该高血压病人的心血管危险性分层为]]></desc><options><option><id>A</id><type>text</type><desc><![CDATA[极低危]]></desc></option><option><id>B</id><type>text</type><desc><![CDATA[低危]]></desc></option><option><id>C</id><type>text</type><desc><![CDATA[中危]]></desc></option><option><id>D</id><type>text</type><desc><![CDATA[高危]]></desc></option><option><id>E</id><type>text</type><desc><![CDATA[极高危]]></desc></option></options><answers><![CDATA[E]]></answers></question><question><type>2</type><format>text</format><desc><![CDATA[9.病人，男性，72岁。“慢性阻塞性肺疾病”病史25年，“高血压”病史10年，应避免使用的降压药物是]]></desc><options><option><id>A</id><type>text</type><desc><![CDATA[氢氯噻嗪]]></desc></option><option><id>B</id><type>text</type><desc><![CDATA[阿替洛尔]]></desc></option><option><id>C</id><type>text</type><desc><![CDATA[硝苯地平]]></desc></option><option><id>D</id><type>text</type><desc><![CDATA[厄贝沙坦]]></desc></option><option><id>E</id><type>text</type><desc><![CDATA[哌唑嗪]]></desc></option></options><answers><![CDATA[B]]></answers></question><question><type>2</type><format>text</format><desc><![CDATA[10.病人，男性，40岁，血压145/90mmHg，其运动时的最大心率宜为]]></desc><options><option><id>A</id><type>text</type><desc><![CDATA[65次/min]]></desc></option><option><id>B</id><type>text</type><desc><![CDATA[70次/min]]></desc></option><option><id>C</id><type>text</type><desc><![CDATA[75次/min]]></desc></option><option><id>D</id><type>text</type><desc><![CDATA[90次/min]]></desc></option><option><id>E</id><type>text</type><desc><![CDATA[130次/min]]></desc></option></options><answers><![CDATA[E]]></answers></question></questions></exam>