﻿<?xml version="1.0" encoding="UTF-8"?><exam><id>20181009092811</id><questions><instructions><![CDATA[A1型题]]></instructions><question><type>1</type><format>text</format><desc><![CDATA[1.确定浅昏迷最有价值的体征是]]></desc><options><option><id>A</id><type>text</type><desc><![CDATA[眼球有浮动]]></desc></option><option><id>B</id><type>text</type><desc><![CDATA[对疼痛刺激无反应]]></desc></option><option><id>C</id><type>text</type><desc><![CDATA[巴宾斯基征阳性]]></desc></option><option><id>D</id><type>text</type><desc><![CDATA[咳嗽反射消失]]></desc></option><option><id>E</id><type>text</type><desc><![CDATA[腱反射消失]]></desc></option></options><answers><![CDATA[A]]></answers></question><question><type>1</type><format>text</format><desc><![CDATA[2.关于瘫痪病人的护理措施，正确的是]]></desc><options><option><id>A</id><type>text</type><desc><![CDATA[早期留置尿管]]></desc></option><option><id>B</id><type>text</type><desc><![CDATA[保持瘫痪肢体功能位]]></desc></option><option><id>C</id><type>text</type><desc><![CDATA[疾病早期应减少被动和主动运动]]></desc></option><option><id>D</id><type>text</type><desc><![CDATA[穿衣时应先穿健侧，后穿患侧]]></desc></option><option><id>E</id><type>text</type><desc><![CDATA[脱衣时应先脱患侧，后脱健侧]]></desc></option></options><answers><![CDATA[B]]></answers></question><question><type>1</type><format>text</format><desc><![CDATA[3.嘱头痛病人避免用力排便，目的是预防]]></desc><options><option><id>A</id><type>text</type><desc><![CDATA[脑血栓形成]]></desc></option><option><id>B</id><type>text</type><desc><![CDATA[颅内压增高]]></desc></option><option><id>C</id><type>text</type><desc><![CDATA[呕吐加重]]></desc></option><option><id>D</id><type>text</type><desc><![CDATA[心脏负荷加重]]></desc></option><option><id>E</id><type>text</type><desc><![CDATA[心绞痛发作]]></desc></option></options><answers><![CDATA[B]]></answers></question><question><type>1</type><format>text</format><desc><![CDATA[4.关于对意识障碍病人的护理措施，正确的是]]></desc><options><option><id>A</id><type>text</type><desc><![CDATA[预防坠床，可采用约束带]]></desc></option><option><id>B</id><type>text</type><desc><![CDATA[出现抽搐时，应先心理护理]]></desc></option><option><id>C</id><type>text</type><desc><![CDATA[预防压疮，定时为其翻身]]></desc></option><option><id>D</id><type>text</type><desc><![CDATA[鼓励进食，以保证营养]]></desc></option><option><id>E</id><type>text</type><desc><![CDATA[给予漱口，清洁口腔]]></desc></option></options><answers><![CDATA[C]]></answers></question></questions><questions><instructions><![CDATA[A2型题]]></instructions><question><type>2</type><format>text</format><desc><![CDATA[5.病人，男性，58岁，肝性脑病出现嗜睡症状，于今晨测体温时呼之不应，压迫眶上神经有痛苦表情，应判断为]]></desc><options><option><id>A</id><type>text</type><desc><![CDATA[嗜睡]]></desc></option><option><id>B</id><type>text</type><desc><![CDATA[昏迷]]></desc></option><option><id>C</id><type>text</type><desc><![CDATA[浅昏迷]]></desc></option><option><id>D</id><type>text</type><desc><![CDATA[深昏迷]]></desc></option><option><id>E</id><type>text</type><desc><![CDATA[意识模糊]]></desc></option></options><answers><![CDATA[C]]></answers></question><question><type>2</type><format>text</format><desc><![CDATA[6.病人，女，22岁。淋雨后患急性感染性多发性神经炎。护理查体：双下肢无力，能在床上移动，但不能抬起。该病人的肌力为]]></desc><options><option><id>A</id><type>text</type><desc><![CDATA[0级]]></desc></option><option><id>B</id><type>text</type><desc><![CDATA[1级]]></desc></option><option><id>C</id><type>text</type><desc><![CDATA[2级]]></desc></option><option><id>D</id><type>text</type><desc><![CDATA[3级]]></desc></option><option><id>E</id><type>text</type><desc><![CDATA[4级]]></desc></option></options><answers><![CDATA[C]]></answers></question><question><type>2</type><format>text</format><desc><![CDATA[7.病人，女，65岁，无外界刺激，自觉右上肢有蚁行感，该感觉障碍属于]]></desc><options><option><id>A</id><type>text</type><desc><![CDATA[感觉减退]]></desc></option><option><id>B</id><type>text</type><desc><![CDATA[感觉异常]]></desc></option><option><id>C</id><type>text</type><desc><![CDATA[感觉倒错]]></desc></option><option><id>D</id><type>text</type><desc><![CDATA[感觉过度]]></desc></option><option><id>E</id><type>text</type><desc><![CDATA[感觉分离]]></desc></option></options><answers><![CDATA[B]]></answers></question><question><type>2</type><format>text</format><desc><![CDATA[8.病人，男性，80岁，因突发左侧肢体活动不便入院。病人神志清，生命体征平稳，左侧肢体可见肌肉收缩，但无肢体运动，肌力1级。遵医嘱送病人进行CT检查，护士应首选]]></desc><options><option><id>A</id><type>text</type><desc><![CDATA[病人用餐后送检]]></desc></option><option><id>B</id><type>text</type><desc><![CDATA[安排平车送病人检查]]></desc></option><option><id>C</id><type>text</type><desc><![CDATA[报告护士长]]></desc></option><option><id>D</id><type>text</type><desc><![CDATA[协助病人步行至CT室]]></desc></option><option><id>E</id><type>text</type><desc><![CDATA[外出检查，携带氧气枕]]></desc></option></options><answers><![CDATA[B]]></answers></question><question><type>2</type><format>text</format><desc><![CDATA[9.病人，男性，58岁，脑卒中后遗留右侧肢体僵硬，行动不便，感觉减退，病人既往有读书看报的习惯，现看不懂文字、句子。病人属于]]></desc><options><option><id>A</id><type>text</type><desc><![CDATA[Broca失语]]></desc></option><option><id>B</id><type>text</type><desc><![CDATA[Wernicke失语]]></desc></option><option><id>C</id><type>text</type><desc><![CDATA[失写]]></desc></option><option><id>D</id><type>text</type><desc><![CDATA[失读]]></desc></option><option><id>E</id><type>text</type><desc><![CDATA[传导性失语]]></desc></option></options><answers><![CDATA[D]]></answers></question><question><type>2</type><format>text</format><desc><![CDATA[10.病人，女，66岁，右下肢无力伴疼痛半年，体检发现右下肢皮肤予以轻微针刺就感觉疼痛非常明显，请问病人属于]]></desc><options><option><id>A</id><type>text</type><desc><![CDATA[感觉过度]]></desc></option><option><id>B</id><type>text</type><desc><![CDATA[感觉异常]]></desc></option><option><id>C</id><type>text</type><desc><![CDATA[感觉过敏]]></desc></option><option><id>D</id><type>text</type><desc><![CDATA[感觉倒错]]></desc></option><option><id>E</id><type>text</type><desc><![CDATA[感觉分离]]></desc></option></options><answers><![CDATA[C]]></answers></question></questions></exam>