﻿<?xml version="1.0" encoding="UTF-8"?><exam><id>20181009084016</id><questions><instructions><![CDATA[A1型题]]></instructions><question><type>1</type><format>text</format><desc><![CDATA[1.慢性肾衰临床表现中，下列哪项为最常见的并发症及死亡原因]]></desc><options><option><id>A</id><type>text</type><desc><![CDATA[高血压]]></desc></option><option><id>B</id><type>text</type><desc><![CDATA[心力衰竭]]></desc></option><option><id>C</id><type>text</type><desc><![CDATA[尿毒症性心肌病]]></desc></option><option><id>D</id><type>text</type><desc><![CDATA[水、电解质紊乱]]></desc></option><option><id>E</id><type>text</type><desc><![CDATA[肺水肿]]></desc></option></options><answers><![CDATA[B]]></answers></question><question><type>1</type><format>text</format><desc><![CDATA[2.引起慢性肾衰病人贫血最重要的原因是]]></desc><options><option><id>A</id><type>text</type><desc><![CDATA[铁的摄入减少]]></desc></option><option><id>B</id><type>text</type><desc><![CDATA[血液透析失血及频繁抽血化验导致失血]]></desc></option><option><id>C</id><type>text</type><desc><![CDATA[红细胞生存周期缩短]]></desc></option><option><id>D</id><type>text</type><desc><![CDATA[叶酸缺乏]]></desc></option><option><id>E</id><type>text</type><desc><![CDATA[肾产生红细胞生成素减少]]></desc></option></options><answers><![CDATA[E]]></answers></question><question><type>1</type><format>text</format><desc><![CDATA[3.急性肾损伤病人最常见的电解质紊乱是]]></desc><options><option><id>A</id><type>text</type><desc><![CDATA[低钾血症]]></desc></option><option><id>B</id><type>text</type><desc><![CDATA[高钾血症]]></desc></option><option><id>C</id><type>text</type><desc><![CDATA[低钠血症]]></desc></option><option><id>D</id><type>text</type><desc><![CDATA[低钙血症]]></desc></option><option><id>E</id><type>text</type><desc><![CDATA[高磷血症]]></desc></option></options><answers><![CDATA[B]]></answers></question></questions><questions><instructions><![CDATA[A2型题]]></instructions><question><type>2</type><format>text</format><desc><![CDATA[4.女性，诊断为慢性肾功能衰竭，遵医嘱每日输液治疗，输液原则应考虑每日非显性失液量，非显性失液量是指以下哪项]]></desc><options><option><id>A</id><type>text</type><desc><![CDATA[尿量]]></desc></option><option><id>B</id><type>text</type><desc><![CDATA[呕吐物量]]></desc></option><option><id>C</id><type>text</type><desc><![CDATA[粪便液量]]></desc></option><option><id>D</id><type>text</type><desc><![CDATA[呼吸皮肤蒸发的水分]]></desc></option><option><id>E</id><type>text</type><desc><![CDATA[人体代谢所需水分]]></desc></option></options><answers><![CDATA[D]]></answers></question><question><type>2</type><format>text</format><desc><![CDATA[5．男性，50岁，因消化道出血入院，体检发现血压90/60mmHg，双肺湿啰音，尿量显著减少，400ml/d，血肌酐和尿素氮增高，血钾轻度增高，诊断为急性肾损伤，可能的原因是]]></desc><options><option><id>A</id><type>text</type><desc><![CDATA[休克]]></desc></option><option><id>B</id><type>text</type><desc><![CDATA[肾前性急性肾损伤]]></desc></option><option><id>C</id><type>text</type><desc><![CDATA[肾性急性肾损伤]]></desc></option><option><id>D</id><type>text</type><desc><![CDATA[肾后性急性肾损伤]]></desc></option><option><id>E</id><type>text</type><desc><![CDATA[肾盂输尿管急性梗阻]]></desc></option></options><answers><![CDATA[B]]></answers></question><question><type>2</type><format>text</format><desc><![CDATA[6.女性，50岁，因慢性肾衰入院，血红蛋白70g/L，可能与肾脏内分泌功能障碍有关的临床表现是]]></desc><options><option><id>A</id><type>text</type><desc><![CDATA[胃肠道症状]]></desc></option><option><id>B</id><type>text</type><desc><![CDATA[代谢性酸中毒]]></desc></option><option><id>C</id><type>text</type><desc><![CDATA[贫血]]></desc></option><option><id>D</id><type>text</type><desc><![CDATA[神经症状]]></desc></option><option><id>E</id><type>text</type><desc><![CDATA[氮质血症]]></desc></option></options><answers><![CDATA[C]]></answers></question><question><type>2</type><format>html</format><desc><![CDATA[7.男性，60岁，反复出现的血尿、蛋白尿、高血压5年，血压180/110mmHg，GFR25ml/（min·1.73m<sup>2</sup>），诊断为慢性肾衰4期，护理措施最重要的是]]></desc><options><option><id>A</id><type>text</type><desc><![CDATA[测量血压每天1次]]></desc></option><option><id>B</id><type>text</type><desc><![CDATA[尿常规检查每天1次]]></desc></option><option><id>C</id><type>text</type><desc><![CDATA[每日准确记录出入量]]></desc></option><option><id>D</id><type>text</type><desc><![CDATA[心电图检查每天1次]]></desc></option><option><id>E</id><type>text</type><desc><![CDATA[测量体温每天4次]]></desc></option></options><answers><![CDATA[A]]></answers></question><question><type>2</type><format>text</format><desc><![CDATA[8.女性，28岁，反复血尿、蛋白尿3年，5天前感冒后出现乏力、食欲减退，夜尿增多。查体眼睑颜面部水肿，尿蛋白（++），尿红细胞5个/HP，血压150/90mmHg，对该病人应该采取的健康指导是]]></desc><options><option><id>A</id><type>text</type><desc><![CDATA[嘱病人预防感冒]]></desc></option><option><id>B</id><type>text</type><desc><![CDATA[饮食无特殊要求]]></desc></option><option><id>C</id><type>text</type><desc><![CDATA[保持清洁卫生，每日洗澡]]></desc></option><option><id>D</id><type>text</type><desc><![CDATA[每周测量血压1次]]></desc></option><option><id>E</id><type>text</type><desc><![CDATA[避免肾毒性药物]]></desc></option></options><answers><![CDATA[A]]></answers></question><question><type>2</type><format>html</format><desc><![CDATA[9.男性，45岁，慢性肾衰竭2年，今日受凉后出现症状加重，血肌酐390mmol/L，血WBC11×10<sup>9</sup>/L，血钾3.8mmol/L，呼吸深慢，血pH7.3，病人出现的酸碱平衡紊乱为]]></desc><options><option><id>A</id><type>text</type><desc><![CDATA[呼吸性酸中毒]]></desc></option><option><id>B</id><type>text</type><desc><![CDATA[呼吸性碱中毒]]></desc></option><option><id>C</id><type>text</type><desc><![CDATA[代谢性酸中毒]]></desc></option><option><id>D</id><type>text</type><desc><![CDATA[代谢性碱中毒]]></desc></option><option><id>E</id><type>text</type><desc><![CDATA[混合型酸中毒]]></desc></option></options><answers><![CDATA[C]]></answers></question></questions></exam>