﻿<?xml version="1.0" encoding="UTF-8"?><exam><id>20181008161901</id><questions><instructions><![CDATA[A1型题]]></instructions><question><type>1</type><format>text</format><desc><![CDATA[1.支气管扩张最常见的原因是]]></desc><options><option><id>A</id><type>text</type><desc><![CDATA[肺结核]]></desc></option><option><id>B</id><type>text</type><desc><![CDATA[肿瘤压迫]]></desc></option><option><id>C</id><type>text</type><desc><![CDATA[肺囊性纤维化]]></desc></option><option><id>D</id><type>text</type><desc><![CDATA[严重的支气管-肺感染和支气管阻塞]]></desc></option><option><id>E</id><type>text</type><desc><![CDATA[支气管内结石]]></desc></option></options><answers><![CDATA[D]]></answers></question><question><type>1</type><format>text</format><desc><![CDATA[2.干性支气管扩张的唯一症状是]]></desc><options><option><id>A</id><type>text</type><desc><![CDATA[慢性咳嗽]]></desc></option><option><id>B</id><type>text</type><desc><![CDATA[大量脓痰]]></desc></option><option><id>C</id><type>text</type><desc><![CDATA[咯血]]></desc></option><option><id>D</id><type>text</type><desc><![CDATA[咳痰与体位变化有关]]></desc></option><option><id>E</id><type>text</type><desc><![CDATA[呼吸困难]]></desc></option></options><answers><![CDATA[C]]></answers></question><question><type>1</type><format>text</format><desc><![CDATA[3.支气管扩张病人提示混合性厌氧菌感染是]]></desc><options><option><id>A</id><type>text</type><desc><![CDATA[痰有恶臭]]></desc></option><option><id>B</id><type>text</type><desc><![CDATA[痰液放置可分三层]]></desc></option><option><id>C</id><type>text</type><desc><![CDATA[背部有持久存在的湿性啰音]]></desc></option><option><id>D</id><type>text</type><desc><![CDATA[大量脓痰伴有不等量的咯血]]></desc></option><option><id>E</id><type>text</type><desc><![CDATA[慢性咳嗽、大量脓痰、伴高热]]></desc></option></options><answers><![CDATA[A]]></answers></question></questions><questions><instructions><![CDATA[A2型题]]></instructions><question><type>2</type><format>text</format><desc><![CDATA[4.病人，女性，43岁。幼时曾患百日咳。咳嗽、咳痰3个月，近日咳大量脓痰，今日早晨突然咯血3口。最可能的诊断是]]></desc><options><option><id>A</id><type>text</type><desc><![CDATA[肺炎]]></desc></option><option><id>B</id><type>text</type><desc><![CDATA[肺癌]]></desc></option><option><id>C</id><type>text</type><desc><![CDATA[肺结核]]></desc></option><option><id>D</id><type>text</type><desc><![CDATA[支气管扩张]]></desc></option><option><id>E</id><type>text</type><desc><![CDATA[肺囊肿]]></desc></option></options><answers><![CDATA[D]]></answers></question><question><type>2</type><format>text</format><desc><![CDATA[5.病人，男性，56岁。诊断为支气管扩张，咯血100ml后突然出现胸闷气促、张口瞪目、两手乱抓、大汗淋漓、牙关紧闭。此时该病人应取]]></desc><options><option><id>A</id><type>text</type><desc><![CDATA[头低足高位，头偏向一侧]]></desc></option><option><id>B</id><type>text</type><desc><![CDATA[去枕平卧位]]></desc></option><option><id>C</id><type>text</type><desc><![CDATA[平卧位，头偏向一侧]]></desc></option><option><id>D</id><type>text</type><desc><![CDATA[端坐位]]></desc></option><option><id>E</id><type>text</type><desc><![CDATA[患侧卧位]]></desc></option></options><answers><![CDATA[A]]></answers></question><question><type>2</type><format>text</format><desc><![CDATA[6.病人，男性，38岁。诊断为支气管扩张，胸片提示病变位于右肺下叶外底段，体位引流选择的合适体位是]]></desc><options><option><id>A</id><type>text</type><desc><![CDATA[取坐位]]></desc></option><option><id>B</id><type>text</type><desc><![CDATA[平卧位]]></desc></option><option><id>C</id><type>text</type><desc><![CDATA[半坐卧位]]></desc></option><option><id>D</id><type>text</type><desc><![CDATA[右侧卧位，床脚抬高30～50cm]]></desc></option><option><id>E</id><type>text</type><desc><![CDATA[左侧卧位，床脚抬高30～50cm]]></desc></option></options><answers><![CDATA[E]]></answers></question><question><type>2</type><format>text</format><desc><![CDATA[7.病人，女性，22岁。因咳嗽、痰中带血3日，以“支气管扩张”收住院。今晨突然大咳血l00ml。该病人最主要的护理诊断或合作性问题是]]></desc><options><option><id>A</id><type>text</type><desc><![CDATA[焦虑]]></desc></option><option><id>B</id><type>text</type><desc><![CDATA[活动无耐力]]></desc></option><option><id>C</id><type>text</type><desc><![CDATA[有窒息的危险]]></desc></option><option><id>D</id><type>text</type><desc><![CDATA[知识缺乏]]></desc></option><option><id>E</id><type>text</type><desc><![CDATA[有感染的危险]]></desc></option></options><answers><![CDATA[C]]></answers></question><question><type>2</type><format>text</format><desc><![CDATA[8.病人，男性，28岁。幼时曾患百日咳。咳嗽、咳痰3个月，近日咳大量脓痰今日早晨突然咯血3口。诊断为支气管扩张，一旦出现大咯血，处理的重要措施是]]></desc><options><option><id>A</id><type>text</type><desc><![CDATA[保持呼吸道通畅]]></desc></option><option><id>B</id><type>text</type><desc><![CDATA[输血]]></desc></option><option><id>C</id><type>text</type><desc><![CDATA[抗生素]]></desc></option><option><id>D</id><type>text</type><desc><![CDATA[镇静剂]]></desc></option><option><id>E</id><type>text</type><desc><![CDATA[止咳药]]></desc></option></options><answers><![CDATA[A]]></answers></question><question><type>2</type><format>text</format><desc><![CDATA[9.病人，女性，24岁。因低热、咳嗽、咯血2周，门诊以“支气管扩张”收院。今晨在病房突然剧烈咳嗽、咯血110ml，随即烦躁不安，极度呼吸困难，唇指发绀，大汗淋漓，双手乱抓。双眼上翻。最关键的抢救措施是]]></desc><options><option><id>A</id><type>text</type><desc><![CDATA[立即输血、输液]]></desc></option><option><id>B</id><type>text</type><desc><![CDATA[胸腔穿刺抽气]]></desc></option><option><id>C</id><type>text</type><desc><![CDATA[立即人工呼吸]]></desc></option><option><id>D</id><type>text</type><desc><![CDATA[立即体位引流，清除血块]]></desc></option><option><id>E</id><type>text</type><desc><![CDATA[立即吸氧、注射呼吸兴奋剂]]></desc></option></options><answers><![CDATA[D]]></answers></question><question><type>2</type><format>html</format><desc><![CDATA[10.病人，女性，26岁，妊娠5个月。支气管扩张5年，今晨突然鲜血从口鼻涌出，随即烦躁不安，极度呼吸困难，唇指发绀。<u><b>不宜选用</b></u>的止血药为]]></desc><options><option><id>A</id><type>text</type><desc><![CDATA[参三七]]></desc></option><option><id>B</id><type>text</type><desc><![CDATA[卡巴克洛]]></desc></option><option><id>C</id><type>text</type><desc><![CDATA[垂体后叶素]]></desc></option><option><id>D</id><type>text</type><desc><![CDATA[6-氨基己酸]]></desc></option><option><id>E</id><type>text</type><desc><![CDATA[抗血纤溶芳酸]]></desc></option></options><answers><![CDATA[C]]></answers></question></questions></exam>