﻿<?xml version="1.0" encoding="UTF-8"?><exam><id>20181008165329</id><questions><instructions><![CDATA[A1型题]]></instructions><question><type>1</type><format>text</format><desc><![CDATA[1.心绞痛的常见部位是]]></desc><options><option><id>A</id><type>text</type><desc><![CDATA[心前区]]></desc></option><option><id>B</id><type>text</type><desc><![CDATA[胸骨体中上段之后]]></desc></option><option><id>C</id><type>text</type><desc><![CDATA[剑突下]]></desc></option><option><id>D</id><type>text</type><desc><![CDATA[左肩]]></desc></option><option><id>E</id><type>text</type><desc><![CDATA[前胸部]]></desc></option></options><answers><![CDATA[B]]></answers></question><question><type>1</type><format>text</format><desc><![CDATA[2.典型心绞痛的特点是]]></desc><options><option><id>A</id><type>text</type><desc><![CDATA[持续15分钟左右]]></desc></option><option><id>B</id><type>text</type><desc><![CDATA[发作性胸痛]]></desc></option><option><id>C</id><type>text</type><desc><![CDATA[无明显诱因]]></desc></option><option><id>D</id><type>text</type><desc><![CDATA[休息后不能缓解]]></desc></option><option><id>E</id><type>text</type><desc><![CDATA[疼痛剧烈，难以忍受]]></desc></option></options><answers><![CDATA[B]]></answers></question><question><type>1</type><format>text</format><desc><![CDATA[3.关于心绞痛疼痛特点的描述，正确的是]]></desc><options><option><id>A</id><type>text</type><desc><![CDATA[持续性胸骨后疼痛]]></desc></option><option><id>B</id><type>text</type><desc><![CDATA[安静时发作]]></desc></option><option><id>C</id><type>text</type><desc><![CDATA[可放射至左肩部]]></desc></option><option><id>D</id><type>text</type><desc><![CDATA[持续时间长，像针刺刀扎样痛]]></desc></option><option><id>E</id><type>text</type><desc><![CDATA[持续数十分钟，为压榨性疼痛]]></desc></option></options><answers><![CDATA[C]]></answers></question><question><type>1</type><format>text</format><desc><![CDATA[4.缓解心绞痛发作最有效、作用最快的药物是]]></desc><options><option><id>A</id><type>text</type><desc><![CDATA[阿托品]]></desc></option><option><id>B</id><type>text</type><desc><![CDATA[普萘洛尔]]></desc></option><option><id>C</id><type>text</type><desc><![CDATA[硝酸甘油]]></desc></option><option><id>D</id><type>text</type><desc><![CDATA[阿司匹林]]></desc></option><option><id>E</id><type>text</type><desc><![CDATA[硝苯地平]]></desc></option></options><answers><![CDATA[C]]></answers></question></questions><questions><instructions><![CDATA[A2型题]]></instructions><question><type>2</type><format>text</format><desc><![CDATA[5.病人，男性，63岁。冠心病史15年，活动后出现心前区压榨样疼痛1小时。首选的治疗措施是]]></desc><options><option><id>A</id><type>text</type><desc><![CDATA[口服氨苄西林]]></desc></option><option><id>B</id><type>text</type><desc><![CDATA[嚼服达喜]]></desc></option><option><id>C</id><type>text</type><desc><![CDATA[肌内注射哌替啶]]></desc></option><option><id>D</id><type>text</type><desc><![CDATA[舌下含服硝酸甘油]]></desc></option><option><id>E</id><type>text</type><desc><![CDATA[口服扑尔敏]]></desc></option></options><answers><![CDATA[D]]></answers></question><question><type>2</type><format>text</format><desc><![CDATA[6.病人，女性，56岁。突感心前区憋闷，有严重窒息感，伴恶心、呕吐及大汗淋漓，休息时含服硝酸甘油不能缓解。应考虑为]]></desc><options><option><id>A</id><type>text</type><desc><![CDATA[急性胰腺炎]]></desc></option><option><id>B</id><type>text</type><desc><![CDATA[急性胆囊炎]]></desc></option><option><id>C</id><type>text</type><desc><![CDATA[心绞痛]]></desc></option><option><id>D</id><type>text</type><desc><![CDATA[急性心肌梗死]]></desc></option><option><id>E</id><type>text</type><desc><![CDATA[心肌炎]]></desc></option></options><answers><![CDATA[D]]></answers></question><question><type>2</type><format>text</format><desc><![CDATA[7.病人，男性，63岁。因突发急性心肌梗死入院治疗，住院期间病情极为不稳定，19小时后死亡。其死亡的原因最有可能的是]]></desc><options><option><id>A</id><type>text</type><desc><![CDATA[心源性休克]]></desc></option><option><id>B</id><type>text</type><desc><![CDATA[心力衰竭]]></desc></option><option><id>C</id><type>text</type><desc><![CDATA[疼痛]]></desc></option><option><id>D</id><type>text</type><desc><![CDATA[高热]]></desc></option><option><id>E</id><type>text</type><desc><![CDATA[心律失常]]></desc></option></options><answers><![CDATA[E]]></answers></question><question><type>2</type><format>text</format><desc><![CDATA[8.病人，男，62岁。心绞痛2年。3小时前出现胸骨中下段剧烈疼痛，舌下含服硝酸甘油不能缓解。查体：心率96次/min，心尖部可闻及舒张期奔马律。心电图ST段抬高。该病人的检查结果最可能出现]]></desc><options><option><id>A</id><type>text</type><desc><![CDATA[血糖减低]]></desc></option><option><id>B</id><type>text</type><desc><![CDATA[白细胞减少]]></desc></option><option><id>C</id><type>text</type><desc><![CDATA[血清心肌酶升高]]></desc></option><option><id>D</id><type>text</type><desc><![CDATA[C反应蛋白降低]]></desc></option><option><id>E</id><type>text</type><desc><![CDATA[红细胞沉淀率正常]]></desc></option></options><answers><![CDATA[C]]></answers></question><question><type>2</type><format>text</format><desc><![CDATA[9.病人，女性，49岁。诊断为急性心肌梗死，其24小时内应禁用的药物是]]></desc><options><option><id>A</id><type>text</type><desc><![CDATA[链激酶]]></desc></option><option><id>B</id><type>text</type><desc><![CDATA[洋地黄]]></desc></option><option><id>C</id><type>text</type><desc><![CDATA[呋塞米]]></desc></option><option><id>D</id><type>text</type><desc><![CDATA[利多卡因]]></desc></option><option><id>E</id><type>text</type><desc><![CDATA[硝酸甘油]]></desc></option></options><answers><![CDATA[B]]></answers></question><question><type>2</type><format>text</format><desc><![CDATA[10.病人，男性，68岁，离退休。既往有心绞痛发作史。4小时前因体育锻炼后出现心前区剧烈疼痛，含服硝酸甘油无效，急诊入院。病人入院后应首先考虑的检查是]]></desc><options><option><id>A</id><type>text</type><desc><![CDATA[心脏X线检查]]></desc></option><option><id>B</id><type>text</type><desc><![CDATA[心电图]]></desc></option><option><id>C</id><type>text</type><desc><![CDATA[心肌酶学检查]]></desc></option><option><id>D</id><type>text</type><desc><![CDATA[血压]]></desc></option><option><id>E</id><type>text</type><desc><![CDATA[超声心动图]]></desc></option></options><answers><![CDATA[B]]></answers></question><question><type>2</type><format>text</format><desc><![CDATA[11.病人，男性，59岁。因“胸骨后压榨性疼痛半日”急诊入院，心电图：急性广泛前壁心肌梗死。为减轻病人疼痛，首选的药物是]]></desc><options><option><id>A</id><type>text</type><desc><![CDATA[安定]]></desc></option><option><id>B</id><type>text</type><desc><![CDATA[阿司匹林]]></desc></option><option><id>C</id><type>text</type><desc><![CDATA[吗啡]]></desc></option><option><id>D</id><type>text</type><desc><![CDATA[硝酸甘油]]></desc></option><option><id>E</id><type>text</type><desc><![CDATA[心痛定]]></desc></option></options><answers><![CDATA[C]]></answers></question><question><type>2</type><format>html</format><desc><![CDATA[12.病人，男性，53岁。急性广泛前壁心肌梗死，现血压正常，呼吸平稳，窦性心律70次/min，未发现并发症。针对该病人的护理措施，<u><b>错误</b></u>的是]]></desc><options><option><id>A</id><type>text</type><desc><![CDATA[饮食少量多餐]]></desc></option><option><id>B</id><type>text</type><desc><![CDATA[尽量避免搬动]]></desc></option><option><id>C</id><type>text</type><desc><![CDATA[第一周内限制探视]]></desc></option><option><id>D</id><type>text</type><desc><![CDATA[静脉输液速度宜慢]]></desc></option><option><id>E</id><type>text</type><desc><![CDATA[如有便秘立即灌肠]]></desc></option></options><answers><![CDATA[E]]></answers></question></questions></exam>