﻿<?xml version="1.0" encoding="UTF-8"?><exam><id>20181009092918</id><questions><instructions><![CDATA[A1型题]]></instructions><question><type>1</type><format>text</format><desc><![CDATA[1.符合急性炎症性脱髓鞘性多发性神经根病脑脊液特征，正确的是]]></desc><options><option><id>A</id><type>text</type><desc><![CDATA[细胞数正常，蛋白增高]]></desc></option><option><id>B</id><type>text</type><desc><![CDATA[细胞数增高，糖降低]]></desc></option><option><id>C</id><type>text</type><desc><![CDATA[细胞数增高，蛋白降低]]></desc></option><option><id>D</id><type>text</type><desc><![CDATA[细胞数增高，糖含量正常]]></desc></option><option><id>E</id><type>text</type><desc><![CDATA[红细胞数减少，细菌培养阴性]]></desc></option></options><answers><![CDATA[A]]></answers></question><question><type>1</type><format>text</format><desc><![CDATA[2.急性炎症性脱髓鞘性多发性神经根病可能会出现以下哪种症状]]></desc><options><option><id>A</id><type>text</type><desc><![CDATA[直立性低血压]]></desc></option><option><id>B</id><type>text</type><desc><![CDATA[心动过缓]]></desc></option><option><id>C</id><type>text</type><desc><![CDATA[心力衰竭]]></desc></option><option><id>D</id><type>text</type><desc><![CDATA[全身小关节疼痛]]></desc></option><option><id>E</id><type>text</type><desc><![CDATA[关节僵硬]]></desc></option></options><answers><![CDATA[A]]></answers></question><question><type>1</type><format>text</format><desc><![CDATA[3.急性炎症性脱髓鞘性多发性神经根病首发症状是]]></desc><options><option><id>A</id><type>text</type><desc><![CDATA[一侧肢体抽搐]]></desc></option><option><id>B</id><type>text</type><desc><![CDATA[一侧肢体感觉障碍]]></desc></option><option><id>C</id><type>text</type><desc><![CDATA[关节僵硬]]></desc></option><option><id>D</id><type>text</type><desc><![CDATA[四肢对称性肌无力]]></desc></option><option><id>E</id><type>text</type><desc><![CDATA[肢体远端呈手套、袜套样感觉减退]]></desc></option></options><answers><![CDATA[D]]></answers></question><question><type>1</type><format>text</format><desc><![CDATA[4.急性炎症性脱髓鞘性多发性神经根病最危险的情况是]]></desc><options><option><id>A</id><type>text</type><desc><![CDATA[四肢瘫痪]]></desc></option><option><id>B</id><type>text</type><desc><![CDATA[肺部感染]]></desc></option><option><id>C</id><type>text</type><desc><![CDATA[呼吸肌麻痹]]></desc></option><option><id>D</id><type>text</type><desc><![CDATA[心力衰竭]]></desc></option><option><id>E</id><type>text</type><desc><![CDATA[消化道出血]]></desc></option></options><answers><![CDATA[C]]></answers></question></questions><questions><instructions><![CDATA[A2型题]]></instructions><question><type>2</type><format>text</format><desc><![CDATA[5.病人，男性，40岁，双下肢乏力1周，1天前出现进行性加重伴呼吸困难、吞咽困难。护理体检：颈部以下感觉感觉消失，四肢瘫痪，腱反射消失，病理反射未引出。目前病人护理问题中最重要的是]]></desc><options><option><id>A</id><type>text</type><desc><![CDATA[气体交换受损]]></desc></option><option><id>B</id><type>text</type><desc><![CDATA[感知觉紊乱]]></desc></option><option><id>C</id><type>text</type><desc><![CDATA[有皮肤黏膜受损的危险]]></desc></option><option><id>D</id><type>text</type><desc><![CDATA[肢体活动障碍]]></desc></option><option><id>E</id><type>text</type><desc><![CDATA[营养失调：低于机体需要量]]></desc></option></options><answers><![CDATA[A]]></answers></question><question><type>2</type><format>text</format><desc><![CDATA[6.病人，女，30岁，近3天来进行性双下肢瘫痪，胸水平以下深浅感觉丧失，诊断为急性炎症性脱髓鞘性多发性神经根病。为防止窒息在进食时宜采取的体位是]]></desc><options><option><id>A</id><type>text</type><desc><![CDATA[平卧位]]></desc></option><option><id>B</id><type>text</type><desc><![CDATA[头足低位]]></desc></option><option><id>C</id><type>text</type><desc><![CDATA[头低足高位]]></desc></option><option><id>D</id><type>text</type><desc><![CDATA[左侧卧位]]></desc></option><option><id>E</id><type>text</type><desc><![CDATA[右侧卧位]]></desc></option></options><answers><![CDATA[B]]></answers></question><question><type>2</type><format>text</format><desc><![CDATA[7.病人，女，36岁，一周前出现双下肢进行性无力，现出现肢体末梢感觉障碍。最符合病人实验室检查结果的是]]></desc><options><option><id>A</id><type>text</type><desc><![CDATA[脑脊液压力增高]]></desc></option><option><id>B</id><type>text</type><desc><![CDATA[脑脊液蛋白-细胞分离现象]]></desc></option><option><id>C</id><type>text</type><desc><![CDATA[脑脊液无色透明]]></desc></option><option><id>D</id><type>text</type><desc><![CDATA[血清免疫球蛋白增加]]></desc></option><option><id>E</id><type>text</type><desc><![CDATA[血沉增快]]></desc></option></options><answers><![CDATA[B]]></answers></question><question><type>2</type><format>text</format><desc><![CDATA[8.病人，男性，42岁，双下肢无力、感觉障碍2天，进行性加重伴呼吸困难、排尿困难1天，入院后诊断为急性炎症性脱髓鞘性多发性神经根病，除立即给予呼吸机辅助呼吸外，首选的治疗药物是]]></desc><options><option><id>A</id><type>text</type><desc><![CDATA[神经生长因子]]></desc></option><option><id>B</id><type>text</type><desc><![CDATA[血管扩张剂]]></desc></option><option><id>C</id><type>text</type><desc><![CDATA[皮质类固醇激素]]></desc></option><option><id>D</id><type>text</type><desc><![CDATA[维生素]]></desc></option><option><id>E</id><type>text</type><desc><![CDATA[抗生素]]></desc></option></options><answers><![CDATA[C]]></answers></question></questions></exam>