﻿<?xml version="1.0" encoding="UTF-8"?><exam><id>20181008165139</id><questions><instructions><![CDATA[A1型题]]></instructions><question><type>1</type><format>text</format><desc><![CDATA[1.临床上最常见的心律失常是]]></desc><options><option><id>A</id><type>text</type><desc><![CDATA[心房颤动]]></desc></option><option><id>B</id><type>text</type><desc><![CDATA[病态窦房结综合征]]></desc></option><option><id>C</id><type>text</type><desc><![CDATA[期前收缩]]></desc></option><option><id>D</id><type>text</type><desc><![CDATA[房室传导阻滞]]></desc></option><option><id>E</id><type>text</type><desc><![CDATA[室上性心动过速]]></desc></option></options><answers><![CDATA[C]]></answers></question><question><type>1</type><format>text</format><desc><![CDATA[2.室性阵发性心动过速的首选药物是]]></desc><options><option><id>A</id><type>text</type><desc><![CDATA[利多卡因]]></desc></option><option><id>B</id><type>text</type><desc><![CDATA[苯妥英钠]]></desc></option><option><id>C</id><type>text</type><desc><![CDATA[普罗帕酮]]></desc></option><option><id>D</id><type>text</type><desc><![CDATA[胺碘酮]]></desc></option><option><id>E</id><type>text</type><desc><![CDATA[维拉帕米]]></desc></option></options><answers><![CDATA[A]]></answers></question><question><type>1</type><format>text</format><desc><![CDATA[3.听诊时心律绝对规则的心律失常类型是]]></desc><options><option><id>A</id><type>text</type><desc><![CDATA[心房扑动]]></desc></option><option><id>B</id><type>text</type><desc><![CDATA[期前收缩]]></desc></option><option><id>C</id><type>text</type><desc><![CDATA[心房颤动]]></desc></option><option><id>D</id><type>text</type><desc><![CDATA[室上性阵发性心动过速]]></desc></option><option><id>E</id><type>text</type><desc><![CDATA[二度Ⅰ型房室传导阻滞]]></desc></option></options><answers><![CDATA[D]]></answers></question><question><type>1</type><format>text</format><desc><![CDATA[4.慢性心房颤动最常见的并发症是]]></desc><options><option><id>A</id><type>text</type><desc><![CDATA[阿-斯综合征]]></desc></option><option><id>B</id><type>text</type><desc><![CDATA[完全性房室传导阻滞]]></desc></option><option><id>C</id><type>text</type><desc><![CDATA[动脉栓塞]]></desc></option><option><id>D</id><type>text</type><desc><![CDATA[感染性心内膜炎]]></desc></option><option><id>E</id><type>text</type><desc><![CDATA[肺炎]]></desc></option></options><answers><![CDATA[C]]></answers></question></questions><questions><instructions><![CDATA[A2型题]]></instructions><question><type>2</type><format>text</format><desc><![CDATA[5.病人，女性，50岁，公司高管。月经紊乱半年，失眠、心慌、胸闷2月。心电图显示：提前出现形态异常的QRS波群，时限0.16s，T波与QRS波群主波方向相反，其前无相关P波。病人的心律失常类型符合]]></desc><options><option><id>A</id><type>text</type><desc><![CDATA[房性期前收缩]]></desc></option><option><id>B</id><type>text</type><desc><![CDATA[室性期前收缩]]></desc></option><option><id>C</id><type>text</type><desc><![CDATA[房性心动过速]]></desc></option><option><id>D</id><type>text</type><desc><![CDATA[心房扑动]]></desc></option><option><id>E</id><type>text</type><desc><![CDATA[心房颤动]]></desc></option></options><answers><![CDATA[B]]></answers></question><question><type>2</type><format>text</format><desc><![CDATA[6.病人，女性，56岁，有“风湿性心脏病”病史，自诉心慌。心电图显示：P波消失，代之以间距、振幅不等的畸形波，频率360次/min，QRS波群形态正常，心律绝对不规则。该病人的心电图诊断为]]></desc><options><option><id>A</id><type>text</type><desc><![CDATA[室上性心动过速]]></desc></option><option><id>B</id><type>text</type><desc><![CDATA[室性心动过速]]></desc></option><option><id>C</id><type>text</type><desc><![CDATA[房性心动过速]]></desc></option><option><id>D</id><type>text</type><desc><![CDATA[心房扑动]]></desc></option><option><id>E</id><type>text</type><desc><![CDATA[心房颤动]]></desc></option></options><answers><![CDATA[E]]></answers></question><question><type>2</type><format>text</format><desc><![CDATA[7.病人，女性，43岁，以“心慌、胸闷、头晕待查”收入院。护理查体：脉搏78次/min，心率168次/min，律不齐，第一心音强弱不等。护士应警惕诱发]]></desc><options><option><id>A</id><type>text</type><desc><![CDATA[心肌炎]]></desc></option><option><id>B</id><type>text</type><desc><![CDATA[心绞痛]]></desc></option><option><id>C</id><type>text</type><desc><![CDATA[高血压]]></desc></option><option><id>D</id><type>text</type><desc><![CDATA[肺心病]]></desc></option><option><id>E</id><type>text</type><desc><![CDATA[脑栓塞]]></desc></option></options><answers><![CDATA[B]]></answers></question><question><type>2</type><format>text</format><desc><![CDATA[8.病人，男性，68岁。高血压病史18年，胸痛6小时以“急性下壁心肌梗死”入院，护士在护理过程中应警惕病人最易发生心律失常是]]></desc><options><option><id>A</id><type>text</type><desc><![CDATA[心房颤动]]></desc></option><option><id>B</id><type>text</type><desc><![CDATA[窦性心动过速]]></desc></option><option><id>C</id><type>text</type><desc><![CDATA[室上性心动过速]]></desc></option><option><id>D</id><type>text</type><desc><![CDATA[室性期前收缩]]></desc></option><option><id>E</id><type>text</type><desc><![CDATA[房室传导阻滞]]></desc></option></options><answers><![CDATA[E]]></answers></question><question><type>2</type><format>text</format><desc><![CDATA[9.病人，女性，52岁，既往有风湿性心脏病病史20余年，此次以“心慌、胸闷待查”入院，护士在测量脉搏时，最容易出现的是]]></desc><options><option><id>A</id><type>text</type><desc><![CDATA[洪脉]]></desc></option><option><id>B</id><type>text</type><desc><![CDATA[短绌脉]]></desc></option><option><id>C</id><type>text</type><desc><![CDATA[奇脉]]></desc></option><option><id>D</id><type>text</type><desc><![CDATA[交替脉]]></desc></option><option><id>E</id><type>text</type><desc><![CDATA[缓脉]]></desc></option></options><answers><![CDATA[B]]></answers></question><question><type>2</type><format>text</format><desc><![CDATA[10.病人，女性，35岁，干部。工作时突感心慌，急送医院，心电图显示：窦性心律，频发室性早搏，心率80次/min。护士在为病人进行健康指导时，应告诉病人避免]]></desc><options><option><id>A</id><type>text</type><desc><![CDATA[平卧位]]></desc></option><option><id>B</id><type>text</type><desc><![CDATA[半卧位]]></desc></option><option><id>C</id><type>text</type><desc><![CDATA[端坐卧位]]></desc></option><option><id>D</id><type>text</type><desc><![CDATA[右侧卧位]]></desc></option><option><id>E</id><type>text</type><desc><![CDATA[左侧卧位]]></desc></option></options><answers><![CDATA[E]]></answers></question></questions></exam>