﻿<?xml version="1.0" encoding="UTF-8"?><exam><id>20181009091022</id><questions><instructions><![CDATA[A1型题]]></instructions><question><type>1</type><format>text</format><desc><![CDATA[1.通过增加外周组织对葡萄糖摄取、抑制糖异生，从而降低血糖的药物是]]></desc><options><option><id>A</id><type>text</type><desc><![CDATA[格列苯脲]]></desc></option><option><id>B</id><type>text</type><desc><![CDATA[格列波脲]]></desc></option><option><id>C</id><type>text</type><desc><![CDATA[二甲双胍]]></desc></option><option><id>D</id><type>text</type><desc><![CDATA[噻唑烷二酮]]></desc></option><option><id>E</id><type>text</type><desc><![CDATA[α-葡萄糖苷酶抑制剂]]></desc></option></options><answers><![CDATA[C]]></answers></question><question><type>1</type><format>html</format><desc><![CDATA[2.应用胰岛素的注意事项中<u><b>错误</b></u>的是]]></desc><options><option><id>A</id><type>text</type><desc><![CDATA[胰岛素宜冷冻保存]]></desc></option><option><id>B</id><type>text</type><desc><![CDATA[抽吸药液时避免震荡]]></desc></option><option><id>C</id><type>text</type><desc><![CDATA[皮下注射部位经常更换]]></desc></option><option><id>D</id><type>text</type><desc><![CDATA[混合注射时，先抽吸短效胰岛素]]></desc></option><option><id>E</id><type>text</type><desc><![CDATA[应用时注意药物有效期]]></desc></option></options><answers><![CDATA[A]]></answers></question><question><type>1</type><format>html</format><desc><![CDATA[3.对正常范围内血糖<u><b>没有</b></u>影响的降糖药是]]></desc><options><option><id>A</id><type>text</type><desc><![CDATA[二甲双胍]]></desc></option><option><id>B</id><type>text</type><desc><![CDATA[格列吡嗪]]></desc></option><option><id>C</id><type>text</type><desc><![CDATA[罗格列酮]]></desc></option><option><id>D</id><type>text</type><desc><![CDATA[阿卡波糖]]></desc></option><option><id>E</id><type>text</type><desc><![CDATA[瑞格列奈]]></desc></option></options><answers><![CDATA[A]]></answers></question><question><type>1</type><format>text</format><desc><![CDATA[4.未控制且肥胖的2型糖尿病病人，最可能降低的是]]></desc><options><option><id>A</id><type>text</type><desc><![CDATA[胆固醇]]></desc></option><option><id>B</id><type>text</type><desc><![CDATA[血压]]></desc></option><option><id>C</id><type>text</type><desc><![CDATA[甘油三酯]]></desc></option><option><id>D</id><type>text</type><desc><![CDATA[体重指数]]></desc></option><option><id>E</id><type>text</type><desc><![CDATA[高密度脂蛋白]]></desc></option></options><answers><![CDATA[E]]></answers></question></questions><questions><instructions><![CDATA[A2型题]]></instructions><question><type>2</type><format>text</format><desc><![CDATA[5.兰先生，60岁。患2型糖尿病，口服格列美脲治疗，护士须指导病人此药服用的时间在]]></desc><options><option><id>A</id><type>text</type><desc><![CDATA[餐后半小时]]></desc></option><option><id>B</id><type>text</type><desc><![CDATA[餐前半小时]]></desc></option><option><id>C</id><type>text</type><desc><![CDATA[餐中服用]]></desc></option><option><id>D</id><type>text</type><desc><![CDATA[餐前5分钟]]></desc></option><option><id>E</id><type>text</type><desc><![CDATA[餐前1小时]]></desc></option></options><answers><![CDATA[B]]></answers></question><question><type>2</type><format>text</format><desc><![CDATA[6.华先生，65岁。发生糖尿病酮症酸中毒经治疗后，意识恢复期间突感心悸、饥饿、出汗，随即又意识不清，应立即]]></desc><options><option><id>A</id><type>text</type><desc><![CDATA[加大胰岛素剂量]]></desc></option><option><id>B</id><type>text</type><desc><![CDATA[加用格列本脲]]></desc></option><option><id>C</id><type>text</type><desc><![CDATA[静脉滴注碳酸氢钠]]></desc></option><option><id>D</id><type>text</type><desc><![CDATA[静脉注射50%葡萄糖]]></desc></option><option><id>E</id><type>text</type><desc><![CDATA[应用呼吸兴奋剂]]></desc></option></options><answers><![CDATA[D]]></answers></question><question><type>2</type><format>text</format><desc><![CDATA[7.周先生，29岁。初发糖尿病，准备注射胰岛素治疗，胰岛素每瓶为10ml，含胰岛素400单位，现病人需注射胰岛素20单位，应抽吸]]></desc><options><option><id>A</id><type>text</type><desc><![CDATA[0.4ml]]></desc></option><option><id>B</id><type>text</type><desc><![CDATA[0.5ml]]></desc></option><option><id>C</id><type>text</type><desc><![CDATA[1ml]]></desc></option><option><id>D</id><type>text</type><desc><![CDATA[2ml]]></desc></option><option><id>E</id><type>text</type><desc><![CDATA[5ml]]></desc></option></options><answers><![CDATA[B]]></answers></question><question><type>2</type><format>text</format><desc><![CDATA[8.由先生，58岁。有糖尿病家族史，无三多一少症状，空腹血糖6.5mmol/L，下列对诊断糖尿病最有意义的检查是]]></desc><options><option><id>A</id><type>text</type><desc><![CDATA[空腹血糖]]></desc></option><option><id>B</id><type>text</type><desc><![CDATA[餐后血糖]]></desc></option><option><id>C</id><type>text</type><desc><![CDATA[24小时尿糖定量]]></desc></option><option><id>D</id><type>text</type><desc><![CDATA[葡萄糖耐量+胰岛素释放试验]]></desc></option><option><id>E</id><type>text</type><desc><![CDATA[糖化血红蛋白]]></desc></option></options><answers><![CDATA[D]]></answers></question><question><type>2</type><format>text</format><desc><![CDATA[9.李先生，45岁。肥胖体型，三多一少症状不明显，空腹血糖6.6mmol/L，餐后2小时血糖12mmol/L，治疗时应首先考虑的药物是]]></desc><options><option><id>A</id><type>text</type><desc><![CDATA[二甲双胍]]></desc></option><option><id>B</id><type>text</type><desc><![CDATA[格列苯脲]]></desc></option><option><id>C</id><type>text</type><desc><![CDATA[罗格列酮]]></desc></option><option><id>D</id><type>text</type><desc><![CDATA[瑞格列奈]]></desc></option><option><id>E</id><type>text</type><desc><![CDATA[阿卡波糖]]></desc></option></options><answers><![CDATA[A]]></answers></question><question><type>2</type><format>text</format><desc><![CDATA[10.田先生，58岁。患1型糖尿病，现使用普通胰岛素治疗，并发肺炎后，出现食欲明显减退、发热及呕吐，除抗生素治疗外，对糖尿病本身的治疗应]]></desc><options><option><id>A</id><type>text</type><desc><![CDATA[停用胰岛素]]></desc></option><option><id>B</id><type>text</type><desc><![CDATA[使用普通胰岛素小剂量点滴+补液]]></desc></option><option><id>C</id><type>text</type><desc><![CDATA[改用长效胰岛素]]></desc></option><option><id>D</id><type>text</type><desc><![CDATA[改用磺脲类药物]]></desc></option><option><id>E</id><type>text</type><desc><![CDATA[改用双胍类药物]]></desc></option></options><answers><![CDATA[B]]></answers></question><question><type>2</type><format>text</format><desc><![CDATA[11.张先生，48岁。患2型糖尿病，发生酮症酸中毒经注射胰岛素及静滴生理盐水后，血糖降低、失水纠正、尿量增多，此时应注意防止]]></desc><options><option><id>A</id><type>text</type><desc><![CDATA[低钠血症]]></desc></option><option><id>B</id><type>text</type><desc><![CDATA[低钾血症]]></desc></option><option><id>C</id><type>text</type><desc><![CDATA[低钙血症]]></desc></option><option><id>D</id><type>text</type><desc><![CDATA[低血糖]]></desc></option><option><id>E</id><type>text</type><desc><![CDATA[低血压]]></desc></option></options><answers><![CDATA[B]]></answers></question><question><type>2</type><format>html</format><desc><![CDATA[12.丁女士，77岁。糖尿病病史20余年。诉视物不清，胸闷憋气，双侧及足底刺痛，夜间难以入睡多年，近来足趾渐变黑。护士在接诊后立即对其进行评估，发现该病人的并发症<u><b>不包括</b></u>]]></desc><options><option><id>A</id><type>text</type><desc><![CDATA[视网膜病变]]></desc></option><option><id>B</id><type>text</type><desc><![CDATA[冠心病]]></desc></option><option><id>C</id><type>text</type><desc><![CDATA[神经病变]]></desc></option><option><id>D</id><type>text</type><desc><![CDATA[肢端坏疽]]></desc></option><option><id>E</id><type>text</type><desc><![CDATA[足部感染]]></desc></option></options><answers><![CDATA[E]]></answers></question></questions></exam>