﻿<?xml version="1.0" encoding="UTF-8"?><exam><id>20181009083724</id><questions><instructions><![CDATA[A1型题]]></instructions><question><type>1</type><format>text</format><desc><![CDATA[1.血尿是指离心后尿沉渣每高倍视野红细胞为]]></desc><options><option><id>A</id><type>text</type><desc><![CDATA[3个以上]]></desc></option><option><id>B</id><type>text</type><desc><![CDATA[5个以上]]></desc></option><option><id>C</id><type>text</type><desc><![CDATA[6个以上]]></desc></option><option><id>D</id><type>text</type><desc><![CDATA[8个以上]]></desc></option><option><id>E</id><type>text</type><desc><![CDATA[10个以上]]></desc></option></options><answers><![CDATA[A]]></answers></question><question><type>1</type><format>html</format><desc><![CDATA[2.下列关于肾性高血压的描述<u><b>不正确</b></u>的是]]></desc><options><option><id>A</id><type>text</type><desc><![CDATA[肾性高血压大多数容量依赖性]]></desc></option><option><id>B</id><type>text</type><desc><![CDATA[限制水钠摄入可改善肾性高血压]]></desc></option><option><id>C</id><type>text</type><desc><![CDATA[肾性高血压可加重肾功能损害]]></desc></option><option><id>D</id><type>text</type><desc><![CDATA[肾性高血压具有原发性高血压的一般症状]]></desc></option><option><id>E</id><type>text</type><desc><![CDATA[肾性高血压一般会引起高血压脑病]]></desc></option></options><answers><![CDATA[E]]></answers></question><question><type>1</type><format>text</format><desc><![CDATA[3.对膀胱刺激征的饮食护理中，要求病人多饮水，即每日的饮水量至少超过]]></desc><options><option><id>A</id><type>text</type><desc><![CDATA[2000ml]]></desc></option><option><id>B</id><type>text</type><desc><![CDATA[1000ml]]></desc></option><option><id>C</id><type>text</type><desc><![CDATA[1500ml]]></desc></option><option><id>D</id><type>text</type><desc><![CDATA[2500ml]]></desc></option><option><id>E</id><type>text</type><desc><![CDATA[3000ml]]></desc></option></options><answers><![CDATA[A]]></answers></question><question><type>1</type><format>text</format><desc><![CDATA[4.肾炎性水肿发生的机制为]]></desc><options><option><id>A</id><type>text</type><desc><![CDATA[肾小球滤过率下降，肾小管重吸收功能下降]]></desc></option><option><id>B</id><type>text</type><desc><![CDATA[肾小球滤过率增加，肾小管重吸收功能增加]]></desc></option><option><id>C</id><type>text</type><desc><![CDATA[肾小球滤过率基本正常，肾小管重吸收功能增加]]></desc></option><option><id>D</id><type>text</type><desc><![CDATA[肾小球滤过率下降，肾小管重吸收功能基本正常]]></desc></option><option><id>E</id><type>text</type><desc><![CDATA[肾小球滤过率增加，肾小管重吸收功能下降]]></desc></option></options><answers><![CDATA[D]]></answers></question><question><type>1</type><format>text</format><desc><![CDATA[5.白细胞尿是指新鲜离心尿液每高倍视野白细胞为]]></desc><options><option><id>A</id><type>text</type><desc><![CDATA[5个以上]]></desc></option><option><id>B</id><type>text</type><desc><![CDATA[6个以上]]></desc></option><option><id>C</id><type>text</type><desc><![CDATA[3个以上]]></desc></option><option><id>D</id><type>text</type><desc><![CDATA[8个以上]]></desc></option><option><id>E</id><type>text</type><desc><![CDATA[10个以上]]></desc></option></options><answers><![CDATA[A]]></answers></question></questions><questions><instructions><![CDATA[A2型题]]></instructions><question><type>2</type><format>text</format><desc><![CDATA[6.女性，42岁，慢性肾小球肾炎8年，近三天来出现精神萎靡，食欲减退，24小时尿量60ml，体检下腹部叩诊鼓音，按压无尿意，无胀痛，该病人的排尿型态为]]></desc><options><option><id>A</id><type>text</type><desc><![CDATA[尿潴留]]></desc></option><option><id>B</id><type>text</type><desc><![CDATA[尿失禁]]></desc></option><option><id>C</id><type>text</type><desc><![CDATA[少尿]]></desc></option><option><id>D</id><type>text</type><desc><![CDATA[无尿]]></desc></option><option><id>E</id><type>text</type><desc><![CDATA[正常]]></desc></option></options><answers><![CDATA[D]]></answers></question><question><type>2</type><format>text</format><desc><![CDATA[7.男性，25岁，2年来反复镜下血尿，下列哪种情况可诊断为镜下血尿]]></desc><options><option><id>A</id><type>text</type><desc><![CDATA[尿沉渣每高倍视野红细胞为2个以上]]></desc></option><option><id>B</id><type>text</type><desc><![CDATA[1小时红细胞计数＞2万]]></desc></option><option><id>C</id><type>text</type><desc><![CDATA[1小时红细胞计数＞5万]]></desc></option><option><id>D</id><type>text</type><desc><![CDATA[1小时红细胞计数＞10万]]></desc></option><option><id>E</id><type>text</type><desc><![CDATA[1小时红细胞计数＞20万]]></desc></option></options><answers><![CDATA[D]]></answers></question></questions></exam>