﻿<?xml version="1.0" encoding="UTF-8"?><exam><id>20181008172038</id><questions><instructions><![CDATA[A1型题]]></instructions><question><type>1</type><format>text</format><desc><![CDATA[1.当病人出现呕血时，提示胃内潴留血量至少达到]]></desc><options><option><id>A</id><type>text</type><desc><![CDATA[5～l0ml]]></desc></option><option><id>B</id><type>text</type><desc><![CDATA[50～100ml]]></desc></option><option><id>C</id><type>text</type><desc><![CDATA[150～200ml]]></desc></option><option><id>D</id><type>text</type><desc><![CDATA[250～300ml]]></desc></option><option><id>E</id><type>text</type><desc><![CDATA[350～400ml]]></desc></option></options><answers><![CDATA[D]]></answers></question><question><type>1</type><format>text</format><desc><![CDATA[2.上消化道出血病人，对失血性休克最敏感的观察指标是]]></desc><options><option><id>A</id><type>text</type><desc><![CDATA[皮肤温度]]></desc></option><option><id>B</id><type>text</type><desc><![CDATA[中心静脉压]]></desc></option><option><id>C</id><type>text</type><desc><![CDATA[脉压]]></desc></option><option><id>D</id><type>text</type><desc><![CDATA[面色]]></desc></option><option><id>E</id><type>text</type><desc><![CDATA[脉搏]]></desc></option></options><answers><![CDATA[E]]></answers></question><question><type>1</type><format>text</format><desc><![CDATA[3.上消化道大量出血易引起氮质血症，最主要原因是]]></desc><options><option><id>A</id><type>text</type><desc><![CDATA[血液中蛋白质消化后在肠道吸收]]></desc></option><option><id>B</id><type>text</type><desc><![CDATA[肾血流量下降]]></desc></option><option><id>C</id><type>text</type><desc><![CDATA[肾衰竭]]></desc></option><option><id>D</id><type>text</type><desc><![CDATA[肝脏解毒功能下降]]></desc></option><option><id>E</id><type>text</type><desc><![CDATA[血液中氮质排出障碍]]></desc></option></options><answers><![CDATA[A]]></answers></question><question><type>1</type><format>text</format><desc><![CDATA[4.对判断上消化道活动出血最有意义的是]]></desc><options><option><id>A</id><type>text</type><desc><![CDATA[心率增快]]></desc></option><option><id>B</id><type>text</type><desc><![CDATA[血压下降]]></desc></option><option><id>C</id><type>text</type><desc><![CDATA[腹痛加重]]></desc></option><option><id>D</id><type>text</type><desc><![CDATA[黑便]]></desc></option><option><id>E</id><type>text</type><desc><![CDATA[血BUN增高]]></desc></option></options><answers><![CDATA[E]]></answers></question></questions><questions><instructions><![CDATA[A2型题]]></instructions><question><type>2</type><format>text</format><desc><![CDATA[5.病人，男性，52岁。因上消化道出血使用三腔二囊管为其止血。压迫3天后出血停止，考虑拔管。此时需留管再观察的时间是]]></desc><options><option><id>A</id><type>text</type><desc><![CDATA[6小时]]></desc></option><option><id>B</id><type>text</type><desc><![CDATA[8小时]]></desc></option><option><id>C</id><type>text</type><desc><![CDATA[12小时]]></desc></option><option><id>D</id><type>text</type><desc><![CDATA[24小时]]></desc></option><option><id>E</id><type>text</type><desc><![CDATA[48小时]]></desc></option></options><answers><![CDATA[D]]></answers></question><question><type>2</type><format>html</format><desc><![CDATA[6.病人，女性，48岁。因肝硬化食管胃底静脉曲张破裂而导致上消化道大出血伴休克紧急入院抢救，护士采取的措施中<u><b>不妥</b></u>的是]]></desc><options><option><id>A</id><type>text</type><desc><![CDATA[头低足高卧位]]></desc></option><option><id>B</id><type>text</type><desc><![CDATA[暂禁食禁水]]></desc></option><option><id>C</id><type>text</type><desc><![CDATA[监测心率血压]]></desc></option><option><id>D</id><type>text</type><desc><![CDATA[建立静脉通路]]></desc></option><option><id>E</id><type>text</type><desc><![CDATA[氧气吸入]]></desc></option></options><answers><![CDATA[A]]></answers></question><question><type>2</type><format>text</format><desc><![CDATA[7.病人，男性，46岁。诊断为“上消化道出血”收住院，为明确出血病因，首选的检查方法是]]></desc><options><option><id>A</id><type>text</type><desc><![CDATA[大便隐血试验]]></desc></option><option><id>B</id><type>text</type><desc><![CDATA[X线钡剂造影]]></desc></option><option><id>C</id><type>text</type><desc><![CDATA[内镜检查]]></desc></option><option><id>D</id><type>text</type><desc><![CDATA[血常规检查]]></desc></option><option><id>E</id><type>text</type><desc><![CDATA[B超检查]]></desc></option></options><answers><![CDATA[C]]></answers></question><question><type>2</type><format>text</format><desc><![CDATA[8.病人，男性，56岁。肝硬化病史2年，因上消化道大量出血急诊入院，后并发肝性脑病，出血后3天未排大便。应首选的措施是]]></desc><options><option><id>A</id><type>text</type><desc><![CDATA[清水灌肠]]></desc></option><option><id>B</id><type>text</type><desc><![CDATA[开塞露]]></desc></option><option><id>C</id><type>text</type><desc><![CDATA[肥皂水灌肠]]></desc></option><option><id>D</id><type>text</type><desc><![CDATA[口服番泻叶]]></desc></option><option><id>E</id><type>text</type><desc><![CDATA[25%硫酸镁导泻+乳果糖口服]]></desc></option></options><answers><![CDATA[E]]></answers></question><question><type>2</type><format>text</format><desc><![CDATA[9.病人，男性，26岁。有DU病史5年，3天前大量饮酒后，上腹疼痛持续不缓解，服法莫替丁无效。8小时前突然疼痛消失，但自觉头晕、眼花、无力，继而呕吐暗红色血约1200ml。家人送入院途中又呕血约400ml。体检：脉搏120次/分，血压80/58mmHg。面色苍白，四肢湿冷，周身大汗，呼吸急促，略烦躁不安。腹部平软，剑突下有轻压痛，肝脾肋下未触及，肠鸣音亢进。鉴于目前病人情况考虑可能发生了]]></desc><options><option><id>A</id><type>text</type><desc><![CDATA[继发感染]]></desc></option><option><id>B</id><type>text</type><desc><![CDATA[低血糖]]></desc></option><option><id>C</id><type>text</type><desc><![CDATA[休克]]></desc></option><option><id>D</id><type>text</type><desc><![CDATA[氮质血症]]></desc></option><option><id>E</id><type>text</type><desc><![CDATA[肝性脑病]]></desc></option></options><answers><![CDATA[C]]></answers></question><question><type>2</type><format>text</format><desc><![CDATA[10.病人，男性，52岁。有消化性溃疡病史10余年，有多次出血史。本次出血后出现神志恍惚、四肢厥冷，无尿。查体：血压80/60mmHg，心率120次/分，脉搏细弱。提示出血量为]]></desc><options><option><id>A</id><type>text</type><desc><![CDATA[200～400ml]]></desc></option><option><id>B</id><type>text</type><desc><![CDATA[500～700ml]]></desc></option><option><id>C</id><type>text</type><desc><![CDATA[700～900ml]]></desc></option><option><id>D</id><type>text</type><desc><![CDATA[1000～1500ml]]></desc></option><option><id>E</id><type>text</type><desc><![CDATA[＞1500ml]]></desc></option></options><answers><![CDATA[D]]></answers></question></questions></exam>