﻿<?xml version="1.0" encoding="UTF-8"?><exam><id>20181008171525</id><questions><instructions><![CDATA[A1型题]]></instructions><question><type>1</type><format>text</format><desc><![CDATA[1.胃癌的好发部位依次是]]></desc><options><option><id>A</id><type>text</type><desc><![CDATA[胃小弯、胃窦、胃大弯]]></desc></option><option><id>B</id><type>text</type><desc><![CDATA[胃窦、胃小弯、贲门]]></desc></option><option><id>C</id><type>text</type><desc><![CDATA[贲门、胃窦、胃大弯]]></desc></option><option><id>D</id><type>text</type><desc><![CDATA[胃小弯、贲门、胃窦]]></desc></option><option><id>E</id><type>text</type><desc><![CDATA[胃窦、贲门、胃小弯]]></desc></option></options><answers><![CDATA[B]]></answers></question><question><type>1</type><format>text</format><desc><![CDATA[2.胃部癌前病变主要是指]]></desc><options><option><id>A</id><type>text</type><desc><![CDATA[肠上皮化生]]></desc></option><option><id>B</id><type>text</type><desc><![CDATA[假幽门腺化生]]></desc></option><option><id>C</id><type>text</type><desc><![CDATA[胃腺体萎缩]]></desc></option><option><id>D</id><type>text</type><desc><![CDATA[胃腺体增生]]></desc></option><option><id>E</id><type>text</type><desc><![CDATA[胃黏膜不典型增生]]></desc></option></options><answers><![CDATA[E]]></answers></question><question><type>1</type><format>text</format><desc><![CDATA[3.胃癌血行转移最常见的部位是]]></desc><options><option><id>A</id><type>text</type><desc><![CDATA[骨骼]]></desc></option><option><id>B</id><type>text</type><desc><![CDATA[肺]]></desc></option><option><id>C</id><type>text</type><desc><![CDATA[卵巢]]></desc></option><option><id>D</id><type>text</type><desc><![CDATA[皮肤]]></desc></option><option><id>E</id><type>text</type><desc><![CDATA[肝脏]]></desc></option></options><answers><![CDATA[E]]></answers></question></questions><questions><instructions><![CDATA[A2型题]]></instructions><question><type>2</type><format>text</format><desc><![CDATA[4.病人，女性，50岁，慢性上腹痛3年。近1个月来，胃泌酸功能检查减低，胃镜复查仍显示胃黏膜萎缩，但活检新发现有灶性胃黏膜细胞呈中至重度不典型增生。应考虑]]></desc><options><option><id>A</id><type>text</type><desc><![CDATA[病情无变化]]></desc></option><option><id>B</id><type>text</type><desc><![CDATA[癌前病变]]></desc></option><option><id>C</id><type>text</type><desc><![CDATA[早期胃癌]]></desc></option><option><id>D</id><type>text</type><desc><![CDATA[病情稳定]]></desc></option><option><id>E</id><type>text</type><desc><![CDATA[恢复期]]></desc></option></options><answers><![CDATA[B]]></answers></question></questions></exam>