﻿<?xml version="1.0" encoding="UTF-8"?><exam><id>20181009084712</id><questions><instructions><![CDATA[A1型题]]></instructions><question><type>1</type><format>text</format><desc><![CDATA[1.判断有无贫血最重要的指标是]]></desc><options><option><id>A</id><type>text</type><desc><![CDATA[红细胞计数]]></desc></option><option><id>B</id><type>text</type><desc><![CDATA[血红蛋白浓度]]></desc></option><option><id>C</id><type>text</type><desc><![CDATA[网织红细胞绝对值]]></desc></option><option><id>D</id><type>text</type><desc><![CDATA[平均红细胞容积]]></desc></option><option><id>E</id><type>text</type><desc><![CDATA[平均红细胞血红蛋白]]></desc></option></options><answers><![CDATA[B]]></answers></question><question><type>1</type><format>text</format><desc><![CDATA[2.贫血最直观的表现、最突出的体征]]></desc><options><option><id>A</id><type>text</type><desc><![CDATA[皮肤黏膜苍白]]></desc></option><option><id>B</id><type>text</type><desc><![CDATA[头晕、耳鸣、眼花]]></desc></option><option><id>C</id><type>text</type><desc><![CDATA[心悸、气短]]></desc></option><option><id>D</id><type>text</type><desc><![CDATA[食欲减退、胃肠胀气]]></desc></option><option><id>E</id><type>text</type><desc><![CDATA[月经不调]]></desc></option></options><answers><![CDATA[A]]></answers></question><question><type>1</type><format>text</format><desc><![CDATA[3.血小板计数低于何值时易出现自发性出血]]></desc><options><option><id>A</id><type>text</type><desc><![CDATA[＜100×10<sup>9</sup>/L]]></desc></option><option><id>B</id><type>text</type><desc><![CDATA[＜80×10<sup>9</sup>/L]]></desc></option><option><id>C</id><type>text</type><desc><![CDATA[＜70×10<sup>9</sup>/L]]></desc></option><option><id>D</id><type>text</type><desc><![CDATA[＜60×10<sup>9</sup>/L]]></desc></option><option><id>E</id><type>text</type><desc><![CDATA[＜50×10<sup>9</sup>/L]]></desc></option></options><answers><![CDATA[E]]></answers></question><question><type>1</type><format>html</format><desc><![CDATA[4.对血液病发热病人的护理，哪项<u><b>不妥</b></u>]]></desc><options><option><id>A</id><type>text</type><desc><![CDATA[观察体温变化及伴随症状]]></desc></option><option><id>B</id><type>text</type><desc><![CDATA[有出血倾向者禁用酒精擦浴]]></desc></option><option><id>C</id><type>text</type><desc><![CDATA[高热者应用解热镇痛药]]></desc></option><option><id>D</id><type>text</type><desc><![CDATA[出汗过多应及时擦干皮肤]]></desc></option><option><id>E</id><type>text</type><desc><![CDATA[注意观察血压变化]]></desc></option></options><answers><![CDATA[C]]></answers></question></questions><questions><instructions><![CDATA[A2型题]]></instructions><question><type>2</type><format>html</format><desc><![CDATA[5.病人，女性，28岁，怀孕7个月。近1个月来常感心悸、气短、乏力，休息后不缓解。血象：血红蛋白浓度48g/L，红细胞计数1.8×10<sup>12</sup>/L。该病人属于]]></desc><options><option><id>A</id><type>text</type><desc><![CDATA[轻度贫血]]></desc></option><option><id>B</id><type>text</type><desc><![CDATA[中度贫血]]></desc></option><option><id>C</id><type>text</type><desc><![CDATA[重度贫血]]></desc></option><option><id>D</id><type>text</type><desc><![CDATA[极重度贫血]]></desc></option><option><id>E</id><type>text</type><desc><![CDATA[无贫血]]></desc></option></options><answers><![CDATA[C]]></answers></question><question><type>2</type><format>html</format><desc><![CDATA[6.病人，女性，30岁。头晕、乏力、面色苍白半年，正在哺乳期，平时月经量多。无其他疾病史。血液检查：红细胞计数3.0×10<sup>12</sup>/L，血红蛋白90g/L，网织红细胞0.008，白细胞5.6×10<sup>9</sup>/L，血小板210×10<sup>9</sup>/L。对该病人饮食护理正确的是]]></desc><options><option><id>A</id><type>text</type><desc><![CDATA[高热量]]></desc></option><option><id>B</id><type>text</type><desc><![CDATA[高蛋白]]></desc></option><option><id>C</id><type>text</type><desc><![CDATA[高维生素]]></desc></option><option><id>D</id><type>text</type><desc><![CDATA[富含铁]]></desc></option><option><id>E</id><type>text</type><desc><![CDATA[以上均正确]]></desc></option></options><answers><![CDATA[E]]></answers></question><question><type>2</type><format>text</format><desc><![CDATA[7.病人，男性，20岁。患急性再生障碍性贫血，突然出现头痛、呕吐、瞳孔大小不等，一侧肢体瘫痪，最可能的是]]></desc><options><option><id>A</id><type>text</type><desc><![CDATA[严重感染]]></desc></option><option><id>B</id><type>text</type><desc><![CDATA[颅内出血]]></desc></option><option><id>C</id><type>text</type><desc><![CDATA[癫痫发作]]></desc></option><option><id>D</id><type>text</type><desc><![CDATA[脑栓塞]]></desc></option><option><id>E</id><type>text</type><desc><![CDATA[脑膜炎]]></desc></option></options><answers><![CDATA[B]]></answers></question></questions></exam>