﻿<?xml version="1.0" encoding="UTF-8"?><exam><id>20181008171346</id><questions><instructions><![CDATA[A1型题]]></instructions><question><type>1</type><format>text</format><desc><![CDATA[1.急性胃炎的确诊依赖于]]></desc><options><option><id>A</id><type>text</type><desc><![CDATA[胃镜检查]]></desc></option><option><id>B</id><type>text</type><desc><![CDATA[超声检查]]></desc></option><option><id>C</id><type>text</type><desc><![CDATA[腹部X线检查]]></desc></option><option><id>D</id><type>text</type><desc><![CDATA[血常规检查]]></desc></option><option><id>E</id><type>text</type><desc><![CDATA[胃黏膜活检]]></desc></option></options><answers><![CDATA[A]]></answers></question><question><type>1</type><format>html</format><desc><![CDATA[2.慢性胃炎病人应<u><b>避免</b></u>口服]]></desc><options><option><id>A</id><type>text</type><desc><![CDATA[链霉素]]></desc></option><option><id>B</id><type>text</type><desc><![CDATA[庆大霉素]]></desc></option><option><id>C</id><type>text</type><desc><![CDATA[泼尼松]]></desc></option><option><id>D</id><type>text</type><desc><![CDATA[吗丁啉]]></desc></option><option><id>E</id><type>text</type><desc><![CDATA[胃复安]]></desc></option></options><answers><![CDATA[C]]></answers></question><question><type>1</type><format>text</format><desc><![CDATA[3.最易引起胃黏膜急性糜烂和出血的疾病是]]></desc><options><option><id>A</id><type>text</type><desc><![CDATA[上呼吸道感染]]></desc></option><option><id>B</id><type>text</type><desc><![CDATA[高血压]]></desc></option><option><id>C</id><type>text</type><desc><![CDATA[冠心病]]></desc></option><option><id>D</id><type>text</type><desc><![CDATA[甲状腺机能亢进症]]></desc></option><option><id>E</id><type>text</type><desc><![CDATA[大面积烧伤]]></desc></option></options><answers><![CDATA[E]]></answers></question><question><type>1</type><format>text</format><desc><![CDATA[4.引起慢性胃炎最主要病因是]]></desc><options><option><id>A</id><type>text</type><desc><![CDATA[酗烟酒]]></desc></option><option><id>B</id><type>text</type><desc><![CDATA[饮浓茶]]></desc></option><option><id>C</id><type>text</type><desc><![CDATA[食物过硬]]></desc></option><option><id>D</id><type>text</type><desc><![CDATA[幽门螺杆菌感染]]></desc></option><option><id>E</id><type>text</type><desc><![CDATA[大肠杆菌感染]]></desc></option></options><answers><![CDATA[D]]></answers></question></questions><questions><instructions><![CDATA[A2型题]]></instructions><question><type>2</type><format>text</format><desc><![CDATA[5.病人,男性,68岁。慢性胃炎35年，伴乏力半年。胃镜检查：慢性多灶萎缩性胃炎。提示癌变的主要表现是]]></desc><options><option><id>A</id><type>text</type><desc><![CDATA[上腹痛加重]]></desc></option><option><id>B</id><type>text</type><desc><![CDATA[上腹饱胀]]></desc></option><option><id>C</id><type>text</type><desc><![CDATA[嗳气、反酸]]></desc></option><option><id>D</id><type>text</type><desc><![CDATA[进行性消瘦]]></desc></option><option><id>E</id><type>text</type><desc><![CDATA[食欲下降]]></desc></option></options><answers><![CDATA[D]]></answers></question><question><type>2</type><format>text</format><desc><![CDATA[6.病人，女性，23岁。因月经过多伴头晕、乏力，以“缺铁性贫血”服用药物治疗2个月后出现上腹部疼痛，伴嗳气，胃镜检查：胃黏膜糜烂。引起病人胃部病变最可能的药物是]]></desc><options><option><id>A</id><type>text</type><desc><![CDATA[维生素B1]]></desc></option><option><id>B</id><type>text</type><desc><![CDATA[维生素B12]]></desc></option><option><id>C</id><type>text</type><desc><![CDATA[叶酸]]></desc></option><option><id>D</id><type>text</type><desc><![CDATA[铁剂]]></desc></option><option><id>E</id><type>text</type><desc><![CDATA[肝精片]]></desc></option></options><answers><![CDATA[D]]></answers></question><question><type>2</type><format>text</format><desc><![CDATA[7.病人，男性，28岁。因发热、咽喉疼痛服用“感冒”药物治疗三天，出现上腹痛伴黑便3次。胃镜检查：胃黏膜糜烂。引起病人胃部病变最可能的药物是]]></desc><options><option><id>A</id><type>text</type><desc><![CDATA[柴胡冲剂]]></desc></option><option><id>B</id><type>text</type><desc><![CDATA[板兰根冲剂]]></desc></option><option><id>C</id><type>text</type><desc><![CDATA[阿司匹林]]></desc></option><option><id>D</id><type>text</type><desc><![CDATA[病毒灵]]></desc></option><option><id>E</id><type>text</type><desc><![CDATA[银翘解毒片]]></desc></option></options><answers><![CDATA[C]]></answers></question><question><type>2</type><format>text</format><desc><![CDATA[8.病人，男性，42岁。慢性胃炎5年，乏力半年。胃镜检查：慢性多灶萎缩性胃炎。最重要的出院健康指导是]]></desc><options><option><id>A</id><type>text</type><desc><![CDATA[多食多餐]]></desc></option><option><id>B</id><type>text</type><desc><![CDATA[注意休息]]></desc></option><option><id>C</id><type>text</type><desc><![CDATA[定期复查]]></desc></option><option><id>D</id><type>text</type><desc><![CDATA[加强运动]]></desc></option><option><id>E</id><type>text</type><desc><![CDATA[规律服药]]></desc></option></options><answers><![CDATA[C]]></answers></question><question><type>2</type><format>text</format><desc><![CDATA[9.病人，男性，42岁。因急性胃炎入院治疗，出院指导病人在饮食宜少量多餐，其意义是]]></desc><options><option><id>A</id><type>text</type><desc><![CDATA[减少对胃刺激]]></desc></option><option><id>B</id><type>text</type><desc><![CDATA[中和胃酸]]></desc></option><option><id>C</id><type>text</type><desc><![CDATA[减轻腹痛]]></desc></option><option><id>D</id><type>text</type><desc><![CDATA[减少胃酸分泌]]></desc></option><option><id>E</id><type>text</type><desc><![CDATA[促进消化]]></desc></option></options><answers><![CDATA[D]]></answers></question><question><type>2</type><format>text</format><desc><![CDATA[10.病人，男性，56岁。慢性胃炎病人在出院时咨询有关饮食问题,在食用汤类中对他最适宜的是]]></desc><options><option><id>A</id><type>text</type><desc><![CDATA[咖啡牛肉汤]]></desc></option><option><id>B</id><type>text</type><desc><![CDATA[菜末蛋花汤]]></desc></option><option><id>C</id><type>text</type><desc><![CDATA[榨菜肉丝汤]]></desc></option><option><id>D</id><type>text</type><desc><![CDATA[老母鸡汤]]></desc></option><option><id>E</id><type>text</type><desc><![CDATA[竹笋肉汤]]></desc></option></options><answers><![CDATA[B]]></answers></question></questions><questions><instructions><![CDATA[A3型题]]></instructions><question><type>3</type><format>text</format><desc><![CDATA[11.病人，男性，29岁，同事聚餐后2小时出现上腹部剧痛、呕吐咖啡样胃内容物约250毫升，伴头晕、乏力就诊。二天前曾因“感冒”发烧服用阿司匹林，既往无“胃溃疡”病史。]]></desc><children><question><type>3</type><format>text</format><desc><![CDATA[（1）观察病人病情变化最重要的是]]></desc><options><option><id>A</id><type>text</type><desc><![CDATA[腹痛程度]]></desc></option><option><id>B</id><type>text</type><desc><![CDATA[食欲及食量]]></desc></option><option><id>C</id><type>text</type><desc><![CDATA[体温及呼吸]]></desc></option><option><id>D</id><type>text</type><desc><![CDATA[呕吐物及尿量]]></desc></option><option><id>E</id><type>text</type><desc><![CDATA[头晕及情绪]]></desc></option></options><answers><![CDATA[D]]></answers></question><question><type>3</type><format>text</format><desc><![CDATA[（2）护士为病人做的最重要健康指导内容是]]></desc><options><option><id>A</id><type>text</type><desc><![CDATA[多食多餐]]></desc></option><option><id>B</id><type>text</type><desc><![CDATA[卧床休息]]></desc></option><option><id>C</id><type>text</type><desc><![CDATA[禁用阿司匹林]]></desc></option><option><id>D</id><type>text</type><desc><![CDATA[加强运动]]></desc></option><option><id>E</id><type>text</type><desc><![CDATA[定期复查]]></desc></option></options><answers><![CDATA[C]]></answers></question></children></question></questions></exam>