﻿<?xml version="1.0" encoding="UTF-8"?><exam><id>20181008171557</id><questions><instructions><![CDATA[A1型题]]></instructions><question><type>1</type><format>text</format><desc><![CDATA[1.轻症溃疡性结肠炎病人的首选治疗药物是]]></desc><options><option><id>A</id><type>text</type><desc><![CDATA[抗生素]]></desc></option><option><id>B</id><type>text</type><desc><![CDATA[制酸剂]]></desc></option><option><id>C</id><type>text</type><desc><![CDATA[柳氮磺吡啶]]></desc></option><option><id>D</id><type>text</type><desc><![CDATA[质子泵抑制剂]]></desc></option><option><id>E</id><type>text</type><desc><![CDATA[肾上腺糖皮质激素]]></desc></option></options><answers><![CDATA[C]]></answers></question><question><type>1</type><format>text</format><desc><![CDATA[2.溃疡性结肠炎病人的饮食应]]></desc><options><option><id>A</id><type>text</type><desc><![CDATA[高热量，高脂肪，高盐]]></desc></option><option><id>B</id><type>text</type><desc><![CDATA[高热量，高蛋白，低渣]]></desc></option><option><id>C</id><type>text</type><desc><![CDATA[高热量，高维生素，高盐]]></desc></option><option><id>D</id><type>text</type><desc><![CDATA[低热量，低蛋白，多渣]]></desc></option><option><id>E</id><type>text</type><desc><![CDATA[低热量，低蛋白，少纤维素]]></desc></option></options><answers><![CDATA[B]]></answers></question></questions><questions><instructions><![CDATA[A2型题]]></instructions><question><type>2</type><format>text</format><desc><![CDATA[3.病人，女性，因溃疡性结肠炎入院，病人诉每天排便5～6次，为脓血便。针对该病人的饮食护理正确的是]]></desc><options><option><id>A</id><type>text</type><desc><![CDATA[给予易消化富含纤维素饮食]]></desc></option><option><id>B</id><type>text</type><desc><![CDATA[低蛋白饮食]]></desc></option><option><id>C</id><type>text</type><desc><![CDATA[进食无渣流质或半流质饮食]]></desc></option><option><id>D</id><type>text</type><desc><![CDATA[多食新鲜水果]]></desc></option><option><id>E</id><type>text</type><desc><![CDATA[多食蔬菜]]></desc></option></options><answers><![CDATA[C]]></answers></question><question><type>2</type><format>text</format><desc><![CDATA[4.病人，女性，32岁。患溃疡性结肠炎3年，急性加重2周入院。入院后护士评估病人的粪便形态最可能发现的是]]></desc><options><option><id>A</id><type>text</type><desc><![CDATA[米泔水样便]]></desc></option><option><id>B</id><type>text</type><desc><![CDATA[柏油便]]></desc></option><option><id>C</id><type>text</type><desc><![CDATA[黏液脓血便]]></desc></option><option><id>D</id><type>text</type><desc><![CDATA[白陶土样便]]></desc></option><option><id>E</id><type>text</type><desc><![CDATA[黄色软便]]></desc></option></options><answers><![CDATA[C]]></answers></question><question><type>2</type><format>text</format><desc><![CDATA[5.病人，男性，18岁，腹泻近1月，每天3～4次，有黏液，常有里急后重，伴腹部疼痛，便后疼痛减轻。查体：左下腹轻压痛，余无特殊。进一步确诊有重要价值的检查是]]></desc><options><option><id>A</id><type>text</type><desc><![CDATA[大便隐血试验]]></desc></option><option><id>B</id><type>text</type><desc><![CDATA[血液检查]]></desc></option><option><id>C</id><type>text</type><desc><![CDATA[X线钡剂灌肠]]></desc></option><option><id>D</id><type>text</type><desc><![CDATA[结肠镜检查]]></desc></option><option><id>E</id><type>text</type><desc><![CDATA[药物治疗]]></desc></option></options><answers><![CDATA[D]]></answers></question><question><type>2</type><format>text</format><desc><![CDATA[6.病人，男性，65岁，左侧腹痛、腹泻半年，间断出现脓血便，经结肠镜检查确诊为溃疡性结肠炎。该病人的病变多位于]]></desc><options><option><id>A</id><type>text</type><desc><![CDATA[全结肠]]></desc></option><option><id>B</id><type>text</type><desc><![CDATA[回盲部]]></desc></option><option><id>C</id><type>text</type><desc><![CDATA[回肠下段及升结肠]]></desc></option><option><id>D</id><type>text</type><desc><![CDATA[横结肠]]></desc></option><option><id>E</id><type>text</type><desc><![CDATA[直肠及乙状结肠]]></desc></option></options><answers><![CDATA[E]]></answers></question><question><type>2</type><format>text</format><desc><![CDATA[7.病人,男性，30岁。黏液脓血便伴里急后重2年，诊断为溃疡性结肠炎。近1周腹痛加重伴发热入院治疗。护士遵医嘱为病人保留灌肠治疗，病人应采取的体位是]]></desc><options><option><id>A</id><type>text</type><desc><![CDATA[右侧卧位]]></desc></option><option><id>B</id><type>text</type><desc><![CDATA[左侧卧位]]></desc></option><option><id>C</id><type>text</type><desc><![CDATA[仰卧位]]></desc></option><option><id>D</id><type>text</type><desc><![CDATA[俯卧位]]></desc></option><option><id>E</id><type>text</type><desc><![CDATA[半卧位]]></desc></option></options><answers><![CDATA[B]]></answers></question><question><type>2</type><format>text</format><desc><![CDATA[8.病人，女性，26岁，半年前开始出现反复发作的腹泻、腹痛、排黏液脓便，疑诊溃疡性结肠炎，拟行肠镜检查，门诊护士告知病人行肠镜检查，下列哪项是正确的]]></desc><options><option><id>A</id><type>text</type><desc><![CDATA[前4小时可进食]]></desc></option><option><id>B</id><type>text</type><desc><![CDATA[前1天晚餐后禁食]]></desc></option><option><id>C</id><type>text</type><desc><![CDATA[前2天停服铁剂]]></desc></option><option><id>D</id><type>text</type><desc><![CDATA[前2天清洁灌肠]]></desc></option><option><id>E</id><type>text</type><desc><![CDATA[前3天停服阿司匹林类药物]]></desc></option></options><answers><![CDATA[A]]></answers></question></questions></exam>