﻿<?xml version="1.0" encoding="UTF-8"?><exam><id>20181009085249</id><questions><instructions><![CDATA[A1型题]]></instructions><question><type>1</type><format>text</format><desc><![CDATA[1.急性白血病患者突然出现头痛、恶心、呕吐、颈项强直提示]]></desc><options><option><id>A</id><type>text</type><desc><![CDATA[中枢神经系统性白血病]]></desc></option><option><id>B</id><type>text</type><desc><![CDATA[颅内出血]]></desc></option><option><id>C</id><type>text</type><desc><![CDATA[败血症]]></desc></option><option><id>D</id><type>text</type><desc><![CDATA[上消化道出血]]></desc></option><option><id>E</id><type>text</type><desc><![CDATA[脑栓塞]]></desc></option></options><answers><![CDATA[A]]></answers></question><question><type>1</type><format>text</format><desc><![CDATA[2.慢性粒细胞白血病最突出的体征是]]></desc><options><option><id>A</id><type>text</type><desc><![CDATA[不同程度的发热]]></desc></option><option><id>B</id><type>text</type><desc><![CDATA[胸骨压痛]]></desc></option><option><id>C</id><type>text</type><desc><![CDATA[进行性贫血]]></desc></option><option><id>D</id><type>text</type><desc><![CDATA[巨脾]]></desc></option><option><id>E</id><type>text</type><desc><![CDATA[反复出血]]></desc></option></options><answers><![CDATA[D]]></answers></question><question><type>1</type><format>text</format><desc><![CDATA[3.白血病患者病情观察中需要重点观察和预防的内容是]]></desc><options><option><id>A</id><type>text</type><desc><![CDATA[颅内出血]]></desc></option><option><id>B</id><type>text</type><desc><![CDATA[口腔溃疡]]></desc></option><option><id>C</id><type>text</type><desc><![CDATA[感染]]></desc></option><option><id>D</id><type>text</type><desc><![CDATA[药物不良反应]]></desc></option><option><id>E</id><type>text</type><desc><![CDATA[贫血]]></desc></option></options><answers><![CDATA[A]]></answers></question><question><type>1</type><format>text</format><desc><![CDATA[4.白血病化疗期间口服别嘌呤的目的是]]></desc><options><option><id>A</id><type>text</type><desc><![CDATA[加强化疗药的疗效]]></desc></option><option><id>B</id><type>text</type><desc><![CDATA[加强尿素排泄]]></desc></option><option><id>C</id><type>text</type><desc><![CDATA[加强尿酸排泄]]></desc></option><option><id>D</id><type>text</type><desc><![CDATA[抑制尿素合成]]></desc></option><option><id>E</id><type>text</type><desc><![CDATA[抑制尿酸合成]]></desc></option></options><answers><![CDATA[E]]></answers></question></questions><questions><instructions><![CDATA[A2型题]]></instructions><question><type>2</type><format>text</format><desc><![CDATA[5.患者，男性，50岁，以“急性白血病”入院。住院化疗期间，在饮食上最重要的指导内容是]]></desc><options><option><id>A</id><type>text</type><desc><![CDATA[多吃水果]]></desc></option><option><id>B</id><type>text</type><desc><![CDATA[多吃蔬菜]]></desc></option><option><id>C</id><type>text</type><desc><![CDATA[多饮水]]></desc></option><option><id>D</id><type>text</type><desc><![CDATA[少食多餐]]></desc></option><option><id>E</id><type>text</type><desc><![CDATA[高蛋白饮食]]></desc></option></options><answers><![CDATA[C]]></answers></question><question><type>2</type><format>text</format><desc><![CDATA[6.患者，女，22岁，因发热、咽痛1周入院，诊断为急性淋巴细胞性白血病。现患者出现高热，易加重患者出血的降温措施是]]></desc><options><option><id>A</id><type>text</type><desc><![CDATA[鼓励多饮水]]></desc></option><option><id>B</id><type>text</type><desc><![CDATA[静脉补液]]></desc></option><option><id>C</id><type>text</type><desc><![CDATA[75%酒精擦浴]]></desc></option><option><id>D</id><type>text</type><desc><![CDATA[冷敷]]></desc></option><option><id>E</id><type>text</type><desc><![CDATA[应用退热剂]]></desc></option></options><answers><![CDATA[C]]></answers></question><question><type>2</type><format>html</format><desc><![CDATA[7.患者，女，32岁，在白血病化疗中出现严重的胃肠道反应，<u><b>不妥</b></u>的护理措施是]]></desc><options><option><id>A</id><type>text</type><desc><![CDATA[减慢化疗药物静脉给药速度]]></desc></option><option><id>B</id><type>text</type><desc><![CDATA[给予清淡、易消化、无刺激性食物]]></desc></option><option><id>C</id><type>text</type><desc><![CDATA[进餐前指导患者做深呼吸]]></desc></option><option><id>D</id><type>text</type><desc><![CDATA[进餐后取坐位或半卧位]]></desc></option><option><id>E</id><type>text</type><desc><![CDATA[治疗前1小时进餐]]></desc></option></options><answers><![CDATA[E]]></answers></question><question><type>2</type><format>text</format><desc><![CDATA[8.患者，男性，30岁，表现为贫血、出血、高热，以“急性白血病”入院。在向患者及家属解释出现发热的主要原因，正确的是]]></desc><options><option><id>A</id><type>text</type><desc><![CDATA[坏死物质被吸收]]></desc></option><option><id>B</id><type>text</type><desc><![CDATA[严重出血]]></desc></option><option><id>C</id><type>text</type><desc><![CDATA[核蛋白代谢亢进]]></desc></option><option><id>D</id><type>text</type><desc><![CDATA[感染]]></desc></option><option><id>E</id><type>text</type><desc><![CDATA[抗原-抗体反应]]></desc></option></options><answers><![CDATA[D]]></answers></question><question><type>2</type><format>html</format><desc><![CDATA[9.患者，女，27岁，因头晕、乏力1月余，症状加重伴牙龈出血3天，以“急性早幼粒细胞白血病”入院。入院后给予维A酸加三氧化二砷诱导分化治疗，住院第9天时，患者突然出现头痛、喷射性呕吐、视物模糊，伴烦躁不安。护理体检：T37.1℃，P96次/分，R22次/分，BP155/90mmHg；全身皮肤可见大片瘀斑。实验室检查：红细胞2.4×10<sup>12</sup>/L，血红蛋白58g/L，白细胞2.2×10<sup>9</sup>/L，血小板12×10<sup>9</sup>/L。最重要的观察内容是]]></desc><options><option><id>A</id><type>text</type><desc><![CDATA[体温]]></desc></option><option><id>B</id><type>text</type><desc><![CDATA[脉搏]]></desc></option><option><id>C</id><type>text</type><desc><![CDATA[呼吸]]></desc></option><option><id>D</id><type>text</type><desc><![CDATA[瞳孔]]></desc></option><option><id>E</id><type>text</type><desc><![CDATA[尿量]]></desc></option></options><answers><![CDATA[D]]></answers></question><question><type>2</type><format>text</format><desc><![CDATA[10.患者，女，22岁，因腹胀、反复发热以“慢性粒细胞性白血病”入院化疗。护理体检：T39.1℃，皮肤苍白，腹部膨隆，脾平脐。正确的护理措施是]]></desc><options><option><id>A</id><type>text</type><desc><![CDATA[卧床休息，取左侧卧位]]></desc></option><option><id>B</id><type>text</type><desc><![CDATA[高热量、高蛋白质、高纤维素饮食]]></desc></option><option><id>C</id><type>text</type><desc><![CDATA[化疗后尽快进食，以保证营养]]></desc></option><option><id>D</id><type>text</type><desc><![CDATA[控制进水量，以减轻腹胀]]></desc></option><option><id>E</id><type>text</type><desc><![CDATA[降温可用酒精擦浴]]></desc></option></options><answers><![CDATA[A]]></answers></question></questions></exam>