﻿<?xml version="1.0" encoding="UTF-8"?><exam><id>20181008171200</id><questions><instructions><![CDATA[A1型题]]></instructions><question><type>1</type><format>text</format><desc><![CDATA[1.便秘是指排便次数]]></desc><options><option><id>A</id><type>text</type><desc><![CDATA[＜3次/周]]></desc></option><option><id>B</id><type>text</type><desc><![CDATA[＜2次/周]]></desc></option><option><id>C</id><type>text</type><desc><![CDATA[＜1次/周]]></desc></option><option><id>D</id><type>text</type><desc><![CDATA[＜1次/2周]]></desc></option><option><id>E</id><type>text</type><desc><![CDATA[＜1次/3周]]></desc></option></options><answers><![CDATA[A]]></answers></question><question><type>1</type><format>text</format><desc><![CDATA[2.应给予腹泻病人的饮食是]]></desc><options><option><id>A</id><type>text</type><desc><![CDATA[高膳食纤维饮食]]></desc></option><option><id>B</id><type>text</type><desc><![CDATA[高脂肪饮食]]></desc></option><option><id>C</id><type>text</type><desc><![CDATA[低胆固醇饮食]]></desc></option><option><id>D</id><type>text</type><desc><![CDATA[低盐饮食]]></desc></option><option><id>E</id><type>text</type><desc><![CDATA[少渣饮食]]></desc></option></options><answers><![CDATA[E]]></answers></question><question><type>1</type><format>text</format><desc><![CDATA[3.为预防便秘，成人每天的饮水量至少应在]]></desc><options><option><id>A</id><type>text</type><desc><![CDATA[500ml]]></desc></option><option><id>B</id><type>text</type><desc><![CDATA[1000ml]]></desc></option><option><id>C</id><type>text</type><desc><![CDATA[1500ml]]></desc></option><option><id>D</id><type>text</type><desc><![CDATA[2000ml]]></desc></option><option><id>E</id><type>text</type><desc><![CDATA[2500ml]]></desc></option></options><answers><![CDATA[C]]></answers></question></questions><questions><instructions><![CDATA[A2型题]]></instructions><question><type>2</type><format>text</format><desc><![CDATA[4.病人，男性，23岁。聚餐后出现恶心，呕吐咖啡色胃内容物约200ml，伴头晕乏力、尿少。首诊护士最重要的观察项目是]]></desc><options><option><id>A</id><type>text</type><desc><![CDATA[意识]]></desc></option><option><id>B</id><type>text</type><desc><![CDATA[皮肤弹性]]></desc></option><option><id>C</id><type>text</type><desc><![CDATA[呼吸]]></desc></option><option><id>D</id><type>text</type><desc><![CDATA[体温]]></desc></option><option><id>E</id><type>text</type><desc><![CDATA[血压]]></desc></option></options><answers><![CDATA[E]]></answers></question><question><type>2</type><format>text</format><desc><![CDATA[5.病人，女性，22岁，妊娠3周。恶心、呕吐2周入院。给予病人的饮食原则是]]></desc><options><option><id>A</id><type>text</type><desc><![CDATA[高热量、高蛋白、富含维生素]]></desc></option><option><id>B</id><type>text</type><desc><![CDATA[高热量、高脂肪、富含维生素]]></desc></option><option><id>C</id><type>text</type><desc><![CDATA[高热量、高钠、富含维生素]]></desc></option><option><id>D</id><type>text</type><desc><![CDATA[高热量、高脂肪、富含纤维素]]></desc></option><option><id>E</id><type>text</type><desc><![CDATA[高热量、高钠、富含纤维素]]></desc></option></options><answers><![CDATA[A]]></answers></question><question><type>2</type><format>text</format><desc><![CDATA[6.病人，男性，28岁，餐后出现上腹部持续性剧烈疼痛，疼痛向腰背部呈带状放射，伴恶心、呕吐2小时。应考虑的疾病是]]></desc><options><option><id>A</id><type>text</type><desc><![CDATA[急性胃炎]]></desc></option><option><id>B</id><type>text</type><desc><![CDATA[急性肠炎]]></desc></option><option><id>C</id><type>text</type><desc><![CDATA[急性胰腺炎]]></desc></option><option><id>D</id><type>text</type><desc><![CDATA[胃溃疡穿孔]]></desc></option><option><id>E</id><type>text</type><desc><![CDATA[十二指肠溃疡]]></desc></option></options><answers><![CDATA[C]]></answers></question><question><type>2</type><format>text</format><desc><![CDATA[7.病人，男性，36岁，餐后出现上腹部疼痛，2小时后疼痛波及全腹，伴恶心、呕吐。有“溃疡”病史5年。入院时检查：神志清楚，痛苦表情，全腹肌紧张、压痛、反跳痛，腹部移动性浊音（++）。应给予病人的卧床体位是]]></desc><options><option><id>A</id><type>text</type><desc><![CDATA[仰卧位，头向后倾]]></desc></option><option><id>B</id><type>text</type><desc><![CDATA[侧卧位，头偏向一侧]]></desc></option><option><id>C</id><type>text</type><desc><![CDATA[头低足高位，抬高足部15°]]></desc></option><option><id>D</id><type>text</type><desc><![CDATA[头高足低位，抬高头部15°]]></desc></option><option><id>E</id><type>text</type><desc><![CDATA[半卧位，双膝屈曲]]></desc></option></options><answers><![CDATA[E]]></answers></question><question><type>2</type><format>text</format><desc><![CDATA[8.病人，男性，56岁，“胆道结石”病史22年，尿黄、恶心、呕吐、厌油、皮肤瘙痒，白陶土样大便。正确的皮肤护理是]]></desc><options><option><id>A</id><type>text</type><desc><![CDATA[热水洗浴]]></desc></option><option><id>B</id><type>text</type><desc><![CDATA[肥皂清洁皮肤]]></desc></option><option><id>C</id><type>text</type><desc><![CDATA[日光照晒]]></desc></option><option><id>D</id><type>text</type><desc><![CDATA[5%碳酸氢钠溶液外涂]]></desc></option><option><id>E</id><type>text</type><desc><![CDATA[着柔软棉质衣裤]]></desc></option></options><answers><![CDATA[E]]></answers></question><question><type>2</type><format>text</format><desc><![CDATA[9.病人，男性，68岁，“糖尿病”病史32年，左上腹部反复疼痛5年，加重2天伴恶心。入院时检查：体型消瘦，前屈体位，神志清楚，痛苦表情。体温38.2︒C，呼吸22次/分，脉搏124次/分，血压180/102mmHg。上腹部轻压痛，无腹肌紧张及反跳痛。接诊护士应建议首先检查的辅助检查项目是]]></desc><options><option><id>A</id><type>text</type><desc><![CDATA[血常规]]></desc></option><option><id>B</id><type>text</type><desc><![CDATA[尿常规]]></desc></option><option><id>C</id><type>text</type><desc><![CDATA[腹部B超]]></desc></option><option><id>D</id><type>text</type><desc><![CDATA[心电图]]></desc></option><option><id>E</id><type>text</type><desc><![CDATA[X线胸片]]></desc></option></options><answers><![CDATA[C]]></answers></question></questions><questions><instructions><![CDATA[A3型题]]></instructions><question><type>3</type><format>text</format><desc><![CDATA[10.病人，男性，58岁。晚餐家宴上饮白酒约半斤，饭后1小时自觉上腹部疼痛、呕吐伴出冷汗急诊入院，既往“溃疡”病史20多年。入院时检查：神志清楚、面色苍白、皮肤湿冷，血压80/60mmHg、心率128次/分。]]></desc><children><question><type>3</type><format>text</format><desc><![CDATA[（1）护士在进行评估时最需要向病人或家属询问的内容是]]></desc><options><option><id>A</id><type>text</type><desc><![CDATA[大便色及量]]></desc></option><option><id>B</id><type>text</type><desc><![CDATA[小便色及量]]></desc></option><option><id>C</id><type>text</type><desc><![CDATA[呕吐物色及量]]></desc></option><option><id>D</id><type>text</type><desc><![CDATA[用药史]]></desc></option><option><id>E</id><type>text</type><desc><![CDATA[食物品种]]></desc></option></options><answers><![CDATA[C]]></answers></question><question><type>3</type><format>text</format><desc><![CDATA[（2）与该病人最可能有关的疾病是]]></desc><options><option><id>A</id><type>text</type><desc><![CDATA[胃穿孔]]></desc></option><option><id>B</id><type>text</type><desc><![CDATA[胆囊炎]]></desc></option><option><id>C</id><type>text</type><desc><![CDATA[胰腺炎]]></desc></option><option><id>D</id><type>text</type><desc><![CDATA[心肌梗塞]]></desc></option><option><id>E</id><type>text</type><desc><![CDATA[肠出血]]></desc></option></options><answers><![CDATA[A]]></answers></question><question><type>3</type><format>text</format><desc><![CDATA[（3）护士首先应采取的护理措施是]]></desc><options><option><id>A</id><type>text</type><desc><![CDATA[给予头高足低位]]></desc></option><option><id>B</id><type>text</type><desc><![CDATA[建立静脉通道]]></desc></option><option><id>C</id><type>text</type><desc><![CDATA[给予温流质饮食]]></desc></option><option><id>D</id><type>text</type><desc><![CDATA[肢体保暖]]></desc></option><option><id>E</id><type>text</type><desc><![CDATA[药物止痛]]></desc></option></options><answers><![CDATA[B]]></answers></question></children></question></questions></exam>