﻿<?xml version="1.0" encoding="UTF-8"?><exam><id>20181009091934</id><questions><instructions><![CDATA[A1型题]]></instructions><question><type>1</type><format>text</format><desc><![CDATA[1.SLE患者最易累及的器官是]]></desc><options><option><id>A</id><type>text</type><desc><![CDATA[肾脏]]></desc></option><option><id>B</id><type>text</type><desc><![CDATA[肝脏]]></desc></option><option><id>C</id><type>text</type><desc><![CDATA[肺部]]></desc></option><option><id>D</id><type>text</type><desc><![CDATA[神经系统]]></desc></option><option><id>E</id><type>text</type><desc><![CDATA[心脏]]></desc></option></options><answers><![CDATA[A]]></answers></question><question><type>1</type><format>text</format><desc><![CDATA[2.SLE病人治疗常选用的药物是]]></desc><options><option><id>A</id><type>text</type><desc><![CDATA[泼尼松]]></desc></option><option><id>B</id><type>text</type><desc><![CDATA[异烟肼]]></desc></option><option><id>C</id><type>text</type><desc><![CDATA[阿司匹林]]></desc></option><option><id>D</id><type>text</type><desc><![CDATA[环磷酰胺]]></desc></option><option><id>E</id><type>text</type><desc><![CDATA[硝苯地平]]></desc></option></options><answers><![CDATA[A]]></answers></question><question><type>1</type><format>html</format><desc><![CDATA[3.系统性红斑狼疮病人皮肤护理<u><b>错误的</b></u>是]]></desc><options><option><id>A</id><type>text</type><desc><![CDATA[出门穿长袖衣裤]]></desc></option><option><id>B</id><type>text</type><desc><![CDATA[每日三次30℃水湿敷红斑]]></desc></option><option><id>C</id><type>text</type><desc><![CDATA[碱性肥皂水洗脸]]></desc></option><option><id>D</id><type>text</type><desc><![CDATA[餐后消毒液漱口]]></desc></option><option><id>E</id><type>text</type><desc><![CDATA[避免使用化妆品]]></desc></option></options><answers><![CDATA[C]]></answers></question></questions><questions><instructions><![CDATA[A2型题]]></instructions><question><type>2</type><format>html</format><desc><![CDATA[4.某系统性红斑狼疮女病人，病史2年，近日体温升高，关节红肿有压痛，面部出现红斑。检查蛋白尿（+）而入院治疗，下列处理哪项<u><b>不妥</b></u>]]></desc><options><option><id>A</id><type>text</type><desc><![CDATA[指导激素治疗]]></desc></option><option><id>B</id><type>text</type><desc><![CDATA[安排在背阳的病室]]></desc></option><option><id>C</id><type>text</type><desc><![CDATA[加强户外锻炼]]></desc></option><option><id>D</id><type>text</type><desc><![CDATA[慎用阿司匹林]]></desc></option><option><id>E</id><type>text</type><desc><![CDATA[经常用清水洗脸]]></desc></option></options><answers><![CDATA[C]]></answers></question><question><type>2</type><format>html</format><desc><![CDATA[5.病人女，20岁。因膝关节疼痛7个月，近2月出现面颊部对称性红斑，反复发作口腔溃疡，诊断为“系统性红斑狼疮”。以下护理措施<u><b>不恰当</b></u>的是]]></desc><options><option><id>A</id><type>text</type><desc><![CDATA[避免高补骨脂素食物如芹菜、香菜等]]></desc></option><option><id>B</id><type>text</type><desc><![CDATA[坚持饭后漱口]]></desc></option><option><id>C</id><type>text</type><desc><![CDATA[少食多餐]]></desc></option><option><id>D</id><type>text</type><desc><![CDATA[优质低蛋白饮食]]></desc></option><option><id>E</id><type>text</type><desc><![CDATA[可以进食蘑菇、芹菜等食物]]></desc></option></options><answers><![CDATA[E]]></answers></question><question><type>2</type><format>text</format><desc><![CDATA[6.女性病人，28岁，近半年来全身乏力，低热，关节疼痛。免疫学检查：抗Sm抗体阳性，应考虑是]]></desc><options><option><id>A</id><type>text</type><desc><![CDATA[类风湿性关节炎]]></desc></option><option><id>B</id><type>text</type><desc><![CDATA[皮肌炎]]></desc></option><option><id>C</id><type>text</type><desc><![CDATA[系统性红斑狼疮]]></desc></option><option><id>D</id><type>text</type><desc><![CDATA[慢性关节炎]]></desc></option><option><id>E</id><type>text</type><desc><![CDATA[风湿性关节炎]]></desc></option></options><answers><![CDATA[C]]></answers></question><question><type>2</type><format>text</format><desc><![CDATA[7.女性病人，26岁，系统性红斑狼疮患者，面部有较严重的蝶形红斑，且有脱发及糖皮质激素治疗引起的容貌改变，该病人最主要的护理问题是]]></desc><options><option><id>A</id><type>text</type><desc><![CDATA[疼痛]]></desc></option><option><id>B</id><type>text</type><desc><![CDATA[活动无耐力]]></desc></option><option><id>C</id><type>text</type><desc><![CDATA[知识缺乏]]></desc></option><option><id>D</id><type>text</type><desc><![CDATA[自我形象紊乱]]></desc></option><option><id>E</id><type>text</type><desc><![CDATA[焦虑]]></desc></option></options><answers><![CDATA[D]]></answers></question><question><type>2</type><format>html</format><desc><![CDATA[8.女性病人，23岁，不规则低热伴大、小关节疼痛月余。面部有较严重的蝶形红斑，怕见人，口腔内有溃疡灶，右膝﹑左踝关节轻度红肿，有压痛，无畸形。实验室检查：尿蛋白（+），颗粒管型（+），WBC3.5×10<sup>9</sup>/L，ANA(+)，狼疮细胞（-）。该病人最主要的护理问题是]]></desc><options><option><id>A</id><type>text</type><desc><![CDATA[体温过高]]></desc></option><option><id>B</id><type>text</type><desc><![CDATA[皮肤完整性受损]]></desc></option><option><id>C</id><type>text</type><desc><![CDATA[绝望]]></desc></option><option><id>D</id><type>text</type><desc><![CDATA[焦虑]]></desc></option><option><id>E</id><type>text</type><desc><![CDATA[知识缺乏]]></desc></option></options><answers><![CDATA[B]]></answers></question><question><type>2</type><format>text</format><desc><![CDATA[9.女性病人，20岁，1周前因睡眠不好，服用氯丙嗪，出现乏力、发热，体温38℃，面部蝶形红斑，Sm抗体阳性，抗双链DNA抗体阳性，查患者口腔有白色点状物质，需进行口腔护理，可选用哪种漱口液]]></desc><options><option><id>A</id><type>text</type><desc><![CDATA[1％～4％碳酸氢钠溶液]]></desc></option><option><id>B</id><type>text</type><desc><![CDATA[2％～3％硼酸溶液]]></desc></option><option><id>C</id><type>text</type><desc><![CDATA[1％～3％过氧化氢溶液]]></desc></option><option><id>D</id><type>text</type><desc><![CDATA[0.1％醋酸溶液]]></desc></option><option><id>E</id><type>text</type><desc><![CDATA[0.08％甲硝唑溶液]]></desc></option></options><answers><![CDATA[A]]></answers></question><question><type>2</type><format>text</format><desc><![CDATA[10.女性病人，33岁。有系统性红斑狼疮5年，一直服用药物治疗，最近主诉视力下降，可能因为服用了]]></desc><options><option><id>A</id><type>text</type><desc><![CDATA[阿司匹林]]></desc></option><option><id>B</id><type>text</type><desc><![CDATA[吲哚美辛]]></desc></option><option><id>C</id><type>text</type><desc><![CDATA[抗疟药]]></desc></option><option><id>D</id><type>text</type><desc><![CDATA[布洛芬]]></desc></option><option><id>E</id><type>text</type><desc><![CDATA[地塞米松]]></desc></option></options><answers><![CDATA[C]]></answers></question></questions></exam>