﻿<?xml version="1.0" encoding="UTF-8"?><exam><id>20181009084845</id><questions><instructions><![CDATA[A1型题]]></instructions><question><type>1</type><format>text</format><desc><![CDATA[1.缺铁性贫血的典型血象是]]></desc><options><option><id>A</id><type>text</type><desc><![CDATA[小细胞低色素性贫血]]></desc></option><option><id>B</id><type>text</type><desc><![CDATA[正细胞正色素性贫血]]></desc></option><option><id>C</id><type>text</type><desc><![CDATA[大细胞性贫血]]></desc></option><option><id>D</id><type>text</type><desc><![CDATA[正细胞低色素性贫血]]></desc></option><option><id>E</id><type>text</type><desc><![CDATA[小细胞正色素性贫血]]></desc></option></options><answers><![CDATA[A]]></answers></question><question><type>1</type><format>text</format><desc><![CDATA[2.缺铁性贫血的主要原因是]]></desc><options><option><id>A</id><type>text</type><desc><![CDATA[慢性失血]]></desc></option><option><id>B</id><type>text</type><desc><![CDATA[铁的需要量增加]]></desc></option><option><id>C</id><type>text</type><desc><![CDATA[铁摄入不足]]></desc></option><option><id>D</id><type>text</type><desc><![CDATA[铁的吸收不良]]></desc></option><option><id>E</id><type>text</type><desc><![CDATA[长期接触X线]]></desc></option></options><answers><![CDATA[A]]></answers></question><question><type>1</type><format>html</format><desc><![CDATA[3.有关口服铁剂的护理，<u><b>错误的</b></u>是]]></desc><options><option><id>A</id><type>text</type><desc><![CDATA[向病人说明服用铁剂后可出现黑粪]]></desc></option><option><id>B</id><type>text</type><desc><![CDATA[服用铁剂前后1小时禁饮浓茶]]></desc></option><option><id>C</id><type>text</type><desc><![CDATA[避免铁剂与牛奶口服]]></desc></option><option><id>D</id><type>text</type><desc><![CDATA[服铁剂溶液时要用吸管吸入咽下]]></desc></option><option><id>E</id><type>text</type><desc><![CDATA[症状改善后可停药]]></desc></option></options><answers><![CDATA[E]]></answers></question><question><type>1</type><format>html</format><desc><![CDATA[4.巨幼细胞性贫血<u><b>不常见</b></u>的表现是]]></desc><options><option><id>A</id><type>text</type><desc><![CDATA[皮肤黏膜苍白]]></desc></option><option><id>B</id><type>text</type><desc><![CDATA[食欲减退]]></desc></option><option><id>C</id><type>text</type><desc><![CDATA[反甲]]></desc></option><option><id>D</id><type>text</type><desc><![CDATA[舌乳头萎缩]]></desc></option><option><id>E</id><type>text</type><desc><![CDATA[对称性远端肢体麻木]]></desc></option></options><answers><![CDATA[C]]></answers></question><question><type>1</type><format>text</format><desc><![CDATA[5.重型再生障碍性贫血首发症状往往是]]></desc><options><option><id>A</id><type>text</type><desc><![CDATA[感染与出血]]></desc></option><option><id>B</id><type>text</type><desc><![CDATA[贫血]]></desc></option><option><id>C</id><type>text</type><desc><![CDATA[肝大]]></desc></option><option><id>D</id><type>text</type><desc><![CDATA[脾大]]></desc></option><option><id>E</id><type>text</type><desc><![CDATA[淋巴结肿大]]></desc></option></options><answers><![CDATA[A]]></answers></question><question><type>1</type><format>text</format><desc><![CDATA[6.再生障碍性贫血高热病人最适宜的降温措施是]]></desc><options><option><id>A</id><type>text</type><desc><![CDATA[肌内注射退热药]]></desc></option><option><id>B</id><type>text</type><desc><![CDATA[口服退热药]]></desc></option><option><id>C</id><type>text</type><desc><![CDATA[酒精擦浴]]></desc></option><option><id>D</id><type>text</type><desc><![CDATA[静脉输液]]></desc></option><option><id>E</id><type>text</type><desc><![CDATA[头部及大血管处放置冰袋或温水擦浴]]></desc></option></options><answers><![CDATA[E]]></answers></question><question><type>1</type><format>text</format><desc><![CDATA[7.缺铁性贫血、巨幼细胞性贫血、再生障碍性贫血病人共有的护理诊断/问题是]]></desc><options><option><id>A</id><type>text</type><desc><![CDATA[有感染的危险]]></desc></option><option><id>B</id><type>text</type><desc><![CDATA[活动无耐力]]></desc></option><option><id>C</id><type>text</type><desc><![CDATA[有出血的危险]]></desc></option><option><id>D</id><type>text</type><desc><![CDATA[感知觉紊乱]]></desc></option><option><id>E</id><type>text</type><desc><![CDATA[潜在并发症：颅内出血]]></desc></option></options><answers><![CDATA[B]]></answers></question></questions><questions><instructions><![CDATA[A2型题]]></instructions><question><type>2</type><format>html</format><desc><![CDATA[8.病人，男性，56岁。患萎缩性胃炎5年，近2个月头昏、乏力、面色苍白。护理体检：贫血貌，皮肤黏膜无出血，巩膜无黄疸。心、肺、腹部检查无明显异常。血象：血红蛋白78g/L，红细胞3.0×10<sup>12</sup>/L，白细胞4.3×10<sup>9</sup>/L，血小板180×10<sup>9</sup>/L，网织红细胞0.007，血清铁降低，总铁结合力增高。该病人的贫血最可能是]]></desc><options><option><id>A</id><type>text</type><desc><![CDATA[再生障碍性贫血]]></desc></option><option><id>B</id><type>text</type><desc><![CDATA[缺铁性贫血]]></desc></option><option><id>C</id><type>text</type><desc><![CDATA[巨幼细胞贫血]]></desc></option><option><id>D</id><type>text</type><desc><![CDATA[肾性贫血]]></desc></option><option><id>E</id><type>text</type><desc><![CDATA[溶血性贫血]]></desc></option></options><answers><![CDATA[B]]></answers></question><question><type>2</type><format>text</format><desc><![CDATA[9.病人，女性，54岁。胃大部切除术后1年，近半年来食欲减退，常感恶心、腹胀，对称性远端肢体麻木。护理体检：口腔黏膜、舌乳头萎缩，舌面呈“牛肉样舌”。下列哪种辅助检查有助于明确病因]]></desc><options><option><id>A</id><type>text</type><desc><![CDATA[血液常规检查（血象）]]></desc></option><option><id>B</id><type>text</type><desc><![CDATA[骨髓穿刺检查（骨髓象）]]></desc></option><option><id>C</id><type>text</type><desc><![CDATA[血清铁测定]]></desc></option><option><id>D</id><type>text</type><desc><![CDATA[凝血时间测定]]></desc></option><option><id>E</id><type>text</type><desc><![CDATA[血清叶酸和维生素B<sub>12</sub>浓度测定]]></desc></option></options><answers><![CDATA[E]]></answers></question><question><type>2</type><format>html</format><desc><![CDATA[10.病人，男性，23岁。发热、乏力1周，鼻出血2天；血红蛋白45g/L，红细胞1.9×10<sup>12</sup>/L，网织红细胞0.001，白细胞2.1×10<sup>9</sup>/L，血小板46×10<sup>9</sup>/L。最可能的诊断是]]></desc><options><option><id>A</id><type>text</type><desc><![CDATA[急性再生障碍性贫血]]></desc></option><option><id>B</id><type>text</type><desc><![CDATA[缺铁性贫血]]></desc></option><option><id>C</id><type>text</type><desc><![CDATA[巨幼细胞性贫血]]></desc></option><option><id>D</id><type>text</type><desc><![CDATA[特发性血小板减少性紫癜]]></desc></option><option><id>E</id><type>text</type><desc><![CDATA[脾功能亢进]]></desc></option></options><answers><![CDATA[A]]></answers></question></questions></exam>