﻿<?xml version="1.0" encoding="UTF-8"?><exam><id>20181009091841</id><questions><instructions><![CDATA[A1型题]]></instructions><question><type>1</type><format>text</format><desc><![CDATA[1.风湿性疾病是指]]></desc><options><option><id>A</id><type>text</type><desc><![CDATA[累及软组织的一类疾病]]></desc></option><option><id>B</id><type>text</type><desc><![CDATA[累及骨、关节及周围软组织的一类疾病]]></desc></option><option><id>C</id><type>text</type><desc><![CDATA[累及肌肉、肌腱、韧带的一类疾病]]></desc></option><option><id>D</id><type>text</type><desc><![CDATA[累及关节的一类疾病]]></desc></option><option><id>E</id><type>text</type><desc><![CDATA[累及关节、肾脏、皮肤的一类疾病]]></desc></option></options><answers><![CDATA[B]]></answers></question><question><type>1</type><format>html</format><desc><![CDATA[2.下列<u><b>不属于</b></u>风湿性疾病特点的是]]></desc><options><option><id>A</id><type>text</type><desc><![CDATA[疾病多呈急性]]></desc></option><option><id>B</id><type>text</type><desc><![CDATA[同一疾病表现可有很大差异]]></desc></option><option><id>C</id><type>text</type><desc><![CDATA[疾病可有发作与缓解相交替]]></desc></option><option><id>D</id><type>text</type><desc><![CDATA[多有复杂的免疫学改变]]></desc></option><option><id>E</id><type>text</type><desc><![CDATA[疗效有较大的个体差异]]></desc></option></options><answers><![CDATA[A]]></answers></question><question><type>1</type><format>text</format><desc><![CDATA[3.晨僵在哪类关节炎中表现最为突出]]></desc><options><option><id>A</id><type>text</type><desc><![CDATA[骨性关节炎]]></desc></option><option><id>B</id><type>text</type><desc><![CDATA[类风湿性关节炎]]></desc></option><option><id>C</id><type>text</type><desc><![CDATA[强直性脊柱炎]]></desc></option><option><id>D</id><type>text</type><desc><![CDATA[感染性关节炎]]></desc></option><option><id>E</id><type>text</type><desc><![CDATA[系统性红斑狼疮]]></desc></option></options><answers><![CDATA[B]]></answers></question><question><type>1</type><format>text</format><desc><![CDATA[4.系统性红斑狼疮最典型的皮肤损害是]]></desc><options><option><id>A</id><type>text</type><desc><![CDATA[环形红斑]]></desc></option><option><id>B</id><type>text</type><desc><![CDATA[瘀点、瘀斑]]></desc></option><option><id>C</id><type>text</type><desc><![CDATA[面部蝶形红斑]]></desc></option><option><id>D</id><type>text</type><desc><![CDATA[网状青斑]]></desc></option><option><id>E</id><type>text</type><desc><![CDATA[雷诺氏现象]]></desc></option></options><answers><![CDATA[C]]></answers></question></questions><questions><instructions><![CDATA[A2型题]]></instructions><question><type>2</type><format>html</format><desc><![CDATA[5.某系统性红斑狼疮女病人，病史2年，近日体温升高，关节红肿有压痛，出现面部红斑、蛋白尿而入院治疗，下列处理哪项<u><b>不妥</b></u>]]></desc><options><option><id>A</id><type>text</type><desc><![CDATA[指导激素治疗]]></desc></option><option><id>B</id><type>text</type><desc><![CDATA[安排在背阳的病室]]></desc></option><option><id>C</id><type>text</type><desc><![CDATA[加强户外锻炼]]></desc></option><option><id>D</id><type>text</type><desc><![CDATA[慎用阿司匹林]]></desc></option><option><id>E</id><type>text</type><desc><![CDATA[经常用清水洗脸]]></desc></option></options><answers><![CDATA[C]]></answers></question><question><type>2</type><format>html</format><desc><![CDATA[6.病人，女，22岁，未婚，面部有典型蝶形红斑，诊断为系统性红斑狼疮。护理措施<u><b>错误的</b></u>是]]></desc><options><option><id>A</id><type>text</type><desc><![CDATA[避免烈日下活动]]></desc></option><option><id>B</id><type>text</type><desc><![CDATA[外出时戴宽边帽]]></desc></option><option><id>C</id><type>text</type><desc><![CDATA[局部用清水冲]]></desc></option><option><id>D</id><type>text</type><desc><![CDATA[脱屑处用碱性肥皂清洗]]></desc></option><option><id>E</id><type>text</type><desc><![CDATA[勿用刺激性化妆品]]></desc></option></options><answers><![CDATA[D]]></answers></question><question><type>2</type><format>text</format><desc><![CDATA[7.女性病人，26岁，系统性红斑狼疮患者，面部有较严重的蝶形红斑，且有脱发及糖皮质激素治疗引起的容貌改变，该病人最主要的护理诊断是]]></desc><options><option><id>A</id><type>text</type><desc><![CDATA[疼痛]]></desc></option><option><id>B</id><type>text</type><desc><![CDATA[活动无耐力]]></desc></option><option><id>C</id><type>text</type><desc><![CDATA[自我形象紊乱]]></desc></option><option><id>D</id><type>text</type><desc><![CDATA[知识缺乏]]></desc></option><option><id>E</id><type>text</type><desc><![CDATA[焦虑]]></desc></option></options><answers><![CDATA[C]]></answers></question><question><type>2</type><format>html</format><desc><![CDATA[8.病人，女性，36岁，因发热、关节疼痛，以类风湿性关节炎住院。护理措施<u><b>错误的</b></u>是]]></desc><options><option><id>A</id><type>text</type><desc><![CDATA[注意休息]]></desc></option><option><id>B</id><type>text</type><desc><![CDATA[适当理疗]]></desc></option><option><id>C</id><type>text</type><desc><![CDATA[限制关节活动]]></desc></option><option><id>D</id><type>text</type><desc><![CDATA[遵医嘱用药]]></desc></option><option><id>E</id><type>text</type><desc><![CDATA[同情理解病人]]></desc></option></options><answers><![CDATA[C]]></answers></question><question><type>2</type><format>text</format><desc><![CDATA[9.女性病人，36岁，因风湿性关节炎引起关节疼痛，在服用阿司匹林时，护士嘱其饭后服用的目的是]]></desc><options><option><id>A</id><type>text</type><desc><![CDATA[减少对消化道的刺激]]></desc></option><option><id>B</id><type>text</type><desc><![CDATA[提高药物的疗效]]></desc></option><option><id>C</id><type>text</type><desc><![CDATA[降低药物的毒性]]></desc></option><option><id>D</id><type>text</type><desc><![CDATA[减少对肝的损害]]></desc></option><option><id>E</id><type>text</type><desc><![CDATA[避免尿少时析出结晶]]></desc></option></options><answers><![CDATA[A]]></answers></question><question><type>2</type><format>text</format><desc><![CDATA[10.病人，女性，15岁。学生，主因双肘、腕、手指近端指问关节肿痛3年，加重2个月，以类风湿关节炎收入院。经休息、药物治疗后，现在病情缓解，下一步最主要的护理是]]></desc><options><option><id>A</id><type>text</type><desc><![CDATA[嘱病人卧床休息，避免疲劳]]></desc></option><option><id>B</id><type>text</type><desc><![CDATA[介绍预防药物不良反应的方法]]></desc></option><option><id>C</id><type>text</type><desc><![CDATA[向病人做饮食指导，增进营养]]></desc></option><option><id>D</id><type>text</type><desc><![CDATA[向病人介绍如何观察药物疗效]]></desc></option><option><id>E</id><type>text</type><desc><![CDATA[指导病人进行功能锻炼，要循序渐进]]></desc></option></options><answers><![CDATA[E]]></answers></question></questions></exam>