﻿<?xml version="1.0" encoding="UTF-8"?><exam><id>20181008171852</id><questions><instructions><![CDATA[A1型题]]></instructions><question><type>1</type><format>text</format><desc><![CDATA[1.属于肝性脑病诱发因素的是]]></desc><options><option><id>A</id><type>text</type><desc><![CDATA[高热量饮食]]></desc></option><option><id>B</id><type>text</type><desc><![CDATA[高蛋白饮食]]></desc></option><option><id>C</id><type>text</type><desc><![CDATA[高维生素饮食]]></desc></option><option><id>D</id><type>text</type><desc><![CDATA[高脂肪饮食]]></desc></option><option><id>E</id><type>text</type><desc><![CDATA[高糖饮食]]></desc></option></options><answers><![CDATA[B]]></answers></question><question><type>1</type><format>text</format><desc><![CDATA[2.肝性脑病最重要的体征是]]></desc><options><option><id>A</id><type>text</type><desc><![CDATA[肌张力增高]]></desc></option><option><id>B</id><type>text</type><desc><![CDATA[角膜反射消失]]></desc></option><option><id>C</id><type>text</type><desc><![CDATA[瞳孔散大]]></desc></option><option><id>D</id><type>text</type><desc><![CDATA[扑翼样震颤]]></desc></option><option><id>E</id><type>text</type><desc><![CDATA[颈项强直]]></desc></option></options><answers><![CDATA[D]]></answers></question></questions><questions><instructions><![CDATA[A2型题]]></instructions><question><type>2</type><format>text</format><desc><![CDATA[3.病人，男性，63岁。因肝硬化伴食管胃底静脉曲张破裂出血入院。病人性格出现改变、行为异常，有扑翼样震颤。应考虑该患者出现的并发症是]]></desc><options><option><id>A</id><type>text</type><desc><![CDATA[功能性肾衰竭]]></desc></option><option><id>B</id><type>text</type><desc><![CDATA[感染]]></desc></option><option><id>C</id><type>text</type><desc><![CDATA[胆汁淤积]]></desc></option><option><id>D</id><type>text</type><desc><![CDATA[肝性脑病]]></desc></option><option><id>E</id><type>text</type><desc><![CDATA[上消化道出血]]></desc></option></options><answers><![CDATA[D]]></answers></question><question><type>2</type><format>text</format><desc><![CDATA[4.病人，男性，61岁，因肝硬化并发上消化道出血，出现言语不清，举止反常，定向力和理解力减退，腱反射亢进，扑翼样震颤存在，脑电图异常。应考虑病人处于肝性脑病的]]></desc><options><option><id>A</id><type>text</type><desc><![CDATA[前驱期]]></desc></option><option><id>B</id><type>text</type><desc><![CDATA[昏迷前期]]></desc></option><option><id>C</id><type>text</type><desc><![CDATA[昏睡期]]></desc></option><option><id>D</id><type>text</type><desc><![CDATA[浅昏迷期]]></desc></option><option><id>E</id><type>text</type><desc><![CDATA[深昏迷期]]></desc></option></options><answers><![CDATA[B]]></answers></question><question><type>2</type><format>text</format><desc><![CDATA[5.病人男性，54岁，因肝硬化食道静脉曲张、显著腹水入院治疗。呕血后出现意识不清，呼之不醒，但压迫其眶上神经仍有痛苦表情。目前给病人安排饮食合理的是]]></desc><options><option><id>A</id><type>text</type><desc><![CDATA[供给足量的热能与蛋白质]]></desc></option><option><id>B</id><type>text</type><desc><![CDATA[给予足量脂肪以提供热能]]></desc></option><option><id>C</id><type>text</type><desc><![CDATA[供给足量的糖和钠盐]]></desc></option><option><id>D</id><type>text</type><desc><![CDATA[每天给水不少于2500ml]]></desc></option><option><id>E</id><type>text</type><desc><![CDATA[给予足量的碳水化合物]]></desc></option></options><answers><![CDATA[E]]></answers></question><question><type>2</type><format>text</format><desc><![CDATA[6.病人，女，57岁，有肝硬化病史3年，腹胀、腹水、双下肢水肿3个月。2天前病人因进食较硬食物，呕吐咖啡色物约350ml，排出黑色大便3次/日，6小时前病人出现多言多语、躁动不安、吐词不清、神志恍惚、并在家中随地小便，急诊收入院。诊断为“肝硬化、肝性脑病”。该病人出现肝性脑病的原因是]]></desc><options><option><id>A</id><type>text</type><desc><![CDATA[高蛋白饮食]]></desc></option><option><id>B</id><type>text</type><desc><![CDATA[感染]]></desc></option><option><id>C</id><type>text</type><desc><![CDATA[腹水]]></desc></option><option><id>D</id><type>text</type><desc><![CDATA[上消化道出血]]></desc></option><option><id>E</id><type>text</type><desc><![CDATA[便秘]]></desc></option></options><answers><![CDATA[D]]></answers></question><question><type>2</type><format>text</format><desc><![CDATA[7.病人，男性，55岁。因进食高蛋白饮食而出现意识障碍，被家人送医院治疗。入院考虑为肝性脑病。本病最早出现的表现是]]></desc><options><option><id>A</id><type>text</type><desc><![CDATA[书写障碍]]></desc></option><option><id>B</id><type>text</type><desc><![CDATA[性格和行为改变]]></desc></option><option><id>C</id><type>text</type><desc><![CDATA[定向力障碍]]></desc></option><option><id>D</id><type>text</type><desc><![CDATA[腱反射亢进]]></desc></option><option><id>E</id><type>text</type><desc><![CDATA[昼睡夜醒]]></desc></option></options><answers><![CDATA[B]]></answers></question><question><type>2</type><format>text</format><desc><![CDATA[8.病人，女，73岁。有肝硬化病史1年。近日出现昼睡夜醒，扑翼样震颤（+），肌张力增高，脑电图异常。目前该病人最主要的护理诊断是]]></desc><options><option><id>A</id><type>text</type><desc><![CDATA[营养失调，低于机体需要量]]></desc></option><option><id>B</id><type>text</type><desc><![CDATA[活动无耐力]]></desc></option><option><id>C</id><type>text</type><desc><![CDATA[有受伤的危险]]></desc></option><option><id>D</id><type>text</type><desc><![CDATA[恐惧]]></desc></option><option><id>E</id><type>text</type><desc><![CDATA[急性意识障碍]]></desc></option></options><answers><![CDATA[C]]></answers></question><question><type>2</type><format>text</format><desc><![CDATA[9.病人，男性，62岁，有肝硬化病史4年，3小时前病人突然发生呕血，量450ml，排出立即给予血管加压素止血。该病人止血后为清除肠道积血，减少氨的生成，预防肝性脑病，正确的处理措施是]]></desc><options><option><id>A</id><type>text</type><desc><![CDATA[用生理盐水灌肠]]></desc></option><option><id>B</id><type>text</type><desc><![CDATA[用肥皂水灌肠]]></desc></option><option><id>C</id><type>text</type><desc><![CDATA[用稀盐酸灌肠]]></desc></option><option><id>D</id><type>text</type><desc><![CDATA[用新霉素灌肠]]></desc></option><option><id>E</id><type>text</type><desc><![CDATA[给予全消化道灌洗]]></desc></option></options><answers><![CDATA[A]]></answers></question><question><type>2</type><format>text</format><desc><![CDATA[10.病人，男性，46岁。有肝硬化病史2年，腹胀、腹水、双下肢水肿2个月，某日大量利尿放腹水后出现肝性脑病。导致该病人肝性脑病的主要原因是]]></desc><options><option><id>A</id><type>text</type><desc><![CDATA[感染]]></desc></option><option><id>B</id><type>text</type><desc><![CDATA[低钾性碱中毒]]></desc></option><option><id>C</id><type>text</type><desc><![CDATA[药物]]></desc></option><option><id>D</id><type>text</type><desc><![CDATA[上消化道出血]]></desc></option><option><id>E</id><type>text</type><desc><![CDATA[创伤]]></desc></option></options><answers><![CDATA[B]]></answers></question></questions></exam>