﻿<?xml version="1.0" encoding="UTF-8"?><exam><id>20181129084526</id><questions><instructions><![CDATA[一、单项选择题]]></instructions><question><type>1</type><format>text</format><desc><![CDATA[1.我国妇女采用的主要避孕措施是]]></desc><options><option><id>A</id><type>text</type><desc><![CDATA[口服避孕药]]></desc></option><option><id>B</id><type>text</type><desc><![CDATA[宫内节育器]]></desc></option><option><id>C</id><type>text</type><desc><![CDATA[外用避孕套]]></desc></option><option><id>D</id><type>text</type><desc><![CDATA[安全期避孕]]></desc></option><option><id>E</id><type>text</type><desc><![CDATA[外用杀精剂]]></desc></option></options><answers><![CDATA[B]]></answers></question><question><type>1</type><format>text</format><desc><![CDATA[2.有关宫内节育器避孕原理，正确的是]]></desc><options><option><id>A</id><type>text</type><desc><![CDATA[干扰下丘脑-垂体-卵巢轴]]></desc></option><option><id>B</id><type>text</type><desc><![CDATA[阻止精子进入宫腔及输卵管]]></desc></option><option><id>C</id><type>text</type><desc><![CDATA[杀精毒胚，干扰受精卵着床]]></desc></option><option><id>D</id><type>text</type><desc><![CDATA[抑制卵巢排卵]]></desc></option><option><id>E</id><type>text</type><desc><![CDATA[改变宫颈粘液性状]]></desc></option></options><answers><![CDATA[C]]></answers></question><question><type>1</type><format>text</format><desc><![CDATA[3.避孕方法失败率最低的是]]></desc><options><option><id>A</id><type>text</type><desc><![CDATA[安全期避孕]]></desc></option><option><id>B</id><type>text</type><desc><![CDATA[按规定口服避孕药]]></desc></option><option><id>C</id><type>text</type><desc><![CDATA[应用避孕套]]></desc></option><option><id>D</id><type>text</type><desc><![CDATA[外用杀精剂]]></desc></option><option><id>E</id><type>text</type><desc><![CDATA[放置宫内节育器]]></desc></option></options><answers><![CDATA[B]]></answers></question><question><type>1</type><format>text</format><desc><![CDATA[4.新婚夫妇欲半年后受孕，应选用的最佳避孕措施是]]></desc><options><option><id>A</id><type>text</type><desc><![CDATA[皮下埋植法避孕]]></desc></option><option><id>B</id><type>text</type><desc><![CDATA[安全期避孕]]></desc></option><option><id>C</id><type>text</type><desc><![CDATA[口服避孕药]]></desc></option><option><id>D</id><type>text</type><desc><![CDATA[宫内节育器]]></desc></option><option><id>E</id><type>text</type><desc><![CDATA[阴茎套]]></desc></option></options><answers><![CDATA[E]]></answers></question><question><type>1</type><format>html</format><desc><![CDATA[5.下列<u><b>不宜</b></u>放置宫内节育器的时间是]]></desc><options><option><id>A</id><type>text</type><desc><![CDATA[月经干净后3～7天无性交]]></desc></option><option><id>B</id><type>text</type><desc><![CDATA[哺乳期月经末复潮]]></desc></option><option><id>C</id><type>text</type><desc><![CDATA[产后45天恶露已净，子宫正常大小]]></desc></option><option><id>D</id><type>text</type><desc><![CDATA[人工流产术后，宫腔深度9cm]]></desc></option><option><id>E</id><type>text</type><desc><![CDATA[剖宫产术后半年]]></desc></option></options><answers><![CDATA[B]]></answers></question><question><type>1</type><format>text</format><desc><![CDATA[6.具有防止传染性传播疾病作用的避孕方法是]]></desc><options><option><id>A</id><type>text</type><desc><![CDATA[安全期避孕]]></desc></option><option><id>B</id><type>text</type><desc><![CDATA[使用阴道杀精剂]]></desc></option><option><id>C</id><type>text</type><desc><![CDATA[按规定口服避孕药]]></desc></option><option><id>D</id><type>text</type><desc><![CDATA[使用避孕套]]></desc></option><option><id>E</id><type>text</type><desc><![CDATA[放置宫内节育器]]></desc></option></options><answers><![CDATA[D]]></answers></question><question><type>1</type><format>html</format><desc><![CDATA[7.下列<u><b>不是</b></u>取出宫内节育器指征的是]]></desc><options><option><id>A</id><type>text</type><desc><![CDATA[节育器异位]]></desc></option><option><id>B</id><type>text</type><desc><![CDATA[男方或女方已做绝育术]]></desc></option><option><id>C</id><type>text</type><desc><![CDATA[绝经1年]]></desc></option><option><id>D</id><type>text</type><desc><![CDATA[宫颈糜烂I度单纯型]]></desc></option><option><id>E</id><type>text</type><desc><![CDATA[放置节育器后出现经期延长，经量过多，治疗无效]]></desc></option></options><answers><![CDATA[D]]></answers></question><question><type>1</type><format>html</format><desc><![CDATA[8.下列<u><b>不是</b></u>口服避孕药禁忌证的是]]></desc><options><option><id>A</id><type>text</type><desc><![CDATA[急、慢性肝炎]]></desc></option><option><id>B</id><type>text</type><desc><![CDATA[血栓性疾病]]></desc></option><option><id>C</id><type>text</type><desc><![CDATA[哺乳期]]></desc></option><option><id>D</id><type>text</type><desc><![CDATA[慢性宫颈炎]]></desc></option><option><id>E</id><type>text</type><desc><![CDATA[乳腺癌术后]]></desc></option></options><answers><![CDATA[D]]></answers></question><question><type>1</type><format>html</format><desc><![CDATA[9.有关口服避孕药的<u><b>错误</b></u>指导是]]></desc><options><option><id>A</id><type>text</type><desc><![CDATA[哺乳期妇女不宜服用]]></desc></option><option><id>B</id><type>text</type><desc><![CDATA[月经稀少者禁用]]></desc></option><option><id>C</id><type>text</type><desc><![CDATA[年龄大于35岁的吸烟妇女,不宜长期服用]]></desc></option><option><id>D</id><type>text</type><desc><![CDATA[不要放在儿童易接触的地方]]></desc></option><option><id>E</id><type>text</type><desc><![CDATA[为避免对胎儿的致畸作用,应在停药3个月后再受孕]]></desc></option></options><answers><![CDATA[E]]></answers></question><question><type>1</type><format>text</format><desc><![CDATA[10.漏服短效口服避孕药后,补服的时间应在]]></desc><options><option><id>A</id><type>text</type><desc><![CDATA[12小时内]]></desc></option><option><id>B</id><type>text</type><desc><![CDATA[24小时内]]></desc></option><option><id>C</id><type>text</type><desc><![CDATA[36小时内]]></desc></option><option><id>D</id><type>text</type><desc><![CDATA[48小时内]]></desc></option><option><id>E</id><type>text</type><desc><![CDATA[72小时内]]></desc></option></options><answers><![CDATA[A]]></answers></question><question><type>1</type><format>html</format><desc><![CDATA[11.口服避孕药的副反应<u><b>不包括</b></u>]]></desc><options><option><id>A</id><type>text</type><desc><![CDATA[可致卵巢癌]]></desc></option><option><id>B</id><type>text</type><desc><![CDATA[类早孕反应]]></desc></option><option><id>C</id><type>text</type><desc><![CDATA[面部色素沉着]]></desc></option><option><id>D</id><type>text</type><desc><![CDATA[体重增加]]></desc></option><option><id>E</id><type>text</type><desc><![CDATA[月经量减少]]></desc></option></options><answers><![CDATA[A]]></answers></question><question><type>1</type><format>text</format><desc><![CDATA[12.失败率较高的避孕方法是]]></desc><options><option><id>A</id><type>text</type><desc><![CDATA[口服避孕药]]></desc></option><option><id>B</id><type>text</type><desc><![CDATA[阴道隔膜避孕法]]></desc></option><option><id>C</id><type>text</type><desc><![CDATA[放置宫内节育器]]></desc></option><option><id>D</id><type>text</type><desc><![CDATA[安全期避孕法]]></desc></option><option><id>E</id><type>text</type><desc><![CDATA[外用杀精剂]]></desc></option></options><answers><![CDATA[D]]></answers></question><question><type>1</type><format>text</format><desc><![CDATA[13.非哺乳妇女拟应用宫内节育器避孕,至少应在剖宫产术后满]]></desc><options><option><id>A</id><type>text</type><desc><![CDATA[1个月]]></desc></option><option><id>B</id><type>text</type><desc><![CDATA[3个月]]></desc></option><option><id>C</id><type>text</type><desc><![CDATA[6个月]]></desc></option><option><id>D</id><type>text</type><desc><![CDATA[9个月]]></desc></option><option><id>E</id><type>text</type><desc><![CDATA[12个月]]></desc></option></options><answers><![CDATA[C]]></answers></question><question><type>1</type><format>text</format><desc><![CDATA[14.为预防负压吸引人工流产术后感染,嘱受术者术后禁止性生活及盆浴的期限是]]></desc><options><option><id>A</id><type>text</type><desc><![CDATA[1周]]></desc></option><option><id>B</id><type>text</type><desc><![CDATA[2周]]></desc></option><option><id>C</id><type>text</type><desc><![CDATA[3周]]></desc></option><option><id>D</id><type>text</type><desc><![CDATA[1个月]]></desc></option><option><id>E</id><type>text</type><desc><![CDATA[2个月]]></desc></option></options><answers><![CDATA[D]]></answers></question><question><type>1</type><format>text</format><desc><![CDATA[15.44岁女性，妇科检查发现子宫脱垂II度重，既往曾患乙型肝炎，首选的避孕方法是]]></desc><options><option><id>A</id><type>text</type><desc><![CDATA[宫内节育器]]></desc></option><option><id>B</id><type>text</type><desc><![CDATA[口服避孕药]]></desc></option><option><id>C</id><type>text</type><desc><![CDATA[注射长效针避孕]]></desc></option><option><id>D</id><type>text</type><desc><![CDATA[皮下埋植避孕]]></desc></option><option><id>E</id><type>text</type><desc><![CDATA[避孕套]]></desc></option></options><answers><![CDATA[E]]></answers></question><question><type>1</type><format>text</format><desc><![CDATA[16.33岁健康女性，孕产史为1-0-1-1，现妊娠20周需终止妊娠。B型超声检查：BPD5.3cm，胎头、脊柱完整连续，胎心、胎动良好，胎盘位于子宫后壁I级，羊水平段最深处4.5cm。应采用的终止妊娠方法是]]></desc><options><option><id>A</id><type>text</type><desc><![CDATA[钳刮术]]></desc></option><option><id>B</id><type>text</type><desc><![CDATA[负压吸引术]]></desc></option><option><id>C</id><type>text</type><desc><![CDATA[药物流产]]></desc></option><option><id>D</id><type>text</type><desc><![CDATA[小剂量催产素静脉滴注]]></desc></option><option><id>E</id><type>text</type><desc><![CDATA[利凡诺引产]]></desc></option></options><answers><![CDATA[E]]></answers></question></questions></exam>