﻿<?xml version="1.0" encoding="UTF-8"?><exam><id>20181129083853</id><questions><instructions><![CDATA[一、单项选择题]]></instructions><question><type>1</type><format>text</format><desc><![CDATA[1.青春期功血的发病机制，正确的是]]></desc><options><option><id>A</id><type>text</type><desc><![CDATA[下丘脑对雌激素正反馈反应过度]]></desc></option><option><id>B</id><type>text</type><desc><![CDATA[FSH持续低水平]]></desc></option><option><id>C</id><type>text</type><desc><![CDATA[成熟卵泡不发生排卵]]></desc></option><option><id>D</id><type>text</type><desc><![CDATA[LH峰值提前]]></desc></option><option><id>E</id><type>text</type><desc><![CDATA[黄体分泌孕激素不足]]></desc></option></options><answers><![CDATA[B]]></answers></question><question><type>1</type><format>text</format><desc><![CDATA[2.青春期功血的治疗原则是止血、调整周期和]]></desc><options><option><id>A</id><type>text</type><desc><![CDATA[增加月经量]]></desc></option><option><id>B</id><type>text</type><desc><![CDATA[减少月经量]]></desc></option><option><id>C</id><type>text</type><desc><![CDATA[促排卵]]></desc></option><option><id>D</id><type>text</type><desc><![CDATA[提高黄体功能]]></desc></option><option><id>E</id><type>text</type><desc><![CDATA[预防痛经]]></desc></option></options><answers><![CDATA[C]]></answers></question><question><type>1</type><format>text</format><desc><![CDATA[3.无排卵型功血最常见的症状是]]></desc><options><option><id>A</id><type>text</type><desc><![CDATA[下腹部疼痛]]></desc></option><option><id>B</id><type>text</type><desc><![CDATA[月经周期缩短]]></desc></option><option><id>C</id><type>text</type><desc><![CDATA[经量减少]]></desc></option><option><id>D</id><type>text</type><desc><![CDATA[经期延长]]></desc></option><option><id>E</id><type>text</type><desc><![CDATA[不规则子宫出血]]></desc></option></options><answers><![CDATA[E]]></answers></question><question><type>1</type><format>text</format><desc><![CDATA[4.与原发性痛经相关的是]]></desc><options><option><id>A</id><type>text</type><desc><![CDATA[雌激素增高]]></desc></option><option><id>B</id><type>text</type><desc><![CDATA[孕激素增高]]></desc></option><option><id>C</id><type>text</type><desc><![CDATA[FSH增高]]></desc></option><option><id>D</id><type>text</type><desc><![CDATA[LH增高]]></desc></option><option><id>E</id><type>text</type><desc><![CDATA[前列腺素增高]]></desc></option></options><answers><![CDATA[E]]></answers></question><question><type>1</type><format>text</format><desc><![CDATA[5.关于痛经的描述，正确的是]]></desc><options><option><id>A</id><type>text</type><desc><![CDATA[体内前列腺素分泌减少]]></desc></option><option><id>B</id><type>text</type><desc><![CDATA[冷敷局部]]></desc></option><option><id>C</id><type>text</type><desc><![CDATA[常无阳性体征]]></desc></option><option><id>D</id><type>text</type><desc><![CDATA[常发生在月经干净后1天内]]></desc></option><option><id>E</id><type>text</type><desc><![CDATA[镇痛剂有效]]></desc></option></options><answers><![CDATA[E]]></answers></question><question><type>1</type><format>html</format><desc><![CDATA[6.关于无排卵型功血的辅助检查结果<u><b>错误</b></u>的是]]></desc><options><option><id>A</id><type>text</type><desc><![CDATA[宫颈粘液涂片干燥后持续可见羊齿状结晶]]></desc></option><option><id>B</id><type>text</type><desc><![CDATA[阴道粘膜的脱落上皮细胞反应有雌激素作用]]></desc></option><option><id>C</id><type>text</type><desc><![CDATA[基础体温呈双相型]]></desc></option><option><id>D</id><type>text</type><desc><![CDATA[在周期的任何时候呈现增生期内膜]]></desc></option><option><id>E</id><type>text</type><desc><![CDATA[月经周期中有阴道分泌物量和质的变化]]></desc></option></options><answers><![CDATA[C]]></answers></question><question><type>1</type><format>text</format><desc><![CDATA[7.孕激素和雌激素试验均为阴性的原发性闭经者，病变的部位在]]></desc><options><option><id>A</id><type>text</type><desc><![CDATA[下丘脑]]></desc></option><option><id>B</id><type>text</type><desc><![CDATA[垂体]]></desc></option><option><id>C</id><type>text</type><desc><![CDATA[卵巢]]></desc></option><option><id>D</id><type>text</type><desc><![CDATA[子宫]]></desc></option><option><id>E</id><type>text</type><desc><![CDATA[输卵管]]></desc></option></options><answers><![CDATA[C]]></answers></question><question><type>1</type><format>html</format><desc><![CDATA[8.关于黄体功能不足病人的临床表现，<u><b>错误</b></u>的是]]></desc><options><option><id>A</id><type>text</type><desc><![CDATA[月经周期缩短，月经频发]]></desc></option><option><id>B</id><type>text</type><desc><![CDATA[有不孕或妊娠早期流产]]></desc></option><option><id>C</id><type>text</type><desc><![CDATA[基础体温呈双相型]]></desc></option><option><id>D</id><type>text</type><desc><![CDATA[子宫内膜检查呈增生期不良反应]]></desc></option><option><id>E</id><type>text</type><desc><![CDATA[阴道分泌物有周期性变化]]></desc></option></options><answers><![CDATA[D]]></answers></question><question><type>1</type><format>text</format><desc><![CDATA[9.某女，16岁，月经不规律，每次持续时间长，量多。基础体温是单相型，临床诊断为功血。她的功血类型是]]></desc><options><option><id>A</id><type>text</type><desc><![CDATA[无排卵型功血]]></desc></option><option><id>B</id><type>text</type><desc><![CDATA[排卵型功血]]></desc></option><option><id>C</id><type>text</type><desc><![CDATA[子宫内膜不规则脱落]]></desc></option><option><id>D</id><type>text</type><desc><![CDATA[黄体功能不全]]></desc></option><option><id>E</id><type>text</type><desc><![CDATA[经间出血]]></desc></option></options><answers><![CDATA[A]]></answers></question><question><type>1</type><format>text</format><desc><![CDATA[10.女性，32岁，已婚，月经周期正常，但经期延长，长达9～10天。于月经来潮第5天行诊断性刮宫术，病理检查报告为增生期子宫内膜，部分呈分泌反应，考虑为]]></desc><options><option><id>A</id><type>text</type><desc><![CDATA[无排卵性功血]]></desc></option><option><id>B</id><type>text</type><desc><![CDATA[癌前期病变]]></desc></option><option><id>C</id><type>text</type><desc><![CDATA[黄体功能不全]]></desc></option><option><id>D</id><type>text</type><desc><![CDATA[黄体萎缩不全]]></desc></option><option><id>E</id><type>text</type><desc><![CDATA[粘膜下子宫肌瘤]]></desc></option></options><answers><![CDATA[D]]></answers></question></questions></exam>