﻿<?xml version="1.0" encoding="UTF-8"?><exam><id>20181129083201</id><questions><instructions><![CDATA[一、单项选择题]]></instructions><question><type>1</type><format>text</format><desc><![CDATA[1.如果生育史为0-1-1-0，表示]]></desc><options><option><id>A</id><type>text</type><desc><![CDATA[足月产0次，流产1次，早产0次，现有孩子1个]]></desc></option><option><id>B</id><type>text</type><desc><![CDATA[足月产1次，流产0次，早产1次，现有孩子0个]]></desc></option><option><id>C</id><type>text</type><desc><![CDATA[足月产1次，流产1次，早产0次，现有孩子0个]]></desc></option><option><id>D</id><type>text</type><desc><![CDATA[足月产0次，流产1次，早产1次，现有孩子0个]]></desc></option><option><id>E</id><type>text</type><desc><![CDATA[足月产1次，流产0次，早产0次，现有孩子1个]]></desc></option></options><answers><![CDATA[C]]></answers></question><question><type>1</type><format>text</format><desc><![CDATA[2.妇科手术后需留置导尿管是因为]]></desc><options><option><id>A</id><type>text</type><desc><![CDATA[手术时间过长]]></desc></option><option><id>B</id><type>text</type><desc><![CDATA[手术中出血过多]]></desc></option><option><id>C</id><type>text</type><desc><![CDATA[手术中排尿不多]]></desc></option><option><id>D</id><type>text</type><desc><![CDATA[手术后排尿功能减弱]]></desc></option><option><id>E</id><type>text</type><desc><![CDATA[手术后排尿功能增强]]></desc></option></options><answers><![CDATA[D]]></answers></question><question><type>1</type><format>text</format><desc><![CDATA[3.次全子宫切除术是指]]></desc><options><option><id>A</id><type>text</type><desc><![CDATA[手术切除子宫和阴道]]></desc></option><option><id>B</id><type>text</type><desc><![CDATA[手术切除子宫和宫颈]]></desc></option><option><id>C</id><type>text</type><desc><![CDATA[手术切除卵巢和输卵管]]></desc></option><option><id>D</id><type>text</type><desc><![CDATA[手术切除子宫体]]></desc></option><option><id>E</id><type>text</type><desc><![CDATA[手术切除子宫颈]]></desc></option></options><answers><![CDATA[D]]></answers></question><question><type>1</type><format>text</format><desc><![CDATA[4.手术后病人容易发生腹胀是因为]]></desc><options><option><id>A</id><type>text</type><desc><![CDATA[麻醉使胃肠蠕动功能减弱]]></desc></option><option><id>B</id><type>text</type><desc><![CDATA[手术前禁食时间过长]]></desc></option><option><id>C</id><type>text</type><desc><![CDATA[手术后没有进食]]></desc></option><option><id>D</id><type>text</type><desc><![CDATA[手术前睡眠不良]]></desc></option><option><id>E</id><type>text</type><desc><![CDATA[损伤了胃肠道器官]]></desc></option></options><answers><![CDATA[A]]></answers></question><question><type>1</type><format>html</format><desc><![CDATA[5.关于术前肠道准备的目的<u><b>错误</b></u>的是]]></desc><options><option><id>A</id><type>text</type><desc><![CDATA[使肠道空虚]]></desc></option><option><id>B</id><type>text</type><desc><![CDATA[暴露手术野]]></desc></option><option><id>C</id><type>text</type><desc><![CDATA[减轻术后肠胀气]]></desc></option><option><id>D</id><type>text</type><desc><![CDATA[防止大便污染手术台]]></desc></option><option><id>E</id><type>text</type><desc><![CDATA[促进术前睡眠]]></desc></option></options><answers><![CDATA[E]]></answers></question><question><type>1</type><format>text</format><desc><![CDATA[6.使用术后镇痛棒可能出现]]></desc><options><option><id>A</id><type>text</type><desc><![CDATA[排尿困难]]></desc></option><option><id>B</id><type>text</type><desc><![CDATA[恶心呕吐]]></desc></option><option><id>C</id><type>text</type><desc><![CDATA[睡眠困难]]></desc></option><option><id>D</id><type>text</type><desc><![CDATA[心率加快]]></desc></option><option><id>E</id><type>text</type><desc><![CDATA[呼吸加快]]></desc></option></options><answers><![CDATA[B]]></answers></question><question><type>1</type><format>text</format><desc><![CDATA[7.需要术后留置导尿管10～14天的手术可能是]]></desc><options><option><id>A</id><type>text</type><desc><![CDATA[全子宫切除术]]></desc></option><option><id>B</id><type>text</type><desc><![CDATA[子宫肌瘤剥出术]]></desc></option><option><id>C</id><type>text</type><desc><![CDATA[右侧输卵管切除术]]></desc></option><option><id>D</id><type>text</type><desc><![CDATA[左侧卵巢囊肿剥出术]]></desc></option><option><id>E</id><type>text</type><desc><![CDATA[广泛全子宫切除+盆腔淋巴清扫术]]></desc></option></options><answers><![CDATA[E]]></answers></question><question><type>1</type><format>text</format><desc><![CDATA[8.腹腔镜手术病人术后可能有]]></desc><options><option><id>A</id><type>text</type><desc><![CDATA[恶心呕吐]]></desc></option><option><id>B</id><type>text</type><desc><![CDATA[肩胛骨痛]]></desc></option><option><id>C</id><type>text</type><desc><![CDATA[睡眠障碍]]></desc></option><option><id>D</id><type>text</type><desc><![CDATA[腹胀腹痛]]></desc></option><option><id>E</id><type>text</type><desc><![CDATA[排尿困难]]></desc></option></options><answers><![CDATA[B]]></answers></question><question><type>1</type><format>text</format><desc><![CDATA[9.王女士因卵巢肿瘤住院手术。B超检查报告显示：卵巢大小为：40mm×30mm×50mm,边界不清。该患者的肠道准备开始时间为]]></desc><options><option><id>A</id><type>text</type><desc><![CDATA[术前5日]]></desc></option><option><id>B</id><type>text</type><desc><![CDATA[术前4日]]></desc></option><option><id>C</id><type>text</type><desc><![CDATA[术前3日]]></desc></option><option><id>D</id><type>text</type><desc><![CDATA[术前2日]]></desc></option><option><id>E</id><type>text</type><desc><![CDATA[术前1日]]></desc></option></options><answers><![CDATA[C]]></answers></question><question><type>1</type><format>html</format><desc><![CDATA[10.张女士2天前行全子宫+双侧附件切除术，术后生命体征平稳，术后第二天半卧位，今晨主诉腹胀腹痛。护理措施<u><b>错误的</b></u>是]]></desc><options><option><id>A</id><type>text</type><desc><![CDATA[卧床以减轻腹痛]]></desc></option><option><id>B</id><type>text</type><desc><![CDATA[下床活动]]></desc></option><option><id>C</id><type>text</type><desc><![CDATA[热敷腹部]]></desc></option><option><id>D</id><type>text</type><desc><![CDATA[注射新斯的明]]></desc></option><option><id>E</id><type>text</type><desc><![CDATA[肛管排气]]></desc></option></options><answers><![CDATA[A]]></answers></question></questions></exam>