﻿<?xml version="1.0" encoding="UTF-8"?><exam><id>20181129082735</id><questions><instructions><![CDATA[一、单项选择题]]></instructions><question><type>1</type><format>text</format><desc><![CDATA[1.产褥感染的产妇，宜取的体位是]]></desc><options><option><id>A</id><type>text</type><desc><![CDATA[半坐卧位]]></desc></option><option><id>B</id><type>text</type><desc><![CDATA[胸膝卧位]]></desc></option><option><id>C</id><type>text</type><desc><![CDATA[仰卧位]]></desc></option><option><id>D</id><type>text</type><desc><![CDATA[头低足高位]]></desc></option><option><id>E</id><type>text</type><desc><![CDATA[俯卧位]]></desc></option></options><answers><![CDATA[A]]></answers></question><question><type>1</type><format>text</format><desc><![CDATA[2.产褥感染中最常见的是]]></desc><options><option><id>A</id><type>text</type><desc><![CDATA[急性子宫内膜炎]]></desc></option><option><id>B</id><type>text</type><desc><![CDATA[急性盆腔结缔组织炎]]></desc></option><option><id>C</id><type>text</type><desc><![CDATA[急性外阴、阴道、宫颈炎]]></desc></option><option><id>D</id><type>text</type><desc><![CDATA[血栓性静脉炎]]></desc></option><option><id>E</id><type>text</type><desc><![CDATA[急性输卵管炎]]></desc></option></options><answers><![CDATA[A]]></answers></question><question><type>1</type><format>html</format><desc><![CDATA[3.预防产褥感染的措施中，<u><b>不正确</b></u>的是]]></desc><options><option><id>A</id><type>text</type><desc><![CDATA[减少不必要的阴道检查及肛检]]></desc></option><option><id>B</id><type>text</type><desc><![CDATA[防止产道损伤及产后出血]]></desc></option><option><id>C</id><type>text</type><desc><![CDATA[孕晚期避免盆浴与性交]]></desc></option><option><id>D</id><type>text</type><desc><![CDATA[破膜超过24小时仍未分娩，应预防性地使用抗生素]]></desc></option><option><id>E</id><type>text</type><desc><![CDATA[鼓励产妇做好会阴部护理，及时更换会阴垫]]></desc></option></options><answers><![CDATA[D]]></answers></question><question><type>1</type><format>html</format><desc><![CDATA[4.关于产褥感染的护理措施，<u><b>错误</b></u>的是]]></desc><options><option><id>A</id><type>text</type><desc><![CDATA[做好孕期保健，注意增强孕妇体质]]></desc></option><option><id>B</id><type>text</type><desc><![CDATA[分娩接生时严格执行无菌操作]]></desc></option><option><id>C</id><type>text</type><desc><![CDATA[孕晚期可以盆浴及性交]]></desc></option><option><id>D</id><type>text</type><desc><![CDATA[保持外阴清洁，防止交叉感染]]></desc></option><option><id>E</id><type>text</type><desc><![CDATA[采用半卧位，促进恶露引流]]></desc></option></options><answers><![CDATA[C]]></answers></question><question><type>1</type><format>html</format><desc><![CDATA[5.关于产褥感染的治疗原则，<u><b>错误</b></u>的是.]]></desc><options><option><id>A</id><type>text</type><desc><![CDATA[用甲硝唑时注意暂不哺乳，停药后方可哺乳]]></desc></option><option><id>B</id><type>text</type><desc><![CDATA[外阴局部感染时可热敷或拆线引流]]></desc></option><option><id>C</id><type>text</type><desc><![CDATA[腹膜炎病人应注意适当补充体液和电解质]]></desc></option><option><id>D</id><type>text</type><desc><![CDATA[贫血及抵抗力差者，可加强锻炼，必要时输血]]></desc></option><option><id>E</id><type>text</type><desc><![CDATA[对血栓性静脉炎患者严禁使用肝素]]></desc></option></options><answers><![CDATA[E]]></answers></question><question><type>1</type><format>text</format><desc><![CDATA[6.关于产后轻型子宫内膜炎常见的临床表现，错误的是.]]></desc><options><option><id>A</id><type>text</type><desc><![CDATA[子宫复旧延迟]]></desc></option><option><id>B</id><type>text</type><desc><![CDATA[高热39℃]]></desc></option><option><id>C</id><type>text</type><desc><![CDATA[子宫轻压痛]]></desc></option><option><id>D</id><type>text</type><desc><![CDATA[下腹隐痛]]></desc></option><option><id>E</id><type>text</type><desc><![CDATA[恶露量多，混浊有臭味]]></desc></option></options><answers><![CDATA[B]]></answers></question><question><type>1</type><format>text</format><desc><![CDATA[7.产褥感染是指.]]></desc><options><option><id>A</id><type>text</type><desc><![CDATA[分娩及产褥期由生殖道感染引起的疾病]]></desc></option><option><id>B</id><type>text</type><desc><![CDATA[妊娠及分娩期由生殖道感染引起的疾病]]></desc></option><option><id>C</id><type>text</type><desc><![CDATA[分娩及产褥期由泌尿道感染引起的疾病]]></desc></option><option><id>D</id><type>text</type><desc><![CDATA[分娩24h后至10d内，用口表每天测体温4次，有2次≥38℃]]></desc></option><option><id>E</id><type>text</type><desc><![CDATA[产后10天，因泌尿系统感染所引起的高热]]></desc></option></options><answers><![CDATA[A]]></answers></question><question><type>1</type><format>text</format><desc><![CDATA[8.引起外源性产褥感染的细菌，致病性最强的是]]></desc><options><option><id>A</id><type>text</type><desc><![CDATA[大肠杆菌]]></desc></option><option><id>B</id><type>text</type><desc><![CDATA[β溶血性链球菌]]></desc></option><option><id>C</id><type>text</type><desc><![CDATA[葡萄球菌]]></desc></option><option><id>D</id><type>text</type><desc><![CDATA[厌氧性链球菌]]></desc></option><option><id>E</id><type>text</type><desc><![CDATA[白色念珠菌]]></desc></option></options><answers><![CDATA[B]]></answers></question><question><type>1</type><format>text</format><desc><![CDATA[9.产后2～3周，产妇出现寒战，下肢肿胀，疼痛，皮肤紧张发白，最可能的诊断是]]></desc><options><option><id>A</id><type>text</type><desc><![CDATA[败血症]]></desc></option><option><id>B</id><type>text</type><desc><![CDATA[急性子宫内膜炎]]></desc></option><option><id>C</id><type>text</type><desc><![CDATA[下肢血栓性静脉炎]]></desc></option><option><id>D</id><type>text</type><desc><![CDATA[盆腔血栓性静脉炎]]></desc></option><option><id>E</id><type>text</type><desc><![CDATA[下肢静脉曲张]]></desc></option></options><answers><![CDATA[C]]></answers></question><question><type>1</type><format>text</format><desc><![CDATA[10.产后3～4天，产妇体温38℃，子宫体轻压痛，恶露量多且臭，最可能的诊断是]]></desc><options><option><id>A</id><type>text</type><desc><![CDATA[急性盆腔结缔组织炎]]></desc></option><option><id>B</id><type>text</type><desc><![CDATA[急性子宫内膜炎]]></desc></option><option><id>C</id><type>text</type><desc><![CDATA[急性子宫肌炎]]></desc></option><option><id>D</id><type>text</type><desc><![CDATA[急性阴道、宫颈炎]]></desc></option><option><id>E</id><type>text</type><desc><![CDATA[急性输卵管炎]]></desc></option></options><answers><![CDATA[B]]></answers></question><question><type>1</type><format>text</format><desc><![CDATA[11.产后3天，产妇突然畏寒，高热达40℃，恶心、呕吐，下腹剧痛，且有压痛、反跳痛、腹肌紧张感，最可能的诊断是]]></desc><options><option><id>A</id><type>text</type><desc><![CDATA[急性子宫内膜炎]]></desc></option><option><id>B</id><type>text</type><desc><![CDATA[急性盆腔结缔组织炎]]></desc></option><option><id>C</id><type>text</type><desc><![CDATA[急性盆腔腹膜炎]]></desc></option><option><id>D</id><type>text</type><desc><![CDATA[产后败血症]]></desc></option><option><id>E</id><type>text</type><desc><![CDATA[盆腔血栓性静脉炎]]></desc></option></options><answers><![CDATA[C]]></answers></question><question><type>1</type><format>text</format><desc><![CDATA[12.产妇于产后1～2周出现寒战，弛张热，下腹痛并放射到腹股沟，下腹软，有深压痛，最可靠的诊断是]]></desc><options><option><id>A</id><type>text</type><desc><![CDATA[急性子宫内膜炎]]></desc></option><option><id>B</id><type>text</type><desc><![CDATA[急性子宫肌炎]]></desc></option><option><id>C</id><type>text</type><desc><![CDATA[急性盆腔结缔组织炎]]></desc></option><option><id>D</id><type>text</type><desc><![CDATA[盆腔血栓性静脉炎]]></desc></option><option><id>E</id><type>text</type><desc><![CDATA[下肢血栓性静脉炎]]></desc></option></options><answers><![CDATA[D]]></answers></question></questions></exam>