﻿<?xml version="1.0" encoding="UTF-8"?><exam><id>20181112153643</id><questions><instructions><![CDATA[A1型题]]></instructions><question><type>1</type><format>text</format><desc><![CDATA[1.流泪的主要原因是]]></desc><options><option><id>A</id><type>text</type><desc><![CDATA[急性泪囊炎]]></desc></option><option><id>B</id><type>text</type><desc><![CDATA[慢性泪囊炎]]></desc></option><option><id>C</id><type>text</type><desc><![CDATA[泪液排出受阻]]></desc></option><option><id>D</id><type>text</type><desc><![CDATA[泪小管炎]]></desc></option><option><id>E</id><type>text</type><desc><![CDATA[泪液分泌增多]]></desc></option></options><answers><![CDATA[E]]></answers></question><question><type>1</type><format>text</format><desc><![CDATA[2.泪腺排出口位于]]></desc><options><option><id>A</id><type>text</type><desc><![CDATA[睑缘]]></desc></option><option><id>B</id><type>text</type><desc><![CDATA[球结膜]]></desc></option><option><id>C</id><type>text</type><desc><![CDATA[穹窿结膜]]></desc></option><option><id>D</id><type>text</type><desc><![CDATA[角巩膜后缘]]></desc></option><option><id>E</id><type>text</type><desc><![CDATA[睑结膜]]></desc></option></options><answers><![CDATA[C]]></answers></question><question><type>1</type><format>text</format><desc><![CDATA[3.功能性泪溢的主要原因是]]></desc><options><option><id>A</id><type>text</type><desc><![CDATA[慢性泪囊炎]]></desc></option><option><id>B</id><type>text</type><desc><![CDATA[鼻泪管阻塞]]></desc></option><option><id>C</id><type>text</type><desc><![CDATA[泪小管炎]]></desc></option><option><id>D</id><type>text</type><desc><![CDATA[急性泪囊炎]]></desc></option><option><id>E</id><type>text</type><desc><![CDATA[眼轮匝肌松弛]]></desc></option></options><answers><![CDATA[E]]></answers></question><question><type>1</type><format>text</format><desc><![CDATA[4.急性泪囊炎的临床表现为]]></desc><options><option><id>A</id><type>text</type><desc><![CDATA[内眦部红肿、压痛]]></desc></option><option><id>B</id><type>text</type><desc><![CDATA[病变位于泪腺]]></desc></option><option><id>C</id><type>text</type><desc><![CDATA[双侧发病多见]]></desc></option><option><id>D</id><type>text</type><desc><![CDATA[表现为眶外上方局部肿痛，不伴有耳前淋巴结肿大]]></desc></option><option><id>E</id><type>text</type><desc><![CDATA[表现为眶外上方局部肿胀、疼痛，上睑水肿]]></desc></option></options><answers><![CDATA[E]]></answers></question><question><type>1</type><format>text</format><desc><![CDATA[5.睑板腺囊肿的病变部位是]]></desc><options><option><id>A</id><type>text</type><desc><![CDATA[汗腺]]></desc></option><option><id>B</id><type>text</type><desc><![CDATA[睑板腺]]></desc></option><option><id>C</id><type>text</type><desc><![CDATA[副泪腺]]></desc></option><option><id>D</id><type>text</type><desc><![CDATA[Zeiss腺]]></desc></option><option><id>E</id><type>text</type><desc><![CDATA[泪腺]]></desc></option></options><answers><![CDATA[B]]></answers></question><question><type>1</type><format>text</format><desc><![CDATA[6.老年人睑板腺囊肿反复发作，首先要排除]]></desc><options><option><id>A</id><type>text</type><desc><![CDATA[病变组织残留]]></desc></option><option><id>B</id><type>text</type><desc><![CDATA[局部血肿]]></desc></option><option><id>C</id><type>text</type><desc><![CDATA[局部感染]]></desc></option><option><id>D</id><type>text</type><desc><![CDATA[睑板腺癌]]></desc></option><option><id>E</id><type>text</type><desc><![CDATA[瘢痕组织增生]]></desc></option></options><answers><![CDATA[D]]></answers></question><question><type>1</type><format>html</format><desc><![CDATA[7.急性泪囊炎<u><b>禁忌的</b></u>措施是]]></desc><options><option><id>A</id><type>text</type><desc><![CDATA[热敷]]></desc></option><option><id>B</id><type>text</type><desc><![CDATA[局部用抗生素]]></desc></option><option><id>C</id><type>text</type><desc><![CDATA[全身用抗生素]]></desc></option><option><id>D</id><type>text</type><desc><![CDATA[泪道冲洗]]></desc></option><option><id>E</id><type>text</type><desc><![CDATA[切开排脓]]></desc></option></options><answers><![CDATA[D]]></answers></question></questions><questions><instructions><![CDATA[A2型题]]></instructions><question><type>2</type><format>text</format><desc><![CDATA[8.病人，女性，67岁，双眼先后睁眼困难12年，有高血压病史15年，糖尿病史3年，否认睁眼困难有早晨轻，午后加重。检查：双眼平视上睑缘遮盖角膜上超过角膜3.5mm，肌力为3mm，最可能的诊断是]]></desc><options><option><id>A</id><type>text</type><desc><![CDATA[睑皮松弛症]]></desc></option><option><id>B</id><type>text</type><desc><![CDATA[获得性上睑下垂]]></desc></option><option><id>C</id><type>text</type><desc><![CDATA[双眼睑板腺囊肿]]></desc></option><option><id>D</id><type>text</type><desc><![CDATA[双眼睑神经性水肿]]></desc></option><option><id>E</id><type>text</type><desc><![CDATA[先天性上睑下垂]]></desc></option></options><answers><![CDATA[B]]></answers></question><question><type>2</type><format>text</format><desc><![CDATA[9.病人，男性，58岁，发现左眼上睑皮下硬节半月余，自觉无明显不适。检查：左眼视力正常，眼睑皮肤稍隆起，眼睑皮下可触及一黄豆大小圆形肿块，边界清楚，与皮肤无粘连，无明显压痛，局部睑结膜暗红色充血，余无异常发现。如手术，选择睑板面切口正确的是]]></desc><options><option><id>A</id><type>text</type><desc><![CDATA[与皮肤面垂直]]></desc></option><option><id>B</id><type>text</type><desc><![CDATA[与睑板面垂直]]></desc></option><option><id>C</id><type>text</type><desc><![CDATA[与睑缘垂直]]></desc></option><option><id>D</id><type>text</type><desc><![CDATA[与睑缘平行]]></desc></option><option><id>E</id><type>text</type><desc><![CDATA[与眶缘平行]]></desc></option></options><answers><![CDATA[C]]></answers></question><question><type>2</type><format>text</format><desc><![CDATA[10.病人，女性，43岁，因左眼时有流泪来就诊，行泪道冲洗，冲洗时有阻力，冲洗液部分返流，部分进入鼻腔，说明是]]></desc><options><option><id>A</id><type>text</type><desc><![CDATA[鼻泪管狭窄]]></desc></option><option><id>B</id><type>text</type><desc><![CDATA[泪小管阻塞]]></desc></option><option><id>C</id><type>text</type><desc><![CDATA[泪囊炎]]></desc></option><option><id>D</id><type>text</type><desc><![CDATA[泪总管阻塞]]></desc></option><option><id>E</id><type>text</type><desc><![CDATA[鼻泪管阻塞]]></desc></option></options><answers><![CDATA[A]]></answers></question><question><type>2</type><format>text</format><desc><![CDATA[11.病人，女性，35岁，冲洗泪道时，若冲洗液自下泪小点注入，液体由上泪小点返流，说明是]]></desc><options><option><id>A</id><type>text</type><desc><![CDATA[泪道通畅]]></desc></option><option><id>B</id><type>text</type><desc><![CDATA[泪小管阻塞]]></desc></option><option><id>C</id><type>text</type><desc><![CDATA[泪总管阻塞]]></desc></option><option><id>D</id><type>text</type><desc><![CDATA[鼻泪管狭窄]]></desc></option><option><id>E</id><type>text</type><desc><![CDATA[鼻泪管阻塞]]></desc></option></options><answers><![CDATA[C]]></answers></question><question><type>2</type><format>text</format><desc><![CDATA[12.病人，男性，40岁，自诉双眼痒、不适4个月，查体：睑缘充血、睫毛及睑缘表面有鳞屑，数条睫毛脱离，未见睫毛倒睫，最可能的诊断是]]></desc><options><option><id>A</id><type>text</type><desc><![CDATA[鳞屑性睑缘炎]]></desc></option><option><id>B</id><type>text</type><desc><![CDATA[溃疡性睑缘炎]]></desc></option><option><id>C</id><type>text</type><desc><![CDATA[眦部睑缘炎]]></desc></option><option><id>D</id><type>text</type><desc><![CDATA[睑腺炎]]></desc></option><option><id>E</id><type>text</type><desc><![CDATA[睑板腺囊肿]]></desc></option></options><answers><![CDATA[A]]></answers></question><question><type>2</type><format>text</format><desc><![CDATA[13.病人，女性，23岁，发现右眼下睑包块13天，体检：右下睑皮肤色泽正常，下睑中央可触及一皮下圆形肿物，如黄豆大小，边界清，与皮肤无粘连，无压痛，相应的睑结膜面呈暗紫色，最可能的诊断是]]></desc><options><option><id>A</id><type>text</type><desc><![CDATA[睑腺炎]]></desc></option><option><id>B</id><type>text</type><desc><![CDATA[鳞屑性睑缘炎]]></desc></option><option><id>C</id><type>text</type><desc><![CDATA[毛细血管瘤]]></desc></option><option><id>D</id><type>text</type><desc><![CDATA[睑板腺囊肿]]></desc></option><option><id>E</id><type>text</type><desc><![CDATA[基底细胞癌]]></desc></option></options><answers><![CDATA[D]]></answers></question><question><type>2</type><format>text</format><desc><![CDATA[14.患儿，男，11岁，上化学课时左眼不慎被硫酸泼伤，当时予以积极治疗。3个月后出院左眼下睑缘外卷，伴有泪溢，该病人的睑外翻属于]]></desc><options><option><id>A</id><type>text</type><desc><![CDATA[疤痕性睑外翻]]></desc></option><option><id>B</id><type>text</type><desc><![CDATA[先天性睑外翻]]></desc></option><option><id>C</id><type>text</type><desc><![CDATA[麻痹性睑外翻]]></desc></option><option><id>D</id><type>text</type><desc><![CDATA[老年性睑外翻]]></desc></option><option><id>E</id><type>text</type><desc><![CDATA[外伤性睑外翻]]></desc></option></options><answers><![CDATA[A]]></answers></question><question><type>2</type><format>text</format><desc><![CDATA[15.病人，男性，50岁，主诉双眼痒、异物感，检查发现：双眼外眦部睑缘和皮肤充血，肿胀，并有浸渍糜烂，该病人最可能的诊断是]]></desc><options><option><id>A</id><type>text</type><desc><![CDATA[鳞屑性睑缘炎]]></desc></option><option><id>B</id><type>text</type><desc><![CDATA[溃疡性睑缘炎]]></desc></option><option><id>C</id><type>text</type><desc><![CDATA[眦部睑缘炎]]></desc></option><option><id>D</id><type>text</type><desc><![CDATA[睑板腺囊肿]]></desc></option><option><id>E</id><type>text</type><desc><![CDATA[睑腺炎]]></desc></option></options><answers><![CDATA[B]]></answers></question></questions></exam>