﻿<?xml version="1.0" encoding="UTF-8"?><exam><id>20181112162100</id><questions><instructions><![CDATA[A1型题]]></instructions><question><type>1</type><format>text</format><desc><![CDATA[1.目前我国白内障盲占总人数的]]></desc><options><option><id>A</id><type>text</type><desc><![CDATA[80％]]></desc></option><option><id>B</id><type>text</type><desc><![CDATA[10％]]></desc></option><option><id>C</id><type>text</type><desc><![CDATA[50％]]></desc></option><option><id>D</id><type>text</type><desc><![CDATA[30％]]></desc></option><option><id>E</id><type>text</type><desc><![CDATA[20％]]></desc></option></options><answers><![CDATA[C]]></answers></question><question><type>1</type><format>html</format><desc><![CDATA[2.通过治疗和护理措施的实施，低视力病人<u><b>不能</b></u>达到的是]]></desc><options><option><id>A</id><type>text</type><desc><![CDATA[视觉障碍减轻]]></desc></option><option><id>B</id><type>text</type><desc><![CDATA[自卑、焦虑心理消除或改善]]></desc></option><option><id>C</id><type>text</type><desc><![CDATA[生活自理能力增强]]></desc></option><option><id>D</id><type>text</type><desc><![CDATA[视力恢复正常]]></desc></option><option><id>E</id><type>text</type><desc><![CDATA[熟练掌握助视器的使用]]></desc></option></options><answers><![CDATA[D]]></answers></question><question><type>1</type><format>html</format><desc><![CDATA[3.防盲治盲措施<u><b>不正确</b></u>的是]]></desc><options><option><id>A</id><type>text</type><desc><![CDATA[白内障可手术复明]]></desc></option><option><id>B</id><type>text</type><desc><![CDATA[避免近亲结婚]]></desc></option><option><id>C</id><type>text</type><desc><![CDATA[开展青光眼普查随访]]></desc></option><option><id>D</id><type>text</type><desc><![CDATA[沙眼“SAFE”策略]]></desc></option><option><id>E</id><type>text</type><desc><![CDATA[目前无有效治疗方法]]></desc></option></options><answers><![CDATA[E]]></answers></question><question><type>1</type><format>text</format><desc><![CDATA[4.在我国，目前老年人低视力和盲最主要的病因为]]></desc><options><option><id>A</id><type>text</type><desc><![CDATA[黄斑变性]]></desc></option><option><id>B</id><type>text</type><desc><![CDATA[白内障]]></desc></option><option><id>C</id><type>text</type><desc><![CDATA[糖尿病眼底改变]]></desc></option><option><id>D</id><type>text</type><desc><![CDATA[青光眼]]></desc></option><option><id>E</id><type>text</type><desc><![CDATA[角膜病]]></desc></option></options><answers><![CDATA[B]]></answers></question><question><type>1</type><format>html</format><desc><![CDATA[5.以下<u><b>不属于</b></u>电子助视器优点的是]]></desc><options><option><id>A</id><type>text</type><desc><![CDATA[可减少物像畸变]]></desc></option><option><id>B</id><type>text</type><desc><![CDATA[放大倍率大]]></desc></option><option><id>C</id><type>text</type><desc><![CDATA[视野大]]></desc></option><option><id>D</id><type>text</type><desc><![CDATA[可调对比度和亮度]]></desc></option><option><id>E</id><type>text</type><desc><![CDATA[无须外部照明]]></desc></option></options><answers><![CDATA[E]]></answers></question><question><type>1</type><format>html</format><desc><![CDATA[6.以下<u><b>不属于</b></u>低视力和盲的主要病因是]]></desc><options><option><id>A</id><type>text</type><desc><![CDATA[角膜炎]]></desc></option><option><id>B</id><type>text</type><desc><![CDATA[甲状腺相关眼病]]></desc></option><option><id>C</id><type>text</type><desc><![CDATA[青光眼]]></desc></option><option><id>D</id><type>text</type><desc><![CDATA[白内障]]></desc></option><option><id>E</id><type>text</type><desc><![CDATA[糖尿病视网膜病变]]></desc></option></options><answers><![CDATA[B]]></answers></question><question><type>1</type><format>html</format><desc><![CDATA[7.以下<u><b>不是</b></u>低视力病人康复手段的是]]></desc><options><option><id>A</id><type>text</type><desc><![CDATA[配戴近用、远用两类助视器]]></desc></option><option><id>B</id><type>text</type><desc><![CDATA[配备大字课本]]></desc></option><option><id>C</id><type>text</type><desc><![CDATA[白内障手术治疗]]></desc></option><option><id>D</id><type>text</type><desc><![CDATA[适应训练]]></desc></option><option><id>E</id><type>text</type><desc><![CDATA[特殊生活用具]]></desc></option></options><answers><![CDATA[C]]></answers></question><question><type>1</type><format>text</format><desc><![CDATA[8.低视力指]]></desc><options><option><id>A</id><type>text</type><desc><![CDATA[较好眼的矫正视力＜0.3，但≥0.05]]></desc></option><option><id>B</id><type>text</type><desc><![CDATA[较好眼的矫正视力＜0.05，但≥0.02]]></desc></option><option><id>C</id><type>text</type><desc><![CDATA[较好眼的矫正视力＜0.3，但≥0.1]]></desc></option><option><id>D</id><type>text</type><desc><![CDATA[较好眼的矫正视力＜0.1，但≥0.03]]></desc></option><option><id>E</id><type>text</type><desc><![CDATA[较好眼的矫正视力＜0.05，但≥0.03]]></desc></option></options><answers><![CDATA[A]]></answers></question></questions><questions><instructions><![CDATA[A2型题]]></instructions><question><type>2</type><format>text</format><desc><![CDATA[9.老王双眼中心视力为1.0，医院检查为双眼8°范围管状视野。老王为]]></desc><options><option><id>A</id><type>text</type><desc><![CDATA[低视力病人]]></desc></option><option><id>B</id><type>text</type><desc><![CDATA[正常视力]]></desc></option><option><id>C</id><type>text</type><desc><![CDATA[盲人]]></desc></option><option><id>D</id><type>text</type><desc><![CDATA[远视病人]]></desc></option><option><id>E</id><type>text</type><desc><![CDATA[近视病人]]></desc></option></options><answers><![CDATA[C]]></answers></question><question><type>2</type><format>text</format><desc><![CDATA[10.王大爷，75岁，糖尿病30余年，医院诊断为糖尿病视网膜病变、玻璃体积血、视网膜中央静脉阻塞，经玻璃体切割手术及药物治疗后，术后视力稳定在0.1，矫正无提高，生活勉强自理。王大爷的诊断是]]></desc><options><option><id>A</id><type>text</type><desc><![CDATA[低视力病人]]></desc></option><option><id>B</id><type>text</type><desc><![CDATA[正常视力]]></desc></option><option><id>C</id><type>text</type><desc><![CDATA[盲人]]></desc></option><option><id>D</id><type>text</type><desc><![CDATA[远视病人]]></desc></option><option><id>E</id><type>text</type><desc><![CDATA[近视病人]]></desc></option></options><answers><![CDATA[A]]></answers></question></questions></exam>