﻿<?xml version="1.0" encoding="UTF-8"?><exam><id>20181113111932</id><questions><instructions><![CDATA[A1型题]]></instructions><question><type>1</type><format>html</format><desc><![CDATA[1.急性扁桃体炎的治疗，<u><b>错误</b></u>的有]]></desc><options><option><id>A</id><type>text</type><desc><![CDATA[抗生素首选青霉素]]></desc></option><option><id>B</id><type>text</type><desc><![CDATA[局部漱口]]></desc></option><option><id>C</id><type>text</type><desc><![CDATA[必要时可用糖皮质激素]]></desc></option><option><id>D</id><type>text</type><desc><![CDATA[紧急手术，切除扁桃体]]></desc></option><option><id>E</id><type>text</type><desc><![CDATA[可中医中药治疗]]></desc></option></options><answers><![CDATA[D]]></answers><keypoints><![CDATA[解析：急性期一般不手术，以免感染扩散。]]></keypoints></question><question><type>1</type><format>html</format><desc><![CDATA[2.慢性咽炎的护理措施中<u><b>错误</b></u>的是]]></desc><options><option><id>A</id><type>text</type><desc><![CDATA[嘱病人多饮水，进清淡饮食]]></desc></option><option><id>B</id><type>text</type><desc><![CDATA[避免烟、酒及辛辣食物刺激]]></desc></option><option><id>C</id><type>text</type><desc><![CDATA[遵医嘱局部含漱或含片治疗]]></desc></option><option><id>D</id><type>text</type><desc><![CDATA[慢性单纯性咽炎者，首选激光、冷冻或电凝等方法治疗]]></desc></option><option><id>E</id><type>text</type><desc><![CDATA[加强心理护理和健康指导]]></desc></option></options><answers><![CDATA[D]]></answers><keypoints><![CDATA[解析：慢性单纯性咽炎相对来讲，病情轻，保守治疗和病因治疗有效。]]></keypoints></question><question><type>1</type><format>text</format><desc><![CDATA[3.引起急性扁桃体炎的主要致病菌是]]></desc><options><option><id>A</id><type>text</type><desc><![CDATA[乙型溶血性链球菌]]></desc></option><option><id>B</id><type>text</type><desc><![CDATA[葡萄球菌]]></desc></option><option><id>C</id><type>text</type><desc><![CDATA[肺炎链球菌]]></desc></option><option><id>D</id><type>text</type><desc><![CDATA[腺病毒]]></desc></option><option><id>E</id><type>text</type><desc><![CDATA[白色念珠菌]]></desc></option></options><answers><![CDATA[A]]></answers></question><question><type>1</type><format>text</format><desc><![CDATA[4.急性扁桃体炎的局部症状主要表现为]]></desc><options><option><id>A</id><type>text</type><desc><![CDATA[咳嗽]]></desc></option><option><id>B</id><type>text</type><desc><![CDATA[咽痛]]></desc></option><option><id>C</id><type>text</type><desc><![CDATA[呼吸困难]]></desc></option><option><id>D</id><type>text</type><desc><![CDATA[吞咽困难]]></desc></option><option><id>E</id><type>text</type><desc><![CDATA[放射性耳痛]]></desc></option></options><answers><![CDATA[B]]></answers></question></questions><questions><instructions><![CDATA[A2型题]]></instructions><question><type>2</type><format>html</format><desc><![CDATA[5.病人，男，54岁，步行入院，诊断为“咽部肿块，查因？”。病区护士对其行入院护理，<u><b>不包括</b></u>]]></desc><options><option><id>A</id><type>text</type><desc><![CDATA[自我介绍]]></desc></option><option><id>B</id><type>text</type><desc><![CDATA[帮助病人办理入院手续]]></desc></option><option><id>C</id><type>text</type><desc><![CDATA[入院指导]]></desc></option><option><id>D</id><type>text</type><desc><![CDATA[测量生命体征]]></desc></option><option><id>E</id><type>text</type><desc><![CDATA[通知医师体检]]></desc></option></options><answers><![CDATA[B]]></answers></question><question><type>2</type><format>html</format><desc><![CDATA[6.病人，女，88岁，鼻咽癌晚期，住院期间病情每况愈下，家属极为悲痛。护士对其家属进行护理，以下方法<u><b>错误</b></u>的是]]></desc><options><option><id>A</id><type>text</type><desc><![CDATA[鼓励家属表达情感，与家属积极沟通]]></desc></option><option><id>B</id><type>text</type><desc><![CDATA[指导家属对病人进行生活照顾]]></desc></option><option><id>C</id><type>text</type><desc><![CDATA[建议家属不要在医院中安排家庭活动，如共进晚餐等]]></desc></option><option><id>D</id><type>text</type><desc><![CDATA[向家属解释病人的治疗护理情况]]></desc></option><option><id>E</id><type>text</type><desc><![CDATA[帮助家属安排陪伴期间的生活]]></desc></option></options><answers><![CDATA[C]]></answers></question><question><type>2</type><format>html</format><desc><![CDATA[7.病人，女，36岁，扁桃体切除术后，感觉伤口疼痛剧烈，不敢吞咽，护士应采取减轻疼痛的措施<u><b>错误</b></u>的是]]></desc><options><option><id>A</id><type>text</type><desc><![CDATA[冰袋颈部冷敷]]></desc></option><option><id>B</id><type>text</type><desc><![CDATA[给予解释安慰]]></desc></option><option><id>C</id><type>text</type><desc><![CDATA[嘱病人深慢呼吸]]></desc></option><option><id>D</id><type>text</type><desc><![CDATA[用水杨酸类止痛剂]]></desc></option><option><id>E</id><type>text</type><desc><![CDATA[针刺止痛]]></desc></option></options><answers><![CDATA[D]]></answers><keypoints><![CDATA[解析：用水杨酸类止痛剂可能会导致伤口出血。]]></keypoints></question><question><type>2</type><format>html</format><desc><![CDATA[8.病人，男，59岁，扁桃体手术后，术后当天痰中少许血丝，第二天病人进食了一苹果，不久出现口吐鲜血，面色苍白、脉细弱，在护理评估时，以下<u><b>不是</b></u>扁桃体术后出血征象的是]]></desc><options><option><id>A</id><type>text</type><desc><![CDATA[面色苍白]]></desc></option><option><id>B</id><type>text</type><desc><![CDATA[脉细弱]]></desc></option><option><id>C</id><type>text</type><desc><![CDATA[术后当天痰中少许血丝]]></desc></option><option><id>D</id><type>text</type><desc><![CDATA[口吐鲜血]]></desc></option><option><id>E</id><type>text</type><desc><![CDATA[全麻未醒有频繁吞咽动作]]></desc></option></options><answers><![CDATA[C]]></answers><keypoints><![CDATA[解析：术后少许血丝属于正常现象，伤口愈合需要一个过程。]]></keypoints></question><question><type>2</type><format>text</format><desc><![CDATA[9.病人，女，23岁，咽后脓肿切开术的体位是]]></desc><options><option><id>A</id><type>text</type><desc><![CDATA[半卧位]]></desc></option><option><id>B</id><type>text</type><desc><![CDATA[平卧位]]></desc></option><option><id>C</id><type>text</type><desc><![CDATA[头低脚高位]]></desc></option><option><id>D</id><type>text</type><desc><![CDATA[侧卧位]]></desc></option><option><id>E</id><type>text</type><desc><![CDATA[坐位]]></desc></option></options><answers><![CDATA[C]]></answers></question><question><type>2</type><format>text</format><desc><![CDATA[10.病人，女，59岁，鼻咽癌导致鼻出血后，行鼻腔凡士林纱条填塞，请问填塞物置留时间为]]></desc><options><option><id>A</id><type>text</type><desc><![CDATA[6小时]]></desc></option><option><id>B</id><type>text</type><desc><![CDATA[8～14小时]]></desc></option><option><id>C</id><type>text</type><desc><![CDATA[24～48小时]]></desc></option><option><id>D</id><type>text</type><desc><![CDATA[42～72小时]]></desc></option><option><id>E</id><type>text</type><desc><![CDATA[一周]]></desc></option></options><answers><![CDATA[C]]></answers></question></questions></exam>