﻿<?xml version="1.0" encoding="UTF-8"?><exam><id>20181112161618</id><questions><instructions><![CDATA[A1型题]]></instructions><question><type>1</type><format>text</format><desc><![CDATA[1.主要与轴性近视有关的是]]></desc><options><option><id>A</id><type>text</type><desc><![CDATA[角膜曲率过大]]></desc></option><option><id>B</id><type>text</type><desc><![CDATA[晶状体曲率过大]]></desc></option><option><id>C</id><type>text</type><desc><![CDATA[前房过深]]></desc></option><option><id>D</id><type>text</type><desc><![CDATA[眼轴过长]]></desc></option><option><id>E</id><type>text</type><desc><![CDATA[眼轴过短]]></desc></option></options><answers><![CDATA[D]]></answers></question><question><type>1</type><format>html</format><desc><![CDATA[2.近视度数较高常伴有多种眼底病变，但<u><b>不包括</b></u>]]></desc><options><option><id>A</id><type>text</type><desc><![CDATA[豹纹状眼底]]></desc></option><option><id>B</id><type>text</type><desc><![CDATA[黄斑出血]]></desc></option><option><id>C</id><type>text</type><desc><![CDATA[玻璃体后脱离]]></desc></option><option><id>D</id><type>text</type><desc><![CDATA[视网膜周边部骨细胞样色素沉着]]></desc></option><option><id>E</id><type>text</type><desc><![CDATA[巩膜后葡萄肿]]></desc></option></options><answers><![CDATA[D]]></answers></question><question><type>1</type><format>html</format><desc><![CDATA[3.与屈光性近视<u><b>无关</b></u>的是]]></desc><options><option><id>A</id><type>text</type><desc><![CDATA[遗传和环境]]></desc></option><option><id>B</id><type>text</type><desc><![CDATA[眼轴长度正常]]></desc></option><option><id>C</id><type>text</type><desc><![CDATA[晶状体曲率过大]]></desc></option><option><id>D</id><type>text</type><desc><![CDATA[眼轴长度过长]]></desc></option><option><id>E</id><type>text</type><desc><![CDATA[角膜曲率过大]]></desc></option></options><answers><![CDATA[D]]></answers></question><question><type>1</type><format>text</format><desc><![CDATA[4.老视是生理现象，因为]]></desc><options><option><id>A</id><type>text</type><desc><![CDATA[随年龄增长晶状体混浊加重]]></desc></option><option><id>B</id><type>text</type><desc><![CDATA[随年龄增长晶状体变厚]]></desc></option><option><id>C</id><type>text</type><desc><![CDATA[随年龄增长晶状体核增大]]></desc></option><option><id>D</id><type>text</type><desc><![CDATA[晶状体弹性下降睫状肌功能减弱]]></desc></option><option><id>E</id><type>text</type><desc><![CDATA[睫状肌痉挛]]></desc></option></options><answers><![CDATA[D]]></answers></question><question><type>1</type><format>text</format><desc><![CDATA[5.假性近视是由于]]></desc><options><option><id>A</id><type>text</type><desc><![CDATA[眼轴较长]]></desc></option><option><id>B</id><type>text</type><desc><![CDATA[眼轴较短]]></desc></option><option><id>C</id><type>text</type><desc><![CDATA[睫状肌痉挛]]></desc></option><option><id>D</id><type>text</type><desc><![CDATA[睫状肌收缩力下降]]></desc></option><option><id>E</id><type>text</type><desc><![CDATA[晶状体弹性下降]]></desc></option></options><answers><![CDATA[C]]></answers></question><question><type>1</type><format>text</format><desc><![CDATA[6.下列可以配戴接触镜的情况为]]></desc><options><option><id>A</id><type>text</type><desc><![CDATA[角膜炎]]></desc></option><option><id>B</id><type>text</type><desc><![CDATA[严重沙眼]]></desc></option><option><id>C</id><type>text</type><desc><![CDATA[倒睫]]></desc></option><option><id>D</id><type>text</type><desc><![CDATA[结膜滤泡]]></desc></option><option><id>E</id><type>text</type><desc><![CDATA[高度近视]]></desc></option></options><answers><![CDATA[E]]></answers></question><question><type>1</type><format>text</format><desc><![CDATA[7.造成远视的原因是]]></desc><options><option><id>A</id><type>text</type><desc><![CDATA[屈光力过强]]></desc></option><option><id>B</id><type>text</type><desc><![CDATA[角膜过陡]]></desc></option><option><id>C</id><type>text</type><desc><![CDATA[晶状体过厚]]></desc></option><option><id>D</id><type>text</type><desc><![CDATA[眼轴过短]]></desc></option><option><id>E</id><type>text</type><desc><![CDATA[初发白内障]]></desc></option></options><answers><![CDATA[D]]></answers></question><question><type>1</type><format>text</format><desc><![CDATA[8.调节静止时，平行光线经眼的屈光不能形成一个焦点，其屈光状态为]]></desc><options><option><id>A</id><type>text</type><desc><![CDATA[正视]]></desc></option><option><id>B</id><type>text</type><desc><![CDATA[远视]]></desc></option><option><id>C</id><type>text</type><desc><![CDATA[近视]]></desc></option><option><id>D</id><type>text</type><desc><![CDATA[散光]]></desc></option><option><id>E</id><type>text</type><desc><![CDATA[弱视]]></desc></option></options><answers><![CDATA[D]]></answers></question><question><type>1</type><format>text</format><desc><![CDATA[9.远视眼病人]]></desc><options><option><id>A</id><type>text</type><desc><![CDATA[仅看近需要调节]]></desc></option><option><id>B</id><type>text</type><desc><![CDATA[仅看远需要调节]]></desc></option><option><id>C</id><type>text</type><desc><![CDATA[看远看近均需要调节]]></desc></option><option><id>D</id><type>text</type><desc><![CDATA[看远看近均不需调节]]></desc></option><option><id>E</id><type>text</type><desc><![CDATA[因调节作用多表现为外斜视]]></desc></option></options><answers><![CDATA[C]]></answers></question><question><type>1</type><format>text</format><desc><![CDATA[10.逆规散光为]]></desc><options><option><id>A</id><type>text</type><desc><![CDATA[垂直子午线的屈光度大于水平子午线的屈光度]]></desc></option><option><id>B</id><type>text</type><desc><![CDATA[是屈光参差的一种]]></desc></option><option><id>C</id><type>text</type><desc><![CDATA[垂直子午线的屈光度小于水平子午线的屈光度]]></desc></option><option><id>D</id><type>text</type><desc><![CDATA[是不规则散光的一种]]></desc></option><option><id>E</id><type>text</type><desc><![CDATA[垂直子午线的屈光度等于水平子午线的屈光度]]></desc></option></options><answers><![CDATA[C]]></answers></question><question><type>1</type><format>html</format><desc><![CDATA[11.与远视<u><b>无关</b></u>的是]]></desc><options><option><id>A</id><type>text</type><desc><![CDATA[用凹透镜矫正]]></desc></option><option><id>B</id><type>text</type><desc><![CDATA[假性视神经炎]]></desc></option><option><id>C</id><type>text</type><desc><![CDATA[内斜或内隐斜]]></desc></option><option><id>D</id><type>text</type><desc><![CDATA[易发生青光眼]]></desc></option><option><id>E</id><type>text</type><desc><![CDATA[屈光性弱视]]></desc></option></options><answers><![CDATA[A]]></answers></question><question><type>1</type><format>html</format><desc><![CDATA[12.以下<u><b>不属于</b></u>近视临床表现的是]]></desc><options><option><id>A</id><type>text</type><desc><![CDATA[远视力降低]]></desc></option><option><id>B</id><type>text</type><desc><![CDATA[视疲劳]]></desc></option><option><id>C</id><type>text</type><desc><![CDATA[近视力降低]]></desc></option><option><id>D</id><type>text</type><desc><![CDATA[外隐斜或外斜视]]></desc></option><option><id>E</id><type>text</type><desc><![CDATA[飞蚊症]]></desc></option></options><answers><![CDATA[C]]></answers></question></questions><questions><instructions><![CDATA[A2型题]]></instructions><question><type>2</type><format>text</format><desc><![CDATA[13.一远视眼视力0.4，用+1.50D镜片矫正后视力可达1.0，将镜片度数增至+4.00D，视力仍保持1.0。散瞳验光用+5.00D，视力仍为1.0，隐性远视为]]></desc><options><option><id>A</id><type>text</type><desc><![CDATA[+4.00D]]></desc></option><option><id>B</id><type>text</type><desc><![CDATA[+1.50D]]></desc></option><option><id>C</id><type>text</type><desc><![CDATA[+1.00D]]></desc></option><option><id>D</id><type>text</type><desc><![CDATA[+2.50D]]></desc></option><option><id>E</id><type>text</type><desc><![CDATA[+5.00D]]></desc></option></options><answers><![CDATA[C]]></answers></question><question><type>2</type><format>text</format><desc><![CDATA[14.小李近视3年，一直未戴镜，近期发现精神注意力不集中时，眼睛外斜。该患者的外斜是因为]]></desc><options><option><id>A</id><type>text</type><desc><![CDATA[无双眼单视功能]]></desc></option><option><id>B</id><type>text</type><desc><![CDATA[眼外肌运动不协调]]></desc></option><option><id>C</id><type>text</type><desc><![CDATA[看近物时只用一只眼]]></desc></option><option><id>D</id><type>text</type><desc><![CDATA[看近物时不用或少用调节]]></desc></option><option><id>E</id><type>text</type><desc><![CDATA[为了减轻视疲劳症状，看近物时不用集合]]></desc></option></options><answers><![CDATA[D]]></answers></question><question><type>2</type><format>text</format><desc><![CDATA[15.小王近期发现视物不清，就诊医院诊断为近视。医生建议配镜，配镜原则是]]></desc><options><option><id>A</id><type>text</type><desc><![CDATA[最佳矫正视力的最高度数]]></desc></option><option><id>B</id><type>text</type><desc><![CDATA[最佳矫正视力的最低度数]]></desc></option><option><id>C</id><type>text</type><desc><![CDATA[达到最佳矫正视力的最高与最低度数的平均值]]></desc></option><option><id>D</id><type>text</type><desc><![CDATA[病人感觉最舒服的度数]]></desc></option><option><id>E</id><type>text</type><desc><![CDATA[给足球镜度数，柱镜度数可忽略]]></desc></option></options><answers><![CDATA[B]]></answers></question><question><type>2</type><format>text</format><desc><![CDATA[16.刘先生52岁，年轻时为正视，近期发现近距离工作后头痛、眼不适。那么刘先生最有可能发生的视力问题是]]></desc><options><option><id>A</id><type>text</type><desc><![CDATA[近视]]></desc></option><option><id>B</id><type>text</type><desc><![CDATA[远视]]></desc></option><option><id>C</id><type>text</type><desc><![CDATA[散光]]></desc></option><option><id>D</id><type>text</type><desc><![CDATA[弱视]]></desc></option><option><id>E</id><type>text</type><desc><![CDATA[老花]]></desc></option></options><answers><![CDATA[E]]></answers></question></questions></exam>