﻿<?xml version="1.0" encoding="UTF-8"?><exam><id>20181112154756</id><questions><instructions><![CDATA[A1型题]]></instructions><question><type>1</type><format>text</format><desc><![CDATA[1.白内障的主要症状是]]></desc><options><option><id>A</id><type>text</type><desc><![CDATA[视力障碍]]></desc></option><option><id>B</id><type>text</type><desc><![CDATA[眼痛]]></desc></option><option><id>C</id><type>text</type><desc><![CDATA[眼充血]]></desc></option><option><id>D</id><type>text</type><desc><![CDATA[压痛]]></desc></option><option><id>E</id><type>text</type><desc><![CDATA[眼分泌物]]></desc></option></options><answers><![CDATA[A]]></answers></question><question><type>1</type><format>text</format><desc><![CDATA[2.最常见的白内障类型是]]></desc><options><option><id>A</id><type>text</type><desc><![CDATA[先天性]]></desc></option><option><id>B</id><type>text</type><desc><![CDATA[代谢性]]></desc></option><option><id>C</id><type>text</type><desc><![CDATA[外伤性]]></desc></option><option><id>D</id><type>text</type><desc><![CDATA[并发性]]></desc></option><option><id>E</id><type>text</type><desc><![CDATA[老年性]]></desc></option></options><answers><![CDATA[E]]></answers></question><question><type>1</type><format>text</format><desc><![CDATA[3.可诱发急性闭角性青光眼的是]]></desc><options><option><id>A</id><type>text</type><desc><![CDATA[皮质性白内障初发期]]></desc></option><option><id>B</id><type>text</type><desc><![CDATA[皮质性白内障膨胀期]]></desc></option><option><id>C</id><type>text</type><desc><![CDATA[皮质性白内障成熟期]]></desc></option><option><id>D</id><type>text</type><desc><![CDATA[皮质性白内障过熟期]]></desc></option><option><id>E</id><type>text</type><desc><![CDATA[核性白内障]]></desc></option></options><answers><![CDATA[B]]></answers></question><question><type>1</type><format>text</format><desc><![CDATA[4.老年性白内障最好的治疗方法是]]></desc><options><option><id>A</id><type>text</type><desc><![CDATA[手术治疗]]></desc></option><option><id>B</id><type>text</type><desc><![CDATA[药物治疗]]></desc></option><option><id>C</id><type>text</type><desc><![CDATA[放射治疗]]></desc></option><option><id>D</id><type>text</type><desc><![CDATA[验光配镜]]></desc></option><option><id>E</id><type>text</type><desc><![CDATA[补充营养]]></desc></option></options><answers><![CDATA[A]]></answers></question><question><type>1</type><format>text</format><desc><![CDATA[5.白内障术后无晶体眼的屈光状态是]]></desc><options><option><id>A</id><type>text</type><desc><![CDATA[高度近视]]></desc></option><option><id>B</id><type>text</type><desc><![CDATA[轻度近视]]></desc></option><option><id>C</id><type>text</type><desc><![CDATA[轻度远视]]></desc></option><option><id>D</id><type>text</type><desc><![CDATA[高度远视]]></desc></option><option><id>E</id><type>text</type><desc><![CDATA[老视]]></desc></option></options><answers><![CDATA[D]]></answers></question><question><type>1</type><format>text</format><desc><![CDATA[6.白内障手术前检查包括]]></desc><options><option><id>A</id><type>text</type><desc><![CDATA[血压]]></desc></option><option><id>B</id><type>text</type><desc><![CDATA[血糖]]></desc></option><option><id>C</id><type>text</type><desc><![CDATA[心电图、胸透和肝功能检查]]></desc></option><option><id>D</id><type>text</type><desc><![CDATA[血、尿常规及出、凝血时间检查]]></desc></option><option><id>E</id><type>text</type><desc><![CDATA[以上均有]]></desc></option></options><answers><![CDATA[E]]></answers></question><question><type>1</type><format>html</format><desc><![CDATA[7.下列白内障术前准备项目<u><b>错误</b></u>的是]]></desc><options><option><id>A</id><type>text</type><desc><![CDATA[术前滴抗生素眼液]]></desc></option><option><id>B</id><type>text</type><desc><![CDATA[视功能检查]]></desc></option><option><id>C</id><type>text</type><desc><![CDATA[眼压检查]]></desc></option><option><id>D</id><type>text</type><desc><![CDATA[不是所有病人都要泪道冲洗]]></desc></option><option><id>E</id><type>text</type><desc><![CDATA[检查有无结膜炎]]></desc></option></options><answers><![CDATA[D]]></answers></question><question><type>1</type><format>text</format><desc><![CDATA[8.目前我国白内障盲占总盲人数的]]></desc><options><option><id>A</id><type>text</type><desc><![CDATA[80％]]></desc></option><option><id>B</id><type>text</type><desc><![CDATA[10％]]></desc></option><option><id>C</id><type>text</type><desc><![CDATA[50％]]></desc></option><option><id>D</id><type>text</type><desc><![CDATA[30％]]></desc></option><option><id>E</id><type>text</type><desc><![CDATA[20％]]></desc></option></options><answers><![CDATA[C]]></answers></question><question><type>1</type><format>text</format><desc><![CDATA[9.正视眼摘除晶状体后，其屈光状态变成]]></desc><options><option><id>A</id><type>text</type><desc><![CDATA[高度远视]]></desc></option><option><id>B</id><type>text</type><desc><![CDATA[轻度远视]]></desc></option><option><id>C</id><type>text</type><desc><![CDATA[高度近视]]></desc></option><option><id>D</id><type>text</type><desc><![CDATA[轻度近视]]></desc></option><option><id>E</id><type>text</type><desc><![CDATA[时而远视，时而近视]]></desc></option></options><answers><![CDATA[A]]></answers></question><question><type>1</type><format>text</format><desc><![CDATA[10.老年性白内障中最常见的是]]></desc><options><option><id>A</id><type>text</type><desc><![CDATA[皮质性白内障]]></desc></option><option><id>B</id><type>text</type><desc><![CDATA[核性白内障]]></desc></option><option><id>C</id><type>text</type><desc><![CDATA[后囊下白内障]]></desc></option><option><id>D</id><type>text</type><desc><![CDATA[后囊上白内障]]></desc></option><option><id>E</id><type>text</type><desc><![CDATA[以上全不是]]></desc></option></options><answers><![CDATA[A]]></answers></question><question><type>1</type><format>text</format><desc><![CDATA[11.糖尿病易引起]]></desc><options><option><id>A</id><type>text</type><desc><![CDATA[代谢性白内障]]></desc></option><option><id>B</id><type>text</type><desc><![CDATA[并发性白内障]]></desc></option><option><id>C</id><type>text</type><desc><![CDATA[老年性白内障]]></desc></option><option><id>D</id><type>text</type><desc><![CDATA[先天性白内障]]></desc></option><option><id>E</id><type>text</type><desc><![CDATA[年龄相关性性白内障]]></desc></option></options><answers><![CDATA[A]]></answers></question></questions><questions><instructions><![CDATA[A2型题]]></instructions><question><type>2</type><format>text</format><desc><![CDATA[12.病人，女性，68岁，右眼突然胀痛，视力下降明显，伴同侧头痛、恶心、呕吐。检查：右眼角膜水肿，虹膜前移，前房浅，晶状体混浊，体积增大，眼压高。诊断为白内障引起的青光眼大发作。目前病人的白内障所处时期是]]></desc><options><option><id>A</id><type>text</type><desc><![CDATA[初发期]]></desc></option><option><id>B</id><type>text</type><desc><![CDATA[膨胀期]]></desc></option><option><id>C</id><type>text</type><desc><![CDATA[成熟期]]></desc></option><option><id>D</id><type>text</type><desc><![CDATA[过熟期]]></desc></option><option><id>E</id><type>text</type><desc><![CDATA[以上均不是]]></desc></option></options><answers><![CDATA[B]]></answers></question><question><type>2</type><format>text</format><desc><![CDATA[13.病人，男性，70岁，年龄相关性白内障病人，视力光感，一直未予手术治疗。近日无诱因自觉视力有所增加，为眼前数指，无其它不适，最可能的诊断为]]></desc><options><option><id>A</id><type>text</type><desc><![CDATA[晶状体膨化]]></desc></option><option><id>B</id><type>text</type><desc><![CDATA[晶状体不全脱位]]></desc></option><option><id>C</id><type>text</type><desc><![CDATA[液化的晶状体皮质溶解]]></desc></option><option><id>D</id><type>text</type><desc><![CDATA[过熟期白内障晶状体核下沉]]></desc></option><option><id>E</id><type>text</type><desc><![CDATA[白内障消散，自愈]]></desc></option></options><answers><![CDATA[D]]></answers></question><question><type>2</type><format>text</format><desc><![CDATA[14.患儿，男性，20个月，右眼先天性白内障，裂隙灯检查发现为前极性白内障，浑浊范围小于2.0mm，左眼正常。最合理的治疗为]]></desc><options><option><id>A</id><type>text</type><desc><![CDATA[右眼立即手术，植入人工晶体]]></desc></option><option><id>B</id><type>text</type><desc><![CDATA[右眼立即手术，术后配戴框架眼镜]]></desc></option><option><id>C</id><type>text</type><desc><![CDATA[右眼立即手术，术后佩戴角膜接触镜]]></desc></option><option><id>D</id><type>text</type><desc><![CDATA[右眼阿托品散瞳至适宜年龄再行白内障摘除及人工晶体植入手术]]></desc></option><option><id>E</id><type>text</type><desc><![CDATA[观察，无需治疗]]></desc></option></options><answers><![CDATA[D]]></answers></question><question><type>2</type><format>html</format><desc><![CDATA[15.病人，男性，63岁，因右眼视物不清15年，近半年加重而入院。眼科检查：视力：右眼手动，左眼1.2。右眼结膜无充血，角膜透明，前房清亮，虹膜棕褐色，纹理清晰，瞳孔直径约3mm，对光反应灵敏，晶状体呈白色混浊，虹膜投影（-），眼底窥不进，指测眼压正常。左眼未见异常。诊断为：右眼年龄相关性白内障成熟期。关于该病人，下列哪项描述<u><b>不正确</b></u>]]></desc><options><option><id>A</id><type>text</type><desc><![CDATA[可选用白内停等药物治疗]]></desc></option><option><id>B</id><type>text</type><desc><![CDATA[可选用手术治疗]]></desc></option><option><id>C</id><type>text</type><desc><![CDATA[突然出现眼胀、头痛，应考虑继发性青光眼]]></desc></option><option><id>D</id><type>text</type><desc><![CDATA[术前应进行眼部B超和CT检查]]></desc></option><option><id>E</id><type>text</type><desc><![CDATA[术前应将血压、血糖控制基本正常]]></desc></option></options><answers><![CDATA[A]]></answers></question><question><type>2</type><format>html</format><desc><![CDATA[16.朱阿姨，82岁，家住农村，经济拮据。近10年来右眼逐渐视物模糊不清，加重3月。眼部检查：右眼视力：光感，左眼视力0.4；右眼晶体呈乳白色完全混浊，虹膜投影消失，眼底窥不进。诊断为：右眼年龄相关性白内障成熟期，预行手术治疗。关于该病人的护理措施，下列哪项描述<u><b>不正确</b></u>]]></desc><options><option><id>A</id><type>text</type><desc><![CDATA[术前三天点抗生素眼药水、冲洗结膜囊及泪道]]></desc></option><option><id>B</id><type>text</type><desc><![CDATA[注意术后有无眼痛、充血、视力下降等]]></desc></option><option><id>C</id><type>text</type><desc><![CDATA[换药、点药时应严格无菌操作]]></desc></option><option><id>D</id><type>text</type><desc><![CDATA[术后，病人需行俯卧位休息，做好舒适护理]]></desc></option><option><id>E</id><type>text</type><desc><![CDATA[按医嘱用药，定期门诊复查]]></desc></option></options><answers><![CDATA[D]]></answers></question></questions></exam>