﻿<?xml version="1.0" encoding="UTF-8"?><exam><id>20181113084354</id><questions><instructions><![CDATA[A1型题]]></instructions><question><type>1</type><format>html</format><desc><![CDATA[1.<u><b>不属于</b></u>喉软骨的是]]></desc><options><option><id>A</id><type>text</type><desc><![CDATA[甲状软骨]]></desc></option><option><id>B</id><type>text</type><desc><![CDATA[会厌软骨]]></desc></option><option><id>C</id><type>text</type><desc><![CDATA[大角软骨]]></desc></option><option><id>D</id><type>text</type><desc><![CDATA[小角软骨]]></desc></option><option><id>E</id><type>text</type><desc><![CDATA[环状软骨]]></desc></option></options><answers><![CDATA[C]]></answers><keypoints><![CDATA[解析：没有大角软骨。]]></keypoints></question><question><type>1</type><format>text</format><desc><![CDATA[2.外鼻静脉的特点是]]></desc><options><option><id>A</id><type>text</type><desc><![CDATA[静脉分支较多]]></desc></option><option><id>B</id><type>text</type><desc><![CDATA[静脉无瓣膜]]></desc></option><option><id>C</id><type>text</type><desc><![CDATA[直接通海绵窦]]></desc></option><option><id>D</id><type>text</type><desc><![CDATA[静脉腔狭小]]></desc></option><option><id>E</id><type>text</type><desc><![CDATA[以上都不是]]></desc></option></options><answers><![CDATA[B]]></answers><keypoints><![CDATA[解析：外鼻的静脉经内眦静脉和面静脉汇入颈内静脉，内眦静脉又通过眼上、下静脉与颅内海绵窦相通，且面部静脉无瓣膜，血液可双向流动，故挤压鼻或上唇疖肿可引起海绵窭血栓性静脉炎。]]></keypoints></question><question><type>1</type><format>html</format><desc><![CDATA[3.鼻腔的生理功能<u><b>不包括</b></u>]]></desc><options><option><id>A</id><type>text</type><desc><![CDATA[呼吸功能]]></desc></option><option><id>B</id><type>text</type><desc><![CDATA[保护功能]]></desc></option><option><id>C</id><type>text</type><desc><![CDATA[嗅觉功能]]></desc></option><option><id>D</id><type>text</type><desc><![CDATA[听觉功能]]></desc></option><option><id>E</id><type>text</type><desc><![CDATA[共鸣作用]]></desc></option></options><answers><![CDATA[D]]></answers></question><question><type>1</type><format>text</format><desc><![CDATA[4.喉腔最狭窄处是]]></desc><options><option><id>A</id><type>text</type><desc><![CDATA[会厌上缘]]></desc></option><option><id>B</id><type>text</type><desc><![CDATA[声门上区]]></desc></option><option><id>C</id><type>text</type><desc><![CDATA[声门裂]]></desc></option><option><id>D</id><type>text</type><desc><![CDATA[声门下区]]></desc></option><option><id>E</id><type>text</type><desc><![CDATA[室带]]></desc></option></options><answers><![CDATA[C]]></answers></question><question><type>1</type><format>text</format><desc><![CDATA[5.婴幼儿容易发生化脓性中耳炎的主要原因是]]></desc><options><option><id>A</id><type>text</type><desc><![CDATA[咽鼓管发育不成熟]]></desc></option><option><id>B</id><type>text</type><desc><![CDATA[婴幼儿抵抗力差]]></desc></option><option><id>C</id><type>text</type><desc><![CDATA[咽鼓管短、宽、平直]]></desc></option><option><id>D</id><type>text</type><desc><![CDATA[咽鼓管较细长]]></desc></option><option><id>E</id><type>text</type><desc><![CDATA[以上都对]]></desc></option></options><answers><![CDATA[C]]></answers></question><question><type>1</type><format>text</format><desc><![CDATA[6.上颌窦穿刺冲洗的最佳进针位置是]]></desc><options><option><id>A</id><type>text</type><desc><![CDATA[下鼻道外侧壁后段近下鼻甲附着处]]></desc></option><option><id>B</id><type>text</type><desc><![CDATA[下鼻道外侧壁上段近下鼻甲附着处]]></desc></option><option><id>C</id><type>text</type><desc><![CDATA[下鼻道外侧壁前段近底部]]></desc></option><option><id>D</id><type>text</type><desc><![CDATA[下鼻道外侧壁前段近下鼻甲附着处]]></desc></option><option><id>E</id><type>text</type><desc><![CDATA[以上都不对]]></desc></option></options><answers><![CDATA[D]]></answers><keypoints><![CDATA[解析：下鼻道顶呈穹窿状，外侧壁前段近下鼻甲附着处的骨质较薄，是上颌窦穿刺冲洗的最佳进针位置。]]></keypoints></question><question><type>1</type><format>text</format><desc><![CDATA[7.鼻咽癌好发的部位]]></desc><options><option><id>A</id><type>text</type><desc><![CDATA[咽隐窝]]></desc></option><option><id>B</id><type>text</type><desc><![CDATA[会厌谷]]></desc></option><option><id>C</id><type>text</type><desc><![CDATA[梨状窝]]></desc></option><option><id>D</id><type>text</type><desc><![CDATA[鼻咽顶后壁]]></desc></option><option><id>E</id><type>text</type><desc><![CDATA[鼻咽顶壁]]></desc></option></options><answers><![CDATA[A]]></answers></question><question><type>1</type><format>html</format><desc><![CDATA[8.下列<u><b>不属于</b></u>中耳结构的是]]></desc><options><option><id>A</id><type>text</type><desc><![CDATA[鼓室]]></desc></option><option><id>B</id><type>text</type><desc><![CDATA[鼓窦]]></desc></option><option><id>C</id><type>text</type><desc><![CDATA[乳突]]></desc></option><option><id>D</id><type>text</type><desc><![CDATA[咽鼓管]]></desc></option><option><id>E</id><type>text</type><desc><![CDATA[半规管]]></desc></option></options><answers><![CDATA[E]]></answers></question><question><type>1</type><format>text</format><desc><![CDATA[9.感受头部角加速度运动的是]]></desc><options><option><id>A</id><type>text</type><desc><![CDATA[球囊斑]]></desc></option><option><id>B</id><type>text</type><desc><![CDATA[椭圆囊斑]]></desc></option><option><id>C</id><type>text</type><desc><![CDATA[螺旋器]]></desc></option><option><id>D</id><type>text</type><desc><![CDATA[壶腹嵴]]></desc></option><option><id>E</id><type>text</type><desc><![CDATA[耳蜗]]></desc></option></options><answers><![CDATA[D]]></answers><keypoints><![CDATA[解析：前庭的球囊斑及椭圆囊斑是感受直线加速度运动的刺激，而膜半规管壶腹嵴主要感受头部角加速度运动的刺激，产生神经冲动，由前庭神经传至中枢，再经传出神经至相应的运动系统产生平衡反应，以协调身体的平衡。]]></keypoints></question></questions><questions><instructions><![CDATA[A2型题]]></instructions><question><type>2</type><format>text</format><desc><![CDATA[10.王大妈因食管鱼刺异物，钡餐透视显示异物位于第四胸椎平面。这是食管第几狭窄]]></desc><options><option><id>A</id><type>text</type><desc><![CDATA[第1狭窄]]></desc></option><option><id>B</id><type>text</type><desc><![CDATA[第2狭窄]]></desc></option><option><id>C</id><type>text</type><desc><![CDATA[第3狭窄]]></desc></option><option><id>D</id><type>text</type><desc><![CDATA[第4狭窄]]></desc></option><option><id>E</id><type>text</type><desc><![CDATA[以上都不对]]></desc></option></options><answers><![CDATA[B]]></answers><keypoints><![CDATA[解析：第1狭窄即食管入口，由环咽肌收缩而致，距上切牙约l6cm,是食管最狭窄部位；第2狭窄为相当于第4胸椎平面，为主动脉弓压迫食管左侧壁所致，距上切牙23cm；第3狭窄相当于第5胸椎平面，为左主支气管压迫食管前壁而致，距上切牙27cm；第4狭窄相当于第10胸椎平面，为食管穿过横膈所致，距上切牙40cm。]]></keypoints></question><question><type>2</type><format>text</format><desc><![CDATA[11.小李感冒后流脓涕，医生诊断为鼻窦炎。鼻窦中最易发生炎症的是]]></desc><options><option><id>A</id><type>text</type><desc><![CDATA[前组筛窦]]></desc></option><option><id>B</id><type>text</type><desc><![CDATA[上颌窦]]></desc></option><option><id>C</id><type>text</type><desc><![CDATA[额窦]]></desc></option><option><id>D</id><type>text</type><desc><![CDATA[蝶窦]]></desc></option><option><id>E</id><type>text</type><desc><![CDATA[后组筛窦]]></desc></option></options><answers><![CDATA[B]]></answers><keypoints><![CDATA[解析：因窦口位置较高，不易引流，故上颌窦炎发病率最高。]]></keypoints></question><question><type>2</type><format>html</format><desc><![CDATA[12.小王因患慢性扁桃体炎，需手术切除。下列关于扁桃体的说法<u><b>不正确</b></u>的是]]></desc><options><option><id>A</id><type>text</type><desc><![CDATA[表面覆盖复层鳞状上皮]]></desc></option><option><id>B</id><type>text</type><desc><![CDATA[扁桃体隐窝易为细菌存留繁殖，形成感染“病灶”]]></desc></option><option><id>C</id><type>text</type><desc><![CDATA[位于口咽两侧腭舌弓和腭咽弓之间扁桃体窝内]]></desc></option><option><id>D</id><type>text</type><desc><![CDATA[扁桃体外侧面有结缔组织形成的被膜包裹，不易于手术彻底切除]]></desc></option><option><id>E</id><type>text</type><desc><![CDATA[扁桃体内侧面朝向咽腔]]></desc></option></options><answers><![CDATA[D]]></answers><keypoints><![CDATA[解析：习惯称扁桃体,左右各一，位于口咽两侧腭舌弓和腭咽弓之间扁桃体窝内。扁桃体内侧面朝向咽腔，表面覆盖复层鳞状上皮，上皮组织向扁桃体实质陷人形成6～20个深浅不一的隐窝，易为细菌存留繁殖，形成感染“病灶”。扁桃体外侧面有结缔组织形成的被膜包裹，易于手术彻底切除。]]></keypoints></question><question><type>2</type><format>text</format><desc><![CDATA[13.王老患有耳聋，医生需要检查才能诊断耳聋的类型，你对正常生理状态下声音传导判断正确的是]]></desc><options><option><id>A</id><type>text</type><desc><![CDATA[以气导为主]]></desc></option><option><id>B</id><type>text</type><desc><![CDATA[以骨导为主]]></desc></option><option><id>C</id><type>text</type><desc><![CDATA[两者同时起作用]]></desc></option><option><id>D</id><type>text</type><desc><![CDATA[高频声音以气导为主，低频声音以骨导为主]]></desc></option><option><id>E</id><type>text</type><desc><![CDATA[低频声音以气导为主，高频声音以骨导为主]]></desc></option></options><answers><![CDATA[A]]></answers><keypoints><![CDATA[解析：声音通过空气传导和骨传导传人内耳。在正常生理状态下，以空气传导为主。骨导听觉在耳聋性质鉴别诊断中意义重大，骨导曲线下降表明感音神经功能水平下降。]]></keypoints></question><question><type>2</type><format>html</format><desc><![CDATA[14.张阿姨最近听力有所下降，医生需要检查鼓膜。关于鼓膜描述<u><b>有误的</b></u>是]]></desc><options><option><id>A</id><type>text</type><desc><![CDATA[半透明]]></desc></option><option><id>B</id><type>text</type><desc><![CDATA[介于鼓室与内耳之间]]></desc></option><option><id>C</id><type>text</type><desc><![CDATA[介于外耳道与鼓室之间]]></desc></option><option><id>D</id><type>text</type><desc><![CDATA[鼓膜向前下方倾斜]]></desc></option><option><id>E</id><type>text</type><desc><![CDATA[与外耳道底约成45°～50°角]]></desc></option></options><answers><![CDATA[B]]></answers><keypoints><![CDATA[解析：鼓膜为一椭圆形半透明薄膜，介于鼓室与外耳道之间。鼓膜向前下方倾斜，与外耳道底约成45°～50°角。]]></keypoints></question><question><type>2</type><format>text</format><desc><![CDATA[15.小赵同学运动后鼻出血，最常见的鼻出血部位是]]></desc><options><option><id>A</id><type>text</type><desc><![CDATA[鼻中隔前下方]]></desc></option><option><id>B</id><type>text</type><desc><![CDATA[鼻中隔前上方]]></desc></option><option><id>C</id><type>text</type><desc><![CDATA[外侧壁]]></desc></option><option><id>D</id><type>text</type><desc><![CDATA[顶壁]]></desc></option><option><id>E</id><type>text</type><desc><![CDATA[底壁]]></desc></option></options><answers><![CDATA[A]]></answers><keypoints><![CDATA[解析：利特尔区（易出血区）位于鼻中隔前下方。鼻中隔前下部黏膜下血管密集，分别由颈内动脉系统和颈外动脉系统的分支汇聚成血管丛，该区称利特尔区是鼻出血的好发部位，又称易出血区。]]></keypoints></question><question><type>2</type><format>text</format><desc><![CDATA[16.毛毛因气管异物住院，医生检查后诊断为右侧支气管异物。异物易进入右侧支气管是由于]]></desc><options><option><id>A</id><type>text</type><desc><![CDATA[右主支气管较粗短]]></desc></option><option><id>B</id><type>text</type><desc><![CDATA[右主支气管细而长]]></desc></option><option><id>C</id><type>text</type><desc><![CDATA[与气管纵轴的延长线约成15°角]]></desc></option><option><id>D</id><type>text</type><desc><![CDATA[与气管纵轴的延长线约成45°角]]></desc></option><option><id>E</id><type>text</type><desc><![CDATA[以上都不对]]></desc></option></options><answers><![CDATA[A]]></answers><keypoints><![CDATA[解析：右主支气管较粗短，约2.5cm,与气管纵轴的延长线约成25°角。左主支气管细而长，约5cm，与气管纵轴的延长线约成45°角。因此，气管异物易进入右侧支气管。]]></keypoints></question></questions></exam>