﻿<?xml version="1.0" encoding="UTF-8"?><exam><id>20181113085341</id><questions><instructions><![CDATA[A1型题]]></instructions><question><type>1</type><format>text</format><desc><![CDATA[1.急性化脓性中耳炎最常见的感染途径是]]></desc><options><option><id>A</id><type>text</type><desc><![CDATA[外耳道鼓膜途径]]></desc></option><option><id>B</id><type>text</type><desc><![CDATA[咽鼓管途径]]></desc></option><option><id>C</id><type>text</type><desc><![CDATA[血行感染]]></desc></option><option><id>D</id><type>text</type><desc><![CDATA[淋巴途径]]></desc></option><option><id>E</id><type>text</type><desc><![CDATA[以上都不是]]></desc></option></options><answers><![CDATA[B]]></answers></question><question><type>1</type><format>html</format><desc><![CDATA[2.<u><b>不符合</b></u>慢性化脓性中耳炎临床特点的是]]></desc><options><option><id>A</id><type>text</type><desc><![CDATA[听力减退]]></desc></option><option><id>B</id><type>text</type><desc><![CDATA[耳流脓]]></desc></option><option><id>C</id><type>text</type><desc><![CDATA[可引起颅内外并发症]]></desc></option><option><id>D</id><type>text</type><desc><![CDATA[眩晕]]></desc></option><option><id>E</id><type>text</type><desc><![CDATA[鼓膜穿孔]]></desc></option></options><answers><![CDATA[D]]></answers><keypoints><![CDATA[解析：慢性化脓性中耳炎为急性中耳化脓性炎症病程超过6～8周时，病变侵及中耳黏膜、骨膜或深达骨质，是常见的耳部致聋性疾病之一。反复耳流脓、鼓膜穿孔及听力下降为主要临床特点。]]></keypoints></question><question><type>1</type><format>html</format><desc><![CDATA[3.<u><b>不属于</b></u>慢性化脓性中耳炎颅内并发症的是]]></desc><options><option><id>A</id><type>text</type><desc><![CDATA[乙状窦血栓性静脉炎]]></desc></option><option><id>B</id><type>text</type><desc><![CDATA[硬脑膜外血肿]]></desc></option><option><id>C</id><type>text</type><desc><![CDATA[耳源性脑膜炎]]></desc></option><option><id>D</id><type>text</type><desc><![CDATA[脑脓肿]]></desc></option><option><id>E</id><type>text</type><desc><![CDATA[迷路炎]]></desc></option></options><answers><![CDATA[E]]></answers></question><question><type>1</type><format>html</format><desc><![CDATA[4.引起传导性耳聋的原因<u><b>不包括</b></u>]]></desc><options><option><id>A</id><type>text</type><desc><![CDATA[耳廓畸形]]></desc></option><option><id>B</id><type>text</type><desc><![CDATA[耳蜗病变]]></desc></option><option><id>C</id><type>text</type><desc><![CDATA[鼓膜病变]]></desc></option><option><id>D</id><type>text</type><desc><![CDATA[中耳疾患]]></desc></option><option><id>E</id><type>text</type><desc><![CDATA[外耳道疾患]]></desc></option></options><answers><![CDATA[B]]></answers><keypoints><![CDATA[解析：传导性耳聋是外界声波在传入内耳的途径中，外耳道或中耳的病变导致听力减退。耳廓畸形、外耳道疾患、鼓膜病变、中耳疾患均可使声能传导障碍。耳蜗病变导致神经性耳聋。]]></keypoints></question></questions><questions><instructions><![CDATA[A2型题]]></instructions><question><type>2</type><format>text</format><desc><![CDATA[5.王大伯因左侧耳鸣伴听力下降就诊，医师诊断为分泌性中耳炎且为肿瘤引起，该肿瘤为下列哪一种]]></desc><options><option><id>A</id><type>text</type><desc><![CDATA[鼻咽癌]]></desc></option><option><id>B</id><type>text</type><desc><![CDATA[喉癌]]></desc></option><option><id>C</id><type>text</type><desc><![CDATA[食管癌]]></desc></option><option><id>D</id><type>text</type><desc><![CDATA[舌癌]]></desc></option><option><id>E</id><type>text</type><desc><![CDATA[以上都不是]]></desc></option></options><answers><![CDATA[A]]></answers><keypoints><![CDATA[解析：鼻咽癌可压迫咽鼓管口而致分泌性中耳炎。]]></keypoints></question><question><type>2</type><format>html</format><desc><![CDATA[6.患儿哭闹后耳流脓，医生诊断为急性化脓性中耳炎。关于急性化脓性中耳炎下列说法<u><b>错误</b></u>的是]]></desc><options><option><id>A</id><type>text</type><desc><![CDATA[中耳黏膜的急性化脓性炎症]]></desc></option><option><id>B</id><type>text</type><desc><![CDATA[可有畏寒、发热、食欲减退等全身表现]]></desc></option><option><id>C</id><type>text</type><desc><![CDATA[感染途径以咽鼓管途径最常见]]></desc></option><option><id>D</id><type>text</type><desc><![CDATA[病变主要位于耳蜗]]></desc></option><option><id>E</id><type>text</type><desc><![CDATA[足量使用有效抗生素控制感染]]></desc></option></options><answers><![CDATA[D]]></answers><keypoints><![CDATA[解析：急性化脓性中耳炎是中耳黏膜的急性化脓性炎症。好发于儿童，冬春季多见，常继发于上呼吸道感染。病变主要位于鼓室，感染途径以咽鼓管途径最常见。以耳痛、听力减退、耳鸣及耳流脓为主要临床表现。重者可有畏寒、发热、食欲减退等全身表现。主要护理措施是早期、足量使用有效抗生素控制感染，通畅引流，祛除病因。]]></keypoints></question><question><type>2</type><format>html</format><desc><![CDATA[7.李阿姨耳鸣伴听力减退就诊，医生详细检查后诊断为梅尼埃病。<u><b>不符合</b></u>梅尼埃病特征的是]]></desc><options><option><id>A</id><type>text</type><desc><![CDATA[发作性眩晕]]></desc></option><option><id>B</id><type>text</type><desc><![CDATA[以膜迷路积水为基本病理特征]]></desc></option><option><id>C</id><type>text</type><desc><![CDATA[波动性耳聋]]></desc></option><option><id>D</id><type>text</type><desc><![CDATA[耳鸣]]></desc></option><option><id>E</id><type>text</type><desc><![CDATA[中耳疾病]]></desc></option></options><answers><![CDATA[E]]></answers><keypoints><![CDATA[解析：梅尼埃病是以膜迷路积水为基本病理特征的内耳疾病。以发作性眩晕、波动性耳聋、耳鸣为典型临床表现的内耳疾病。]]></keypoints></question><question><type>2</type><format>text</format><desc><![CDATA[8.小王因鼻出血，医生给予1%麻黄碱滴鼻液治疗，1%麻黄碱滴鼻液还可用于治疗下列何种疾病]]></desc><options><option><id>A</id><type>text</type><desc><![CDATA[分泌性中耳炎]]></desc></option><option><id>B</id><type>text</type><desc><![CDATA[成人急性化脓性中耳炎]]></desc></option><option><id>C</id><type>text</type><desc><![CDATA[小儿急性化脓性中耳炎]]></desc></option><option><id>D</id><type>text</type><desc><![CDATA[慢性化脓性中耳炎]]></desc></option><option><id>E</id><type>text</type><desc><![CDATA[以上均可]]></desc></option></options><answers><![CDATA[E]]></answers><keypoints><![CDATA[解析：1%麻黄碱滴鼻主要是收缩鼻腔黏膜，改善咽鼓管通气，故以上疾病均适用。]]></keypoints></question><question><type>2</type><format>text</format><desc><![CDATA[9.毛毛3岁还不会说话，医生初步诊断为耳聋。毛毛妈妈回忆，在妊娠早期患过流感。毛毛耳聋的类型可能属于]]></desc><options><option><id>A</id><type>text</type><desc><![CDATA[传导性耳聋]]></desc></option><option><id>B</id><type>text</type><desc><![CDATA[先天性耳聋]]></desc></option><option><id>C</id><type>text</type><desc><![CDATA[遗传性耳聋]]></desc></option><option><id>D</id><type>text</type><desc><![CDATA[混合性耳聋]]></desc></option><option><id>E</id><type>text</type><desc><![CDATA[感音神经性聋]]></desc></option></options><answers><![CDATA[B]]></answers><keypoints><![CDATA[解析：由于基因或染色体异常所致耳聋为遗传性聋。因妊娠早期母体病毒感染，或大量应用耳毒性药物，或产伤等因素所致耳聋为先天性聋。老年性聋是感音神经性聋较常见的类型。混合性耳聋是中耳、内耳病变同时存在，影响声波的传导与感受所造成的听力障碍。]]></keypoints></question><question><type>2</type><format>text</format><desc><![CDATA[10.小李同学患有外耳道疖。符合外耳道疖描述的是]]></desc><options><option><id>A</id><type>text</type><desc><![CDATA[听力减退]]></desc></option><option><id>B</id><type>text</type><desc><![CDATA[又称弥漫性外耳道炎]]></desc></option><option><id>C</id><type>text</type><desc><![CDATA[病原菌主要是真菌]]></desc></option><option><id>D</id><type>text</type><desc><![CDATA[剧烈耳痛]]></desc></option><option><id>E</id><type>text</type><desc><![CDATA[鼓膜穿孔]]></desc></option></options><answers><![CDATA[D]]></answers><keypoints><![CDATA[解析：外耳道炎是由细菌感染所致的外耳道炎症。分为弥漫性外耳道炎和局限性外耳道炎，后者又称外耳道疖。弥漫性外耳道炎分急、慢性两种。急性者表现为明显耳痛、灼热，皮肤弥漫性红肿或有糜烂，可有少量分泌物流出，耳廓牵引痛及耳屏压痛为本病的重要特征。慢性者外耳道发痒、皮肤增厚、皲裂、脱屑、少许渗出物。外耳道疖剧烈耳痛，张口、咀嚼时加重。主要护理措施清洁外耳道，应用抗菌药物抗感染，对症处理，同时应积极诊治全身性疾病如糖尿病等。]]></keypoints></question></questions></exam>