﻿<?xml version="1.0" encoding="UTF-8"?><exam><id>20181129084122</id><questions><instructions><![CDATA[一、单项选择题]]></instructions><question><type>1</type><format>text</format><desc><![CDATA[1.下列符合不孕症的定义是]]></desc><options><option><id>A</id><type>text</type><desc><![CDATA[女性未避孕，有正常性生活，至少6个月而未受孕者]]></desc></option><option><id>B</id><type>text</type><desc><![CDATA[女性未避孕，有正常性生活，至少12个月而未受孕者]]></desc></option><option><id>C</id><type>text</type><desc><![CDATA[女性未避孕，有正常性生活，至少2年而未受孕者]]></desc></option><option><id>D</id><type>text</type><desc><![CDATA[女性未避孕，有正常性生活，至少3年而未受孕者]]></desc></option><option><id>E</id><type>text</type><desc><![CDATA[女性未避孕，结婚1年仍未受孕者]]></desc></option></options><answers><![CDATA[B]]></answers></question><question><type>1</type><format>text</format><desc><![CDATA[2.继发性不孕症的定义是指]]></desc><options><option><id>A</id><type>text</type><desc><![CDATA[夫妇同居，性生活正常，未避孕，2年未孕者]]></desc></option><option><id>B</id><type>text</type><desc><![CDATA[夫妇同居，性生活正常，未避孕，1年未孕者]]></desc></option><option><id>C</id><type>text</type><desc><![CDATA[夫妇同居，性生活正常，既往曾生育，此后未避孕，2年未孕者]]></desc></option><option><id>D</id><type>text</type><desc><![CDATA[夫妇同居，性生活正常，既往曾生育，此后未避孕，1年未孕者]]></desc></option><option><id>E</id><type>text</type><desc><![CDATA[夫妇同居后1年未孕，一方有无法纠正的解剖生理缺陷]]></desc></option></options><answers><![CDATA[D]]></answers></question><question><type>1</type><format>text</format><desc><![CDATA[3.女方不孕因素中最常见的病因是]]></desc><options><option><id>A</id><type>text</type><desc><![CDATA[无排卵]]></desc></option><option><id>B</id><type>text</type><desc><![CDATA[宫颈细长]]></desc></option><option><id>C</id><type>text</type><desc><![CDATA[输卵管因素]]></desc></option><option><id>D</id><type>text</type><desc><![CDATA[子宫黏膜下肌瘤]]></desc></option><option><id>E</id><type>text</type><desc><![CDATA[子宫内膜异位症]]></desc></option></options><answers><![CDATA[C]]></answers></question><question><type>1</type><format>text</format><desc><![CDATA[4.对疑为输卵管因素所致不孕的检查方法，下列最有价值的是]]></desc><options><option><id>A</id><type>text</type><desc><![CDATA[宫颈黏液]]></desc></option><option><id>B</id><type>text</type><desc><![CDATA[子宫镜检查]]></desc></option><option><id>C</id><type>text</type><desc><![CDATA[输卵管通液试验]]></desc></option><option><id>D</id><type>text</type><desc><![CDATA[子宫输卵管碘油造影]]></desc></option><option><id>E</id><type>text</type><desc><![CDATA[性交后精子穿透力试验]]></desc></option></options><answers><![CDATA[D]]></answers></question><question><type>1</type><format>html</format><desc><![CDATA[5.某患者，女，32岁，婚后2年未孕，男方全面检查均正常，在女方诊疗中<u><b>错误</b></u>的内容是]]></desc><options><option><id>A</id><type>text</type><desc><![CDATA[必须戒烟，不酗酒]]></desc></option><option><id>B</id><type>text</type><desc><![CDATA[积极治疗内科疾病]]></desc></option><option><id>C</id><type>text</type><desc><![CDATA[先试验性服用促排卵药]]></desc></option><option><id>D</id><type>text</type><desc><![CDATA[检查同时增强体质，增进健康]]></desc></option><option><id>E</id><type>text</type><desc><![CDATA[先评估病史，然后全面检查]]></desc></option></options><answers><![CDATA[C]]></answers></question><question><type>1</type><format>html</format><desc><![CDATA[6.为治疗输卵管因素导致的不孕，应<u><b>除外</b></u>]]></desc><options><option><id>A</id><type>text</type><desc><![CDATA[IVF-ET]]></desc></option><option><id>B</id><type>text</type><desc><![CDATA[人工授精]]></desc></option><option><id>C</id><type>text</type><desc><![CDATA[宫腔配子移植]]></desc></option><option><id>D</id><type>text</type><desc><![CDATA[输卵管注药通液术]]></desc></option><option><id>E</id><type>text</type><desc><![CDATA[输卵管口或输卵管吻合术]]></desc></option></options><answers><![CDATA[B]]></answers></question><question><type>1</type><format>text</format><desc><![CDATA[7.试管婴儿的主要适应证是]]></desc><options><option><id>A</id><type>text</type><desc><![CDATA[无排卵]]></desc></option><option><id>B</id><type>text</type><desc><![CDATA[无精症]]></desc></option><option><id>C</id><type>text</type><desc><![CDATA[免疫性不孕]]></desc></option><option><id>D</id><type>text</type><desc><![CDATA[输卵管不通]]></desc></option><option><id>E</id><type>text</type><desc><![CDATA[子宫发育不良]]></desc></option></options><answers><![CDATA[D]]></answers></question><question><type>1</type><format>html</format><desc><![CDATA[8.一对因不孕症就诊的夫妻，丈夫已经完成检查无异常。现需要对妻子进行不孕症有关卵巢功能的检查，下列<u><b>不必要</b></u>的检查是]]></desc><options><option><id>A</id><type>text</type><desc><![CDATA[三合诊检查]]></desc></option><option><id>B</id><type>text</type><desc><![CDATA[基础体温测定]]></desc></option><option><id>C</id><type>text</type><desc><![CDATA[阴道细胞学检查]]></desc></option><option><id>D</id><type>text</type><desc><![CDATA[宫颈黏液涂片检查]]></desc></option><option><id>E</id><type>text</type><desc><![CDATA[经前诊断性刮宫或子宫内膜活检]]></desc></option></options><answers><![CDATA[A]]></answers></question><question><type>1</type><format>text</format><desc><![CDATA[9.一对不孕症的夫妻，向护士询问有关有助于预测排卵手段，护士需要告知该夫妻无损伤、最简单、花费最少的措施是]]></desc><options><option><id>A</id><type>text</type><desc><![CDATA[超声检查]]></desc></option><option><id>B</id><type>text</type><desc><![CDATA[宫颈评分]]></desc></option><option><id>C</id><type>text</type><desc><![CDATA[内分泌测定]]></desc></option><option><id>D</id><type>text</type><desc><![CDATA[腹腔镜检查]]></desc></option><option><id>E</id><type>text</type><desc><![CDATA[基础体温测定]]></desc></option></options><answers><![CDATA[E]]></answers></question><question><type>1</type><format>text</format><desc><![CDATA[10.一名不孕症的妇女，护士对其进行检查前的健康指导，应告知病人进行性交后试验的最佳时间是]]></desc><options><option><id>A</id><type>text</type><desc><![CDATA[经前5天]]></desc></option><option><id>B</id><type>text</type><desc><![CDATA[预测排卵日]]></desc></option><option><id>C</id><type>text</type><desc><![CDATA[两次月经中间]]></desc></option><option><id>D</id><type>text</type><desc><![CDATA[月经干净后5天]]></desc></option><option><id>E</id><type>text</type><desc><![CDATA[非经期任何时间]]></desc></option></options><answers><![CDATA[B]]></answers></question></questions></exam>