<?xml version="1.0" encoding="UTF-8"?><exam><id>20181128172040</id><questions><instructions><![CDATA[一、单项选择题]]></instructions><question><type>1</type><format>text</format><desc><![CDATA[1.关于软产道的组成，正确的是]]></desc><options><option><id>A</id><type>text</type><desc><![CDATA[由子宫体、子宫颈及阴道组成的通道]]></desc></option><option><id>B</id><type>text</type><desc><![CDATA[由子宫颈、阴道及骨盆底软组织组成的通道]]></desc></option><option><id>C</id><type>text</type><desc><![CDATA[由子宫体、子宫底、子宫颈及阴道组成的通道]]></desc></option><option><id>D</id><type>text</type><desc><![CDATA[由子宫体、子宫下段、子宫颈及阴道组成的通道]]></desc></option><option><id>E</id><type>text</type><desc><![CDATA[由子宫下段、子宫颈、阴道及骨盆底软组织组成的通道]]></desc></option></options><answers><![CDATA[E]]></answers></question><question><type>1</type><format>text</format><desc><![CDATA[2.妇女直立时，骨盆入口平面与地面的夹角称骨盆倾斜度，正常值为]]></desc><options><option><id>A</id><type>text</type><desc><![CDATA[50°]]></desc></option><option><id>B</id><type>text</type><desc><![CDATA[55°]]></desc></option><option><id>C</id><type>text</type><desc><![CDATA[60°]]></desc></option><option><id>D</id><type>text</type><desc><![CDATA[65°]]></desc></option><option><id>E</id><type>text</type><desc><![CDATA[70°]]></desc></option></options><answers><![CDATA[C]]></answers></question><question><type>1</type><format>text</format><desc><![CDATA[3.胎头衔接是指胎头最低点接近或达到坐骨棘水平，而进入骨盆入口的是]]></desc><options><option><id>A</id><type>text</type><desc><![CDATA[枕骨]]></desc></option><option><id>B</id><type>text</type><desc><![CDATA[顶骨]]></desc></option><option><id>C</id><type>text</type><desc><![CDATA[双顶径]]></desc></option><option><id>D</id><type>text</type><desc><![CDATA[双肩径]]></desc></option><option><id>E</id><type>text</type><desc><![CDATA[枕下前囟径]]></desc></option></options><answers><![CDATA[C]]></answers></question><question><type>1</type><format>text</format><desc><![CDATA[4.诊断临产开始的标志是]]></desc><options><option><id>A</id><type>text</type><desc><![CDATA[见红]]></desc></option><option><id>B</id><type>text</type><desc><![CDATA[胎膜破裂，羊水流出]]></desc></option><option><id>C</id><type>text</type><desc><![CDATA[已到预产期，孕妇感到腰酸，胎动多]]></desc></option><option><id>D</id><type>text</type><desc><![CDATA[规律而逐渐增强的宫缩，伴进行性宫颈管消失，宫颈扩张和胎先露下降]]></desc></option><option><id>E</id><type>text</type><desc><![CDATA[不规律宫缩伴见红]]></desc></option></options><answers><![CDATA[D]]></answers></question><question><type>1</type><format>html</format><desc><![CDATA[5.下列<u><b>不属于</b></u>产力的是]]></desc><options><option><id>A</id><type>text</type><desc><![CDATA[子宫收缩力]]></desc></option><option><id>B</id><type>text</type><desc><![CDATA[腹肌收缩力]]></desc></option><option><id>C</id><type>text</type><desc><![CDATA[膈肌收缩力]]></desc></option><option><id>D</id><type>text</type><desc><![CDATA[坐骨海绵体肌收缩力]]></desc></option><option><id>E</id><type>text</type><desc><![CDATA[肛提肌收缩力]]></desc></option></options><answers><![CDATA[D]]></answers></question><question><type>1</type><format>text</format><desc><![CDATA[6.产程进展的标志]]></desc><options><option><id>A</id><type>text</type><desc><![CDATA[宫缩强度]]></desc></option><option><id>B</id><type>text</type><desc><![CDATA[宫缩频率]]></desc></option><option><id>C</id><type>text</type><desc><![CDATA[抬头下降和宫口扩张]]></desc></option><option><id>D</id><type>text</type><desc><![CDATA[产妇情况]]></desc></option><option><id>E</id><type>text</type><desc><![CDATA[疼痛程度]]></desc></option></options><answers><![CDATA[C]]></answers></question><question><type>1</type><format>text</format><desc><![CDATA[7.Apgar评分所评定的内容]]></desc><options><option><id>A</id><type>text</type><desc><![CDATA[呼吸，心率，脉搏，哭声，肌张力]]></desc></option><option><id>B</id><type>text</type><desc><![CDATA[呼吸，心率，皮肤颜色，哭声，肌张力]]></desc></option><option><id>C</id><type>text</type><desc><![CDATA[呼吸，心率，皮肤颜色，喉反射，肌张力]]></desc></option><option><id>D</id><type>text</type><desc><![CDATA[呼吸，心率，脉搏，喉反射，，肌张力]]></desc></option><option><id>E</id><type>text</type><desc><![CDATA[呼吸，心率，体温，哭声，肌张力]]></desc></option></options><answers><![CDATA[C]]></answers></question><question><type>1</type><format>text</format><desc><![CDATA[8.分娩期宫颈扩张的主要依靠]]></desc><options><option><id>A</id><type>text</type><desc><![CDATA[子宫收缩及缩复作用]]></desc></option><option><id>B</id><type>text</type><desc><![CDATA[腹压]]></desc></option><option><id>C</id><type>text</type><desc><![CDATA[宫底韧带牵拉]]></desc></option><option><id>D</id><type>text</type><desc><![CDATA[羊水压力]]></desc></option><option><id>E</id><type>text</type><desc><![CDATA[子宫括韧带牵拉]]></desc></option></options><answers><![CDATA[A]]></answers></question><question><type>1</type><format>text</format><desc><![CDATA[9.临产后肛查了解胎头下降程度的标志]]></desc><options><option><id>A</id><type>text</type><desc><![CDATA[骶岬]]></desc></option><option><id>B</id><type>text</type><desc><![CDATA[坐骨结界]]></desc></option><option><id>C</id><type>text</type><desc><![CDATA[坐骨棘]]></desc></option><option><id>D</id><type>text</type><desc><![CDATA[坐骨切迹]]></desc></option><option><id>E</id><type>text</type><desc><![CDATA[耻骨联合]]></desc></option></options><answers><![CDATA[C]]></answers></question><question><type>1</type><format>text</format><desc><![CDATA[10.临产后最主要的产力]]></desc><options><option><id>A</id><type>text</type><desc><![CDATA[子宫收缩力]]></desc></option><option><id>B</id><type>text</type><desc><![CDATA[腹肌收缩力]]></desc></option><option><id>C</id><type>text</type><desc><![CDATA[膈肌收缩力]]></desc></option><option><id>D</id><type>text</type><desc><![CDATA[肛提肌收缩力]]></desc></option><option><id>E</id><type>text</type><desc><![CDATA[骨骼肌收缩力]]></desc></option></options><answers><![CDATA[A]]></answers></question><question><type>1</type><format>text</format><desc><![CDATA[11.临产后，子宫收缩最强的部分是]]></desc><options><option><id>A</id><type>text</type><desc><![CDATA[角部]]></desc></option><option><id>B</id><type>text</type><desc><![CDATA[底部]]></desc></option><option><id>C</id><type>text</type><desc><![CDATA[狭部]]></desc></option><option><id>D</id><type>text</type><desc><![CDATA[下段]]></desc></option><option><id>E</id><type>text</type><desc><![CDATA[颈部]]></desc></option></options><answers><![CDATA[B]]></answers></question><question><type>1</type><format>text</format><desc><![CDATA[12.正常分娩时，保护会阴的时间是]]></desc><options><option><id>A</id><type>text</type><desc><![CDATA[初产妇胎先露拨露使会阴后联合皮肤紧张时]]></desc></option><option><id>B</id><type>text</type><desc><![CDATA[初产妇胎先露着冠]]></desc></option><option><id>C</id><type>text</type><desc><![CDATA[初产妇宫口开全]]></desc></option><option><id>D</id><type>text</type><desc><![CDATA[经产妇宫口开4～5cm，宫缩规律有力时]]></desc></option><option><id>E</id><type>text</type><desc><![CDATA[初产妇宫口开4～5cm，宫缩规律有力时]]></desc></option></options><answers><![CDATA[A]]></answers></question><question><type>1</type><format>text</format><desc><![CDATA[13.能确切判断进入第二产程征像的是]]></desc><options><option><id>A</id><type>text</type><desc><![CDATA[产妇摒弃向下用力]]></desc></option><option><id>B</id><type>text</type><desc><![CDATA[宫颈口开全]]></desc></option><option><id>C</id><type>text</type><desc><![CDATA[肛门松弛]]></desc></option><option><id>D</id><type>text</type><desc><![CDATA[胎膜已破]]></desc></option><option><id>E</id><type>text</type><desc><![CDATA[先露下降]]></desc></option></options><answers><![CDATA[B]]></answers></question><question><type>1</type><format>text</format><desc><![CDATA[14.新生儿娩出后，首先处理]]></desc><options><option><id>A</id><type>text</type><desc><![CDATA[刺激新生儿使其大声啼哭]]></desc></option><option><id>B</id><type>text</type><desc><![CDATA[清理呼吸道]]></desc></option><option><id>C</id><type>text</type><desc><![CDATA[无呼吸者用呼吸刺激剂]]></desc></option><option><id>D</id><type>text</type><desc><![CDATA[脐血管内注射强心剂]]></desc></option><option><id>E</id><type>text</type><desc><![CDATA[保暖]]></desc></option></options><answers><![CDATA[B]]></answers></question><question><type>1</type><format>text</format><desc><![CDATA[15.产妇产后应在产房内观察时间]]></desc><options><option><id>A</id><type>text</type><desc><![CDATA[30分钟]]></desc></option><option><id>B</id><type>text</type><desc><![CDATA[1h]]></desc></option><option><id>C</id><type>text</type><desc><![CDATA[1.5h]]></desc></option><option><id>D</id><type>text</type><desc><![CDATA[2h]]></desc></option><option><id>E</id><type>text</type><desc><![CDATA[2.5h]]></desc></option></options><answers><![CDATA[D]]></answers></question><question><type>1</type><format>text</format><desc><![CDATA[16.总产程是指]]></desc><options><option><id>A</id><type>text</type><desc><![CDATA[规律宫缩至胎儿娩出]]></desc></option><option><id>B</id><type>text</type><desc><![CDATA[规律宫缩至胎盘娩出]]></desc></option><option><id>C</id><type>text</type><desc><![CDATA[见红至胎儿娩出]]></desc></option><option><id>D</id><type>text</type><desc><![CDATA[见红至胎盘脱离]]></desc></option><option><id>E</id><type>text</type><desc><![CDATA[规律宫缩至产后24小时]]></desc></option></options><answers><![CDATA[B]]></answers></question><question><type>1</type><format>html</format><desc><![CDATA[17.软产道<u><b>不包括</b></u>]]></desc><options><option><id>A</id><type>text</type><desc><![CDATA[子宫底]]></desc></option><option><id>B</id><type>text</type><desc><![CDATA[子宫颈]]></desc></option><option><id>C</id><type>text</type><desc><![CDATA[子宫下段]]></desc></option><option><id>D</id><type>text</type><desc><![CDATA[阴道]]></desc></option><option><id>E</id><type>text</type><desc><![CDATA[会阴]]></desc></option></options><answers><![CDATA[A]]></answers></question><question><type>1</type><format>html</format><desc><![CDATA[18.下列哪一<u><b>不属于</b></u>临产开始的标志]]></desc><options><option><id>A</id><type>text</type><desc><![CDATA[规律子宫收缩且逐渐最强]]></desc></option><option><id>B</id><type>text</type><desc><![CDATA[阴道流水]]></desc></option><option><id>C</id><type>text</type><desc><![CDATA[宫颈管进行性消失]]></desc></option><option><id>D</id><type>text</type><desc><![CDATA[先露下降]]></desc></option><option><id>E</id><type>text</type><desc><![CDATA[宫颈口扩张]]></desc></option></options><answers><![CDATA[B]]></answers></question><question><type>1</type><format>html</format><desc><![CDATA[19.下列哪项<u><b>不是</b></u>胎盘剥离的征像]]></desc><options><option><id>A</id><type>text</type><desc><![CDATA[宫底升高]]></desc></option><option><id>B</id><type>text</type><desc><![CDATA[少量阴道流血]]></desc></option><option><id>C</id><type>text</type><desc><![CDATA[外露的脐带自行延长]]></desc></option><option><id>D</id><type>text</type><desc><![CDATA[于耻骨联合压子宫下段，脐带回缩]]></desc></option><option><id>E</id><type>text</type><desc><![CDATA[宫体变硬]]></desc></option></options><answers><![CDATA[D]]></answers></question><question><type>1</type><format>html</format><desc><![CDATA[20.一般胎盘娩出期<u><b>不得超过</b></u>]]></desc><options><option><id>A</id><type>text</type><desc><![CDATA[5分钟]]></desc></option><option><id>B</id><type>text</type><desc><![CDATA[10分钟]]></desc></option><option><id>C</id><type>text</type><desc><![CDATA[25分钟]]></desc></option><option><id>D</id><type>text</type><desc><![CDATA[30分钟]]></desc></option><option><id>E</id><type>text</type><desc><![CDATA[60分钟]]></desc></option></options><answers><![CDATA[D]]></answers></question><question><type>1</type><format>text</format><desc><![CDATA[21.出生1分钟的新生儿,心率94次/分,无呼吸,四肢稍屈,无喉反射,口唇青紫全身苍白，Apgar评分评为]]></desc><options><option><id>A</id><type>text</type><desc><![CDATA[1分]]></desc></option><option><id>B</id><type>text</type><desc><![CDATA[2分]]></desc></option><option><id>C</id><type>text</type><desc><![CDATA[3分]]></desc></option><option><id>D</id><type>text</type><desc><![CDATA[4分]]></desc></option><option><id>E</id><type>text</type><desc><![CDATA[5分]]></desc></option></options><answers><![CDATA[B]]></answers></question><question><type>1</type><format>text</format><desc><![CDATA[22.初产妇，正常阴道分娩。第二产程时宫缩频繁，疼痛难忍，痛苦呻吟。此时护士最恰当的沟通方式是]]></desc><options><option><id>A</id><type>text</type><desc><![CDATA[劝其忍耐]]></desc></option><option><id>B</id><type>text</type><desc><![CDATA[默默陪伴]]></desc></option><option><id>C</id><type>text</type><desc><![CDATA[抚摸腹部]]></desc></option><option><id>D</id><type>text</type><desc><![CDATA[握紧产妇的手]]></desc></option><option><id>E</id><type>text</type><desc><![CDATA[投以关切的目光]]></desc></option></options><answers><![CDATA[C]]></answers></question><question><type>1</type><format>text</format><desc><![CDATA[23.30岁初产妇，妊娠40周顺产。胎儿经阴道娩出后护士立即为其按摩子宫并协助胎盘娩出，这一行为可能导致的不良后果是]]></desc><options><option><id>A</id><type>text</type><desc><![CDATA[胎盘粘连]]></desc></option><option><id>B</id><type>text</type><desc><![CDATA[胎盘卒中]]></desc></option><option><id>C</id><type>text</type><desc><![CDATA[胎盘嵌顿]]></desc></option><option><id>D</id><type>text</type><desc><![CDATA[胎盘植入]]></desc></option><option><id>E</id><type>text</type><desc><![CDATA[胎盘剥离不全]]></desc></option></options><answers><![CDATA[E]]></answers></question><question><type>1</type><format>html</format><desc><![CDATA[24.26岁孕妇，妊娠足月，入院待产。夜间呼唤护士，自述感觉胎动过频。此时<u><b>最不恰当</b></u>的处理是]]></desc><options><option><id>A</id><type>text</type><desc><![CDATA[立即听胎心音]]></desc></option><option><id>B</id><type>text</type><desc><![CDATA[通知值班医生]]></desc></option><option><id>C</id><type>text</type><desc><![CDATA[吸氧]]></desc></option><option><id>D</id><type>text</type><desc><![CDATA[左侧卧位]]></desc></option><option><id>E</id><type>text</type><desc><![CDATA[立即做剖腹产准备]]></desc></option></options><answers><![CDATA[E]]></answers></question></questions></exam>