﻿<?xml version="1.0" encoding="UTF-8"?><exam><id>20181128173004</id><questions><instructions><![CDATA[一、单项选择题]]></instructions><question><type>1</type><format>html</format><desc><![CDATA[1.子痫患者发生抽搐时，护理措施<u><b>错误的</b></u>是]]></desc><options><option><id>A</id><type>text</type><desc><![CDATA[置病人于安静、暗光的单人病室]]></desc></option><option><id>B</id><type>text</type><desc><![CDATA[保持呼吸道通畅，立即給氧，取头低偏侧位]]></desc></option><option><id>C</id><type>text</type><desc><![CDATA[防止坠床，防止唇舌咬伤]]></desc></option><option><id>D</id><type>text</type><desc><![CDATA[严密观察生命体征、及时发现并发症]]></desc></option><option><id>E</id><type>text</type><desc><![CDATA[抽搐控制后3小时可考虑终止妊娠]]></desc></option></options><answers><![CDATA[E]]></answers></question><question><type>1</type><format>text</format><desc><![CDATA[2.硫酸镁用于重度子痫前期治疗如发生中毒最早出现的症状，正确的是]]></desc><options><option><id>A</id><type>text</type><desc><![CDATA[呼吸减慢]]></desc></option><option><id>B</id><type>text</type><desc><![CDATA[心率减慢]]></desc></option><option><id>C</id><type>text</type><desc><![CDATA[膝反射消失]]></desc></option><option><id>D</id><type>text</type><desc><![CDATA[尿量减少]]></desc></option><option><id>E</id><type>text</type><desc><![CDATA[心慌、气促]]></desc></option></options><answers><![CDATA[C]]></answers></question><question><type>1</type><format>html</format><desc><![CDATA[3.关于妊娠期高血压水肿的描述，<u><b>错误的</b></u>是]]></desc><options><option><id>A</id><type>text</type><desc><![CDATA[水肿仅限于踝部，休息后缓解是（+）]]></desc></option><option><id>B</id><type>text</type><desc><![CDATA[水肿延及大腿为（++）]]></desc></option><option><id>C</id><type>text</type><desc><![CDATA[水肿延及外阴和腹壁为（+++）]]></desc></option><option><id>D</id><type>text</type><desc><![CDATA[全身水肿或伴有腹水为（++++）]]></desc></option><option><id>E</id><type>text</type><desc><![CDATA[孕妇体重于一周内增加0.5kg以上，有隐性水肿的可能]]></desc></option></options><answers><![CDATA[A]]></answers></question><question><type>1</type><format>text</format><desc><![CDATA[4.妊娠合并糖尿病，对母儿的危害及其程度取决于]]></desc><options><option><id>A</id><type>text</type><desc><![CDATA[是否是妊娠期原发]]></desc></option><option><id>B</id><type>text</type><desc><![CDATA[孕产妇年龄及一般情况]]></desc></option><option><id>C</id><type>text</type><desc><![CDATA[发病及干预时间的早晚]]></desc></option><option><id>D</id><type>text</type><desc><![CDATA[病情及血糖控制水平]]></desc></option><option><id>E</id><type>text</type><desc><![CDATA[妊娠出现不良结局]]></desc></option></options><answers><![CDATA[D]]></answers></question><question><type>1</type><format>html</format><desc><![CDATA[5.妊娠期合并糖尿病，其护理措施<u><b>不正确</b></u>的是]]></desc><options><option><id>A</id><type>text</type><desc><![CDATA[应对孕妇进行严格的血糖监测，确保血糖接近正常水平，必要时可行动态血糖监测]]></desc></option><option><id>B</id><type>text</type><desc><![CDATA[孕期体重增加在10～12㎏较为理]]></desc></option><option><id>C</id><type>text</type><desc><![CDATA[胰岛素对胎儿安全，建议使用胰岛素控制血糖]]></desc></option><option><id>D</id><type>text</type><desc><![CDATA[分娩后24小时内胰岛素减至原用量的1/2或1/3，48小时减少到原用量的1/3，产后须重新评估胰岛素的需要量。]]></desc></option><option><id>E</id><type>text</type><desc><![CDATA[新生儿娩出立即开始定时滴服25%葡萄糖液，预防新生儿低血糖。]]></desc></option></options><answers><![CDATA[E]]></answers></question><question><type>1</type><format>text</format><desc><![CDATA[6.王女士，孕38周初产，自诉头晕1周，腹痛伴阴道少量出血2小时。检查：血压160／110mmHg，下肢水肿（＋＋），尿蛋白（＋＋＋）；宫缩不规则，阴道检查宫颈口未开；胎心音156次／分。正确的诊断是]]></desc><options><option><id>A</id><type>text</type><desc><![CDATA[重度子痫前期]]></desc></option><option><id>B</id><type>text</type><desc><![CDATA[重度子痫前期合并胎盘早剥]]></desc></option><option><id>C</id><type>text</type><desc><![CDATA[重度子痫前期先兆临产]]></desc></option><option><id>D</id><type>text</type><desc><![CDATA[先兆子宫破裂]]></desc></option><option><id>E</id><type>text</type><desc><![CDATA[前置胎盘]]></desc></option></options><answers><![CDATA[C]]></answers></question><question><type>1</type><format>html</format><desc><![CDATA[7.王女士，35岁，初产妇，孕36周，妊娠前血压120／75mmＨg。近一个月双下肢浮肿及头疼视物模糊来诊。查血压160／110mmHg，水肿（+++）尿常规检查蛋白（＋＋＋）。该案例相关描述<u><b>错误</b></u>的是]]></desc><options><option><id>A</id><type>text</type><desc><![CDATA[诊断：孕1产0，妊娠36周，重度子痫前期]]></desc></option><option><id>B</id><type>text</type><desc><![CDATA[诊疗原则:解痉，降压，镇静，合理扩容，必要时利尿，适时终止妊娠]]></desc></option><option><id>C</id><type>text</type><desc><![CDATA[体液过多 与水钠潴留，低蛋白血症有关]]></desc></option><option><id>D</id><type>text</type><desc><![CDATA[有胎儿窘迫宫内的可能]]></desc></option><option><id>E</id><type>text</type><desc><![CDATA[病情严重，立即做好剖宫产术前准备]]></desc></option></options><answers><![CDATA[E]]></answers></question><question><type>1</type><format>html</format><desc><![CDATA[8.女，38岁，G<sub>2</sub>P<sub>1</sub>孕28周，门诊产前检查，尿糖阳性。以下处理措施，<u><b>不正确</b></u>的是]]></desc><options><option><id>A</id><type>text</type><desc><![CDATA[询问孕前有无糖尿病病史及家庭史]]></desc></option><option><id>B</id><type>text</type><desc><![CDATA[询问上一次妊娠、分娩及产褥情况]]></desc></option><option><id>C</id><type>text</type><desc><![CDATA[询问本次妊娠情况，注意有无“三多一少”等临床征象]]></desc></option><option><id>D</id><type>text</type><desc><![CDATA[查血糖及糖化血红蛋白]]></desc></option><option><id>E</id><type>text</type><desc><![CDATA[列为高危妊娠管理范畴]]></desc></option></options><answers><![CDATA[E]]></answers></question></questions></exam>