﻿<?xml version="1.0" encoding="UTF-8"?><exam><id>20181128172401</id><questions><instructions><![CDATA[一、单项选择题]]></instructions><question><type>1</type><format>text</format><desc><![CDATA[1.提示胎儿-胎盘功能减退的试验结果是]]></desc><options><option><id>A</id><type>text</type><desc><![CDATA[子宫收缩后胎心率增加15～20次/分]]></desc></option><option><id>B</id><type>text</type><desc><![CDATA[子宫收缩同时出现胎心早期减速]]></desc></option><option><id>C</id><type>text</type><desc><![CDATA[无应激试验（NST）有反应]]></desc></option><option><id>D</id><type>text</type><desc><![CDATA[催产素激惹试验（OCT）阳性]]></desc></option><option><id>E</id><type>text</type><desc><![CDATA[子宫收缩后，胎心率减慢，下降幅度＜50次/分]]></desc></option></options><answers><![CDATA[D]]></answers></question><question><type>1</type><format>html</format><desc><![CDATA[2.关于轻度窒息的新生儿，<u><b>错误</b></u>的是]]></desc><options><option><id>A</id><type>text</type><desc><![CDATA[面部与全身皮肤呈青紫色]]></desc></option><option><id>B</id><type>text</type><desc><![CDATA[心跳规则且有力]]></desc></option><option><id>C</id><type>text</type><desc><![CDATA[对外界刺激有反应]]></desc></option><option><id>D</id><type>text</type><desc><![CDATA[肌张力好，四肢稍屈]]></desc></option><option><id>E</id><type>text</type><desc><![CDATA[喉反射消失]]></desc></option></options><answers><![CDATA[E]]></answers></question><question><type>1</type><format>text</format><desc><![CDATA[3.新生儿出生后，首先的护理措施为]]></desc><options><option><id>A</id><type>text</type><desc><![CDATA[擦干净血迹]]></desc></option><option><id>B</id><type>text</type><desc><![CDATA[让母亲看清性别]]></desc></option><option><id>C</id><type>text</type><desc><![CDATA[断脐带]]></desc></option><option><id>D</id><type>text</type><desc><![CDATA[清理呼吸道]]></desc></option><option><id>E</id><type>text</type><desc><![CDATA[保暖]]></desc></option></options><answers><![CDATA[D]]></answers></question><question><type>1</type><format>text</format><desc><![CDATA[4.妊娠晚期抽取羊水检查，提示胎儿肺成熟的卵磷脂/鞘磷脂比值（L/S）为]]></desc><options><option><id>A</id><type>text</type><desc><![CDATA[L/S＞1.5]]></desc></option><option><id>B</id><type>text</type><desc><![CDATA[L/S＞2.0]]></desc></option><option><id>C</id><type>text</type><desc><![CDATA[L/S＜2.0]]></desc></option><option><id>D</id><type>text</type><desc><![CDATA[L/S＜1.5]]></desc></option><option><id>E</id><type>text</type><desc><![CDATA[L/S＜1.0]]></desc></option></options><answers><![CDATA[B]]></answers></question><question><type>1</type><format>text</format><desc><![CDATA[5.属于高危妊娠范畴的是]]></desc><options><option><id>A</id><type>text</type><desc><![CDATA[胎盘功能下降者]]></desc></option><option><id>B</id><type>text</type><desc><![CDATA[有妊娠合并症或并发症者]]></desc></option><option><id>C</id><type>text</type><desc><![CDATA[本次妊娠可能发生难产者]]></desc></option><option><id>D</id><type>text</type><desc><![CDATA[既往有过自然流产史者]]></desc></option><option><id>E</id><type>text</type><desc><![CDATA[以上都是]]></desc></option></options><answers><![CDATA[E]]></answers></question><question><type>1</type><format>text</format><desc><![CDATA[6.妊娠图中最主要的曲线是]]></desc><options><option><id>A</id><type>text</type><desc><![CDATA[血压曲线]]></desc></option><option><id>B</id><type>text</type><desc><![CDATA[胎心率曲线]]></desc></option><option><id>C</id><type>text</type><desc><![CDATA[宫底高度曲线]]></desc></option><option><id>D</id><type>text</type><desc><![CDATA[胎头双顶径曲线]]></desc></option><option><id>E</id><type>text</type><desc><![CDATA[体重曲线]]></desc></option></options><answers><![CDATA[C]]></answers></question><question><type>1</type><format>html</format><desc><![CDATA[7.有关雌三醇测定，<u><b>错误</b></u>的是]]></desc><options><option><id>A</id><type>text</type><desc><![CDATA[测定E<sub>3</sub>值可用于判断胎盘功能]]></desc></option><option><id>B</id><type>text</type><desc><![CDATA[一般测24小时尿雌三醇含量]]></desc></option><option><id>C</id><type>text</type><desc><![CDATA[最好自妊娠20周起测定24小时尿雌三醇]]></desc></option><option><id>D</id><type>text</type><desc><![CDATA[测孕妇随意尿中雌激素/肌酐比值以估计胎盘功能]]></desc></option><option><id>E</id><type>text</type><desc><![CDATA[雌三醇为15mg/24h为正常值]]></desc></option></options><answers><![CDATA[C]]></answers></question><question><type>1</type><format>html</format><desc><![CDATA[8.关于羊水检查，<u><b>错误</b></u>的是]]></desc><options><option><id>A</id><type>text</type><desc><![CDATA[L/S比值用于提示胎儿肺成熟度]]></desc></option><option><id>B</id><type>text</type><desc><![CDATA[淀粉酶值用于提示胰腺成熟度]]></desc></option><option><id>C</id><type>text</type><desc><![CDATA[脂肪细胞出现率用于提示皮肤成熟度]]></desc></option><option><id>D</id><type>text</type><desc><![CDATA[肌酐用于提示肾脏成熟度]]></desc></option><option><id>E</id><type>text</type><desc><![CDATA[胆红素类物质用于提示胎儿肝脏成熟度]]></desc></option></options><answers><![CDATA[B]]></answers></question><question><type>1</type><format>html</format><desc><![CDATA[9.高危孕妇的一般处理中，措施<u><b>不恰当</b></u>的是]]></desc><options><option><id>A</id><type>text</type><desc><![CDATA[给予高蛋白.高能量饮食]]></desc></option><option><id>B</id><type>text</type><desc><![CDATA[补充足够的维生素和铁.钙]]></desc></option><option><id>C</id><type>text</type><desc><![CDATA[多卧床休息，一般取右侧卧位]]></desc></option><option><id>D</id><type>text</type><desc><![CDATA[早期发现遗传性疾病及时处理]]></desc></option><option><id>E</id><type>text</type><desc><![CDATA[增加产前检查的次数]]></desc></option></options><answers><![CDATA[C]]></answers></question><question><type>1</type><format>text</format><desc><![CDATA[10.高危妊娠的产科处理措施中正确的是]]></desc><options><option><id>A</id><type>text</type><desc><![CDATA[持续给产妇吸氧，以增加胎儿氧供]]></desc></option><option><id>B</id><type>text</type><desc><![CDATA[预防早产，可按医嘱用催产素抑制宫缩]]></desc></option><option><id>C</id><type>text</type><desc><![CDATA[严密观察胎心，尽量少用麻醉镇静药物]]></desc></option><option><id>D</id><type>text</type><desc><![CDATA[可于妊娠前用盐皮质激素防止新生儿呼吸窘迫综合征]]></desc></option><option><id>E</id><type>text</type><desc><![CDATA[静脉滴注葡萄糖加维生素C]]></desc></option></options><answers><![CDATA[B]]></answers></question><question><type>1</type><format>html</format><desc><![CDATA[11.孕妇尿雌三醇（E<sub>3</sub>）测定，正常为]]></desc><options><option><id>A</id><type>text</type><desc><![CDATA[15mg/24h]]></desc></option><option><id>B</id><type>text</type><desc><![CDATA[12mg/24h]]></desc></option><option><id>C</id><type>text</type><desc><![CDATA[10mg/24h]]></desc></option><option><id>D</id><type>text</type><desc><![CDATA[20mg/24h]]></desc></option><option><id>E</id><type>text</type><desc><![CDATA[25mg/24h]]></desc></option></options><answers><![CDATA[A]]></answers></question></questions></exam>