﻿<?xml version="1.0" encoding="UTF-8"?><exam><id>20181129083044</id><questions><instructions><![CDATA[一、单项选择题]]></instructions><question><type>1</type><format>text</format><desc><![CDATA[1.阴道内有大量脓性、黄绿色、呈泡沫状分泌物，最可能的疾病是]]></desc><options><option><id>A</id><type>text</type><desc><![CDATA[外阴阴道假丝酵母菌病]]></desc></option><option><id>B</id><type>text</type><desc><![CDATA[细菌性阴道炎]]></desc></option><option><id>C</id><type>text</type><desc><![CDATA[滴虫性阴道炎]]></desc></option><option><id>D</id><type>text</type><desc><![CDATA[宫颈糜烂]]></desc></option><option><id>E</id><type>text</type><desc><![CDATA[萎缩性阴道炎]]></desc></option></options><answers><![CDATA[C]]></answers></question><question><type>1</type><format>text</format><desc><![CDATA[2.对于萎缩性阴道炎正确的描述是]]></desc><options><option><id>A</id><type>text</type><desc><![CDATA[口服尼尔雌醇有效]]></desc></option><option><id>B</id><type>text</type><desc><![CDATA[阴道壁常有较深溃疡]]></desc></option><option><id>C</id><type>text</type><desc><![CDATA[常见于围绝经期妇女]]></desc></option><option><id>D</id><type>text</type><desc><![CDATA[治疗上应用广谱抗生素]]></desc></option><option><id>E</id><type>text</type><desc><![CDATA[宜用碱性液体冲洗]]></desc></option></options><answers><![CDATA[A]]></answers></question><question><type>1</type><format>text</format><desc><![CDATA[3.急性子宫颈炎症的主要治疗是]]></desc><options><option><id>A</id><type>text</type><desc><![CDATA[阴道冲洗]]></desc></option><option><id>B</id><type>text</type><desc><![CDATA[不做处理继续观察]]></desc></option><option><id>C</id><type>text</type><desc><![CDATA[局部患病部位切除]]></desc></option><option><id>D</id><type>text</type><desc><![CDATA[首先考虑手术切除宫颈]]></desc></option><option><id>E</id><type>text</type><desc><![CDATA[以口服抗生素药物治疗为主]]></desc></option></options><answers><![CDATA[E]]></answers></question><question><type>1</type><format>text</format><desc><![CDATA[4.在阴道自净作用中，能将糖原分解为乳酸的细菌是]]></desc><options><option><id>A</id><type>text</type><desc><![CDATA[链球菌]]></desc></option><option><id>B</id><type>text</type><desc><![CDATA[乳酸杆菌]]></desc></option><option><id>C</id><type>text</type><desc><![CDATA[加德纳菌]]></desc></option><option><id>D</id><type>text</type><desc><![CDATA[大肠埃希菌]]></desc></option><option><id>E</id><type>text</type><desc><![CDATA[葡萄球菌]]></desc></option></options><answers><![CDATA[B]]></answers></question><question><type>1</type><format>text</format><desc><![CDATA[5.以血行传播方式为主，引起盆腔炎的病原体是]]></desc><options><option><id>A</id><type>text</type><desc><![CDATA[葡萄球菌]]></desc></option><option><id>B</id><type>text</type><desc><![CDATA[淋病奈瑟菌]]></desc></option><option><id>C</id><type>text</type><desc><![CDATA[沙眼衣原体]]></desc></option><option><id>D</id><type>text</type><desc><![CDATA[大肠杆菌]]></desc></option><option><id>E</id><type>text</type><desc><![CDATA[结核分枝杆菌]]></desc></option></options><answers><![CDATA[E]]></answers></question><question><type>1</type><format>text</format><desc><![CDATA[6.盆腔炎性疾病考虑有脓毒血症存在时，需要选择的检查项目是]]></desc><options><option><id>A</id><type>text</type><desc><![CDATA[尿培养]]></desc></option><option><id>B</id><type>text</type><desc><![CDATA[血培养]]></desc></option><option><id>C</id><type>text</type><desc><![CDATA[血常规]]></desc></option><option><id>D</id><type>text</type><desc><![CDATA[宫颈分泌物培养]]></desc></option><option><id>E</id><type>text</type><desc><![CDATA[后穹隆穿刺抽出脓液]]></desc></option></options><answers><![CDATA[B]]></answers></question><question><type>1</type><format>html</format><desc><![CDATA[7.盆腔炎性疾病后遗症的临床表现，<u><b>不包括</b></u>]]></desc><options><option><id>A</id><type>text</type><desc><![CDATA[不孕]]></desc></option><option><id>B</id><type>text</type><desc><![CDATA[月经失调]]></desc></option><option><id>C</id><type>text</type><desc><![CDATA[月经增多]]></desc></option><option><id>D</id><type>text</type><desc><![CDATA[高热、寒战、头痛]]></desc></option><option><id>E</id><type>text</type><desc><![CDATA[下腹部坠胀、疼痛]]></desc></option></options><answers><![CDATA[D]]></answers></question><question><type>1</type><format>text</format><desc><![CDATA[8.女性盆腔炎性疾病多发生在]]></desc><options><option><id>A</id><type>text</type><desc><![CDATA[初潮前]]></desc></option><option><id>B</id><type>text</type><desc><![CDATA[绝经后]]></desc></option><option><id>C</id><type>text</type><desc><![CDATA[未婚者]]></desc></option><option><id>D</id><type>text</type><desc><![CDATA[老年期]]></desc></option><option><id>E</id><type>text</type><desc><![CDATA[性活跃期]]></desc></option></options><answers><![CDATA[E]]></answers></question><question><type>1</type><format>html</format><desc><![CDATA[9.一名32岁门诊就医病人，诊断为外阴阴道假丝酵母菌病，询问疾病的诱发因素，护士的回答应<u><b>除外</b></u>]]></desc><options><option><id>A</id><type>text</type><desc><![CDATA[妊娠]]></desc></option><option><id>B</id><type>text</type><desc><![CDATA[糖尿病]]></desc></option><option><id>C</id><type>text</type><desc><![CDATA[口服甲硝唑]]></desc></option><option><id>D</id><type>text</type><desc><![CDATA[长期口服避孕药]]></desc></option><option><id>E</id><type>text</type><desc><![CDATA[阴道局部免疫功能下降]]></desc></option></options><answers><![CDATA[C]]></answers></question><question><type>1</type><format>html</format><desc><![CDATA[10.某妇女患盆腔炎性疾病后遗症，其对该疾病的治疗方法认识<u><b>不正确</b></u>的是]]></desc><options><option><id>A</id><type>text</type><desc><![CDATA[物理治疗]]></desc></option><option><id>B</id><type>text</type><desc><![CDATA[抗生素治疗]]></desc></option><option><id>C</id><type>text</type><desc><![CDATA[不需手术治疗]]></desc></option><option><id>D</id><type>text</type><desc><![CDATA[增加营养，锻炼身体，提高抵抗力]]></desc></option><option><id>E</id><type>text</type><desc><![CDATA[单一疗法效果差，采用综合治疗为主]]></desc></option></options><answers><![CDATA[C]]></answers></question></questions></exam>