{"_ZVING_RESULT":"[{\"id\":\"41061755\",\"pid\":\"0\",\"name\":\"绪论\",\"level\":\"0\",\"code\":\"41061754\",\"directorycode\":\"1\",\"directorytype\":\"body\"},{\"id\":\"41061757\",\"pid\":\"0\",\"name\":\"第一章 运动系统\",\"level\":\"0\",\"code\":\"41061756\",\"directorycode\":\"2\",\"directorytype\":\"body\"},{\"id\":\"41061759\",\"pid\":\"0\",\"name\":\"第二章 消化系统\",\"level\":\"0\",\"code\":\"41061758\",\"directorycode\":\"3\",\"directorytype\":\"body\"},{\"id\":\"41061761\",\"pid\":\"0\",\"name\":\"第三章 呼吸系统\",\"level\":\"0\",\"code\":\"41061760\",\"directorycode\":\"4\",\"directorytype\":\"body\"},{\"id\":\"41061763\",\"pid\":\"0\",\"name\":\"第四章 泌尿系统\",\"level\":\"0\",\"code\":\"41061762\",\"directorycode\":\"5\",\"directorytype\":\"body\"},{\"id\":\"41061765\",\"pid\":\"0\",\"name\":\"第五章 生殖系统\",\"level\":\"0\",\"code\":\"41061764\",\"directorycode\":\"6\",\"directorytype\":\"body\"},{\"id\":\"41061767\",\"pid\":\"0\",\"name\":\"第六章 脉管系统\",\"level\":\"0\",\"code\":\"41061766\",\"directorycode\":\"7\",\"directorytype\":\"body\"},{\"id\":\"41061769\",\"pid\":\"0\",\"name\":\"第七章 感觉器\",\"level\":\"0\",\"code\":\"41061768\",\"directorycode\":\"8\",\"directorytype\":\"body\"},{\"id\":\"41061771\",\"pid\":\"0\",\"name\":\"第八章 神经系统\",\"level\":\"0\",\"code\":\"41061770\",\"directorycode\":\"9\",\"directorytype\":\"body\"},{\"id\":\"41061773\",\"pid\":\"0\",\"name\":\"第九章 内分泌系统\",\"level\":\"0\",\"code\":\"41061772\",\"directorycode\":\"10\",\"directorytype\":\"body\"},{\"id\":\"41061775\",\"pid\":\"0\",\"name\":\"第十章 基本组织\",\"level\":\"0\",\"code\":\"41061774\",\"directorycode\":\"11\",\"directorytype\":\"body\"},{\"id\":\"41061777\",\"pid\":\"0\",\"name\":\"第十一章 器官微细结构\",\"level\":\"0\",\"code\":\"41061776\",\"directorycode\":\"12\",\"directorytype\":\"body\"},{\"id\":\"41061779\",\"pid\":\"0\",\"name\":\"第十二章 人体胚胎发育概要\",\"level\":\"0\",\"code\":\"41061778\",\"directorycode\":\"13\",\"directorytype\":\"body\"}]","_ZVING_STATUS":"OK"}