﻿<?xml version="1.0" encoding="UTF-8"?><exam><id>20160523142849</id><questions><instructions>A1型题</instructions><question><type>1</type><format>text</format><desc><![CDATA[1.最大且不易引流的鼻旁窦是]]></desc><options><option><id>A</id><type>text</type><desc><![CDATA[额窦]]></desc></option><option><id>B</id><type>text</type><desc><![CDATA[筛窦前、中组]]></desc></option><option><id>C</id><type>text</type><desc><![CDATA[上颌窦]]></desc></option><option><id>D</id><type>text</type><desc><![CDATA[蝶窦]]></desc></option><option><id>E</id><type>text</type><desc><![CDATA[筛窦后组]]></desc></option></options><answers><![CDATA[C]]></answers><keypoints><![CDATA[解析：上颌窦最大，且窦口高于窦底。]]></keypoints></question><question><type>1</type><format>text</format><desc><![CDATA[2.形成喉结的喉软骨是]]></desc><options><option><id>A</id><type>text</type><desc><![CDATA[甲状软骨]]></desc></option><option><id>B</id><type>text</type><desc><![CDATA[环状软骨]]></desc></option><option><id>C</id><type>text</type><desc><![CDATA[杓状软骨]]></desc></option><option><id>D</id><type>text</type><desc><![CDATA[会厌软骨]]></desc></option><option><id>E</id><type>text</type><desc><![CDATA[以上都不是]]></desc></option></options><answers><![CDATA[A]]></answers><keypoints><![CDATA[解析：甲状软骨前角上端向前突出，称喉结。]]></keypoints></question><question><type>1</type><format>text</format><desc><![CDATA[3.环状软骨弓平对]]></desc><options><option><id>A</id><type>text</type><desc><![CDATA[第3颈椎]]></desc></option><option><id>B</id><type>text</type><desc><![CDATA[第4颈椎]]></desc></option><option><id>C</id><type>text</type><desc><![CDATA[第5颈椎]]></desc></option><option><id>D</id><type>text</type><desc><![CDATA[第6颈椎]]></desc></option><option><id>E</id><type>text</type><desc><![CDATA[第7颈椎]]></desc></option></options><answers><![CDATA[D]]></answers><keypoints><![CDATA[解析：环状软骨弓平对第6颈椎。]]></keypoints></question><question><type>1</type><format>text</format><desc><![CDATA[4.喉腔中最狭窄的部位是]]></desc><options><option><id>A</id><type>text</type><desc><![CDATA[喉前庭]]></desc></option><option><id>B</id><type>text</type><desc><![CDATA[喉中间腔]]></desc></option><option><id>C</id><type>text</type><desc><![CDATA[声门下腔]]></desc></option><option><id>D</id><type>text</type><desc><![CDATA[声门裂]]></desc></option><option><id>E</id><type>text</type><desc><![CDATA[喉室]]></desc></option></options><answers><![CDATA[D]]></answers><keypoints><![CDATA[解析：喉腔中最狭窄的部位是声门裂。]]></keypoints></question><question><type>1</type><format>text</format><desc><![CDATA[5.关于肺的描述正确的是]]></desc><options><option><id>A</id><type>text</type><desc><![CDATA[左肺分3叶]]></desc></option><option><id>B</id><type>text</type><desc><![CDATA[右肺分2叶]]></desc></option><option><id>C</id><type>text</type><desc><![CDATA[左肺有心切迹]]></desc></option><option><id>D</id><type>text</type><desc><![CDATA[左肺粗短]]></desc></option><option><id>E</id><type>text</type><desc><![CDATA[右肺狭长]]></desc></option></options><answers><![CDATA[C]]></answers><keypoints><![CDATA[解析：左肺分2叶，右肺分3叶，左肺有心切迹，左肺狭长，右肺粗短。]]></keypoints></question><question><type>1</type><format>text</format><desc><![CDATA[6.胸膜下界投影在锁骨中线处相交的是第几肋]]></desc><options><option><id>A</id><type>text</type><desc><![CDATA[第6肋]]></desc></option><option><id>B</id><type>text</type><desc><![CDATA[第8肋]]></desc></option><option><id>C</id><type>text</type><desc><![CDATA[第10肋]]></desc></option><option><id>D</id><type>text</type><desc><![CDATA[第11肋]]></desc></option><option><id>E</id><type>text</type><desc><![CDATA[第12肋]]></desc></option></options><answers><![CDATA[B]]></answers><keypoints><![CDATA[解析：胸膜下界投影在锁骨中线处与第8肋相交。]]></keypoints></question><question><type>1</type><format>text</format><desc><![CDATA[7.肺下界投影在肩胛线处相交的是第几肋]]></desc><options><option><id>A</id><type>text</type><desc><![CDATA[第6肋]]></desc></option><option><id>B</id><type>text</type><desc><![CDATA[第8肋]]></desc></option><option><id>C</id><type>text</type><desc><![CDATA[第10肋]]></desc></option><option><id>D</id><type>text</type><desc><![CDATA[第11肋]]></desc></option><option><id>E</id><type>text</type><desc><![CDATA[第12肋]]></desc></option></options><answers><![CDATA[C]]></answers><keypoints><![CDATA[解析：肺下界投影在肩胛线处与第10肋相交。]]></keypoints></question><question><type>1</type><format>text</format><desc><![CDATA[8.下列哪一结构位于中纵膈内]]></desc><options><option><id>A</id><type>text</type><desc><![CDATA[主动脉弓]]></desc></option><option><id>B</id><type>text</type><desc><![CDATA[心]]></desc></option><option><id>C</id><type>text</type><desc><![CDATA[胸腺]]></desc></option><option><id>D</id><type>text</type><desc><![CDATA[食管]]></desc></option><option><id>E</id><type>text</type><desc><![CDATA[迷走神经]]></desc></option></options><answers><![CDATA[B]]></answers><keypoints><![CDATA[解析：心位于中纵膈内。]]></keypoints></question></questions></exam>