﻿<?xml version="1.0" encoding="UTF-8"?><exam><id>20160523145805</id><questions><instructions>A1型题</instructions><question><type>1</type><format>text</format><desc><![CDATA[1.角膜]]></desc><options><option><id>A</id><type>text</type><desc><![CDATA[占外膜前1/3]]></desc></option><option><id>B</id><type>text</type><desc><![CDATA[含丰富的血管]]></desc></option><option><id>C</id><type>text</type><desc><![CDATA[疏松透明]]></desc></option><option><id>D</id><type>text</type><desc><![CDATA[有丰富的感觉神经末梢]]></desc></option><option><id>E</id><type>text</type><desc><![CDATA[曲度可以改变]]></desc></option></options><answers><![CDATA[D]]></answers><keypoints><![CDATA[解析：角膜有丰富的感觉神经末梢，感觉敏锐。]]></keypoints></question><question><type>1</type><format>text</format><desc><![CDATA[2.巩膜]]></desc><options><option><id>A</id><type>text</type><desc><![CDATA[呈棕黑色]]></desc></option><option><id>B</id><type>text</type><desc><![CDATA[前方与晶状体相连]]></desc></option><option><id>C</id><type>text</type><desc><![CDATA[占纤维膜的后5/6]]></desc></option><option><id>D</id><type>text</type><desc><![CDATA[无色透明]]></desc></option><option><id>E</id><type>text</type><desc><![CDATA[含丰富的血管]]></desc></option></options><answers><![CDATA[C]]></answers><keypoints><![CDATA[解析：乳白色不透明，占外膜的后5/6，前缘与角膜相连。]]></keypoints></question><question><type>1</type><format>text</format><desc><![CDATA[3.属于眼球中膜的结构是]]></desc><options><option><id>A</id><type>text</type><desc><![CDATA[角膜]]></desc></option><option><id>B</id><type>text</type><desc><![CDATA[视网膜]]></desc></option><option><id>C</id><type>text</type><desc><![CDATA[巩膜]]></desc></option><option><id>D</id><type>text</type><desc><![CDATA[虹膜]]></desc></option><option><id>E</id><type>text</type><desc><![CDATA[结膜]]></desc></option></options><answers><![CDATA[D]]></answers><keypoints><![CDATA[解析：中膜由前向后分为虹膜、睫状体和脉络膜3部分。]]></keypoints></question><question><type>1</type><format>text</format><desc><![CDATA[4.瞳孔大小]]></desc><options><option><id>A</id><type>text</type><desc><![CDATA[随眼压高低而变化]]></desc></option><option><id>B</id><type>text</type><desc><![CDATA[随光线强弱而变化]]></desc></option><option><id>C</id><type>text</type><desc><![CDATA[随睫状肌舒缩来调节]]></desc></option><option><id>D</id><type>text</type><desc><![CDATA[取决于房水循环的通畅与否]]></desc></option><option><id>E</id><type>text</type><desc><![CDATA[随晶状体凸度变化而变化]]></desc></option></options><answers><![CDATA[B]]></answers><keypoints><![CDATA[解析：瞳孔在弱光下或看远方时瞳孔开大，在强光下或看近物时，瞳孔缩小。]]></keypoints></question><question><type>1</type><format>text</format><desc><![CDATA[5.视神经和血管出入形成的结构是]]></desc><options><option><id>A</id><type>text</type><desc><![CDATA[虹膜]]></desc></option><option><id>B</id><type>text</type><desc><![CDATA[角膜]]></desc></option><option><id>C</id><type>text</type><desc><![CDATA[黄斑]]></desc></option><option><id>D</id><type>text</type><desc><![CDATA[视网膜]]></desc></option><option><id>E</id><type>text</type><desc><![CDATA[视神经盘]]></desc></option></options><answers><![CDATA[E]]></answers><keypoints><![CDATA[解析：节细胞轴突沿视网膜内面向后汇集成视神经盘，穿出巩膜形成视神经。视神经盘此处无感光细胞，不能感光，故又称盲点，视网膜中央动、静脉由此穿行。]]></keypoints></question><question><type>1</type><format>text</format><desc><![CDATA[6.眼后房是指]]></desc><options><option><id>A</id><type>text</type><desc><![CDATA[角膜与晶状体之间的腔隙]]></desc></option><option><id>B</id><type>text</type><desc><![CDATA[角膜与虹膜之间的腔隙]]></desc></option><option><id>C</id><type>text</type><desc><![CDATA[晶状体与玻璃体之间的腔隙]]></desc></option><option><id>D</id><type>text</type><desc><![CDATA[玻璃体与虹膜之间的腔隙]]></desc></option><option><id>E</id><type>text</type><desc><![CDATA[虹膜与晶状体之间的腔隙]]></desc></option></options><answers><![CDATA[E]]></answers><keypoints><![CDATA[解析：后房为虹膜与晶状体和睫状体之间狭小的间隙。后房与前房借瞳孔相通。]]></keypoints></question><question><type>1</type><format>text</format><desc><![CDATA[7.房水最后回流渗入]]></desc><options><option><id>A</id><type>text</type><desc><![CDATA[脉络膜]]></desc></option><option><id>B</id><type>text</type><desc><![CDATA[脉络丛]]></desc></option><option><id>C</id><type>text</type><desc><![CDATA[蛛网膜颗粒]]></desc></option><option><id>D</id><type>text</type><desc><![CDATA[睫状体]]></desc></option><option><id>E</id><type>text</type><desc><![CDATA[巩膜静脉窦]]></desc></option></options><answers><![CDATA[E]]></answers><keypoints><![CDATA[解析：房水经眼球后房，借瞳孔到眼球前房，再经虹膜角膜角渗入巩膜静脉窦。]]></keypoints></question><question><type>1</type><format>text</format><desc><![CDATA[8.有关房水循环描述错误的是]]></desc><options><option><id>A</id><type>text</type><desc><![CDATA[房水由睫状体产生]]></desc></option><option><id>B</id><type>text</type><desc><![CDATA[由眼后房经瞳孔进入眼前房]]></desc></option><option><id>C</id><type>text</type><desc><![CDATA[经虹膜角膜角渗透入巩膜静脉窦]]></desc></option><option><id>D</id><type>text</type><desc><![CDATA[房水无折光作用]]></desc></option><option><id>E</id><type>text</type><desc><![CDATA[维持眼内压]]></desc></option></options><answers><![CDATA[D]]></answers><keypoints><![CDATA[解析：眼球内容物包括房水、晶状体和玻璃体。它们均为无色透明，具有折光作用，与角膜一起合称眼的屈光系统。]]></keypoints></question><question><type>1</type><format>text</format><desc><![CDATA[9.白内障发生在]]></desc><options><option><id>A</id><type>text</type><desc><![CDATA[角膜]]></desc></option><option><id>B</id><type>text</type><desc><![CDATA[虹膜]]></desc></option><option><id>C</id><type>text</type><desc><![CDATA[房水]]></desc></option><option><id>D</id><type>text</type><desc><![CDATA[晶状体]]></desc></option><option><id>E</id><type>text</type><desc><![CDATA[玻璃体]]></desc></option></options><answers><![CDATA[D]]></answers><keypoints><![CDATA[解析：晶状体混浊而影响视力，临床上称白内障。]]></keypoints></question><question><type>1</type><format>text</format><desc><![CDATA[10.关于晶状体的叙述，下列哪项是错误的？]]></desc><options><option><id>A</id><type>text</type><desc><![CDATA[以睫状小带与睫状体相连]]></desc></option><option><id>B</id><type>text</type><desc><![CDATA[形似双凸透镜]]></desc></option><option><id>C</id><type>text</type><desc><![CDATA[不含血管，但有丰富的神经末梢]]></desc></option><option><id>D</id><type>text</type><desc><![CDATA[无色透明，具有弹性]]></desc></option><option><id>E</id><type>text</type><desc><![CDATA[为眼球屈光系统的主要装置]]></desc></option></options><answers><![CDATA[C]]></answers><keypoints><![CDATA[解析：晶状体位于虹膜与玻璃体之间，形似双凸透镜，无色透明富有弹性，不含血管和神经。]]></keypoints></question><question><type>1</type><format>text</format><desc><![CDATA[11.关于结膜的叙述，下列哪项是正确的？]]></desc><options><option><id>A</id><type>text</type><desc><![CDATA[是眼球壁的一部分]]></desc></option><option><id>B</id><type>text</type><desc><![CDATA[覆盖于角膜的称睑结膜]]></desc></option><option><id>C</id><type>text</type><desc><![CDATA[紧贴眼睑后面的称睑结膜]]></desc></option><option><id>D</id><type>text</type><desc><![CDATA[富有神经末梢，但无血管分布]]></desc></option><option><id>E</id><type>text</type><desc><![CDATA[有血管，但无神经末梢]]></desc></option></options><answers><![CDATA[C]]></answers><keypoints><![CDATA[解析：结膜为富有血管的薄而透明膜。分睑结膜、结膜穹和球结膜3部分。睑结膜衬于眼睑内面，球结膜覆盖于巩膜表面。]]></keypoints></question><question><type>1</type><format>text</format><desc><![CDATA[12.鼻泪管通]]></desc><options><option><id>A</id><type>text</type><desc><![CDATA[上鼻道]]></desc></option><option><id>B</id><type>text</type><desc><![CDATA[中鼻道]]></desc></option><option><id>C</id><type>text</type><desc><![CDATA[下鼻道]]></desc></option><option><id>D</id><type>text</type><desc><![CDATA[鼻咽部]]></desc></option><option><id>E</id><type>text</type><desc><![CDATA[咽鼓管]]></desc></option></options><answers><![CDATA[C]]></answers><keypoints><![CDATA[解析：鼻泪管为一膜性管道。上连泪囊，下端开口于下鼻道。]]></keypoints></question><question><type>1</type><format>text</format><desc><![CDATA[13.使瞳孔转向外下方的是：]]></desc><options><option><id>A</id><type>text</type><desc><![CDATA[上直肌]]></desc></option><option><id>B</id><type>text</type><desc><![CDATA[内直肌]]></desc></option><option><id>C</id><type>text</type><desc><![CDATA[下斜肌]]></desc></option><option><id>D</id><type>text</type><desc><![CDATA[上斜肌]]></desc></option><option><id>E</id><type>text</type><desc><![CDATA[下直肌]]></desc></option></options><answers><![CDATA[D]]></answers><keypoints><![CDATA[解析：上斜肌可使眼球转向下外方。]]></keypoints></question><question><type>1</type><format>text</format><desc><![CDATA[14.外耳道]]></desc><options><option><id>A</id><type>text</type><desc><![CDATA[自外耳门至蜗窗]]></desc></option><option><id>B</id><type>text</type><desc><![CDATA[成人长约4.0～4.5cm]]></desc></option><option><id>C</id><type>text</type><desc><![CDATA[外1/3为骨部]]></desc></option><option><id>D</id><type>text</type><desc><![CDATA[内2/3为骨部，由颞骨构成]]></desc></option><option><id>E</id><type>text</type><desc><![CDATA[婴儿外耳道宽短]]></desc></option></options><answers><![CDATA[D]]></answers><keypoints><![CDATA[解析：外耳道是从外耳门至鼓膜间的弯曲管道，成人长约2.5～3.5cm。其外侧1/3为软骨部，是耳廓软骨的延续；内侧2/3为骨部，由颞骨围成。]]></keypoints></question><question><type>1</type><format>text</format><desc><![CDATA[15.鼓膜]]></desc><options><option><id>A</id><type>text</type><desc><![CDATA[是中耳鼓室的下壁]]></desc></option><option><id>B</id><type>text</type><desc><![CDATA[为不透明的薄膜]]></desc></option><option><id>C</id><type>text</type><desc><![CDATA[上1/4为松弛部]]></desc></option><option><id>D</id><type>text</type><desc><![CDATA[松弛部有反射光锥]]></desc></option><option><id>E</id><type>text</type><desc><![CDATA[下半部为紧张部]]></desc></option></options><answers><![CDATA[D]]></answers><keypoints><![CDATA[解析：鼓膜为椭圆形半透明薄膜。鼓膜上1/4的三角形区为松弛部，下3/4为紧张部。]]></keypoints></question><question><type>1</type><format>text</format><desc><![CDATA[16.球囊位于]]></desc><options><option><id>A</id><type>text</type><desc><![CDATA[前庭内]]></desc></option><option><id>B</id><type>text</type><desc><![CDATA[骨半规管内]]></desc></option><option><id>C</id><type>text</type><desc><![CDATA[耳蜗内]]></desc></option><option><id>D</id><type>text</type><desc><![CDATA[鼓室内]]></desc></option><option><id>E</id><type>text</type><desc><![CDATA[乳突窦内]]></desc></option></options><answers><![CDATA[D]]></answers><keypoints><![CDATA[解析：球囊位于前庭内。]]></keypoints></question><question><type>1</type><format>text</format><desc><![CDATA[17.听觉感受器是]]></desc><options><option><id>A</id><type>text</type><desc><![CDATA[球囊斑、椭圆囊斑]]></desc></option><option><id>B</id><type>text</type><desc><![CDATA[壶腹嵴]]></desc></option><option><id>C</id><type>text</type><desc><![CDATA[耳蜗]]></desc></option><option><id>D</id><type>text</type><desc><![CDATA[Corti器]]></desc></option><option><id>E</id><type>text</type><desc><![CDATA[蜗神经]]></desc></option></options><answers><![CDATA[D]]></answers><keypoints><![CDATA[解析：螺旋器也称柯蒂器（Corti器），是听觉感受器。]]></keypoints></question><question><type>1</type><format>text</format><desc><![CDATA[18.前庭阶和鼓阶相通的结构是]]></desc><options><option><id>A</id><type>text</type><desc><![CDATA[蜗孔]]></desc></option><option><id>B</id><type>text</type><desc><![CDATA[蜗管]]></desc></option><option><id>C</id><type>text</type><desc><![CDATA[蜗窗]]></desc></option><option><id>D</id><type>text</type><desc><![CDATA[前庭窗]]></desc></option><option><id>E</id><type>text</type><desc><![CDATA[联合管]]></desc></option></options><answers><![CDATA[A]]></answers><keypoints><![CDATA[解析：前庭阶与鼓阶内充满外淋巴，两者只有在蜗顶处借蜗孔彼此相通。]]></keypoints></question><question><type>1</type><format>text</format><desc><![CDATA[19.外淋巴位于]]></desc><options><option><id>A</id><type>text</type><desc><![CDATA[骨迷路与颞骨骨质之间]]></desc></option><option><id>B</id><type>text</type><desc><![CDATA[中耳鼓室与内耳外侧壁之间]]></desc></option><option><id>C</id><type>text</type><desc><![CDATA[咽鼓管内]]></desc></option><option><id>D</id><type>text</type><desc><![CDATA[骨迷路与膜迷路之间]]></desc></option><option><id>E</id><type>text</type><desc><![CDATA[膜迷路内]]></desc></option></options><answers><![CDATA[D]]></answers><keypoints><![CDATA[解析：骨迷路与膜迷路之间的腔隙内充满着外淋巴，膜迷路内含有内淋巴，内、外淋巴互不相通。]]></keypoints></question></questions></exam>