﻿<?xml version="1.0" encoding="UTF-8"?><exam><id>20160523142625</id><questions><instructions>A1型题</instructions><question><type>1</type><format>text</format><desc><![CDATA[1.牙周组织包括]]></desc><options><option><id>A</id><type>text</type><desc><![CDATA[牙冠、牙根、牙颈]]></desc></option><option><id>B</id><type>text</type><desc><![CDATA[牙本质、牙质、牙髓]]></desc></option><option><id>C</id><type>text</type><desc><![CDATA[牙槽骨、牙釉质]]></desc></option><option><id>D</id><type>text</type><desc><![CDATA[牙髓、牙周膜]]></desc></option><option><id>E</id><type>text</type><desc><![CDATA[牙周膜、牙槽骨、牙龈]]></desc></option></options><answers><![CDATA[E]]></answers><keypoints><![CDATA[解析：牙周组织包括牙周膜、牙槽骨和牙龈3部分。]]></keypoints></question><question><type>1</type><format>text</format><desc><![CDATA[2.腮腺导管开口于]]></desc><options><option><id>A</id><type>text</type><desc><![CDATA[舌下阜]]></desc></option><option><id>B</id><type>text</type><desc><![CDATA[舌下襞]]></desc></option><option><id>C</id><type>text</type><desc><![CDATA[咽峡]]></desc></option><option><id>D</id><type>text</type><desc><![CDATA[上颌第2磨牙牙冠相对的颊黏膜上]]></desc></option><option><id>E</id><type>text</type><desc><![CDATA[下颌第2磨牙牙冠的颊黏膜上]]></desc></option></options><answers><![CDATA[D]]></answers><keypoints><![CDATA[解析：腮腺导管开口于上颌第2磨牙牙冠平对的颊黏膜处，下颌下腺和舌下腺大管开口于舌下阜，舌下腺小管开口于舌下襞。]]></keypoints></question><question><type>1</type><format>text</format><desc><![CDATA[3.不含味蕾的结构是]]></desc><options><option><id>A</id><type>text</type><desc><![CDATA[丝状乳头]]></desc></option><option><id>B</id><type>text</type><desc><![CDATA[轮廓乳头]]></desc></option><option><id>C</id><type>text</type><desc><![CDATA[叶状乳头]]></desc></option><option><id>D</id><type>text</type><desc><![CDATA[菌状乳头]]></desc></option><option><id>E</id><type>text</type><desc><![CDATA[以上均含有]]></desc></option></options><answers><![CDATA[A]]></answers><keypoints><![CDATA[解析：舌背黏膜表面有丝状乳头、菌状乳头、轮廓乳头和叶状乳头，其中菌状乳头、轮廓乳头和叶状乳头含有味蕾，只有丝状乳头不含味蕾。]]></keypoints></question><question><type>1</type><format>text</format><desc><![CDATA[4.咽隐窝位于]]></desc><options><option><id>A</id><type>text</type><desc><![CDATA[口咽]]></desc></option><option><id>B</id><type>text</type><desc><![CDATA[口腔和咽分界处]]></desc></option><option><id>C</id><type>text</type><desc><![CDATA[喉咽]]></desc></option><option><id>D</id><type>text</type><desc><![CDATA[会厌两侧]]></desc></option><option><id>E</id><type>text</type><desc><![CDATA[鼻咽]]></desc></option></options><answers><![CDATA[E]]></answers><keypoints><![CDATA[解析：在鼻咽侧壁咽鼓管咽口后上方有一凹陷，称咽隐窝。]]></keypoints></question><question><type>1</type><format>text</format><desc><![CDATA[5.梨状隐窝位于]]></desc><options><option><id>A</id><type>text</type><desc><![CDATA[鼻咽侧壁]]></desc></option><option><id>B</id><type>text</type><desc><![CDATA[鼻咽后壁]]></desc></option><option><id>C</id><type>text</type><desc><![CDATA[口腔内]]></desc></option><option><id>D</id><type>text</type><desc><![CDATA[口咽]]></desc></option><option><id>E</id><type>text</type><desc><![CDATA[喉咽]]></desc></option></options><answers><![CDATA[E]]></answers><keypoints><![CDATA[解析：在喉咽喉口两侧各有一个深窝，称梨状隐窝。]]></keypoints></question><question><type>1</type><format>text</format><desc><![CDATA[6.咽鼓管咽口位于]]></desc><options><option><id>A</id><type>text</type><desc><![CDATA[鼻咽]]></desc></option><option><id>B</id><type>text</type><desc><![CDATA[口咽]]></desc></option><option><id>C</id><type>text</type><desc><![CDATA[喉咽]]></desc></option><option><id>D</id><type>text</type><desc><![CDATA[咽峡两侧]]></desc></option><option><id>E</id><type>text</type><desc><![CDATA[喉口两侧]]></desc></option></options><answers><![CDATA[A]]></answers><keypoints><![CDATA[解析：在鼻咽侧壁有咽鼓管咽口，借咽鼓管通中耳鼓室。]]></keypoints></question><question><type>1</type><format>text</format><desc><![CDATA[7.食管第3处狭窄为]]></desc><options><option><id>A</id><type>text</type><desc><![CDATA[与左支气管交叉处]]></desc></option><option><id>B</id><type>text</type><desc><![CDATA[与右支气管交叉处]]></desc></option><option><id>C</id><type>text</type><desc><![CDATA[穿过膈食管裂孔处]]></desc></option><option><id>D</id><type>text</type><desc><![CDATA[起始处]]></desc></option><option><id>E</id><type>text</type><desc><![CDATA[以上都不对]]></desc></option></options><answers><![CDATA[C]]></answers><keypoints><![CDATA[解析：第1狭窄位于食管的起始处，距中切牙约15cm；第2狭窄位于食管与左主支气管交叉处，距中切牙约25cm；第3狭窄位于食管穿膈的食管裂孔处，距中切牙约40cm。]]></keypoints></question><question><type>1</type><format>text</format><desc><![CDATA[8.角切迹位于]]></desc><options><option><id>A</id><type>text</type><desc><![CDATA[胃小弯]]></desc></option><option><id>B</id><type>text</type><desc><![CDATA[胃大弯]]></desc></option><option><id>C</id><type>text</type><desc><![CDATA[胃底表面]]></desc></option><option><id>D</id><type>text</type><desc><![CDATA[幽门表面]]></desc></option><option><id>E</id><type>text</type><desc><![CDATA[幽门与十二指肠处]]></desc></option></options><answers><![CDATA[A]]></answers><keypoints><![CDATA[解析：胃小弯最低点称角切迹。]]></keypoints></question><question><type>1</type><format>text</format><desc><![CDATA[9.关于胃，下列描述正确的是]]></desc><options><option><id>A</id><type>text</type><desc><![CDATA[胃位于右季肋区和腹上区]]></desc></option><option><id>B</id><type>text</type><desc><![CDATA[贲门位于第1腰椎右侧]]></desc></option><option><id>C</id><type>text</type><desc><![CDATA[幽门位于第11胸椎左侧]]></desc></option><option><id>D</id><type>text</type><desc><![CDATA[幽门部分为左侧的幽门窦和右侧的幽门管]]></desc></option><option><id>E</id><type>text</type><desc><![CDATA[角切迹是胃底和胃体的分界]]></desc></option></options><answers><![CDATA[D]]></answers><keypoints><![CDATA[解析：中等充盈的胃，大部分位于左季肋区，小部分位于腹上区。贲门位于第11胸椎体左上方，幽门位于第1腰椎体右前方。胃分为贲门部、胃底、胃体和幽门部，其中幽门部又分左侧的幽门窦和右侧的幽门管。]]></keypoints></question><question><type>1</type><format>text</format><desc><![CDATA[10.十二指肠大乳头位于]]></desc><options><option><id>A</id><type>text</type><desc><![CDATA[上部]]></desc></option><option><id>B</id><type>text</type><desc><![CDATA[降部]]></desc></option><option><id>C</id><type>text</type><desc><![CDATA[水平部]]></desc></option><option><id>D</id><type>text</type><desc><![CDATA[升部]]></desc></option><option><id>E</id><type>text</type><desc><![CDATA[球部]]></desc></option></options><answers><![CDATA[B]]></answers><keypoints><![CDATA[解析：十二指肠降部后内侧壁有一纵行黏膜皱襞，其下端的圆形隆起，称十二指肠大乳头。]]></keypoints></question><question><type>1</type><format>text</format><desc><![CDATA[11.手术时确定空肠的起点是]]></desc><options><option><id>A</id><type>text</type><desc><![CDATA[幽门窦]]></desc></option><option><id>B</id><type>text</type><desc><![CDATA[角切迹]]></desc></option><option><id>C</id><type>text</type><desc><![CDATA[十二指肠悬肌]]></desc></option><option><id>D</id><type>text</type><desc><![CDATA[十二指肠大乳头]]></desc></option><option><id>E</id><type>text</type><desc><![CDATA[十二指肠上曲]]></desc></option></options><answers><![CDATA[C]]></answers><keypoints><![CDATA[解析：十二指肠空肠曲借十二指肠悬肌固定于腹后壁，十二指肠悬肌和包裹其下段的腹膜皱襞构成十二指肠悬韧带（Treitz韧带），是临床手术中确认空肠的重要标志。]]></keypoints></question><question><type>1</type><format>text</format><desc><![CDATA[12.集合淋巴小结位于]]></desc><options><option><id>A</id><type>text</type><desc><![CDATA[十二指肠]]></desc></option><option><id>B</id><type>text</type><desc><![CDATA[空肠]]></desc></option><option><id>C</id><type>text</type><desc><![CDATA[回肠]]></desc></option><option><id>D</id><type>text</type><desc><![CDATA[盲肠]]></desc></option><option><id>E</id><type>text</type><desc><![CDATA[结肠]]></desc></option></options><answers><![CDATA[C]]></answers><keypoints><![CDATA[解析：空肠黏膜内有孤立淋巴小结；回肠黏膜内有集合淋巴小结。]]></keypoints></question><question><type>1</type><format>text</format><desc><![CDATA[13.结肠带、结肠袋和肠脂垂存在于]]></desc><options><option><id>A</id><type>text</type><desc><![CDATA[盲肠、结肠]]></desc></option><option><id>B</id><type>text</type><desc><![CDATA[结肠、直肠]]></desc></option><option><id>C</id><type>text</type><desc><![CDATA[盲肠、直肠]]></desc></option><option><id>D</id><type>text</type><desc><![CDATA[直肠、肛管]]></desc></option><option><id>E</id><type>text</type><desc><![CDATA[肛管、结肠]]></desc></option></options><answers><![CDATA[A]]></answers><keypoints><![CDATA[解析：结肠带、结肠袋和肠脂垂是区别大肠和小肠的标志，3种结构存在于盲肠和结肠的表面，直肠和肛管表面无。]]></keypoints></question><question><type>1</type><format>text</format><desc><![CDATA[14.肛门内、外括约肌之间的分界线是]]></desc><options><option><id>A</id><type>text</type><desc><![CDATA[齿状线]]></desc></option><option><id>B</id><type>text</type><desc><![CDATA[肛梳]]></desc></option><option><id>C</id><type>text</type><desc><![CDATA[白线]]></desc></option><option><id>D</id><type>text</type><desc><![CDATA[肛柱]]></desc></option><option><id>E</id><type>text</type><desc><![CDATA[直肠横襞]]></desc></option></options><answers><![CDATA[C]]></answers><keypoints><![CDATA[解析：肛梳下缘有一不甚明显的环形线，称白线，位于肛门内、外括约肌之间。]]></keypoints></question><question><type>1</type><format>text</format><desc><![CDATA[15.肛管皮肤和黏膜的分界线是]]></desc><options><option><id>A</id><type>text</type><desc><![CDATA[齿状线]]></desc></option><option><id>B</id><type>text</type><desc><![CDATA[白线]]></desc></option><option><id>C</id><type>text</type><desc><![CDATA[肛窦]]></desc></option><option><id>D</id><type>text</type><desc><![CDATA[肛梳]]></desc></option><option><id>E</id><type>text</type><desc><![CDATA[肛窦]]></desc></option></options><answers><![CDATA[A]]></answers><keypoints><![CDATA[解析：肛管内面有6～10条纵行的黏膜皱襞，称肛柱。相邻肛柱下端半月形黏膜皱襞，称肛瓣。相邻肛柱下端与肛瓣间围成的小隐窝，称肛窦。肛柱下端与肛瓣连成锯齿状环行线，称齿状线，是皮肤和黏膜的分界线。齿状线下方有宽约1cm的光滑环状带，称肛梳。肛梳下缘有一不甚明显的环形线，称白线，是肛门内、外括约肌之间的分界线。]]></keypoints></question><question><type>1</type><format>text</format><desc><![CDATA[16.下列选项，属于肝上面的结构是]]></desc><options><option><id>A</id><type>text</type><desc><![CDATA[肝圆韧带]]></desc></option><option><id>B</id><type>text</type><desc><![CDATA[镰状韧带]]></desc></option><option><id>C</id><type>text</type><desc><![CDATA[静脉韧带]]></desc></option><option><id>D</id><type>text</type><desc><![CDATA[肝蒂]]></desc></option><option><id>E</id><type>text</type><desc><![CDATA[胆囊]]></desc></option></options><answers><![CDATA[B]]></answers><keypoints><![CDATA[解析：肝上面有呈矢状位的镰状韧带。下面左纵沟的前部为肝圆韧带，后部为静脉韧带；右纵沟前部为胆囊窝，后部为腔静脉沟；横沟即肝门，出入肝门的结构被结缔组织包绕形成肝蒂。]]></keypoints></question><question><type>1</type><format>text</format><desc><![CDATA[17.出入肝门的结构不包括]]></desc><options><option><id>A</id><type>text</type><desc><![CDATA[肝固有动脉]]></desc></option><option><id>B</id><type>text</type><desc><![CDATA[肝门静脉]]></desc></option><option><id>C</id><type>text</type><desc><![CDATA[肝静脉]]></desc></option><option><id>D</id><type>text</type><desc><![CDATA[左、右肝管]]></desc></option><option><id>E</id><type>text</type><desc><![CDATA[神经和淋巴管]]></desc></option></options><answers><![CDATA[C]]></answers><keypoints><![CDATA[解析：肝门是肝固有动脉、肝门静脉和左、右肝管、淋巴管和神经等出入的门户。肝静脉位于第2肝门，直接注入下腔静脉。]]></keypoints></question><question><type>1</type><format>text</format><desc><![CDATA[18.关于肝的位置，下列描述错误的是]]></desc><options><option><id>A</id><type>text</type><desc><![CDATA[肝上界与膈穹隆一致]]></desc></option><option><id>B</id><type>text</type><desc><![CDATA[肝下缘与右肋弓一致]]></desc></option><option><id>C</id><type>text</type><desc><![CDATA[成年人肋弓下能触及到肝，但不超过2cm]]></desc></option><option><id>D</id><type>text</type><desc><![CDATA[7岁前的儿童右侧肋弓下可触到肝，但不超过2cm]]></desc></option><option><id>E</id><type>text</type><desc><![CDATA[剑突下可触到]]></desc></option></options><answers><![CDATA[C]]></answers><keypoints><![CDATA[解析：肝大部分位于右季肋区和腹上区，小部分位于左季肋区。肝的上界与膈穹隆一致，肝的下界在右侧大致与右肋弓一致，成年人在右肋弓下一般触不到肝，幼儿肝下界的位置较低，7岁前可低于肋弓下缘1～2cm。]]></keypoints></question><question><type>1</type><format>text</format><desc><![CDATA[19.关于腹膜，下列错误叙述是]]></desc><options><option><id>A</id><type>text</type><desc><![CDATA[为浆膜结构]]></desc></option><option><id>B</id><type>text</type><desc><![CDATA[分壁腹膜和脏腹膜]]></desc></option><option><id>C</id><type>text</type><desc><![CDATA[腹膜腔为一密闭的腔隙]]></desc></option><option><id>D</id><type>text</type><desc><![CDATA[产生少量浆液]]></desc></option><option><id>E</id><type>text</type><desc><![CDATA[有防御功能]]></desc></option></options><answers><![CDATA[C]]></answers><keypoints><![CDATA[解析：腹膜是覆盖在腹、盆壁内表面及腹、盆腔器官表面的浆膜。其中衬于腹、盆壁内表面的腹膜，称壁腹膜；贴覆于腹、盆腔器官表面的腹膜，称脏腹膜。脏、壁腹膜之间相互移行和延续，共同围成腹膜腔。男性腹膜腔是封闭的，女性腹膜腔通过输卵管、子宫和阴道与外界相通。腹膜有分泌、吸收、支持、固定、修复及防御等功能。]]></keypoints></question><question><type>1</type><format>text</format><desc><![CDATA[20.恒牙中首先长出的是]]></desc><options><option><id>A</id><type>text</type><desc><![CDATA[中切牙]]></desc></option><option><id>B</id><type>text</type><desc><![CDATA[侧切牙]]></desc></option><option><id>C</id><type>text</type><desc><![CDATA[尖牙]]></desc></option><option><id>D</id><type>text</type><desc><![CDATA[第1前磨牙]]></desc></option><option><id>E</id><type>text</type><desc><![CDATA[第1磨牙]]></desc></option></options><answers><![CDATA[E]]></answers><keypoints><![CDATA[解析：恒牙中首先萌出的是第1磨牙。]]></keypoints></question><question><type>1</type><format>text</format><desc><![CDATA[21.不参与围成咽峡的是]]></desc><options><option><id>A</id><type>text</type><desc><![CDATA[腭垂]]></desc></option><option><id>B</id><type>text</type><desc><![CDATA[腭帆游离缘]]></desc></option><option><id>C</id><type>text</type><desc><![CDATA[两侧腭舌弓]]></desc></option><option><id>D</id><type>text</type><desc><![CDATA[两侧腭咽弓]]></desc></option><option><id>E</id><type>text</type><desc><![CDATA[舌根]]></desc></option></options><answers><![CDATA[D]]></answers><keypoints><![CDATA[解析：腭垂、腭帆游离缘、两侧的腭舌弓和舌根共同围成咽峡，是口腔和咽的分界。]]></keypoints></question><question><type>1</type><format>text</format><desc><![CDATA[22.不属于牙组织的是]]></desc><options><option><id>A</id><type>text</type><desc><![CDATA[牙质]]></desc></option><option><id>B</id><type>text</type><desc><![CDATA[牙釉质]]></desc></option><option><id>C</id><type>text</type><desc><![CDATA[牙骨质]]></desc></option><option><id>D</id><type>text</type><desc><![CDATA[牙髓]]></desc></option><option><id>E</id><type>text</type><desc><![CDATA[牙周膜]]></desc></option></options><answers><![CDATA[E]]></answers><keypoints><![CDATA[解析：牙组织包括牙质、牙釉质、牙骨质和牙髓。]]></keypoints></question><question><type>1</type><format>text</format><desc><![CDATA[23.不属于上消化道的是]]></desc><options><option><id>A</id><type>text</type><desc><![CDATA[口腔]]></desc></option><option><id>B</id><type>text</type><desc><![CDATA[咽]]></desc></option><option><id>C</id><type>text</type><desc><![CDATA[喉]]></desc></option><option><id>D</id><type>text</type><desc><![CDATA[食管、胃]]></desc></option><option><id>E</id><type>text</type><desc><![CDATA[十二指肠]]></desc></option></options><answers><![CDATA[C]]></answers><keypoints><![CDATA[解析：上消化道包括口腔、咽、食管、胃和十二指肠。]]></keypoints></question><question><type>1</type><format>text</format><desc><![CDATA[24.关于直肠，下列表述错误的是]]></desc><options><option><id>A</id><type>text</type><desc><![CDATA[上端在第1骶椎平面接乙状结肠]]></desc></option><option><id>B</id><type>text</type><desc><![CDATA[向下至盆膈移行于肛管]]></desc></option><option><id>C</id><type>text</type><desc><![CDATA[有骶曲和会阴曲]]></desc></option><option><id>D</id><type>text</type><desc><![CDATA[下部膨大叫直肠壶腹]]></desc></option><option><id>E</id><type>text</type><desc><![CDATA[中间的直肠横襞最大，距肛门7cm]]></desc></option></options><answers><![CDATA[A]]></answers><keypoints><![CDATA[解析：直肠上端在第3骶椎平面接乙状结肠。]]></keypoints></question><question><type>1</type><format>text</format><desc><![CDATA[25.不属于肝脏面的分叶是]]></desc><options><option><id>A</id><type>text</type><desc><![CDATA[左叶]]></desc></option><option><id>B</id><type>text</type><desc><![CDATA[右叶]]></desc></option><option><id>C</id><type>text</type><desc><![CDATA[方叶]]></desc></option><option><id>D</id><type>text</type><desc><![CDATA[尾状叶]]></desc></option><option><id>E</id><type>text</type><desc><![CDATA[前叶]]></desc></option></options><answers><![CDATA[E]]></answers><keypoints><![CDATA[解析：肝脏面分为左叶、右叶、方叶和尾状叶。]]></keypoints></question></questions></exam>