﻿<?xml version="1.0" encoding="UTF-8"?><exam><id>20160802091229</id><questions><instructions><![CDATA[一、单项选择题]]></instructions><question><type>1</type><format>text</format><desc><![CDATA[1.下列属于长骨的是]]></desc><options><option><id>A</id><type>text</type><desc><![CDATA[腕骨]]></desc></option><option><id>B</id><type>text</type><desc><![CDATA[肋骨]]></desc></option><option><id>C</id><type>text</type><desc><![CDATA[椎骨]]></desc></option><option><id>D</id><type>text</type><desc><![CDATA[髌骨]]></desc></option><option><id>E</id><type>text</type><desc><![CDATA[掌骨]]></desc></option></options><answers><![CDATA[E]]></answers><keypoints><![CDATA[解析：掌骨符合长骨两端膨大、骨干中空的特征，腕骨属短骨，肋骨属扁骨，椎骨属不规则骨，髌骨属籽骨，因此选E。]]></keypoints></question><question><type>1</type><format>text</format><desc><![CDATA[2.颅盖骨的骨松质称为]]></desc><options><option><id>A</id><type>text</type><desc><![CDATA[内板]]></desc></option><option><id>B</id><type>text</type><desc><![CDATA[外板]]></desc></option><option><id>C</id><type>text</type><desc><![CDATA[板障]]></desc></option><option><id>D</id><type>text</type><desc><![CDATA[环骨板]]></desc></option><option><id>E</id><type>text</type><desc><![CDATA[间骨板]]></desc></option></options><answers><![CDATA[C]]></answers><keypoints><![CDATA[解析：颅盖骨的内外骨密质分别称为内板、外板，其骨松质称为板障，因此选C。]]></keypoints></question><question><type>1</type><format>text</format><desc><![CDATA[3.脊柱生理弯曲]]></desc><options><option><id>A</id><type>text</type><desc><![CDATA[颈曲凸向前]]></desc></option><option><id>B</id><type>text</type><desc><![CDATA[腰曲凸向后]]></desc></option><option><id>C</id><type>text</type><desc><![CDATA[胸曲凸向前]]></desc></option><option><id>D</id><type>text</type><desc><![CDATA[骶曲凸向前]]></desc></option><option><id>E</id><type>text</type><desc><![CDATA[全部凸向后]]></desc></option></options><answers><![CDATA[A]]></answers><keypoints><![CDATA[解析：脊柱的颈曲、腰曲凸向前，胸曲、骶曲凸向后，因此选A。]]></keypoints></question><question><type>1</type><format>text</format><desc><![CDATA[4.肋是指]]></desc><options><option><id>A</id><type>text</type><desc><![CDATA[肋软骨]]></desc></option><option><id>B</id><type>text</type><desc><![CDATA[肋骨]]></desc></option><option><id>C</id><type>text</type><desc><![CDATA[肋骨和肋软骨]]></desc></option><option><id>D</id><type>text</type><desc><![CDATA[全部肋骨]]></desc></option><option><id>E</id><type>text</type><desc><![CDATA[肋骨]]></desc></option></options><answers><![CDATA[C]]></answers><keypoints><![CDATA[解析：肋包括肋骨和肋软骨，因此选C。]]></keypoints></question><question><type>1</type><format>text</format><desc><![CDATA[5.面颅骨]]></desc><options><option><id>A</id><type>text</type><desc><![CDATA[8块]]></desc></option><option><id>B</id><type>text</type><desc><![CDATA[29块]]></desc></option><option><id>C</id><type>text</type><desc><![CDATA[23块]]></desc></option><option><id>D</id><type>text</type><desc><![CDATA[15块]]></desc></option><option><id>E</id><type>text</type><desc><![CDATA[18块]]></desc></option></options><answers><![CDATA[D]]></answers><keypoints><![CDATA[解析：面颅骨包括6对成对的和3块不成对的共15块，因此选D。]]></keypoints></question><question><type>1</type><format>text</format><desc><![CDATA[6.位于颅后窝的结构]]></desc><options><option><id>A</id><type>text</type><desc><![CDATA[眶上裂]]></desc></option><option><id>B</id><type>text</type><desc><![CDATA[蝶鞍]]></desc></option><option><id>C</id><type>text</type><desc><![CDATA[筛孔]]></desc></option><option><id>D</id><type>text</type><desc><![CDATA[垂体窝]]></desc></option><option><id>E</id><type>text</type><desc><![CDATA[颈静脉孔]]></desc></option></options><answers><![CDATA[E]]></answers><keypoints><![CDATA[解析：眶上裂、蝶鞍、垂体窝位于颅中窝，筛孔位于颅前窝，颈静脉孔位于颅后窝，因此选E。]]></keypoints></question><question><type>1</type><format>text</format><desc><![CDATA[7.内耳门位于]]></desc><options><option><id>A</id><type>text</type><desc><![CDATA[颅前窝]]></desc></option><option><id>B</id><type>text</type><desc><![CDATA[颅中窝]]></desc></option><option><id>C</id><type>text</type><desc><![CDATA[颅后窝]]></desc></option><option><id>D</id><type>text</type><desc><![CDATA[颅的侧面]]></desc></option><option><id>E</id><type>text</type><desc><![CDATA[颅的外面]]></desc></option></options><answers><![CDATA[C]]></answers><keypoints><![CDATA[解析：内耳门位于颅后窝颞骨岩部，因此选C。]]></keypoints></question><question><type>1</type><format>text</format><desc><![CDATA[8.属于脑颅的骨]]></desc><options><option><id>A</id><type>text</type><desc><![CDATA[鼻骨]]></desc></option><option><id>B</id><type>text</type><desc><![CDATA[犁骨]]></desc></option><option><id>C</id><type>text</type><desc><![CDATA[舌骨]]></desc></option><option><id>D</id><type>text</type><desc><![CDATA[蝶骨]]></desc></option><option><id>E</id><type>text</type><desc><![CDATA[腭骨]]></desc></option></options><answers><![CDATA[D]]></answers><keypoints><![CDATA[解析：蝶骨属于脑颅的颅底骨，其他均属于面颅骨，因此选D。]]></keypoints></question><question><type>1</type><format>text</format><desc><![CDATA[9.容积最大的鼻旁窦]]></desc><options><option><id>A</id><type>text</type><desc><![CDATA[上颌窦]]></desc></option><option><id>B</id><type>text</type><desc><![CDATA[蝶窦]]></desc></option><option><id>C</id><type>text</type><desc><![CDATA[额窦]]></desc></option><option><id>D</id><type>text</type><desc><![CDATA[筛窦]]></desc></option><option><id>E</id><type>text</type><desc><![CDATA[乳突窦]]></desc></option></options><answers><![CDATA[A]]></answers><keypoints><![CDATA[解析：上颌窦的容积最大，因此选A。]]></keypoints></question><question><type>1</type><format>text</format><desc><![CDATA[10.肩胛下角平对]]></desc><options><option><id>A</id><type>text</type><desc><![CDATA[第1肋]]></desc></option><option><id>B</id><type>text</type><desc><![CDATA[第2肋]]></desc></option><option><id>C</id><type>text</type><desc><![CDATA[第5肋]]></desc></option><option><id>D</id><type>text</type><desc><![CDATA[第6肋]]></desc></option><option><id>E</id><type>text</type><desc><![CDATA[第7肋]]></desc></option></options><answers><![CDATA[E]]></answers><keypoints><![CDATA[解析：肩胛下角平对第7肋，因此选E。]]></keypoints></question><question><type>1</type><format>text</format><desc><![CDATA[11.有关红骨髓正确的是]]></desc><options><option><id>A</id><type>text</type><desc><![CDATA[成人存在于骨髓腔内]]></desc></option><option><id>B</id><type>text</type><desc><![CDATA[不存在于板障内]]></desc></option><option><id>C</id><type>text</type><desc><![CDATA[胎儿期造血，成年期不造血]]></desc></option><option><id>D</id><type>text</type><desc><![CDATA[髂骨、胸骨、椎骨内终生保存红骨髓]]></desc></option><option><id>E</id><type>text</type><desc><![CDATA[没有造血干细胞]]></desc></option></options><answers><![CDATA[]]></answers><keypoints><![CDATA[解析：红骨髓存在于长骨两端、扁骨、不规则骨的骨松质内，内有造血干细胞，具有造血功能，因此选D。]]></keypoints></question><question><type>1</type><format>text</format><desc><![CDATA[12.黄骨髓存在于]]></desc><options><option><id>A</id><type>text</type><desc><![CDATA[成人长骨骨干内部]]></desc></option><option><id>B</id><type>text</type><desc><![CDATA[成人长骨骨骺内部]]></desc></option><option><id>C</id><type>text</type><desc><![CDATA[幼儿长骨骨干内部]]></desc></option><option><id>D</id><type>text</type><desc><![CDATA[幼儿长骨]]></desc></option><option><id>E</id><type>text</type><desc><![CDATA[所有骨的内部]]></desc></option></options><answers><![CDATA[A]]></answers><keypoints><![CDATA[解析：黄骨髓存在于成人长骨骨干的骨髓腔内，因此选A。]]></keypoints></question><question><type>1</type><format>text</format><desc><![CDATA[13.关于椎骨描述正确的是]]></desc><options><option><id>A</id><type>text</type><desc><![CDATA[是短骨]]></desc></option><option><id>B</id><type>text</type><desc><![CDATA[椎体之间有椎间关节相连]]></desc></option><option><id>C</id><type>text</type><desc><![CDATA[在相邻椎弓间构成椎间孔]]></desc></option><option><id>D</id><type>text</type><desc><![CDATA[椎弓之间有椎间盘相连]]></desc></option><option><id>E</id><type>text</type><desc><![CDATA[椎体与椎弓共同围成椎孔]]></desc></option></options><answers><![CDATA[E]]></answers><keypoints><![CDATA[解析：椎骨是不规则骨，椎体之间由椎间盘相连，椎体与椎弓围成椎孔，相邻椎弓根之间构成椎间孔，因此选E。]]></keypoints></question><question><type>1</type><format>text</format><desc><![CDATA[14.关于椎弓的说法，错误的是]]></desc><options><option><id>A</id><type>text</type><desc><![CDATA[位于椎体的后方]]></desc></option><option><id>B</id><type>text</type><desc><![CDATA[呈半环状]]></desc></option><option><id>C</id><type>text</type><desc><![CDATA[与椎体共同围成椎孔]]></desc></option><option><id>D</id><type>text</type><desc><![CDATA[由一对椎弓板构成]]></desc></option><option><id>E</id><type>text</type><desc><![CDATA[分椎弓板和椎弓根两部分]]></desc></option></options><answers><![CDATA[D]]></answers><keypoints><![CDATA[解析：椎弓位于椎体的后方，由椎弓板和椎弓根组成，因此选D。]]></keypoints></question><question><type>1</type><format>text</format><desc><![CDATA[15.关于胸椎的特点是]]></desc><options><option><id>A</id><type>text</type><desc><![CDATA[横突上有横突孔]]></desc></option><option><id>B</id><type>text</type><desc><![CDATA[棘突分叉]]></desc></option><option><id>C</id><type>text</type><desc><![CDATA[上、下关节突不明显]]></desc></option><option><id>D</id><type>text</type><desc><![CDATA[椎体侧面后部有肋凹]]></desc></option><option><id>E</id><type>text</type><desc><![CDATA[椎体较腰椎大]]></desc></option></options><answers><![CDATA[D]]></answers><keypoints><![CDATA[解析：胸椎的典型特征椎体呈心形，椎体及横突上有肋凹，因此选D。]]></keypoints></question><question><type>1</type><format>text</format><desc><![CDATA[16.颈椎特有的结构是]]></desc><options><option><id>A</id><type>text</type><desc><![CDATA[椎孔呈三角形]]></desc></option><option><id>B</id><type>text</type><desc><![CDATA[横突孔]]></desc></option><option><id>C</id><type>text</type><desc><![CDATA[关节突]]></desc></option><option><id>D</id><type>text</type><desc><![CDATA[棘突长]]></desc></option><option><id>E</id><type>text</type><desc><![CDATA[椎体较大]]></desc></option></options><answers><![CDATA[B]]></answers><keypoints><![CDATA[解析：颈椎特有的特征为椎体小，棘突短而分叉，有横突孔，因此选B。]]></keypoints></question><question><type>1</type><format>text</format><desc><![CDATA[17.关于肋的叙述正确的是]]></desc><options><option><id>A</id><type>text</type><desc><![CDATA[上6对肋直接与胸骨相连称真肋]]></desc></option><option><id>B</id><type>text</type><desc><![CDATA[呈长条形，属长骨]]></desc></option><option><id>C</id><type>text</type><desc><![CDATA[第8～12肋组成肋弓]]></desc></option><option><id>D</id><type>text</type><desc><![CDATA[第2肋平对胸骨角]]></desc></option><option><id>E</id><type>text</type><desc><![CDATA[肋软骨为弹性软骨]]></desc></option></options><answers><![CDATA[D]]></answers><keypoints><![CDATA[解析：胸骨角平对第2肋，因此选D。]]></keypoints></question><question><type>1</type><format>text</format><desc><![CDATA[18.指出下列骨不属于脑颅骨者]]></desc><options><option><id>A</id><type>text</type><desc><![CDATA[蝶骨]]></desc></option><option><id>B</id><type>text</type><desc><![CDATA[颧骨]]></desc></option><option><id>C</id><type>text</type><desc><![CDATA[额骨]]></desc></option><option><id>D</id><type>text</type><desc><![CDATA[筛骨]]></desc></option><option><id>E</id><type>text</type><desc><![CDATA[颞骨]]></desc></option></options><answers><![CDATA[B]]></answers><keypoints><![CDATA[解析：颧骨属于面颅骨，其他均属于脑颅骨，因此选B。]]></keypoints></question><question><type>1</type><format>text</format><desc><![CDATA[19.骶管麻醉的穿刺部位正对]]></desc><options><option><id>A</id><type>text</type><desc><![CDATA[骶角]]></desc></option><option><id>B</id><type>text</type><desc><![CDATA[骶管裂孔]]></desc></option><option><id>C</id><type>text</type><desc><![CDATA[骶前孔]]></desc></option><option><id>D</id><type>text</type><desc><![CDATA[骶后孔]]></desc></option><option><id>E</id><type>text</type><desc><![CDATA[骶岬]]></desc></option></options><answers><![CDATA[B]]></answers><keypoints><![CDATA[解析：两侧骶角之间的骶管裂孔为骶管麻醉的穿刺部位，因此选B。]]></keypoints></question><question><type>1</type><format>text</format><desc><![CDATA[20.参与构成翼点的有]]></desc><options><option><id>A</id><type>text</type><desc><![CDATA[额骨、蝶骨、枕骨和颞骨]]></desc></option><option><id>B</id><type>text</type><desc><![CDATA[额骨、颞骨、顶骨和颧骨]]></desc></option><option><id>C</id><type>text</type><desc><![CDATA[额骨、枕骨、顶骨和颞骨]]></desc></option><option><id>D</id><type>text</type><desc><![CDATA[颧骨、蝶骨、顶骨和颞骨]]></desc></option><option><id>E</id><type>text</type><desc><![CDATA[额骨、蝶骨、顶骨和颞骨]]></desc></option></options><answers><![CDATA[E]]></answers><keypoints><![CDATA[解析：翼点位于额骨、蝶骨、顶骨和颞骨交界处，因此选E。]]></keypoints></question><question><type>1</type><format>text</format><desc><![CDATA[21.关于下颌骨的错误说法是]]></desc><options><option><id>A</id><type>text</type><desc><![CDATA[分为下颌支和下颌体两部分]]></desc></option><option><id>B</id><type>text</type><desc><![CDATA[于体表可明显触及下颌角]]></desc></option><option><id>C</id><type>text</type><desc><![CDATA[下颌支外面有下颌孔]]></desc></option><option><id>D</id><type>text</type><desc><![CDATA[下颌体前外侧面有颏孔]]></desc></option><option><id>E</id><type>text</type><desc><![CDATA[可以自由活动]]></desc></option></options><answers><![CDATA[C]]></answers><keypoints><![CDATA[解析：下颌孔位于下颌支内面，因此选C。]]></keypoints></question><question><type>1</type><format>text</format><desc><![CDATA[22.关于锁骨的描述正确的是]]></desc><options><option><id>A</id><type>text</type><desc><![CDATA[是自由上肢骨]]></desc></option><option><id>B</id><type>text</type><desc><![CDATA[内侧1/3凸向前]]></desc></option><option><id>C</id><type>text</type><desc><![CDATA[支撑上肢骨]]></desc></option><option><id>D</id><type>text</type><desc><![CDATA[位于喙突下方]]></desc></option><option><id>E</id><type>text</type><desc><![CDATA[属于长骨]]></desc></option></options><answers><![CDATA[B]]></answers><keypoints><![CDATA[解析：锁骨是上肢带骨，属于扁骨，内侧1/3凸向前，外侧1/3凸向后，因此选B。]]></keypoints></question><question><type>1</type><format>text</format><desc><![CDATA[23.属于尺骨的结构是]]></desc><options><option><id>A</id><type>text</type><desc><![CDATA[桡切迹]]></desc></option><option><id>B</id><type>text</type><desc><![CDATA[腕关节面]]></desc></option><option><id>C</id><type>text</type><desc><![CDATA[尺神经沟]]></desc></option><option><id>D</id><type>text</type><desc><![CDATA[尺切迹]]></desc></option><option><id>E</id><type>text</type><desc><![CDATA[尺骨小头]]></desc></option></options><answers><![CDATA[A]]></answers><keypoints><![CDATA[解析：桡切迹位于尺骨,与桡骨相关节, 腕关节面、尺切迹属于桡骨，尺神经沟位于肱骨，因此选A。]]></keypoints></question><question><type>1</type><format>text</format><desc><![CDATA[24.股骨易骨折的部位是]]></desc><options><option><id>A</id><type>text</type><desc><![CDATA[股骨颈]]></desc></option><option><id>B</id><type>text</type><desc><![CDATA[转子间线]]></desc></option><option><id>C</id><type>text</type><desc><![CDATA[粗线]]></desc></option><option><id>D</id><type>text</type><desc><![CDATA[股骨体]]></desc></option><option><id>E</id><type>text</type><desc><![CDATA[股骨中段]]></desc></option></options><answers><![CDATA[A]]></answers><keypoints><![CDATA[解析：股骨颈狭细，易发生骨折，因此选A。]]></keypoints></question><question><type>1</type><format>text</format><desc><![CDATA[25.滑膜关节的基本结构是]]></desc><options><option><id>A</id><type>text</type><desc><![CDATA[关节面、关节囊、关节盘]]></desc></option><option><id>B</id><type>text</type><desc><![CDATA[关节面、关节囊、关节唇]]></desc></option><option><id>C</id><type>text</type><desc><![CDATA[关节腔、关节囊、囊内韧带]]></desc></option><option><id>D</id><type>text</type><desc><![CDATA[关节软骨、关节囊、关节腔]]></desc></option><option><id>E</id><type>text</type><desc><![CDATA[关节面、关节囊、关节腔]]></desc></option></options><answers><![CDATA[E]]></answers><keypoints><![CDATA[解析：关节的基本结构包括关节面、关节囊和关节腔，因此选E。]]></keypoints></question><question><type>1</type><format>text</format><desc><![CDATA[26.连接相邻椎弓板的结构是]]></desc><options><option><id>A</id><type>text</type><desc><![CDATA[前纵韧带]]></desc></option><option><id>B</id><type>text</type><desc><![CDATA[后纵韧带]]></desc></option><option><id>C</id><type>text</type><desc><![CDATA[黄韧带]]></desc></option><option><id>D</id><type>text</type><desc><![CDATA[棘间韧带]]></desc></option><option><id>E</id><type>text</type><desc><![CDATA[棘上韧带]]></desc></option></options><answers><![CDATA[C]]></answers><keypoints><![CDATA[解析：前、后纵韧带连接椎体，棘间韧带、棘上韧带连接棘突，黄韧带连接相邻的椎弓板，因此选C。]]></keypoints></question><question><type>1</type><format>text</format><desc><![CDATA[27.关于椎间盘的说法正确的是]]></desc><options><option><id>A</id><type>text</type><desc><![CDATA[位于脊柱所有椎体之间]]></desc></option><option><id>B</id><type>text</type><desc><![CDATA[由纤维环和髓核构成]]></desc></option><option><id>C</id><type>text</type><desc><![CDATA[属间接连接]]></desc></option><option><id>D</id><type>text</type><desc><![CDATA[髓核最易向后方脱出]]></desc></option><option><id>E</id><type>text</type><desc><![CDATA[让椎体无法运动]]></desc></option></options><answers><![CDATA[B]]></answers><keypoints><![CDATA[解析：椎间盘由纤维环和髓核两部分构成，属于直接连接，髓核易向后外侧脱出，因此选B。]]></keypoints></question><question><type>1</type><format>text</format><desc><![CDATA[28.位于各椎体的后面，几乎纵贯脊柱全长的韧带是]]></desc><options><option><id>A</id><type>text</type><desc><![CDATA[黄韧带]]></desc></option><option><id>B</id><type>text</type><desc><![CDATA[前纵韧带]]></desc></option><option><id>C</id><type>text</type><desc><![CDATA[后纵韧带]]></desc></option><option><id>D</id><type>text</type><desc><![CDATA[项韧带]]></desc></option><option><id>E</id><type>text</type><desc><![CDATA[棘上韧带]]></desc></option></options><answers><![CDATA[C]]></answers><keypoints><![CDATA[解析：前纵韧带位于各椎体的前面，后纵韧带位于各椎体的后面，其他属于椎弓之间的连结，因此选C。]]></keypoints></question><question><type>1</type><format>text</format><desc><![CDATA[29.肘关节的正确描述是]]></desc><options><option><id>A</id><type>text</type><desc><![CDATA[由肱尺关节和肱桡关节组成]]></desc></option><option><id>B</id><type>text</type><desc><![CDATA[肱尺关节为椭圆关节]]></desc></option><option><id>C</id><type>text</type><desc><![CDATA[可作外展运动]]></desc></option><option><id>D</id><type>text</type><desc><![CDATA[属于复合关节]]></desc></option><option><id>E</id><type>text</type><desc><![CDATA[关节囊坚韧]]></desc></option></options><answers><![CDATA[D]]></answers><keypoints><![CDATA[解析：肘关节由肱尺关节、肱桡关节和桡尺近侧关节组成，包在同一个关节囊内，属于复合关节，关节囊薄而松弛，因此选D。]]></keypoints></question><question><type>1</type><format>text</format><desc><![CDATA[30.关于肩关节的描述正确是]]></desc><options><option><id>A</id><type>text</type><desc><![CDATA[关节窝较深]]></desc></option><option><id>B</id><type>text</type><desc><![CDATA[关节头较小]]></desc></option><option><id>C</id><type>text</type><desc><![CDATA[关节囊松弛]]></desc></option><option><id>D</id><type>text</type><desc><![CDATA[运动范围较小]]></desc></option><option><id>E</id><type>text</type><desc><![CDATA[关节四周有韧带加强]]></desc></option></options><answers><![CDATA[C]]></answers><keypoints><![CDATA[解析：肩关节头大窝浅，关节囊松弛，关节四周有肌肉加强，运动范围为全身最大，因此选C。]]></keypoints></question><question><type>1</type><format>text</format><desc><![CDATA[31.构成膝关节的骨有]]></desc><options><option><id>A</id><type>text</type><desc><![CDATA[股骨和胫骨]]></desc></option><option><id>B</id><type>text</type><desc><![CDATA[股骨和髌骨]]></desc></option><option><id>C</id><type>text</type><desc><![CDATA[腓骨、胫骨、股骨、髌骨]]></desc></option><option><id>D</id><type>text</type><desc><![CDATA[股骨、胫骨、腓骨]]></desc></option><option><id>E</id><type>text</type><desc><![CDATA[股骨、胫骨、髌骨]]></desc></option></options><answers><![CDATA[E]]></answers><keypoints><![CDATA[解析：膝关节由股骨下端、胫骨上端和髌骨组成，因此选E。]]></keypoints></question><question><type>1</type><format>text</format><desc><![CDATA[32.膝关节的主要运动形式为]]></desc><options><option><id>A</id><type>text</type><desc><![CDATA[环转运动]]></desc></option><option><id>B</id><type>text</type><desc><![CDATA[屈和伸]]></desc></option><option><id>C</id><type>text</type><desc><![CDATA[内收和外展]]></desc></option><option><id>D</id><type>text</type><desc><![CDATA[旋内和旋外]]></desc></option><option><id>E</id><type>text</type><desc><![CDATA[以上均可]]></desc></option></options><answers><![CDATA[B]]></answers><keypoints><![CDATA[解析：膝关节的主要运动形式为屈和伸，半屈位时能做轻度的旋转运动，因此选B。]]></keypoints></question><question><type>1</type><format>text</format><desc><![CDATA[33.髂嵴最高点连线]]></desc><options><option><id>A</id><type>text</type><desc><![CDATA[平第1腰椎棘突]]></desc></option><option><id>B</id><type>text</type><desc><![CDATA[平第2腰椎棘突]]></desc></option><option><id>C</id><type>text</type><desc><![CDATA[平第3腰椎棘突]]></desc></option><option><id>D</id><type>text</type><desc><![CDATA[平第4腰椎棘突]]></desc></option><option><id>E</id><type>text</type><desc><![CDATA[平第5腰椎棘突]]></desc></option></options><answers><![CDATA[D]]></answers><keypoints><![CDATA[解析：髂嵴最高点连线平第4腰椎棘突，是重要的体表标志，因此选D。]]></keypoints></question><question><type>1</type><format>text</format><desc><![CDATA[34.构成肋弓的肋软骨]]></desc><options><option><id>A</id><type>text</type><desc><![CDATA[第5～8对]]></desc></option><option><id>B</id><type>text</type><desc><![CDATA[第6～9对]]></desc></option><option><id>C</id><type>text</type><desc><![CDATA[第7～10对]]></desc></option><option><id>D</id><type>text</type><desc><![CDATA[第8～10对]]></desc></option><option><id>E</id><type>text</type><desc><![CDATA[第11～12对]]></desc></option></options><answers><![CDATA[D]]></answers><keypoints><![CDATA[解析：第8～10对肋软骨依次与上位肋软骨相连，构成肋弓，因此选D。]]></keypoints></question><question><type>1</type><format>text</format><desc><![CDATA[35.在长肌两端呈条索状的结构是]]></desc><options><option><id>A</id><type>text</type><desc><![CDATA[肌腱]]></desc></option><option><id>B</id><type>text</type><desc><![CDATA[肌膜]]></desc></option><option><id>C</id><type>text</type><desc><![CDATA[腱鞘]]></desc></option><option><id>D</id><type>text</type><desc><![CDATA[肌腹]]></desc></option><option><id>E</id><type>text</type><desc><![CDATA[滑膜]]></desc></option></options><answers><![CDATA[A]]></answers><keypoints><![CDATA[解析：长肌两端为肌腱，扁肌的肌腱称腱膜，因此选A。]]></keypoints></question><question><type>1</type><format>text</format><desc><![CDATA[36.关于肌的起止，正确的是]]></desc><options><option><id>A</id><type>text</type><desc><![CDATA[四肢肌多起于远端]]></desc></option><option><id>B</id><type>text</type><desc><![CDATA[躯干肌多起于远侧]]></desc></option><option><id>C</id><type>text</type><desc><![CDATA[多以起点为动点]]></desc></option><option><id>D</id><type>text</type><desc><![CDATA[多以止点为动点]]></desc></option><option><id>E</id><type>text</type><desc><![CDATA[以上都不对]]></desc></option></options><answers><![CDATA[D]]></answers><keypoints><![CDATA[解析：肌多以近侧为起点，以起点为定点，以止点为动点，因此选D。]]></keypoints></question><question><type>1</type><format>text</format><desc><![CDATA[37.能使头后仰的是]]></desc><options><option><id>A</id><type>text</type><desc><![CDATA[背阔肌]]></desc></option><option><id>B</id><type>text</type><desc><![CDATA[斜方肌]]></desc></option><option><id>C</id><type>text</type><desc><![CDATA[胸大肌]]></desc></option><option><id>D</id><type>text</type><desc><![CDATA[前锯肌]]></desc></option><option><id>E</id><type>text</type><desc><![CDATA[肋间肌]]></desc></option></options><answers><![CDATA[B]]></answers><keypoints><![CDATA[解析：只有斜方肌连于枕外隆凸，两侧收缩能能使头后仰，其他肌不连于头部，不能运动头部，因此选B。]]></keypoints></question><question><type>1</type><format>text</format><desc><![CDATA[38.背阔肌的作用是]]></desc><options><option><id>A</id><type>text</type><desc><![CDATA[臂内收]]></desc></option><option><id>B</id><type>text</type><desc><![CDATA[臂旋外和后伸]]></desc></option><option><id>C</id><type>text</type><desc><![CDATA[助臂上举]]></desc></option><option><id>D</id><type>text</type><desc><![CDATA[伸脊柱]]></desc></option><option><id>E</id><type>text</type><desc><![CDATA[屈脊柱]]></desc></option></options><answers><![CDATA[A]]></answers><keypoints><![CDATA[解析：背阔肌能使臂内收、内旋和后伸，因此选A。]]></keypoints></question><question><type>1</type><format>text</format><desc><![CDATA[39.右侧胸锁乳突肌收缩(对侧不收缩)时]]></desc><options><option><id>A</id><type>text</type><desc><![CDATA[头后仰]]></desc></option><option><id>B</id><type>text</type><desc><![CDATA[头歪向右侧]]></desc></option><option><id>C</id><type>text</type><desc><![CDATA[头歪向左侧]]></desc></option><option><id>D</id><type>text</type><desc><![CDATA[面转向右侧]]></desc></option><option><id>E</id><type>text</type><desc><![CDATA[以上都不对]]></desc></option></options><answers><![CDATA[B]]></answers><keypoints><![CDATA[解析：一侧胸锁乳突肌收缩，脸转向对侧，头转向同侧，因此选B。]]></keypoints></question><question><type>1</type><format>text</format><desc><![CDATA[40.膈的中心腱内有]]></desc><options><option><id>A</id><type>text</type><desc><![CDATA[腔静脉孔]]></desc></option><option><id>B</id><type>text</type><desc><![CDATA[食管裂孔]]></desc></option><option><id>C</id><type>text</type><desc><![CDATA[气管裂孔]]></desc></option><option><id>D</id><type>text</type><desc><![CDATA[主动脉裂孔]]></desc></option><option><id>E</id><type>text</type><desc><![CDATA[卵圆孔]]></desc></option></options><answers><![CDATA[A]]></answers><keypoints><![CDATA[解析：腔静脉孔位于膈的中心腱内，因此选A。]]></keypoints></question><question><type>1</type><format>text</format><desc><![CDATA[41.腹股沟管深环位于]]></desc><options><option><id>A</id><type>text</type><desc><![CDATA[腹股沟韧带中点上方]]></desc></option><option><id>B</id><type>text</type><desc><![CDATA[耻骨结节外上方]]></desc></option><option><id>C</id><type>text</type><desc><![CDATA[腹股沟管浅环的内侧]]></desc></option><option><id>D</id><type>text</type><desc><![CDATA[股管外侧]]></desc></option><option><id>E</id><type>text</type><desc><![CDATA[股管内侧]]></desc></option></options><answers><![CDATA[A]]></answers><keypoints><![CDATA[解析：腹股沟管深环位于腹股沟韧带中点上方，是腹横筋膜上的卵圆形孔，因此选A。]]></keypoints></question><question><type>1</type><format>text</format><desc><![CDATA[42.用力提下颌骨时，于下颌骨外面可以摸到的是]]></desc><options><option><id>A</id><type>text</type><desc><![CDATA[咬肌]]></desc></option><option><id>B</id><type>text</type><desc><![CDATA[颞肌]]></desc></option><option><id>C</id><type>text</type><desc><![CDATA[翼内肌]]></desc></option><option><id>D</id><type>text</type><desc><![CDATA[翼外肌]]></desc></option><option><id>E</id><type>text</type><desc><![CDATA[面肌]]></desc></option></options><answers><![CDATA[A]]></answers><keypoints><![CDATA[解析：咬紧牙关时，下颌骨外面可以摸到咬肌，颞肌位于颞窝内，因此选A。]]></keypoints></question><question><type>1</type><format>text</format><desc><![CDATA[43.具有伸髋屈膝作用的是]]></desc><options><option><id>A</id><type>text</type><desc><![CDATA[闭孔内肌]]></desc></option><option><id>B</id><type>text</type><desc><![CDATA[股二头肌]]></desc></option><option><id>C</id><type>text</type><desc><![CDATA[股四头肌]]></desc></option><option><id>D</id><type>text</type><desc><![CDATA[缝匠肌]]></desc></option><option><id>E</id><type>text</type><desc><![CDATA[长收肌]]></desc></option></options><answers><![CDATA[B]]></answers><keypoints><![CDATA[解析：股二头肌位于髋关节、膝关节的后方，具有伸髋屈膝作用，因此选B。]]></keypoints></question><question><type>1</type><format>text</format><desc><![CDATA[44.止于跟骨的粗大跟腱是]]></desc><options><option><id>A</id><type>text</type><desc><![CDATA[胫骨前肌]]></desc></option><option><id>B</id><type>text</type><desc><![CDATA[胫骨后肌]]></desc></option><option><id>C</id><type>text</type><desc><![CDATA[腓骨长肌]]></desc></option><option><id>D</id><type>text</type><desc><![CDATA[腓骨短肌]]></desc></option><option><id>E</id><type>text</type><desc><![CDATA[小腿三头肌]]></desc></option></options><answers><![CDATA[E]]></answers><keypoints><![CDATA[解析：小腿三头肌止于跟骨，较粗大，因此选E。]]></keypoints></question></questions></exam>