﻿<?xml version="1.0" encoding="UTF-8"?><exam><id>20160523144149</id><questions><instructions>A1型题</instructions><question><type>1</type><format>text</format><desc><![CDATA[1.男性生殖腺为]]></desc><options><option><id>A</id><type>text</type><desc><![CDATA[附睾]]></desc></option><option><id>B</id><type>text</type><desc><![CDATA[精囊腺]]></desc></option><option><id>C</id><type>text</type><desc><![CDATA[前列腺]]></desc></option><option><id>D</id><type>text</type><desc><![CDATA[睾丸]]></desc></option><option><id>E</id><type>text</type><desc><![CDATA[尿道球腺]]></desc></option></options><answers><![CDATA[D]]></answers><keypoints><![CDATA[解析：男性生殖腺是睾丸，附睾是输精管道，其余均为附属腺体。]]></keypoints></question><question><type>1</type><format>text</format><desc><![CDATA[2.关于睾丸的说法，正确的是]]></desc><options><option><id>A</id><type>text</type><desc><![CDATA[位于阴囊的鞘膜腔内]]></desc></option><option><id>B</id><type>text</type><desc><![CDATA[前缘为血管、神经、淋巴管出入的部位]]></desc></option><option><id>C</id><type>text</type><desc><![CDATA[后缘与附睾及输精管的起始部相邻]]></desc></option><option><id>D</id><type>text</type><desc><![CDATA[具有分泌生长激素的功能]]></desc></option><option><id>E</id><type>text</type><desc><![CDATA[上缘游离]]></desc></option></options><answers><![CDATA[C]]></answers><keypoints><![CDATA[解析：睾丸前缘游离，后缘和上端附有附睾；后缘上部有血管、神经及淋巴管等出入。]]></keypoints></question><question><type>1</type><format>text</format><desc><![CDATA[3.不是精子产生后排出体外经过的结构]]></desc><options><option><id>A</id><type>text</type><desc><![CDATA[附睾]]></desc></option><option><id>B</id><type>text</type><desc><![CDATA[精囊腺]]></desc></option><option><id>C</id><type>text</type><desc><![CDATA[输精管]]></desc></option><option><id>D</id><type>text</type><desc><![CDATA[男尿道]]></desc></option><option><id>E</id><type>text</type><desc><![CDATA[射精管]]></desc></option></options><answers><![CDATA[B]]></answers><keypoints><![CDATA[解析：精囊腺为附属腺体，其分泌物参与精液的形成。]]></keypoints></question><question><type>1</type><format>text</format><desc><![CDATA[4.输精管]]></desc><options><option><id>A</id><type>text</type><desc><![CDATA[可分睾丸部、精索部、腹股沟管部、盆部]]></desc></option><option><id>B</id><type>text</type><desc><![CDATA[直接开口于尿道]]></desc></option><option><id>C</id><type>text</type><desc><![CDATA[开口于膀胱三角]]></desc></option><option><id>D</id><type>text</type><desc><![CDATA[输精管结扎常在睾丸部进行]]></desc></option><option><id>E</id><type>text</type><desc><![CDATA[靠近睾丸有输精管壶腹]]></desc></option></options><answers><![CDATA[A]]></answers><keypoints><![CDATA[解析：输精管开口于尿道前列腺部，结扎部位在输精管的精索部。]]></keypoints></question><question><type>1</type><format>text</format><desc><![CDATA[5.结扎输精管常选部位是]]></desc><options><option><id>A</id><type>text</type><desc><![CDATA[睾丸部]]></desc></option><option><id>B</id><type>text</type><desc><![CDATA[精索部]]></desc></option><option><id>C</id><type>text</type><desc><![CDATA[腹股沟管部]]></desc></option><option><id>D</id><type>text</type><desc><![CDATA[盆部]]></desc></option><option><id>E</id><type>text</type><desc><![CDATA[输精管壶腹]]></desc></option></options><answers><![CDATA[A]]></answers><keypoints><![CDATA[解析：男性结扎部位在输精管的精索部。]]></keypoints></question><question><type>1</type><format>text</format><desc><![CDATA[6.射精管的开口在]]></desc><options><option><id>A</id><type>text</type><desc><![CDATA[尿道前列腺部]]></desc></option><option><id>B</id><type>text</type><desc><![CDATA[尿道膜部]]></desc></option><option><id>C</id><type>text</type><desc><![CDATA[尿道海绵体部]]></desc></option><option><id>D</id><type>text</type><desc><![CDATA[尿道球部]]></desc></option><option><id>E</id><type>text</type><desc><![CDATA[尿道舟状窝]]></desc></option></options><answers><![CDATA[A]]></answers><keypoints><![CDATA[解析：射精管是输精管壶腹和精囊腺共同汇合而成，开口在男性尿道前列腺部。]]></keypoints></question><question><type>1</type><format>text</format><desc><![CDATA[7.不属于精索内结构的是]]></desc><options><option><id>A</id><type>text</type><desc><![CDATA[输精管]]></desc></option><option><id>B</id><type>text</type><desc><![CDATA[蔓状静脉丛]]></desc></option><option><id>C</id><type>text</type><desc><![CDATA[睾丸动脉]]></desc></option><option><id>D</id><type>text</type><desc><![CDATA[睾丸静脉]]></desc></option><option><id>E</id><type>text</type><desc><![CDATA[淋巴管]]></desc></option></options><answers><![CDATA[D]]></answers><keypoints><![CDATA[解析：精索主要由3层被膜包裹输精管、睾丸动脉、蔓状静脉丛、淋巴管、神经和鞘韧带等组成。]]></keypoints></question><question><type>1</type><format>text</format><desc><![CDATA[8.男尿道第二个扩大部位在]]></desc><options><option><id>A</id><type>text</type><desc><![CDATA[尿道前列腺部]]></desc></option><option><id>B</id><type>text</type><desc><![CDATA[尿道膜部]]></desc></option><option><id>C</id><type>text</type><desc><![CDATA[尿道球部]]></desc></option><option><id>D</id><type>text</type><desc><![CDATA[尿道舟状窝]]></desc></option><option><id>E</id><type>text</type><desc><![CDATA[尿道前列腺部和膜部的交界处]]></desc></option></options><answers><![CDATA[C]]></answers><keypoints><![CDATA[解析：男性尿道三处扩大从上往下分别是尿道前列腺部、尿道球部和尿道舟状窝。]]></keypoints></question><question><type>1</type><format>text</format><desc><![CDATA[9.男尿道最狭窄的部位在]]></desc><options><option><id>A</id><type>text</type><desc><![CDATA[尿道内口]]></desc></option><option><id>B</id><type>text</type><desc><![CDATA[尿道外口]]></desc></option><option><id>C</id><type>text</type><desc><![CDATA[尿道膜部]]></desc></option><option><id>D</id><type>text</type><desc><![CDATA[尿道球]]></desc></option><option><id>E</id><type>text</type><desc><![CDATA[尿道前列腺部]]></desc></option></options><answers><![CDATA[B]]></answers><keypoints><![CDATA[解析：男性尿道最狭窄在尿道外口。]]></keypoints></question><question><type>1</type><format>text</format><desc><![CDATA[10.男性前尿道指的是]]></desc><options><option><id>A</id><type>text</type><desc><![CDATA[尿道前列腺部]]></desc></option><option><id>B</id><type>text</type><desc><![CDATA[尿道膜部]]></desc></option><option><id>C</id><type>text</type><desc><![CDATA[尿道海绵体部]]></desc></option><option><id>D</id><type>text</type><desc><![CDATA[尿道前列腺部和膜部]]></desc></option><option><id>E</id><type>text</type><desc><![CDATA[尿道海绵体部和膜部]]></desc></option></options><answers><![CDATA[D]]></answers><keypoints><![CDATA[解析：尿道前列腺部和膜部是前尿道，尿道海绵体部为后尿道。]]></keypoints></question><question><type>1</type><format>text</format><desc><![CDATA[11.男性后尿道指的是]]></desc><options><option><id>A</id><type>text</type><desc><![CDATA[尿道前列腺部]]></desc></option><option><id>B</id><type>text</type><desc><![CDATA[尿道膜部]]></desc></option><option><id>C</id><type>text</type><desc><![CDATA[尿道海绵体部]]></desc></option><option><id>D</id><type>text</type><desc><![CDATA[尿道前列腺部和膜部]]></desc></option><option><id>E</id><type>text</type><desc><![CDATA[尿道海绵体部和膜部]]></desc></option></options><answers><![CDATA[C]]></answers><keypoints><![CDATA[解析：尿道前列腺部和膜部是前尿道，尿道海绵体部为后尿道。]]></keypoints></question><question><type>1</type><format>text</format><desc><![CDATA[12.男性尿道所贯穿的结构为]]></desc><options><option><id>A</id><type>text</type><desc><![CDATA[尿道海绵体]]></desc></option><option><id>B</id><type>text</type><desc><![CDATA[阴茎海绵体]]></desc></option><option><id>C</id><type>text</type><desc><![CDATA[盆膈]]></desc></option><option><id>D</id><type>text</type><desc><![CDATA[精囊腺]]></desc></option><option><id>E</id><type>text</type><desc><![CDATA[尿生殖膈]]></desc></option></options><answers><![CDATA[E]]></answers><keypoints><![CDATA[解析：尿道前列腺部位于尿生殖膈之上，尿道球部和海绵体部位于尿生殖膈之下。]]></keypoints></question><question><type>1</type><format>text</format><desc><![CDATA[13.关于男性尿道的说法，正确的是]]></desc><options><option><id>A</id><type>text</type><desc><![CDATA[可分为前列腺部、尿道球部和海绵体部]]></desc></option><option><id>B</id><type>text</type><desc><![CDATA[有两处狭窄，三个弯曲]]></desc></option><option><id>C</id><type>text</type><desc><![CDATA[临床上将尿道海绵体部称前尿道]]></desc></option><option><id>D</id><type>text</type><desc><![CDATA[尿道前列腺部最长]]></desc></option><option><id>E</id><type>text</type><desc><![CDATA[尿道最狭窄]]></desc></option></options><answers><![CDATA[A]]></answers><keypoints><![CDATA[解析：男性尿道可分为前列腺部、尿道球部和海绵体部，其余均错。]]></keypoints></question><question><type>1</type><format>text</format><desc><![CDATA[14.前列腺]]></desc><options><option><id>A</id><type>text</type><desc><![CDATA[有尿道通过]]></desc></option><option><id>B</id><type>text</type><desc><![CDATA[为男性生殖腺]]></desc></option><option><id>C</id><type>text</type><desc><![CDATA[左、右各一]]></desc></option><option><id>D</id><type>text</type><desc><![CDATA[分泌雄性激素]]></desc></option><option><id>E</id><type>text</type><desc><![CDATA[分前叶、中叶、后叶]]></desc></option></options><answers><![CDATA[A]]></answers><keypoints><![CDATA[解析：前列腺中有尿道通过，是男性附属腺，只有一个，分泌前列腺液。]]></keypoints></question><question><type>1</type><format>text</format><desc><![CDATA[15.阴茎]]></desc><options><option><id>A</id><type>text</type><desc><![CDATA[阴茎分为阴茎头和阴茎体两部分]]></desc></option><option><id>B</id><type>text</type><desc><![CDATA[阴茎海绵体前端扩大称阴茎头]]></desc></option><option><id>C</id><type>text</type><desc><![CDATA[阴茎头前端有尿道外口]]></desc></option><option><id>D</id><type>text</type><desc><![CDATA[由两个阴茎海绵体外包筋膜和皮肤组成]]></desc></option><option><id>E</id><type>text</type><desc><![CDATA[尿道海绵体前端扩大称阴茎头]]></desc></option></options><answers><![CDATA[C]]></answers><keypoints><![CDATA[解析：阴茎可分为头、体、根3部，由2条阴茎海绵体和1条尿道海绵体构成。]]></keypoints></question><question><type>1</type><format>text</format><desc><![CDATA[16.女性生殖腺是]]></desc><options><option><id>A</id><type>text</type><desc><![CDATA[子宫]]></desc></option><option><id>B</id><type>text</type><desc><![CDATA[卵巢]]></desc></option><option><id>C</id><type>text</type><desc><![CDATA[输卵管]]></desc></option><option><id>D</id><type>text</type><desc><![CDATA[前庭大腺]]></desc></option><option><id>E</id><type>text</type><desc><![CDATA[阴道]]></desc></option></options><answers><![CDATA[B]]></answers><keypoints><![CDATA[解析：女性生殖腺是卵巢，其余均错。]]></keypoints></question><question><type>1</type><format>text</format><desc><![CDATA[17.关于卵巢的叙述，错误的是]]></desc><options><option><id>A</id><type>text</type><desc><![CDATA[是成对的实质性脏器]]></desc></option><option><id>B</id><type>text</type><desc><![CDATA[位于髂内、外动脉间的卵巢窝内]]></desc></option><option><id>C</id><type>text</type><desc><![CDATA[产生卵子]]></desc></option><option><id>D</id><type>text</type><desc><![CDATA[下端借卵巢悬韧带连于盆腔侧壁]]></desc></option><option><id>E</id><type>text</type><desc><![CDATA[分泌女性激素]]></desc></option></options><answers><![CDATA[D]]></answers><keypoints><![CDATA[解析：卵巢上端借卵巢悬韧带连于盆腔侧壁。]]></keypoints></question><question><type>1</type><format>text</format><desc><![CDATA[18.卵巢]]></desc><options><option><id>A</id><type>text</type><desc><![CDATA[成人卵巢表面光滑]]></desc></option><option><id>B</id><type>text</type><desc><![CDATA[位于髂内、外动脉间的夹角处附近]]></desc></option><option><id>C</id><type>text</type><desc><![CDATA[表面无腹膜贴附]]></desc></option><option><id>D</id><type>text</type><desc><![CDATA[产生的卵子直接排入输卵管]]></desc></option><option><id>E</id><type>text</type><desc><![CDATA[上端借卵巢固有韧带]]></desc></option></options><answers><![CDATA[A]]></answers><keypoints><![CDATA[解析：成年女性卵巢因排卵后在卵巢表面会留下凹凸不平的瘢痕。]]></keypoints></question><question><type>1</type><format>text</format><desc><![CDATA[19.输卵管结扎术常选部位在]]></desc><options><option><id>A</id><type>text</type><desc><![CDATA[输卵管子宫部]]></desc></option><option><id>B</id><type>text</type><desc><![CDATA[输卵管峡]]></desc></option><option><id>C</id><type>text</type><desc><![CDATA[输卵管壶腹]]></desc></option><option><id>D</id><type>text</type><desc><![CDATA[输卵管漏斗]]></desc></option><option><id>E</id><type>text</type><desc><![CDATA[输卵管伞]]></desc></option></options><answers><![CDATA[B]]></answers><keypoints><![CDATA[解析：输卵管结扎术选在输卵管的峡部。]]></keypoints></question><question><type>1</type><format>text</format><desc><![CDATA[20.卵子受精一般在输卵管的]]></desc><options><option><id>A</id><type>text</type><desc><![CDATA[输卵管子宫部]]></desc></option><option><id>B</id><type>text</type><desc><![CDATA[输卵管峡]]></desc></option><option><id>C</id><type>text</type><desc><![CDATA[输卵管壶腹]]></desc></option><option><id>D</id><type>text</type><desc><![CDATA[输卵管漏斗]]></desc></option><option><id>E</id><type>text</type><desc><![CDATA[子宫腔]]></desc></option></options><answers><![CDATA[C]]></answers><keypoints><![CDATA[解析：输卵管壶腹是卵子受精的部位。]]></keypoints></question><question><type>1</type><format>text</format><desc><![CDATA[21.手术中识别输卵管的标志是]]></desc><options><option><id>A</id><type>text</type><desc><![CDATA[输卵管峡]]></desc></option><option><id>B</id><type>text</type><desc><![CDATA[输卵管漏斗]]></desc></option><option><id>C</id><type>text</type><desc><![CDATA[输卵管伞]]></desc></option><option><id>D</id><type>text</type><desc><![CDATA[输卵管壶腹]]></desc></option><option><id>E</id><type>text</type><desc><![CDATA[输卵管子宫部]]></desc></option></options><answers><![CDATA[C]]></answers><keypoints><![CDATA[解析：输卵管伞是手术识别输卵管的标志。]]></keypoints></question><question><type>1</type><format>text</format><desc><![CDATA[22.关于子宫的叙述，错误的是]]></desc><options><option><id>A</id><type>text</type><desc><![CDATA[成年女性子宫为前后略扁，倒置的梨形]]></desc></option><option><id>B</id><type>text</type><desc><![CDATA[成年女性子宫多呈前倾前屈位]]></desc></option><option><id>C</id><type>text</type><desc><![CDATA[可分为底、体、峡三部]]></desc></option><option><id>D</id><type>text</type><desc><![CDATA[子宫内腔分为子宫腔和子宫颈管]]></desc></option><option><id>E</id><type>text</type><desc><![CDATA[位于膀胱和直肠间]]></desc></option></options><answers><![CDATA[C]]></answers><keypoints><![CDATA[解析：成年女性子宫分为底、体、颈三部分。]]></keypoints></question><question><type>1</type><format>text</format><desc><![CDATA[23.正常成年女性子宫的位置是]]></desc><options><option><id>A</id><type>text</type><desc><![CDATA[前倾前屈位]]></desc></option><option><id>B</id><type>text</type><desc><![CDATA[前倾后屈位]]></desc></option><option><id>C</id><type>text</type><desc><![CDATA[后倾后屈位]]></desc></option><option><id>D</id><type>text</type><desc><![CDATA[后倾前屈位]]></desc></option><option><id>E</id><type>text</type><desc><![CDATA[侧位]]></desc></option></options><answers><![CDATA[A]]></answers><keypoints><![CDATA[解析：正常成年女性子宫的位置是前倾前屈位，其余均错。]]></keypoints></question></questions></exam>