﻿<?xml version="1.0" encoding="UTF-8"?><exam><id>20160523151032</id><questions><instructions>A1型题</instructions><question><type>1</type><format>text</format><desc><![CDATA[1.盐酸由哪种细胞分泌]]></desc><options><option><id>A</id><type>text</type><desc><![CDATA[主细胞]]></desc></option><option><id>B</id><type>text</type><desc><![CDATA[壁细胞]]></desc></option><option><id>C</id><type>text</type><desc><![CDATA[浆细胞]]></desc></option><option><id>D</id><type>text</type><desc><![CDATA[杯状细胞]]></desc></option><option><id>E</id><type>text</type><desc><![CDATA[柱状细胞]]></desc></option></options><answers><![CDATA[B]]></answers><keypoints><![CDATA[解析：壁细胞分泌盐酸和内因子，盐酸是胃液重要组成部分。]]></keypoints></question><question><type>1</type><format>text</format><desc><![CDATA[2.肝的基本结构单位]]></desc><options><option><id>A</id><type>text</type><desc><![CDATA[肝板]]></desc></option><option><id>B</id><type>text</type><desc><![CDATA[肝细胞]]></desc></option><option><id>C</id><type>text</type><desc><![CDATA[肝血窦]]></desc></option><option><id>D</id><type>text</type><desc><![CDATA[胆小管]]></desc></option><option><id>E</id><type>text</type><desc><![CDATA[肝小叶]]></desc></option></options><answers><![CDATA[E]]></answers><keypoints><![CDATA[解析：肝小叶是肝的基本结构和功能单位。]]></keypoints></question><question><type>1</type><format>text</format><desc><![CDATA[3.能分泌胆汁的结构是]]></desc><options><option><id>A</id><type>text</type><desc><![CDATA[胆囊]]></desc></option><option><id>B</id><type>text</type><desc><![CDATA[胆小管]]></desc></option><option><id>C</id><type>text</type><desc><![CDATA[小叶间胆管]]></desc></option><option><id>D</id><type>text</type><desc><![CDATA[肝细胞]]></desc></option><option><id>E</id><type>text</type><desc><![CDATA[贮脂细胞]]></desc></option></options><answers><![CDATA[D]]></answers><keypoints><![CDATA[解析：肝细胞分泌胆汁，直接进入胆小管，再汇入小叶间导管。]]></keypoints></question><question><type>1</type><format>text</format><desc><![CDATA[4.分泌胰岛素的细胞是]]></desc><options><option><id>A</id><type>text</type><desc><![CDATA[A细胞]]></desc></option><option><id>B</id><type>text</type><desc><![CDATA[B细胞]]></desc></option><option><id>C</id><type>text</type><desc><![CDATA[D细胞]]></desc></option><option><id>D</id><type>text</type><desc><![CDATA[浆液性腺细胞]]></desc></option><option><id>E</id><type>text</type><desc><![CDATA[黏液性腺细胞]]></desc></option></options><answers><![CDATA[B]]></answers><keypoints><![CDATA[解析：B细胞分泌胰岛素，A细胞分泌胰高血糖素，二者共同作用维持血糖稳定。]]></keypoints></question><question><type>1</type><format>text</format><desc><![CDATA[5.气管黏膜上皮是]]></desc><options><option><id>A</id><type>text</type><desc><![CDATA[单层扁平上皮]]></desc></option><option><id>B</id><type>text</type><desc><![CDATA[复层扁平上皮]]></desc></option><option><id>C</id><type>text</type><desc><![CDATA[假复层纤毛柱状上皮]]></desc></option><option><id>D</id><type>text</type><desc><![CDATA[变移上皮]]></desc></option><option><id>E</id><type>text</type><desc><![CDATA[单层柱状上皮]]></desc></option></options><answers><![CDATA[C]]></answers><keypoints><![CDATA[解析：气管黏膜上皮是假复层纤毛柱状上皮，对呼吸道有保护作用。]]></keypoints></question><question><type>1</type><format>text</format><desc><![CDATA[6.肾单位是指]]></desc><options><option><id>A</id><type>text</type><desc><![CDATA[肾小体和肾小管]]></desc></option><option><id>B</id><type>text</type><desc><![CDATA[血管球和肾小管]]></desc></option><option><id>C</id><type>text</type><desc><![CDATA[肾小囊和肾小管]]></desc></option><option><id>D</id><type>text</type><desc><![CDATA[肾小球和集合小管]]></desc></option><option><id>E</id><type>text</type><desc><![CDATA[肾小体和集合小管]]></desc></option></options><answers><![CDATA[A]]></answers><keypoints><![CDATA[解析：肾单位是肾的结构和功能单位，由肾小体和肾小管组成。]]></keypoints></question><question><type>1</type><format>text</format><desc><![CDATA[7.构成肾小囊脏层的细胞是]]></desc><options><option><id>A</id><type>text</type><desc><![CDATA[扁平细胞]]></desc></option><option><id>B</id><type>text</type><desc><![CDATA[足细胞]]></desc></option><option><id>C</id><type>text</type><desc><![CDATA[单核细胞]]></desc></option><option><id>D</id><type>text</type><desc><![CDATA[球旁细胞]]></desc></option><option><id>E</id><type>text</type><desc><![CDATA[柱状细胞]]></desc></option></options><answers><![CDATA[B]]></answers><keypoints><![CDATA[解析：肾小囊脏层由多突起的足细胞构成，足细胞的次级突起贴附与毛细血管的基膜外面。]]></keypoints></question><question><type>1</type><format>text</format><desc><![CDATA[8.产生精子的部位是]]></desc><options><option><id>A</id><type>text</type><desc><![CDATA[生精小管]]></desc></option><option><id>B</id><type>text</type><desc><![CDATA[精囊腺]]></desc></option><option><id>C</id><type>text</type><desc><![CDATA[输精管]]></desc></option><option><id>D</id><type>text</type><desc><![CDATA[前列腺]]></desc></option><option><id>E</id><type>text</type><desc><![CDATA[附睾]]></desc></option></options><answers><![CDATA[A]]></answers><keypoints><![CDATA[解析：生精小管的管壁为生精上皮，生精上皮由生精细胞和支持细胞组成。]]></keypoints></question><question><type>1</type><format>text</format><desc><![CDATA[9.乳腺手术采用放射状切口是因为]]></desc><options><option><id>A</id><type>text</type><desc><![CDATA[便于延长切口]]></desc></option><option><id>B</id><type>text</type><desc><![CDATA[可避免切断悬韧带]]></desc></option><option><id>C</id><type>text</type><desc><![CDATA[可减少输乳管损伤]]></desc></option><option><id>D</id><type>text</type><desc><![CDATA[容易找到发病部位]]></desc></option><option><id>E</id><type>text</type><desc><![CDATA[便于愈合]]></desc></option></options><answers><![CDATA[C]]></answers><keypoints><![CDATA[解析：输入管以乳头为中心呈放射状排列，手术采用放射状切开是为了减少输入管损伤。]]></keypoints></question><question><type>1</type><format>text</format><desc><![CDATA[10.月经黄体维持的时间约为]]></desc><options><option><id>A</id><type>text</type><desc><![CDATA[6个月]]></desc></option><option><id>B</id><type>text</type><desc><![CDATA[14天左右]]></desc></option><option><id>C</id><type>text</type><desc><![CDATA[28天]]></desc></option><option><id>D</id><type>text</type><desc><![CDATA[8个月]]></desc></option><option><id>E</id><type>text</type><desc><![CDATA[4个月]]></desc></option></options><answers><![CDATA[B]]></answers><keypoints><![CDATA[解析：若排出的卵未受精，黄体只能维持14天左右，称月经黄体。]]></keypoints></question><question><type>1</type><format>text</format><desc><![CDATA[11.阴道黏膜的上皮]]></desc><options><option><id>A</id><type>text</type><desc><![CDATA[单层立方上皮]]></desc></option><option><id>B</id><type>text</type><desc><![CDATA[单层扁平上皮]]></desc></option><option><id>C</id><type>text</type><desc><![CDATA[复层扁平上皮]]></desc></option><option><id>D</id><type>text</type><desc><![CDATA[单层柱状上皮]]></desc></option><option><id>E</id><type>text</type><desc><![CDATA[变移上皮]]></desc></option></options><answers><![CDATA[C]]></answers><keypoints><![CDATA[解析：阴道黏膜上皮为未角化的复层扁平上皮。]]></keypoints></question><question><type>1</type><format>text</format><desc><![CDATA[12.属于皮肤附属器的是]]></desc><options><option><id>A</id><type>text</type><desc><![CDATA[皮下组织]]></desc></option><option><id>B</id><type>text</type><desc><![CDATA[皮脂腺]]></desc></option><option><id>C</id><type>text</type><desc><![CDATA[浅筋膜]]></desc></option><option><id>D</id><type>text</type><desc><![CDATA[深筋膜]]></desc></option><option><id>E</id><type>text</type><desc><![CDATA[乳头层]]></desc></option></options><answers><![CDATA[B]]></answers><keypoints><![CDATA[解析：皮肤附属器包括：毛、汗腺、皮脂腺、指（趾）甲。]]></keypoints></question><question><type>1</type><format>text</format><desc><![CDATA[13.皮肤表皮中，哪一层细胞间有黑素细胞]]></desc><options><option><id>A</id><type>text</type><desc><![CDATA[基底层]]></desc></option><option><id>B</id><type>text</type><desc><![CDATA[棘层]]></desc></option><option><id>C</id><type>text</type><desc><![CDATA[颗粒层]]></desc></option><option><id>D</id><type>text</type><desc><![CDATA[透明层]]></desc></option><option><id>E</id><type>text</type><desc><![CDATA[角质层]]></desc></option></options><answers><![CDATA[A]]></answers><keypoints><![CDATA[解析：黑素细胞散在于基底层细胞之间。]]></keypoints></question><question><type>1</type><format>text</format><desc><![CDATA[14.去甲肾上腺素是由]]></desc><options><option><id>A</id><type>text</type><desc><![CDATA[球状带分泌]]></desc></option><option><id>B</id><type>text</type><desc><![CDATA[束状带分泌]]></desc></option><option><id>C</id><type>text</type><desc><![CDATA[网状带分泌]]></desc></option><option><id>D</id><type>text</type><desc><![CDATA[嗜铬细胞分泌]]></desc></option><option><id>E</id><type>text</type><desc><![CDATA[球旁细胞分泌]]></desc></option></options><answers><![CDATA[D]]></answers><keypoints><![CDATA[解析：肾上腺髓质嗜铬细胞分泌肾上腺素和去甲肾上腺素。]]></keypoints></question><question><type>1</type><format>text</format><desc><![CDATA[15.由垂体嗜酸性细胞分泌的激素是]]></desc><options><option><id>A</id><type>text</type><desc><![CDATA[促甲状腺素]]></desc></option><option><id>B</id><type>text</type><desc><![CDATA[促肾上腺皮质激素]]></desc></option><option><id>C</id><type>text</type><desc><![CDATA[促性腺激素]]></desc></option><option><id>D</id><type>text</type><desc><![CDATA[生长激素]]></desc></option><option><id>E</id><type>text</type><desc><![CDATA[催产素]]></desc></option></options><answers><![CDATA[D]]></answers><keypoints><![CDATA[解析：垂体嗜酸性细胞分泌生长激素和催乳激素。]]></keypoints></question><question><type>1</type><format>text</format><desc><![CDATA[16.胃黏膜上皮为]]></desc><options><option><id>A</id><type>text</type><desc><![CDATA[单层扁平上皮]]></desc></option><option><id>B</id><type>text</type><desc><![CDATA[单层立方上皮]]></desc></option><option><id>C</id><type>text</type><desc><![CDATA[单层柱状上皮]]></desc></option><option><id>D</id><type>text</type><desc><![CDATA[假复层纤毛柱状上皮]]></desc></option><option><id>E</id><type>text</type><desc><![CDATA[复层扁平上皮]]></desc></option></options><answers><![CDATA[C]]></answers><keypoints><![CDATA[解析：胃黏膜上皮为单层柱状上皮，主要由表面黏液细胞组成。]]></keypoints></question><question><type>1</type><format>text</format><desc><![CDATA[17.位于肝板之间的窦状毛细血管是]]></desc><options><option><id>A</id><type>text</type><desc><![CDATA[胆小管]]></desc></option><option><id>B</id><type>text</type><desc><![CDATA[窦周隙]]></desc></option><option><id>C</id><type>text</type><desc><![CDATA[肝血窦]]></desc></option><option><id>D</id><type>text</type><desc><![CDATA[小叶间胆管]]></desc></option><option><id>E</id><type>text</type><desc><![CDATA[小叶间静脉]]></desc></option></options><answers><![CDATA[C]]></answers><keypoints><![CDATA[解析：肝血窦是位于肝板之间的不规则腔隙，互相吻合成网，其内充满血液。]]></keypoints></question><question><type>1</type><format>text</format><desc><![CDATA[18.胆小管位于]]></desc><options><option><id>A</id><type>text</type><desc><![CDATA[肝板之间]]></desc></option><option><id>B</id><type>text</type><desc><![CDATA[肝细胞与肝血窦之间]]></desc></option><option><id>C</id><type>text</type><desc><![CDATA[肝板与肝血窦之间]]></desc></option><option><id>D</id><type>text</type><desc><![CDATA[相邻肝细胞之间]]></desc></option><option><id>E</id><type>text</type><desc><![CDATA[肝板与窦周隙之间]]></desc></option></options><answers><![CDATA[D]]></answers><keypoints><![CDATA[解析：胆小管是相邻肝细胞之间彼此对应的细胞膜局部内陷围成的微细管道。]]></keypoints></question><question><type>1</type><format>text</format><desc><![CDATA[19.中动脉]]></desc><options><option><id>A</id><type>text</type><desc><![CDATA[中膜由40～70层弹性膜构成]]></desc></option><option><id>B</id><type>text</type><desc><![CDATA[中膜不发达，外膜很厚，含纵行平滑肌]]></desc></option><option><id>C</id><type>text</type><desc><![CDATA[中膜由10～40层平滑肌构成]]></desc></option><option><id>D</id><type>text</type><desc><![CDATA[属于肌性动脉，但内弹性膜不明显]]></desc></option><option><id>E</id><type>text</type><desc><![CDATA[管壁主要由1层内皮和基膜构成]]></desc></option></options><answers><![CDATA[C]]></answers><keypoints><![CDATA[解析：中动脉中膜较厚，主要由10～40层环形平滑肌构成。]]></keypoints></question><question><type>1</type><format>text</format><desc><![CDATA[20.向卵巢表面突出并完成排卵的是]]></desc><options><option><id>A</id><type>text</type><desc><![CDATA[原始卵泡]]></desc></option><option><id>B</id><type>text</type><desc><![CDATA[初级卵泡]]></desc></option><option><id>C</id><type>text</type><desc><![CDATA[次级卵泡]]></desc></option><option><id>D</id><type>text</type><desc><![CDATA[成熟卵泡]]></desc></option><option><id>E</id><type>text</type><desc><![CDATA[闭锁卵泡]]></desc></option></options><answers><![CDATA[D]]></answers><keypoints><![CDATA[解析：成熟卵泡随着卵泡液增多，体积越来越大，其突向卵巢表面的部分卵泡壁、白膜及上皮逐渐变薄，最终破裂，次级卵母细胞连同透明带、放射冠和卵泡液脱离卵巢进入腹膜腔，称为排卵。]]></keypoints></question><question><type>1</type><format>text</format><desc><![CDATA[21.不属于肝小叶的结构]]></desc><options><option><id>A</id><type>text</type><desc><![CDATA[门管区]]></desc></option><option><id>B</id><type>text</type><desc><![CDATA[窦周隙]]></desc></option><option><id>C</id><type>text</type><desc><![CDATA[胆小管]]></desc></option><option><id>D</id><type>text</type><desc><![CDATA[肝血窦]]></desc></option><option><id>E</id><type>text</type><desc><![CDATA[中央静脉]]></desc></option></options><answers><![CDATA[A]]></answers><keypoints><![CDATA[解析：肝小叶由中央静脉、肝板、肝血窦、窦周隙和胆小管组成。]]></keypoints></question><question><type>1</type><format>text</format><desc><![CDATA[22.关于血管球的描述，错误的是]]></desc><options><option><id>A</id><type>text</type><desc><![CDATA[是一团盘曲成球状的毛细血管]]></desc></option><option><id>B</id><type>text</type><desc><![CDATA[出球微动脉比入球微动脉粗短]]></desc></option><option><id>C</id><type>text</type><desc><![CDATA[内皮细胞有孔]]></desc></option><option><id>D</id><type>text</type><desc><![CDATA[毛细血管外贴有足细胞]]></desc></option><option><id>E</id><type>text</type><desc><![CDATA[其内血压较高]]></desc></option></options><answers><![CDATA[B]]></answers><keypoints><![CDATA[解析：血管球入球微动脉比出球微动脉粗，故毛细血管内血压较高。]]></keypoints></question><question><type>1</type><format>text</format><desc><![CDATA[23.分泌肾素的结构是]]></desc><options><option><id>A</id><type>text</type><desc><![CDATA[致密斑]]></desc></option><option><id>B</id><type>text</type><desc><![CDATA[球旁细胞]]></desc></option><option><id>C</id><type>text</type><desc><![CDATA[足细胞]]></desc></option><option><id>D</id><type>text</type><desc><![CDATA[内皮细胞]]></desc></option><option><id>E</id><type>text</type><desc><![CDATA[基膜]]></desc></option></options><answers><![CDATA[B]]></answers><keypoints><![CDATA[解析：球旁细胞能分泌肾素，使血压升高。]]></keypoints></question><question><type>1</type><format>text</format><desc><![CDATA[24.子宫内膜处于月经期时，卵巢正处于]]></desc><options><option><id>A</id><type>text</type><desc><![CDATA[生长卵泡期]]></desc></option><option><id>B</id><type>text</type><desc><![CDATA[成熟卵泡期]]></desc></option><option><id>C</id><type>text</type><desc><![CDATA[排卵期]]></desc></option><option><id>D</id><type>text</type><desc><![CDATA[黄体生成期]]></desc></option><option><id>E</id><type>text</type><desc><![CDATA[黄体退化期]]></desc></option></options><answers><![CDATA[E]]></answers><keypoints><![CDATA[解析：黄体退化，孕激素及雌激素迅速下降，子宫内膜中的螺旋动脉持续收缩，致使内膜功能层缺血坏死，随后螺旋动脉发生充血扩张，毛细血管破裂出血，血液与坏死的功能层组织经阴道排出体外，形成月经。]]></keypoints></question><question><type>1</type><format>text</format><desc><![CDATA[25.具有滤血功能的淋巴器官]]></desc><options><option><id>A</id><type>text</type><desc><![CDATA[胸腺]]></desc></option><option><id>B</id><type>text</type><desc><![CDATA[脾]]></desc></option><option><id>C</id><type>text</type><desc><![CDATA[淋巴结]]></desc></option><option><id>D</id><type>text</type><desc><![CDATA[胰]]></desc></option><option><id>E</id><type>text</type><desc><![CDATA[扁桃体]]></desc></option></options><answers><![CDATA[B]]></answers><keypoints><![CDATA[解析：脾具有滤血、免疫应答和造血的功能。脾内含大量巨噬细胞，可吞噬清除血液中的异物和衰老、死亡的细胞。]]></keypoints></question></questions></exam>