﻿<?xml version="1.0" encoding="UTF-8"?><exam><id>20160523150802</id><questions><instructions>A1型题</instructions><question><type>1</type><format>text</format><desc><![CDATA[1.假复层纤毛柱状上皮分布于]]></desc><options><option><id>A</id><type>text</type><desc><![CDATA[外耳道]]></desc></option><option><id>B</id><type>text</type><desc><![CDATA[输精管]]></desc></option><option><id>C</id><type>text</type><desc><![CDATA[输卵管]]></desc></option><option><id>D</id><type>text</type><desc><![CDATA[气管]]></desc></option><option><id>E</id><type>text</type><desc><![CDATA[胆囊]]></desc></option></options><answers><![CDATA[D]]></answers><keypoints><![CDATA[解析：假复层纤毛柱状上皮分布于呼吸道，气管属呼吸道的一部分。]]></keypoints></question><question><type>1</type><format>text</format><desc><![CDATA[2.肌原纤维的结构和功能的基本单位是]]></desc><options><option><id>A</id><type>text</type><desc><![CDATA[肌纤维]]></desc></option><option><id>B</id><type>text</type><desc><![CDATA[肌质网]]></desc></option><option><id>C</id><type>text</type><desc><![CDATA[肌节]]></desc></option><option><id>D</id><type>text</type><desc><![CDATA[三联体]]></desc></option><option><id>E</id><type>text</type><desc><![CDATA[肌丝]]></desc></option></options><answers><![CDATA[C]]></answers><keypoints><![CDATA[解析：肌节是肌原纤维结构和功能的基本单位。]]></keypoints></question><question><type>1</type><format>text</format><desc><![CDATA[3.神经系统结构和功能的基本单位是]]></desc><options><option><id>A</id><type>text</type><desc><![CDATA[神经胶质细胞]]></desc></option><option><id>B</id><type>text</type><desc><![CDATA[神经]]></desc></option><option><id>C</id><type>text</type><desc><![CDATA[神经纤维]]></desc></option><option><id>D</id><type>text</type><desc><![CDATA[神经原纤维]]></desc></option><option><id>E</id><type>text</type><desc><![CDATA[神经元]]></desc></option></options><answers><![CDATA[B]]></answers><keypoints><![CDATA[解析：神经元是神经系统结构和功能的基本单位。]]></keypoints></question><question><type>1</type><format>text</format><desc><![CDATA[4.透明软骨、弹性软骨和纤维软骨的主要区别在于]]></desc><options><option><id>A</id><type>text</type><desc><![CDATA[软骨细胞类型]]></desc></option><option><id>B</id><type>text</type><desc><![CDATA[软骨膜]]></desc></option><option><id>C</id><type>text</type><desc><![CDATA[纤维类型]]></desc></option><option><id>D</id><type>text</type><desc><![CDATA[软骨细胞和纤维类型]]></desc></option><option><id>E</id><type>text</type><desc><![CDATA[无定形基质成分]]></desc></option></options><answers><![CDATA[C]]></answers><keypoints><![CDATA[解析：软骨是根据软骨基质内纤维类型不同分类的。]]></keypoints></question><question><type>1</type><format>text</format><desc><![CDATA[5.人体最早的造血器官是]]></desc><options><option><id>A</id><type>text</type><desc><![CDATA[黄骨髓]]></desc></option><option><id>B</id><type>text</type><desc><![CDATA[红骨髓]]></desc></option><option><id>C</id><type>text</type><desc><![CDATA[脾]]></desc></option><option><id>D</id><type>text</type><desc><![CDATA[肝]]></desc></option><option><id>E</id><type>text</type><desc><![CDATA[卵黄囊的血岛]]></desc></option></options><answers><![CDATA[E]]></answers><keypoints><![CDATA[解析：胚胎第3周卵黄囊的血岛开始造血。]]></keypoints></question><question><type>1</type><format>text</format><desc><![CDATA[6.下列关于被覆上皮特点描述错误的是]]></desc><options><option><id>A</id><type>text</type><desc><![CDATA[细胞具有极性]]></desc></option><option><id>B</id><type>text</type><desc><![CDATA[细胞间质少]]></desc></option><option><id>C</id><type>text</type><desc><![CDATA[细胞多且排列紧密]]></desc></option><option><id>D</id><type>text</type><desc><![CDATA[有血管分布]]></desc></option><option><id>E</id><type>text</type><desc><![CDATA[有丰富的神经末梢]]></desc></option></options><answers><![CDATA[D]]></answers><keypoints><![CDATA[解析：被覆上皮内无血管分布。]]></keypoints></question><question><type>1</type><format>text</format><desc><![CDATA[7.蜂窝组织是指]]></desc><options><option><id>A</id><type>text</type><desc><![CDATA[疏松结缔组织]]></desc></option><option><id>B</id><type>text</type><desc><![CDATA[脂肪组织]]></desc></option><option><id>C</id><type>text</type><desc><![CDATA[致密结缔组织]]></desc></option><option><id>D</id><type>text</type><desc><![CDATA[网状组织]]></desc></option><option><id>E</id><type>text</type><desc><![CDATA[血液]]></desc></option></options><answers><![CDATA[A]]></answers><keypoints><![CDATA[解析：疏松结缔组织又称蜂窝组织。]]></keypoints></question><question><type>1</type><format>text</format><desc><![CDATA[8.参与生理性止血和凝血的血细胞是]]></desc><options><option><id>A</id><type>text</type><desc><![CDATA[红细胞]]></desc></option><option><id>B</id><type>text</type><desc><![CDATA[中性粒细胞]]></desc></option><option><id>C</id><type>text</type><desc><![CDATA[血小板]]></desc></option><option><id>D</id><type>text</type><desc><![CDATA[淋巴细胞]]></desc></option><option><id>E</id><type>text</type><desc><![CDATA[成熟的红细胞]]></desc></option></options><answers><![CDATA[C]]></answers><keypoints><![CDATA[解析：血小板参与止血和凝血。]]></keypoints></question><question><type>1</type><format>text</format><desc><![CDATA[9.下列哪种细胞能产生大量的纤维和基质]]></desc><options><option><id>A</id><type>text</type><desc><![CDATA[成骨细胞]]></desc></option><option><id>B</id><type>text</type><desc><![CDATA[骨祖细胞]]></desc></option><option><id>C</id><type>text</type><desc><![CDATA[破骨细胞]]></desc></option><option><id>D</id><type>text</type><desc><![CDATA[骨细胞]]></desc></option><option><id>E</id><type>text</type><desc><![CDATA[肥大细胞]]></desc></option></options><answers><![CDATA[A]]></answers><keypoints><![CDATA[解析：成骨细胞具有分泌纤维和基质的功能。]]></keypoints></question><question><type>1</type><format>text</format><desc><![CDATA[10.关于基膜下列描述哪项是错误的]]></desc><options><option><id>A</id><type>text</type><desc><![CDATA[不同部位的上皮的基膜厚薄不一]]></desc></option><option><id>B</id><type>text</type><desc><![CDATA[可分为基板和网板两层]]></desc></option><option><id>C</id><type>text</type><desc><![CDATA[主要由胶原纤维构成]]></desc></option><option><id>D</id><type>text</type><desc><![CDATA[基膜HE染色下一般不能分辨]]></desc></option><option><id>E</id><type>text</type><desc><![CDATA[是支持膜和半透膜]]></desc></option></options><answers><![CDATA[C]]></answers><keypoints><![CDATA[解析：主要由网状纤维构成。]]></keypoints></question><question><type>1</type><format>text</format><desc><![CDATA[11.合成和分泌免疫球蛋白的细胞是]]></desc><options><option><id>A</id><type>text</type><desc><![CDATA[成纤维细胞]]></desc></option><option><id>B</id><type>text</type><desc><![CDATA[浆细胞]]></desc></option><option><id>C</id><type>text</type><desc><![CDATA[巨噬细胞]]></desc></option><option><id>D</id><type>text</type><desc><![CDATA[嗜酸性粒细胞]]></desc></option><option><id>E</id><type>text</type><desc><![CDATA[肥大细胞]]></desc></option></options><answers><![CDATA[B]]></answers><keypoints><![CDATA[解析：浆细胞具有合成和分泌免疫球蛋白的功能。]]></keypoints></question><question><type>1</type><format>text</format><desc><![CDATA[12.癌细胞产生哪种物质可破坏基质的防御屏障]]></desc><options><option><id>A</id><type>text</type><desc><![CDATA[透明质酸酶]]></desc></option><option><id>B</id><type>text</type><desc><![CDATA[胶原蛋白酶]]></desc></option><option><id>C</id><type>text</type><desc><![CDATA[弹性蛋白酶]]></desc></option><option><id>D</id><type>text</type><desc><![CDATA[碱性磷酸酶]]></desc></option><option><id>E</id><type>text</type><desc><![CDATA[以上都不是]]></desc></option></options><answers><![CDATA[A]]></answers><keypoints><![CDATA[解析：癌细胞产生的透明质酸酶可破坏基质的防御屏障。]]></keypoints></question><question><type>1</type><format>text</format><desc><![CDATA[13.下列哪个结构被覆的是单层立方上皮]]></desc><options><option><id>A</id><type>text</type><desc><![CDATA[心包]]></desc></option><option><id>B</id><type>text</type><desc><![CDATA[气管黏膜]]></desc></option><option><id>C</id><type>text</type><desc><![CDATA[甲状腺滤泡]]></desc></option><option><id>D</id><type>text</type><desc><![CDATA[表皮]]></desc></option><option><id>E</id><type>text</type><desc><![CDATA[胃黏膜]]></desc></option></options><answers><![CDATA[C]]></answers><keypoints><![CDATA[解析：甲状腺滤泡是由单层立方上皮构成的。]]></keypoints></question><question><type>1</type><format>text</format><desc><![CDATA[14.巨噬细胞的前身是]]></desc><options><option><id>A</id><type>text</type><desc><![CDATA[间充质细胞]]></desc></option><option><id>B</id><type>text</type><desc><![CDATA[内皮细胞]]></desc></option><option><id>C</id><type>text</type><desc><![CDATA[中性粒细胞]]></desc></option><option><id>D</id><type>text</type><desc><![CDATA[网状细胞]]></desc></option><option><id>E</id><type>text</type><desc><![CDATA[单核细胞]]></desc></option></options><answers><![CDATA[E]]></answers><keypoints><![CDATA[解析：单核细胞穿过毛细血管进入结缔组织称为巨噬细胞。]]></keypoints></question><question><type>1</type><format>text</format><desc><![CDATA[15.骨陷窝和骨小管内除含骨细胞外还有]]></desc><options><option><id>A</id><type>text</type><desc><![CDATA[毛细血管]]></desc></option><option><id>B</id><type>text</type><desc><![CDATA[神经]]></desc></option><option><id>C</id><type>text</type><desc><![CDATA[淋巴管]]></desc></option><option><id>D</id><type>text</type><desc><![CDATA[组织液]]></desc></option><option><id>E</id><type>text</type><desc><![CDATA[以上都是]]></desc></option></options><answers><![CDATA[D]]></answers><keypoints><![CDATA[解析：骨陷窝和骨小管内含少量组织液。]]></keypoints></question><question><type>1</type><format>text</format><desc><![CDATA[16.长骨的间骨板位于]]></desc><options><option><id>A</id><type>text</type><desc><![CDATA[外环骨板内]]></desc></option><option><id>B</id><type>text</type><desc><![CDATA[骨单位内]]></desc></option><option><id>C</id><type>text</type><desc><![CDATA[骨膜下]]></desc></option><option><id>D</id><type>text</type><desc><![CDATA[内环骨板内]]></desc></option><option><id>E</id><type>text</type><desc><![CDATA[骨单位之间]]></desc></option></options><answers><![CDATA[E]]></answers><keypoints><![CDATA[解析：间骨板位于骨单位之间或骨单位与环骨板之间。]]></keypoints></question><question><type>1</type><format>text</format><desc><![CDATA[17.具有杀灭寄生虫作用的白细胞是]]></desc><options><option><id>A</id><type>text</type><desc><![CDATA[中性粒细胞]]></desc></option><option><id>B</id><type>text</type><desc><![CDATA[嗜酸性粒细胞]]></desc></option><option><id>C</id><type>text</type><desc><![CDATA[嗜碱性粒细胞]]></desc></option><option><id>D</id><type>text</type><desc><![CDATA[淋巴细胞]]></desc></option><option><id>E</id><type>text</type><desc><![CDATA[单核细胞]]></desc></option></options><answers><![CDATA[B]]></answers><keypoints><![CDATA[解析：嗜酸性粒细胞胞质内的阳离子蛋白对寄生虫有很强的杀灭作用。]]></keypoints></question><question><type>1</type><format>text</format><desc><![CDATA[18.血红蛋白存在于]]></desc><options><option><id>A</id><type>text</type><desc><![CDATA[红细胞]]></desc></option><option><id>B</id><type>text</type><desc><![CDATA[血小板]]></desc></option><option><id>C</id><type>text</type><desc><![CDATA[单核细胞]]></desc></option><option><id>D</id><type>text</type><desc><![CDATA[淋巴细胞]]></desc></option><option><id>E</id><type>text</type><desc><![CDATA[中性粒细胞]]></desc></option></options><answers><![CDATA[A]]></answers><keypoints><![CDATA[解析：红细胞内有血红蛋白，血红蛋白能够运输O<sub>2</sub>和CO<sub>2</sub>。]]></keypoints></question><question><type>1</type><format>text</format><desc><![CDATA[19.每条骨骼肌肌原纤维的I带内有]]></desc><options><option><id>A</id><type>text</type><desc><![CDATA[只有粗肌丝]]></desc></option><option><id>B</id><type>text</type><desc><![CDATA[只有细肌丝]]></desc></option><option><id>C</id><type>text</type><desc><![CDATA[粗肌丝和细肌丝]]></desc></option><option><id>D</id><type>text</type><desc><![CDATA[肌球蛋白肌丝]]></desc></option><option><id>E</id><type>text</type><desc><![CDATA[肌丝束]]></desc></option></options><answers><![CDATA[B]]></answers><keypoints><![CDATA[解析：I带内只有细肌丝，A带内粗、细两种肌丝均有。]]></keypoints></question><question><type>1</type><format>text</format><desc><![CDATA[20.不属于神经元结构特点的是]]></desc><options><option><id>A</id><type>text</type><desc><![CDATA[分胞体和突起两部分]]></desc></option><option><id>B</id><type>text</type><desc><![CDATA[胞体大小不一，形态多样]]></desc></option><option><id>C</id><type>text</type><desc><![CDATA[突起包括树突和轴突两种]]></desc></option><option><id>D</id><type>text</type><desc><![CDATA[胞质内含嗜染质和神经原纤维]]></desc></option><option><id>E</id><type>text</type><desc><![CDATA[较粗突起的末端参与构成血-脑屏障]]></desc></option></options><answers><![CDATA[E]]></answers><keypoints><![CDATA[解析：参与构成血-脑屏障的细胞是神经胶质细胞而不是神经元。]]></keypoints></question></questions></exam>