﻿<?xml version="1.0" encoding="UTF-8"?><exam><id>20160802091823</id><questions><instructions><![CDATA[一、单项选择题]]></instructions><question><type>1</type><format>text</format><desc><![CDATA[1.下列不属于泌尿系统组成的是]]></desc><options><option><id>A</id><type>text</type><desc><![CDATA[肾]]></desc></option><option><id>B</id><type>text</type><desc><![CDATA[输尿管]]></desc></option><option><id>C</id><type>text</type><desc><![CDATA[膀胱]]></desc></option><option><id>D</id><type>text</type><desc><![CDATA[子宫]]></desc></option><option><id>E</id><type>text</type><desc><![CDATA[尿道]]></desc></option></options><answers><![CDATA[D]]></answers><keypoints><![CDATA[解析：泌尿系统由肾、输尿管、膀胱和尿道组成。]]></keypoints></question><question><type>1</type><format>text</format><desc><![CDATA[2.生成尿液的主要器官是]]></desc><options><option><id>A</id><type>text</type><desc><![CDATA[肾]]></desc></option><option><id>B</id><type>text</type><desc><![CDATA[输尿管]]></desc></option><option><id>C</id><type>text</type><desc><![CDATA[膀胱]]></desc></option><option><id>D</id><type>text</type><desc><![CDATA[尿道]]></desc></option><option><id>E</id><type>text</type><desc><![CDATA[前列腺]]></desc></option></options><answers><![CDATA[A]]></answers><keypoints><![CDATA[解析：生成尿液的主要器官是肾。]]></keypoints></question><question><type>1</type><format>text</format><desc><![CDATA[3.下列关于肾的描述，错误的是]]></desc><options><option><id>A</id><type>text</type><desc><![CDATA[肾可分为肾皮质、肾髓质和肾窦三部分]]></desc></option><option><id>B</id><type>text</type><desc><![CDATA[肾乳头汇入肾大盏并且数目一致]]></desc></option><option><id>C</id><type>text</type><desc><![CDATA[皮质伸入肾锥体之间的部分称为肾柱]]></desc></option><option><id>D</id><type>text</type><desc><![CDATA[肾小盏与肾乳头两者数目一致]]></desc></option><option><id>E</id><type>text</type><desc><![CDATA[肾锥体的尖端伸向肾窦称为肾乳头]]></desc></option></options><answers><![CDATA[B]]></answers><keypoints><![CDATA[解析：肾乳头汇入肾小盏并且数目一致。]]></keypoints></question><question><type>1</type><format>text</format><desc><![CDATA[4.肾蒂内的结构排列顺序，从前向后依次为]]></desc><options><option><id>A</id><type>text</type><desc><![CDATA[肾动脉、肾静脉、肾盂]]></desc></option><option><id>B</id><type>text</type><desc><![CDATA[肾静脉、肾动脉、肾盂]]></desc></option><option><id>C</id><type>text</type><desc><![CDATA[肾动脉、肾盂、肾静脉]]></desc></option><option><id>D</id><type>text</type><desc><![CDATA[肾静脉、肾盂、肾动脉]]></desc></option><option><id>E</id><type>text</type><desc><![CDATA[肾盂、肾动脉、肾静脉]]></desc></option></options><answers><![CDATA[B]]></answers><keypoints><![CDATA[解析：肾蒂内各结构的排列关系，自前向后顺序为肾静脉、肾动脉和肾盂末端；自上向下顺序为：肾动脉、肾静脉和肾盂。]]></keypoints></question><question><type>1</type><format>text</format><desc><![CDATA[5.属于肾蒂的结构是]]></desc><options><option><id>A</id><type>text</type><desc><![CDATA[肾皮质和肾柱]]></desc></option><option><id>B</id><type>text</type><desc><![CDATA[肾锥体和肾乳头]]></desc></option><option><id>C</id><type>text</type><desc><![CDATA[肾小盏和肾大盏]]></desc></option><option><id>D</id><type>text</type><desc><![CDATA[输尿管]]></desc></option><option><id>E</id><type>text</type><desc><![CDATA[肾盂]]></desc></option></options><answers><![CDATA[E]]></answers><keypoints><![CDATA[解析：肾蒂包括肾动脉、肾静脉和肾盂。]]></keypoints></question><question><type>1</type><format>text</format><desc><![CDATA[6.肾门约平]]></desc><options><option><id>A</id><type>text</type><desc><![CDATA[第11胸椎平面]]></desc></option><option><id>B</id><type>text</type><desc><![CDATA[第12胸椎平面]]></desc></option><option><id>C</id><type>text</type><desc><![CDATA[第1腰椎平面]]></desc></option><option><id>D</id><type>text</type><desc><![CDATA[第2腰椎平面]]></desc></option><option><id>E</id><type>text</type><desc><![CDATA[第3腰椎平面]]></desc></option></options><answers><![CDATA[C]]></answers><keypoints><![CDATA[解析：肾门约在第一腰椎体平面。]]></keypoints></question><question><type>1</type><format>text</format><desc><![CDATA[7.下列关于肾的描述，错误的是]]></desc><options><option><id>A</id><type>text</type><desc><![CDATA[左右各一，右肾略低于左肾]]></desc></option><option><id>B</id><type>text</type><desc><![CDATA[肾的内侧缘中部凹陷为肾门，约平对第一腰椎体]]></desc></option><option><id>C</id><type>text</type><desc><![CDATA[肾位于腹膜后隙内，属于腹膜外位器官]]></desc></option><option><id>D</id><type>text</type><desc><![CDATA[肾区位于第12肋和脊柱的交角处,肾患疾病时,该处有压痛和叩击痛]]></desc></option><option><id>E</id><type>text</type><desc><![CDATA[伸入肾锥体之间的皮质称为肾柱]]></desc></option></options><answers><![CDATA[D]]></answers><keypoints><![CDATA[解析：肾区位于第12肋和竖脊肌外侧缘的夹角处。]]></keypoints></question><question><type>1</type><format>text</format><desc><![CDATA[8.属于肾皮质结构的是]]></desc><options><option><id>A</id><type>text</type><desc><![CDATA[肾小盏]]></desc></option><option><id>B</id><type>text</type><desc><![CDATA[肾盂]]></desc></option><option><id>C</id><type>text</type><desc><![CDATA[肾乳头]]></desc></option><option><id>D</id><type>text</type><desc><![CDATA[肾柱]]></desc></option><option><id>E</id><type>text</type><desc><![CDATA[肾大盏]]></desc></option></options><answers><![CDATA[D]]></answers><keypoints><![CDATA[解析：伸入肾锥体之间的皮质称肾柱。]]></keypoints></question><question><type>1</type><format>text</format><desc><![CDATA[9.肾髓质是由15～20个（ ）所组成]]></desc><options><option><id>A</id><type>text</type><desc><![CDATA[肾柱]]></desc></option><option><id>B</id><type>text</type><desc><![CDATA[肾小盏]]></desc></option><option><id>C</id><type>text</type><desc><![CDATA[肾大盏]]></desc></option><option><id>D</id><type>text</type><desc><![CDATA[肾锥体]]></desc></option><option><id>E</id><type>text</type><desc><![CDATA[肾单位]]></desc></option></options><answers><![CDATA[D]]></answers><keypoints><![CDATA[解析：肾髓质有15～20个圆锥形底朝向皮质尖向肾窦的肾锥体组成。]]></keypoints></question><question><type>1</type><format>text</format><desc><![CDATA[10.肾最外面的被膜为]]></desc><options><option><id>A</id><type>text</type><desc><![CDATA[肾纤维囊]]></desc></option><option><id>B</id><type>text</type><desc><![CDATA[脂肪囊]]></desc></option><option><id>C</id><type>text</type><desc><![CDATA[肾筋膜]]></desc></option><option><id>D</id><type>text</type><desc><![CDATA[腹膜壁层]]></desc></option><option><id>E</id><type>text</type><desc><![CDATA[腹横筋膜]]></desc></option></options><answers><![CDATA[C]]></answers><keypoints><![CDATA[解析：肾的被膜由内到外分为三层：依次为纤维囊、脂肪囊和肾筋膜。]]></keypoints></question><question><type>1</type><format>text</format><desc><![CDATA[11.临床上行肾囊封闭术，将药物注入]]></desc><options><option><id>A</id><type>text</type><desc><![CDATA[肾纤维囊]]></desc></option><option><id>B</id><type>text</type><desc><![CDATA[脂肪囊]]></desc></option><option><id>C</id><type>text</type><desc><![CDATA[肾筋膜]]></desc></option><option><id>D</id><type>text</type><desc><![CDATA[腹膜壁层]]></desc></option><option><id>E</id><type>text</type><desc><![CDATA[腹横筋膜]]></desc></option></options><answers><![CDATA[B]]></answers><keypoints><![CDATA[解析：临床上行肾囊封闭术，就是将药物注入肾脂肪囊内。]]></keypoints></question><question><type>1</type><format>text</format><desc><![CDATA[12.对肾起固定作用的被膜主要为]]></desc><options><option><id>A</id><type>text</type><desc><![CDATA[肾纤维囊]]></desc></option><option><id>B</id><type>text</type><desc><![CDATA[脂肪囊]]></desc></option><option><id>C</id><type>text</type><desc><![CDATA[肾筋膜]]></desc></option><option><id>D</id><type>text</type><desc><![CDATA[腹膜壁层]]></desc></option><option><id>E</id><type>text</type><desc><![CDATA[腹横筋膜]]></desc></option></options><answers><![CDATA[C]]></answers><keypoints><![CDATA[解析：对肾起固定作用的被膜主要为肾筋膜。]]></keypoints></question><question><type>1</type><format>text</format><desc><![CDATA[13.肾乳头开口于]]></desc><options><option><id>A</id><type>text</type><desc><![CDATA[肾小盏]]></desc></option><option><id>B</id><type>text</type><desc><![CDATA[肾大盏]]></desc></option><option><id>C</id><type>text</type><desc><![CDATA[输尿管]]></desc></option><option><id>D</id><type>text</type><desc><![CDATA[肾盂]]></desc></option><option><id>E</id><type>text</type><desc><![CDATA[肾柱]]></desc></option></options><answers><![CDATA[A]]></answers><keypoints><![CDATA[解析：肾乳头开口于肾小盏。]]></keypoints></question><question><type>1</type><format>text</format><desc><![CDATA[14.输尿管的正确描述是]]></desc><options><option><id>A</id><type>text</type><desc><![CDATA[分腹、盆二段]]></desc></option><option><id>B</id><type>text</type><desc><![CDATA[腹段沿腰大肌外侧]]></desc></option><option><id>C</id><type>text</type><desc><![CDATA[在男性有输精管越过其后方]]></desc></option><option><id>D</id><type>text</type><desc><![CDATA[在女性，子宫动脉从其前上方跨过]]></desc></option><option><id>E</id><type>text</type><desc><![CDATA[以上都不对]]></desc></option></options><answers><![CDATA[D]]></answers><keypoints><![CDATA[解析：输尿管分腹、盆和壁内部3段；腹段沿腰大肌前面下行；在男性有输精管越过其前方。]]></keypoints></question><question><type>1</type><format>text</format><desc><![CDATA[15.输尿管的第3处狭窄位于]]></desc><options><option><id>A</id><type>text</type><desc><![CDATA[肾盂输尿管移行处]]></desc></option><option><id>B</id><type>text</type><desc><![CDATA[输尿管与髂血管交叉处]]></desc></option><option><id>C</id><type>text</type><desc><![CDATA[输尿管壁内部]]></desc></option><option><id>D</id><type>text</type><desc><![CDATA[输尿管越过骨盆上口处]]></desc></option><option><id>E</id><type>text</type><desc><![CDATA[输尿管起始处]]></desc></option></options><answers><![CDATA[C]]></answers><keypoints><![CDATA[解析：输尿管的第三处狭窄位于输尿管壁内部。]]></keypoints></question><question><type>1</type><format>text</format><desc><![CDATA[16.下列关于膀胱的叙述，错误的是]]></desc><options><option><id>A</id><type>text</type><desc><![CDATA[位于小骨盆腔内]]></desc></option><option><id>B</id><type>text</type><desc><![CDATA[不充盈时上界不超过耻骨联合上缘]]></desc></option><option><id>C</id><type>text</type><desc><![CDATA[分为顶、体、底三部]]></desc></option><option><id>D</id><type>text</type><desc><![CDATA[充盈时可高出耻骨联合上缘]]></desc></option><option><id>E</id><type>text</type><desc><![CDATA[膀胱三角处黏膜光滑平坦]]></desc></option></options><answers><![CDATA[C]]></answers><keypoints><![CDATA[解析：膀胱分为尖、体、底、颈四部。]]></keypoints></question><question><type>1</type><format>text</format><desc><![CDATA[17.下列不属于膀胱三角特征的是]]></desc><options><option><id>A</id><type>text</type><desc><![CDATA[位于膀胱底部]]></desc></option><option><id>B</id><type>text</type><desc><![CDATA[黏膜下层缺乏]]></desc></option><option><id>C</id><type>text</type><desc><![CDATA[肌层与黏膜连结不紧密]]></desc></option><option><id>D</id><type>text</type><desc><![CDATA[是肿瘤和结核的好发部位]]></desc></option><option><id>E</id><type>text</type><desc><![CDATA[保持平滑状态]]></desc></option></options><answers><![CDATA[C]]></answers><keypoints><![CDATA[解析：此处肌层与黏膜连结紧密。]]></keypoints></question><question><type>1</type><format>text</format><desc><![CDATA[18.与男性膀胱颈相接的结构是]]></desc><options><option><id>A</id><type>text</type><desc><![CDATA[直肠]]></desc></option><option><id>B</id><type>text</type><desc><![CDATA[输尿管]]></desc></option><option><id>C</id><type>text</type><desc><![CDATA[输卵管末端]]></desc></option><option><id>D</id><type>text</type><desc><![CDATA[精囊腺]]></desc></option><option><id>E</id><type>text</type><desc><![CDATA[前列腺底]]></desc></option></options><answers><![CDATA[E]]></answers><keypoints><![CDATA[解析：膀胱的最下部称膀胱颈，与前列腺底(男性)和盆膈相接（女性）。]]></keypoints></question><question><type>1</type><format>text</format><desc><![CDATA[19.女性尿道长约]]></desc><options><option><id>A</id><type>text</type><desc><![CDATA[3～5cm]]></desc></option><option><id>B</id><type>text</type><desc><![CDATA[6～8cm]]></desc></option><option><id>C</id><type>text</type><desc><![CDATA[1～2cm]]></desc></option><option><id>D</id><type>text</type><desc><![CDATA[9～10cm]]></desc></option><option><id>E</id><type>text</type><desc><![CDATA[4～7cm]]></desc></option></options><answers><![CDATA[A]]></answers><keypoints><![CDATA[解析：女性尿道长约3～5cm。]]></keypoints></question><question><type>1</type><format>text</format><desc><![CDATA[20.女性尿道的特点是]]></desc><options><option><id>A</id><type>text</type><desc><![CDATA[宽、短而直]]></desc></option><option><id>B</id><type>text</type><desc><![CDATA[窄、短而直]]></desc></option><option><id>C</id><type>text</type><desc><![CDATA[宽、长而直]]></desc></option><option><id>D</id><type>text</type><desc><![CDATA[宽、长而弯]]></desc></option><option><id>E</id><type>text</type><desc><![CDATA[窄、短而弯]]></desc></option></options><answers><![CDATA[A]]></answers><keypoints><![CDATA[解析：女性尿道长约3～5cm，较男性尿道短、宽而直。]]></keypoints></question></questions></exam>