﻿<?xml version="1.0" encoding="UTF-8"?><exam><id>20160523151300</id><questions><instructions>A1型题</instructions><question><type>1</type><format>text</format><desc><![CDATA[1.受精的部位一般在]]></desc><options><option><id>A</id><type>text</type><desc><![CDATA[子宫体部或底部]]></desc></option><option><id>B</id><type>text</type><desc><![CDATA[输卵管峡部]]></desc></option><option><id>C</id><type>text</type><desc><![CDATA[输卵管壶腹部]]></desc></option><option><id>D</id><type>text</type><desc><![CDATA[输卵管漏斗部]]></desc></option><option><id>E</id><type>text</type><desc><![CDATA[腹腔内]]></desc></option></options><answers><![CDATA[C]]></answers><keypoints><![CDATA[解析：卵子受精的部位是在输卵管的壶腹部，其余均不对。]]></keypoints></question><question><type>1</type><format>text</format><desc><![CDATA[2.植入后的子宫内膜称]]></desc><options><option><id>A</id><type>text</type><desc><![CDATA[胎膜]]></desc></option><option><id>B</id><type>text</type><desc><![CDATA[蜕膜]]></desc></option><option><id>C</id><type>text</type><desc><![CDATA[基蜕膜]]></desc></option><option><id>D</id><type>text</type><desc><![CDATA[基膜]]></desc></option><option><id>E</id><type>text</type><desc><![CDATA[黏膜]]></desc></option></options><answers><![CDATA[B]]></answers><keypoints><![CDATA[解析：胚泡植入后的子宫内膜称蜕膜。]]></keypoints></question><question><type>1</type><format>text</format><desc><![CDATA[3.植入是]]></desc><options><option><id>A</id><type>text</type><desc><![CDATA[受精卵埋入子宫内膜的过程]]></desc></option><option><id>B</id><type>text</type><desc><![CDATA[桑椹胚埋入子宫内膜的过程]]></desc></option><option><id>C</id><type>text</type><desc><![CDATA[胚泡埋入子宫内膜的过程]]></desc></option><option><id>D</id><type>text</type><desc><![CDATA[胚胎埋入子宫内膜的过程]]></desc></option><option><id>E</id><type>text</type><desc><![CDATA[卵裂球埋入子宫内膜的过程]]></desc></option></options><answers><![CDATA[C]]></answers><keypoints><![CDATA[解析：胚泡埋入子宫内膜的过程称为植入。]]></keypoints></question><question><type>1</type><format>text</format><desc><![CDATA[4.有关单卵双胎描述错误的是]]></desc><options><option><id>A</id><type>text</type><desc><![CDATA[由一个受精卵发育而成]]></desc></option><option><id>B</id><type>text</type><desc><![CDATA[由一个胚盘发育而成]]></desc></option><option><id>C</id><type>text</type><desc><![CDATA[由一个胚泡发育成两个内细胞群]]></desc></option><option><id>D</id><type>text</type><desc><![CDATA[两个胎儿性别不同]]></desc></option><option><id>E</id><type>text</type><desc><![CDATA[两个胎儿性别相同，面貌酷似]]></desc></option></options><answers><![CDATA[D]]></answers><keypoints><![CDATA[解析：单卵双胎的性别相同。]]></keypoints></question><question><type>1</type><format>text</format><desc><![CDATA[5.正常植入的部位是]]></desc><options><option><id>A</id><type>text</type><desc><![CDATA[子宫颈]]></desc></option><option><id>B</id><type>text</type><desc><![CDATA[卵巢]]></desc></option><option><id>C</id><type>text</type><desc><![CDATA[子宫底、子宫体上部]]></desc></option><option><id>D</id><type>text</type><desc><![CDATA[输卵管壶腹部]]></desc></option><option><id>E</id><type>text</type><desc><![CDATA[输卵管峡部]]></desc></option></options><answers><![CDATA[C]]></answers><keypoints><![CDATA[解析：正常植入部位通常在子宫的体部和底部，最多见于子宫后壁。]]></keypoints></question><question><type>1</type><format>text</format><desc><![CDATA[6.受精卵早期的细胞分裂称]]></desc><options><option><id>A</id><type>text</type><desc><![CDATA[卵裂]]></desc></option><option><id>B</id><type>text</type><desc><![CDATA[无丝分裂]]></desc></option><option><id>C</id><type>text</type><desc><![CDATA[第一次成熟分裂]]></desc></option><option><id>D</id><type>text</type><desc><![CDATA[第二次成熟分裂]]></desc></option><option><id>E</id><type>text</type><desc><![CDATA[以上都不是]]></desc></option></options><answers><![CDATA[A]]></answers><keypoints><![CDATA[解析：受精卵的有丝分裂称为卵裂。]]></keypoints></question><question><type>1</type><format>text</format><desc><![CDATA[7.临床上作早期妊娠诊断时，通常是测孕妇尿中的]]></desc><options><option><id>A</id><type>text</type><desc><![CDATA[雌激素]]></desc></option><option><id>B</id><type>text</type><desc><![CDATA[孕激素]]></desc></option><option><id>C</id><type>text</type><desc><![CDATA[人绒毛膜促性腺激素]]></desc></option><option><id>D</id><type>text</type><desc><![CDATA[人绒毛膜促乳腺生长激素]]></desc></option><option><id>E</id><type>text</type><desc><![CDATA[以上均不对]]></desc></option></options><answers><![CDATA[C]]></answers><keypoints><![CDATA[解析：人绒毛膜促性腺激素即hCG。]]></keypoints></question><question><type>1</type><format>text</format><desc><![CDATA[8.人体胚胎发育经历了约]]></desc><options><option><id>A</id><type>text</type><desc><![CDATA[40周]]></desc></option><option><id>B</id><type>text</type><desc><![CDATA[280天]]></desc></option><option><id>C</id><type>text</type><desc><![CDATA[36周]]></desc></option><option><id>D</id><type>text</type><desc><![CDATA[266天]]></desc></option><option><id>E</id><type>text</type><desc><![CDATA[300天]]></desc></option></options><answers><![CDATA[D]]></answers><keypoints><![CDATA[解析：从孕妇末次月经开始至胎儿娩出约266天。]]></keypoints></question><question><type>1</type><format>text</format><desc><![CDATA[9.不属于胎儿附属结构的是]]></desc><options><option><id>A</id><type>text</type><desc><![CDATA[胎盘]]></desc></option><option><id>B</id><type>text</type><desc><![CDATA[羊膜]]></desc></option><option><id>C</id><type>text</type><desc><![CDATA[脐带]]></desc></option><option><id>D</id><type>text</type><desc><![CDATA[子宫壁肌层]]></desc></option><option><id>E</id><type>text</type><desc><![CDATA[卵黄囊]]></desc></option></options><answers><![CDATA[D]]></answers><keypoints><![CDATA[解析：子宫壁属于母体结构。]]></keypoints></question><question><type>1</type><format>text</format><desc><![CDATA[10.二胚层胚盘来自]]></desc><options><option><id>A</id><type>text</type><desc><![CDATA[基蜕膜]]></desc></option><option><id>B</id><type>text</type><desc><![CDATA[壁蜕膜]]></desc></option><option><id>C</id><type>text</type><desc><![CDATA[内细胞群]]></desc></option><option><id>D</id><type>text</type><desc><![CDATA[滋养层]]></desc></option><option><id>E</id><type>text</type><desc><![CDATA[中胚层]]></desc></option></options><answers><![CDATA[C]]></answers><keypoints><![CDATA[解析：二胚层胚盘是由内细胞群细胞增殖分化而来的。]]></keypoints></question><question><type>1</type><format>text</format><desc><![CDATA[11.下列有关受精的描述错误的是]]></desc><options><option><id>A</id><type>text</type><desc><![CDATA[受精部位通常在输卵管壶腹部]]></desc></option><option><id>B</id><type>text</type><desc><![CDATA[受精决定性别]]></desc></option><option><id>C</id><type>text</type><desc><![CDATA[男、女生殖管道畅通就一定能受精]]></desc></option><option><id>D</id><type>text</type><desc><![CDATA[受精卵的染色体数目为46条]]></desc></option><option><id>E</id><type>text</type><desc><![CDATA[精子和卵子结合为受精卵的过程称受精]]></desc></option></options><answers><![CDATA[C]]></answers><keypoints><![CDATA[解析：受精受很多因素的影响，生殖管道的畅通仅是受精条件之一。]]></keypoints></question><question><type>1</type><format>text</format><desc><![CDATA[12.下列有关植入的描述正确的是]]></desc><options><option><id>A</id><type>text</type><desc><![CDATA[植入的过程约需2周时间]]></desc></option><option><id>B</id><type>text</type><desc><![CDATA[植入的部位通常在子宫体或子宫底]]></desc></option><option><id>C</id><type>text</type><desc><![CDATA[植入的部位通常在子宫颈附近]]></desc></option><option><id>D</id><type>text</type><desc><![CDATA[胚泡植入于输卵管，将形成前置胎盘]]></desc></option><option><id>E</id><type>text</type><desc><![CDATA[植入时，合体滋养层首先与子宫内膜接触]]></desc></option></options><answers><![CDATA[B]]></answers><keypoints><![CDATA[解析：植入的部位通常在子宫体或子宫底,最多见于子宫后壁。]]></keypoints></question></questions></exam>