﻿<?xml version="1.0" encoding="UTF-8"?><exam><id>20181204163735</id><questions><instructions><![CDATA[一、单项选择题]]></instructions><question><type>1</type><format>text</format><desc><![CDATA[1.一女性慢性精神障碍病人，58岁。诉说某著名主持人的评论里带有只有她才能明白的意思。她坚信当他报道当地的事件时，他是在指与她有“有罪的关系”。这是]]></desc><options><option><id>A</id><type>text</type><desc><![CDATA[视幻觉]]></desc></option><option><id>B</id><type>text</type><desc><![CDATA[错觉]]></desc></option><option><id>C</id><type>text</type><desc><![CDATA[被害妄想]]></desc></option><option><id>D</id><type>text</type><desc><![CDATA[关系妄想]]></desc></option><option><id>E</id><type>text</type><desc><![CDATA[具体化思维]]></desc></option></options><answers><![CDATA[D]]></answers></question><question><type>1</type><format>text</format><desc><![CDATA[2.护士觉得很难跟上病人的思维，因为病人的句子很长，有复杂的解释和许多无关紧要的细节论述，但最终能回答原来的问题。在记录里，护士应该写下该病人有]]></desc><options><option><id>A</id><type>text</type><desc><![CDATA[思维松弛]]></desc></option><option><id>B</id><type>text</type><desc><![CDATA[病理性赘述]]></desc></option><option><id>C</id><type>text</type><desc><![CDATA[语词新作]]></desc></option><option><id>D</id><type>text</type><desc><![CDATA[持续言语]]></desc></option><option><id>E</id><type>text</type><desc><![CDATA[思维奔逸]]></desc></option></options><answers><![CDATA[B]]></answers></question><question><type>1</type><format>text</format><desc><![CDATA[3.妄想的定义是]]></desc><options><option><id>A</id><type>text</type><desc><![CDATA[对特殊心理需要的错误（歪曲）信念]]></desc></option><option><id>B</id><type>text</type><desc><![CDATA[对客观事物的错误的知觉体验]]></desc></option><option><id>C</id><type>text</type><desc><![CDATA[对实际上不存在的事物的虚幻的知觉体验]]></desc></option><option><id>D</id><type>text</type><desc><![CDATA[一种可以因令人信服的反面的证据而改变的观点]]></desc></option><option><id>E</id><type>text</type><desc><![CDATA[一种分离反应]]></desc></option></options><answers><![CDATA[A]]></answers></question><question><type>1</type><format>text</format><desc><![CDATA[4.一6岁女童，因急性肺炎住院。半夜惊醒并大喊“大熊”在她的房里。当护士将灯大开，看清楚原来“大熊”就是盖在沙发扶手上的外套时，她才放心。这种表现是]]></desc><options><option><id>A</id><type>text</type><desc><![CDATA[妄想]]></desc></option><option><id>B</id><type>text</type><desc><![CDATA[幻觉]]></desc></option><option><id>C</id><type>text</type><desc><![CDATA[错觉]]></desc></option><option><id>D</id><type>text</type><desc><![CDATA[投射]]></desc></option><option><id>E</id><type>text</type><desc><![CDATA[分离反应]]></desc></option></options><answers><![CDATA[C]]></answers></question><question><type>1</type><format>text</format><desc><![CDATA[5.一位68岁于两天前刚做完臀部修复术的女性需要咨询，因为护士一次又一次地发现病人“没有任何感觉”。负责评估病情的护士观察到病人坚信自己是一个女孩，仍然与父母住在家里。她还坚信这位护士就是她已故的母亲。这是哪一种损害的表现]]></desc><options><option><id>A</id><type>text</type><desc><![CDATA[注意]]></desc></option><option><id>B</id><type>text</type><desc><![CDATA[记忆]]></desc></option><option><id>C</id><type>text</type><desc><![CDATA[思维联想]]></desc></option><option><id>D</id><type>text</type><desc><![CDATA[定向]]></desc></option><option><id>E</id><type>text</type><desc><![CDATA[意识水平]]></desc></option></options><answers><![CDATA[D]]></answers></question><question><type>1</type><format>text</format><desc><![CDATA[6.一位病人已经站立不动几小时了。一只手臂向前伸，另一只绕过脖子。病人对周围环境不清醒，并能保持任何被改变的姿势。此症状是]]></desc><options><option><id>A</id><type>text</type><desc><![CDATA[意志增强]]></desc></option><option><id>B</id><type>text</type><desc><![CDATA[张力障碍]]></desc></option><option><id>C</id><type>text</type><desc><![CDATA[感觉障碍]]></desc></option><option><id>D</id><type>text</type><desc><![CDATA[紧张症]]></desc></option><option><id>E</id><type>text</type><desc><![CDATA[朦胧状态]]></desc></option></options><answers><![CDATA[D]]></answers></question><question><type>1</type><format>text</format><desc><![CDATA[7.一个人独自坐着，似乎在仔细地听什么，随后突然开始点头并自语。此人最可能的体验是]]></desc><options><option><id>A</id><type>text</type><desc><![CDATA[木僵]]></desc></option><option><id>B</id><type>text</type><desc><![CDATA[错觉]]></desc></option><option><id>C</id><type>text</type><desc><![CDATA[幻觉]]></desc></option><option><id>D</id><type>text</type><desc><![CDATA[关系妄想]]></desc></option><option><id>E</id><type>text</type><desc><![CDATA[思维奔逸]]></desc></option></options><answers><![CDATA[C]]></answers></question><question><type>1</type><format>text</format><desc><![CDATA[8.30岁男性，在零下的气温下光着身子在徘徊，自言自语地说着自己被一神秘组织迫害，被带到医院的急诊室。在检查中，病人言语无组织、不能集中，并经常在句中中断。家人否认他以前有精神病史或药物依赖史。葡萄糖水平是12mmol/L，最可能的判断是]]></desc><options><option><id>A</id><type>text</type><desc><![CDATA[谵妄]]></desc></option><option><id>B</id><type>text</type><desc><![CDATA[抑郁]]></desc></option><option><id>C</id><type>text</type><desc><![CDATA[短暂的精神错乱]]></desc></option><option><id>D</id><type>text</type><desc><![CDATA[类精神分裂症]]></desc></option><option><id>E</id><type>text</type><desc><![CDATA[痴呆]]></desc></option></options><answers><![CDATA[A]]></answers></question></questions></exam>