﻿<?xml version="1.0" encoding="UTF-8"?><exam><id>20181014133346</id><questions><instructions><![CDATA[一、单项选择题]]></instructions><question><type>1</type><format>text</format><desc><![CDATA[1.精神科临床工作的基础是]]></desc><options><option><id>A</id><type>text</type><desc><![CDATA[心理护理]]></desc></option><option><id>B</id><type>text</type><desc><![CDATA[健康教育]]></desc></option><option><id>C</id><type>text</type><desc><![CDATA[安全护理]]></desc></option><option><id>D</id><type>text</type><desc><![CDATA[给药护理]]></desc></option><option><id>E</id><type>text</type><desc><![CDATA[生活护理]]></desc></option></options><answers><![CDATA[E]]></answers></question><question><type>1</type><format>html</format><desc><![CDATA[2.有关精神科护理，下列哪项表述<u><b>不正确</b></u>]]></desc><options><option><id>A</id><type>text</type><desc><![CDATA[住院病人的健康教育应简短、实用]]></desc></option><option><id>B</id><type>text</type><desc><![CDATA[护士应在病人入院时检查是否携带危险物品]]></desc></option><option><id>C</id><type>text</type><desc><![CDATA[为了防止病人外逃，护士每天交接班要严格清点人数]]></desc></option><option><id>D</id><type>text</type><desc><![CDATA[精神科心理护理的重点是帮助病人正确认识、对待精神疾病]]></desc></option><option><id>E</id><type>text</type><desc><![CDATA[间接观察法是指从病人的日记、书法和绘画中了解病人的思想状况的方法]]></desc></option></options><answers><![CDATA[A]]></answers></question><question><type>1</type><format>html</format><desc><![CDATA[3.下列哪项<u><b>不是</b></u>精神科病房设备安全管理要求]]></desc><options><option><id>A</id><type>text</type><desc><![CDATA[插座放在高处]]></desc></option><option><id>B</id><type>text</type><desc><![CDATA[窗帘采用淡蓝色]]></desc></option><option><id>C</id><type>text</type><desc><![CDATA[病室的门上设观察窗]]></desc></option><option><id>D</id><type>text</type><desc><![CDATA[病室墙壁不宜钉钉子]]></desc></option><option><id>E</id><type>text</type><desc><![CDATA[床头柜以不能举起为宜]]></desc></option></options><answers><![CDATA[B]]></answers></question><question><type>1</type><format>text</format><desc><![CDATA[4.病人在试图自杀后，被送入精神科病房，此时的护理重点是保证病人的安全。护士应]]></desc><options><option><id>A</id><type>text</type><desc><![CDATA[让病人更换病号服]]></desc></option><option><id>B</id><type>text</type><desc><![CDATA[劝慰病人以后不能再做傻事]]></desc></option><option><id>C</id><type>text</type><desc><![CDATA[拿走病房内一切可能的危险物品]]></desc></option><option><id>D</id><type>text</type><desc><![CDATA[要求家属对病人进行持续性监护]]></desc></option><option><id>E</id><type>text</type><desc><![CDATA[派一名护士对病人进行持续性监护]]></desc></option></options><answers><![CDATA[E]]></answers></question><question><type>1</type><format>text</format><desc><![CDATA[5.某女士在经历了一次意外事故后处于严重的焦虑状态，被送入病房。此时最重要的护理措施是]]></desc><options><option><id>A</id><type>text</type><desc><![CDATA[护士和病人在一起]]></desc></option><option><id>B</id><type>text</type><desc><![CDATA[教病人放松的技巧]]></desc></option><option><id>C</id><type>text</type><desc><![CDATA[劝慰病人一切都会好的]]></desc></option><option><id>D</id><type>text</type><desc><![CDATA[将病人安置在安静的房间]]></desc></option><option><id>E</id><type>text</type><desc><![CDATA[鼓励病人讨论她所关注的问题]]></desc></option></options><answers><![CDATA[A]]></answers></question><question><type>1</type><format>text</format><desc><![CDATA[6.一个16岁的女孩被诊断为神经性厌食而送入精神科病房。护士健康教育的重点应放在]]></desc><options><option><id>A</id><type>text</type><desc><![CDATA[让家人陪伴]]></desc></option><option><id>B</id><type>text</type><desc><![CDATA[鼓励社会交往]]></desc></option><option><id>C</id><type>text</type><desc><![CDATA[观察内在精神冲突]]></desc></option><option><id>D</id><type>text</type><desc><![CDATA[为病人提供可口的饭菜]]></desc></option><option><id>E</id><type>text</type><desc><![CDATA[帮助病人认识自己不正确的想法或信念]]></desc></option></options><answers><![CDATA[E]]></answers></question><question><type>1</type><format>text</format><desc><![CDATA[7.一位探望者带着包装漂亮的礼物来病室看望病人，护士应如何做]]></desc><options><option><id>A</id><type>text</type><desc><![CDATA[将礼物打开检查]]></desc></option><option><id>B</id><type>text</type><desc><![CDATA[建议探望者收回礼物]]></desc></option><option><id>C</id><type>text</type><desc><![CDATA[让病人和探望者单独见面]]></desc></option><option><id>D</id><type>text</type><desc><![CDATA[建议病人当面将礼物打开]]></desc></option><option><id>E</id><type>text</type><desc><![CDATA[询问探望者漂亮包装里面是什么]]></desc></option></options><answers><![CDATA[D]]></answers></question><question><type>1</type><format>text</format><desc><![CDATA[8.当病人怀疑食物有毒而拒绝进食时，护士应]]></desc><options><option><id>A</id><type>text</type><desc><![CDATA[给予劝阻]]></desc></option><option><id>B</id><type>text</type><desc><![CDATA[给予鼻饲]]></desc></option><option><id>C</id><type>text</type><desc><![CDATA[尝给病人看]]></desc></option><option><id>D</id><type>text</type><desc><![CDATA[输液补充营养]]></desc></option><option><id>E</id><type>text</type><desc><![CDATA[让其单独进食]]></desc></option></options><answers><![CDATA[C]]></answers></question><question><type>1</type><format>text</format><desc><![CDATA[9.对于其精神症状不危害自己和他人的病人，应给与]]></desc><options><option><id>A</id><type>text</type><desc><![CDATA[特级护理]]></desc></option><option><id>B</id><type>text</type><desc><![CDATA[个案护理]]></desc></option><option><id>C</id><type>text</type><desc><![CDATA[一级护理]]></desc></option><option><id>D</id><type>text</type><desc><![CDATA[二级护理]]></desc></option><option><id>E</id><type>text</type><desc><![CDATA[三级护理]]></desc></option></options><answers><![CDATA[D]]></answers></question><question><type>1</type><format>text</format><desc><![CDATA[10.某抑郁症病人对护士说：“我害怕，不能活下去了。”护士的哪一种回答最合适]]></desc><options><option><id>A</id><type>text</type><desc><![CDATA[“你这种想法很可拍”]]></desc></option><option><id>B</id><type>text</type><desc><![CDATA[“你的想法我不能理解”]]></desc></option><option><id>C</id><type>text</type><desc><![CDATA[“你的家人都很关心你，你不必害怕”]]></desc></option><option><id>D</id><type>text</type><desc><![CDATA[“是什么事情让你认为你不能活下去了呢”]]></desc></option><option><id>E</id><type>text</type><desc><![CDATA[“其实你的想法我可以理解，我会陪伴你的”]]></desc></option></options><answers><![CDATA[D]]></answers></question><question><type>1</type><format>text</format><desc><![CDATA[11.李某，男性，20岁，因人格障碍入院治疗。据他妈妈讲，李某一向刻薄，总是喜欢恶作剧，作弄别人且不易控制。护士最初应采取下列哪一措施]]></desc><options><option><id>A</id><type>text</type><desc><![CDATA[限制其活动空间]]></desc></option><option><id>B</id><type>text</type><desc><![CDATA[将其与其他病人隔离]]></desc></option><option><id>C</id><type>text</type><desc><![CDATA[严密观察病人的言行举止]]></desc></option><option><id>D</id><type>text</type><desc><![CDATA[向病人讲明医院各项规定]]></desc></option><option><id>E</id><type>text</type><desc><![CDATA[让病人知道，如果他不听话就会被限制]]></desc></option></options><answers><![CDATA[C]]></answers></question><question><type>1</type><format>text</format><desc><![CDATA[12.张某，男性，19岁。近3个月来情绪极不稳定，容易激动，常因为一点小事就大发雷霆，说起话来口若悬河，且爱凑热闹，好出风头，喜欢炫耀自己，被诊断为躁狂症。住院期间，护士可安排张某]]></desc><options><option><id>A</id><type>text</type><desc><![CDATA[打篮球]]></desc></option><option><id>B</id><type>text</type><desc><![CDATA[读书学习]]></desc></option><option><id>C</id><type>text</type><desc><![CDATA[集体活动]]></desc></option><option><id>D</id><type>text</type><desc><![CDATA[编制工艺品]]></desc></option><option><id>E</id><type>text</type><desc><![CDATA[捻棉棒、糊纸袋]]></desc></option></options><answers><![CDATA[E]]></answers></question><question><type>1</type><format>text</format><desc><![CDATA[13.王某，男性，48岁，因酒后驾车在车祸中受伤，他唯一的女儿在车祸当场死亡。此后病人整天绷着脸，少言寡语，不合群。在照料该病人时，最初的护理方法是]]></desc><options><option><id>A</id><type>text</type><desc><![CDATA[劝病人接受事实]]></desc></option><option><id>B</id><type>text</type><desc><![CDATA[鼓励病人发泄不安情绪]]></desc></option><option><id>C</id><type>text</type><desc><![CDATA[让病人独处，使其从痛苦中走出来]]></desc></option><option><id>D</id><type>text</type><desc><![CDATA[告诉医生病人的抑郁，给予抗抑郁药]]></desc></option><option><id>E</id><type>text</type><desc><![CDATA[告诉病人此次事故均源于酒后驾车，给予忠告]]></desc></option></options><answers><![CDATA[B]]></answers></question><question><type>1</type><format>text</format><desc><![CDATA[14.赵某，女性，24岁，患有抑郁症，因割腕自杀被送入隔离病房，当病人说出哪句话时，护士认为可以安全解除对该病人的隔离]]></desc><options><option><id>A</id><type>text</type><desc><![CDATA[“我想见我的家人”]]></desc></option><option><id>B</id><type>text</type><desc><![CDATA[“我不会再做傻事了”]]></desc></option><option><id>C</id><type>text</type><desc><![CDATA[“我需要马上使用卫生间”]]></desc></option><option><id>D</id><type>text</type><desc><![CDATA[“在这里，我感到难以呼吸”]]></desc></option><option><id>E</id><type>text</type><desc><![CDATA[“我想有个独立房间安静下来”]]></desc></option></options><answers><![CDATA[B]]></answers></question></questions><questions><instructions><![CDATA[二、共用题干选择题]]></instructions><question><type>3</type><format>text</format><desc><![CDATA[1.向某，41岁，女商人。近一个多月来入睡困难，常半夜醒来，做任何事都提不起兴趣来，亦不愿与人交往，整日愁眉苦脸，唉声叹气，总是念叨活着没意思，被诊断为抑郁症后送进医院。]]></desc><children><question><type>3</type><format>text</format><desc><![CDATA[（1）针对上述病史，下列哪项护理措施最重要]]></desc><options><option><id>A</id><type>text</type><desc><![CDATA[做好安全护理]]></desc></option><option><id>B</id><type>text</type><desc><![CDATA[做好饮食护理]]></desc></option><option><id>C</id><type>text</type><desc><![CDATA[做好睡眠护理]]></desc></option><option><id>D</id><type>text</type><desc><![CDATA[做好心理护理]]></desc></option><option><id>E</id><type>text</type><desc><![CDATA[做好卫生护理]]></desc></option></options><answers><![CDATA[A]]></answers></question><question><type>3</type><format>text</format><desc><![CDATA[（2）当护士告诉向某以后会经常与她见面时，李某问“你为什么要这样做？”，护士最有效的回答是]]></desc><options><option><id>A</id><type>text</type><desc><![CDATA[“我是你的责任护士”]]></desc></option><option><id>B</id><type>text</type><desc><![CDATA[“这样有利于你的康复”]]></desc></option><option><id>C</id><type>text</type><desc><![CDATA[“你需要谈谈你的感受”]]></desc></option><option><id>D</id><type>text</type><desc><![CDATA[“我要帮你继续生活下去”]]></desc></option><option><id>E</id><type>text</type><desc><![CDATA[“我认为你需要我的陪伴”]]></desc></option></options><answers><![CDATA[C]]></answers></question><question><type>3</type><format>text</format><desc><![CDATA[（3）一天护士发现向某独自坐在电视机前发呆，护士该如何打开话题]]></desc><options><option><id>A</id><type>text</type><desc><![CDATA[“你在干什么？”]]></desc></option><option><id>B</id><type>text</type><desc><![CDATA[“你怎么没看电视？”]]></desc></option><option><id>C</id><type>text</type><desc><![CDATA[“你哪里不舒服吗？”]]></desc></option><option><id>D</id><type>text</type><desc><![CDATA[“今天看得怎么样？”]]></desc></option><option><id>E</id><type>text</type><desc><![CDATA[“你不喜欢看电视吗？”]]></desc></option></options><answers><![CDATA[D]]></answers></question></children></question><question><type>3</type><format>text</format><desc><![CDATA[2.艾某，男性，42岁，被哥哥送到医院急诊室。入院时，病人心率加快，呼吸急促，多汗，坐立不安，主诉头晕、心慌，排除心血管疾病，被诊断为急性焦虑反应。]]></desc><children><question><type>3</type><format>text</format><desc><![CDATA[（1）为了引导病人认识自己的焦虑行为，鼓励病人说出内心感受，护士可以说]]></desc><options><option><id>A</id><type>text</type><desc><![CDATA[“你怎么了？”]]></desc></option><option><id>B</id><type>text</type><desc><![CDATA[“你在想什么？”]]></desc></option><option><id>C</id><type>text</type><desc><![CDATA[“你很不舒服吗？”]]></desc></option><option><id>D</id><type>text</type><desc><![CDATA[“你在着急什么？”]]></desc></option><option><id>E</id><type>text</type><desc><![CDATA[“你看起来不太舒服。”]]></desc></option></options><answers><![CDATA[E]]></answers></question><question><type>3</type><format>html</format><desc><![CDATA[（2）在护士与艾某建立信任关系时，下列哪项措施<u><b>不得当</b></u>]]></desc><options><option><id>A</id><type>text</type><desc><![CDATA[倾听艾某的抱怨]]></desc></option><option><id>B</id><type>text</type><desc><![CDATA[鼓励艾某用语言表达心情]]></desc></option><option><id>C</id><type>text</type><desc><![CDATA[谈话时与艾某保持合适的距离]]></desc></option><option><id>D</id><type>text</type><desc><![CDATA[艾某哭泣时，护士可陪他坐会]]></desc></option><option><id>E</id><type>text</type><desc><![CDATA[为病人安排安静的环境，与其他病人隔离]]></desc></option></options><answers><![CDATA[E]]></answers></question><question><type>3</type><format>text</format><desc><![CDATA[（3）护士了解到，艾某最近被提升官职，但他并未承担新职并为此变得心情复杂。病人的焦虑反应可能与下列哪种情感有关]]></desc><options><option><id>A</id><type>text</type><desc><![CDATA[冷落感]]></desc></option><option><id>B</id><type>text</type><desc><![CDATA[受宠感]]></desc></option><option><id>C</id><type>text</type><desc><![CDATA[优越感]]></desc></option><option><id>D</id><type>text</type><desc><![CDATA[不够格]]></desc></option><option><id>E</id><type>text</type><desc><![CDATA[不信任感]]></desc></option></options><answers><![CDATA[D]]></answers></question></children></question></questions></exam>