﻿<?xml version="1.0" encoding="UTF-8"?><exam><id>20181014141755</id><questions><instructions><![CDATA[一、单项选择题]]></instructions><question><type>1</type><format>html</format><desc><![CDATA[1.我国的毒品<u><b>不包括</b></u>]]></desc><options><option><id>A</id><type>text</type><desc><![CDATA[阿片类]]></desc></option><option><id>B</id><type>text</type><desc><![CDATA[可卡因]]></desc></option><option><id>C</id><type>text</type><desc><![CDATA[大麻]]></desc></option><option><id>D</id><type>text</type><desc><![CDATA[兴奋剂]]></desc></option><option><id>E</id><type>text</type><desc><![CDATA[酒精]]></desc></option></options><answers><![CDATA[E]]></answers></question><question><type>1</type><format>html</format><desc><![CDATA[2.下列<u><b>不属于</b></u>阿片类物质的是]]></desc><options><option><id>A</id><type>text</type><desc><![CDATA[海洛因]]></desc></option><option><id>B</id><type>text</type><desc><![CDATA[吗啡]]></desc></option><option><id>C</id><type>text</type><desc><![CDATA[苯丙胺]]></desc></option><option><id>D</id><type>text</type><desc><![CDATA[美沙酮]]></desc></option><option><id>E</id><type>text</type><desc><![CDATA[丁丙诺啡]]></desc></option></options><answers><![CDATA[C]]></answers></question><question><type>1</type><format>text</format><desc><![CDATA[3.吗啡和海洛因等短效药物的戒断反应的极期常出现于停药后]]></desc><options><option><id>A</id><type>text</type><desc><![CDATA[8～12小时]]></desc></option><option><id>B</id><type>text</type><desc><![CDATA[48～72小时]]></desc></option><option><id>C</id><type>text</type><desc><![CDATA[4～7天]]></desc></option><option><id>D</id><type>text</type><desc><![CDATA[8～10天]]></desc></option><option><id>E</id><type>text</type><desc><![CDATA[12～24小时]]></desc></option></options><answers><![CDATA[B]]></answers></question><question><type>1</type><format>text</format><desc><![CDATA[4.酒精在体内的主要代谢部位是]]></desc><options><option><id>A</id><type>text</type><desc><![CDATA[肝脏]]></desc></option><option><id>B</id><type>text</type><desc><![CDATA[肾脏]]></desc></option><option><id>C</id><type>text</type><desc><![CDATA[脾脏]]></desc></option><option><id>D</id><type>text</type><desc><![CDATA[胃肠道]]></desc></option><option><id>E</id><type>text</type><desc><![CDATA[呼吸道]]></desc></option></options><answers><![CDATA[A]]></answers></question><question><type>1</type><format>html</format><desc><![CDATA[5.有关酒精的代谢吸收，下面<u><b>错误的</b></u>是]]></desc><options><option><id>A</id><type>text</type><desc><![CDATA[主要在小肠上部吸收]]></desc></option><option><id>B</id><type>text</type><desc><![CDATA[主要代谢场所在肝脏]]></desc></option><option><id>C</id><type>text</type><desc><![CDATA[最终代谢产物是乙醛]]></desc></option><option><id>D</id><type>text</type><desc><![CDATA[代谢中需要一些酶及辅酶参加]]></desc></option><option><id>E</id><type>text</type><desc><![CDATA[参与酒精代谢的是乙醛脱氢酶系统和微粒体乙醇氧化系统]]></desc></option></options><answers><![CDATA[C]]></answers></question><question><type>1</type><format>text</format><desc><![CDATA[6.长期大量饮酒者如突然断酒，震颤谵妄常出现在断酒]]></desc><options><option><id>A</id><type>text</type><desc><![CDATA[48小时后]]></desc></option><option><id>B</id><type>text</type><desc><![CDATA[24小时后]]></desc></option><option><id>C</id><type>text</type><desc><![CDATA[12小时后]]></desc></option><option><id>D</id><type>text</type><desc><![CDATA[72小时后]]></desc></option><option><id>E</id><type>text</type><desc><![CDATA[8小时后]]></desc></option></options><answers><![CDATA[A]]></answers></question><question><type>1</type><format>text</format><desc><![CDATA[7.在临床上常用来缓解酒精依赖戒断症状的是]]></desc><options><option><id>A</id><type>text</type><desc><![CDATA[苯二氮䓬类]]></desc></option><option><id>B</id><type>text</type><desc><![CDATA[小剂量抗精神病药物]]></desc></option><option><id>C</id><type>text</type><desc><![CDATA[大剂量维生素]]></desc></option><option><id>D</id><type>text</type><desc><![CDATA[能量合剂]]></desc></option><option><id>E</id><type>text</type><desc><![CDATA[新型抗抑郁药]]></desc></option></options><answers><![CDATA[A]]></answers></question><question><type>1</type><format>text</format><desc><![CDATA[8.单纯酒精戒断症状的处理正确的是]]></desc><options><option><id>A</id><type>text</type><desc><![CDATA[临床常用用苯二氮䓬类药物来缓解]]></desc></option><option><id>B</id><type>text</type><desc><![CDATA[常规使用抗精神病药物预防精神症状]]></desc></option><option><id>C</id><type>text</type><desc><![CDATA[一般不需要补充维生素类药物]]></desc></option><option><id>D</id><type>text</type><desc><![CDATA[常规使用抗癫痫药物以预防癫痫发生]]></desc></option><option><id>E</id><type>text</type><desc><![CDATA[应长期使用苯二氮䓬类药物以防戒断症状反跳]]></desc></option></options><answers><![CDATA[A]]></answers></question><question><type>1</type><format>html</format><desc><![CDATA[9.下列<u><b>不符合</b></u>酒精性震颤谵妄的是]]></desc><options><option><id>A</id><type>text</type><desc><![CDATA[在戒酒后发生]]></desc></option><option><id>B</id><type>text</type><desc><![CDATA[有意识障碍]]></desc></option><option><id>C</id><type>text</type><desc><![CDATA[有大量的感知异常]]></desc></option><option><id>D</id><type>text</type><desc><![CDATA[全身肌肉有粗大的震颤]]></desc></option><option><id>E</id><type>text</type><desc><![CDATA[症状多迁延，可持续数月]]></desc></option></options><answers><![CDATA[E]]></answers></question><question><type>1</type><format>html</format><desc><![CDATA[10.酒精戒断反应哪项论述<u><b>不正确</b></u>]]></desc><options><option><id>A</id><type>text</type><desc><![CDATA[一般在停饮后48小时左右出现震颤谵妄]]></desc></option><option><id>B</id><type>text</type><desc><![CDATA[多在停饮后12～48小时出现癫痫发作]]></desc></option><option><id>C</id><type>text</type><desc><![CDATA[单纯戒断反应可有短暂的幻觉、妄想]]></desc></option><option><id>D</id><type>text</type><desc><![CDATA[单纯戒断反应表现为癫痫样发作、震颤谵妄、酒精性幻觉症等]]></desc></option><option><id>E</id><type>text</type><desc><![CDATA[戒断性幻觉的特点与精神分裂症的幻觉性质不同]]></desc></option></options><answers><![CDATA[D]]></answers></question><question><type>1</type><format>html</format><desc><![CDATA[11.下列<u><b>不属于</b></u>苯丙胺类兴奋剂的是]]></desc><options><option><id>A</id><type>text</type><desc><![CDATA[安非他明]]></desc></option><option><id>B</id><type>text</type><desc><![CDATA[冰毒]]></desc></option><option><id>C</id><type>text</type><desc><![CDATA[MDMA]]></desc></option><option><id>D</id><type>text</type><desc><![CDATA[匹莫林]]></desc></option><option><id>E</id><type>text</type><desc><![CDATA[海洛因]]></desc></option></options><answers><![CDATA[E]]></answers></question><question><type>1</type><format>text</format><desc><![CDATA[12.大麻中所含精神活性物质最主要成分是]]></desc><options><option><id>A</id><type>text</type><desc><![CDATA[δ-9-四氢大麻酚]]></desc></option><option><id>B</id><type>text</type><desc><![CDATA[咖啡因]]></desc></option><option><id>C</id><type>text</type><desc><![CDATA[海洛因]]></desc></option><option><id>D</id><type>text</type><desc><![CDATA[MDMA]]></desc></option><option><id>E</id><type>text</type><desc><![CDATA[多巴胺]]></desc></option></options><answers><![CDATA[A]]></answers></question><question><type>1</type><format>html</format><desc><![CDATA[13.以下哪一项<u><b>不是</b></u>酒依赖的特征]]></desc><options><option><id>A</id><type>text</type><desc><![CDATA[强烈的饮酒欲望]]></desc></option><option><id>B</id><type>text</type><desc><![CDATA[耐受性增加]]></desc></option><option><id>C</id><type>text</type><desc><![CDATA[难以控制自己的饮酒行为]]></desc></option><option><id>D</id><type>text</type><desc><![CDATA[无戒断症状]]></desc></option><option><id>E</id><type>text</type><desc><![CDATA[明知饮酒会导致各种不良后果，仍坚持饮用]]></desc></option></options><answers><![CDATA[D]]></answers></question><question><type>1</type><format>text</format><desc><![CDATA[14.怎样才能准确而又方便地识别一个人是否有阿片类物质依赖]]></desc><options><option><id>A</id><type>text</type><desc><![CDATA[询问用药史]]></desc></option><option><id>B</id><type>text</type><desc><![CDATA[威胁要送派出所]]></desc></option><option><id>C</id><type>text</type><desc><![CDATA[由公安审问]]></desc></option><option><id>D</id><type>text</type><desc><![CDATA[予以吗啡注射，看是否出现欣快感]]></desc></option><option><id>E</id><type>text</type><desc><![CDATA[尿毒品检测]]></desc></option></options><answers><![CDATA[E]]></answers></question><question><type>1</type><format>html</format><desc><![CDATA[15.关于镇静催眠药<u><b>错误的</b></u>是]]></desc><options><option><id>A</id><type>text</type><desc><![CDATA[大致可分为巴比妥类和非巴比妥类]]></desc></option><option><id>B</id><type>text</type><desc><![CDATA[巴比妥类由于影响快动眼睡眠，停药后恶梦增加]]></desc></option><option><id>C</id><type>text</type><desc><![CDATA[巴比妥类对中枢神经系统的抑制作用为：抗焦虑→镇静→催眠→麻醉→昏迷→死亡]]></desc></option><option><id>D</id><type>text</type><desc><![CDATA[镇静催眠药一般不产生耐受性]]></desc></option><option><id>E</id><type>text</type><desc><![CDATA[巴比妥类和苯二氮䓬类药物还有明显的抗癫痫作用]]></desc></option></options><answers><![CDATA[D]]></answers></question><question><type>1</type><format>html</format><desc><![CDATA[16.阿片类物质<u><b>不包括</b></u>以下哪类]]></desc><options><option><id>A</id><type>text</type><desc><![CDATA[天然的阿片类物质]]></desc></option><option><id>B</id><type>text</type><desc><![CDATA[半合成的阿片类物质]]></desc></option><option><id>C</id><type>text</type><desc><![CDATA[全合成的阿片类物质]]></desc></option><option><id>D</id><type>text</type><desc><![CDATA[脑啡肽、内啡肽]]></desc></option><option><id>E</id><type>text</type><desc><![CDATA[摇头丸]]></desc></option></options><answers><![CDATA[E]]></answers></question><question><type>1</type><format>text</format><desc><![CDATA[17.男性，26岁。于晚夜间饮用高度白酒500ml后神志不清，呼吸困难，口唇发绀，急诊入院。查体：体温36.9℃，脉搏141次/分，呼吸28次/分，血压95/72mmHg。嗜睡，半卧位，呼吸急促，腹部轻压痛，无肌紧张。分诊护士判断该病人最可能是]]></desc><options><option><id>A</id><type>text</type><desc><![CDATA[急性胰腺炎]]></desc></option><option><id>B</id><type>text</type><desc><![CDATA[癔症]]></desc></option><option><id>C</id><type>text</type><desc><![CDATA[呼吸衰竭]]></desc></option><option><id>D</id><type>text</type><desc><![CDATA[脑疝]]></desc></option><option><id>E</id><type>text</type><desc><![CDATA[酒精中毒]]></desc></option></options><answers><![CDATA[E]]></answers></question></questions><questions><instructions><![CDATA[二、共用题干选择题]]></instructions><question><type>3</type><format>text</format><desc><![CDATA[1.男，55岁，有长期饮酒史，近期出现情绪低沉，想死，由家属送来急诊，当时呼吸有明显酒味。]]></desc><children><question><type>3</type><format>text</format><desc><![CDATA[（1）对这样有自杀意图的酒依赖者，最合适的处理是]]></desc><options><option><id>A</id><type>text</type><desc><![CDATA[耐心说服，劝其不要自杀]]></desc></option><option><id>B</id><type>text</type><desc><![CDATA[立即住院治疗]]></desc></option><option><id>C</id><type>text</type><desc><![CDATA[每日一次心理治疗]]></desc></option><option><id>D</id><type>text</type><desc><![CDATA[每日一次群体心理治疗]]></desc></option><option><id>E</id><type>text</type><desc><![CDATA[使用大剂量镇静剂]]></desc></option></options><answers><![CDATA[B]]></answers></question><question><type>3</type><format>text</format><desc><![CDATA[（2）在终止饮酒2天后，病人出现激越症状，凭空听到其他病人称他是同性恋，而意识清晰，定向力完整。病人出现的症状为]]></desc><options><option><id>A</id><type>text</type><desc><![CDATA[精神分裂症]]></desc></option><option><id>B</id><type>text</type><desc><![CDATA[震颤谵妄]]></desc></option><option><id>C</id><type>text</type><desc><![CDATA[酒精性幻觉症]]></desc></option><option><id>D</id><type>text</type><desc><![CDATA[药物中毒]]></desc></option><option><id>E</id><type>text</type><desc><![CDATA[焦虑障碍]]></desc></option></options><answers><![CDATA[C]]></answers></question><question><type>3</type><format>text</format><desc><![CDATA[（3）若病人出现严重的近记忆力障碍，遗忘、错构、虚构和定向力障碍，此为]]></desc><options><option><id>A</id><type>text</type><desc><![CDATA[Wernick脑病]]></desc></option><option><id>B</id><type>text</type><desc><![CDATA[柯萨柯夫综合征]]></desc></option><option><id>C</id><type>text</type><desc><![CDATA[精神发育迟滞]]></desc></option><option><id>D</id><type>text</type><desc><![CDATA[老年性痴呆]]></desc></option><option><id>E</id><type>text</type><desc><![CDATA[Ganser氏综合征]]></desc></option></options><answers><![CDATA[B]]></answers></question></children></question><question><type>3</type><format>text</format><desc><![CDATA[2.男，24岁，入院6小时后急起出现头痛、呕吐、腹泻、流泪、流涕、打哈欠、全身骨头痛、坐立不安。对该病人]]></desc><children><question><type>3</type><format>html</format><desc><![CDATA[（1）采集病史时应特别注意询问<b></b>]]></desc><options><option><id>A</id><type>text</type><desc><![CDATA[头痛史]]></desc></option><option><id>B</id><type>text</type><desc><![CDATA[平时睡眠情况]]></desc></option><option><id>C</id><type>text</type><desc><![CDATA[药物滥用史]]></desc></option><option><id>D</id><type>text</type><desc><![CDATA[吸烟史]]></desc></option><option><id>E</id><type>text</type><desc><![CDATA[呕吐、腹泻的程度]]></desc></option></options><answers><![CDATA[C]]></answers></question><question><type>3</type><format>text</format><desc><![CDATA[（2）如果病人乞求医生注射度冷丁，其主要目的可能是]]></desc><options><option><id>A</id><type>text</type><desc><![CDATA[镇痛]]></desc></option><option><id>B</id><type>text</type><desc><![CDATA[止呕]]></desc></option><option><id>C</id><type>text</type><desc><![CDATA[镇静]]></desc></option><option><id>D</id><type>text</type><desc><![CDATA[止泻]]></desc></option><option><id>E</id><type>text</type><desc><![CDATA[“过瘾”]]></desc></option></options><answers><![CDATA[E]]></answers></question><question><type>3</type><format>text</format><desc><![CDATA[（3）如果予以盐酸吗啡10mg静注后，所有症状很快缓解甚至消失，则可基本确诊该病人有]]></desc><options><option><id>A</id><type>text</type><desc><![CDATA[可卡因依赖]]></desc></option><option><id>B</id><type>text</type><desc><![CDATA[大麻依赖]]></desc></option><option><id>C</id><type>text</type><desc><![CDATA[巴比妥类依赖]]></desc></option><option><id>D</id><type>text</type><desc><![CDATA[阿片类物质依赖]]></desc></option><option><id>E</id><type>text</type><desc><![CDATA[苯丙胺依赖]]></desc></option></options><answers><![CDATA[D]]></answers></question></children></question></questions></exam>