﻿<?xml version="1.0" encoding="UTF-8"?><exam><id>20181014141524</id><questions><instructions><![CDATA[一、单项选择题]]></instructions><question><type>1</type><format>text</format><desc><![CDATA[1.以下关于神经性厌食的叙述哪一条是对的]]></desc><options><option><id>A</id><type>text</type><desc><![CDATA[神经性厌食病人多知道自己体重过低、进食过少是病态，常主动就医]]></desc></option><option><id>B</id><type>text</type><desc><![CDATA[神经性厌食者因食欲减退而不愿进食]]></desc></option><option><id>C</id><type>text</type><desc><![CDATA[多数病人存在体像障碍，即使十分消瘦仍认为自己胖]]></desc></option><option><id>D</id><type>text</type><desc><![CDATA[神经性厌食病人多同时并发抑郁症]]></desc></option><option><id>E</id><type>text</type><desc><![CDATA[神经性厌食病人病前多存在程度不等的内分泌与代谢障碍]]></desc></option></options><answers><![CDATA[C]]></answers></question><question><type>1</type><format>html</format><desc><![CDATA[2.<u><b>不是</b></u>进食障碍特点的是]]></desc><options><option><id>A</id><type>text</type><desc><![CDATA[严格控制饮食和呕吐]]></desc></option><option><id>B</id><type>text</type><desc><![CDATA[过分努力地控制体重]]></desc></option><option><id>C</id><type>text</type><desc><![CDATA[无端地害怕体重增加]]></desc></option><option><id>D</id><type>text</type><desc><![CDATA[否认体重是问题所在]]></desc></option><option><id>E</id><type>text</type><desc><![CDATA[以上都不是]]></desc></option></options><answers><![CDATA[E]]></answers></question><question><type>1</type><format>text</format><desc><![CDATA[3.神经性厌食病人的性格特征多为]]></desc><options><option><id>A</id><type>text</type><desc><![CDATA[敏感、多疑，自尊心过强]]></desc></option><option><id>B</id><type>text</type><desc><![CDATA[拘谨、刻板，带有强迫的特点及完美主义倾向]]></desc></option><option><id>C</id><type>text</type><desc><![CDATA[爱表现自己，行为夸张、做作，渴望被别人注意]]></desc></option><option><id>D</id><type>text</type><desc><![CDATA[暗示性强]]></desc></option><option><id>E</id><type>text</type><desc><![CDATA[极端自私与自我中心，冷酷无情]]></desc></option></options><answers><![CDATA[B]]></answers></question><question><type>1</type><format>text</format><desc><![CDATA[4.关于神经症的睡眠障碍，以下叙述正确的是]]></desc><options><option><id>A</id><type>text</type><desc><![CDATA[失眠一般分为两种形式，即入睡困难、易惊醒]]></desc></option><option><id>B</id><type>text</type><desc><![CDATA[早醒是抑郁症的症状，而不是神经症的症状]]></desc></option><option><id>C</id><type>text</type><desc><![CDATA[失眠主要表现为睡眠时间短或质量差，或是对睡眠缺乏自我满足的体验]]></desc></option><option><id>D</id><type>text</type><desc><![CDATA[如用地西泮治疗神经症的失眠，疗程3～6个月为宜]]></desc></option><option><id>E</id><type>text</type><desc><![CDATA[神经症病人以易惊醒为主诉最为多见]]></desc></option></options><answers><![CDATA[C]]></answers></question><question><type>1</type><format>text</format><desc><![CDATA[5.进食障碍的治疗的首要目标是]]></desc><options><option><id>A</id><type>text</type><desc><![CDATA[纠正不正常的进食习惯]]></desc></option><option><id>B</id><type>text</type><desc><![CDATA[将营养状况恢复至正常]]></desc></option><option><id>C</id><type>text</type><desc><![CDATA[增加病人的体重]]></desc></option><option><id>D</id><type>text</type><desc><![CDATA[矫正进食障碍]]></desc></option><option><id>E</id><type>text</type><desc><![CDATA[改变错误的认知]]></desc></option></options><answers><![CDATA[B]]></answers></question><question><type>1</type><format>text</format><desc><![CDATA[6.下面哪种睡眠障碍最常见]]></desc><options><option><id>A</id><type>text</type><desc><![CDATA[难以入睡]]></desc></option><option><id>B</id><type>text</type><desc><![CDATA[夜惊症]]></desc></option><option><id>C</id><type>text</type><desc><![CDATA[睡眠-觉醒障碍]]></desc></option><option><id>D</id><type>text</type><desc><![CDATA[梦魇症]]></desc></option><option><id>E</id><type>text</type><desc><![CDATA[失眠症]]></desc></option></options><answers><![CDATA[E]]></answers></question><question><type>1</type><format>text</format><desc><![CDATA[7.一病人表现有意过分地限制饮食，有时出现发作性暴食，暴食后自行诱发呕吐，体重明显减轻，伴情绪焦虑、忧郁，该病人最适宜的诊断为]]></desc><options><option><id>A</id><type>text</type><desc><![CDATA[忧郁症]]></desc></option><option><id>B</id><type>text</type><desc><![CDATA[神经性厌食合并神经性贪食]]></desc></option><option><id>C</id><type>text</type><desc><![CDATA[神经性厌食]]></desc></option><option><id>D</id><type>text</type><desc><![CDATA[神经性贪食]]></desc></option><option><id>E</id><type>text</type><desc><![CDATA[神经性呕吐]]></desc></option></options><answers><![CDATA[C]]></answers></question><question><type>1</type><format>text</format><desc><![CDATA[8.病人，女性，20岁。白天总是竭力维持觉醒状态，但无能为力，在进餐、走路时也能入睡，该病人的症状是]]></desc><options><option><id>A</id><type>text</type><desc><![CDATA[猝倒症]]></desc></option><option><id>B</id><type>text</type><desc><![CDATA[嗜睡症]]></desc></option><option><id>C</id><type>text</type><desc><![CDATA[睡眠瘫痪]]></desc></option><option><id>D</id><type>text</type><desc><![CDATA[发作性睡病]]></desc></option><option><id>E</id><type>text</type><desc><![CDATA[睡梦中呼吸停止]]></desc></option></options><answers><![CDATA[B]]></answers></question><question><type>1</type><format>text</format><desc><![CDATA[9.病人，女性，20岁，在校生。因嫉妒班上一位女生身材苗条而节食，最初只是拒绝肉类，后来开始拒绝米饭和面食，最近只喝少许菜汤和果汁，体重下降至34kg，经常感冒发烧，因过度消瘦无法坚持上学而入院，对该病人首先采取的措施是]]></desc><options><option><id>A</id><type>text</type><desc><![CDATA[指导监督病人进食，必要时鼻饲或静脉补充营养]]></desc></option><option><id>B</id><type>text</type><desc><![CDATA[讲解节食的危害]]></desc></option><option><id>C</id><type>text</type><desc><![CDATA[鼓励病人说出内心感受]]></desc></option><option><id>D</id><type>text</type><desc><![CDATA[安排舒适的播放]]></desc></option><option><id>E</id><type>text</type><desc><![CDATA[卧床休息]]></desc></option></options><answers><![CDATA[A]]></answers></question><question><type>1</type><format>text</format><desc><![CDATA[10.病人，女，21岁，舞蹈演员。一年前认为自己身高170cm，体重45kg，不符合标准，开始限制饮食，最初只是限制肉类和主食，后来拒绝一切主食，只吃水果、蔬菜，并经常用手抠喉咙将食物吐出，体重下降了14kg，并出现闭经、毛发脱落、易激惹的现象，首先考虑该病人最可能出现了]]></desc><options><option><id>A</id><type>text</type><desc><![CDATA[神经性厌食]]></desc></option><option><id>B</id><type>text</type><desc><![CDATA[神经性贪食]]></desc></option><option><id>C</id><type>text</type><desc><![CDATA[抑郁症]]></desc></option><option><id>D</id><type>text</type><desc><![CDATA[神经症]]></desc></option><option><id>E</id><type>text</type><desc><![CDATA[神经性呕吐]]></desc></option></options><answers><![CDATA[A]]></answers></question><question><type>1</type><format>text</format><desc><![CDATA[11.病人，女，17岁，在校生。一年前体重轻度肥胖，开始限制饮食，最初只是限制肉类和主食，后来拒绝一切主食，只吃水果、蔬菜，最近只喝少许菜汤，体重下降了24kg，并出现闭经，体重虽明显消瘦仍认为自己很胖，首先考虑该病人最主要的护理诊断是]]></desc><options><option><id>A</id><type>text</type><desc><![CDATA[焦虑]]></desc></option><option><id>B</id><type>text</type><desc><![CDATA[活动无耐力]]></desc></option><option><id>C</id><type>text</type><desc><![CDATA[营养失调：低于机体需要量]]></desc></option><option><id>D</id><type>text</type><desc><![CDATA[有受伤的危险]]></desc></option><option><id>E</id><type>text</type><desc><![CDATA[体液不足]]></desc></option></options><answers><![CDATA[C]]></answers></question><question><type>1</type><format>text</format><desc><![CDATA[12.病人，女，18岁，学生。一年前开始出现脾气暴躁、情绪不稳、焦虑，一顿饭可进食4个馒头、两碗米饭、蔬菜若干，进食后感腹部胀痛、恐惧，去卫生间自行呕吐，首先考虑该病人最可能出现了]]></desc><options><option><id>A</id><type>text</type><desc><![CDATA[神经性厌食]]></desc></option><option><id>B</id><type>text</type><desc><![CDATA[神经性贪食]]></desc></option><option><id>C</id><type>text</type><desc><![CDATA[抑郁症]]></desc></option><option><id>D</id><type>text</type><desc><![CDATA[神经症]]></desc></option><option><id>E</id><type>text</type><desc><![CDATA[神经性呕吐]]></desc></option></options><answers><![CDATA[B]]></answers></question><question><type>1</type><format>text</format><desc><![CDATA[13.病人，女，22岁。失眠2年，经常处于入睡困难状态，睡眠表浅，多梦早醒，几乎到下半夜才入睡，为此看了不少医生、服用过多种药物，病人每换一种新药，效果尚可，但不能持久，做过多次检查，均无器质性问题，病人为此痛苦不堪，后发展为对床的恐惧。护士评估病人病情时最先评估的是]]></desc><options><option><id>A</id><type>text</type><desc><![CDATA[询问对失眠恐惧的程度]]></desc></option><option><id>B</id><type>text</type><desc><![CDATA[询问既往健康状况]]></desc></option><option><id>C</id><type>text</type><desc><![CDATA[询问引起失眠的原因]]></desc></option><option><id>D</id><type>text</type><desc><![CDATA[询问引起失眠伴随的症状]]></desc></option><option><id>E</id><type>text</type><desc><![CDATA[询问使用过的药物名称及剂量]]></desc></option></options><answers><![CDATA[A]]></answers></question></questions><questions><instructions><![CDATA[二、共用题干选择题]]></instructions><question><type>3</type><format>text</format><desc><![CDATA[1.病人，女，58岁。失眠12年，经常处于入睡困难状态，睡眠表浅，多梦早醒，几乎到下半夜才入睡，往往只能睡2～3个小时，稍微有点动静就醒，醒后不易入睡睡眠质量极差。]]></desc><children><question><type>3</type><format>text</format><desc><![CDATA[（1）该病人可能诊断是]]></desc><options><option><id>A</id><type>text</type><desc><![CDATA[难以入睡]]></desc></option><option><id>B</id><type>text</type><desc><![CDATA[夜惊症]]></desc></option><option><id>C</id><type>text</type><desc><![CDATA[睡眠-觉醒障碍]]></desc></option><option><id>D</id><type>text</type><desc><![CDATA[梦魇症]]></desc></option><option><id>E</id><type>text</type><desc><![CDATA[失眠症]]></desc></option></options><answers><![CDATA[E]]></answers></question><question><type>3</type><format>html</format><desc><![CDATA[（2）下列哪项<u><b>不是</b></u>所诊断疾病的临床表现]]></desc><options><option><id>A</id><type>text</type><desc><![CDATA[难以入睡]]></desc></option><option><id>B</id><type>text</type><desc><![CDATA[多梦、早醒]]></desc></option><option><id>C</id><type>text</type><desc><![CDATA[睡眠不深]]></desc></option><option><id>D</id><type>text</type><desc><![CDATA[醒后不易入睡]]></desc></option><option><id>E</id><type>text</type><desc><![CDATA[自感需要补充睡眠]]></desc></option></options><answers><![CDATA[E]]></answers></question></children></question></questions></exam>