﻿<?xml version="1.0" encoding="UTF-8"?><exam><id>20181014142116</id><questions><instructions><![CDATA[一、单项选择题]]></instructions><question><type>1</type><format>text</format><desc><![CDATA[1.轻度精神发育迟滞智商范围在]]></desc><options><option><id>A</id><type>text</type><desc><![CDATA[20～34]]></desc></option><option><id>B</id><type>text</type><desc><![CDATA[35～49]]></desc></option><option><id>C</id><type>text</type><desc><![CDATA[50～69]]></desc></option><option><id>D</id><type>text</type><desc><![CDATA[低于20]]></desc></option><option><id>E</id><type>text</type><desc><![CDATA[10～15]]></desc></option></options><answers><![CDATA[C]]></answers></question><question><type>1</type><format>text</format><desc><![CDATA[2.中度精神发育迟滞主要表现为]]></desc><options><option><id>A</id><type>text</type><desc><![CDATA[幼儿期表现出智能发育较同龄儿童迟缓]]></desc></option><option><id>B</id><type>text</type><desc><![CDATA[从幼年开始病人智力和运动发育明显比同龄正常儿童迟缓，语言发育差，难以表达完整意思]]></desc></option><option><id>C</id><type>text</type><desc><![CDATA[病人在出生后即出现明显智力发育延迟，言语功能严重受损]]></desc></option><option><id>D</id><type>text</type><desc><![CDATA[病人完全无言语能力，不认识亲人和周围环境，不躲避危险，不会走路]]></desc></option><option><id>E</id><type>text</type><desc><![CDATA[成人后智能相当于3岁以下]]></desc></option></options><answers><![CDATA[B]]></answers></question><question><type>1</type><format>html</format><desc><![CDATA[3.对精神发育迟滞病人的特殊护理，下列<u><b>除外</b></u>]]></desc><options><option><id>A</id><type>text</type><desc><![CDATA[适应社会能力训练]]></desc></option><option><id>B</id><type>text</type><desc><![CDATA[语言教育训练]]></desc></option><option><id>C</id><type>text</type><desc><![CDATA[早期干预]]></desc></option><option><id>D</id><type>text</type><desc><![CDATA[品德教育]]></desc></option><option><id>E</id><type>text</type><desc><![CDATA[监测药物的不良反应]]></desc></option></options><answers><![CDATA[E]]></answers></question><question><type>1</type><format>html</format><desc><![CDATA[4.关于注意缺陷多动障碍病人的病因与发病机制的描述，下列<u><b>除外</b></u>]]></desc><options><option><id>A</id><type>text</type><desc><![CDATA[遗传因素]]></desc></option><option><id>B</id><type>text</type><desc><![CDATA[神经生化]]></desc></option><option><id>C</id><type>text</type><desc><![CDATA[神经解剖]]></desc></option><option><id>D</id><type>text</type><desc><![CDATA[社会心理因素]]></desc></option><option><id>E</id><type>text</type><desc><![CDATA[脑损害]]></desc></option></options><answers><![CDATA[E]]></answers></question><question><type>1</type><format>text</format><desc><![CDATA[5.病人上课时，不专心听课，老师布置的作业常听不清，以致做作业时常出错误，与他人交谈时心不在焉，经常丢三落四，遗失玩具、学习用具或其他物品，其属于]]></desc><options><option><id>A</id><type>text</type><desc><![CDATA[注意缺陷]]></desc></option><option><id>B</id><type>text</type><desc><![CDATA[活动过度]]></desc></option><option><id>C</id><type>text</type><desc><![CDATA[冲动任性]]></desc></option><option><id>D</id><type>text</type><desc><![CDATA[学习困难]]></desc></option><option><id>E</id><type>text</type><desc><![CDATA[焦虑障碍]]></desc></option></options><answers><![CDATA[A]]></answers></question><question><type>1</type><format>text</format><desc><![CDATA[6.病人出现与年龄不相称的活动过多，活动不分场合、无目的性，在需要相对安静的环境中，不能保持安静，上课坐不住，小动作多，凡能碰到的东西总要碰一下，好招惹人，经常与人吵架，其属于]]></desc><options><option><id>A</id><type>text</type><desc><![CDATA[注意缺陷]]></desc></option><option><id>B</id><type>text</type><desc><![CDATA[活动过度]]></desc></option><option><id>C</id><type>text</type><desc><![CDATA[冲动任性]]></desc></option><option><id>D</id><type>text</type><desc><![CDATA[学习困难]]></desc></option><option><id>E</id><type>text</type><desc><![CDATA[焦虑障碍]]></desc></option></options><answers><![CDATA[B]]></answers></question><question><type>1</type><format>text</format><desc><![CDATA[7.病人在要求未得到立刻满足时，会无故叫喊或吵闹，又无耐心，做什么事情都急急匆匆，其属于]]></desc><options><option><id>A</id><type>text</type><desc><![CDATA[注意缺陷]]></desc></option><option><id>B</id><type>text</type><desc><![CDATA[活动过度]]></desc></option><option><id>C</id><type>text</type><desc><![CDATA[冲动任性]]></desc></option><option><id>D</id><type>text</type><desc><![CDATA[学习困难]]></desc></option><option><id>E</id><type>text</type><desc><![CDATA[焦虑障碍]]></desc></option></options><answers><![CDATA[C]]></answers></question><question><type>1</type><format>html</format><desc><![CDATA[8.下列对注意缺陷多动障碍病人的护理<u><b>错误的</b></u>是]]></desc><options><option><id>A</id><type>text</type><desc><![CDATA[保持安静舒适的环境，加强安全管理工作，清除危险物品]]></desc></option><option><id>B</id><type>text</type><desc><![CDATA[提供合理的营养，训练和督导患儿的个人卫生]]></desc></option><option><id>C</id><type>text</type><desc><![CDATA[指导患儿进行各种训练，逐渐控制多动、冲动和攻击行为]]></desc></option><option><id>D</id><type>text</type><desc><![CDATA[与患儿建立良好的护患关系，与家长和老师配合，创造条件让其发挥优点]]></desc></option><option><id>E</id><type>text</type><desc><![CDATA[告之家长孩子的问题是他一个人的问题，而不是整个家庭问题的反映]]></desc></option></options><answers><![CDATA[E]]></answers></question><question><type>1</type><format>text</format><desc><![CDATA[9.患儿从婴幼儿期就表现出对亲人缺乏情感反应，与他人无目光交流，且无与别的儿童一起玩的兴趣，其属于]]></desc><options><option><id>A</id><type>text</type><desc><![CDATA[交流障碍]]></desc></option><option><id>B</id><type>text</type><desc><![CDATA[认知障碍]]></desc></option><option><id>C</id><type>text</type><desc><![CDATA[智力低下]]></desc></option><option><id>D</id><type>text</type><desc><![CDATA[社会交往障碍]]></desc></option><option><id>E</id><type>text</type><desc><![CDATA[兴趣局限及动作行为异常]]></desc></option></options><answers><![CDATA[D]]></answers></question><question><type>1</type><format>text</format><desc><![CDATA[10.患儿兴趣狭窄，对玩具等往往不感兴趣，但却会喜欢一些特定物品，如旋转的物体、广告、非生命物体及物品的非主要特征等，其属于]]></desc><options><option><id>A</id><type>text</type><desc><![CDATA[交流障碍]]></desc></option><option><id>B</id><type>text</type><desc><![CDATA[认知障碍]]></desc></option><option><id>C</id><type>text</type><desc><![CDATA[兴趣局限及动作行为异常]]></desc></option><option><id>D</id><type>text</type><desc><![CDATA[智力低下]]></desc></option><option><id>E</id><type>text</type><desc><![CDATA[社会交往障碍]]></desc></option></options><answers><![CDATA[C]]></answers></question><question><type>1</type><format>text</format><desc><![CDATA[11.孤独症患儿有时用尖叫和发脾气来表达他的要求，而不用言语表达，为防止这种情况发生，此时该护士正确的对应是]]></desc><options><option><id>A</id><type>text</type><desc><![CDATA[为防止这种情况发生，不要在患儿尖叫或发脾气时满足他的要求]]></desc></option><option><id>B</id><type>text</type><desc><![CDATA[态度应温柔，在患儿尖叫时满足其要求]]></desc></option><option><id>C</id><type>text</type><desc><![CDATA[关心患儿，满足其需求]]></desc></option><option><id>D</id><type>text</type><desc><![CDATA[把患儿需求放在第一位，不要将其惹恼]]></desc></option><option><id>E</id><type>text</type><desc><![CDATA[缓和患儿的情绪，满足其需求]]></desc></option></options><answers><![CDATA[A]]></answers></question><question><type>1</type><format>text</format><desc><![CDATA[12.Tourette综合征的主要特点]]></desc><options><option><id>A</id><type>text</type><desc><![CDATA[主要表现为简单的运动抽动症状]]></desc></option><option><id>B</id><type>text</type><desc><![CDATA[以多种运动抽动和发声抽动为主要特点]]></desc></option><option><id>C</id><type>text</type><desc><![CDATA[其特点是具有运动抽动或发声抽动]]></desc></option><option><id>D</id><type>text</type><desc><![CDATA[抽动的形式和抽动部位多样，常表现为单侧面肌抽动或眨眼]]></desc></option><option><id>E</id><type>text</type><desc><![CDATA[少数病人有慢性发声抽动，如清喉声、咳嗽声等]]></desc></option></options><answers><![CDATA[B]]></answers></question><question><type>1</type><format>text</format><desc><![CDATA[13.对抽动障碍病人的护理时，应注意]]></desc><options><option><id>A</id><type>text</type><desc><![CDATA[密切观察患儿的症状变化，但不必要设专人护理]]></desc></option><option><id>B</id><type>text</type><desc><![CDATA[无需控制其活动范围]]></desc></option><option><id>C</id><type>text</type><desc><![CDATA[出现吞咽障碍、言语不清、四肢不协调运动等，需耐心观察]]></desc></option><option><id>D</id><type>text</type><desc><![CDATA[护理人员要主动热情与患儿接触，多鼓励其参加工娱活动]]></desc></option><option><id>E</id><type>text</type><desc><![CDATA[药物不能交患儿保管，服药后无需检查口腔]]></desc></option></options><answers><![CDATA[D]]></answers></question><question><type>1</type><format>text</format><desc><![CDATA[14.儿童与所依恋的对象分离时而产生的过分不安和焦虑行为，并伴有躯体症状如头痛、腹痛、恶心呕吐等症状，其属于]]></desc><options><option><id>A</id><type>text</type><desc><![CDATA[特定性恐惧障碍]]></desc></option><option><id>B</id><type>text</type><desc><![CDATA[焦虑障碍]]></desc></option><option><id>C</id><type>text</type><desc><![CDATA[社交焦虑障碍]]></desc></option><option><id>D</id><type>text</type><desc><![CDATA[恐惧障碍]]></desc></option><option><id>E</id><type>text</type><desc><![CDATA[分离性焦虑障碍]]></desc></option></options><answers><![CDATA[E]]></answers></question><question><type>1</type><format>text</format><desc><![CDATA[15.患儿表现为与年龄不相称的活动过多，活动不分场合、无目的性，在需要相对安静的环境中，不能保持安静，上课坐不住，小动作多，凡能碰到的东西总要碰一下，好招惹人，经常与人吵架。面对这样的患儿，护士正确的做法为]]></desc><options><option><id>A</id><type>text</type><desc><![CDATA[减少多动症儿童与有同情心的伙伴的接触]]></desc></option><option><id>B</id><type>text</type><desc><![CDATA[提高其学习能力，无需安排特殊的学习环境]]></desc></option><option><id>C</id><type>text</type><desc><![CDATA[护士对其进行能力训练的过程中，需要加强多动、攻击等行为]]></desc></option><option><id>D</id><type>text</type><desc><![CDATA[在训练中不断鼓励与支持其完成训练内容，提高学习能力训练]]></desc></option><option><id>E</id><type>text</type><desc><![CDATA[护士需要在一旁观察患儿的行为，无需参与到其学习能力训练中]]></desc></option></options><answers><![CDATA[D]]></answers></question><question><type>1</type><format>text</format><desc><![CDATA[16.患儿自幼即缄默少语，且不会用手势进行交往，如不会与别人摆手再见，不会用点头等表达意愿等，护士正确的做法为]]></desc><options><option><id>A</id><type>text</type><desc><![CDATA[态度应温柔，在患儿尖叫时满足其要求]]></desc></option><option><id>B</id><type>text</type><desc><![CDATA[患儿有时用尖叫和发脾气来表达他的要求，关心患儿，满足其需求]]></desc></option><option><id>C</id><type>text</type><desc><![CDATA[患儿尖叫时，把患儿需求放在第一位，不要将其惹恼]]></desc></option><option><id>D</id><type>text</type><desc><![CDATA[患儿尖叫时，缓和患儿的情绪，满足其需求]]></desc></option><option><id>E</id><type>text</type><desc><![CDATA[训练中要反复示范，并及时给予鼓励，如赞扬，给糖果等]]></desc></option></options><answers><![CDATA[E]]></answers></question></questions><questions><instructions><![CDATA[二、共用题干选择题]]></instructions><question><type>3</type><format>text</format><desc><![CDATA[1.患儿，男性，5岁。经常出现挤眼、皱眉、耸鼻子、努嘴、摇头、耸肩等动作，且一天内多次出现。]]></desc><children><question><type>3</type><format>text</format><desc><![CDATA[（1）下列最适合其患儿的护理诊断是]]></desc><options><option><id>A</id><type>text</type><desc><![CDATA[体像紊乱　与抽动行为造成外观及形体改变有关]]></desc></option><option><id>B</id><type>text</type><desc><![CDATA[有受伤的危险　与认知功能障碍有关]]></desc></option><option><id>C</id><type>text</type><desc><![CDATA[社会交往障碍　与社交功能缺陷有关]]></desc></option><option><id>D</id><type>text</type><desc><![CDATA[恐惧　与惧怕上学有关]]></desc></option><option><id>E</id><type>text</type><desc><![CDATA[焦虑　与担心和亲人分离有关]]></desc></option></options><answers><![CDATA[A]]></answers></question><question><type>3</type><format>text</format><desc><![CDATA[（2）根据患儿目前的病情确立下列哪项护理目标适宜]]></desc><options><option><id>A</id><type>text</type><desc><![CDATA[患儿不发生受伤的现象]]></desc></option><option><id>B</id><type>text</type><desc><![CDATA[患儿的个人生活自理能力逐步改善]]></desc></option><option><id>C</id><type>text</type><desc><![CDATA[患儿能控制抽动行为和情绪障碍，不出现自伤或伤人行为]]></desc></option><option><id>D</id><type>text</type><desc><![CDATA[患儿能认识焦虑、恐惧的表现与应对方式]]></desc></option><option><id>E</id><type>text</type><desc><![CDATA[患儿能增加心理和生理上的舒适感，消除焦虑与恐惧]]></desc></option></options><answers><![CDATA[C]]></answers></question><question><type>3</type><format>text</format><desc><![CDATA[（3）在下列选项中，有助于患儿病情改善的护理措施是]]></desc><options><option><id>A</id><type>text</type><desc><![CDATA[了解患儿在学校的困难，是否怕被同学欺侮，或成绩不佳怕被老师责怪等]]></desc></option><option><id>B</id><type>text</type><desc><![CDATA[减少多动症儿童与有同情心的伙伴的接触]]></desc></option><option><id>C</id><type>text</type><desc><![CDATA[护士需要在一旁观察患儿的行为，无需参与到其学习能力训练中]]></desc></option><option><id>D</id><type>text</type><desc><![CDATA[护理人员应严密观察病情，定期为患儿做全身检查]]></desc></option><option><id>E</id><type>text</type><desc><![CDATA[了解患儿在学校的困难；是否怕被同学欺侮，或成绩不佳怕被老师责怪等]]></desc></option></options><answers><![CDATA[D]]></answers></question></children></question></questions></exam>