﻿<?xml version="1.0" encoding="UTF-8"?><exam><id>20181207110415</id><questions><instructions><![CDATA[一、单项选择题]]></instructions><question><type>1</type><format>text</format><desc><![CDATA[1.WHO认定一个代表性的社区，人口数在]]></desc><options><option><id>A</id><type>text</type><desc><![CDATA[1万～3万]]></desc></option><option><id>B</id><type>text</type><desc><![CDATA[1万～10万]]></desc></option><option><id>C</id><type>text</type><desc><![CDATA[3万～10万]]></desc></option><option><id>D</id><type>text</type><desc><![CDATA[10万～30万]]></desc></option><option><id>E</id><type>text</type><desc><![CDATA[20万～30万]]></desc></option></options><answers><![CDATA[D]]></answers></question><question><type>1</type><format>text</format><desc><![CDATA[2.WHO认为：一个代表性的社区，地域面积在]]></desc><options><option><id>A</id><type>text</type><desc><![CDATA[500～1000平方公里]]></desc></option><option><id>B</id><type>text</type><desc><![CDATA[1000～5000平方公里]]></desc></option><option><id>C</id><type>text</type><desc><![CDATA[5000～50000平方公里]]></desc></option><option><id>D</id><type>text</type><desc><![CDATA[10000～50000平方公里]]></desc></option><option><id>E</id><type>text</type><desc><![CDATA[50000～500000平方公里]]></desc></option></options><answers><![CDATA[C]]></answers></question><question><type>1</type><format>text</format><desc><![CDATA[3.构成社区最基本的要素是]]></desc><options><option><id>A</id><type>text</type><desc><![CDATA[人群和地域]]></desc></option><option><id>B</id><type>text</type><desc><![CDATA[人群和生活服务设施]]></desc></option><option><id>C</id><type>text</type><desc><![CDATA[人群和生活制度、管理机构]]></desc></option><option><id>D</id><type>text</type><desc><![CDATA[地域和生活方式、文化背景]]></desc></option><option><id>E</id><type>text</type><desc><![CDATA[地域和生活服务设施]]></desc></option></options><answers><![CDATA[A]]></answers></question><question><type>1</type><format>text</format><desc><![CDATA[4.同一社区成员一般具有相似的文化背景和价值观念，比较容易产生相同的社会意识、行为规范、生活方式等反映社区的]]></desc><options><option><id>A</id><type>text</type><desc><![CDATA[人口构成特点]]></desc></option><option><id>B</id><type>text</type><desc><![CDATA[地域性特点]]></desc></option><option><id>C</id><type>text</type><desc><![CDATA[同质性特点]]></desc></option><option><id>D</id><type>text</type><desc><![CDATA[结构要素特点]]></desc></option><option><id>E</id><type>text</type><desc><![CDATA[控制管理特点]]></desc></option></options><answers><![CDATA[C]]></answers></question><question><type>1</type><format>html</format><desc><![CDATA[5.下列各项，<u><b>不属于</b></u>社区功能的是]]></desc><options><option><id>A</id><type>text</type><desc><![CDATA[生产消费]]></desc></option><option><id>B</id><type>text</type><desc><![CDATA[社会参与]]></desc></option><option><id>C</id><type>text</type><desc><![CDATA[社会控制]]></desc></option><option><id>D</id><type>text</type><desc><![CDATA[相互支持]]></desc></option><option><id>E</id><type>text</type><desc><![CDATA[服务设施]]></desc></option></options><answers><![CDATA[E]]></answers></question><question><type>1</type><format>text</format><desc><![CDATA[6.社区卫生服务属于哪种基层卫生服务]]></desc><options><option><id>A</id><type>text</type><desc><![CDATA[有效、广泛、简便、综合、连续]]></desc></option><option><id>B</id><type>text</type><desc><![CDATA[有效、经济、简便、综合、连续]]></desc></option><option><id>C</id><type>text</type><desc><![CDATA[有效、经济、方便、综合、阶段]]></desc></option><option><id>D</id><type>text</type><desc><![CDATA[有效、经济、方便、综合、连续]]></desc></option><option><id>E</id><type>text</type><desc><![CDATA[有效、广泛、方便、综合、阶段]]></desc></option></options><answers><![CDATA[D]]></answers></question><question><type>1</type><format>html</format><desc><![CDATA[7.下列哪项内容<u><b>不属于</b></u>社区卫生服务中心“六位一体”的服务]]></desc><options><option><id>A</id><type>text</type><desc><![CDATA[健康教育]]></desc></option><option><id>B</id><type>text</type><desc><![CDATA[预防]]></desc></option><option><id>C</id><type>text</type><desc><![CDATA[康复]]></desc></option><option><id>D</id><type>text</type><desc><![CDATA[临终关怀]]></desc></option><option><id>E</id><type>text</type><desc><![CDATA[计划生育技术]]></desc></option></options><answers><![CDATA[D]]></answers></question><question><type>1</type><format>html</format><desc><![CDATA[8. 下列哪项<u><b>不属于</b></u>社区卫生服务特点]]></desc><options><option><id>A</id><type>text</type><desc><![CDATA[广泛性]]></desc></option><option><id>B</id><type>text</type><desc><![CDATA[综合性]]></desc></option><option><id>C</id><type>text</type><desc><![CDATA[协调性]]></desc></option><option><id>D</id><type>text</type><desc><![CDATA[连续性]]></desc></option><option><id>E</id><type>text</type><desc><![CDATA[可控性]]></desc></option></options><answers><![CDATA[E]]></answers></question><question><type>1</type><format>html</format><desc><![CDATA[9. 关于社区卫生服务概念，下列哪项是<u><b>错误的</b></u>]]></desc><options><option><id>A</id><type>text</type><desc><![CDATA[以社区为范围]]></desc></option><option><id>B</id><type>text</type><desc><![CDATA[以人的健康为中心]]></desc></option><option><id>C</id><type>text</type><desc><![CDATA[以家庭为单位]]></desc></option><option><id>D</id><type>text</type><desc><![CDATA[以满足人的需求为中心]]></desc></option><option><id>E</id><type>text</type><desc><![CDATA[以全科医生为骨干]]></desc></option></options><answers><![CDATA[D]]></answers></question><question><type>1</type><format>text</format><desc><![CDATA[10.作为一门综合性学科，社区护理在应用护理学基本理论的同时，还结合了]]></desc><options><option><id>A</id><type>text</type><desc><![CDATA[预防医学基本理论]]></desc></option><option><id>B</id><type>text</type><desc><![CDATA[公共卫生学基本理论]]></desc></option><option><id>C</id><type>text</type><desc><![CDATA[基础医学基本理论]]></desc></option><option><id>D</id><type>text</type><desc><![CDATA[临床医学基本理论]]></desc></option><option><id>E</id><type>text</type><desc><![CDATA[社会学基本理论]]></desc></option></options><answers><![CDATA[B]]></answers></question><question><type>1</type><format>html</format><desc><![CDATA[11.下列有关社区护理特点的叙述，<u><b>错误的</b></u>是]]></desc><options><option><id>A</id><type>text</type><desc><![CDATA[以健康为中心]]></desc></option><option><id>B</id><type>text</type><desc><![CDATA[以个体为主体]]></desc></option><option><id>C</id><type>text</type><desc><![CDATA[有较高的自主权和独立性]]></desc></option><option><id>D</id><type>text</type><desc><![CDATA[与多部门合作提供综合服务]]></desc></option><option><id>E</id><type>text</type><desc><![CDATA[社区护理的长期性、连续性和可及性]]></desc></option></options><answers><![CDATA[B]]></answers></question><question><type>1</type><format>text</format><desc><![CDATA[12.社区护士任职条件，正确的是]]></desc><options><option><id>A</id><type>text</type><desc><![CDATA[具有执业护士资格]]></desc></option><option><id>B</id><type>text</type><desc><![CDATA[通过地（市）以上卫生行政部门规定的社区护士岗位培训]]></desc></option><option><id>C</id><type>text</type><desc><![CDATA[应具有在医疗机构从事临床护理工作5年以上的工作经历]]></desc></option><option><id>D</id><type>text</type><desc><![CDATA[通过地（县）以上卫生行政部门规定的社区护士岗位培训]]></desc></option><option><id>E</id><type>text</type><desc><![CDATA[经过注册的护士]]></desc></option></options><answers><![CDATA[B]]></answers></question><question><type>1</type><format>html</format><desc><![CDATA[13.下列哪项<u><b>不属于</b></u>社区护士的角色]]></desc><options><option><id>A</id><type>text</type><desc><![CDATA[照顾者]]></desc></option><option><id>B</id><type>text</type><desc><![CDATA[管理者]]></desc></option><option><id>C</id><type>text</type><desc><![CDATA[领导者]]></desc></option><option><id>D</id><type>text</type><desc><![CDATA[协调者]]></desc></option><option><id>E</id><type>text</type><desc><![CDATA[咨询者]]></desc></option></options><answers><![CDATA[C]]></answers></question><question><type>1</type><format>text</format><desc><![CDATA[14.某社区为丰富老年人文化生活设立了老年活动中心，李大娘只要有闲暇时间就去打牌,与人相处融洽，心情愉快，感觉生活很美好。该社区充分发挥了哪项功能]]></desc><options><option><id>A</id><type>text</type><desc><![CDATA[经济生活功能]]></desc></option><option><id>B</id><type>text</type><desc><![CDATA[社会化功能]]></desc></option><option><id>C</id><type>text</type><desc><![CDATA[社会参与功能]]></desc></option><option><id>D</id><type>text</type><desc><![CDATA[社会控制功能]]></desc></option><option><id>E</id><type>text</type><desc><![CDATA[相互支持功能]]></desc></option></options><answers><![CDATA[C]]></answers></question><question><type>1</type><format>text</format><desc><![CDATA[15.社区护士小张为一患有高血压的王大娘进行家庭访视，发现王大娘近日血压调控不稳定的原因是家中暖气不热所致。访视后护士小张与该社区供暖公司沟通协调，这体现了社区护理工作哪项特点]]></desc><options><option><id>A</id><type>text</type><desc><![CDATA[以人的健康为中心]]></desc></option><option><id>B</id><type>text</type><desc><![CDATA[以预防保健为主]]></desc></option><option><id>C</id><type>text</type><desc><![CDATA[独立性与自主性]]></desc></option><option><id>D</id><type>text</type><desc><![CDATA[连续性和可及性]]></desc></option><option><id>E</id><type>text</type><desc><![CDATA[多部门协调]]></desc></option></options><answers><![CDATA[E]]></answers></question></questions></exam>