﻿<?xml version="1.0" encoding="UTF-8"?><exam><id>20181207112830</id><questions><instructions><![CDATA[一、单项选择题]]></instructions><question><type>1</type><format>text</format><desc><![CDATA[1.康复护理评定的方法包括]]></desc><options><option><id>A</id><type>text</type><desc><![CDATA[交谈法]]></desc></option><option><id>B</id><type>text</type><desc><![CDATA[观察法]]></desc></option><option><id>C</id><type>text</type><desc><![CDATA[检查法]]></desc></option><option><id>D</id><type>text</type><desc><![CDATA[问卷调查法]]></desc></option><option><id>E</id><type>text</type><desc><![CDATA[跟踪法]]></desc></option></options><answers><![CDATA[A]]></answers></question><question><type>1</type><format>text</format><desc><![CDATA[2.日常生活活动能力评定的范围有]]></desc><options><option><id>A</id><type>text</type><desc><![CDATA[运动方面]]></desc></option><option><id>B</id><type>text</type><desc><![CDATA[交流方面]]></desc></option><option><id>C</id><type>text</type><desc><![CDATA[耐力方面]]></desc></option><option><id>D</id><type>text</type><desc><![CDATA[工作能力方面]]></desc></option><option><id>E</id><type>text</type><desc><![CDATA[家务劳动方面]]></desc></option></options><answers><![CDATA[A]]></answers></question><question><type>1</type><format>text</format><desc><![CDATA[3.康复的对象包括]]></desc><options><option><id>A</id><type>text</type><desc><![CDATA[残疾人]]></desc></option><option><id>B</id><type>text</type><desc><![CDATA[功能障碍者]]></desc></option><option><id>C</id><type>text</type><desc><![CDATA[慢性病人]]></desc></option><option><id>D</id><type>text</type><desc><![CDATA[老年人]]></desc></option><option><id>E</id><type>text</type><desc><![CDATA[以上都是]]></desc></option></options><answers><![CDATA[A]]></answers></question><question><type>1</type><format>text</format><desc><![CDATA[4.Barthel指数评定结果为55分提示患者BADL]]></desc><options><option><id>A</id><type>text</type><desc><![CDATA[基本可以自理]]></desc></option><option><id>B</id><type>text</type><desc><![CDATA[需要帮助]]></desc></option><option><id>C</id><type>text</type><desc><![CDATA[不需要帮助]]></desc></option><option><id>D</id><type>text</type><desc><![CDATA[依赖明显]]></desc></option><option><id>E</id><type>text</type><desc><![CDATA[完全依赖]]></desc></option></options><answers><![CDATA[A]]></answers></question><question><type>1</type><format>text</format><desc><![CDATA[5.偏瘫患者患侧卧位摆放时错误的是]]></desc><options><option><id>A</id><type>text</type><desc><![CDATA[患侧肩前伸]]></desc></option><option><id>B</id><type>text</type><desc><![CDATA[患侧前臂旋后]]></desc></option><option><id>C</id><type>text</type><desc><![CDATA[患侧上肢肘腕屈曲]]></desc></option><option><id>D</id><type>text</type><desc><![CDATA[踝关节背屈]]></desc></option><option><id>E</id><type>text</type><desc><![CDATA[患侧下肢屈膝]]></desc></option></options><answers><![CDATA[A]]></answers></question><question><type>1</type><format>text</format><desc><![CDATA[6．对残障者进行康复的目标是使其]]></desc><options><option><id>A</id><type>text</type><desc><![CDATA[提高活动能]]></desc></option><option><id>B</id><type>text</type><desc><![CDATA[缓解心理压力]]></desc></option><option><id>C</id><type>text</type><desc><![CDATA[回归社会]]></desc></option><option><id>D</id><type>text</type><desc><![CDATA[生活能自理]]></desc></option></options><answers><![CDATA[A]]></answers></question><question><type>1</type><format>text</format><desc><![CDATA[7.关于脑卒中病人的康复护理指导，下列被动运动原则中叙述不正确的是]]></desc><options><option><id>A</id><type>text</type><desc><![CDATA[先上肢后下肢]]></desc></option><option><id>B</id><type>text</type><desc><![CDATA[关节活动的训练从小关节到大关节]]></desc></option><option><id>C</id><type>text</type><desc><![CDATA[运动量由小到大]]></desc></option><option><id>D</id><type>text</type><desc><![CDATA[动作时间由短到长]]></desc></option></options><answers><![CDATA[A]]></answers></question><question><type>1</type><format>text</format><desc><![CDATA[8.关于日常生活活动能力评定注意事项的描述不恰当的是：]]></desc><options><option><id>A</id><type>text</type><desc><![CDATA[评定前应与患者交谈，以取得患者的理解与合作]]></desc></option><option><id>B</id><type>text</type><desc><![CDATA[评定前还必须对患者的基本情况有所了解]]></desc></option><option><id>C</id><type>text</type><desc><![CDATA[应考虑到患者生活的社会环境、反应性、依赖性]]></desc></option><option><id>D</id><type>text</type><desc><![CDATA[重复进行评定时可在不同条件或环境下进行]]></desc></option><option><id>E</id><type>text</type><desc><![CDATA[在分析评定结果时应考虑有关的影响因素]]></desc></option></options><answers><![CDATA[A]]></answers></question><question><type>1</type><format>text</format><desc><![CDATA[9．对Barthel指数评分结果的描述不正确的是：]]></desc><options><option><id>A</id><type>text</type><desc><![CDATA[60分以上为良，生活基本自理]]></desc></option><option><id>B</id><type>text</type><desc><![CDATA[正常总分110分]]></desc></option><option><id>C</id><type>text</type><desc><![CDATA[60~40分为中度功能障碍，生活需要帮助]]></desc></option><option><id>D</id><type>text</type><desc><![CDATA[40~20分为重度功能障碍，生活依赖明显]]></desc></option><option><id>E</id><type>text</type><desc><![CDATA[20分以下为完全残疾，生活完全依赖]]></desc></option></options><answers><![CDATA[A]]></answers></question><question><type>1</type><format>text</format><desc><![CDATA[10．对功能障碍患者最重要的作业训练是：]]></desc><options><option><id>A</id><type>text</type><desc><![CDATA[床上训练]]></desc></option><option><id>B</id><type>text</type><desc><![CDATA[进食训练]]></desc></option><option><id>C</id><type>text</type><desc><![CDATA[职业技能训练]]></desc></option><option><id>D</id><type>text</type><desc><![CDATA[日常生活活动能力训练]]></desc></option><option><id>E</id><type>text</type><desc><![CDATA[吞咽训练]]></desc></option></options><answers><![CDATA[A]]></answers></question></questions></exam>