﻿<?xml version="1.0" encoding="UTF-8"?><exam><id>20160523150602</id><questions><instructions>A1型题</instructions><question><type>1</type><format>text</format><desc><![CDATA[1.具有内分泌功能的器官是]]></desc><options><option><id>A</id><type>text</type><desc><![CDATA[肝]]></desc></option><option><id>B</id><type>text</type><desc><![CDATA[肺]]></desc></option><option><id>C</id><type>text</type><desc><![CDATA[胰]]></desc></option><option><id>D</id><type>text</type><desc><![CDATA[脾]]></desc></option><option><id>E</id><type>text</type><desc><![CDATA[肾]]></desc></option></options><answers><![CDATA[C]]></answers><keypoints><![CDATA[解析：胰既有外分泌物-胰液，又有胰岛分泌的内分泌物-胰岛素。]]></keypoints></question><question><type>1</type><format>text</format><desc><![CDATA[2.能分泌雄激素的器官是]]></desc><options><option><id>A</id><type>text</type><desc><![CDATA[胸腺]]></desc></option><option><id>B</id><type>text</type><desc><![CDATA[垂体]]></desc></option><option><id>C</id><type>text</type><desc><![CDATA[肾上腺]]></desc></option><option><id>D</id><type>text</type><desc><![CDATA[甲状腺]]></desc></option><option><id>E</id><type>text</type><desc><![CDATA[甲状旁腺]]></desc></option></options><answers><![CDATA[C]]></answers><keypoints><![CDATA[解析：肾上腺既可以分泌雄激素也可以分泌雌激素。]]></keypoints></question><question><type>1</type><format>text</format><desc><![CDATA[3.甲状腺素分泌不足时产生]]></desc><options><option><id>A</id><type>text</type><desc><![CDATA[性早熟]]></desc></option><option><id>B</id><type>text</type><desc><![CDATA[呆小症]]></desc></option><option><id>C</id><type>text</type><desc><![CDATA[糖尿病]]></desc></option><option><id>D</id><type>text</type><desc><![CDATA[侏儒症]]></desc></option><option><id>E</id><type>text</type><desc><![CDATA[巨人症]]></desc></option></options><answers><![CDATA[B]]></answers><keypoints><![CDATA[解析：当甲状腺素分泌不足时，不仅影响小儿骨骼发育，而且影响其智力发育。]]></keypoints></question><question><type>1</type><format>text</format><desc><![CDATA[4.下列哪个内分泌腺分泌的激素不足时，将引起血钙下降]]></desc><options><option><id>A</id><type>text</type><desc><![CDATA[肾上腺]]></desc></option><option><id>B</id><type>text</type><desc><![CDATA[垂体]]></desc></option><option><id>C</id><type>text</type><desc><![CDATA[松果体]]></desc></option><option><id>D</id><type>text</type><desc><![CDATA[甲状旁腺]]></desc></option><option><id>E</id><type>text</type><desc><![CDATA[甲状腺]]></desc></option></options><answers><![CDATA[D]]></answers><keypoints><![CDATA[解析：甲状旁腺分泌的甲状旁腺素可以升高血液中钙的浓度，因此甲状旁腺素分泌不足时可以引起血钙下降。]]></keypoints></question><question><type>1</type><format>text</format><desc><![CDATA[5.神经垂体储存的激素是]]></desc><options><option><id>A</id><type>text</type><desc><![CDATA[促甲状腺激素]]></desc></option><option><id>B</id><type>text</type><desc><![CDATA[血管加压素]]></desc></option><option><id>C</id><type>text</type><desc><![CDATA[生长激素]]></desc></option><option><id>D</id><type>text</type><desc><![CDATA[促性腺激素]]></desc></option><option><id>E</id><type>text</type><desc><![CDATA[褪黑激素]]></desc></option></options><answers><![CDATA[B]]></answers><keypoints><![CDATA[解析：神经垂体可储存和释放来自于下丘脑的抗利尿激素（血管加压素）和催产素。]]></keypoints></question><question><type>1</type><format>text</format><desc><![CDATA[6.成人生长激素分泌过多会引起]]></desc><options><option><id>A</id><type>text</type><desc><![CDATA[巨人症]]></desc></option><option><id>B</id><type>text</type><desc><![CDATA[侏儒症]]></desc></option><option><id>C</id><type>text</type><desc><![CDATA[黏液性水肿]]></desc></option><option><id>D</id><type>text</type><desc><![CDATA[肢端肥大症]]></desc></option><option><id>E</id><type>text</type><desc><![CDATA[呆小症]]></desc></option></options><answers><![CDATA[D]]></answers><keypoints><![CDATA[解析：生长激素可促进蛋白质合成，能促进体内多种代谢过程，尤其是可刺激骺软骨生长，使骨骼成长。该激素在幼年期如果分泌过盛，可致巨人症，成人分泌过盛则为肢端肥大症。]]></keypoints></question><question><type>1</type><format>text</format><desc><![CDATA[7.关于甲状腺激素的作用，描述错误的是]]></desc><options><option><id>A</id><type>text</type><desc><![CDATA[促进骨骼的发育]]></desc></option><option><id>B</id><type>text</type><desc><![CDATA[促进中枢神经的发育]]></desc></option><option><id>C</id><type>text</type><desc><![CDATA[促进新陈代谢]]></desc></option><option><id>D</id><type>text</type><desc><![CDATA[婴幼儿分泌不足可致侏儒症]]></desc></option></options><answers><![CDATA[D]]></answers><keypoints><![CDATA[解析：甲状腺素主要作用是促进机体新陈代谢、提高神经系统兴奋性、促进机体生长发育，尤其是对骨骼和脑的发育。因此婴幼儿分泌不足时可致呆小症。]]></keypoints></question><question><type>1</type><format>text</format><desc><![CDATA[8.分泌物需经导管排出的腺是]]></desc><options><option><id>A</id><type>text</type><desc><![CDATA[松果体]]></desc></option><option><id>B</id><type>text</type><desc><![CDATA[肾上腺]]></desc></option><option><id>C</id><type>text</type><desc><![CDATA[食管腺]]></desc></option><option><id>D</id><type>text</type><desc><![CDATA[甲状腺]]></desc></option><option><id>E</id><type>text</type><desc><![CDATA[垂体]]></desc></option></options><answers><![CDATA[C]]></answers><keypoints><![CDATA[解析：分泌物需经导管排出的腺即外分泌腺，松果体、肾上腺、甲状腺均为内分泌腺，而只有食管腺是外分泌腺。]]></keypoints></question><question><type>1</type><format>text</format><desc><![CDATA[9.人体最大的内分泌腺是]]></desc><options><option><id>A</id><type>text</type><desc><![CDATA[垂体]]></desc></option><option><id>B</id><type>text</type><desc><![CDATA[甲状腺]]></desc></option><option><id>C</id><type>text</type><desc><![CDATA[松果体]]></desc></option><option><id>D</id><type>text</type><desc><![CDATA[肾上腺]]></desc></option><option><id>E</id><type>text</type><desc><![CDATA[甲状旁腺]]></desc></option></options><answers><![CDATA[B]]></answers></question><question><type>1</type><format>text</format><desc><![CDATA[10.男性体内能分泌雌激素的器官是]]></desc><options><option><id>A</id><type>text</type><desc><![CDATA[甲状腺]]></desc></option><option><id>B</id><type>text</type><desc><![CDATA[肾上腺]]></desc></option><option><id>C</id><type>text</type><desc><![CDATA[松果体]]></desc></option><option><id>D</id><type>text</type><desc><![CDATA[垂体]]></desc></option><option><id>E</id><type>text</type><desc><![CDATA[甲状旁腺]]></desc></option></options><answers><![CDATA[B]]></answers><keypoints><![CDATA[解析：肾上腺既可以分泌雄激素也可以分泌雌激素。]]></keypoints></question><question><type>1</type><format>text</format><desc><![CDATA[11.能分泌性激素的腺是]]></desc><options><option><id>A</id><type>text</type><desc><![CDATA[甲状腺]]></desc></option><option><id>B</id><type>text</type><desc><![CDATA[甲状旁腺]]></desc></option><option><id>C</id><type>text</type><desc><![CDATA[松果体]]></desc></option><option><id>D</id><type>text</type><desc><![CDATA[肾上腺]]></desc></option><option><id>E</id><type>text</type><desc><![CDATA[垂体]]></desc></option></options><answers><![CDATA[D]]></answers><keypoints><![CDATA[解析：肾上腺既可以分泌雄激素也可以分泌雌激素。]]></keypoints></question><question><type>1</type><format>text</format><desc><![CDATA[12.既是淋巴器官，又具有内分泌功能的腺是]]></desc><options><option><id>A</id><type>text</type><desc><![CDATA[甲状腺]]></desc></option><option><id>B</id><type>text</type><desc><![CDATA[甲状旁腺]]></desc></option><option><id>C</id><type>text</type><desc><![CDATA[胸腺]]></desc></option><option><id>D</id><type>text</type><desc><![CDATA[肾上腺]]></desc></option><option><id>E</id><type>text</type><desc><![CDATA[垂体]]></desc></option></options><answers><![CDATA[C]]></answers></question><question><type>1</type><format>text</format><desc><![CDATA[13.能分泌褪黑激素的腺是]]></desc><options><option><id>A</id><type>text</type><desc><![CDATA[甲状腺]]></desc></option><option><id>B</id><type>text</type><desc><![CDATA[甲状旁腺]]></desc></option><option><id>C</id><type>text</type><desc><![CDATA[松果体]]></desc></option><option><id>D</id><type>text</type><desc><![CDATA[肾上腺]]></desc></option><option><id>E</id><type>text</type><desc><![CDATA[垂体]]></desc></option></options><answers><![CDATA[C]]></answers></question><question><type>1</type><format>text</format><desc><![CDATA[14.能贮存血管加压素的是]]></desc><options><option><id>A</id><type>text</type><desc><![CDATA[腺垂体]]></desc></option><option><id>B</id><type>text</type><desc><![CDATA[神经垂体]]></desc></option><option><id>C</id><type>text</type><desc><![CDATA[视上核]]></desc></option><option><id>D</id><type>text</type><desc><![CDATA[室旁核]]></desc></option><option><id>E</id><type>text</type><desc><![CDATA[甲状腺]]></desc></option></options><answers><![CDATA[B]]></answers><keypoints><![CDATA[解析：神经垂体可储存和释放来自于下丘脑的抗利尿激素（血管加压素）和催产素。]]></keypoints></question><question><type>1</type><format>text</format><desc><![CDATA[15.神经垂体内贮存的激素是]]></desc><options><option><id>A</id><type>text</type><desc><![CDATA[生长激素]]></desc></option><option><id>B</id><type>text</type><desc><![CDATA[促性腺激素]]></desc></option><option><id>C</id><type>text</type><desc><![CDATA[盐皮质激素]]></desc></option><option><id>D</id><type>text</type><desc><![CDATA[催产素]]></desc></option><option><id>E</id><type>text</type><desc><![CDATA[糖皮质激素]]></desc></option></options><answers><![CDATA[D]]></answers><keypoints><![CDATA[解析：神经垂体可储存和释放来自于下丘脑的抗利尿激素（血管加压素）和催产素。]]></keypoints></question><question><type>1</type><format>text</format><desc><![CDATA[16.精子的发生主要与哪种激素有关]]></desc><options><option><id>A</id><type>text</type><desc><![CDATA[黄体生成素]]></desc></option><option><id>B</id><type>text</type><desc><![CDATA[卵泡刺激素]]></desc></option><option><id>C</id><type>text</type><desc><![CDATA[生长激素]]></desc></option><option><id>D</id><type>text</type><desc><![CDATA[促甲状腺激素]]></desc></option><option><id>E</id><type>text</type><desc><![CDATA[肾上腺素]]></desc></option></options><answers><![CDATA[B]]></answers><keypoints><![CDATA[解析：卵泡刺激素在女性促进卵泡发育，在男性促进精子发育。]]></keypoints></question><question><type>1</type><format>text</format><desc><![CDATA[17.呆小症是由于]]></desc><options><option><id>A</id><type>text</type><desc><![CDATA[儿童时期甲状旁腺素分泌不足]]></desc></option><option><id>B</id><type>text</type><desc><![CDATA[成人时期甲状腺素分泌不足]]></desc></option><option><id>C</id><type>text</type><desc><![CDATA[儿童时期甲状腺素分泌不足]]></desc></option><option><id>D</id><type>text</type><desc><![CDATA[儿童时期生长激素分泌不足]]></desc></option></options><answers><![CDATA[C]]></answers><keypoints><![CDATA[解析：甲状腺素分泌不足，成人可出现黏液性水肿；小儿则可出现身材矮小、智力低下，临床称之为呆小症。]]></keypoints></question><question><type>1</type><format>text</format><desc><![CDATA[18.甲状旁腺主要分泌]]></desc><options><option><id>A</id><type>text</type><desc><![CDATA[甲状腺素]]></desc></option><option><id>B</id><type>text</type><desc><![CDATA[甲状旁腺素]]></desc></option><option><id>C</id><type>text</type><desc><![CDATA[生长激素]]></desc></option><option><id>D</id><type>text</type><desc><![CDATA[降钙素]]></desc></option><option><id>E</id><type>text</type><desc><![CDATA[褪黑激素]]></desc></option></options><answers><![CDATA[B]]></answers><keypoints><![CDATA[解析：甲状旁腺分泌甲状旁腺素，它的作用是升高血液中钙的浓度，同时抑制肾小管对磷的重吸收，使血液中钙与磷保持适宜的比例，从而维持血钙平衡。]]></keypoints></question><question><type>1</type><format>text</format><desc><![CDATA[19.骺软骨消失后，生长激素分泌过多会引起]]></desc><options><option><id>A</id><type>text</type><desc><![CDATA[巨人症]]></desc></option><option><id>B</id><type>text</type><desc><![CDATA[侏儒症]]></desc></option><option><id>C</id><type>text</type><desc><![CDATA[黏液性水肿]]></desc></option><option><id>D</id><type>text</type><desc><![CDATA[肢端肥大症]]></desc></option><option><id>E</id><type>text</type><desc><![CDATA[甲亢]]></desc></option></options><answers><![CDATA[D]]></answers><keypoints><![CDATA[解析：骺软骨消失表示已是成人，因此生长激素在成人分泌过盛可致肢端肥大症，幼年期如果分泌过盛，则为巨人症。]]></keypoints></question><question><type>1</type><format>text</format><desc><![CDATA[20.松果体分泌的褪黑激素不足时产生]]></desc><options><option><id>A</id><type>text</type><desc><![CDATA[性早熟]]></desc></option><option><id>B</id><type>text</type><desc><![CDATA[呆小症]]></desc></option><option><id>C</id><type>text</type><desc><![CDATA[钙代谢失常]]></desc></option><option><id>D</id><type>text</type><desc><![CDATA[糖尿病]]></desc></option><option><id>E</id><type>text</type><desc><![CDATA[侏儒症]]></desc></option></options><answers><![CDATA[A]]></answers><keypoints><![CDATA[解析：松果体合成和分泌褪黑激素可以抑制性腺成熟，因此分泌不足可引起性早熟。]]></keypoints></question></questions></exam>