﻿<?xml version="1.0" encoding="UTF-8"?><exam><id>20160523150355</id><questions><instructions>A1型题</instructions><question><type>1</type><format>text</format><desc><![CDATA[1.由神经元胞体构成的结构是]]></desc><options><option><id>A</id><type>text</type><desc><![CDATA[白质]]></desc></option><option><id>B</id><type>text</type><desc><![CDATA[纤维束]]></desc></option><option><id>C</id><type>text</type><desc><![CDATA[神经节]]></desc></option><option><id>D</id><type>text</type><desc><![CDATA[神经]]></desc></option><option><id>E</id><type>text</type><desc><![CDATA[灰质]]></desc></option></options><answers><![CDATA[E]]></answers><keypoints><![CDATA[解析：在中枢部，神经元胞体和树突聚集的部位，因新鲜标本上色泽灰暗而称灰质。]]></keypoints></question><question><type>1</type><format>text</format><desc><![CDATA[2.成人脊髓下端平对]]></desc><options><option><id>A</id><type>text</type><desc><![CDATA[第一腰椎体下缘]]></desc></option><option><id>B</id><type>text</type><desc><![CDATA[第二腰椎体下缘]]></desc></option><option><id>C</id><type>text</type><desc><![CDATA[第三腰椎体上缘]]></desc></option><option><id>D</id><type>text</type><desc><![CDATA[第三腰椎体下缘]]></desc></option><option><id>E</id><type>text</type><desc><![CDATA[第四腰椎体下缘]]></desc></option></options><answers><![CDATA[A]]></answers><keypoints><![CDATA[解析：成人脊髓下端平对第一腰椎体下缘。]]></keypoints></question><question><type>1</type><format>text</format><desc><![CDATA[3.脊髓灰质前角内含有]]></desc><options><option><id>A</id><type>text</type><desc><![CDATA[运动神经元]]></desc></option><option><id>B</id><type>text</type><desc><![CDATA[感觉神经元]]></desc></option><option><id>C</id><type>text</type><desc><![CDATA[交感神经元]]></desc></option><option><id>D</id><type>text</type><desc><![CDATA[副交感神经元]]></desc></option><option><id>E</id><type>text</type><desc><![CDATA[联络神经元]]></desc></option></options><answers><![CDATA[A]]></answers><keypoints><![CDATA[解析：脊髓灰质前角内含有运动神经元。]]></keypoints></question><question><type>1</type><format>text</format><desc><![CDATA[4.全身最长、最粗大的神经是]]></desc><options><option><id>A</id><type>text</type><desc><![CDATA[迷走神经]]></desc></option><option><id>B</id><type>text</type><desc><![CDATA[腋神经]]></desc></option><option><id>C</id><type>text</type><desc><![CDATA[坐骨神经]]></desc></option><option><id>D</id><type>text</type><desc><![CDATA[三叉神经]]></desc></option><option><id>E</id><type>text</type><desc><![CDATA[面神经]]></desc></option></options><answers><![CDATA[C]]></answers><keypoints><![CDATA[解析：坐骨神经是全身最长、最粗大的神经。]]></keypoints></question><question><type>1</type><format>text</format><desc><![CDATA[5.支配运动眼球的外直肌的神经是]]></desc><options><option><id>A</id><type>text</type><desc><![CDATA[动眼神经]]></desc></option><option><id>B</id><type>text</type><desc><![CDATA[滑车神经]]></desc></option><option><id>C</id><type>text</type><desc><![CDATA[展神经]]></desc></option><option><id>D</id><type>text</type><desc><![CDATA[眼神经]]></desc></option><option><id>E</id><type>text</type><desc><![CDATA[副神经]]></desc></option></options><answers><![CDATA[C]]></answers><keypoints><![CDATA[解析：展神经支配运动眼球的外直肌。]]></keypoints></question></questions></exam>