{
	"code": 1,
	"msg": "获取成功",
	"data": {
		"homeworkId": "eavpajasabbolb5tknqyea",
		"uniqueId": "3xnmazasjhjgrey7oxucq",
		"paperStructUnique": "",
		"courseOpenId": "he9fazcsj7hnprzqm1z1a",
		"openClassId": "odniajascl1f1hsp3we1vg",
		"homeworkTitle": "第二章 入院护理的知识",
		"ztWay": 2,
		"paperType": 1,
		"homeworkType": 1,
		"totalScore": 100,
		"state": 2,
		"remark": "",
		"questions": [
			{
				"paperStuQuestionId": "3xnmazasjhjgrey7oxucq_0_0",
				"questionId": "i3jmajastabkqgr4tdcgw",
				"questionType": 1,
				"queTypeName": "单选题",
				"sortOrder": 0,
				"orderBy": 0,
				"title": "<p>对门诊病人就诊首先应实行</p><p><br/></p>",
				"dataJson": "[{\"SortOrder\":0,\"Content\":\"心理安慰&nbsp;\",\"IsAnswer\":false},{\"SortOrder\":1,\"Content\":\"卫生指导\",\"IsAnswer\":false},{\"SortOrder\":2,\"Content\":\"预检分诊\",\"IsAnswer\":true},{\"SortOrder\":3,\"Content\":\"查阅病历资料&nbsp;\",\"IsAnswer\":false},{\"SortOrder\":4,\"Content\":\"健康教育\",\"IsAnswer\":false}]",
				"answer": "2",
				"resultAnalysis": "",
				"questionScore": 10,
				"isAssignmented": 1,
				"studentAnswer": "3",
				"isRight": 2,
				"getScore": 0,
				"bigQuestionId": "",
				"commentary": "",
				"commentaryFileData": [],
				"subQuestionList": []
			},
			{
				"paperStuQuestionId": "3xnmazasjhjgrey7oxucq_0_1",
				"questionId": "gwxgajastbjeey97isg5g",
				"questionType": 1,
				"queTypeName": "单选题",
				"sortOrder": 1,
				"orderBy": 1,
				"title": "<p>休克病人入病室后护士首先应</p><p><br/></p>",
				"dataJson": "[{\"SortOrder\":0,\"Content\":\"填写各种卡片\",\"IsAnswer\":false},{\"SortOrder\":1,\"Content\":\"通知医生，配合抢救\",\"IsAnswer\":true},{\"SortOrder\":2,\"Content\":\"询问病史\",\"IsAnswer\":false},{\"SortOrder\":3,\"Content\":\"通知营养室，准备膳食\",\"IsAnswer\":false},{\"SortOrder\":4,\"Content\":\"&nbsp;介绍病史病友\",\"IsAnswer\":false}]",
				"answer": "1",
				"resultAnalysis": "",
				"questionScore": 10,
				"isAssignmented": 1,
				"studentAnswer": "1",
				"isRight": 1,
				"getScore": 10,
				"bigQuestionId": "",
				"commentary": "",
				"commentaryFileData": [],
				"subQuestionList": []
			},
			{
				"paperStuQuestionId": "3xnmazasjhjgrey7oxucq_0_2",
				"questionId": "9kplajassojim3v9d8w47q",
				"questionType": 1,
				"queTypeName": "单选题",
				"sortOrder": 2,
				"orderBy": 2,
				"title": "<p>.病人王某，因一氧化碳中毒急诊入院，护士用平车护送病人入病区的途中，吸氧和输液的处理方法是</p><p><br/></p>",
				"dataJson": "[{\"SortOrder\":0,\"Content\":\"暂停输液，继续输氧&nbsp;&nbsp;\",\"IsAnswer\":false},{\"SortOrder\":1,\"Content\":\"暂停输氧，继续输液\",\"IsAnswer\":false},{\"SortOrder\":2,\"Content\":\"拔管，暂停输液，继续输氧\",\"IsAnswer\":false},{\"SortOrder\":3,\"Content\":\"留管，暂停输氧，继续输氧\",\"IsAnswer\":false},{\"SortOrder\":4,\"Content\":\"维持输液和输氧\",\"IsAnswer\":true}]",
				"answer": "4",
				"resultAnalysis": "",
				"questionScore": 10,
				"isAssignmented": 1,
				"studentAnswer": "4",
				"isRight": 1,
				"getScore": 10,
				"bigQuestionId": "",
				"commentary": "",
				"commentaryFileData": [],
				"subQuestionList": []
			},
			{
				"paperStuQuestionId": "3xnmazasjhjgrey7oxucq_0_3",
				"questionId": "egrlajasgz5hecvqtnv1pw",
				"questionType": 1,
				"queTypeName": "单选题",
				"sortOrder": 3,
				"orderBy": 3,
				"title": "<p>麻疹病人入院时应安置在</p><p><br/></p>",
				"dataJson": "[{\"SortOrder\":0,\"Content\":\"抢救室\",\"IsAnswer\":false},{\"SortOrder\":1,\"Content\":\"观察病室\",\"IsAnswer\":false},{\"SortOrder\":2,\"Content\":\"危重病室&nbsp;&nbsp;\",\"IsAnswer\":false},{\"SortOrder\":3,\"Content\":\"&nbsp;隔离病室\",\"IsAnswer\":true},{\"SortOrder\":4,\"Content\":\"普通病室\",\"IsAnswer\":false}]",
				"answer": "3",
				"resultAnalysis": "",
				"questionScore": 10,
				"isAssignmented": 1,
				"studentAnswer": "1",
				"isRight": 2,
				"getScore": 0,
				"bigQuestionId": "",
				"commentary": "",
				"commentaryFileData": [],
				"subQuestionList": []
			},
			{
				"paperStuQuestionId": "3xnmazasjhjgrey7oxucq_0_4",
				"questionId": "llxgajasar9bnswfchikow",
				"questionType": 1,
				"queTypeName": "单选题",
				"sortOrder": 4,
				"orderBy": 4,
				"title": "<p>&nbsp;接住院处通知后，病区护士应立即根据病情准备合适的</p><p><br/></p>",
				"dataJson": "[{\"SortOrder\":0,\"Content\":\"营养饮食\",\"IsAnswer\":false},{\"SortOrder\":1,\"Content\":\"分级护理\",\"IsAnswer\":false},{\"SortOrder\":2,\"Content\":\"病床单位\",\"IsAnswer\":true},{\"SortOrder\":3,\"Content\":\"治疗药物\",\"IsAnswer\":false},{\"SortOrder\":4,\"Content\":\"护理措施\",\"IsAnswer\":false}]",
				"answer": "2",
				"resultAnalysis": "",
				"questionScore": 10,
				"isAssignmented": 1,
				"studentAnswer": "4",
				"isRight": 2,
				"getScore": 0,
				"bigQuestionId": "",
				"commentary": "",
				"commentaryFileData": [],
				"subQuestionList": []
			},
			{
				"paperStuQuestionId": "3xnmazasjhjgrey7oxucq_0_5",
				"questionId": "ysrmajaspklfxduhyevxvq",
				"questionType": 1,
				"queTypeName": "单选题",
				"sortOrder": 5,
				"orderBy": 5,
				"title": "<p>患者床单位不包含以下物品&nbsp;</p><p><br/></p>",
				"dataJson": "[{\"SortOrder\":0,\"Content\":\"照明灯\",\"IsAnswer\":false},{\"SortOrder\":1,\"Content\":\"卫生指导\",\"IsAnswer\":true},{\"SortOrder\":2,\"Content\":\"输液架&nbsp;\",\"IsAnswer\":false},{\"SortOrder\":3,\"Content\":\"呼叫装置\",\"IsAnswer\":false},{\"SortOrder\":4,\"Content\":\"供氧和负压吸引装置\",\"IsAnswer\":false}]",
				"answer": "1",
				"resultAnalysis": "",
				"questionScore": 10,
				"isAssignmented": 1,
				"studentAnswer": "4",
				"isRight": 2,
				"getScore": 0,
				"bigQuestionId": "",
				"commentary": "",
				"commentaryFileData": [],
				"subQuestionList": []
			},
			{
				"paperStuQuestionId": "3xnmazasjhjgrey7oxucq_12_6",
				"questionId": "v2biazcs6ohaaokbrect2g",
				"questionType": 1,
				"queTypeName": "单选题",
				"sortOrder": 6,
				"orderBy": 6,
				"title": "<p>患者男，68岁，被人搀扶步入医院，分诊护士见其面色发绀，口唇黑紫色，呼吸困难，家属称其“肺心病又发作”。需立即对其进行的处理是</p>",
				"dataJson": "[{\"SortOrder\":0,\"Content\":\"为患者挂号\",\"IsAnswer\":false},{\"SortOrder\":1,\"Content\":\"不做处理，等待医生到来\",\"IsAnswer\":false},{\"SortOrder\":2,\"Content\":\"吸氧，测量血压\",\"IsAnswer\":true},{\"SortOrder\":3,\"Content\":\"扣背\",\"IsAnswer\":false},{\"SortOrder\":4,\"Content\":\"让患者去枕平卧位于平车上\",\"IsAnswer\":false}]",
				"answer": "2",
				"resultAnalysis": "患者有呼吸困难、发绀等缺氧症状，此时应立即吸氧。",
				"questionScore": 10,
				"isAssignmented": 1,
				"studentAnswer": "2",
				"isRight": 1,
				"getScore": 10,
				"bigQuestionId": "",
				"commentary": "",
				"commentaryFileData": [],
				"subQuestionList": []
			},
			{
				"paperStuQuestionId": "3xnmazasjhjgrey7oxucq_19_7",
				"questionId": "v2biazcsx5tcsjy4l4pumq",
				"questionType": 1,
				"queTypeName": "单选题",
				"sortOrder": 7,
				"orderBy": 7,
				"title": "<p>遇到刑事案件，急诊预检护士应立即通知</p>",
				"dataJson": "[{\"SortOrder\":0,\"Content\":\"院长\",\"IsAnswer\":false},{\"SortOrder\":1,\"Content\":\"公安部门\",\"IsAnswer\":true},{\"SortOrder\":2,\"Content\":\"家属\",\"IsAnswer\":false},{\"SortOrder\":3,\"Content\":\"值班医生\",\"IsAnswer\":false},{\"SortOrder\":4,\"Content\":\"医务科\",\"IsAnswer\":false}]",
				"answer": "1",
				"resultAnalysis": "",
				"questionScore": 10,
				"isAssignmented": 1,
				"studentAnswer": "3",
				"isRight": 2,
				"getScore": 0,
				"bigQuestionId": "",
				"commentary": "",
				"commentaryFileData": [],
				"subQuestionList": []
			},
			{
				"paperStuQuestionId": "3xnmazasjhjgrey7oxucq_24_8",
				"questionId": "v2biazcsa4lfyn02aj9o0a",
				"questionType": 1,
				"queTypeName": "单选题",
				"sortOrder": 8,
				"orderBy": 8,
				"title": "<p>住院处护士为患者办理住院手续的依据是</p>",
				"dataJson": "[{\"SortOrder\":0,\"Content\":\"本次就诊的门诊病历\",\"IsAnswer\":false},{\"SortOrder\":1,\"Content\":\"以往就诊的住院病历\",\"IsAnswer\":false},{\"SortOrder\":2,\"Content\":\"以往就诊的门诊病历\",\"IsAnswer\":false},{\"SortOrder\":3,\"Content\":\"医生签发的住院证\",\"IsAnswer\":true},{\"SortOrder\":4,\"Content\":\"医保单位的证明\",\"IsAnswer\":false}]",
				"answer": "3",
				"resultAnalysis": "",
				"questionScore": 10,
				"isAssignmented": 1,
				"studentAnswer": "3",
				"isRight": 1,
				"getScore": 10,
				"bigQuestionId": "",
				"commentary": "",
				"commentaryFileData": [],
				"subQuestionList": []
			},
			{
				"paperStuQuestionId": "3xnmazasjhjgrey7oxucq_33_9",
				"questionId": "v2biazcsrrpjx8qwscgcdq",
				"questionType": 1,
				"queTypeName": "单选题",
				"sortOrder": 9,
				"orderBy": 9,
				"title": "<p>门诊发现肝炎病人</p>",
				"dataJson": "[{\"SortOrder\":0,\"Content\":\"安排提前就诊\",\"IsAnswer\":false},{\"SortOrder\":1,\"Content\":\"转急诊治疗\",\"IsAnswer\":false},{\"SortOrder\":2,\"Content\":\"转隔离门诊治疗\",\"IsAnswer\":true},{\"SortOrder\":3,\"Content\":\"给予卫生指导\",\"IsAnswer\":false},{\"SortOrder\":4,\"Content\":\"预防接种\",\"IsAnswer\":false}]",
				"answer": "2",
				"resultAnalysis": "",
				"questionScore": 10,
				"isAssignmented": 1,
				"studentAnswer": "2",
				"isRight": 1,
				"getScore": 10,
				"bigQuestionId": "",
				"commentary": "",
				"commentaryFileData": [],
				"subQuestionList": []
			}
		],
		"isNeedSyncRecord": false,
		"isShowAnswer": 1
	}
}