{
	"code": 1,
	"msg": "获取成功",
	"data": {
		"homeworkId": "di7sajaslktb1gzxzeqq",
		"uniqueId": "hhjlazasoljgcwkaywb7lw",
		"paperStructUnique": "",
		"courseOpenId": "he9fazcsj7hnprzqm1z1a",
		"openClassId": "odniajascl1f1hsp3we1vg",
		"homeworkTitle": "第二章 轮椅运送法",
		"ztWay": 2,
		"paperType": 1,
		"homeworkType": 1,
		"totalScore": 100,
		"state": 2,
		"remark": "",
		"questions": [
			{
				"paperStuQuestionId": "hhjlazasoljgcwkaywb7lw_0_0",
				"questionId": "vniajaso1kpwp7frehow",
				"questionType": 1,
				"queTypeName": "单选题",
				"sortOrder": 0,
				"orderBy": 0,
				"title": "<p>用轮椅接送病人时，轮椅位置是</p><p><br/></p>",
				"dataJson": "[{\"SortOrder\":0,\"Content\":\"放在床尾，面向床铺\",\"IsAnswer\":false},{\"SortOrder\":1,\"Content\":\"放在床头，面向床尾\",\"IsAnswer\":false},{\"SortOrder\":2,\"Content\":\"放在床旁，椅背靠床沿\",\"IsAnswer\":false},{\"SortOrder\":3,\"Content\":\"放在床旁，面向床尾\",\"IsAnswer\":false},{\"SortOrder\":4,\"Content\":\"面向床头、椅背与床尾平齐\",\"IsAnswer\":true}]",
				"answer": "4",
				"resultAnalysis": "",
				"questionScore": 25,
				"isAssignmented": 1,
				"studentAnswer": "4",
				"isRight": 1,
				"getScore": 25,
				"bigQuestionId": "",
				"commentary": "",
				"commentaryFileData": [],
				"subQuestionList": []
			},
			{
				"paperStuQuestionId": "hhjlazasoljgcwkaywb7lw_0_1",
				"questionId": "wgpmajas7ifk8jnixfvnfa",
				"questionType": 1,
				"queTypeName": "单选题",
				"sortOrder": 1,
				"orderBy": 1,
				"title": "<p>运送疾病恢复期的病人到花园里散心，可采用</p><p><br/></p>",
				"dataJson": "[{\"SortOrder\":0,\"Content\":\"平车单人搬运法\",\"IsAnswer\":false},{\"SortOrder\":1,\"Content\":\"平车挪动法\",\"IsAnswer\":false},{\"SortOrder\":2,\"Content\":\"平车三人搬运法\",\"IsAnswer\":false},{\"SortOrder\":3,\"Content\":\"平车四人搬运法\",\"IsAnswer\":false},{\"SortOrder\":4,\"Content\":\"轮椅运送&nbsp; &nbsp;&nbsp;\",\"IsAnswer\":true}]",
				"answer": "4",
				"resultAnalysis": "",
				"questionScore": 25,
				"isAssignmented": 1,
				"studentAnswer": "4",
				"isRight": 1,
				"getScore": 25,
				"bigQuestionId": "",
				"commentary": "",
				"commentaryFileData": [],
				"subQuestionList": []
			},
			{
				"paperStuQuestionId": "hhjlazasoljgcwkaywb7lw_0_2",
				"questionId": "i3dxajasjr9lp0jxusoetg",
				"questionType": 1,
				"queTypeName": "单选题",
				"sortOrder": 2,
				"orderBy": 2,
				"title": "<p>协助病人坐轮椅，下列错误的是</p>",
				"dataJson": "[{\"SortOrder\":0,\"Content\":\"检查轮椅性能是否完好\",\"IsAnswer\":false},{\"SortOrder\":1,\"Content\":\"将椅背与床尾平齐，翻起脚踏板\",\"IsAnswer\":false},{\"SortOrder\":2,\"Content\":\"拉起车闸固定车轮\",\"IsAnswer\":false},{\"SortOrder\":3,\"Content\":\"病人坐稳后放下脚踏板\",\"IsAnswer\":false},{\"SortOrder\":4,\"Content\":\"病人尽可能使身体靠前坐\",\"IsAnswer\":true}]",
				"answer": "4",
				"resultAnalysis": "",
				"questionScore": 25,
				"isAssignmented": 1,
				"studentAnswer": "4",
				"isRight": 1,
				"getScore": 25,
				"bigQuestionId": "",
				"commentary": "",
				"commentaryFileData": [],
				"subQuestionList": []
			},
			{
				"paperStuQuestionId": "hhjlazasoljgcwkaywb7lw_0_3",
				"questionId": "rp3vajasuojcgdi37u16w",
				"questionType": 1,
				"queTypeName": "单选题",
				"sortOrder": 3,
				"orderBy": 3,
				"title": "<h1>轮椅运送法不正确的是</h1><p><br/></p>",
				"dataJson": "[{\"SortOrder\":0,\"Content\":\".轮椅背与床尾呈锐角\",\"IsAnswer\":true},{\"SortOrder\":1,\"Content\":\"将闸制动，协助患者坐入轮椅\",\"IsAnswer\":false},{\"SortOrder\":2,\"Content\":\"嘱患者向后靠坐稳\",\"IsAnswer\":false},{\"SortOrder\":3,\"Content\":\"嘱患者不可前倾\",\"IsAnswer\":false},{\"SortOrder\":4,\"Content\":\"嘱患者不可自行下轮椅\",\"IsAnswer\":false}]",
				"answer": "0",
				"resultAnalysis": "",
				"questionScore": 25,
				"isAssignmented": 1,
				"studentAnswer": "1",
				"isRight": 2,
				"getScore": 0,
				"bigQuestionId": "",
				"commentary": "",
				"commentaryFileData": [],
				"subQuestionList": []
			}
		],
		"isNeedSyncRecord": false,
		"isShowAnswer": 1
	}
}