{
	"code": 1,
	"msg": "获取成功",
	"data": {
		"homeworkId": "5antajasbkjnpue9rtmxrw",
		"uniqueId": "aopkazasg4bpvzkegienpg",
		"paperStructUnique": "",
		"courseOpenId": "he9fazcsj7hnprzqm1z1a",
		"openClassId": "odniajascl1f1hsp3we1vg",
		"homeworkTitle": "第二章 平车使用法",
		"ztWay": 2,
		"paperType": 1,
		"homeworkType": 1,
		"totalScore": 100,
		"state": 2,
		"remark": "",
		"questions": [
			{
				"paperStuQuestionId": "aopkazasg4bpvzkegienpg_0_0",
				"questionId": "6jhajasdblchjp4mywgaw",
				"questionType": 1,
				"queTypeName": "单选题",
				"sortOrder": 0,
				"orderBy": 0,
				"title": "<p>推平车上下坡时候，应注意</p><p><br/></p>",
				"dataJson": "[{\"SortOrder\":0,\"Content\":\"病人头向前\",\"IsAnswer\":false},{\"SortOrder\":1,\"Content\":\"病人头向后\",\"IsAnswer\":false},{\"SortOrder\":2,\"Content\":\"病人头在高处一端\",\"IsAnswer\":true},{\"SortOrder\":3,\"Content\":\"病人头在低处一端\",\"IsAnswer\":false},{\"SortOrder\":4,\"Content\":\"病人头在小轮一端 \",\"IsAnswer\":false}]",
				"answer": "2",
				"resultAnalysis": "",
				"questionScore": 20,
				"isAssignmented": 1,
				"studentAnswer": "2",
				"isRight": 1,
				"getScore": 20,
				"bigQuestionId": "",
				"commentary": "",
				"commentaryFileData": [],
				"subQuestionList": []
			},
			{
				"paperStuQuestionId": "aopkazasg4bpvzkegienpg_0_1",
				"questionId": "28pkajassolaq3eho8tm3g",
				"questionType": 1,
				"queTypeName": "单选题",
				"sortOrder": 1,
				"orderBy": 1,
				"title": "<p>协助病人由病床向平车挪动的顺序是</p><p><br/></p>",
				"dataJson": "[{\"SortOrder\":0,\"Content\":\"上身、臀部、下肢\",\"IsAnswer\":true},{\"SortOrder\":1,\"Content\":\"上身、下肢、臀部\",\"IsAnswer\":false},{\"SortOrder\":2,\"Content\":\"下肢、臀部、上身\",\"IsAnswer\":false},{\"SortOrder\":3,\"Content\":\"臀部、上身、下肢\",\"IsAnswer\":false},{\"SortOrder\":4,\"Content\":\"臀部、下肢、上身\",\"IsAnswer\":false}]",
				"answer": "0",
				"resultAnalysis": "",
				"questionScore": 20,
				"isAssignmented": 1,
				"studentAnswer": "0",
				"isRight": 1,
				"getScore": 20,
				"bigQuestionId": "",
				"commentary": "",
				"commentaryFileData": [],
				"subQuestionList": []
			},
			{
				"paperStuQuestionId": "aopkazasg4bpvzkegienpg_0_2",
				"questionId": "in3jajashqxgxnjgx7mwog",
				"questionType": 1,
				"queTypeName": "单选题",
				"sortOrder": 2,
				"orderBy": 2,
				"title": "<p>颈椎骨折患者适宜采用</p><p><br/></p>",
				"dataJson": "[{\"SortOrder\":0,\"Content\":\"轮椅运送\",\"IsAnswer\":false},{\"SortOrder\":1,\"Content\":\"平车二人搬运法\",\"IsAnswer\":false},{\"SortOrder\":2,\"Content\":\"&nbsp;平车三人搬运法&nbsp; &nbsp;&nbsp;\",\"IsAnswer\":false},{\"SortOrder\":3,\"Content\":\"平车四人搬运法\",\"IsAnswer\":true},{\"SortOrder\":4,\"Content\":\"平车一人搬运法\",\"IsAnswer\":false}]",
				"answer": "3",
				"resultAnalysis": "",
				"questionScore": 20,
				"isAssignmented": 1,
				"studentAnswer": "3",
				"isRight": 1,
				"getScore": 20,
				"bigQuestionId": "",
				"commentary": "",
				"commentaryFileData": [],
				"subQuestionList": []
			},
			{
				"paperStuQuestionId": "aopkazasg4bpvzkegienpg_21_3",
				"questionId": "v2biazcsuoplyrtyteazga",
				"questionType": 1,
				"queTypeName": "单选题",
				"sortOrder": 3,
				"orderBy": 3,
				"title": "<p>用平车搬运腰椎骨折患者，下列措施哪项不妥</p>",
				"dataJson": "[{\"SortOrder\":0,\"Content\":\"车上垫木板\",\"IsAnswer\":false},{\"SortOrder\":1,\"Content\":\"先做好骨折部位的固定\",\"IsAnswer\":false},{\"SortOrder\":2,\"Content\":\"宜用四人搬运法\",\"IsAnswer\":false},{\"SortOrder\":3,\"Content\":\"下坡时头在后\",\"IsAnswer\":false},{\"SortOrder\":4,\"Content\":\"让家属推车，护士在旁密切观察\",\"IsAnswer\":true}]",
				"answer": "4",
				"resultAnalysis": "推车运送病人时，不应让家属推车。护士应站在病人的头侧，便于观察病情。",
				"questionScore": 20,
				"isAssignmented": 1,
				"studentAnswer": "3",
				"isRight": 2,
				"getScore": 0,
				"bigQuestionId": "",
				"commentary": "",
				"commentaryFileData": [],
				"subQuestionList": []
			},
			{
				"paperStuQuestionId": "aopkazasg4bpvzkegienpg_0_4",
				"questionId": "x2llajasm7jmbxgzoqn2ba",
				"questionType": 1,
				"queTypeName": "单选题",
				"sortOrder": 4,
				"orderBy": 4,
				"title": "<p>用平车运送输液病人最重要的是</p><p><br/></p>",
				"dataJson": "[{\"SortOrder\":0,\"Content\":\"上坡头在前\",\"IsAnswer\":false},{\"SortOrder\":1,\"Content\":\"下坡头在后\",\"IsAnswer\":false},{\"SortOrder\":2,\"Content\":\"做好穿刺部位的固定，防止针头脱出\",\"IsAnswer\":true},{\"SortOrder\":3,\"Content\":\"使病人躺卧在平车中间\",\"IsAnswer\":false},{\"SortOrder\":4,\"Content\":\"不可用车撞门\",\"IsAnswer\":false}]",
				"answer": "2",
				"resultAnalysis": "",
				"questionScore": 20,
				"isAssignmented": 1,
				"studentAnswer": "2",
				"isRight": 1,
				"getScore": 20,
				"bigQuestionId": "",
				"commentary": "",
				"commentaryFileData": [],
				"subQuestionList": []
			}
		],
		"isNeedSyncRecord": false,
		"isShowAnswer": 1
	}
}