﻿<?xml version="1.0" encoding="UTF-8"?><exam><id>20180925131747</id><questions><instructions><![CDATA[一、单项选择题]]></instructions><question><type>1</type><format>text</format><desc><![CDATA[1．患者，男性，16岁，食海鲜火锅1个月后，突起发热39℃，1周后自行消退，但仍有恶心，伴腹泻每日3次，尿色深黄。实验室检查：血HAVIgM（+），肝功能ALT为1200U／L，TBiL为170μmol／L。诊断为甲型病毒性肝炎。该患者所在地区有甲肝流行，造成甲肝流行的主要传播方式是]]></desc><options><option><id>A</id><type>text</type><desc><![CDATA[水源污染与食品污染]]></desc></option><option><id>B</id><type>text</type><desc><![CDATA[输血与血制品]]></desc></option><option><id>C</id><type>text</type><desc><![CDATA[母婴垂直传播]]></desc></option><option><id>D</id><type>text</type><desc><![CDATA[日常生活密切接触]]></desc></option><option><id>E</id><type>text</type><desc><![CDATA[虫媒传播]]></desc></option></options><answers><![CDATA[A]]></answers></question><question><type>1</type><format>text</format><desc><![CDATA[2．患者，女性，18岁，既往体健，近日因突然发热、恶心、乏力及巩膜黄染而住院。实验室检查：ALT为478U／L，TBil为78μmol／L，抗HAVIgM（+），诊断为甲型病毒性肝炎。该患者自发病之日起，需隔离]]></desc><options><option><id>A</id><type>text</type><desc><![CDATA[1周]]></desc></option><option><id>B</id><type>text</type><desc><![CDATA[2周]]></desc></option><option><id>C</id><type>text</type><desc><![CDATA[3周]]></desc></option><option><id>D</id><type>text</type><desc><![CDATA[5周]]></desc></option><option><id>E</id><type>text</type><desc><![CDATA[6周]]></desc></option></options><answers><![CDATA[C]]></answers></question><question><type>1</type><format>text</format><desc><![CDATA[3．患者，男，45岁，慢性乙型肝炎病人，处于失代偿期肝硬化阶段，若进行抗病毒治疗，常选用什么药物]]></desc><options><option><id>A</id><type>text</type><desc><![CDATA[干扰素]]></desc></option><option><id>B</id><type>text</type><desc><![CDATA[核苷类似物]]></desc></option><option><id>C</id><type>text</type><desc><![CDATA[干扰素和核苷类似物]]></desc></option><option><id>D</id><type>text</type><desc><![CDATA[蛋白酶抑制剂]]></desc></option><option><id>E</id><type>text</type><desc><![CDATA[整合酶抑制剂]]></desc></option></options><answers><![CDATA[B]]></answers></question><question><type>1</type><format>text</format><desc><![CDATA[4．某青年，男，18岁，征兵体检时发现抗HBs阳性，其余HBV血清标志物均为阴性，提示该青年是]]></desc><options><option><id>A</id><type>text</type><desc><![CDATA[乙肝病人传染性不强]]></desc></option><option><id>B</id><type>text</type><desc><![CDATA[乙肝病人传染性较强]]></desc></option><option><id>C</id><type>text</type><desc><![CDATA[乙肝病人恢复期]]></desc></option><option><id>D</id><type>text</type><desc><![CDATA[乙肝病毒携带者]]></desc></option><option><id>E</id><type>text</type><desc><![CDATA[对HBV有免疫力]]></desc></option></options><answers><![CDATA[E]]></answers></question><question><type>1</type><format>text</format><desc><![CDATA[5．某孕妇，24岁，为慢性乙型肝炎病人。乙型病毒性肝炎最主要的传播途径是]]></desc><options><option><id>A</id><type>text</type><desc><![CDATA[性传播]]></desc></option><option><id>B</id><type>text</type><desc><![CDATA[母婴传播]]></desc></option><option><id>C</id><type>text</type><desc><![CDATA[血液、体液传播]]></desc></option><option><id>D</id><type>text</type><desc><![CDATA[消化道传播]]></desc></option><option><id>E</id><type>text</type><desc><![CDATA[呼吸道传播]]></desc></option></options><answers><![CDATA[C]]></answers></question><question><type>1</type><format>text</format><desc><![CDATA[6．患者，女性，27岁，是乙肝表面抗原携带者。近日因心包大量积液而入院。为该患者进行心包抽液时，不慎心包液污染了床单，对该污染床单最佳处理方法是]]></desc><options><option><id>A</id><type>text</type><desc><![CDATA[焚烧]]></desc></option><option><id>B</id><type>text</type><desc><![CDATA[日光暴晒1h]]></desc></option><option><id>C</id><type>text</type><desc><![CDATA[洗涤剂清洗]]></desc></option><option><id>D</id><type>text</type><desc><![CDATA[高压蒸气灭菌]]></desc></option><option><id>E</id><type>text</type><desc><![CDATA[紫外线照射]]></desc></option></options><answers><![CDATA[D]]></answers></question><question><type>1</type><format>text</format><desc><![CDATA[7．某护士，乙肝感染状况不明，在为乙肝患者注射时，不慎发生针刺伤，需采取的最重要的措施是]]></desc><options><option><id>A</id><type>text</type><desc><![CDATA[接种乙肝疫苗]]></desc></option><option><id>B</id><type>text</type><desc><![CDATA[进行酒精消毒]]></desc></option><option><id>C</id><type>text</type><desc><![CDATA[包扎伤口]]></desc></option><option><id>D</id><type>text</type><desc><![CDATA[注射HBIG并查HBsAg及HBsAb]]></desc></option><option><id>E</id><type>text</type><desc><![CDATA[检查肝功能]]></desc></option></options><answers><![CDATA[D]]></answers></question><question><type>1</type><format>text</format><desc><![CDATA[8．患者，男性，37岁，既往体健。因近1周食欲减退、上腹不适、疲乏无力，伴巩膜及皮肤黄染2日而住院。入院3日后迅速出现嗜睡、扑翼样震颤，肝未触及。TBil为200μmol／L，ALT为30U／L，PTA36%，HBsAg阳性。此患者的肝炎类型是]]></desc><options><option><id>A</id><type>text</type><desc><![CDATA[急性黄疸型甲型肝炎]]></desc></option><option><id>B</id><type>text</type><desc><![CDATA[急性无黄疸型甲型肝炎]]></desc></option><option><id>C</id><type>text</type><desc><![CDATA[慢性乙型肝炎]]></desc></option><option><id>D</id><type>text</type><desc><![CDATA[急性重型肝炎]]></desc></option><option><id>E</id><type>text</type><desc><![CDATA[淤胆型肝炎]]></desc></option></options><answers><![CDATA[D]]></answers></question><question><type>1</type><format>text</format><desc><![CDATA[9．患者，男，48岁，有不安全性行为史，HIV抗体阳性。目前，有咳嗽、咳痰、呼吸困难。X线胸片示：双肺有阴影。诊断为艾滋病。可导致HIV传播的途径是]]></desc><options><option><id>A</id><type>text</type><desc><![CDATA[共用电话]]></desc></option><option><id>B</id><type>text</type><desc><![CDATA[共用厕所]]></desc></option><option><id>C</id><type>text</type><desc><![CDATA[共用宿舍]]></desc></option><option><id>D</id><type>text</type><desc><![CDATA[共用剃须刀]]></desc></option><option><id>E</id><type>text</type><desc><![CDATA[共用食堂]]></desc></option></options><answers><![CDATA[D]]></answers></question><question><type>1</type><format>text</format><desc><![CDATA[10．患者，女性，43岁，有不安全性行为史，近期出现发热，淋巴结肿大，体重下降等症状。怀疑该病人有HIV感染，应先检查]]></desc><options><option><id>A</id><type>text</type><desc><![CDATA[HIV筛查试验]]></desc></option><option><id>B</id><type>text</type><desc><![CDATA[CD4<sup>+</sup>T淋巴细胞计数]]></desc></option><option><id>C</id><type>text</type><desc><![CDATA[CD4<sup>+</sup>/CD8<sup>+</sup>比值]]></desc></option><option><id>D</id><type>text</type><desc><![CDATA[淋巴结活检]]></desc></option><option><id>E</id><type>text</type><desc><![CDATA[胸部X线检查]]></desc></option></options><answers><![CDATA[A]]></answers></question><question><type>1</type><format>text</format><desc><![CDATA[11．患者，女性，22岁，是艾滋病患者，正在进行治疗，艾滋病关键治疗是]]></desc><options><option><id>A</id><type>text</type><desc><![CDATA[免疫调节治疗]]></desc></option><option><id>B</id><type>text</type><desc><![CDATA[隔离治疗]]></desc></option><option><id>C</id><type>text</type><desc><![CDATA[抗反转录病毒治疗]]></desc></option><option><id>D</id><type>text</type><desc><![CDATA[抗机会感染治疗]]></desc></option><option><id>E</id><type>text</type><desc><![CDATA[对症治疗]]></desc></option></options><answers><![CDATA[C]]></answers></question><question><type>1</type><format>html</format><desc><![CDATA[12．某病房一位病人HIV抗体阳性，对他采取的护理措施<u><b>不妥</b></u>的是]]></desc><options><option><id>A</id><type>text</type><desc><![CDATA[立即血、体液隔离]]></desc></option><option><id>B</id><type>text</type><desc><![CDATA[安置病人在隔离病房内，进行严密隔离]]></desc></option><option><id>C</id><type>text</type><desc><![CDATA[指导病人适当休息活动]]></desc></option><option><id>D</id><type>text</type><desc><![CDATA[加强营养]]></desc></option><option><id>E</id><type>text</type><desc><![CDATA[心理护理]]></desc></option></options><answers><![CDATA[B]]></answers></question><question><type>1</type><format>text</format><desc><![CDATA[13．患者，女，25岁，妊娠14周，HIV抗体阳性，预防母婴传播的最佳方法是]]></desc><options><option><id>A</id><type>text</type><desc><![CDATA[血液隔离]]></desc></option><option><id>B</id><type>text</type><desc><![CDATA[体液隔离]]></desc></option><option><id>C</id><type>text</type><desc><![CDATA[性接触隔离]]></desc></option><option><id>D</id><type>text</type><desc><![CDATA[母婴隔离]]></desc></option><option><id>E</id><type>text</type><desc><![CDATA[立即终止妊娠]]></desc></option></options><answers><![CDATA[E]]></answers></question><question><type>1</type><format>text</format><desc><![CDATA[14．患者，女，28岁，因急起发热、头痛、咽痛、恶心、呕吐、厌食、腹泻及全身不适13天入院。既往体健，有不安全性行为史。体检：颈部可扪及肿大的淋巴结。辅助检查：HIV抗体阳性。下列不是HIV传播途径的是]]></desc><options><option><id>A</id><type>text</type><desc><![CDATA[性接触传播]]></desc></option><option><id>B</id><type>text</type><desc><![CDATA[注射传播]]></desc></option><option><id>C</id><type>text</type><desc><![CDATA[母婴传播]]></desc></option><option><id>D</id><type>text</type><desc><![CDATA[人工受精传播]]></desc></option><option><id>E</id><type>text</type><desc><![CDATA[与感染者握手传播]]></desc></option></options><answers><![CDATA[E]]></answers></question><question><type>1</type><format>text</format><desc><![CDATA[15．患者，女，56岁，高热持续不退5天，伴剧烈咳嗽、呼吸急促、紫绀，体格检查：血压100/70mmHg，胸部听诊呼吸音减低，无肺实变体征，无出血倾向。辅助检查：鼻咽分泌物流感病毒分离阳性，该患者最可能是]]></desc><options><option><id>A</id><type>text</type><desc><![CDATA[流感轻症病例]]></desc></option><option><id>B</id><type>text</type><desc><![CDATA[流感重症病例]]></desc></option><option><id>C</id><type>text</type><desc><![CDATA[危重症患者]]></desc></option><option><id>D</id><type>text</type><desc><![CDATA[普通感冒轻症病例]]></desc></option><option><id>E</id><type>text</type><desc><![CDATA[普通感冒重症病例]]></desc></option></options><answers><![CDATA[B]]></answers></question><question><type>1</type><format>text</format><desc><![CDATA[16．患者，男，70岁，因流行性感冒入院治疗。关于流感传播途径最恰当的描述是]]></desc><options><option><id>A</id><type>text</type><desc><![CDATA[空气传播]]></desc></option><option><id>B</id><type>text</type><desc><![CDATA[飞沫传播]]></desc></option><option><id>C</id><type>text</type><desc><![CDATA[接触传播]]></desc></option><option><id>D</id><type>text</type><desc><![CDATA[飞沫传播为主，接触传播为辅]]></desc></option><option><id>E</id><type>text</type><desc><![CDATA[空气传播为主，接触传播为辅]]></desc></option></options><answers><![CDATA[D]]></answers></question><question><type>1</type><format>text</format><desc><![CDATA[17．患者，男，44岁，禽类饲养员，2天前出现头痛、发热、咽痛、全身肌肉酸痛、咳嗽。体格检查：体温39.5℃，肺部可闻及湿啰音，有肺实变体征。辅助检查：白细胞计数正常，X线提示肺部实变，胸腔积液。患者最有可能是]]></desc><options><option><id>A</id><type>text</type><desc><![CDATA[流行性感冒重症病例]]></desc></option><option><id>B</id><type>text</type><desc><![CDATA[流行性感冒轻症病例]]></desc></option><option><id>C</id><type>text</type><desc><![CDATA[人禽流感重症病例]]></desc></option><option><id>D</id><type>text</type><desc><![CDATA[人禽流感轻症病例]]></desc></option><option><id>E</id><type>text</type><desc><![CDATA[人禽流感危重症患者]]></desc></option></options><answers><![CDATA[C]]></answers></question><question><type>1</type><format>html</format><desc><![CDATA[18．患者，男，68岁，河北人，1月29日出现高热，在当地医院诊治，但病情逐渐加重，2月6日经120救护车转至北京救治。经检查H<sub>7</sub>N<sub>9</sub>禽流感病毒核酸检测阳性，诊断为人感染H<sub>7</sub>N<sub>9</sub>禽流感。患者转院到北京救治的主要目的是]]></desc><options><option><id>A</id><type>text</type><desc><![CDATA[集中专家]]></desc></option><option><id>B</id><type>text</type><desc><![CDATA[集中资源]]></desc></option><option><id>C</id><type>text</type><desc><![CDATA[集中救治]]></desc></option><option><id>D</id><type>text</type><desc><![CDATA[集中病人]]></desc></option><option><id>E</id><type>text</type><desc><![CDATA[以上都是]]></desc></option></options><answers><![CDATA[E]]></answers></question><question><type>1</type><format>text</format><desc><![CDATA[19．患儿，男，1岁半，发热、咳嗽4天，昨日上午发现患儿口腔黏膜上有少许白色小点，今日下午发现耳后、发际、前额可见鲜红色斑丘疹，该患儿可能发生了]]></desc><options><option><id>A</id><type>text</type><desc><![CDATA[风疹]]></desc></option><option><id>B</id><type>text</type><desc><![CDATA[麻疹]]></desc></option><option><id>C</id><type>text</type><desc><![CDATA[水痘]]></desc></option><option><id>D</id><type>text</type><desc><![CDATA[腮腺炎]]></desc></option><option><id>E</id><type>text</type><desc><![CDATA[猩红热]]></desc></option></options><answers><![CDATA[B]]></answers></question><question><type>1</type><format>html</format><desc><![CDATA[20．患儿，女，4岁，患麻疹入院，体温39～40℃，鼻眼分泌物多，<u><b>不宜</b></u>采用的护理措施是]]></desc><options><option><id>A</id><type>text</type><desc><![CDATA[嘱患儿多饮水]]></desc></option><option><id>B</id><type>text</type><desc><![CDATA[每天空气消毒]]></desc></option><option><id>C</id><type>text</type><desc><![CDATA[清洁鼻眼分泌物]]></desc></option><option><id>D</id><type>text</type><desc><![CDATA[及时处理并发症]]></desc></option><option><id>E</id><type>text</type><desc><![CDATA[迅速将体温降至正常]]></desc></option></options><answers><![CDATA[E]]></answers></question><question><type>1</type><format>text</format><desc><![CDATA[21．患儿，女，1岁，发热2天，体格检查：体温38.5℃，胸腹部、背部有红斑疹、丘疹及疱疹，四肢皮疹很少，拟诊：水痘。该患儿目前可以用]]></desc><options><option><id>A</id><type>text</type><desc><![CDATA[青霉素]]></desc></option><option><id>B</id><type>text</type><desc><![CDATA[镇静剂]]></desc></option><option><id>C</id><type>text</type><desc><![CDATA[肾上腺皮质激素]]></desc></option><option><id>D</id><type>text</type><desc><![CDATA[酒精擦拭]]></desc></option><option><id>E</id><type>text</type><desc><![CDATA[阿昔洛韦]]></desc></option></options><answers><![CDATA[E]]></answers></question><question><type>1</type><format>text</format><desc><![CDATA[22．患儿，男，4岁，前天开始低热，伴有咳嗽、流涕、食欲不振，今早起见腹部起水疱，亮晶晶的，周围有红晕，疹间有正常皮肤，体温37.8℃，精神不振，心、肺正常。拟诊：水痘。水痘具有传染性的时间是]]></desc><options><option><id>A</id><type>text</type><desc><![CDATA[出疹至结痂为止]]></desc></option><option><id>B</id><type>text</type><desc><![CDATA[出疹前1～2天至出疹后1～2天为止]]></desc></option><option><id>C</id><type>text</type><desc><![CDATA[结痂前1～2天至结痂后1～2天为止]]></desc></option><option><id>D</id><type>text</type><desc><![CDATA[出疹前1～2天至结痂为止]]></desc></option><option><id>E</id><type>text</type><desc><![CDATA[出疹前1～2周至结痂为止]]></desc></option></options><answers><![CDATA[D]]></answers></question><question><type>1</type><format>text</format><desc><![CDATA[23．患儿，男，1岁，发热1天，伴流涕、拒食。体格检查：口腔和臀部有数个小疱疹，四肢冰冷、苍白，血压70/50mmHg，该患儿可能是手足口病的]]></desc><options><option><id>A</id><type>text</type><desc><![CDATA[重症病例（脑脊髓炎）]]></desc></option><option><id>B</id><type>text</type><desc><![CDATA[重症病例（脑膜炎）]]></desc></option><option><id>C</id><type>text</type><desc><![CDATA[重症病例（脑炎）]]></desc></option><option><id>D</id><type>text</type><desc><![CDATA[重症病例（循环障碍）]]></desc></option><option><id>E</id><type>text</type><desc><![CDATA[重症病例（肺水肿）]]></desc></option></options><answers><![CDATA[D]]></answers></question><question><type>1</type><format>text</format><desc><![CDATA[24．患儿，女，3岁，无明显诱因突然发热，体温38℃，食欲不振，臀部有散在数个疱疹，诊断为手足口病。与患儿密切接触的孩子]]></desc><options><option><id>A</id><type>text</type><desc><![CDATA[应至少检疫2天]]></desc></option><option><id>B</id><type>text</type><desc><![CDATA[应至少检疫3天]]></desc></option><option><id>C</id><type>text</type><desc><![CDATA[应至少检疫4天]]></desc></option><option><id>D</id><type>text</type><desc><![CDATA[应至少检疫7天]]></desc></option><option><id>E</id><type>text</type><desc><![CDATA[应至少检疫10天]]></desc></option></options><answers><![CDATA[D]]></answers></question><question><type>1</type><format>text</format><desc><![CDATA[25．患儿，女，7岁，诊断为流行性腮腺炎，护士指导家长为患儿选择饮食，正确的是]]></desc><options><option><id>A</id><type>text</type><desc><![CDATA[鼓励患儿多饮水]]></desc></option><option><id>B</id><type>text</type><desc><![CDATA[选择适量干果]]></desc></option><option><id>C</id><type>text</type><desc><![CDATA[选择高纤维食品]]></desc></option><option><id>D</id><type>text</type><desc><![CDATA[选择高热量的牛肉]]></desc></option><option><id>E</id><type>text</type><desc><![CDATA[选择酸味食物]]></desc></option></options><answers><![CDATA[A]]></answers></question><question><type>1</type><format>text</format><desc><![CDATA[26．患者，男，25岁，左侧腮腺肿大，腮腺管口红肿，诊断为流行性腮腺炎，该患者可能会并发以下哪些并发症]]></desc><options><option><id>A</id><type>text</type><desc><![CDATA[肾炎、心肌炎]]></desc></option><option><id>B</id><type>text</type><desc><![CDATA[脑膜炎、脑炎]]></desc></option><option><id>C</id><type>text</type><desc><![CDATA[睾丸炎、卵巢炎]]></desc></option><option><id>D</id><type>text</type><desc><![CDATA[急性胰腺炎]]></desc></option><option><id>E</id><type>text</type><desc><![CDATA[以上疾病均可并发]]></desc></option></options><answers><![CDATA[E]]></answers></question><question><type>1</type><format>text</format><desc><![CDATA[27．患者，男，50岁，有糖尿病病史，半月前外出时被犬类咬伤，未进行处理。3天前愈合的伤口附近出现麻木，蚁走感，对声、光、风等刺激极度敏感，有低烧，心率增快，血压增高现象。该患者最有可能是]]></desc><options><option><id>A</id><type>text</type><desc><![CDATA[糖尿病并发周围神经病变]]></desc></option><option><id>B</id><type>text</type><desc><![CDATA[伤口感染]]></desc></option><option><id>C</id><type>text</type><desc><![CDATA[精神、心理问题]]></desc></option><option><id>D</id><type>text</type><desc><![CDATA[狂犬病]]></desc></option><option><id>E</id><type>text</type><desc><![CDATA[普通感冒]]></desc></option></options><answers><![CDATA[D]]></answers></question><question><type>1</type><format>text</format><desc><![CDATA[28．小王外出时不慎被犬咬伤脚踝，伤口不深，未出血，此时应]]></desc><options><option><id>A</id><type>text</type><desc><![CDATA[不处理伤口]]></desc></option><option><id>B</id><type>text</type><desc><![CDATA[用清水擦拭伤口]]></desc></option><option><id>C</id><type>text</type><desc><![CDATA[用生理盐水擦拭伤口]]></desc></option><option><id>D</id><type>text</type><desc><![CDATA[用75%乙醇消毒伤口]]></desc></option><option><id>E</id><type>text</type><desc><![CDATA[用肥皂水反复冲洗伤口，注射狂犬疫苗]]></desc></option></options><answers><![CDATA[E]]></answers></question><question><type>1</type><format>html</format><desc><![CDATA[29．患者，男，30岁，急起发热4天，伴头痛、腰痛、全身乏力，体格检查：T38℃，P120次/分，R28次/分，BP50/40mmHg，神清，眼结合膜充血，上胸部发现散在针尖大小出血点。WBC32×10<sup>9</sup>/L，尿蛋白(+++)。首先考虑该患者是]]></desc><options><option><id>A</id><type>text</type><desc><![CDATA[急性肾盂肾炎]]></desc></option><option><id>B</id><type>text</type><desc><![CDATA[肾病综合征]]></desc></option><option><id>C</id><type>text</type><desc><![CDATA[流行性感冒]]></desc></option><option><id>D</id><type>text</type><desc><![CDATA[人感染高致病性禽流感]]></desc></option><option><id>E</id><type>text</type><desc><![CDATA[肾综合征出血热]]></desc></option></options><answers><![CDATA[E]]></answers></question><question><type>1</type><format>text</format><desc><![CDATA[30．患者，女，51岁，5天前突起畏寒、发热，体温38.5～39.5℃，伴有头痛、腰痛，当地医院按上呼吸道感染治疗，病情无好转。体格检查：T38.5℃、P98次/min、R20次/min、BP60/50mmHg，神清，球结合膜充血，腋下皮肤可见数个出血点，咽部充血，脑膜刺激征（‒）。尿蛋白：（++++）。拟诊：肾综合征出血热。预防肾综合征出血热的关键是]]></desc><options><option><id>A</id><type>text</type><desc><![CDATA[隔离病人]]></desc></option><option><id>B</id><type>text</type><desc><![CDATA[消毒环境]]></desc></option><option><id>C</id><type>text</type><desc><![CDATA[防鼠灭鼠]]></desc></option><option><id>D</id><type>text</type><desc><![CDATA[预防接种]]></desc></option><option><id>E</id><type>text</type><desc><![CDATA[个人防护]]></desc></option></options><answers><![CDATA[C]]></answers></question><question><type>1</type><format>html</format><desc><![CDATA[31．患儿，女，2岁，高热、呕吐、嗜睡3天、频繁抽搐30min，于2003年8月20日住院。体格检查：体温40℃，脑膜刺激征（＋）。实验室检查：WBC16×10<sup>9</sup>//L，N86%。脑脊液微混，压力增高，细胞数正常，糖正常，氯化物正常，蛋白轻度增多。拟诊：流行性乙型脑炎。预防乙脑流行的综合性预防措施中最主要的是]]></desc><options><option><id>A</id><type>text</type><desc><![CDATA[控制和管理好病人]]></desc></option><option><id>B</id><type>text</type><desc><![CDATA[控制和管理好病猪]]></desc></option><option><id>C</id><type>text</type><desc><![CDATA[防蚊、灭蚊]]></desc></option><option><id>D</id><type>text</type><desc><![CDATA[接种乙脑疫苗]]></desc></option><option><id>E</id><type>text</type><desc><![CDATA[防蚊、灭蚊和接种乙脑疫苗]]></desc></option></options><answers><![CDATA[E]]></answers></question><question><type>1</type><format>text</format><desc><![CDATA[32．某地区近年来每逢夏季就有乙脑流行，多见于儿童。乙脑最严重的临床表现是]]></desc><options><option><id>A</id><type>text</type><desc><![CDATA[高热]]></desc></option><option><id>B</id><type>text</type><desc><![CDATA[意识障碍]]></desc></option><option><id>C</id><type>text</type><desc><![CDATA[惊厥]]></desc></option><option><id>D</id><type>text</type><desc><![CDATA[呼吸衰竭]]></desc></option><option><id>E</id><type>text</type><desc><![CDATA[脑膜刺激征阳性]]></desc></option></options><answers><![CDATA[D]]></answers></question></questions></exam>