﻿<?xml version="1.0" encoding="UTF-8"?><exam><id>20181116091934</id><questions><instructions><![CDATA[A1型题]]></instructions><question><type>1</type><format>text</format><desc><![CDATA[1.在学习完医院的分类知识后，护士应明确属于我国城市医疗卫生网中的一级医院的是]]></desc><options><option><id>A</id><type>text</type><desc><![CDATA[区级中心医院]]></desc></option><option><id>B</id><type>text</type><desc><![CDATA[卫生学校]]></desc></option><option><id>C</id><type>text</type><desc><![CDATA[市妇幼保健所]]></desc></option><option><id>D</id><type>text</type><desc><![CDATA[街道卫生院]]></desc></option><option><id>E</id><type>text</type><desc><![CDATA[医学院的附属医院]]></desc></option></options><answers><![CDATA[D]]></answers></question><question><type>1</type><format>text</format><desc><![CDATA[2.关于平衡与稳定的问题时，叙述正确的是]]></desc><options><option><id>A</id><type>text</type><desc><![CDATA[物体的平衡与稳定是由其重量、支撑面的大小、重心的高低等决定的]]></desc></option><option><id>B</id><type>text</type><desc><![CDATA[稳定性与重量成反比]]></desc></option><option><id>C</id><type>text</type><desc><![CDATA[重力线落在支撑面内不稳定]]></desc></option><option><id>D</id><type>text</type><desc><![CDATA[稳定性与支撑面的大小成反比]]></desc></option><option><id>E</id><type>text</type><desc><![CDATA[稳定性与重心的高度成正比]]></desc></option></options><answers><![CDATA[A]]></answers></question><question><type>1</type><format>text</format><desc><![CDATA[3.人体力学在护理工作中应用的目的是]]></desc><options><option><id>A</id><type>text</type><desc><![CDATA[使病人获得妥善护理，增加舒适和安全]]></desc></option><option><id>B</id><type>text</type><desc><![CDATA[减小能量的消耗，提高工作效率]]></desc></option><option><id>C</id><type>text</type><desc><![CDATA[减小肌肉的张力，避免畸形的发生]]></desc></option><option><id>D</id><type>text</type><desc><![CDATA[加大支撑面，减小局部压强，避免压疮的发生]]></desc></option><option><id>E</id><type>text</type><desc><![CDATA[以上均是]]></desc></option></options><answers><![CDATA[E]]></answers></question><question><type>1</type><format>text</format><desc><![CDATA[4.某医院老年科护士小王在应用人体力学原则处理病人卧位时，正确的行为是]]></desc><options><option><id>A</id><type>text</type><desc><![CDATA[减小支撑面]]></desc></option><option><id>B</id><type>text</type><desc><![CDATA[增大局部压强]]></desc></option><option><id>C</id><type>text</type><desc><![CDATA[降低重心]]></desc></option><option><id>D</id><type>text</type><desc><![CDATA[升高重心]]></desc></option><option><id>E</id><type>text</type><desc><![CDATA[身体空隙处不给予支撑]]></desc></option></options><answers><![CDATA[C]]></answers></question><question><type>1</type><format>text</format><desc><![CDATA[5.在一次科室组织的关于“应用人体力学原理指导护理工作”的讨论会上，下列护士进行了发言，其中正确的是]]></desc><options><option><id>A</id><type>text</type><desc><![CDATA[护士甲：工作时，肘部尽可能远离躯干两侧]]></desc></option><option><id>B</id><type>text</type><desc><![CDATA[护士乙：工作台的高度越低越好]]></desc></option><option><id>C</id><type>text</type><desc><![CDATA[护士丙：物品尽可能提取，不可推动或拉动]]></desc></option><option><id>D</id><type>text</type><desc><![CDATA[护士丁：工作时下肢要前后或左右分开，两膝稍曲]]></desc></option><option><id>E</id><type>text</type><desc><![CDATA[护士戊：尽可能用小肌肉工作]]></desc></option></options><answers><![CDATA[D]]></answers></question></questions><questions><instructions><![CDATA[A2型题]]></instructions><question><type>1</type><format>text</format><desc><![CDATA[6.护理专业学生小张在某市一家三甲医院实习，在实习的第1天，带教老师问小张医院的中心任务是什么，正确的回答是]]></desc><options><option><id>A</id><type>text</type><desc><![CDATA[以预防为中心]]></desc></option><option><id>B</id><type>text</type><desc><![CDATA[以康复为中心]]></desc></option><option><id>C</id><type>text</type><desc><![CDATA[以医疗为中心]]></desc></option><option><id>D</id><type>text</type><desc><![CDATA[以科研为中心]]></desc></option><option><id>E</id><type>text</type><desc><![CDATA[以教学为中心]]></desc></option></options><answers><![CDATA[C]]></answers></question><question><type>1</type><format>text</format><desc><![CDATA[7.护理专业学生小王在学完医院种类的内容后，应该明确下列按国家分级管理制度划分的是]]></desc><options><option><id>A</id><type>text</type><desc><![CDATA[综合性医院]]></desc></option><option><id>B</id><type>text</type><desc><![CDATA[一级医院]]></desc></option><option><id>C</id><type>text</type><desc><![CDATA[企业医院]]></desc></option><option><id>D</id><type>text</type><desc><![CDATA[全民所有制医院]]></desc></option><option><id>E</id><type>text</type><desc><![CDATA[中外合资医院]]></desc></option></options><answers><![CDATA[B]]></answers></question><question><type>1</type><format>text</format><desc><![CDATA[8.病人，男，55岁，文盲，因头晕头痛来医院就诊。对前来就诊的病人，门诊护士首先应进行]]></desc><options><option><id>A</id><type>text</type><desc><![CDATA[查阅病历资料]]></desc></option><option><id>B</id><type>text</type><desc><![CDATA[预检分诊]]></desc></option><option><id>C</id><type>text</type><desc><![CDATA[卫生指导]]></desc></option><option><id>D</id><type>text</type><desc><![CDATA[心理安慰]]></desc></option><option><id>E</id><type>text</type><desc><![CDATA[用药指导]]></desc></option></options><answers><![CDATA[B]]></answers></question><question><type>1</type><format>text</format><desc><![CDATA[9.病人，男，65岁。护士在巡视候诊大厅时发现该病人独自就诊，持续咳嗽，呼吸急促，面色潮红。经询问，病人主诉发烧2天。护士首先应]]></desc><options><option><id>A</id><type>text</type><desc><![CDATA[立即扶病人坐下]]></desc></option><option><id>B</id><type>text</type><desc><![CDATA[将病人带至发热门诊]]></desc></option><option><id>C</id><type>text</type><desc><![CDATA[详细询问病人病史]]></desc></option><option><id>D</id><type>text</type><desc><![CDATA[向医务科汇报]]></desc></option><option><id>E</id><type>text</type><desc><![CDATA[通知病人家属来院]]></desc></option></options><answers><![CDATA[B]]></answers></question><question><type>1</type><format>text</format><desc><![CDATA[10.病人，男，55岁。因“食欲不佳，胃部不适”来门诊就诊。候诊时病人突然感到腹痛难忍，头冒冷汗，四肢冰冷，呼吸急促。门诊护士应]]></desc><options><option><id>A</id><type>text</type><desc><![CDATA[协助病人平卧候诊]]></desc></option><option><id>B</id><type>text</type><desc><![CDATA[安抚病人，劝其耐心等候]]></desc></option><option><id>C</id><type>text</type><desc><![CDATA[安排病人提前就诊]]></desc></option><option><id>D</id><type>text</type><desc><![CDATA[给予病人镇痛剂缓解疼痛]]></desc></option><option><id>E</id><type>text</type><desc><![CDATA[请医生加速诊治前面病人]]></desc></option></options><answers><![CDATA[C]]></answers></question><question><type>1</type><format>text</format><desc><![CDATA[11.护士在候诊室巡视时，发现一年轻女病人精神不振，询问后病人诉肝区隐痛，疲乏，食欲差，双眼巩膜黄染。检查：尿三胆（++）。护士应]]></desc><options><option><id>A</id><type>text</type><desc><![CDATA[转急诊室诊治]]></desc></option><option><id>B</id><type>text</type><desc><![CDATA[安排提前就诊]]></desc></option><option><id>C</id><type>text</type><desc><![CDATA[将病人转隔离门诊]]></desc></option><option><id>D</id><type>text</type><desc><![CDATA[给病人测量生命体征]]></desc></option><option><id>E</id><type>text</type><desc><![CDATA[安慰病人，不要着急焦虑]]></desc></option></options><answers><![CDATA[C]]></answers></question><question><type>1</type><format>text</format><desc><![CDATA[12.病人，男，37岁。因车祸致右下肢外伤，伤口大量出血，被送入急诊室，在医生未到之前，值班护士首先应]]></desc><options><option><id>A</id><type>text</type><desc><![CDATA[通知病房，准备暂空床]]></desc></option><option><id>B</id><type>text</type><desc><![CDATA[详细询问发生车祸的原因]]></desc></option><option><id>C</id><type>text</type><desc><![CDATA[向保卫部门报告车祸的情况]]></desc></option><option><id>D</id><type>text</type><desc><![CDATA[注射镇痛剂，减轻伤口疼痛]]></desc></option><option><id>E</id><type>text</type><desc><![CDATA[止血，测血压，配血，建立静脉通道]]></desc></option></options><answers><![CDATA[E]]></answers></question><question><type>1</type><format>text</format><desc><![CDATA[13.病人，女，29岁。因车祸致肝脾破裂，失血性休克，被送入急诊室抢救。急诊护士在抢救过程中，正确的是]]></desc><options><option><id>A</id><type>text</type><desc><![CDATA[任何情况下，护士不执行口头医嘱]]></desc></option><option><id>B</id><type>text</type><desc><![CDATA[输液瓶、输血袋用后及时按医用垃圾处理]]></desc></option><option><id>C</id><type>text</type><desc><![CDATA[急救药品的空安瓿经病人检查后方可丢弃]]></desc></option><option><id>D</id><type>text</type><desc><![CDATA[抢救完毕，请医生第2天补写医嘱与处方]]></desc></option><option><id>E</id><type>text</type><desc><![CDATA[口头医嘱向医生复述一遍，经双方确认无误后方可执行]]></desc></option></options><answers><![CDATA[E]]></answers></question><question><type>1</type><format>text</format><desc><![CDATA[14.病人，女，58岁。向护士反映病室人员嘈杂，影响休息。最恰当的护理措施是]]></desc><options><option><id>A</id><type>text</type><desc><![CDATA[提供安眠药，促进病人入睡]]></desc></option><option><id>B</id><type>text</type><desc><![CDATA[做好心理护理，帮助病人适应环境]]></desc></option><option><id>C</id><type>text</type><desc><![CDATA[把治疗和护理全部集中在早晨进行]]></desc></option><option><id>D</id><type>text</type><desc><![CDATA[病室的门、窗、桌、椅脚钉上橡皮垫]]></desc></option><option><id>E</id><type>text</type><desc><![CDATA[做好其他病人的宣教工作，保持病室的安静]]></desc></option></options><answers><![CDATA[E]]></answers></question><question><type>1</type><format>text</format><desc><![CDATA[15.病人，男，70岁。小学文化，农民，既往有高血压、咳嗽的病史，近日咳嗽加重，入院诊断为慢性支气管炎、高血压。护士应调节病室温度范围为]]></desc><options><option><id>A</id><type>text</type><desc><![CDATA[15～16℃]]></desc></option><option><id>B</id><type>text</type><desc><![CDATA[16～18℃]]></desc></option><option><id>C</id><type>text</type><desc><![CDATA[18～22℃]]></desc></option><option><id>D</id><type>text</type><desc><![CDATA[22～24℃]]></desc></option><option><id>E</id><type>text</type><desc><![CDATA[24～26℃]]></desc></option></options><answers><![CDATA[D]]></answers></question><question><type>1</type><format>text</format><desc><![CDATA[16.病儿，女，4个月。诊断为喘息性支气管炎，近日病情缓解。应家属询问，护士指导婴儿室的适宜温度为]]></desc><options><option><id>A</id><type>text</type><desc><![CDATA[18～22℃]]></desc></option><option><id>B</id><type>text</type><desc><![CDATA[22～24℃]]></desc></option><option><id>C</id><type>text</type><desc><![CDATA[24～26℃]]></desc></option><option><id>D</id><type>text</type><desc><![CDATA[26～28℃]]></desc></option><option><id>E</id><type>text</type><desc><![CDATA[28～30℃]]></desc></option></options><answers><![CDATA[B]]></answers></question><question><type>1</type><format>text</format><desc><![CDATA[17.病人，女，30岁，因呼气性呼吸困难入院，诊断为支气管哮喘。护士为病人调节病室的相对湿度应维持在]]></desc><options><option><id>A</id><type>text</type><desc><![CDATA[20％～30％]]></desc></option><option><id>B</id><type>text</type><desc><![CDATA[30％～40％]]></desc></option><option><id>C</id><type>text</type><desc><![CDATA[40％～50％]]></desc></option><option><id>D</id><type>text</type><desc><![CDATA[50％～60％]]></desc></option><option><id>E</id><type>text</type><desc><![CDATA[60％～70％]]></desc></option></options><answers><![CDATA[D]]></answers></question><question><type>1</type><format>text</format><desc><![CDATA[18.护士小李在手术室工作，她应调节适宜的手术室温度和相对湿度是]]></desc><options><option><id>A</id><type>text</type><desc><![CDATA[16～18℃，50%～60%]]></desc></option><option><id>B</id><type>text</type><desc><![CDATA[18～20℃，55%～60%]]></desc></option><option><id>C</id><type>text</type><desc><![CDATA[20～22℃，50%～60%]]></desc></option><option><id>D</id><type>text</type><desc><![CDATA[22～24℃，50%～60%]]></desc></option><option><id>E</id><type>text</type><desc><![CDATA[24～26℃，55%～70%]]></desc></option></options><answers><![CDATA[D]]></answers></question><question><type>1</type><format>text</format><desc><![CDATA[19.护士甲，怀着满腔的热情投入到护理工作中，她应知道属于维护医院良好社会环境的措施是]]></desc><options><option><id>A</id><type>text</type><desc><![CDATA[病室保持适宜的温度和湿度]]></desc></option><option><id>B</id><type>text</type><desc><![CDATA[护士仪表大方，服装整洁]]></desc></option><option><id>C</id><type>text</type><desc><![CDATA[避免噪声，保持安静]]></desc></option><option><id>D</id><type>text</type><desc><![CDATA[建立良好护患关系]]></desc></option><option><id>E</id><type>text</type><desc><![CDATA[病室摆放绿色植物]]></desc></option></options><answers><![CDATA[D]]></answers></question><question><type>1</type><format>text</format><desc><![CDATA[20.学生小王在练习铺暂空床的操作，符合节力原则的是]]></desc><options><option><id>A</id><type>text</type><desc><![CDATA[操作前备齐用物并按顺序放置]]></desc></option><option><id>B</id><type>text</type><desc><![CDATA[操作中使用腕部力量]]></desc></option><option><id>C</id><type>text</type><desc><![CDATA[铺床角时两脚并列站齐]]></desc></option><option><id>D</id><type>text</type><desc><![CDATA[塞中单时身体保持站立位]]></desc></option><option><id>E</id><type>text</type><desc><![CDATA[铺大单时身体尽量远离床边]]></desc></option></options><answers><![CDATA[A]]></answers></question><question><type>1</type><format>text</format><desc><![CDATA[21.病人，男，48岁。脑外伤，在全麻下行颅内探查术。术后床单位应是]]></desc><options><option><id>A</id><type>text</type><desc><![CDATA[麻醉床，床中部和床上部各铺一橡胶单、中单]]></desc></option><option><id>B</id><type>text</type><desc><![CDATA[暂空床，床中部和床上部各铺一橡胶单、中单]]></desc></option><option><id>C</id><type>text</type><desc><![CDATA[暂空床，床中部和床尾部各铺一橡胶单、中单]]></desc></option><option><id>D</id><type>text</type><desc><![CDATA[麻醉床，床中部和床尾部各铺一橡胶单、中单]]></desc></option><option><id>E</id><type>text</type><desc><![CDATA[备用床，床中部和床上部各铺一橡胶单、中单]]></desc></option></options><answers><![CDATA[A]]></answers></question><question><type>1</type><format>text</format><desc><![CDATA[22.病人，男，38岁，因急性胰腺炎急诊手术后直接入住病房，护士为其准备床单位时操作正确的是]]></desc><options><option><id>A</id><type>text</type><desc><![CDATA[铺好备用床]]></desc></option><option><id>B</id><type>text</type><desc><![CDATA[将备用床改为暂空床]]></desc></option><option><id>C</id><type>text</type><desc><![CDATA[椅子置于接收病人一侧的床尾]]></desc></option><option><id>D</id><type>text</type><desc><![CDATA[在床头、床尾各铺一橡胶单和中单]]></desc></option><option><id>E</id><type>text</type><desc><![CDATA[枕头横立于床头，开口背门]]></desc></option></options><answers><![CDATA[E]]></answers></question><question><type>1</type><format>text</format><desc><![CDATA[23.病人，男，因右下肢开放性骨折于上午9时进入手术室，病区护士为其准备麻醉床，以下操作正确的是]]></desc><options><option><id>A</id><type>text</type><desc><![CDATA[更换清洁被单后再铺麻醉床]]></desc></option><option><id>B</id><type>text</type><desc><![CDATA[床头和床中部各铺一中单及橡胶单]]></desc></option><option><id>C</id><type>text</type><desc><![CDATA[盖被纵向三折于门同侧床边]]></desc></option><option><id>D</id><type>text</type><desc><![CDATA[枕头开口向门平放于床头]]></desc></option><option><id>E</id><type>text</type><desc><![CDATA[椅子放于盖被的对侧]]></desc></option></options><answers><![CDATA[A]]></answers></question></questions></exam>