﻿<?xml version="1.0" encoding="UTF-8"?><exam><id>20181116133417</id><questions><instructions><![CDATA[A2型题]]></instructions><question><type>2</type><format>text</format><desc><![CDATA[1.病人，男，62岁，既往有肝硬化病10余年。近2个月来感腹胀明显，心慌、气短，呼吸困难。查体：腹部膨隆，状如蛙腹。B超：大量腹水。此时护士应为病人取下列哪种卧位]]></desc><options><option><id>A</id><type>text</type><desc><![CDATA[平卧位]]></desc></option><option><id>B</id><type>text</type><desc><![CDATA[左侧卧位]]></desc></option><option><id>C</id><type>text</type><desc><![CDATA[右侧卧位]]></desc></option><option><id>D</id><type>text</type><desc><![CDATA[半坐卧位]]></desc></option><option><id>E</id><type>text</type><desc><![CDATA[端坐位]]></desc></option></options><answers><![CDATA[D]]></answers></question><question><type>2</type><format>text</format><desc><![CDATA[2.病人，男，52岁，患肝硬化5年。近来胸闷加重，呼吸困难，经心脏彩超检查发现心包积液立即收治入院。为缓解呼吸困难，病人应采取下列哪种卧位]]></desc><options><option><id>A</id><type>text</type><desc><![CDATA[平卧位]]></desc></option><option><id>B</id><type>text</type><desc><![CDATA[端坐卧位]]></desc></option><option><id>C</id><type>text</type><desc><![CDATA[俯卧位]]></desc></option><option><id>D</id><type>text</type><desc><![CDATA[膝胸卧位]]></desc></option><option><id>E</id><type>text</type><desc><![CDATA[头低脚高位]]></desc></option></options><answers><![CDATA[B]]></answers></question><question><type>2</type><format>text</format><desc><![CDATA[3.病人，男，35岁。因“头部外伤”急诊入院。现浅昏迷，CT提示颅内水肿，脑挫裂伤，在全麻下行颅内血肿清除术。术后第2天病人采取头高足低位目的是]]></desc><options><option><id>A</id><type>text</type><desc><![CDATA[促进排痰]]></desc></option><option><id>B</id><type>text</type><desc><![CDATA[利于呼吸]]></desc></option><option><id>C</id><type>text</type><desc><![CDATA[便于观察瞳孔]]></desc></option><option><id>D</id><type>text</type><desc><![CDATA[促进引流]]></desc></option><option><id>E</id><type>text</type><desc><![CDATA[预防脑水肿]]></desc></option></options><answers><![CDATA[E]]></answers></question><question><type>2</type><format>text</format><desc><![CDATA[4.病人，男，38岁，因车祸受伤急诊入院。目前诊断为失血性休克。查体：血压70/50mmHg，此时病人最适宜的体位是下列哪种]]></desc><options><option><id>A</id><type>text</type><desc><![CDATA[中凹卧位]]></desc></option><option><id>B</id><type>text</type><desc><![CDATA[头高足低位]]></desc></option><option><id>C</id><type>text</type><desc><![CDATA[去枕仰卧位]]></desc></option><option><id>D</id><type>text</type><desc><![CDATA[侧卧位]]></desc></option><option><id>E</id><type>text</type><desc><![CDATA[头低足高位]]></desc></option></options><answers><![CDATA[A]]></answers></question><question><type>2</type><format>text</format><desc><![CDATA[5.病人，男，43岁。近2周来出现无痛性血尿，来院就诊需做膀胱镜检查。应协助其采用下列哪种卧位]]></desc><options><option><id>A</id><type>text</type><desc><![CDATA[仰卧位]]></desc></option><option><id>B</id><type>text</type><desc><![CDATA[侧卧位]]></desc></option><option><id>C</id><type>text</type><desc><![CDATA[半坐卧位]]></desc></option><option><id>D</id><type>text</type><desc><![CDATA[截石位]]></desc></option><option><id>E</id><type>text</type><desc><![CDATA[膝胸卧位]]></desc></option></options><answers><![CDATA[D]]></answers></question><question><type>2</type><format>text</format><desc><![CDATA[6.病人，女，25岁。车祸导致面部开放性伤口，经清创缝合后入院观察，此时应为其采取下列哪种卧位]]></desc><options><option><id>A</id><type>text</type><desc><![CDATA[膝胸卧位]]></desc></option><option><id>B</id><type>text</type><desc><![CDATA[俯卧位]]></desc></option><option><id>C</id><type>text</type><desc><![CDATA[半坐卧位]]></desc></option><option><id>D</id><type>text</type><desc><![CDATA[侧卧位]]></desc></option><option><id>E</id><type>text</type><desc><![CDATA[仰卧位]]></desc></option></options><answers><![CDATA[C]]></answers></question><question><type>2</type><format>text</format><desc><![CDATA[7.病人，男，65岁。因心脏病合并心力衰竭急诊入院，病人出现呼吸困难、发绀、恐惧、烦躁不安。为防止病人受伤应采取下列哪项保护措施]]></desc><options><option><id>A</id><type>text</type><desc><![CDATA[使用绷带]]></desc></option><option><id>B</id><type>text</type><desc><![CDATA[使用腹部约束带]]></desc></option><option><id>C</id><type>text</type><desc><![CDATA[使用肩部约束带]]></desc></option><option><id>D</id><type>text</type><desc><![CDATA[使用双膝固定防止坠床]]></desc></option><option><id>E</id><type>text</type><desc><![CDATA[使用双侧床档防止坠床]]></desc></option></options><answers><![CDATA[E]]></answers></question><question><type>2</type><format>text</format><desc><![CDATA[8.病人，男，37岁。因急性胆囊炎行胆囊切除术后，术后带有引流管，护士为其翻身侧卧时，下列哪项做法是正确的]]></desc><options><option><id>A</id><type>text</type><desc><![CDATA[病人应侧卧于健侧]]></desc></option><option><id>B</id><type>text</type><desc><![CDATA[翻身前必须夹紧引流管]]></desc></option><option><id>C</id><type>text</type><desc><![CDATA[翻身后更换伤口敷料]]></desc></option><option><id>D</id><type>text</type><desc><![CDATA[翻身后上腿稍伸直，下腿弯曲]]></desc></option><option><id>E</id><type>text</type><desc><![CDATA[护士着力点分别在肩、腰、臀和膝部]]></desc></option></options><answers><![CDATA[E]]></answers></question><question><type>2</type><format>text</format><desc><![CDATA[9.病人，女，56岁，有“冠心病病史”2年。近1周因工作繁重出现胸前区压榨样疼痛，其疼痛的原因是]]></desc><options><option><id>A</id><type>text</type><desc><![CDATA[物理刺激]]></desc></option><option><id>B</id><type>text</type><desc><![CDATA[心理因素]]></desc></option><option><id>C</id><type>text</type><desc><![CDATA[温度刺激]]></desc></option><option><id>D</id><type>text</type><desc><![CDATA[病理改变]]></desc></option><option><id>E</id><type>text</type><desc><![CDATA[化学刺激]]></desc></option></options><answers><![CDATA[D]]></answers></question><question><type>2</type><format>text</format><desc><![CDATA[10.患儿，5岁，因左下肢骨癌住院。为准确评估其患肢疼痛程度，哪种评估工具是最好的选择]]></desc><options><option><id>A</id><type>text</type><desc><![CDATA[面部表情疼痛评定法]]></desc></option><option><id>B</id><type>text</type><desc><![CDATA[文字描述评定法]]></desc></option><option><id>C</id><type>text</type><desc><![CDATA[数字评分法]]></desc></option><option><id>D</id><type>text</type><desc><![CDATA[视觉模拟评分法]]></desc></option><option><id>E</id><type>text</type><desc><![CDATA[Prince-Henry评分法]]></desc></option></options><answers><![CDATA[A]]></answers></question><question><type>2</type><format>text</format><desc><![CDATA[11.病人，男，68岁，有“肩周炎3年”。下列哪种适合为该病人解除疼痛]]></desc><options><option><id>A</id><type>text</type><desc><![CDATA[口服布洛芬]]></desc></option><option><id>B</id><type>text</type><desc><![CDATA[湿热敷]]></desc></option><option><id>C</id><type>text</type><desc><![CDATA[自控镇痛泵]]></desc></option><option><id>D</id><type>text</type><desc><![CDATA[针灸]]></desc></option><option><id>E</id><type>text</type><desc><![CDATA[经皮神经电刺激疗法]]></desc></option></options><answers><![CDATA[E]]></answers></question><question><type>2</type><format>text</format><desc><![CDATA[12.病人，男，60岁，肝癌晚期住院治疗。病人述说：静卧时痛，翻身、咳嗽时加剧，不能忍受，睡眠受干扰，要求使用镇痛药。根据WHO的疼痛分级标准，该病人的疼痛级别为]]></desc><options><option><id>A</id><type>text</type><desc><![CDATA[无痛]]></desc></option><option><id>B</id><type>text</type><desc><![CDATA[轻度疼痛]]></desc></option><option><id>C</id><type>text</type><desc><![CDATA[中度疼痛]]></desc></option><option><id>D</id><type>text</type><desc><![CDATA[重度疼痛]]></desc></option><option><id>E</id><type>text</type><desc><![CDATA[剧痛]]></desc></option></options><answers><![CDATA[C]]></answers></question><question><type>2</type><format>html</format><desc><![CDATA[13.病人，女，68岁，胃癌切除术后伤口疼痛。护士为该病人进行健康教育<u><b>错误的</b></u>是]]></desc><options><option><id>A</id><type>text</type><desc><![CDATA[教导病人稍微夸大疼痛的程度]]></desc></option><option><id>B</id><type>text</type><desc><![CDATA[护士向病人解释疼痛的原因]]></desc></option><option><id>C</id><type>text</type><desc><![CDATA[向病人说明镇痛药的不良反应]]></desc></option><option><id>D</id><type>text</type><desc><![CDATA[教导病人使用评估疼痛工具]]></desc></option><option><id>E</id><type>text</type><desc><![CDATA[教会病人对疼痛的准确描述]]></desc></option></options><answers><![CDATA[A]]></answers></question><question><type>2</type><format>text</format><desc><![CDATA[14.病人，女，45岁，甲状腺囊肿切除术后。护士为其采取半坐卧位的目的是]]></desc><options><option><id>A</id><type>text</type><desc><![CDATA[减少伤口出血]]></desc></option><option><id>B</id><type>text</type><desc><![CDATA[减轻颈部肿胀]]></desc></option><option><id>C</id><type>text</type><desc><![CDATA[有利于伤口愈合]]></desc></option><option><id>D</id><type>text</type><desc><![CDATA[利于呼吸]]></desc></option><option><id>E</id><type>text</type><desc><![CDATA[减轻缝合处张力]]></desc></option></options><answers><![CDATA[A]]></answers></question><question><type>2</type><format>text</format><desc><![CDATA[15.病人，男，33岁，支气管扩张。查体：右侧肺底有痰鸣音。护士应为其采取何种卧位以促进炎性分泌物引流]]></desc><options><option><id>A</id><type>text</type><desc><![CDATA[半坐卧位]]></desc></option><option><id>B</id><type>text</type><desc><![CDATA[右侧头高足低位]]></desc></option><option><id>C</id><type>text</type><desc><![CDATA[左侧头高足低位]]></desc></option><option><id>D</id><type>text</type><desc><![CDATA[右侧头低足高位]]></desc></option><option><id>E</id><type>text</type><desc><![CDATA[左侧头低足高位]]></desc></option></options><answers><![CDATA[E]]></answers></question><question><type>2</type><format>text</format><desc><![CDATA[16.病人李某，行“胃大部切除术”后第1天，自感切口处剧烈疼痛，难以忍受。为缓解病人的疼痛，护士应给予下列哪项处置]]></desc><options><option><id>A</id><type>text</type><desc><![CDATA[报告医生，给予镇痛药物止痛]]></desc></option><option><id>B</id><type>text</type><desc><![CDATA[进行心理护理、松弛疗法]]></desc></option><option><id>C</id><type>text</type><desc><![CDATA[术后疼痛是正常现象，不予处置]]></desc></option><option><id>D</id><type>text</type><desc><![CDATA[对病人进行批评教育，让其忍耐]]></desc></option><option><id>E</id><type>text</type><desc><![CDATA[以上都不对]]></desc></option></options><answers><![CDATA[A]]></answers></question><question><type>2</type><format>text</format><desc><![CDATA[17.病人，男，65岁。因呼吸困难半月余，门诊以“右侧胸腔积液原因待查”收入住院。为改善病人呼吸困难症状，护士应协助其采取下列哪种卧位]]></desc><options><option><id>A</id><type>text</type><desc><![CDATA[仰卧位]]></desc></option><option><id>B</id><type>text</type><desc><![CDATA[健侧卧位]]></desc></option><option><id>C</id><type>text</type><desc><![CDATA[患侧卧位]]></desc></option><option><id>D</id><type>text</type><desc><![CDATA[屈膝仰卧位]]></desc></option><option><id>E</id><type>text</type><desc><![CDATA[半坐卧位]]></desc></option></options><answers><![CDATA[E]]></answers></question><question><type>2</type><format>text</format><desc><![CDATA[18.病人，女，患肝硬化伴食管、胃底静脉曲张。入院后不久病人主诉腹部不适、恶心，继而呕吐大量鲜血。查体：呼吸急促，脉搏细速，血压60/40mmHg，冷汗。此时护士应立即为病人采取下列哪种卧位]]></desc><options><option><id>A</id><type>text</type><desc><![CDATA[平卧位]]></desc></option><option><id>B</id><type>text</type><desc><![CDATA[仰卧屈膝位]]></desc></option><option><id>C</id><type>text</type><desc><![CDATA[中凹卧位]]></desc></option><option><id>D</id><type>text</type><desc><![CDATA[侧卧位]]></desc></option><option><id>E</id><type>text</type><desc><![CDATA[头低足高位]]></desc></option></options><answers><![CDATA[C]]></answers></question><question><type>2</type><format>text</format><desc><![CDATA[19.病人，女，66岁，体重98kg，因急性心肌梗死而急诊入院。入院查体：神志清楚，心率120次/min，律齐。心电图提示前壁广泛性缺血性改变。此时，护士最好给病人安置]]></desc><options><option><id>A</id><type>text</type><desc><![CDATA[仰卧位]]></desc></option><option><id>B</id><type>text</type><desc><![CDATA[俯卧位]]></desc></option><option><id>C</id><type>text</type><desc><![CDATA[半坐卧位]]></desc></option><option><id>D</id><type>text</type><desc><![CDATA[中凹卧位]]></desc></option><option><id>E</id><type>text</type><desc><![CDATA[头低足高位]]></desc></option></options><answers><![CDATA[A]]></answers></question><question><type>2</type><format>html</format><desc><![CDATA[20.病人，女，40岁。颅脑术后第3天，需更换卧位，下列表述<u><b>错误的</b></u>是]]></desc><options><option><id>A</id><type>text</type><desc><![CDATA[先将导管安置妥当再翻身]]></desc></option><option><id>B</id><type>text</type><desc><![CDATA[两人协助病人翻身]]></desc></option><option><id>C</id><type>text</type><desc><![CDATA[先换药，再翻身]]></desc></option><option><id>D</id><type>text</type><desc><![CDATA[注意节力原则]]></desc></option><option><id>E</id><type>text</type><desc><![CDATA[卧于患侧]]></desc></option></options><answers><![CDATA[E]]></answers></question></questions></exam>