﻿<?xml version="1.0" encoding="UTF-8"?><exam><id>20181116141953</id><questions><instructions><![CDATA[A1型题]]></instructions><question><type>1</type><format>html</format><desc><![CDATA[1.预防便秘以下护理措施<u><b>不当</b></u>的是]]></desc><options><option><id>A</id><type>text</type><desc><![CDATA[生活有规律，定时排便]]></desc></option><option><id>B</id><type>text</type><desc><![CDATA[多食富含粗纤维的食物]]></desc></option><option><id>C</id><type>text</type><desc><![CDATA[卧床病人定时给予便器]]></desc></option><option><id>D</id><type>text</type><desc><![CDATA[病情许可协助病人下床排便]]></desc></option><option><id>E</id><type>text</type><desc><![CDATA[定期采用简易通便法]]></desc></option></options><answers><![CDATA[E]]></answers></question><question><type>1</type><format>html</format><desc><![CDATA[2.下列关于正常尿液的描述，<u><b>错误的</b></u>是]]></desc><options><option><id>A</id><type>text</type><desc><![CDATA[每次尿量约200～400ml]]></desc></option><option><id>B</id><type>text</type><desc><![CDATA[澄清、透明]]></desc></option><option><id>C</id><type>text</type><desc><![CDATA[呈弱酸性]]></desc></option><option><id>D</id><type>text</type><desc><![CDATA[新鲜尿液有氨臭味]]></desc></option><option><id>E</id><type>text</type><desc><![CDATA[尿比重为1.015～1.025]]></desc></option></options><answers><![CDATA[D]]></answers></question><question><type>1</type><format>html</format><desc><![CDATA[3.对排便失禁的病人护理<u><b>不妥的</b></u>是]]></desc><options><option><id>A</id><type>text</type><desc><![CDATA[尊重鼓励病人]]></desc></option><option><id>B</id><type>text</type><desc><![CDATA[保持肛周皮肤清洁]]></desc></option><option><id>C</id><type>text</type><desc><![CDATA[暂禁食]]></desc></option><option><id>D</id><type>text</type><desc><![CDATA[观察排便的表现]]></desc></option><option><id>E</id><type>text</type><desc><![CDATA[指导病人进行盆底肌收缩运动]]></desc></option></options><answers><![CDATA[C]]></answers></question><question><type>1</type><format>text</format><desc><![CDATA[4.给男病人导尿时，提起阴茎与腹壁成60°角是使]]></desc><options><option><id>A</id><type>text</type><desc><![CDATA[耻骨下弯消失]]></desc></option><option><id>B</id><type>text</type><desc><![CDATA[耻骨前弯消失]]></desc></option><option><id>C</id><type>text</type><desc><![CDATA[耻骨前弯扩大]]></desc></option><option><id>D</id><type>text</type><desc><![CDATA[耻骨下弯扩大]]></desc></option><option><id>E</id><type>text</type><desc><![CDATA[膀胱颈肌肉松弛]]></desc></option></options><answers><![CDATA[B]]></answers></question><question><type>1</type><format>text</format><desc><![CDATA[5.尿液呈酱油色的疾病是]]></desc><options><option><id>A</id><type>text</type><desc><![CDATA[阻塞性黄疸]]></desc></option><option><id>B</id><type>text</type><desc><![CDATA[急性溶血]]></desc></option><option><id>C</id><type>text</type><desc><![CDATA[丝虫病]]></desc></option><option><id>D</id><type>text</type><desc><![CDATA[肾结石]]></desc></option><option><id>E</id><type>text</type><desc><![CDATA[尿路感染]]></desc></option></options><answers><![CDATA[B]]></answers></question><question><type>1</type><format>html</format><desc><![CDATA[6.导尿注意事项的描述有<u><b>错误的</b></u>是]]></desc><options><option><id>A</id><type>text</type><desc><![CDATA[必须严格按无菌操作进行]]></desc></option><option><id>B</id><type>text</type><desc><![CDATA[注意保护病人的自尊]]></desc></option><option><id>C</id><type>text</type><desc><![CDATA[导尿管如误入阴道应立即拔出重新插入]]></desc></option><option><id>D</id><type>text</type><desc><![CDATA[动作轻柔避免损伤尿道黏膜]]></desc></option><option><id>E</id><type>text</type><desc><![CDATA[尿潴留病人导尿时首次放尿不应超过l000ml]]></desc></option></options><answers><![CDATA[C]]></answers></question><question><type>1</type><format>text</format><desc><![CDATA[7.消化道出血病人应注意观察大便的]]></desc><options><option><id>A</id><type>text</type><desc><![CDATA[形状]]></desc></option><option><id>B</id><type>text</type><desc><![CDATA[硬度]]></desc></option><option><id>C</id><type>text</type><desc><![CDATA[颜色]]></desc></option><option><id>D</id><type>text</type><desc><![CDATA[气味]]></desc></option><option><id>E</id><type>text</type><desc><![CDATA[量]]></desc></option></options><answers><![CDATA[C]]></answers></question><question><type>1</type><format>html</format><desc><![CDATA[8.护理尿潴留病人的措施中，<u><b>错误的</b></u>是]]></desc><options><option><id>A</id><type>text</type><desc><![CDATA[口服利尿剂]]></desc></option><option><id>B</id><type>text</type><desc><![CDATA[听流水声]]></desc></option><option><id>C</id><type>text</type><desc><![CDATA[温水冲洗会阴]]></desc></option><option><id>D</id><type>text</type><desc><![CDATA[安慰病人]]></desc></option><option><id>E</id><type>text</type><desc><![CDATA[按摩膀胱]]></desc></option></options><answers><![CDATA[A]]></answers></question><question><type>1</type><format>text</format><desc><![CDATA[9.帮助留置导尿病人锻炼膀胱反射功能的护理措施是]]></desc><options><option><id>A</id><type>text</type><desc><![CDATA[温水冲洗外阴2次/d]]></desc></option><option><id>B</id><type>text</type><desc><![CDATA[每周更换导尿管]]></desc></option><option><id>C</id><type>text</type><desc><![CDATA[间歇性夹闭和引流尿液]]></desc></option><option><id>D</id><type>text</type><desc><![CDATA[定时给病人翻身]]></desc></option><option><id>E</id><type>text</type><desc><![CDATA[鼓励病人多饮水]]></desc></option></options><answers><![CDATA[C]]></answers></question><question><type>1</type><format>html</format><desc><![CDATA[10.解除非尿路梗阻所致的尿潴留，<u><b>不宜</b></u>先采用]]></desc><options><option><id>A</id><type>text</type><desc><![CDATA[下腹部热敷]]></desc></option><option><id>B</id><type>text</type><desc><![CDATA[按摩下腹部]]></desc></option><option><id>C</id><type>text</type><desc><![CDATA[听流水声]]></desc></option><option><id>D</id><type>text</type><desc><![CDATA[温水洗外阴]]></desc></option><option><id>E</id><type>text</type><desc><![CDATA[导尿术]]></desc></option></options><answers><![CDATA[E]]></answers></question></questions><questions><instructions><![CDATA[A2型题]]></instructions><question><type>2</type><format>text</format><desc><![CDATA[11.病人，女，30岁。今晨将行剖宫产术，术前为其留置尿管，并向其解释留置尿管的目的]]></desc><options><option><id>A</id><type>text</type><desc><![CDATA[避免术中出现尿潴留]]></desc></option><option><id>B</id><type>text</type><desc><![CDATA[避免术中出现尿失禁]]></desc></option><option><id>C</id><type>text</type><desc><![CDATA[便于切开子宫]]></desc></option><option><id>D</id><type>text</type><desc><![CDATA[避免术中误伤膀胱]]></desc></option><option><id>E</id><type>text</type><desc><![CDATA[减轻肾脏负担]]></desc></option></options><answers><![CDATA[D]]></answers></question><question><type>2</type><format>text</format><desc><![CDATA[12.陶女士，因直肠癌住院，遵医嘱做肠道手术前准备，护士的正确做法是]]></desc><options><option><id>A</id><type>text</type><desc><![CDATA[采用开塞露通便法]]></desc></option><option><id>B</id><type>text</type><desc><![CDATA[行小量不保留灌肠一次]]></desc></option><option><id>C</id><type>text</type><desc><![CDATA[行保留灌肠一次]]></desc></option><option><id>D</id><type>text</type><desc><![CDATA[行大量不保留灌肠一次]]></desc></option><option><id>E</id><type>text</type><desc><![CDATA[反复多次行大量不保留灌肠]]></desc></option></options><answers><![CDATA[E]]></answers></question><question><type>2</type><format>text</format><desc><![CDATA[13.病人，男，40岁，慢性细菌性痢疾。拟给予药物灌肠治疗。灌肠时，护士为该病人采取的卧位是]]></desc><options><option><id>A</id><type>text</type><desc><![CDATA[仰卧位]]></desc></option><option><id>B</id><type>text</type><desc><![CDATA[俯卧位]]></desc></option><option><id>C</id><type>text</type><desc><![CDATA[左侧卧位]]></desc></option><option><id>D</id><type>text</type><desc><![CDATA[右侧卧位]]></desc></option><option><id>E</id><type>text</type><desc><![CDATA[膝胸卧位]]></desc></option></options><answers><![CDATA[C]]></answers></question><question><type>2</type><format>text</format><desc><![CDATA[14.病人，男，48岁。因结肠癌入院，遵医嘱做术前肠道准备，灌肠过程中病人出现速脉，面色苍白，出冷汗，心慌气促，护士的正确处理措施是]]></desc><options><option><id>A</id><type>text</type><desc><![CDATA[移动肛管]]></desc></option><option><id>B</id><type>text</type><desc><![CDATA[停止灌肠]]></desc></option><option><id>C</id><type>text</type><desc><![CDATA[挤捏肛管]]></desc></option><option><id>D</id><type>text</type><desc><![CDATA[提高灌肠筒高度]]></desc></option><option><id>E</id><type>text</type><desc><![CDATA[嘱病人张口呼吸]]></desc></option><option><id>E</id><type>text</type><desc><![CDATA[采用开塞露通便法，排出粪便及气体]]></desc></option></options><answers><![CDATA[B]]></answers></question><question><type>2</type><format>html</format><desc><![CDATA[15.病人，女，47岁，肝昏迷。为病人灌肠时<u><b>不宜用</b></u>肥皂水，其原因是]]></desc><options><option><id>A</id><type>text</type><desc><![CDATA[防止发生腹胀]]></desc></option><option><id>B</id><type>text</type><desc><![CDATA[防止发生酸中毒]]></desc></option><option><id>C</id><type>text</type><desc><![CDATA[防止对肠黏膜的刺激]]></desc></option><option><id>D</id><type>text</type><desc><![CDATA[减少氨的产生与吸收]]></desc></option><option><id>E</id><type>text</type><desc><![CDATA[避免引起顽固性腹泻]]></desc></option></options><answers><![CDATA[D]]></answers></question><question><type>2</type><format>text</format><desc><![CDATA[16.病人，女，28岁。近日出现尿急、尿频，排出的新鲜尿液有氨臭味，提示为]]></desc><options><option><id>A</id><type>text</type><desc><![CDATA[尿毒症]]></desc></option><option><id>B</id><type>text</type><desc><![CDATA[膀胱炎]]></desc></option><option><id>C</id><type>text</type><desc><![CDATA[肾结石]]></desc></option><option><id>D</id><type>text</type><desc><![CDATA[肾积水]]></desc></option><option><id>E</id><type>text</type><desc><![CDATA[糖尿病酮症酸中毒]]></desc></option></options><answers><![CDATA[B]]></answers></question><question><type>2</type><format>text</format><desc><![CDATA[17.病人，男性，胃、十二指肠溃疡出血，病人大便呈]]></desc><options><option><id>A</id><type>text</type><desc><![CDATA[鲜红色]]></desc></option><option><id>B</id><type>text</type><desc><![CDATA[暗红色]]></desc></option><option><id>C</id><type>text</type><desc><![CDATA[柏油色]]></desc></option><option><id>D</id><type>text</type><desc><![CDATA[果酱色]]></desc></option><option><id>E</id><type>text</type><desc><![CDATA[黄褐色]]></desc></option></options><answers><![CDATA[C]]></answers></question><question><type>2</type><format>text</format><desc><![CDATA[18.病人，女，56岁。近日来出现咳嗽、打喷嚏时不自主排尿现象，这种现象称为]]></desc><options><option><id>A</id><type>text</type><desc><![CDATA[压力性尿失禁]]></desc></option><option><id>B</id><type>text</type><desc><![CDATA[反射性尿失禁]]></desc></option><option><id>C</id><type>text</type><desc><![CDATA[急迫性尿失禁]]></desc></option><option><id>D</id><type>text</type><desc><![CDATA[功能性尿失禁]]></desc></option><option><id>E</id><type>text</type><desc><![CDATA[部分尿失禁]]></desc></option></options><answers><![CDATA[A]]></answers></question><question><type>2</type><format>html</format><desc><![CDATA[19.病人，女，68岁。膀胱高度膨胀而又极度虚弱，为其导尿时，首次放尿的量<u><b>不应</b></u>超过]]></desc><options><option><id>A</id><type>text</type><desc><![CDATA[500ml]]></desc></option><option><id>B</id><type>text</type><desc><![CDATA[800ml]]></desc></option><option><id>C</id><type>text</type><desc><![CDATA[l000ml]]></desc></option><option><id>D</id><type>text</type><desc><![CDATA[1200ml]]></desc></option><option><id>E</id><type>text</type><desc><![CDATA[1500ml]]></desc></option></options><answers><![CDATA[C]]></answers></question><question><type>2</type><format>text</format><desc><![CDATA[20.病人，女，38岁，阻塞性黄疸，其粪便呈]]></desc><options><option><id>A</id><type>text</type><desc><![CDATA[米泔样便]]></desc></option><option><id>B</id><type>text</type><desc><![CDATA[鲜血便]]></desc></option><option><id>C</id><type>text</type><desc><![CDATA[柏油样便]]></desc></option><option><id>D</id><type>text</type><desc><![CDATA[陶土样便]]></desc></option><option><id>E</id><type>text</type><desc><![CDATA[果酱样便]]></desc></option></options><answers><![CDATA[D]]></answers></question></questions></exam>