﻿<?xml version="1.0" encoding="UTF-8"?><exam><id>20181116162129</id><questions><instructions><![CDATA[A1型题]]></instructions><question><type>1</type><format>html</format><desc><![CDATA[1.关于医嘱的解释，下列哪项<u><b>不正确</b></u>]]></desc><options><option><id>A</id><type>text</type><desc><![CDATA[临时医嘱一般只执行一次]]></desc></option><option><id>B</id><type>text</type><desc><![CDATA[长期备用医嘱有效时间在24小时以上]]></desc></option><option><id>C</id><type>text</type><desc><![CDATA[临时备用医嘱有效时间在24小时以内]]></desc></option><option><id>D</id><type>text</type><desc><![CDATA[长期备用医嘱需由医生注明停止时间]]></desc></option><option><id>E</id><type>text</type><desc><![CDATA[一般情况下不执行口头医嘱]]></desc></option></options><answers><![CDATA[C]]></answers></question><question><type>1</type><format>html</format><desc><![CDATA[2.护理病案<u><b>不包括</b></u>的内容是]]></desc><options><option><id>A</id><type>text</type><desc><![CDATA[病人入院护理评估单]]></desc></option><option><id>B</id><type>text</type><desc><![CDATA[医嘱单]]></desc></option><option><id>C</id><type>text</type><desc><![CDATA[护理计划单]]></desc></option><option><id>D</id><type>text</type><desc><![CDATA[住院病人护理评估单]]></desc></option><option><id>E</id><type>text</type><desc><![CDATA[病人出院护理评估单]]></desc></option></options><answers><![CDATA[B]]></answers></question><question><type>1</type><format>text</format><desc><![CDATA[3.临时备用医嘱，从医生开具医嘱时起有效时间是]]></desc><options><option><id>A</id><type>text</type><desc><![CDATA[22小时]]></desc></option><option><id>B</id><type>text</type><desc><![CDATA[20小时]]></desc></option><option><id>C</id><type>text</type><desc><![CDATA[18小时]]></desc></option><option><id>D</id><type>text</type><desc><![CDATA[14小时]]></desc></option><option><id>E</id><type>text</type><desc><![CDATA[12小时]]></desc></option></options><answers><![CDATA[E]]></answers></question><question><type>1</type><format>text</format><desc><![CDATA[4.体温单大便次数记录栏内※表示的意义是]]></desc><options><option><id>A</id><type>text</type><desc><![CDATA[未解便]]></desc></option><option><id>B</id><type>text</type><desc><![CDATA[便秘]]></desc></option><option><id>C</id><type>text</type><desc><![CDATA[大便失禁]]></desc></option><option><id>D</id><type>text</type><desc><![CDATA[腹泻]]></desc></option><option><id>E</id><type>text</type><desc><![CDATA[排便不规律]]></desc></option></options><answers><![CDATA[C]]></answers></question><question><type>1</type><format>html</format><desc><![CDATA[5.prn医嘱的执行方法，<u><b>不正确</b></u>的是]]></desc><options><option><id>A</id><type>text</type><desc><![CDATA[转抄在长期医嘱记录上，有效时间24小时以上]]></desc></option><option><id>B</id><type>text</type><desc><![CDATA[护士应准备执行单]]></desc></option><option><id>C</id><type>text</type><desc><![CDATA[执行时间必须符合医嘱要求的时间]]></desc></option><option><id>D</id><type>text</type><desc><![CDATA[每次执行后，必须在临时医嘱记录单上记录]]></desc></option><option><id>E</id><type>text</type><desc><![CDATA[医嘱长期未用，可自动停止]]></desc></option></options><answers><![CDATA[E]]></answers></question></questions><questions><instructions><![CDATA[A2型题]]></instructions><question><type>2</type><format>text</format><desc><![CDATA[6.护士小张交班后正在处理医嘱，她处理医嘱时应先执行]]></desc><options><option><id>A</id><type>text</type><desc><![CDATA[新开的长期医嘱]]></desc></option><option><id>B</id><type>text</type><desc><![CDATA[即刻医嘱]]></desc></option><option><id>C</id><type>text</type><desc><![CDATA[定期执行的医嘱]]></desc></option><option><id>D</id><type>text</type><desc><![CDATA[长期备用医嘱]]></desc></option><option><id>E</id><type>text</type><desc><![CDATA[停止医嘱]]></desc></option></options><answers><![CDATA[B]]></answers></question><question><type>2</type><format>text</format><desc><![CDATA[7.护士小李正在记录特别护理记录单，请问下列关于特别护理记录单的记录，正确的是]]></desc><options><option><id>A</id><type>text</type><desc><![CDATA[可用于一般病人的病情记录]]></desc></option><option><id>B</id><type>text</type><desc><![CDATA[出入液量每日记录一次]]></desc></option><option><id>C</id><type>text</type><desc><![CDATA[无需记录病人的脉搏和血压]]></desc></option><option><id>D</id><type>text</type><desc><![CDATA[上午七点至下午七点用红色水笔记录]]></desc></option><option><id>E</id><type>text</type><desc><![CDATA[上午七点至下午七点用蓝色水笔记录]]></desc></option></options><answers><![CDATA[E]]></answers></question><question><type>2</type><format>text</format><desc><![CDATA[8.护士小周正在处理医嘱，请问以下属于临时医嘱的是]]></desc><options><option><id>A</id><type>text</type><desc><![CDATA[哌替啶50mg，im，q6h，prn]]></desc></option><option><id>B</id><type>text</type><desc><![CDATA[转科]]></desc></option><option><id>C</id><type>text</type><desc><![CDATA[一级护理]]></desc></option><option><id>D</id><type>text</type><desc><![CDATA[流质饮食]]></desc></option><option><id>E</id><type>text</type><desc><![CDATA[地西泮5mg，im，sos]]></desc></option></options><answers><![CDATA[B]]></answers></question><question><type>2</type><format>text</format><desc><![CDATA[9.林医生查房后下达医嘱：阿托品0.5mg，H，st，请判断该医嘱是]]></desc><options><option><id>A</id><type>text</type><desc><![CDATA[长期医嘱]]></desc></option><option><id>B</id><type>text</type><desc><![CDATA[限时医嘱]]></desc></option><option><id>C</id><type>text</type><desc><![CDATA[长期备用医嘱]]></desc></option><option><id>D</id><type>text</type><desc><![CDATA[临时备用医嘱]]></desc></option><option><id>E</id><type>text</type><desc><![CDATA[即刻医嘱]]></desc></option></options><answers><![CDATA[E]]></answers></question><question><type>2</type><format>text</format><desc><![CDATA[10.主班护士小王白班下班前要书写交班记录，在下列病人中，她首先应该写]]></desc><options><option><id>A</id><type>text</type><desc><![CDATA[4床，病人甲，上午10时转呼吸科]]></desc></option><option><id>B</id><type>text</type><desc><![CDATA[18床，病人乙，上午9时入院]]></desc></option><option><id>C</id><type>text</type><desc><![CDATA[21床，病人丙，上午8时手术]]></desc></option><option><id>D</id><type>text</type><desc><![CDATA[25床，病人丁，下午行胸腔穿刺术]]></desc></option><option><id>E</id><type>text</type><desc><![CDATA[41床，病人戊，医嘱特级护理]]></desc></option></options><answers><![CDATA[A]]></answers></question><question><type>2</type><format>html</format><desc><![CDATA[11.护士小徐在记录体温单，请问她在体温单40～42℃栏内填写的内容<u><b>不包括</b></u>]]></desc><options><option><id>A</id><type>text</type><desc><![CDATA[转入时间]]></desc></option><option><id>B</id><type>text</type><desc><![CDATA[手术时间]]></desc></option><option><id>C</id><type>text</type><desc><![CDATA[分娩时间]]></desc></option><option><id>D</id><type>text</type><desc><![CDATA[首次治疗时间]]></desc></option><option><id>E</id><type>text</type><desc><![CDATA[死亡时间]]></desc></option></options><answers><![CDATA[D]]></answers></question><question><type>2</type><format>text</format><desc><![CDATA[12.呼吸内科，李先生今日出院，李先生出院后，护士应将病案整理后转交的保管部门是]]></desc><options><option><id>A</id><type>text</type><desc><![CDATA[保管室.]]></desc></option><option><id>B</id><type>text</type><desc><![CDATA[住院处]]></desc></option><option><id>C</id><type>text</type><desc><![CDATA[门诊部]]></desc></option><option><id>D</id><type>text</type><desc><![CDATA[病案室]]></desc></option><option><id>E</id><type>text</type><desc><![CDATA[质控室]]></desc></option></options><answers><![CDATA[D]]></answers></question><question><type>2</type><format>text</format><desc><![CDATA[13.王女士，50岁，入院后睡眠差，精神弱，医嘱安定5mg，po，sos，护士执行医嘱]]></desc><options><option><id>A</id><type>text</type><desc><![CDATA[可执行多次]]></desc></option><option><id>B</id><type>text</type><desc><![CDATA[需立即执行]]></desc></option><option><id>C</id><type>text</type><desc><![CDATA[过期尚未执行即失效]]></desc></option><option><id>D</id><type>text</type><desc><![CDATA[24小时以内都视为有效]]></desc></option><option><id>E</id><type>text</type><desc><![CDATA[在医生未注明失效时可随时执行]]></desc></option></options><answers><![CDATA[C]]></answers></question><question><type>2</type><format>html</format><desc><![CDATA[14.病人，女，35岁，胃炎多年，现胃痛难忍，10：00AM医生开医嘱“克洛曲，1片，sos”，此项医嘱的<u><b>失效</b></u>时间是]]></desc><options><option><id>A</id><type>text</type><desc><![CDATA[当日6：00PM]]></desc></option><option><id>B</id><type>text</type><desc><![CDATA[当日8：00PM]]></desc></option><option><id>C</id><type>text</type><desc><![CDATA[当日10：00PM]]></desc></option><option><id>D</id><type>text</type><desc><![CDATA[次日10：00AM]]></desc></option><option><id>E</id><type>text</type><desc><![CDATA[以医生注明时间为准]]></desc></option></options><answers><![CDATA[C]]></answers></question><question><type>2</type><format>text</format><desc><![CDATA[15.病人，女，36岁.子宫全切除术后第2天，主诉伤口疼痛无法入睡，医嘱：“地西泮10mg，im，st”,此项医嘱属于]]></desc><options><option><id>A</id><type>text</type><desc><![CDATA[应立即执行的临时医嘱]]></desc></option><option><id>B</id><type>text</type><desc><![CDATA[按时执行的长期医嘱]]></desc></option><option><id>C</id><type>text</type><desc><![CDATA[按时执行的临时医嘱]]></desc></option><option><id>D</id><type>text</type><desc><![CDATA[需要时可用的临时备用医嘱]]></desc></option><option><id>E</id><type>text</type><desc><![CDATA[需要时可用的长期医嘱]]></desc></option></options><answers><![CDATA[A]]></answers></question><question><type>2</type><format>text</format><desc><![CDATA[16.病人，男，23岁。生食毛蚶甲型病毒性肝炎，医嘱消化道隔离，此项医嘱属于]]></desc><options><option><id>A</id><type>text</type><desc><![CDATA[临时医嘱]]></desc></option><option><id>B</id><type>text</type><desc><![CDATA[长期医嘱]]></desc></option><option><id>C</id><type>text</type><desc><![CDATA[临时备用医嘱]]></desc></option><option><id>D</id><type>text</type><desc><![CDATA[长期备用医嘱]]></desc></option><option><id>E</id><type>text</type><desc><![CDATA[即可执行的医嘱]]></desc></option></options><answers><![CDATA[B]]></answers></question><question><type>2</type><format>text</format><desc><![CDATA[17.某病室病人入、出院情况、危重症病人病情变化、手术人数等内容都书写在日间病室交班报告中，书写人员一般是]]></desc><options><option><id>A</id><type>text</type><desc><![CDATA[护士长]]></desc></option><option><id>B</id><type>text</type><desc><![CDATA[药疗护士]]></desc></option><option><id>C</id><type>text</type><desc><![CDATA[主班护士]]></desc></option><option><id>D</id><type>text</type><desc><![CDATA[小组护士]]></desc></option><option><id>E</id><type>text</type><desc><![CDATA[高年资护士]]></desc></option></options><answers><![CDATA[C]]></answers></question><question><type>2</type><format>text</format><desc><![CDATA[18.病人赵女士，46岁。急性胆囊炎入院。病人住院期间，病案中排列在最前面的是]]></desc><options><option><id>A</id><type>text</type><desc><![CDATA[医嘱单]]></desc></option><option><id>B</id><type>text</type><desc><![CDATA[体温单]]></desc></option><option><id>C</id><type>text</type><desc><![CDATA[病程记录]]></desc></option><option><id>D</id><type>text</type><desc><![CDATA[病史和体格检查单]]></desc></option><option><id>E</id><type>text</type><desc><![CDATA[住院病案首页]]></desc></option></options><answers><![CDATA[B]]></answers></question><question><type>2</type><format>text</format><desc><![CDATA[19.李同学，14岁，阑尾切除术后回病房，医嘱哌替啶50mg，im，q6h，prn，正确执行时间]]></desc><options><option><id>A</id><type>text</type><desc><![CDATA[每6小时一次，连续使用]]></desc></option><option><id>B</id><type>text</type><desc><![CDATA[术后6小时使用一次]]></desc></option><option><id>C</id><type>text</type><desc><![CDATA[术后6小时一次，限用2次]]></desc></option><option><id>D</id><type>text</type><desc><![CDATA[术后6小时一次，限用3天]]></desc></option><option><id>E</id><type>text</type><desc><![CDATA[必要时用，两次间隔时间6小时]]></desc></option></options><answers><![CDATA[E]]></answers></question><question><type>2</type><format>text</format><desc><![CDATA[20.病人王先生住院治疗已1周，卧床未下地活动，护士可以在病人病历首页的体温单上见到]]></desc><options><option><id>A</id><type>text</type><desc><![CDATA[底栏填写的手术后日数]]></desc></option><option><id>B</id><type>text</type><desc><![CDATA[眉栏各项用红笔填写的内容]]></desc></option><option><id>C</id><type>text</type><desc><![CDATA[底栏“体重”一栏中记录为“卧床”]]></desc></option><option><id>D</id><type>text</type><desc><![CDATA[40～42℃栏内蓝色笔纵行填写手术时间]]></desc></option><option><id>E</id><type>text</type><desc><![CDATA[底栏用铅笔填写并注明计量单位的内容]]></desc></option></options><answers><![CDATA[C]]></answers></question></questions></exam>