﻿<?xml version="1.0" encoding="UTF-8"?><exam><id>20181116134040</id><questions><instructions><![CDATA[A1型题]]></instructions><question><type>1</type><format>html</format><desc><![CDATA[1.关于医院感染的描述，<u><b>不正确</b></u>的是]]></desc><options><option><id>A</id><type>text</type><desc><![CDATA[入院前处于潜伏期而在医院内发病，不属于医院感染]]></desc></option><option><id>B</id><type>text</type><desc><![CDATA[狭义医院感染的主要对象是住院病人]]></desc></option><option><id>C</id><type>text</type><desc><![CDATA[在住院期间发生的感染一定是医院感染]]></desc></option><option><id>D</id><type>text</type><desc><![CDATA[病人在出院后发病也可能是医院感染]]></desc></option><option><id>E</id><type>text</type><desc><![CDATA[医院感染的发病可发生在住院期间也可以发生在出院以后]]></desc></option></options><answers><![CDATA[C]]></answers></question><question><type>1</type><format>text</format><desc><![CDATA[2.医院感染必备的三个条件是]]></desc><options><option><id>A</id><type>text</type><desc><![CDATA[病人、医务人员、病人家属]]></desc></option><option><id>B</id><type>text</type><desc><![CDATA[感染源、传播途径、易感宿主]]></desc></option><option><id>C</id><type>text</type><desc><![CDATA[病原微生物、病原携带者、动物]]></desc></option><option><id>D</id><type>text</type><desc><![CDATA[病原微生物、病人、医院环境]]></desc></option><option><id>E</id><type>text</type><desc><![CDATA[病原微生物、接触、易感宿主]]></desc></option></options><answers><![CDATA[B]]></answers></question><question><type>1</type><format>text</format><desc><![CDATA[3.为了将沸点提高到105℃，煮沸消毒时可加入]]></desc><options><option><id>A</id><type>text</type><desc><![CDATA[碳酸氢钠]]></desc></option><option><id>B</id><type>text</type><desc><![CDATA[碳酸钙]]></desc></option><option><id>C</id><type>text</type><desc><![CDATA[亚硝酸钠]]></desc></option><option><id>D</id><type>text</type><desc><![CDATA[乳酸钠]]></desc></option><option><id>E</id><type>text</type><desc><![CDATA[氯化钠]]></desc></option></options><answers><![CDATA[A]]></answers></question><question><type>1</type><format>text</format><desc><![CDATA[4.下列处理中能达到灭菌效果的是]]></desc><options><option><id>A</id><type>text</type><desc><![CDATA[将水煮沸（达100℃）后经过5～10分钟]]></desc></option><option><id>B</id><type>text</type><desc><![CDATA[床垫、毛毯、被服暴晒6小时]]></desc></option><option><id>C</id><type>text</type><desc><![CDATA[用0.2%的过氧乙酸溶液浸泡手]]></desc></option><option><id>D</id><type>text</type><desc><![CDATA[2%戊二醛溶液浸泡金属器械及内镜10小时]]></desc></option><option><id>E</id><type>text</type><desc><![CDATA[用2%碘酊溶液在皮肤上涂擦2遍后用70%乙醇脱碘]]></desc></option></options><answers><![CDATA[D]]></answers></question><question><type>1</type><format>html</format><desc><![CDATA[5.关于无菌技术操作原则的描述，<u><b>不正确</b></u>的是]]></desc><options><option><id>A</id><type>text</type><desc><![CDATA[环境保持清洁，操作前半小时停止清扫]]></desc></option><option><id>B</id><type>text</type><desc><![CDATA[无菌物品一经取出，即使没有使用也不能放回无菌容器]]></desc></option><option><id>C</id><type>text</type><desc><![CDATA[一套无菌物品仅供一人使用]]></desc></option><option><id>D</id><type>text</type><desc><![CDATA[操作者面向无菌区，身体与无菌区保持一定距离]]></desc></option><option><id>E</id><type>text</type><desc><![CDATA[无菌物品在未被污染的情况下，有效期为14天]]></desc></option></options><answers><![CDATA[E]]></answers></question><question><type>1</type><format>text</format><desc><![CDATA[6.取用无菌溶液时，应首先检查]]></desc><options><option><id>A</id><type>text</type><desc><![CDATA[瓶盖有无松动]]></desc></option><option><id>B</id><type>text</type><desc><![CDATA[瓶身有无裂缝]]></desc></option><option><id>C</id><type>text</type><desc><![CDATA[瓶签是否正确]]></desc></option><option><id>D</id><type>text</type><desc><![CDATA[溶液有无变色]]></desc></option><option><id>E</id><type>text</type><desc><![CDATA[溶液有无絮状物]]></desc></option></options><answers><![CDATA[C]]></answers></question><question><type>1</type><format>text</format><desc><![CDATA[7.带无菌手套的操作方法，正确的是]]></desc><options><option><id>A</id><type>text</type><desc><![CDATA[手套内面为无菌区，应保持无菌]]></desc></option><option><id>B</id><type>text</type><desc><![CDATA[戴好手套的手可以接触手套的内侧面]]></desc></option><option><id>C</id><type>text</type><desc><![CDATA[未戴手套的手可以接触手套的外侧面]]></desc></option><option><id>D</id><type>text</type><desc><![CDATA[不可强拉手套边缘，以免破损]]></desc></option><option><id>E</id><type>text</type><desc><![CDATA[佩戴手套时可接触工作服袖口，以确保手套完全包覆衣袖]]></desc></option></options><answers><![CDATA[D]]></answers></question><question><type>1</type><format>text</format><desc><![CDATA[8.无菌持物钳的正确使用方法是]]></desc><options><option><id>A</id><type>text</type><desc><![CDATA[取放无菌持物钳时，将钳端闭合]]></desc></option><option><id>B</id><type>text</type><desc><![CDATA[无菌持物钳可用于夹取油纱布]]></desc></option><option><id>C</id><type>text</type><desc><![CDATA[钳端向上，用后立即返回]]></desc></option><option><id>D</id><type>text</type><desc><![CDATA[门诊应每周更换一次]]></desc></option><option><id>E</id><type>text</type><desc><![CDATA[一个容器内最多可放两把持物钳]]></desc></option></options><answers><![CDATA[A]]></answers></question><question><type>1</type><format>html</format><desc><![CDATA[9.关于隔离技术操作的描述，<u><b>不正确</b></u>的是]]></desc><options><option><id>A</id><type>text</type><desc><![CDATA[刷手法应每只手刷30秒，两遍共刷2分钟]]></desc></option><option><id>B</id><type>text</type><desc><![CDATA[取避污纸时，不可掀页撕取]]></desc></option><option><id>C</id><type>text</type><desc><![CDATA[穿隔离衣扣领口时，此时手已被污染]]></desc></option><option><id>D</id><type>text</type><desc><![CDATA[医用防护口罩能用6～8小时，一次性口罩不得超过4小时]]></desc></option><option><id>E</id><type>text</type><desc><![CDATA[穿隔离衣后不得进入清洁区]]></desc></option></options><answers><![CDATA[C]]></answers></question></questions><questions><instructions><![CDATA[A2型题]]></instructions><question><type>2</type><format>text</format><desc><![CDATA[10.病人，男，63岁。因慢性支气管炎急性发作入院。现病愈出院，其使用过的床垫的可采用的消毒方法是]]></desc><options><option><id>A</id><type>text</type><desc><![CDATA[浸泡消毒法]]></desc></option><option><id>B</id><type>text</type><desc><![CDATA[日光暴晒法]]></desc></option><option><id>C</id><type>text</type><desc><![CDATA[微波消毒法]]></desc></option><option><id>D</id><type>text</type><desc><![CDATA[干烤法]]></desc></option><option><id>E</id><type>text</type><desc><![CDATA[压力蒸汽灭菌法]]></desc></option></options><answers><![CDATA[B]]></answers></question><question><type>2</type><format>text</format><desc><![CDATA[11.病人，男，65岁。因间断咳嗽、咳痰6年，加重伴咯血1个月入院。入院后诊断为浸润型肺结核，给予肌注链霉素，口服异烟肼、利福平等治疗。该病人痰液的最佳处理方法是]]></desc><options><option><id>A</id><type>text</type><desc><![CDATA[消毒灵浸泡]]></desc></option><option><id>B</id><type>text</type><desc><![CDATA[酒精消毒]]></desc></option><option><id>C</id><type>text</type><desc><![CDATA[紫外线消毒]]></desc></option><option><id>D</id><type>text</type><desc><![CDATA[甲酚消毒]]></desc></option><option><id>E</id><type>text</type><desc><![CDATA[痰吐在纸上用火焚烧]]></desc></option></options><answers><![CDATA[E]]></answers></question><question><type>2</type><format>text</format><desc><![CDATA[12.病人，女，25岁。低热、呼吸困难、胸痛就医，诊断为浸润型肺结核。病人痊愈出院，对其携带的收音机拟采用的消毒方法是]]></desc><options><option><id>A</id><type>text</type><desc><![CDATA[电离辐射消毒]]></desc></option><option><id>B</id><type>text</type><desc><![CDATA[高压蒸汽灭菌]]></desc></option><option><id>C</id><type>text</type><desc><![CDATA[日光曝晒]]></desc></option><option><id>D</id><type>text</type><desc><![CDATA[环氧乙烷消毒]]></desc></option><option><id>E</id><type>text</type><desc><![CDATA[紫外线照射消毒]]></desc></option></options><answers><![CDATA[D]]></answers></question><question><type>2</type><format>html</format><desc><![CDATA[13.某护生在临床带教老师的指导下，正在进行无菌技术操作，其任务为铺无菌盘，铺好的无菌盘有效期<u><b>不应</b></u>超过]]></desc><options><option><id>A</id><type>text</type><desc><![CDATA[4小时]]></desc></option><option><id>B</id><type>text</type><desc><![CDATA[8小时]]></desc></option><option><id>C</id><type>text</type><desc><![CDATA[12小时]]></desc></option><option><id>D</id><type>text</type><desc><![CDATA[24小时]]></desc></option><option><id>E</id><type>text</type><desc><![CDATA[48小时]]></desc></option></options><answers><![CDATA[A]]></answers></question><question><type>2</type><format>text</format><desc><![CDATA[14.病人，女，32岁。因患乙型肝炎住感染科，护士告诉病人以下属于半污染区的是]]></desc><options><option><id>A</id><type>text</type><desc><![CDATA[医生值班室]]></desc></option><option><id>B</id><type>text</type><desc><![CDATA[病区内走廊]]></desc></option><option><id>C</id><type>text</type><desc><![CDATA[浴室]]></desc></option><option><id>D</id><type>text</type><desc><![CDATA[治疗室]]></desc></option><option><id>E</id><type>text</type><desc><![CDATA[病房]]></desc></option></options><answers><![CDATA[B]]></answers></question><question><type>2</type><format>text</format><desc><![CDATA[15.病人，男，35岁。诊断为“甲型肝炎”收住入院。护士护理病人穿过的隔离衣，被视为清洁部位的是]]></desc><options><option><id>A</id><type>text</type><desc><![CDATA[胸前]]></desc></option><option><id>B</id><type>text</type><desc><![CDATA[领口]]></desc></option><option><id>C</id><type>text</type><desc><![CDATA[背部]]></desc></option><option><id>D</id><type>text</type><desc><![CDATA[袖子]]></desc></option><option><id>E</id><type>text</type><desc><![CDATA[腰带以下]]></desc></option></options><answers><![CDATA[B]]></answers></question><question><type>2</type><format>text</format><desc><![CDATA[16.病人，女，45岁。因尿毒症行肾移植术，术后该病人应采取的隔离种类是]]></desc><options><option><id>A</id><type>text</type><desc><![CDATA[严密隔离]]></desc></option><option><id>B</id><type>text</type><desc><![CDATA[呼吸道隔离]]></desc></option><option><id>C</id><type>text</type><desc><![CDATA[消化道隔离]]></desc></option><option><id>D</id><type>text</type><desc><![CDATA[保护性隔离]]></desc></option><option><id>E</id><type>text</type><desc><![CDATA[血液-体液隔离]]></desc></option></options><answers><![CDATA[D]]></answers></question><question><type>2</type><format>text</format><desc><![CDATA[17.病人，男，30岁。因乏力、厌食、恶心、肝大、血清ALT升高就医，诊断为乙型肝炎，进行住院治疗。护士为病人抽取血标本后，刷洗双手的正确顺序为]]></desc><options><option><id>A</id><type>text</type><desc><![CDATA[前臂、手腕、手背、手掌、手指、指缝、指甲]]></desc></option><option><id>B</id><type>text</type><desc><![CDATA[手指、指缝、手背、手掌、手腕、前臂]]></desc></option><option><id>C</id><type>text</type><desc><![CDATA[前臂、手腕、手背、指甲、手掌、手背]]></desc></option><option><id>D</id><type>text</type><desc><![CDATA[前臂、手腕、手背、手指、手掌、指缝、指甲]]></desc></option><option><id>E</id><type>text</type><desc><![CDATA[手掌、手腕、手背、手指、前臂、指甲]]></desc></option></options><answers><![CDATA[A]]></answers></question><question><type>2</type><format>text</format><desc><![CDATA[18.病人，男，43岁。开放性肺结核、咳嗽、咳痰一周入院。护士在护理该病人时，应明确该病的传播途径是]]></desc><options><option><id>A</id><type>text</type><desc><![CDATA[直接接触传播]]></desc></option><option><id>B</id><type>text</type><desc><![CDATA[间接接触传播]]></desc></option><option><id>C</id><type>text</type><desc><![CDATA[消化道传播]]></desc></option><option><id>D</id><type>text</type><desc><![CDATA[共同媒介传播]]></desc></option><option><id>E</id><type>text</type><desc><![CDATA[空气传播]]></desc></option></options><answers><![CDATA[E]]></answers></question></questions></exam>