﻿<?xml version="1.0" encoding="UTF-8"?><exam><id>20181116152135</id><questions><instructions><![CDATA[A2型题]]></instructions><question><type>1</type><format>text</format><desc><![CDATA[1.病人仝某，补液1000ml，每分钟60滴，滴系数为15，从上午8时20分开始，估计何时可以滴完]]></desc><options><option><id>A</id><type>text</type><desc><![CDATA[11时30分]]></desc></option><option><id>B</id><type>text</type><desc><![CDATA[12时10分]]></desc></option><option><id>C</id><type>text</type><desc><![CDATA[12时30分]]></desc></option><option><id>D</id><type>text</type><desc><![CDATA[13时30分]]></desc></option><option><id>E</id><type>text</type><desc><![CDATA[14时10分]]></desc></option></options><answers><![CDATA[C]]></answers></question><question><type>1</type><format>text</format><desc><![CDATA[2.患儿王某输液不滴，护士观察后发现注射部位肿胀，疼痛，无回血，根据此情况，应采取的措施]]></desc><options><option><id>A</id><type>text</type><desc><![CDATA[拔针，立即另选血管穿刺]]></desc></option><option><id>B</id><type>text</type><desc><![CDATA[用力挤压输液管，直至输液流畅]]></desc></option><option><id>C</id><type>text</type><desc><![CDATA[抬高输液瓶位置]]></desc></option><option><id>D</id><type>text</type><desc><![CDATA[拔针，更换针头，重新穿刺]]></desc></option><option><id>E</id><type>text</type><desc><![CDATA[变化肢体位置]]></desc></option></options><answers><![CDATA[D]]></answers></question><question><type>1</type><format>text</format><desc><![CDATA[3.病人赵某，男，66岁，因病情需要行加压静脉输液。当护士去治疗室取物品回到病人床前时，发现病人呼吸困难，有严重发绀。病人自述胸闷、胸骨后疼痛、眩晕，护士立即给病人测量血压为75/55mmHg。护士应立即协助病人采取]]></desc><options><option><id>A</id><type>text</type><desc><![CDATA[右侧卧位]]></desc></option><option><id>B</id><type>text</type><desc><![CDATA[左侧卧位]]></desc></option><option><id>C</id><type>text</type><desc><![CDATA[仰卧位，头偏向一侧]]></desc></option><option><id>D</id><type>text</type><desc><![CDATA[半坐卧位]]></desc></option><option><id>E</id><type>text</type><desc><![CDATA[端坐位]]></desc></option></options><answers><![CDATA[B]]></answers></question><question><type>1</type><format>text</format><desc><![CDATA[4.病人，男，85岁，因心力衰竭导致肺水肿住院，用20%～30%乙醇湿化吸氧，作用是]]></desc><options><option><id>A</id><type>text</type><desc><![CDATA[增加迷走神经兴奋]]></desc></option><option><id>B</id><type>text</type><desc><![CDATA[增加外周阻力]]></desc></option><option><id>C</id><type>text</type><desc><![CDATA[降低肺泡表面张力]]></desc></option><option><id>D</id><type>text</type><desc><![CDATA[降低肺泡内泡沫表面张力]]></desc></option><option><id>E</id><type>text</type><desc><![CDATA[降低吸入气体中的细菌密度]]></desc></option></options><answers><![CDATA[D]]></answers></question><question><type>1</type><format>text</format><desc><![CDATA[5.病人王某在输血1个小时后，颜面部、腹部皮肤出现瘙痒和荨麻疹，病人发生了]]></desc><options><option><id>A</id><type>text</type><desc><![CDATA[过敏反应]]></desc></option><option><id>B</id><type>text</type><desc><![CDATA[发热反应]]></desc></option><option><id>C</id><type>text</type><desc><![CDATA[出血倾向]]></desc></option><option><id>D</id><type>text</type><desc><![CDATA[细菌污染反应]]></desc></option><option><id>E</id><type>text</type><desc><![CDATA[溶血反应]]></desc></option></options><answers><![CDATA[A]]></answers></question><question><type>1</type><format>text</format><desc><![CDATA[6.病人王某，在输液过程中自行将输液速度调整到90滴/min，导致呼吸困难，咳嗽，并咳出粉红色泡沫液痰，护士让病人取端坐卧位，两腿下垂，其目的是]]></desc><options><option><id>A</id><type>text</type><desc><![CDATA[改善呼吸]]></desc></option><option><id>B</id><type>text</type><desc><![CDATA[减少回心血量，减轻心脏负担]]></desc></option><option><id>C</id><type>text</type><desc><![CDATA[减轻组织水肿]]></desc></option><option><id>D</id><type>text</type><desc><![CDATA[改善血循环，减轻缺氧]]></desc></option><option><id>E</id><type>text</type><desc><![CDATA[减轻咳嗽症状]]></desc></option></options><answers><![CDATA[B]]></answers></question><question><type>1</type><format>text</format><desc><![CDATA[7.病人李某，静脉点滴青霉素30分钟后，突然寒战，继之高热，体温40℃，并伴有头痛、恶心、呕吐。判断此病人可能出现了哪种情况]]></desc><options><option><id>A</id><type>text</type><desc><![CDATA[发热反应]]></desc></option><option><id>B</id><type>text</type><desc><![CDATA[过敏反应]]></desc></option><option><id>C</id><type>text</type><desc><![CDATA[心脏负荷过重的反应]]></desc></option><option><id>D</id><type>text</type><desc><![CDATA[空气栓塞]]></desc></option><option><id>E</id><type>text</type><desc><![CDATA[细菌污染反应]]></desc></option></options><answers><![CDATA[A]]></answers></question><question><type>1</type><format>text</format><desc><![CDATA[8.病人张某，60岁，在输液过程中突然出现呼吸困难，气促，咳嗽，咳泡沫血痰等症状，这时护士给病人用20%～30%乙醇湿化吸氧，作用是]]></desc><options><option><id>A</id><type>text</type><desc><![CDATA[增加迷走神经兴奋]]></desc></option><option><id>B</id><type>text</type><desc><![CDATA[增加外周阻力]]></desc></option><option><id>C</id><type>text</type><desc><![CDATA[降低肺泡内泡沫表面张力]]></desc></option><option><id>D</id><type>text</type><desc><![CDATA[降低泡沫表面张力]]></desc></option><option><id>E</id><type>text</type><desc><![CDATA[降低吸入气体的细菌密度]]></desc></option></options><answers><![CDATA[C]]></answers></question><question><type>1</type><format>text</format><desc><![CDATA[9.病人张某，因车祸进行紧急抢救大量输血后，出现手足抽搐，心率缓慢，血压下降，请问可能发生的输血反应是]]></desc><options><option><id>A</id><type>text</type><desc><![CDATA[发热反应]]></desc></option><option><id>B</id><type>text</type><desc><![CDATA[过敏反应]]></desc></option><option><id>C</id><type>text</type><desc><![CDATA[急性肺水肿]]></desc></option><option><id>D</id><type>text</type><desc><![CDATA[溶血反应]]></desc></option><option><id>E</id><type>text</type><desc><![CDATA[枸橼酸钠中毒反应]]></desc></option></options><answers><![CDATA[E]]></answers></question><question><type>1</type><format>text</format><desc><![CDATA[10.病人李某，宫外孕大出血，遵医嘱给予输血，在输血过程中病人出现头痛、四肢麻木、腰背部剧痛，继而出现黄疸，血压下降等症状，该病人因为输血发生了]]></desc><options><option><id>A</id><type>text</type><desc><![CDATA[发热反应]]></desc></option><option><id>B</id><type>text</type><desc><![CDATA[过敏反应]]></desc></option><option><id>C</id><type>text</type><desc><![CDATA[溶血反应]]></desc></option><option><id>D</id><type>text</type><desc><![CDATA[枸橼酸钠中毒反应]]></desc></option><option><id>E</id><type>text</type><desc><![CDATA[出血反应]]></desc></option></options><answers><![CDATA[C]]></answers></question><question><type>1</type><format>text</format><desc><![CDATA[11.病人王某，45岁，因脾切除需要术中输入来自两个供血者共400ml的血液，手术室巡回护士输两袋血时必须]]></desc><options><option><id>A</id><type>text</type><desc><![CDATA[根据病情调节滴速，一般为40～60滴/min]]></desc></option><option><id>B</id><type>text</type><desc><![CDATA[在两袋血之间输入少量生理盐水]]></desc></option><option><id>C</id><type>text</type><desc><![CDATA[从血库取血后将血液加温后再输入]]></desc></option><option><id>D</id><type>text</type><desc><![CDATA[输血和取血均需两人核对无误才可输入]]></desc></option><option><id>E</id><type>text</type><desc><![CDATA[取血时，避免剧烈震荡]]></desc></option></options><answers><![CDATA[B]]></answers></question><question><type>1</type><format>text</format><desc><![CDATA[12.郭女士，34岁，因车祸致右股骨干骨折急诊入院，因病人失血较多，遵医嘱输血。在输血过程中，病人出现手足抽搐、血压下降、出血倾向。此病人可能出现的情况是]]></desc><options><option><id>A</id><type>text</type><desc><![CDATA[过敏反应]]></desc></option><option><id>B</id><type>text</type><desc><![CDATA[溶血反应]]></desc></option><option><id>C</id><type>text</type><desc><![CDATA[发热反应]]></desc></option><option><id>D</id><type>text</type><desc><![CDATA[休克]]></desc></option><option><id>E</id><type>text</type><desc><![CDATA[枸橼酸钠中毒反应]]></desc></option></options><answers><![CDATA[E]]></answers></question><question><type>1</type><format>text</format><desc><![CDATA[13.患儿杨某，2岁，拟需直接输血100ml，需准备枸橼酸钠生理盐水的浓度和量分别为]]></desc><options><option><id>A</id><type>text</type><desc><![CDATA[10%，40ml]]></desc></option><option><id>B</id><type>text</type><desc><![CDATA[10%，20ml]]></desc></option><option><id>C</id><type>text</type><desc><![CDATA[4%，10ml]]></desc></option><option><id>D</id><type>text</type><desc><![CDATA[15%，25ml]]></desc></option><option><id>E</id><type>text</type><desc><![CDATA[4%，30ml]]></desc></option></options><answers><![CDATA[C]]></answers></question><question><type>1</type><format>html</format><desc><![CDATA[14.病人刘某，慢性肾小球肾炎，因血气pH、[HCO<sub>3</sub><sup>-</sup>]、PCO<sub>2</sub>均不同程度下降，需输入下列哪种液体有助于维持其水电解质平衡]]></desc><options><option><id>A</id><type>text</type><desc><![CDATA[水解白蛋白]]></desc></option><option><id>B</id><type>text</type><desc><![CDATA[25%山梨醇]]></desc></option><option><id>C</id><type>text</type><desc><![CDATA[低分子右旋糖酐]]></desc></option><option><id>D</id><type>text</type><desc><![CDATA[5%碳酸氢钠]]></desc></option><option><id>E</id><type>text</type><desc><![CDATA[复方氯化钠]]></desc></option></options><answers><![CDATA[D]]></answers></question><question><type>1</type><format>text</format><desc><![CDATA[15.护士为一急需输血的病人输血时，为了尽早将血输给病人，便将血袋放在热水中提温，5分钟后为病人输入。当输入10分钟后，病人感到头部胀痛，并出现恶心呕吐，腰背部剧痛。此人最可能出现了的反应是]]></desc><options><option><id>A</id><type>text</type><desc><![CDATA[过敏反应]]></desc></option><option><id>B</id><type>text</type><desc><![CDATA[溶血反应]]></desc></option><option><id>C</id><type>text</type><desc><![CDATA[高钾血症]]></desc></option><option><id>D</id><type>text</type><desc><![CDATA[酸中毒]]></desc></option><option><id>E</id><type>text</type><desc><![CDATA[低血钙]]></desc></option></options><answers><![CDATA[B]]></answers></question><question><type>1</type><format>text</format><desc><![CDATA[16.病人李某，宫外孕大出血，遵医嘱给予输血，在输血过程中病人出现头痛、四肢麻木、腰背部剧痛，继而出现黄疸，血压下降等症状，此时病人尿液中可能会有]]></desc><options><option><id>A</id><type>text</type><desc><![CDATA[红细胞]]></desc></option><option><id>B</id><type>text</type><desc><![CDATA[大量白细胞]]></desc></option><option><id>C</id><type>text</type><desc><![CDATA[胆红素]]></desc></option><option><id>D</id><type>text</type><desc><![CDATA[淋巴液]]></desc></option><option><id>E</id><type>text</type><desc><![CDATA[血红蛋白]]></desc></option></options><answers><![CDATA[E]]></answers></question><question><type>1</type><format>text</format><desc><![CDATA[17.病人王某，因一氧化碳中毒而入院，医生给予王某静脉输入的血液制品种类是]]></desc><options><option><id>A</id><type>text</type><desc><![CDATA[新鲜血]]></desc></option><option><id>B</id><type>text</type><desc><![CDATA[新鲜血浆]]></desc></option><option><id>C</id><type>text</type><desc><![CDATA[洗涤红细胞]]></desc></option><option><id>D</id><type>text</type><desc><![CDATA[白细胞浓缩悬液]]></desc></option><option><id>E</id><type>text</type><desc><![CDATA[血小板浓缩液]]></desc></option></options><answers><![CDATA[C]]></answers></question><question><type>1</type><format>text</format><desc><![CDATA[18.病人林某，30岁，阑尾炎切除术后第2天，医嘱：5%复方氯化钠500ml，生理盐水250ml+头孢曲松钠2g静脉滴入，病人约好上午11点的检查，护士计划在10点30分将液体输完，以下输液方案可行的是（每毫升相当于15滴）]]></desc><options><option><id>A</id><type>text</type><desc><![CDATA[8点开始输液，75滴/min]]></desc></option><option><id>B</id><type>text</type><desc><![CDATA[8点半开始输液，85滴/min]]></desc></option><option><id>C</id><type>text</type><desc><![CDATA[9点开始输液，85滴/min]]></desc></option><option><id>D</id><type>text</type><desc><![CDATA[9点开始输液，95滴/min]]></desc></option><option><id>E</id><type>text</type><desc><![CDATA[8点开始输液，45滴/min]]></desc></option></options><answers><![CDATA[A]]></answers></question><question><type>1</type><format>text</format><desc><![CDATA[19.病人李某，在输血即将结束时，出现皮肤瘙痒，口唇水肿，继而喉头水肿、呼吸困难、两肺布满哮鸣音和湿啰音，导致的原因可能是]]></desc><options><option><id>A</id><type>text</type><desc><![CDATA[库存血取出后剧烈震荡]]></desc></option><option><id>B</id><type>text</type><desc><![CDATA[输血过快]]></desc></option><option><id>C</id><type>text</type><desc><![CDATA[供血者为过敏体质]]></desc></option><option><id>D</id><type>text</type><desc><![CDATA[输血器过期]]></desc></option><option><id>E</id><type>text</type><desc><![CDATA[一次输血量超过1000ml]]></desc></option></options><answers><![CDATA[C]]></answers></question><question><type>1</type><format>text</format><desc><![CDATA[20.患儿2岁，患肺炎入院。输液治疗，每分钟24滴，约30分钟后，巡视病房发现患儿呼吸困难加重、面部发绀，体温38℃。护士检查输液通路，发现茂菲滴管内液面自行下降，首先考虑患儿发生]]></desc><options><option><id>A</id><type>text</type><desc><![CDATA[肺水肿]]></desc></option><option><id>B</id><type>text</type><desc><![CDATA[心衰]]></desc></option><option><id>C</id><type>text</type><desc><![CDATA[空气栓塞]]></desc></option><option><id>D</id><type>text</type><desc><![CDATA[发热反应]]></desc></option><option><id>E</id><type>text</type><desc><![CDATA[以上都不是]]></desc></option></options><answers><![CDATA[C]]></answers></question></questions></exam>