﻿<?xml version="1.0" encoding="UTF-8"?><exam><id>20181116135813</id><questions><instructions><![CDATA[A1型题]]></instructions><question><type>1</type><format>html</format><desc><![CDATA[1.<u><b>不宜</b></u>用口腔测温的病人是]]></desc><options><option><id>A</id><type>text</type><desc><![CDATA[重度呼吸困难者]]></desc></option><option><id>B</id><type>text</type><desc><![CDATA[腹泻]]></desc></option><option><id>C</id><type>text</type><desc><![CDATA[坐浴后]]></desc></option><option><id>D</id><type>text</type><desc><![CDATA[直肠结核]]></desc></option><option><id>E</id><type>text</type><desc><![CDATA[心肌梗死]]></desc></option></options><answers><![CDATA[A]]></answers></question><question><type>1</type><format>text</format><desc><![CDATA[2.体温持续在39.0～40.0℃左右，达数日或数周，24小时波动范围不超过1.0℃。属于]]></desc><options><option><id>A</id><type>text</type><desc><![CDATA[稽留热]]></desc></option><option><id>B</id><type>text</type><desc><![CDATA[弛张热]]></desc></option><option><id>C</id><type>text</type><desc><![CDATA[间歇热]]></desc></option><option><id>D</id><type>text</type><desc><![CDATA[不规则热]]></desc></option><option><id>E</id><type>text</type><desc><![CDATA[波状热]]></desc></option></options><answers><![CDATA[A]]></answers></question><question><type>1</type><format>text</format><desc><![CDATA[3.失血性休克病人的脉搏特征是]]></desc><options><option><id>A</id><type>text</type><desc><![CDATA[间歇脉]]></desc></option><option><id>B</id><type>text</type><desc><![CDATA[绌脉]]></desc></option><option><id>C</id><type>text</type><desc><![CDATA[奇脉]]></desc></option><option><id>D</id><type>text</type><desc><![CDATA[洪脉]]></desc></option><option><id>E</id><type>text</type><desc><![CDATA[丝脉]]></desc></option></options><answers><![CDATA[E]]></answers></question><question><type>1</type><format>text</format><desc><![CDATA[4.吸气时出现脉搏显著减弱或消失的现象可见于]]></desc><options><option><id>A</id><type>text</type><desc><![CDATA[主动脉瓣关闭不全]]></desc></option><option><id>B</id><type>text</type><desc><![CDATA[心包积液]]></desc></option><option><id>C</id><type>text</type><desc><![CDATA[右心衰竭]]></desc></option><option><id>D</id><type>text</type><desc><![CDATA[冠心病]]></desc></option><option><id>E</id><type>text</type><desc><![CDATA[房室传导阻滞]]></desc></option></options><answers><![CDATA[B]]></answers></question><question><type>1</type><format>text</format><desc><![CDATA[5.呼吸增快常见于]]></desc><options><option><id>A</id><type>text</type><desc><![CDATA[高热]]></desc></option><option><id>B</id><type>text</type><desc><![CDATA[颅内疾病]]></desc></option><option><id>C</id><type>text</type><desc><![CDATA[安眠药中毒]]></desc></option><option><id>D</id><type>text</type><desc><![CDATA[呼吸中枢衰竭]]></desc></option><option><id>E</id><type>text</type><desc><![CDATA[老年人]]></desc></option></options><answers><![CDATA[A]]></answers></question><question><type>1</type><format>text</format><desc><![CDATA[6.喉头有异物，呼吸可呈]]></desc><options><option><id>A</id><type>text</type><desc><![CDATA[库斯莫呼吸]]></desc></option><option><id>B</id><type>text</type><desc><![CDATA[呼气性呼吸困难]]></desc></option><option><id>C</id><type>text</type><desc><![CDATA[鼾声呼吸]]></desc></option><option><id>D</id><type>text</type><desc><![CDATA[蝉鸣样呼吸]]></desc></option><option><id>E</id><type>text</type><desc><![CDATA[毕奥呼吸]]></desc></option></options><answers><![CDATA[D]]></answers></question><question><type>1</type><format>html</format><desc><![CDATA[7.下列<u><b>不会</b></u>使血压值升高的因素]]></desc><options><option><id>A</id><type>text</type><desc><![CDATA[睡眠不佳]]></desc></option><option><id>B</id><type>text</type><desc><![CDATA[寒冷环境]]></desc></option><option><id>C</id><type>text</type><desc><![CDATA[高热环境]]></desc></option><option><id>D</id><type>text</type><desc><![CDATA[兴奋]]></desc></option><option><id>E</id><type>text</type><desc><![CDATA[精神紧张]]></desc></option></options><answers><![CDATA[C]]></answers></question><question><type>1</type><format>text</format><desc><![CDATA[8.脉压增大主要见于]]></desc><options><option><id>A</id><type>text</type><desc><![CDATA[心包积液]]></desc></option><option><id>B</id><type>text</type><desc><![CDATA[心肌梗死]]></desc></option><option><id>C</id><type>text</type><desc><![CDATA[心动过速]]></desc></option><option><id>D</id><type>text</type><desc><![CDATA[动脉硬化]]></desc></option><option><id>E</id><type>text</type><desc><![CDATA[休克]]></desc></option></options><answers><![CDATA[D]]></answers></question></questions><questions><instructions><![CDATA[A2型题]]></instructions><question><type>2</type><format>text</format><desc><![CDATA[9.病人李女士,在测口腔温度时不慎咬破体温计，护士首先应采取的措施是]]></desc><options><option><id>A</id><type>text</type><desc><![CDATA[了解咬破体温计的原因]]></desc></option><option><id>B</id><type>text</type><desc><![CDATA[检查体温计破损程度]]></desc></option><option><id>C</id><type>text</type><desc><![CDATA[清除口腔内玻璃碎屑]]></desc></option><option><id>D</id><type>text</type><desc><![CDATA[让病人喝500ml牛奶]]></desc></option><option><id>E</id><type>text</type><desc><![CDATA[给予电动吸引洗胃]]></desc></option></options><answers><![CDATA[C]]></answers></question><question><type>2</type><format>html</format><desc><![CDATA[10.男性患儿,10岁，高热4天，行温水或乙醇拭浴时，<u><b>禁忌</b></u>擦浴的部位是]]></desc><options><option><id>A</id><type>text</type><desc><![CDATA[面部、腹部、足部]]></desc></option><option><id>B</id><type>text</type><desc><![CDATA[胸前区、腹部、足底]]></desc></option><option><id>C</id><type>text</type><desc><![CDATA[面部、背部、腋窝]]></desc></option><option><id>D</id><type>text</type><desc><![CDATA[腘窝、腋窝、腹股沟]]></desc></option><option><id>E</id><type>text</type><desc><![CDATA[肘窝、手心、腹股沟]]></desc></option></options><answers><![CDATA[B]]></answers></question><question><type>2</type><format>text</format><desc><![CDATA[11.病人，女，36岁。体温39℃，根据病情应给予]]></desc><options><option><id>A</id><type>text</type><desc><![CDATA[普通饮食]]></desc></option><option><id>B</id><type>text</type><desc><![CDATA[软质饮食]]></desc></option><option><id>C</id><type>text</type><desc><![CDATA[半流质饮食]]></desc></option><option><id>D</id><type>text</type><desc><![CDATA[流质饮食]]></desc></option><option><id>E</id><type>text</type><desc><![CDATA[要素饮食]]></desc></option></options><answers><![CDATA[D]]></answers></question><question><type>2</type><format>text</format><desc><![CDATA[12.王某，男，60岁。颅脑外伤3小时入院，入院时病人有呕吐，此时脉搏可能为]]></desc><options><option><id>A</id><type>text</type><desc><![CDATA[间歇脉]]></desc></option><option><id>B</id><type>text</type><desc><![CDATA[二联律]]></desc></option><option><id>C</id><type>text</type><desc><![CDATA[丝脉]]></desc></option><option><id>D</id><type>text</type><desc><![CDATA[绌脉]]></desc></option><option><id>E</id><type>text</type><desc><![CDATA[缓脉]]></desc></option></options><answers><![CDATA[E]]></answers></question><question><type>2</type><format>text</format><desc><![CDATA[13.病人，男，68岁。以“风湿性心脏病、心房纤维颤动、左侧肢体偏瘫”收住院。护士为其测量心率、脉率的正确方法是]]></desc><options><option><id>A</id><type>text</type><desc><![CDATA[先测心率，再在健侧测脉率]]></desc></option><option><id>B</id><type>text</type><desc><![CDATA[先测心率，再在患侧测脉率]]></desc></option><option><id>C</id><type>text</type><desc><![CDATA[一人同时测心率和脉率]]></desc></option><option><id>D</id><type>text</type><desc><![CDATA[一人听心率，一人在健侧测脉率，同时测1分钟]]></desc></option><option><id>E</id><type>text</type><desc><![CDATA[一人听心率，一人在患侧测脉率同时测1分钟]]></desc></option></options><answers><![CDATA[D]]></answers></question><question><type>2</type><format>text</format><desc><![CDATA[14.一男性病人，30岁，体温在39.6℃，脉搏112次/min，脉率增快的原因是]]></desc><options><option><id>A</id><type>text</type><desc><![CDATA[血容量减少]]></desc></option><option><id>B</id><type>text</type><desc><![CDATA[心输出量降低]]></desc></option><option><id>C</id><type>text</type><desc><![CDATA[心肌收缩无力]]></desc></option><option><id>D</id><type>text</type><desc><![CDATA[心力衰竭]]></desc></option><option><id>E</id><type>text</type><desc><![CDATA[机体代谢率增高]]></desc></option></options><answers><![CDATA[E]]></answers></question><question><type>2</type><format>text</format><desc><![CDATA[15.陈先生，46岁，哮喘病人。主诉呼吸费力，呼气时间显著长于吸气。该病人最可能出现的呼吸异常为]]></desc><options><option><id>A</id><type>text</type><desc><![CDATA[深度呼吸]]></desc></option><option><id>B</id><type>text</type><desc><![CDATA[潮式呼吸]]></desc></option><option><id>C</id><type>text</type><desc><![CDATA[吸气性呼吸困难]]></desc></option><option><id>D</id><type>text</type><desc><![CDATA[呼气性呼吸困难]]></desc></option><option><id>E</id><type>text</type><desc><![CDATA[混合性呼吸困难]]></desc></option></options><answers><![CDATA[D]]></answers></question><question><type>2</type><format>text</format><desc><![CDATA[16.病人，男，67岁。脑出血并行气管切开术后，病人并发肺部感染，气道分泌物较多，呼气时发出粗糙的鼾音，称为]]></desc><options><option><id>A</id><type>text</type><desc><![CDATA[蝉鸣样呼吸]]></desc></option><option><id>B</id><type>text</type><desc><![CDATA[鼾声呼吸]]></desc></option><option><id>C</id><type>text</type><desc><![CDATA[浅快呼吸]]></desc></option><option><id>D</id><type>text</type><desc><![CDATA[深慢呼吸]]></desc></option><option><id>E</id><type>text</type><desc><![CDATA[间断呼吸]]></desc></option></options><answers><![CDATA[B]]></answers></question><question><type>2</type><format>text</format><desc><![CDATA[17.病人，女，3岁。因误服安眠药中毒，意识模糊不清，呼吸微弱，浅而慢，不易观察，护士应采取的测量方法是]]></desc><options><option><id>A</id><type>text</type><desc><![CDATA[观察腹部起伏，一起一伏为一次]]></desc></option><option><id>B</id><type>text</type><desc><![CDATA[先测脉率，将数值除以4得出呼吸次数]]></desc></option><option><id>C</id><type>text</type><desc><![CDATA[用手放在病人鼻孔前感觉呼吸气流计数]]></desc></option><option><id>D</id><type>text</type><desc><![CDATA[测脉率后保持诊脉姿势，观察胸部起伏次数]]></desc></option><option><id>E</id><type>text</type><desc><![CDATA[用少许棉花置病人鼻孔前观察棉花飘动次数计数]]></desc></option></options><answers><![CDATA[E]]></answers></question><question><type>2</type><format>text</format><desc><![CDATA[18.病人王阿姨，60岁，患肺心病7年，现病人呼吸困难、呼吸衰竭，出现精神症状，给氧方法是]]></desc><options><option><id>A</id><type>text</type><desc><![CDATA[低浓度、低流量、持续给氧]]></desc></option><option><id>B</id><type>text</type><desc><![CDATA[高浓度、高流量、持续给氧]]></desc></option><option><id>C</id><type>text</type><desc><![CDATA[低流量间断给氧]]></desc></option><option><id>D</id><type>text</type><desc><![CDATA[乙醇湿化给氧]]></desc></option><option><id>E</id><type>text</type><desc><![CDATA[加压给氧]]></desc></option></options><answers><![CDATA[A]]></answers></question><question><type>2</type><format>text</format><desc><![CDATA[19.胡女士，62岁，患有肺心病，因呼吸困难行气管切开，护士为其吸痰时，正确的操作是]]></desc><options><option><id>A</id><type>text</type><desc><![CDATA[动作快并上下提拉，左右旋转]]></desc></option><option><id>B</id><type>text</type><desc><![CDATA[动作宜慢并上下提拉，左右旋转]]></desc></option><option><id>C</id><type>text</type><desc><![CDATA[动作轻柔并向上提拉，左右旋转]]></desc></option><option><id>D</id><type>text</type><desc><![CDATA[动作轻柔，由上而下，边插入边抽吸]]></desc></option><option><id>E</id><type>text</type><desc><![CDATA[动作迅速，由浅到深，以保证充分吸痰]]></desc></option></options><answers><![CDATA[C]]></answers></question><question><type>2</type><format>html</format><desc><![CDATA[20.病人罗某，高血压病，左侧肢体偏瘫，医嘱测血压4次/d，下列<u><b>不妥的</b></u>是]]></desc><options><option><id>A</id><type>text</type><desc><![CDATA[固定血压计]]></desc></option><option><id>B</id><type>text</type><desc><![CDATA[测右上肢血压]]></desc></option><option><id>C</id><type>text</type><desc><![CDATA[仰卧位测量，使肱动脉平腋中线]]></desc></option><option><id>D</id><type>text</type><desc><![CDATA[必须固定专人测量]]></desc></option><option><id>E</id><type>text</type><desc><![CDATA[充气不可过猛]]></desc></option></options><answers><![CDATA[D]]></answers></question><question><type>2</type><format>text</format><desc><![CDATA[21.曾女士，48岁，多次测得血压均为125/85mmHg，应考虑病人为]]></desc><options><option><id>A</id><type>text</type><desc><![CDATA[低血压]]></desc></option><option><id>B</id><type>text</type><desc><![CDATA[高血压]]></desc></option><option><id>C</id><type>text</type><desc><![CDATA[脉压大]]></desc></option><option><id>D</id><type>text</type><desc><![CDATA[正常血压]]></desc></option><option><id>E</id><type>text</type><desc><![CDATA[临界高皿压]]></desc></option></options><answers><![CDATA[D]]></answers></question><question><type>2</type><format>html</format><desc><![CDATA[22.董先生，65岁，护士为其测血压，为与第一次测量辨别，需重复测，下述做法<u><b>错误的</b></u>是]]></desc><options><option><id>A</id><type>text</type><desc><![CDATA[将袖带内气体驱尽]]></desc></option><option><id>B</id><type>text</type><desc><![CDATA[使汞柱降至0点]]></desc></option><option><id>C</id><type>text</type><desc><![CDATA[稍等片刻后重测]]></desc></option><option><id>D</id><type>text</type><desc><![CDATA[连续加压直到听清为止]]></desc></option><option><id>E</id><type>text</type><desc><![CDATA[测量值先读收缩压，后读舒张压]]></desc></option></options><answers><![CDATA[D]]></answers></question></questions><questions><instructions><![CDATA[A3/A4型题]]></instructions><question><type>3</type><format>text</format><desc><![CDATA[23.巫先生，26岁，肺炎病人，口温39.5℃，脉搏120次/min，颜面潮红，皮肤灼热，伴有尿量减少。]]></desc><children><question><type>3</type><format>text</format><desc><![CDATA[（1）该病人发热程度为]]></desc><options><option><id>A</id><type>text</type><desc><![CDATA[低热]]></desc></option><option><id>B</id><type>text</type><desc><![CDATA[中度热]]></desc></option><option><id>C</id><type>text</type><desc><![CDATA[高热]]></desc></option><option><id>D</id><type>text</type><desc><![CDATA[超高热]]></desc></option><option><id>E</id><type>text</type><desc><![CDATA[正常体温]]></desc></option></options><answers><![CDATA[C]]></answers></question><question><type>3</type><format>text</format><desc><![CDATA[（2）该病人目前处于]]></desc><options><option><id>A</id><type>text</type><desc><![CDATA[体温上升期]]></desc></option><option><id>B</id><type>text</type><desc><![CDATA[高热持续期]]></desc></option><option><id>C</id><type>text</type><desc><![CDATA[恢复期]]></desc></option><option><id>D</id><type>text</type><desc><![CDATA[退热期]]></desc></option><option><id>E</id><type>text</type><desc><![CDATA[恶化期]]></desc></option></options><answers><![CDATA[B]]></answers></question><question><type>3</type><format>html</format><desc><![CDATA[（3）对于该病人的护理措施<u><b>不适当</b></u>的是]]></desc><options><option><id>A</id><type>text</type><desc><![CDATA[酌情给予乙醇擦浴]]></desc></option><option><id>B</id><type>text</type><desc><![CDATA[鼓励病人多饮水]]></desc></option><option><id>C</id><type>text</type><desc><![CDATA[生理盐水口腔护理]]></desc></option><option><id>D</id><type>text</type><desc><![CDATA[每小时测量体温]]></desc></option><option><id>E</id><type>text</type><desc><![CDATA[保持皮肤清洁]]></desc></option></options><answers><![CDATA[D]]></answers></question></children></question><question><type>3</type><format>text</format><desc><![CDATA[24.病人，女，74岁。因服用过量巴比妥类药物入院。住院期间，病人呼吸呈周期性变化：呼吸由浅慢逐渐变为深快，然后转为浅慢，经过一段时间呼吸暂停，又重复上述变化，其形态如潮水起伏。]]></desc><children><question><type>3</type><format>text</format><desc><![CDATA[（1）该病人的呼吸节律称为]]></desc><options><option><id>A</id><type>text</type><desc><![CDATA[陈-施呼吸]]></desc></option><option><id>B</id><type>text</type><desc><![CDATA[毕奥呼吸]]></desc></option><option><id>C</id><type>text</type><desc><![CDATA[浮浅性呼吸]]></desc></option><option><id>D</id><type>text</type><desc><![CDATA[鼾声呼吸]]></desc></option><option><id>E</id><type>text</type><desc><![CDATA[库斯莫呼吸]]></desc></option></options><answers><![CDATA[A]]></answers></question><question><type>3</type><format>text</format><desc><![CDATA[（2）该呼吸节律中呼吸变为深快的主要机制是]]></desc><options><option><id>A</id><type>text</type><desc><![CDATA[呼吸中枢兴奋性增强]]></desc></option><option><id>B</id><type>text</type><desc><![CDATA[高度缺氧刺激颈动脉体化学感受器]]></desc></option><option><id>C</id><type>text</type><desc><![CDATA[二氧化碳浓度增高刺激颈动脉体和主动脉弓的化学感受器]]></desc></option><option><id>D</id><type>text</type><desc><![CDATA[二氧化碳浓度降低刺激主动脉弓的化学感受器]]></desc></option><option><id>E</id><type>text</type><desc><![CDATA[高度缺氧刺激呼吸中枢，使其兴奋性增强]]></desc></option></options><answers><![CDATA[C]]></answers></question><question><type>3</type><format>text</format><desc><![CDATA[（3）一段时间后，病人表现为呼吸和暂停现象交替出现，在有规律呼吸几次后，突然停止呼吸，间隔一段时间后，又开始呼吸。如此反复交替出现。此呼吸称为]]></desc><options><option><id>A</id><type>text</type><desc><![CDATA[陈—施呼吸]]></desc></option><option><id>B</id><type>text</type><desc><![CDATA[毕奥呼吸]]></desc></option><option><id>C</id><type>text</type><desc><![CDATA[浮浅性呼吸]]></desc></option><option><id>D</id><type>text</type><desc><![CDATA[鼾声呼吸]]></desc></option><option><id>E</id><type>text</type><desc><![CDATA[库斯莫呼吸]]></desc></option></options><answers><![CDATA[B]]></answers></question></children></question><question><type>3</type><format>text</format><desc><![CDATA[25.刘先生，69岁。因头痛、头晕入院就诊，在平静状态下测其血压为21.45/12.6kPa（165/95mmHg），其余检查结果完全正常。]]></desc><children><question><type>3</type><format>text</format><desc><![CDATA[（1）该病人最有可能的诊断为]]></desc><options><option><id>A</id><type>text</type><desc><![CDATA[脑出血]]></desc></option><option><id>B</id><type>text</type><desc><![CDATA[冠心病]]></desc></option><option><id>C</id><type>text</type><desc><![CDATA[高血压]]></desc></option><option><id>D</id><type>text</type><desc><![CDATA[脑瘤]]></desc></option><option><id>E</id><type>text</type><desc><![CDATA[脑膜炎]]></desc></option></options><answers><![CDATA[C]]></answers></question><question><type>3</type><format>html</format><desc><![CDATA[（2）为该病人做健康教育，下列内容<u><b>不妥的</b></u>是]]></desc><options><option><id>A</id><type>text</type><desc><![CDATA[低钠饮食]]></desc></option><option><id>B</id><type>text</type><desc><![CDATA[适度的体育锻炼]]></desc></option><option><id>C</id><type>text</type><desc><![CDATA[多吃含纤维素的食物，预防便秘]]></desc></option><option><id>D</id><type>text</type><desc><![CDATA[规律服用降压药物]]></desc></option><option><id>E</id><type>text</type><desc><![CDATA[在药物的作用下将血压控制得越低越好]]></desc></option></options><answers><![CDATA[E]]></answers></question></children></question></questions></exam>