﻿<?xml version="1.0" encoding="UTF-8"?><exam><id>20181116161428</id><questions><instructions><![CDATA[A1型题]]></instructions><question><type>1</type><format>text</format><desc><![CDATA[1.急救物品的完好率需达到]]></desc><options><option><id>A</id><type>text</type><desc><![CDATA[90%]]></desc></option><option><id>B</id><type>text</type><desc><![CDATA[92%]]></desc></option><option><id>C</id><type>text</type><desc><![CDATA[95%]]></desc></option><option><id>D</id><type>text</type><desc><![CDATA[98%]]></desc></option><option><id>E</id><type>text</type><desc><![CDATA[100%]]></desc></option></options><answers><![CDATA[E]]></answers></question><question><type>1</type><format>html</format><desc><![CDATA[2.关于急救物品和药品的使用管理<u><b>错误的</b></u>是]]></desc><options><option><id>A</id><type>text</type><desc><![CDATA[定人管理]]></desc></option><option><id>B</id><type>text</type><desc><![CDATA[定点放置]]></desc></option><option><id>C</id><type>text</type><desc><![CDATA[定人使用]]></desc></option><option><id>D</id><type>text</type><desc><![CDATA[定期消毒灭菌]]></desc></option><option><id>E</id><type>text</type><desc><![CDATA[定期检查维修]]></desc></option></options><answers><![CDATA[C]]></answers></question><question><type>1</type><format>text</format><desc><![CDATA[3.下列情境中会出现双侧瞳孔扩大的是]]></desc><options><option><id>A</id><type>text</type><desc><![CDATA[有机磷中毒]]></desc></option><option><id>B</id><type>text</type><desc><![CDATA[吗啡中毒]]></desc></option><option><id>C</id><type>text</type><desc><![CDATA[硬脑膜下血肿]]></desc></option><option><id>D</id><type>text</type><desc><![CDATA[颅内压增高]]></desc></option><option><id>E</id><type>text</type><desc><![CDATA[虹膜黏连]]></desc></option></options><answers><![CDATA[D]]></answers></question><question><type>1</type><format>text</format><desc><![CDATA[4.关于洗胃下列叙述正确的是]]></desc><options><option><id>A</id><type>text</type><desc><![CDATA[敌百虫中毒选用碱性药物]]></desc></option><option><id>B</id><type>text</type><desc><![CDATA[中毒重者取右侧卧位]]></desc></option><option><id>C</id><type>text</type><desc><![CDATA[电动吸引器洗胃负压在13.3kPa左右]]></desc></option><option><id>D</id><type>text</type><desc><![CDATA[巴比妥类中毒选用1∶1500的高锰酸钾]]></desc></option><option><id>E</id><type>text</type><desc><![CDATA[漏斗洗胃是利用负压原理]]></desc></option></options><answers><![CDATA[C]]></answers></question><question><type>1</type><format>html</format><desc><![CDATA[5.乐果中毒时<u><b>禁用</b></u>的洗胃液]]></desc><options><option><id>A</id><type>text</type><desc><![CDATA[高锰酸钾]]></desc></option><option><id>B</id><type>text</type><desc><![CDATA[碱性药物]]></desc></option><option><id>C</id><type>text</type><desc><![CDATA[硫酸镁]]></desc></option><option><id>D</id><type>text</type><desc><![CDATA[温开水]]></desc></option><option><id>E</id><type>text</type><desc><![CDATA[生理盐水]]></desc></option></options><answers><![CDATA[A]]></answers></question></questions><questions><instructions><![CDATA[A2型题]]></instructions><question><type>2</type><format>html</format><desc><![CDATA[6.田某，女性，32岁，因与家人发生纠葛，便将100ml的盐酸吞服，20分钟后家人将田女士送入急诊科。此时<u><b>禁忌</b></u>对田女士进行的护理操作是]]></desc><options><option><id>A</id><type>text</type><desc><![CDATA[洗胃]]></desc></option><option><id>B</id><type>text</type><desc><![CDATA[导泻]]></desc></option><option><id>C</id><type>text</type><desc><![CDATA[静脉输液]]></desc></option><option><id>D</id><type>text</type><desc><![CDATA[灌肠]]></desc></option><option><id>E</id><type>text</type><desc><![CDATA[服牛奶]]></desc></option></options><answers><![CDATA[A]]></answers></question><question><type>2</type><format>text</format><desc><![CDATA[7.病人，女性，23岁，因与男友分手，服敌敌畏50ml，被家人及时发现送医院救治。此时下述病情观察的内容中最主要的指标是]]></desc><options><option><id>A</id><type>text</type><desc><![CDATA[面色]]></desc></option><option><id>B</id><type>text</type><desc><![CDATA[瞳孔变化]]></desc></option><option><id>C</id><type>text</type><desc><![CDATA[皮肤黏膜]]></desc></option><option><id>D</id><type>text</type><desc><![CDATA[尿量]]></desc></option><option><id>E</id><type>text</type><desc><![CDATA[步态]]></desc></option></options><answers><![CDATA[B]]></answers></question><question><type>2</type><format>text</format><desc><![CDATA[8.病人，男性，78岁，肝硬化，大量腹水。今日始病人出现嗜睡状态，只有剧烈摇动身体才可唤醒，醒后答非所问，刺激停止将进入睡眠状态。其意识障碍属于]]></desc><options><option><id>A</id><type>text</type><desc><![CDATA[嗜睡]]></desc></option><option><id>B</id><type>text</type><desc><![CDATA[意识模糊]]></desc></option><option><id>C</id><type>text</type><desc><![CDATA[昏睡]]></desc></option><option><id>D</id><type>text</type><desc><![CDATA[中度昏迷]]></desc></option><option><id>E</id><type>text</type><desc><![CDATA[重度昏迷]]></desc></option></options><answers><![CDATA[C]]></answers></question><question><type>2</type><format>html</format><desc><![CDATA[9.病人，男性，23岁，右胸外伤后肋骨骨折，呼吸困难，面色发绀，烦躁不安。体检：脉搏细弱，皮肤湿冷，血压80/60mmHg，右胸廓饱满，肋间隙增宽。你作为接诊护士，立即组织抢救，关于抢救工作的陈述<u><b>错误的</b></u>是]]></desc><options><option><id>A</id><type>text</type><desc><![CDATA[立即组成抢救小组，指定负责人]]></desc></option><option><id>B</id><type>text</type><desc><![CDATA[医生未到之前护士及时给病人吸氧、建立静脉通路等]]></desc></option><option><id>C</id><type>text</type><desc><![CDATA[抢救中使用后的血袋、输液瓶及时弃入医用垃圾箱内]]></desc></option><option><id>D</id><type>text</type><desc><![CDATA[护士参与抢救方案的制定]]></desc></option><option><id>E</id><type>text</type><desc><![CDATA[抢救记录要及时、准确、全面]]></desc></option></options><answers><![CDATA[C]]></answers></question><question><type>2</type><format>html</format><desc><![CDATA[10.赵某，女，69岁。结肠癌术后1年，近日出现乏力、消瘦伴肝区疼痛，B超发现肝上叶单个4cm的占位入院。赵某悲伤、绝望，时有哭泣。针对病人的心理状态，其护理措施<u><b>不妥</b></u>的是]]></desc><options><option><id>A</id><type>text</type><desc><![CDATA[护士应与病人主动沟通]]></desc></option><option><id>B</id><type>text</type><desc><![CDATA[恰当使用“治疗性触摸”传递关心、支持]]></desc></option><option><id>C</id><type>text</type><desc><![CDATA[密切注意病人言行，稳定其情绪]]></desc></option><option><id>D</id><type>text</type><desc><![CDATA[适当使用保护具，防止意外]]></desc></option><option><id>E</id><type>text</type><desc><![CDATA[鼓励家属陪伴]]></desc></option></options><answers><![CDATA[D]]></answers></question><question><type>2</type><format>text</format><desc><![CDATA[11.钱某，男性，48岁。因高空作业坠落致多发性损伤而急送医院，护士应用格拉斯哥昏迷量表对其进行昏迷的判断，得分为2分，以此判断钱某的意识状况为]]></desc><options><option><id>A</id><type>text</type><desc><![CDATA[意识清醒]]></desc></option><option><id>B</id><type>text</type><desc><![CDATA[意识模糊]]></desc></option><option><id>C</id><type>text</type><desc><![CDATA[昏睡]]></desc></option><option><id>D</id><type>text</type><desc><![CDATA[浅昏迷]]></desc></option><option><id>E</id><type>text</type><desc><![CDATA[深昏迷]]></desc></option></options><answers><![CDATA[E]]></answers></question></questions></exam>