﻿<?xml version="1.0" encoding="UTF-8"?><exam><id>20181116161738</id><questions><instructions><![CDATA[A1型题]]></instructions><question><type>1</type><format>text</format><desc><![CDATA[1.现代临终关怀创始于]]></desc><options><option><id>A</id><type>text</type><desc><![CDATA[19世纪中叶]]></desc></option><option><id>B</id><type>text</type><desc><![CDATA[19世纪80年代]]></desc></option><option><id>C</id><type>text</type><desc><![CDATA[20世纪初]]></desc></option><option><id>D</id><type>text</type><desc><![CDATA[20世纪60年代]]></desc></option><option><id>E</id><type>text</type><desc><![CDATA[20世纪90年代]]></desc></option></options><answers><![CDATA[D]]></answers></question><question><type>1</type><format>text</format><desc><![CDATA[2.目前医学界基本主张的判断死亡的标准是]]></desc><options><option><id>A</id><type>text</type><desc><![CDATA[心跳停止]]></desc></option><option><id>B</id><type>text</type><desc><![CDATA[呼吸停止]]></desc></option><option><id>C</id><type>text</type><desc><![CDATA[脑死亡]]></desc></option><option><id>D</id><type>text</type><desc><![CDATA[心电波消失]]></desc></option><option><id>E</id><type>text</type><desc><![CDATA[瞳孔散大]]></desc></option></options><answers><![CDATA[C]]></answers></question><question><type>1</type><format>text</format><desc><![CDATA[3.死亡过程可分为]]></desc><options><option><id>A</id><type>text</type><desc><![CDATA[心跳停止、呼吸停止、瞳孔对光反射消失]]></desc></option><option><id>B</id><type>text</type><desc><![CDATA[昏迷、呼吸停止、心跳停止]]></desc></option><option><id>C</id><type>text</type><desc><![CDATA[濒死期、临床死亡期、生物学死亡期]]></desc></option><option><id>D</id><type>text</type><desc><![CDATA[肌力消退、肌张力减退、反射消失]]></desc></option><option><id>E</id><type>text</type><desc><![CDATA[尸冷、尸斑、尸僵]]></desc></option></options><answers><![CDATA[C]]></answers></question><question><type>1</type><format>text</format><desc><![CDATA[4.临床上进行尸体护理的依据是]]></desc><options><option><id>A</id><type>text</type><desc><![CDATA[医生作出死亡诊断后]]></desc></option><option><id>B</id><type>text</type><desc><![CDATA[呼吸停止]]></desc></option><option><id>C</id><type>text</type><desc><![CDATA[各种反射消失]]></desc></option><option><id>D</id><type>text</type><desc><![CDATA[心搏停止]]></desc></option><option><id>E</id><type>text</type><desc><![CDATA[意识丧失]]></desc></option></options><answers><![CDATA[A]]></answers></question><question><type>1</type><format>text</format><desc><![CDATA[5.濒死期病人最后消失的感觉是]]></desc><options><option><id>A</id><type>text</type><desc><![CDATA[视觉]]></desc></option><option><id>B</id><type>text</type><desc><![CDATA[听觉]]></desc></option><option><id>C</id><type>text</type><desc><![CDATA[嗅觉]]></desc></option><option><id>D</id><type>text</type><desc><![CDATA[味觉]]></desc></option><option><id>E</id><type>text</type><desc><![CDATA[触觉]]></desc></option></options><answers><![CDATA[B]]></answers></question></questions><questions><instructions><![CDATA[A2型题]]></instructions><question><type>2</type><format>text</format><desc><![CDATA[6.病人，男，72岁。骨癌肝转移，身体极度虚弱，此时对其护理的目标是]]></desc><options><option><id>A</id><type>text</type><desc><![CDATA[让病人有尊严地度过余生]]></desc></option><option><id>B</id><type>text</type><desc><![CDATA[提供根治疗法]]></desc></option><option><id>C</id><type>text</type><desc><![CDATA[放弃特殊治疗]]></desc></option><option><id>D</id><type>text</type><desc><![CDATA[延长生命过程]]></desc></option><option><id>E</id><type>text</type><desc><![CDATA[实施安乐死]]></desc></option></options><answers><![CDATA[A]]></answers></question><question><type>2</type><format>text</format><desc><![CDATA[7.病人，女，60岁。右上腹疼痛、腹水，衰竭状态，面色灰暗，诊断为肝癌。经抗癌治疗后，未见好转，病人情绪不稳定，经常抱怨医院的制度不合理，该期的心理反应为]]></desc><options><option><id>A</id><type>text</type><desc><![CDATA[忧郁期]]></desc></option><option><id>B</id><type>text</type><desc><![CDATA[愤怒期]]></desc></option><option><id>C</id><type>text</type><desc><![CDATA[否认期]]></desc></option><option><id>D</id><type>text</type><desc><![CDATA[接受期]]></desc></option><option><id>E</id><type>text</type><desc><![CDATA[协议期]]></desc></option></options><answers><![CDATA[B]]></answers></question><question><type>2</type><format>text</format><desc><![CDATA[8.病人，男，79岁。多器官功能衰竭，表现为意识模糊，肌张力消失，心音低钝，血压70/40mmHg，潮式呼吸。此时病人处于]]></desc><options><option><id>A</id><type>text</type><desc><![CDATA[濒死期]]></desc></option><option><id>B</id><type>text</type><desc><![CDATA[临床死亡期]]></desc></option><option><id>C</id><type>text</type><desc><![CDATA[机体死亡期]]></desc></option><option><id>D</id><type>text</type><desc><![CDATA[生物学死亡期]]></desc></option><option><id>E</id><type>text</type><desc><![CDATA[脑死亡期]]></desc></option></options><answers><![CDATA[A]]></answers></question><question><type>2</type><format>text</format><desc><![CDATA[9.病人，女，62岁。肺癌广泛转移，病情日益恶化，最近常沉默寡言，对任何东西都不感兴趣，此时的心理反应处于]]></desc><options><option><id>A</id><type>text</type><desc><![CDATA[否认期]]></desc></option><option><id>B</id><type>text</type><desc><![CDATA[愤怒期]]></desc></option><option><id>C</id><type>text</type><desc><![CDATA[协议期]]></desc></option><option><id>D</id><type>text</type><desc><![CDATA[忧郁期]]></desc></option><option><id>E</id><type>text</type><desc><![CDATA[接受期]]></desc></option></options><answers><![CDATA[D]]></answers></question><question><type>2</type><format>text</format><desc><![CDATA[10.病人，男，63岁。肝癌晚期，经常向家人和医护人员发脾气，抱怨大家对他照顾不够，此时心理反应是]]></desc><options><option><id>A</id><type>text</type><desc><![CDATA[接受期]]></desc></option><option><id>B</id><type>text</type><desc><![CDATA[抑郁期]]></desc></option><option><id>C</id><type>text</type><desc><![CDATA[协议期]]></desc></option><option><id>D</id><type>text</type><desc><![CDATA[愤怒期]]></desc></option><option><id>E</id><type>text</type><desc><![CDATA[否认期]]></desc></option></options><answers><![CDATA[D]]></answers></question><question><type>2</type><format>text</format><desc><![CDATA[11.病人，男，58岁。肝癌晚期，住院期间情绪激动，常常指责或挑剔家属和医护人员，护士正确的护理措施是]]></desc><options><option><id>A</id><type>text</type><desc><![CDATA[给病人正确的死亡观和人生观教育]]></desc></option><option><id>B</id><type>text</type><desc><![CDATA[让病人尽可能的一个人独处]]></desc></option><option><id>C</id><type>text</type><desc><![CDATA[认真倾听病人的心理感受]]></desc></option><option><id>D</id><type>text</type><desc><![CDATA[诚恳地指出病人的不恰当做法]]></desc></option><option><id>E</id><type>text</type><desc><![CDATA[减少和病人的语言交流]]></desc></option></options><answers><![CDATA[C]]></answers></question><question><type>2</type><format>text</format><desc><![CDATA[12.病人，男，66岁。胃癌晚期，癌细胞广泛转移，伴剧烈疼痛，神志时而清醒，时而模糊，清醒时常对家人说“我痛死了，让我早一点死吧，真是不想活了”。最恰当的护理措施为]]></desc><options><option><id>A</id><type>text</type><desc><![CDATA[尽量满足其要求]]></desc></option><option><id>B</id><type>text</type><desc><![CDATA[鼓励病人建立战胜疾病的信心]]></desc></option><option><id>C</id><type>text</type><desc><![CDATA[态度真诚，不揭穿病人的防卫机制]]></desc></option><option><id>D</id><type>text</type><desc><![CDATA[给予同情照顾，注意安全]]></desc></option><option><id>E</id><type>text</type><desc><![CDATA[尊重病人，不强迫与其沟通]]></desc></option></options><answers><![CDATA[D]]></answers></question><question><type>2</type><format>html</format><desc><![CDATA[13.病人，女，45岁。因车祸颅脑损伤，抢救无效，医生确定死亡后，护士进行尸体护理，下列操作<u><b>不正确的</b></u>是]]></desc><options><option><id>A</id><type>text</type><desc><![CDATA[填写尸体识别卡]]></desc></option><option><id>B</id><type>text</type><desc><![CDATA[尸体仰卧，取下枕头，洗脸闭合眼睑]]></desc></option><option><id>C</id><type>text</type><desc><![CDATA[给病人装上义齿，以免脸部变形]]></desc></option><option><id>D</id><type>text</type><desc><![CDATA[用不脱脂棉球堵塞身体孔道]]></desc></option><option><id>E</id><type>text</type><desc><![CDATA[态度真诚严肃]]></desc></option></options><answers><![CDATA[B]]></answers></question><question><type>2</type><format>text</format><desc><![CDATA[14.病人，女，77岁。胰腺癌晚期，自感不久于人世，常常独自呆坐，泪流满面，十分悲哀。护理人员应采取的护理措施为]]></desc><options><option><id>A</id><type>text</type><desc><![CDATA[维持病人希望]]></desc></option><option><id>B</id><type>text</type><desc><![CDATA[鼓励病人增强信心]]></desc></option><option><id>C</id><type>text</type><desc><![CDATA[指导病人更好配合]]></desc></option><option><id>D</id><type>text</type><desc><![CDATA[尽量不让病人流露失落情绪]]></desc></option><option><id>E</id><type>text</type><desc><![CDATA[安慰病人并允许家属陪伴]]></desc></option></options><answers><![CDATA[E]]></answers></question><question><type>2</type><format>text</format><desc><![CDATA[15.病人，女，63岁，大学教授。肝癌晚期，极度衰弱。此时医护人员应采取的主要措施是]]></desc><options><option><id>A</id><type>text</type><desc><![CDATA[以对症照料为主]]></desc></option><option><id>B</id><type>text</type><desc><![CDATA[以治愈疾病为主]]></desc></option><option><id>C</id><type>text</type><desc><![CDATA[尽量延长生存时间]]></desc></option><option><id>D</id><type>text</type><desc><![CDATA[实施安乐死]]></desc></option><option><id>E</id><type>text</type><desc><![CDATA[放弃一切治疗]]></desc></option></options><answers><![CDATA[A]]></answers></question><question><type>2</type><format>text</format><desc><![CDATA[16.病人，男，67岁。因血尿来诊，诊断为肾癌。在得知自己的病情后，病人拒绝治疗，继而赴多家医院反复就诊、咨询。其心理状况处于]]></desc><options><option><id>A</id><type>text</type><desc><![CDATA[愤怒期]]></desc></option><option><id>B</id><type>text</type><desc><![CDATA[抑郁期]]></desc></option><option><id>C</id><type>text</type><desc><![CDATA[否认期]]></desc></option><option><id>D</id><type>text</type><desc><![CDATA[协议期]]></desc></option><option><id>E</id><type>text</type><desc><![CDATA[接受期]]></desc></option></options><answers><![CDATA[C]]></answers></question><question><type>2</type><format>text</format><desc><![CDATA[17.一位临终病人向护士叙述：“我得病不怪别人，拜托你们尽力治疗，有什么新疗法，可以在我身上先试验。奇迹总是有的啊。”该病人处在心理反应的]]></desc><options><option><id>A</id><type>text</type><desc><![CDATA[否认期]]></desc></option><option><id>B</id><type>text</type><desc><![CDATA[愤怒期]]></desc></option><option><id>C</id><type>text</type><desc><![CDATA[协议期]]></desc></option><option><id>D</id><type>text</type><desc><![CDATA[忧郁期]]></desc></option><option><id>E</id><type>text</type><desc><![CDATA[接受期]]></desc></option></options><answers><![CDATA[C]]></answers></question><question><type>2</type><format>text</format><desc><![CDATA[18.病人，男，62岁。因肝区持续性胀痛疼痛来院就诊，确诊为晚期肝癌。当病人得知这一消息时，认为“不可能是我！一定是搞错了！”此时针对病人的心理反应采取护理措施正确的是]]></desc><options><option><id>A</id><type>text</type><desc><![CDATA[加强生活护理]]></desc></option><option><id>B</id><type>text</type><desc><![CDATA[预防病人的自杀倾向]]></desc></option><option><id>C</id><type>text</type><desc><![CDATA[揭露病人的防御机制]]></desc></option><option><id>D</id><type>text</type><desc><![CDATA[不与病人交谈，减少外界干扰]]></desc></option><option><id>E</id><type>text</type><desc><![CDATA[真诚回答病人的问题，并注意与其他医务人员、家属的言语一致]]></desc></option></options><answers><![CDATA[E]]></answers></question><question><type>2</type><format>html</format><desc><![CDATA[19.病人，男，64岁。肺癌晚期，入院后了解到病情后，情绪异常，抱怨家人不关心，指责医务人员不尽力，在治疗护理中配合差。针对该病人的心理护理措施，下列<u><b>错误的</b></u>是]]></desc><options><option><id>A</id><type>text</type><desc><![CDATA[护士一定要有爱心、耐心，认真地倾听病人的倾诉]]></desc></option><option><id>B</id><type>text</type><desc><![CDATA[允许病人以发怒、抱怨、不合作行为来宣泄内心的不满、恐惧]]></desc></option><option><id>C</id><type>text</type><desc><![CDATA[对病人严加约束，注意预防意外事件的发生]]></desc></option><option><id>D</id><type>text</type><desc><![CDATA[给病人提供表达或发泄内心情感的适宜环境]]></desc></option><option><id>E</id><type>text</type><desc><![CDATA[做好病人家属和朋友的工作，给予病人关爱、理解、同情和宽容]]></desc></option></options><answers><![CDATA[C]]></answers></question><question><type>2</type><format>text</format><desc><![CDATA[20.某癌症晚期病人，处于临终状态，感到恐惧和绝望，当其发怒时，护士应]]></desc><options><option><id>A</id><type>text</type><desc><![CDATA[热情鼓励，帮助其树立信心]]></desc></option><option><id>B</id><type>text</type><desc><![CDATA[指导用药，减轻病人痛苦]]></desc></option><option><id>C</id><type>text</type><desc><![CDATA[说服病人理智面对病情]]></desc></option><option><id>D</id><type>text</type><desc><![CDATA[理解、陪伴、保护病人]]></desc></option><option><id>E</id><type>text</type><desc><![CDATA[同情照顾，满足病人要求]]></desc></option></options><answers><![CDATA[D]]></answers></question></questions></exam>