{
	"code": 1,
	"msg": "获取成功",
	"data": {
		"homeworkId": "upxuaamsmbpjytcb1mjlcg",
		"uniqueId": "fcwdakssrlkamdpjdsrwg",
		"paperStructUnique": "",
		"courseOpenId": "ppvnatisl55lkxnq3ztcq",
		"openClassId": "um1oatiscqlec0qutnacg",
		"homeworkTitle": "第二章  健康与疾病",
		"ztWay": 2,
		"paperType": 1,
		"homeworkType": 1,
		"totalScore": 100,
		"state": 2,
		"remark": "",
		"questions": [
			{
				"paperStuQuestionId": "fcwdakssrlkamdpjdsrwg_0_4",
				"questionId": "7legaaisdjljd4umsqscda",
				"questionType": 1,
				"queTypeName": "单选题",
				"sortOrder": 0,
				"orderBy": 0,
				"title": "<p>李先生爱好游泳，从上大学开始无论冬夏每周游泳2~3次，每次至少40分钟，到目前已坚持了18年。</p><p><strong>请问李先生此行为属于</strong></p><p><br/></p>",
				"dataJson": "[{\"SortOrder\":0,\"Content\":\"健康促进\",\"IsAnswer\":true},{\"SortOrder\":1,\"Content\":\"健康保护\",\"IsAnswer\":false},{\"SortOrder\":2,\"Content\":\"一级预防\",\"IsAnswer\":false},{\"SortOrder\":3,\"Content\":\"二级预防\",\"IsAnswer\":false},{\"SortOrder\":4,\"Content\":\"三级预防\",\"IsAnswer\":false}]",
				"answer": "0",
				"resultAnalysis": "",
				"questionScore": 6,
				"isAssignmented": 1,
				"studentAnswer": "0",
				"isRight": 1,
				"getScore": 6,
				"bigQuestionId": "",
				"commentary": "",
				"commentaryFileData": [],
				"subQuestionList": []
			},
			{
				"paperStuQuestionId": "fcwdakssrlkamdpjdsrwg_0_9",
				"questionId": "9t0xaaisdpxcmypqxdxjcw",
				"questionType": 1,
				"queTypeName": "单选题",
				"sortOrder": 1,
				"orderBy": 1,
				"title": "<p><strong>蒋某，女，</strong><strong>40岁，为某社区居民，自觉发热、咳嗽、全身无力，担心感染了新冠病毒，马上上报社区，并按防疫程序进行就诊及核酸检测，该居民体现了促进健康中的</strong></p><p><br/></p>",
				"dataJson": "[{\"SortOrder\":0,\"Content\":\"基本健康行为\",\"IsAnswer\":false},{\"SortOrder\":1,\"Content\":\"预警行为\",\"IsAnswer\":false},{\"SortOrder\":2,\"Content\":\"求医行为\",\"IsAnswer\":true},{\"SortOrder\":3,\"Content\":\"遵医行为\",\"IsAnswer\":false},{\"SortOrder\":4,\"Content\":\"保健行为\",\"IsAnswer\":false}]",
				"answer": "2",
				"resultAnalysis": "",
				"questionScore": 6,
				"isAssignmented": 1,
				"studentAnswer": "1",
				"isRight": 2,
				"getScore": 0,
				"bigQuestionId": "",
				"commentary": "",
				"commentaryFileData": [],
				"subQuestionList": []
			},
			{
				"paperStuQuestionId": "fcwdakssrlkamdpjdsrwg_0_7",
				"questionId": "f6ucaais2ihof5uoul04g",
				"questionType": 1,
				"queTypeName": "单选题",
				"sortOrder": 2,
				"orderBy": 2,
				"title": "<p><strong>WHO对健康的定义不包括</strong></p><p><br/></p>",
				"dataJson": "[{\"SortOrder\":0,\"Content\":\"躯体没有疾病\",\"IsAnswer\":false},{\"SortOrder\":1,\"Content\":\"有完整的生理状态\",\"IsAnswer\":false},{\"SortOrder\":2,\"Content\":\"有完整的心理状态\",\"IsAnswer\":false},{\"SortOrder\":3,\"Content\":\"有一定的劳动力\",\"IsAnswer\":true},{\"SortOrder\":4,\"Content\":\"有良好的社会适应能力\",\"IsAnswer\":false}]",
				"answer": "3",
				"resultAnalysis": "",
				"questionScore": 6,
				"isAssignmented": 1,
				"studentAnswer": "3",
				"isRight": 1,
				"getScore": 6,
				"bigQuestionId": "",
				"commentary": "",
				"commentaryFileData": [],
				"subQuestionList": []
			},
			{
				"paperStuQuestionId": "fcwdakssrlkamdpjdsrwg_0_10",
				"questionId": "fogfaaisgilpdy2ynhlymg",
				"questionType": 1,
				"queTypeName": "单选题",
				"sortOrder": 3,
				"orderBy": 3,
				"title": "<p><strong>护士小陆计划为患有糖尿病的张大爷进行健康教育，同时邀请了其老伴和儿子共同参与，这体现了健康教育的</strong></p><p><br/></p>",
				"dataJson": "[{\"SortOrder\":0,\"Content\":\"科学性原则\",\"IsAnswer\":false},{\"SortOrder\":1,\"Content\":\"合作性原则\",\"IsAnswer\":true},{\"SortOrder\":2,\"Content\":\"通俗性原则 \",\"IsAnswer\":false},{\"SortOrder\":3,\"Content\":\"针对性原则\",\"IsAnswer\":false},{\"SortOrder\":4,\"Content\":\"适用性原则\",\"IsAnswer\":false}]",
				"answer": "1",
				"resultAnalysis": "",
				"questionScore": 6,
				"isAssignmented": 1,
				"studentAnswer": "1",
				"isRight": 1,
				"getScore": 6,
				"bigQuestionId": "",
				"commentary": "",
				"commentaryFileData": [],
				"subQuestionList": []
			},
			{
				"paperStuQuestionId": "fcwdakssrlkamdpjdsrwg_0_14",
				"questionId": "gzufaaisaltbgypsq0zwea",
				"questionType": 1,
				"queTypeName": "单选题",
				"sortOrder": 4,
				"orderBy": 4,
				"title": "<p><strong>护士小张为患有脑卒中后遗症的戴先生进行家庭访视，指导他如何使用步行器及轮椅，此项内容属于哪一级疾病预防</strong></p><p><br/></p>",
				"dataJson": "[{\"SortOrder\":0,\"Content\":\"一级预防\",\"IsAnswer\":false},{\"SortOrder\":1,\"Content\":\"病因预防\",\"IsAnswer\":false},{\"SortOrder\":2,\"Content\":\"二级预防\",\"IsAnswer\":false},{\"SortOrder\":3,\"Content\":\"三级预防\",\"IsAnswer\":true},{\"SortOrder\":4,\"Content\":\"临床后期预防\",\"IsAnswer\":false}]",
				"answer": "3",
				"resultAnalysis": "",
				"questionScore": 6,
				"isAssignmented": 1,
				"studentAnswer": "3",
				"isRight": 1,
				"getScore": 6,
				"bigQuestionId": "",
				"commentary": "",
				"commentaryFileData": [],
				"subQuestionList": []
			},
			{
				"paperStuQuestionId": "fcwdakssrlkamdpjdsrwg_0_13",
				"questionId": "kcigaaisnbxby1jfbzalw",
				"questionType": 1,
				"queTypeName": "单选题",
				"sortOrder": 5,
				"orderBy": 5,
				"title": "<p><strong>孕妇，</strong><strong>28岁，</strong><strong>对分娩感到担心，护士小胡带领其参观产房以降低其对分娩的恐惧感，护士小胡在进行健康教育时采取的方法是</strong></p><p><br/></p>",
				"dataJson": "[{\"SortOrder\":0,\"Content\":\"专题讲座法\",\"IsAnswer\":false},{\"SortOrder\":1,\"Content\":\"小组讨论法\",\"IsAnswer\":false},{\"SortOrder\":2,\"Content\":\"实地参观法 \",\"IsAnswer\":true},{\"SortOrder\":3,\"Content\":\"示范法\",\"IsAnswer\":false},{\"SortOrder\":4,\"Content\":\"个别会谈法\",\"IsAnswer\":false}]",
				"answer": "2",
				"resultAnalysis": "",
				"questionScore": 6,
				"isAssignmented": 1,
				"studentAnswer": "2",
				"isRight": 1,
				"getScore": 6,
				"bigQuestionId": "",
				"commentary": "",
				"commentaryFileData": [],
				"subQuestionList": []
			},
			{
				"paperStuQuestionId": "fcwdakssrlkamdpjdsrwg_0_12",
				"questionId": "nydaaisvyjlw01ijtmpw",
				"questionType": 1,
				"queTypeName": "单选题",
				"sortOrder": 6,
				"orderBy": 6,
				"title": "<p><strong>根据健康模式，人们是否健康主要取决于</strong></p><p><br/></p>",
				"dataJson": "[{\"SortOrder\":0,\"Content\":\"医疗卫生服务\",\"IsAnswer\":false},{\"SortOrder\":1,\"Content\":\"健康信念与行为\",\"IsAnswer\":true},{\"SortOrder\":2,\"Content\":\"家庭遗传因素\",\"IsAnswer\":false},{\"SortOrder\":3,\"Content\":\"社会经济状况\",\"IsAnswer\":false},{\"SortOrder\":4,\"Content\":\"环境卫生状况\",\"IsAnswer\":false}]",
				"answer": "1",
				"resultAnalysis": "",
				"questionScore": 6,
				"isAssignmented": 1,
				"studentAnswer": "1",
				"isRight": 1,
				"getScore": 6,
				"bigQuestionId": "",
				"commentary": "",
				"commentaryFileData": [],
				"subQuestionList": []
			},
			{
				"paperStuQuestionId": "fcwdakssrlkamdpjdsrwg_0_6",
				"questionId": "sb2haaiszjdfo7ahnrdea",
				"questionType": 1,
				"queTypeName": "单选题",
				"sortOrder": 7,
				"orderBy": 7,
				"title": "<p>李先生爱好游泳，从上大学开始无论冬夏每周游泳2~3次，每次至少40分钟，到目前已坚持了18年。</p><p><strong>根据健康促进模式，促使李先生坚持游泳锻炼最主要的直接原因是</strong></p><p><br/></p>",
				"dataJson": "[{\"SortOrder\":0,\"Content\":\"健康欠佳\",\"IsAnswer\":false},{\"SortOrder\":1,\"Content\":\"大学教育\",\"IsAnswer\":false},{\"SortOrder\":2,\"Content\":\"爱好运动\",\"IsAnswer\":true},{\"SortOrder\":3,\"Content\":\"压力较大\",\"IsAnswer\":false},{\"SortOrder\":4,\"Content\":\"经济较好\",\"IsAnswer\":false}]",
				"answer": "2",
				"resultAnalysis": "",
				"questionScore": 6,
				"isAssignmented": 1,
				"studentAnswer": "2",
				"isRight": 1,
				"getScore": 6,
				"bigQuestionId": "",
				"commentary": "",
				"commentaryFileData": [],
				"subQuestionList": []
			},
			{
				"paperStuQuestionId": "fcwdakssrlkamdpjdsrwg_0_1",
				"questionId": "uwoeaaisdr1i9t3gbcgvhw",
				"questionType": 1,
				"queTypeName": "单选题",
				"sortOrder": 8,
				"orderBy": 8,
				"title": "<p><strong>病人杨某，女，</strong><strong>30岁。因亲人去世过度悲哀引起失眠、血压升高，影响其健康的因素属于</strong></p><p><br/></p>",
				"dataJson": "[{\"SortOrder\":0,\"Content\":\"生物因素\",\"IsAnswer\":false},{\"SortOrder\":1,\"Content\":\"心理因素\",\"IsAnswer\":true},{\"SortOrder\":2,\"Content\":\"物理因素\",\"IsAnswer\":false},{\"SortOrder\":3,\"Content\":\"经济因素\",\"IsAnswer\":false},{\"SortOrder\":4,\"Content\":\"文化因素\",\"IsAnswer\":false}]",
				"answer": "1",
				"resultAnalysis": "",
				"questionScore": 6,
				"isAssignmented": 1,
				"studentAnswer": "1",
				"isRight": 1,
				"getScore": 6,
				"bigQuestionId": "",
				"commentary": "",
				"commentaryFileData": [],
				"subQuestionList": []
			},
			{
				"paperStuQuestionId": "fcwdakssrlkamdpjdsrwg_0_2",
				"questionId": "wrceaaiswltheweizevi7a",
				"questionType": 1,
				"queTypeName": "单选题",
				"sortOrder": 9,
				"orderBy": 9,
				"title": "<p><strong>健康促进的基础是</strong></p><p><br/></p>",
				"dataJson": "[{\"SortOrder\":0,\"Content\":\"疾病预防\",\"IsAnswer\":false},{\"SortOrder\":1,\"Content\":\"健康教育\",\"IsAnswer\":true},{\"SortOrder\":2,\"Content\":\"减轻痛苦\",\"IsAnswer\":false},{\"SortOrder\":3,\"Content\":\"恢复健康 \",\"IsAnswer\":false},{\"SortOrder\":4,\"Content\":\"维护健康\",\"IsAnswer\":false}]",
				"answer": "1",
				"resultAnalysis": "",
				"questionScore": 6,
				"isAssignmented": 1,
				"studentAnswer": "1",
				"isRight": 1,
				"getScore": 6,
				"bigQuestionId": "",
				"commentary": "",
				"commentaryFileData": [],
				"subQuestionList": []
			},
			{
				"paperStuQuestionId": "fcwdakssrlkamdpjdsrwg_0_5",
				"questionId": "xbyeaaisnzfdcsteajkaqa",
				"questionType": 1,
				"queTypeName": "单选题",
				"sortOrder": 10,
				"orderBy": 10,
				"title": "<p><strong>护士小王最近一段时间睡眠不佳，上班时精神状态不好，并自感不适，临床检查无明显疾病。分析原因可能是马上要参加晋升考试，再加上所在科室这段时间在创优，各项活动频繁，从而导致其心理压力大，精神过度紧张。小王的这种情况属于</strong></p><p><br/></p>",
				"dataJson": "[{\"SortOrder\":0,\"Content\":\"最佳健康\",\"IsAnswer\":false},{\"SortOrder\":1,\"Content\":\"健康良好\",\"IsAnswer\":false},{\"SortOrder\":2,\"Content\":\"亚健康状态\",\"IsAnswer\":true},{\"SortOrder\":3,\"Content\":\"健康不良  \",\"IsAnswer\":false},{\"SortOrder\":4,\"Content\":\"恶劣健康\",\"IsAnswer\":false}]",
				"answer": "2",
				"resultAnalysis": "",
				"questionScore": 6,
				"isAssignmented": 1,
				"studentAnswer": "2",
				"isRight": 1,
				"getScore": 6,
				"bigQuestionId": "",
				"commentary": "",
				"commentaryFileData": [],
				"subQuestionList": []
			},
			{
				"paperStuQuestionId": "fcwdakssrlkamdpjdsrwg_21_8",
				"questionId": "nnfwazgsnyva8khftdhfq",
				"questionType": 1,
				"queTypeName": "单选题",
				"sortOrder": 11,
				"orderBy": 11,
				"title": "<p><span style=\"font-size: 10.5pt; font-family: 新宋体;\">关于健康与疾病的关系，下面表述正确的是</span></p>",
				"dataJson": "[{\"SortOrder\":0,\"Content\":\"健康与疾病在同一个体上不能并存\",\"IsAnswer\":false},{\"SortOrder\":1,\"Content\":\"健康与疾病之间存有一定界限\",\"IsAnswer\":false},{\"SortOrder\":2,\"Content\":\"健康与疾病两者是绝对的\",\"IsAnswer\":false},{\"SortOrder\":3,\"Content\":\"健康与疾病存在过渡形式，是动态的\",\"IsAnswer\":true}]",
				"answer": "3",
				"resultAnalysis": "",
				"questionScore": 6,
				"isAssignmented": 1,
				"studentAnswer": "3",
				"isRight": 1,
				"getScore": 6,
				"bigQuestionId": "",
				"commentary": "",
				"commentaryFileData": [],
				"subQuestionList": []
			},
			{
				"paperStuQuestionId": "fcwdakssrlkamdpjdsrwg_22_15",
				"questionId": "nnfwazgseaddswcdvjinww",
				"questionType": 1,
				"queTypeName": "单选题",
				"sortOrder": 12,
				"orderBy": 12,
				"title": "<p><span style=\"font-size: 10.5pt; font-family: 新宋体;\">世界卫生组织对健康定义的内容不包括</span></p>",
				"dataJson": "[{\"SortOrder\":0,\"Content\":\"没有躯体疾病\",\"IsAnswer\":false},{\"SortOrder\":1,\"Content\":\"有完整的生理状态\",\"IsAnswer\":false},{\"SortOrder\":2,\"Content\":\"有完整的心理状态\",\"IsAnswer\":false},{\"SortOrder\":3,\"Content\":\"有良好的劳动能力\",\"IsAnswer\":true}]",
				"answer": "3",
				"resultAnalysis": "",
				"questionScore": 6,
				"isAssignmented": 1,
				"studentAnswer": "3",
				"isRight": 1,
				"getScore": 6,
				"bigQuestionId": "",
				"commentary": "",
				"commentaryFileData": [],
				"subQuestionList": []
			},
			{
				"paperStuQuestionId": "fcwdakssrlkamdpjdsrwg_23_11",
				"questionId": "nnfwazgsrypotazvisi4pg",
				"questionType": 1,
				"queTypeName": "单选题",
				"sortOrder": 13,
				"orderBy": 13,
				"title": "<p><span style=\"font-size: 10.5pt; font-family: 新宋体;\">因焦虑引起的失眠和食欲下降，属于影响健康因素中的</span></p>",
				"dataJson": "[{\"SortOrder\":0,\"Content\":\"自然环境因素\",\"IsAnswer\":false},{\"SortOrder\":1,\"Content\":\"社会经济因素\",\"IsAnswer\":false},{\"SortOrder\":2,\"Content\":\"心理因素  \",\"IsAnswer\":true},{\"SortOrder\":3,\"Content\":\"文化教育因素\",\"IsAnswer\":false}]",
				"answer": "2",
				"resultAnalysis": "",
				"questionScore": 6,
				"isAssignmented": 1,
				"studentAnswer": "2",
				"isRight": 1,
				"getScore": 6,
				"bigQuestionId": "",
				"commentary": "",
				"commentaryFileData": [],
				"subQuestionList": []
			},
			{
				"paperStuQuestionId": "fcwdakssrlkamdpjdsrwg_27_0",
				"questionId": "nnfwazgs3bnfrksc3goaa",
				"questionType": 1,
				"queTypeName": "单选题",
				"sortOrder": 14,
				"orderBy": 14,
				"title": "<p><span style=\"font-size: 10.5pt; font-family: 新宋体;\">下列关于疾病表述全面准确的是</span></p>",
				"dataJson": "[{\"SortOrder\":0,\"Content\":\"疾病是机体阴阳失调\",\"IsAnswer\":false},{\"SortOrder\":1,\"Content\":\"疾病是机体恒定状态的破坏\",\"IsAnswer\":false},{\"SortOrder\":2,\"Content\":\"疾病是机体功能、代谢或形态的改变，是机体内部及机体与环境间平衡的破坏\",\"IsAnswer\":true},{\"SortOrder\":3,\"Content\":\"疾病是机体功能、结构和形态的改变\",\"IsAnswer\":false}]",
				"answer": "2",
				"resultAnalysis": "",
				"questionScore": 6,
				"isAssignmented": 1,
				"studentAnswer": "2",
				"isRight": 1,
				"getScore": 6,
				"bigQuestionId": "",
				"commentary": "",
				"commentaryFileData": [],
				"subQuestionList": []
			},
			{
				"paperStuQuestionId": "fcwdakssrlkamdpjdsrwg_0_3",
				"questionId": "mlraamskkpn3o9wfbzjvq",
				"questionType": 4,
				"queTypeName": "填空题(客观)",
				"sortOrder": 15,
				"orderBy": 15,
				"title": "<p>人具有（      ）和（      ）的双重属性。<img class=\"questionIndex\" data-index=\"1\" src=\"https://zjy2.icve.com.cn/common/images/question_button/BlankSpace1.gif\"/><img class=\"questionIndex\" data-index=\"2\" src=\"https://zjy2.icve.com.cn/common/images/question_button/BlankSpace2.gif\"/></p>",
				"dataJson": "[{\"SortOrder\":0,\"Content\":\"生物\",\"CaseSensitive\":false,\"IsAnswer\":true,\"AlternativeAnswer\":[]},{\"SortOrder\":1,\"Content\":\"社会\",\"CaseSensitive\":false,\"IsAnswer\":true,\"AlternativeAnswer\":[]}]",
				"answer": "[{\"SortOrder\":0,\"Content\":\"生物\",\"CaseSensitive\":false,\"IsAnswer\":true,\"AlternativeAnswer\":[]},{\"SortOrder\":1,\"Content\":\"社会\",\"CaseSensitive\":false,\"IsAnswer\":true,\"AlternativeAnswer\":[]}]",
				"resultAnalysis": "",
				"questionScore": 10,
				"isAssignmented": 1,
				"studentAnswer": "[{\"SortOrder\":0,\"Content\":\"生物性\"},{\"SortOrder\":1,\"Content\":\"社会性\"}]",
				"isRight": 2,
				"getScore": 0,
				"bigQuestionId": "",
				"commentary": "",
				"commentaryFileData": [],
				"subQuestionList": []
			}
		],
		"isNeedSyncRecord": false,
		"isShowAnswer": 1
	}
}