{
	"code": 1,
	"msg": "获取成功",
	"data": {
		"homeworkId": "xo5xaams5yjgfzhqua5bw",
		"uniqueId": "lmsgaksrznmuuwf8uskw",
		"paperStructUnique": "",
		"courseOpenId": "ppvnatisl55lkxnq3ztcq",
		"openClassId": "um1oatiscqlec0qutnacg",
		"homeworkTitle": "第三章  护士与病人",
		"ztWay": 2,
		"paperType": 1,
		"homeworkType": 1,
		"totalScore": 100,
		"state": 2,
		"remark": "",
		"questions": [
			{
				"paperStuQuestionId": "lmsgaksrznmuuwf8uskw_0_11",
				"questionId": "12whaaiszotk17uaoszq0a",
				"questionType": 1,
				"queTypeName": "单选题",
				"sortOrder": 0,
				"orderBy": 0,
				"title": "<p><strong>病人社会角色职责的免除程度不取决于</strong></p><p><br/></p>",
				"dataJson": "[{\"SortOrder\":0,\"Content\":\"疾病的性质\",\"IsAnswer\":false},{\"SortOrder\":1,\"Content\":\"疾病严重程度\",\"IsAnswer\":false},{\"SortOrder\":2,\"Content\":\"病人的责任心\",\"IsAnswer\":false},{\"SortOrder\":3,\"Content\":\"病人支持系统  \",\"IsAnswer\":false},{\"SortOrder\":4,\"Content\":\"病人的主动性\",\"IsAnswer\":true}]",
				"answer": "4",
				"resultAnalysis": "",
				"questionScore": 7,
				"isAssignmented": 1,
				"studentAnswer": "4",
				"isRight": 1,
				"getScore": 7,
				"bigQuestionId": "",
				"commentary": "",
				"commentaryFileData": [],
				"subQuestionList": []
			},
			{
				"paperStuQuestionId": "lmsgaksrznmuuwf8uskw_0_1",
				"questionId": "3qmrakmskqth4wssj8bgsg",
				"questionType": 1,
				"queTypeName": "单选题",
				"sortOrder": 1,
				"orderBy": 1,
				"title": "<p><strong>郑某，男，55岁。直肠癌症晚期，拒绝护士给予化疗，将护理治疗盘推落地上，其角色适应不良是</strong></p><p><br/></p>",
				"dataJson": "[{\"SortOrder\":0,\"Content\":\"病人角色行为冲突\",\"IsAnswer\":false},{\"SortOrder\":1,\"Content\":\"病人角色行为强化  \",\"IsAnswer\":false},{\"SortOrder\":2,\"Content\":\"病人角色行为消退\",\"IsAnswer\":false},{\"SortOrder\":3,\"Content\":\"病人角色行为缺如\",\"IsAnswer\":false},{\"SortOrder\":4,\"Content\":\"病人角色行为异常\",\"IsAnswer\":true}]",
				"answer": "4",
				"resultAnalysis": "",
				"questionScore": 7,
				"isAssignmented": 1,
				"studentAnswer": "4",
				"isRight": 1,
				"getScore": 7,
				"bigQuestionId": "",
				"commentary": "",
				"commentaryFileData": [],
				"subQuestionList": []
			},
			{
				"paperStuQuestionId": "lmsgaksrznmuuwf8uskw_0_12",
				"questionId": "dr2takmsfipiqp1jgdtfgw",
				"questionType": 1,
				"queTypeName": "单选题",
				"sortOrder": 2,
				"orderBy": 2,
				"title": "<p>病人，男性，54岁，患慢性糖尿病20年，因低血糖昏迷而急诊入院。</p><p><strong>患者入院初期，护患关系的模式应为</strong></p><p><br/></p>",
				"dataJson": "[{\"SortOrder\":0,\"Content\":\"主动－被动型  \",\"IsAnswer\":true},{\"SortOrder\":1,\"Content\":\"共同参与型   \",\"IsAnswer\":false},{\"SortOrder\":2,\"Content\":\"指导－合作型\",\"IsAnswer\":false},{\"SortOrder\":3,\"Content\":\"服务-指导型 \",\"IsAnswer\":false},{\"SortOrder\":4,\"Content\":\"双向活动\",\"IsAnswer\":false}]",
				"answer": "0",
				"resultAnalysis": "",
				"questionScore": 7,
				"isAssignmented": 1,
				"studentAnswer": "0",
				"isRight": 1,
				"getScore": 7,
				"bigQuestionId": "",
				"commentary": "",
				"commentaryFileData": [],
				"subQuestionList": []
			},
			{
				"paperStuQuestionId": "lmsgaksrznmuuwf8uskw_0_13",
				"questionId": "eghaais7q9klxix3ywxxg",
				"questionType": 1,
				"queTypeName": "单选题",
				"sortOrder": 3,
				"orderBy": 3,
				"title": "<p><strong>关于护患关系的理解错误的是</strong></p><p><br/></p>",
				"dataJson": "[{\"SortOrder\":0,\"Content\":\"在护理活动中形成的\",\"IsAnswer\":false},{\"SortOrder\":1,\"Content\":\"一种帮助与被帮助的关系 \",\"IsAnswer\":false},{\"SortOrder\":2,\"Content\":\"一种治疗性关系\",\"IsAnswer\":false},{\"SortOrder\":3,\"Content\":\"一种专业性互动关系\",\"IsAnswer\":false},{\"SortOrder\":4,\"Content\":\"以护士为中心的关系\",\"IsAnswer\":true}]",
				"answer": "4",
				"resultAnalysis": "",
				"questionScore": 7,
				"isAssignmented": 1,
				"studentAnswer": "4",
				"isRight": 1,
				"getScore": 7,
				"bigQuestionId": "",
				"commentary": "",
				"commentaryFileData": [],
				"subQuestionList": []
			},
			{
				"paperStuQuestionId": "lmsgaksrznmuuwf8uskw_0_3",
				"questionId": "i6qsakmsnlfgw0yl0r15g",
				"questionType": 1,
				"queTypeName": "单选题",
				"sortOrder": 4,
				"orderBy": 4,
				"title": "<p><strong>江某，女，</strong><strong>60岁。入院后责怪医院环境不清洁，病房条件不好，膳食也不好，其角色适应心理反应是</strong></p><p><br/></p>",
				"dataJson": "[{\"SortOrder\":0,\"Content\":\"焦虑、恐惧\",\"IsAnswer\":false},{\"SortOrder\":1,\"Content\":\"情绪不稳定\",\"IsAnswer\":false},{\"SortOrder\":2,\"Content\":\"自尊心增强\",\"IsAnswer\":false},{\"SortOrder\":3,\"Content\":\"猜疑心加重\",\"IsAnswer\":false},{\"SortOrder\":4,\"Content\":\"主观感觉异常\",\"IsAnswer\":true}]",
				"answer": "4",
				"resultAnalysis": "",
				"questionScore": 7,
				"isAssignmented": 1,
				"studentAnswer": "4",
				"isRight": 1,
				"getScore": 7,
				"bigQuestionId": "",
				"commentary": "",
				"commentaryFileData": [],
				"subQuestionList": []
			},
			{
				"paperStuQuestionId": "lmsgaksrznmuuwf8uskw_0_4",
				"questionId": "igirakmspjdd4deslfduq",
				"questionType": 1,
				"queTypeName": "单选题",
				"sortOrder": 5,
				"orderBy": 5,
				"title": "<p><strong>廖某，女，40岁。因胃溃疡出血而住院治疗一周，今天儿子突发意外骨折住院，廖某坚持出院到骨科照顾儿子。其角色适应不良是</strong></p><p><br/></p>",
				"dataJson": "[{\"SortOrder\":0,\"Content\":\"病人角色行为冲突\",\"IsAnswer\":false},{\"SortOrder\":1,\"Content\":\"病人角色行为强化\",\"IsAnswer\":false},{\"SortOrder\":2,\"Content\":\"病人角色行为消退\",\"IsAnswer\":true},{\"SortOrder\":3,\"Content\":\"病人角色行为缺如\",\"IsAnswer\":false},{\"SortOrder\":4,\"Content\":\"病人角色行为缺如\",\"IsAnswer\":false}]",
				"answer": "2",
				"resultAnalysis": "",
				"questionScore": 7,
				"isAssignmented": 1,
				"studentAnswer": "2",
				"isRight": 1,
				"getScore": 7,
				"bigQuestionId": "",
				"commentary": "",
				"commentaryFileData": [],
				"subQuestionList": []
			},
			{
				"paperStuQuestionId": "lmsgaksrznmuuwf8uskw_0_7",
				"questionId": "qsitakmsr6niejxbyea4qa",
				"questionType": 1,
				"queTypeName": "单选题",
				"sortOrder": 6,
				"orderBy": 6,
				"title": "<p><strong>护患关系的基础是</strong></p><p><br/></p>",
				"dataJson": "[{\"SortOrder\":0,\"Content\":\"技术关系\",\"IsAnswer\":true},{\"SortOrder\":1,\"Content\":\"道德关系\",\"IsAnswer\":false},{\"SortOrder\":2,\"Content\":\"法律关系\",\"IsAnswer\":false},{\"SortOrder\":3,\"Content\":\"价值关系\",\"IsAnswer\":false},{\"SortOrder\":4,\"Content\":\"文化关系（63~65题公用题干）\",\"IsAnswer\":false}]",
				"answer": "0",
				"resultAnalysis": "",
				"questionScore": 7,
				"isAssignmented": 1,
				"studentAnswer": "0",
				"isRight": 1,
				"getScore": 7,
				"bigQuestionId": "",
				"commentary": "",
				"commentaryFileData": [],
				"subQuestionList": []
			},
			{
				"paperStuQuestionId": "lmsgaksrznmuuwf8uskw_0_2",
				"questionId": "tjhaaisx5hnqdwtbqgua",
				"questionType": 1,
				"queTypeName": "单选题",
				"sortOrder": 7,
				"orderBy": 7,
				"title": "<p><strong>艾滋病</strong><strong>病人角色适应中易产生的心理反应是</strong></p><p><br/></p>",
				"dataJson": "[{\"SortOrder\":0,\"Content\":\"主观感觉异常\",\"IsAnswer\":false},{\"SortOrder\":1,\"Content\":\"孤独感增强\",\"IsAnswer\":false},{\"SortOrder\":2,\"Content\":\"情绪不稳定\",\"IsAnswer\":false},{\"SortOrder\":3,\"Content\":\"猜疑心加重\",\"IsAnswer\":false},{\"SortOrder\":4,\"Content\":\"害羞与罪恶感\",\"IsAnswer\":true}]",
				"answer": "4",
				"resultAnalysis": "",
				"questionScore": 7,
				"isAssignmented": 1,
				"studentAnswer": "4",
				"isRight": 1,
				"getScore": 7,
				"bigQuestionId": "",
				"commentary": "",
				"commentaryFileData": [],
				"subQuestionList": []
			},
			{
				"paperStuQuestionId": "lmsgaksrznmuuwf8uskw_0_10",
				"questionId": "uyitakmskobgwnojtduizg",
				"questionType": 1,
				"queTypeName": "单选题",
				"sortOrder": 8,
				"orderBy": 8,
				"title": "<p> 病人，男性，54岁，患慢性糖尿病20年，因低血糖昏迷而急诊入院。</p><p><strong>患者恢复期，护患关系的模式应为</strong></p><p><br/></p>",
				"dataJson": "[{\"SortOrder\":0,\"Content\":\"主动－被动型  \",\"IsAnswer\":false},{\"SortOrder\":1,\"Content\":\"共同参与型\",\"IsAnswer\":true},{\"SortOrder\":2,\"Content\":\"指导－合作型\",\"IsAnswer\":false},{\"SortOrder\":3,\"Content\":\"服务-指导型 \",\"IsAnswer\":false},{\"SortOrder\":4,\"Content\":\"双向活动\",\"IsAnswer\":false}]",
				"answer": "1",
				"resultAnalysis": "",
				"questionScore": 7,
				"isAssignmented": 1,
				"studentAnswer": "0",
				"isRight": 2,
				"getScore": 0,
				"bigQuestionId": "",
				"commentary": "",
				"commentaryFileData": [],
				"subQuestionList": []
			},
			{
				"paperStuQuestionId": "lmsgaksrznmuuwf8uskw_31_8",
				"questionId": "xxwazgsiphjnbo0gmmaa",
				"questionType": 1,
				"queTypeName": "单选题",
				"sortOrder": 9,
				"orderBy": 9,
				"title": "<p><span style=\"font-size: 10.5pt; font-family: 宋体;\">担心疾病影响学习而不能安心住院，病人焦虑、烦躁等属于</span></p>",
				"dataJson": "[{\"SortOrder\":0,\"Content\":\"角色行为强化\",\"IsAnswer\":false},{\"SortOrder\":1,\"Content\":\"角色行为冲突\",\"IsAnswer\":true},{\"SortOrder\":2,\"Content\":\"角色行为消退\",\"IsAnswer\":false},{\"SortOrder\":3,\"Content\":\"角色行为异常\",\"IsAnswer\":false}]",
				"answer": "1",
				"resultAnalysis": "",
				"questionScore": 7,
				"isAssignmented": 1,
				"studentAnswer": "1",
				"isRight": 1,
				"getScore": 7,
				"bigQuestionId": "",
				"commentary": "",
				"commentaryFileData": [],
				"subQuestionList": []
			},
			{
				"paperStuQuestionId": "lmsgaksrznmuuwf8uskw_32_0",
				"questionId": "xxwazgsnkbnkywhfhuioq",
				"questionType": 1,
				"queTypeName": "单选题",
				"sortOrder": 10,
				"orderBy": 10,
				"title": "<p><span style=\"font-size: 14px;font-family: 宋体\">患者徐某，男，40岁，新近被诊断患有冠心病，但病人仍不注意休息，反而增加活动量   试图证明自己没有病，此病人属于角色适应问题中的</span></p>",
				"dataJson": "[{\"SortOrder\":0,\"Content\":\"角色行为冲突\",\"IsAnswer\":false},{\"SortOrder\":1,\"Content\":\"角色行为消退\",\"IsAnswer\":false},{\"SortOrder\":2,\"Content\":\"角色行为缺如\",\"IsAnswer\":true},{\"SortOrder\":3,\"Content\":\"角色行为强化\",\"IsAnswer\":false}]",
				"answer": "2",
				"resultAnalysis": "",
				"questionScore": 7,
				"isAssignmented": 1,
				"studentAnswer": "2",
				"isRight": 1,
				"getScore": 7,
				"bigQuestionId": "",
				"commentary": "",
				"commentaryFileData": [],
				"subQuestionList": []
			},
			{
				"paperStuQuestionId": "lmsgaksrznmuuwf8uskw_33_6",
				"questionId": "xxwazgssoxfjnnc8q7wsw",
				"questionType": 1,
				"queTypeName": "单选题",
				"sortOrder": 11,
				"orderBy": 11,
				"title": "<p><span style=\"font-size: 10.5pt; font-family: 宋体;\">“向社区人群传授促进健康的知识和方法”，体现了护士的专业角色是</span></p>",
				"dataJson": "[{\"SortOrder\":0,\"Content\":\"教育者 \",\"IsAnswer\":true},{\"SortOrder\":1,\"Content\":\"咨询者\",\"IsAnswer\":false},{\"SortOrder\":2,\"Content\":\"管理者\",\"IsAnswer\":false},{\"SortOrder\":3,\"Content\":\"协调者\",\"IsAnswer\":false}]",
				"answer": "0",
				"resultAnalysis": "",
				"questionScore": 7,
				"isAssignmented": 1,
				"studentAnswer": "0",
				"isRight": 1,
				"getScore": 7,
				"bigQuestionId": "",
				"commentary": "",
				"commentaryFileData": [],
				"subQuestionList": []
			},
			{
				"paperStuQuestionId": "lmsgaksrznmuuwf8uskw_35_5",
				"questionId": "xxwazgszlbf9ur5adoqpa",
				"questionType": 1,
				"queTypeName": "单选题",
				"sortOrder": 12,
				"orderBy": 12,
				"title": "<p><span style=\"font-size: 10.5pt; font-family: 宋体;\">一位患心肌炎的病人痊愈后害怕出院，属于角色适应问题中的</span></p>",
				"dataJson": "[{\"SortOrder\":0,\"Content\":\"角色行为冲突\",\"IsAnswer\":false},{\"SortOrder\":1,\"Content\":\"角色行为消退\",\"IsAnswer\":false},{\"SortOrder\":2,\"Content\":\"角色行为缺如\",\"IsAnswer\":false},{\"SortOrder\":3,\"Content\":\"角色行为强化\",\"IsAnswer\":true}]",
				"answer": "3",
				"resultAnalysis": "",
				"questionScore": 7,
				"isAssignmented": 1,
				"studentAnswer": "3",
				"isRight": 1,
				"getScore": 7,
				"bigQuestionId": "",
				"commentary": "",
				"commentaryFileData": [],
				"subQuestionList": []
			},
			{
				"paperStuQuestionId": "lmsgaksrznmuuwf8uskw_0_9",
				"questionId": "n6uakmsizbo0ya8rko2jq",
				"questionType": 4,
				"queTypeName": "填空题(客观)",
				"sortOrder": 13,
				"orderBy": 13,
				"title": "<p> 护士素质包括   　 　       素质、   　   　 素质、      　 　 素质。</p><p><br/></p><p><img class=\"questionIndex\" data-index=\"1\" src=\"https://zjy2.icve.com.cn/common/images/question_button/BlankSpace1.gif\"/></p><p><img class=\"questionIndex\" data-index=\"2\" src=\"https://zjy2.icve.com.cn/common/images/question_button/BlankSpace2.gif\"/></p><p><img class=\"questionIndex\" data-index=\"3\" src=\"https://zjy2.icve.com.cn/common/images/question_button/BlankSpace3.gif\"/></p>",
				"dataJson": "[{\"SortOrder\":0,\"Content\":\"思想道德\",\"CaseSensitive\":false,\"IsAnswer\":true,\"AlternativeAnswer\":[]},{\"SortOrder\":1,\"Content\":\"专业\",\"CaseSensitive\":false,\"IsAnswer\":true,\"AlternativeAnswer\":[]},{\"SortOrder\":2,\"Content\":\"身心\",\"CaseSensitive\":false,\"IsAnswer\":true,\"AlternativeAnswer\":[]}]",
				"answer": "[{\"SortOrder\":0,\"Content\":\"思想道德\",\"CaseSensitive\":false,\"IsAnswer\":true,\"AlternativeAnswer\":[]},{\"SortOrder\":1,\"Content\":\"专业\",\"CaseSensitive\":false,\"IsAnswer\":true,\"AlternativeAnswer\":[]},{\"SortOrder\":2,\"Content\":\"身心\",\"CaseSensitive\":false,\"IsAnswer\":true,\"AlternativeAnswer\":[]}]",
				"resultAnalysis": "",
				"questionScore": 9,
				"isAssignmented": 1,
				"studentAnswer": "[{\"SortOrder\":0,\"Content\":\"思想品德\"},{\"SortOrder\":1,\"Content\":\"专业\"},{\"SortOrder\":2,\"Content\":\"仪态\"}]",
				"isRight": 3,
				"getScore": 3,
				"bigQuestionId": "",
				"commentary": "",
				"commentaryFileData": [],
				"subQuestionList": []
			}
		],
		"isNeedSyncRecord": false,
		"isShowAnswer": 1
	}
}