{
	"code": 1,
	"msg": "获取成功",
	"data": {
		"homeworkId": "3dwfaams1zhbpeuu1vpuba",
		"uniqueId": "5uljaasopddn1o6xhm5w",
		"paperStructUnique": "",
		"courseOpenId": "ppvnatisl55lkxnq3ztcq",
		"openClassId": "um1oatiscqlec0qutnacg",
		"homeworkTitle": "第六章  评判性思维与临床护理决策",
		"ztWay": 2,
		"paperType": 1,
		"homeworkType": 1,
		"totalScore": 100,
		"state": 2,
		"remark": "",
		"questions": [
			{
				"paperStuQuestionId": "5uljaasopddn1o6xhm5w_0_8",
				"questionId": "9zcaaams6ojhmzf8hu0g",
				"questionType": 1,
				"queTypeName": "单选题",
				"sortOrder": 0,
				"orderBy": 0,
				"title": "<p><strong>评判性思维的核心目的是</strong></p><p><br/></p>",
				"dataJson": "[{\"SortOrder\":0,\"Content\":\"诊断推理\",\"IsAnswer\":false},{\"SortOrder\":1,\"Content\":\"质疑反思\",\"IsAnswer\":false},{\"SortOrder\":2,\"Content\":\"临床决策  \",\"IsAnswer\":true},{\"SortOrder\":3,\"Content\":\"鉴别诊断\",\"IsAnswer\":false},{\"SortOrder\":4,\"Content\":\"演绎推理\",\"IsAnswer\":false}]",
				"answer": "2",
				"resultAnalysis": "",
				"questionScore": 6,
				"isAssignmented": 1,
				"studentAnswer": "2",
				"isRight": 1,
				"getScore": 6,
				"bigQuestionId": "",
				"commentary": "",
				"commentaryFileData": [],
				"subQuestionList": []
			},
			{
				"paperStuQuestionId": "5uljaasopddn1o6xhm5w_0_9",
				"questionId": "fnqbaams7kplcgqkvno8ma",
				"questionType": 1,
				"queTypeName": "单选题",
				"sortOrder": 1,
				"orderBy": 1,
				"title": "<p><strong>护士小王因不熟悉输血时需核对的内容而无法为病人及时输血，影响其进行临床护理决策的主要因素属于</strong></p><p><br/></p>",
				"dataJson": "[{\"SortOrder\":0,\"Content\":\"决策事件因素\",\"IsAnswer\":false},{\"SortOrder\":1,\"Content\":\"物理环境因素  \",\"IsAnswer\":false},{\"SortOrder\":2,\"Content\":\"社会环境因素\",\"IsAnswer\":false},{\"SortOrder\":3,\"Content\":\"决策者因素\",\"IsAnswer\":true},{\"SortOrder\":4,\"Content\":\"工作态度因素\",\"IsAnswer\":false}]",
				"answer": "3",
				"resultAnalysis": "",
				"questionScore": 6,
				"isAssignmented": 1,
				"studentAnswer": "3",
				"isRight": 1,
				"getScore": 6,
				"bigQuestionId": "",
				"commentary": "",
				"commentaryFileData": [],
				"subQuestionList": []
			},
			{
				"paperStuQuestionId": "5uljaasopddn1o6xhm5w_0_4",
				"questionId": "ttcaaamsflreyl2jm5ivvg",
				"questionType": 1,
				"queTypeName": "单选题",
				"sortOrder": 2,
				"orderBy": 2,
				"title": "<p><strong>评判性思维的智力因素包括</strong></p><p><br/></p>",
				"dataJson": "[{\"SortOrder\":0,\"Content\":\"负责的态度\",\"IsAnswer\":false},{\"SortOrder\":1,\"Content\":\"推论、说明的能力\",\"IsAnswer\":false},{\"SortOrder\":2,\"Content\":\"自我调控能力 \",\"IsAnswer\":false},{\"SortOrder\":3,\"Content\":\"独立思考能力   \",\"IsAnswer\":false},{\"SortOrder\":4,\"Content\":\"专业知识和经验\",\"IsAnswer\":true}]",
				"answer": "4",
				"resultAnalysis": "",
				"questionScore": 6,
				"isAssignmented": 1,
				"studentAnswer": "3",
				"isRight": 2,
				"getScore": 0,
				"bigQuestionId": "",
				"commentary": "",
				"commentaryFileData": [],
				"subQuestionList": []
			},
			{
				"paperStuQuestionId": "5uljaasopddn1o6xhm5w_0_0",
				"questionId": "wcobaams1brpnaxxjmptgg",
				"questionType": 1,
				"queTypeName": "单选题",
				"sortOrder": 3,
				"orderBy": 3,
				"title": "<p><strong>护士对截肢病人进行心理指导，但病房内探视的家属较多，病人无心与护士沟通，此时护士应调整</strong></p><p><br/></p>",
				"dataJson": "[{\"SortOrder\":0,\"Content\":\"决策事件\",\"IsAnswer\":false},{\"SortOrder\":1,\"Content\":\"物理环境 \",\"IsAnswer\":true},{\"SortOrder\":2,\"Content\":\"社会环境\",\"IsAnswer\":false},{\"SortOrder\":3,\"Content\":\"心理指导方法\",\"IsAnswer\":false},{\"SortOrder\":4,\"Content\":\"病人态度\",\"IsAnswer\":false}]",
				"answer": "1",
				"resultAnalysis": "",
				"questionScore": 6,
				"isAssignmented": 1,
				"studentAnswer": "1",
				"isRight": 1,
				"getScore": 6,
				"bigQuestionId": "",
				"commentary": "",
				"commentaryFileData": [],
				"subQuestionList": []
			},
			{
				"paperStuQuestionId": "5uljaasopddn1o6xhm5w_0_5",
				"questionId": "wicbaams0rfh4fd4g780vg",
				"questionType": 1,
				"queTypeName": "单选题",
				"sortOrder": 4,
				"orderBy": 4,
				"title": "<p><strong>某胃癌病人，</strong><strong> </strong><strong>行胃癌根治术，术后同时要进行中心静脉压监测、输血、静脉营养等多种措施，此时护士临床护理决策中应最先确定的问题是</strong></p><p><br/></p>",
				"dataJson": "[{\"SortOrder\":0,\"Content\":\"如何选择血管\",\"IsAnswer\":true},{\"SortOrder\":1,\"Content\":\"如何调整输液速度\",\"IsAnswer\":false},{\"SortOrder\":2,\"Content\":\"补充哪些营养物质 \",\"IsAnswer\":false},{\"SortOrder\":3,\"Content\":\"如何检测中心静脉压  \",\"IsAnswer\":false},{\"SortOrder\":4,\"Content\":\"如何调整输血速度\",\"IsAnswer\":false}]",
				"answer": "0",
				"resultAnalysis": "",
				"questionScore": 6,
				"isAssignmented": 1,
				"studentAnswer": "3",
				"isRight": 2,
				"getScore": 0,
				"bigQuestionId": "",
				"commentary": "",
				"commentaryFileData": [],
				"subQuestionList": []
			},
			{
				"paperStuQuestionId": "5uljaasopddn1o6xhm5w_50_3",
				"questionId": "jpvwazgs8kblfpk1o7133w",
				"questionType": 1,
				"queTypeName": "单选题",
				"sortOrder": 5,
				"orderBy": 5,
				"title": "<p>有关临床路径的表述错误的是</p>",
				"dataJson": "[{\"SortOrder\":0,\"Content\":\"节约医疗资源\",\"IsAnswer\":false},{\"SortOrder\":1,\"Content\":\"提高医疗成本\",\"IsAnswer\":true},{\"SortOrder\":2,\"Content\":\"规范医务人员的诊疗行为\",\"IsAnswer\":false},{\"SortOrder\":3,\"Content\":\"提高自护能力\",\"IsAnswer\":false}]",
				"answer": "1",
				"resultAnalysis": "",
				"questionScore": 6,
				"isAssignmented": 1,
				"studentAnswer": "1",
				"isRight": 1,
				"getScore": 6,
				"bigQuestionId": "",
				"commentary": "",
				"commentaryFileData": [],
				"subQuestionList": []
			},
			{
				"paperStuQuestionId": "5uljaasopddn1o6xhm5w_49_6",
				"questionId": "jpvwazgsj7xhijy4rijkka",
				"questionType": 2,
				"queTypeName": "多选题",
				"sortOrder": 6,
				"orderBy": 6,
				"title": "<p>评判性思维的意义有哪些</p>",
				"dataJson": "[{\"SortOrder\":0,\"Content\":\"提高护理工作质量\",\"IsAnswer\":true},{\"SortOrder\":1,\"Content\":\"促进护士整体素质的提高\",\"IsAnswer\":true},{\"SortOrder\":2,\"Content\":\"促进护理学科发展\",\"IsAnswer\":true},{\"SortOrder\":3,\"Content\":\"提高护理事业的质量\",\"IsAnswer\":true}]",
				"answer": "0,1,2,3",
				"resultAnalysis": "",
				"questionScore": 6,
				"isAssignmented": 1,
				"studentAnswer": "1,3,0,2",
				"isRight": 1,
				"getScore": 6,
				"bigQuestionId": "",
				"commentary": "",
				"commentaryFileData": [],
				"subQuestionList": []
			},
			{
				"paperStuQuestionId": "5uljaasopddn1o6xhm5w_51_10",
				"questionId": "jpvwazgsv6jh5xwunyhyqw",
				"questionType": 2,
				"queTypeName": "多选题",
				"sortOrder": 7,
				"orderBy": 7,
				"title": "<p>临床护理决策的模式包括</p>",
				"dataJson": "[{\"SortOrder\":0,\"Content\":\"病人决策模式\",\"IsAnswer\":true},{\"SortOrder\":1,\"Content\":\"护士决策模式\",\"IsAnswer\":true},{\"SortOrder\":2,\"Content\":\"共同决策模式\",\"IsAnswer\":true},{\"SortOrder\":3,\"Content\":\"风险决策模式\",\"IsAnswer\":false}]",
				"answer": "0,1,2",
				"resultAnalysis": "",
				"questionScore": 6,
				"isAssignmented": 1,
				"studentAnswer": "",
				"isRight": 2,
				"getScore": 0,
				"bigQuestionId": "",
				"commentary": "",
				"commentaryFileData": [],
				"subQuestionList": []
			},
			{
				"paperStuQuestionId": "5uljaasopddn1o6xhm5w_52_2",
				"questionId": "jpvwazgszbfkno5trrebw",
				"questionType": 2,
				"queTypeName": "多选题",
				"sortOrder": 8,
				"orderBy": 8,
				"title": "<p>循证护理的实施程序有</p>",
				"dataJson": "[{\"SortOrder\":0,\"Content\":\"提出问题\",\"IsAnswer\":true},{\"SortOrder\":1,\"Content\":\"检索相关文献\",\"IsAnswer\":true},{\"SortOrder\":2,\"Content\":\"收集与评鉴证据\",\"IsAnswer\":true},{\"SortOrder\":3,\"Content\":\"传播证据\",\"IsAnswer\":true}]",
				"answer": "0,1,2,3",
				"resultAnalysis": "",
				"questionScore": 6,
				"isAssignmented": 1,
				"studentAnswer": "1,0,2",
				"isRight": 2,
				"getScore": 0,
				"bigQuestionId": "",
				"commentary": "",
				"commentaryFileData": [],
				"subQuestionList": []
			},
			{
				"paperStuQuestionId": "5uljaasopddn1o6xhm5w_53_1",
				"questionId": "jpvwazgswlpb9fojjzdyq",
				"questionType": 2,
				"queTypeName": "多选题",
				"sortOrder": 9,
				"orderBy": 9,
				"title": "<p>评判性思维认知技能因素包括</p>",
				"dataJson": "[{\"SortOrder\":0,\"Content\":\"解释\",\"IsAnswer\":true},{\"SortOrder\":1,\"Content\":\"分析\",\"IsAnswer\":true},{\"SortOrder\":2,\"Content\":\"评估\",\"IsAnswer\":true},{\"SortOrder\":3,\"Content\":\"独立创新\",\"IsAnswer\":false}]",
				"answer": "0,1,2",
				"resultAnalysis": "",
				"questionScore": 6,
				"isAssignmented": 1,
				"studentAnswer": "1,0,2",
				"isRight": 1,
				"getScore": 6,
				"bigQuestionId": "",
				"commentary": "",
				"commentaryFileData": [],
				"subQuestionList": []
			},
			{
				"paperStuQuestionId": "5uljaasopddn1o6xhm5w_0_7",
				"questionId": "d56caamslinfnel6ffxcoq",
				"questionType": 4,
				"queTypeName": "填空题(客观)",
				"sortOrder": 10,
				"orderBy": 10,
				"title": "<p>临床护理决策的步骤包括（          ） 、陈述目标、（          ） 、（         ） 和（          ）。</p><p><br/></p><p><img class=\"questionIndex\" data-index=\"1\" src=\"https://zjy2.icve.com.cn/common/images/question_button/BlankSpace1.gif\"/></p><p><img class=\"questionIndex\" data-index=\"2\" src=\"https://zjy2.icve.com.cn/common/images/question_button/BlankSpace2.gif\"/></p><p><img class=\"questionIndex\" data-index=\"3\" src=\"https://zjy2.icve.com.cn/common/images/question_button/BlankSpace3.gif\"/></p><p><img class=\"questionIndex\" data-index=\"4\" src=\"https://zjy2.icve.com.cn/common/images/question_button/BlankSpace4.gif\"/></p>",
				"dataJson": "[{\"SortOrder\":0,\"Content\":\"明确问题\",\"CaseSensitive\":false,\"IsAnswer\":true,\"AlternativeAnswer\":[]},{\"SortOrder\":1,\"Content\":\"选择方案\",\"CaseSensitive\":false,\"IsAnswer\":true,\"AlternativeAnswer\":[]},{\"SortOrder\":2,\"Content\":\"实施方案\",\"CaseSensitive\":false,\"IsAnswer\":true,\"AlternativeAnswer\":[]},{\"SortOrder\":3,\"Content\":\"评价反馈\",\"CaseSensitive\":false,\"IsAnswer\":true,\"AlternativeAnswer\":[]}]",
				"answer": "[{\"SortOrder\":0,\"Content\":\"明确问题\",\"CaseSensitive\":false,\"IsAnswer\":true,\"AlternativeAnswer\":[]},{\"SortOrder\":1,\"Content\":\"选择方案\",\"CaseSensitive\":false,\"IsAnswer\":true,\"AlternativeAnswer\":[]},{\"SortOrder\":2,\"Content\":\"实施方案\",\"CaseSensitive\":false,\"IsAnswer\":true,\"AlternativeAnswer\":[]},{\"SortOrder\":3,\"Content\":\"评价反馈\",\"CaseSensitive\":false,\"IsAnswer\":true,\"AlternativeAnswer\":[]}]",
				"resultAnalysis": "",
				"questionScore": 40,
				"isAssignmented": 1,
				"studentAnswer": "[{\"SortOrder\":0,\"Content\":\"明确问题\"},{\"SortOrder\":1,\"Content\":\"选择方案\"},{\"SortOrder\":2,\"Content\":\"实施方案\"},{\"SortOrder\":3,\"Content\":\"评价与反馈\"}]",
				"isRight": 3,
				"getScore": 30,
				"bigQuestionId": "",
				"commentary": "",
				"commentaryFileData": [],
				"subQuestionList": []
			}
		],
		"isNeedSyncRecord": false,
		"isShowAnswer": 1
	}
}