{
	"code": 1,
	"msg": "获取成功",
	"data": {
		"homeworkId": "ngecakqsfy5m8smdjreprq",
		"uniqueId": "hu9naasblrjv2hm3qb5lg",
		"paperStructUnique": "",
		"courseOpenId": "ppvnatisl55lkxnq3ztcq",
		"openClassId": "um1oatiscqlec0qutnacg",
		"homeworkTitle": "第七章  护理程序",
		"ztWay": 2,
		"paperType": 2,
		"homeworkType": 1,
		"totalScore": 100,
		"state": 1,
		"remark": "",
		"questions": [
			{
				"paperStuQuestionId": "hu9naasblrjv2hm3qb5lg_0_9",
				"questionId": "0giaamsryxed8jzbubdw",
				"questionType": 1,
				"queTypeName": "单选题",
				"sortOrder": 0,
				"orderBy": 0,
				"title": "<p><strong>在护理诊断陈述公式“</strong><strong>PSE</strong><strong>”中，字幕“</strong><strong>S</strong><strong>”表示的是</strong></p><p><br/></p>",
				"dataJson": "[{\"SortOrder\":0,\"Content\":\"健康问题 \",\"IsAnswer\":false},{\"SortOrder\":1,\"Content\":\"症状或体征\",\"IsAnswer\":true},{\"SortOrder\":2,\"Content\":\"相关因素\",\"IsAnswer\":false},{\"SortOrder\":3,\"Content\":\"护理措施   \",\"IsAnswer\":false},{\"SortOrder\":4,\"Content\":\"护理结果\",\"IsAnswer\":false}]",
				"answer": "1",
				"resultAnalysis": "",
				"questionScore": 5,
				"isAssignmented": 1,
				"studentAnswer": "1",
				"isRight": 1,
				"getScore": 5,
				"bigQuestionId": "",
				"commentary": "",
				"commentaryFileData": [],
				"subQuestionList": []
			},
			{
				"paperStuQuestionId": "hu9naasblrjv2hm3qb5lg_0_15",
				"questionId": "82ybakqsm5tkzhkcgcn8g",
				"questionType": 1,
				"queTypeName": "单选题",
				"sortOrder": 1,
				"orderBy": 1,
				"title": "<p> 杜某，女，64岁。左上肢因输液引起条索状红线，红、肿、热、痛，伴畏寒、发热，体温37.8℃。护士指导病人抬高患肢、限制活动，并用95%乙醇为其进行热湿敷。<strong>护士用</strong><strong>95%乙醇为其进行热湿敷，此行为属于执行</strong></p><p><br/></p>",
				"dataJson": "[{\"SortOrder\":0,\"Content\":\"非护理措施\",\"IsAnswer\":false},{\"SortOrder\":1,\"Content\":\"依赖性护理措施\",\"IsAnswer\":false},{\"SortOrder\":2,\"Content\":\"合作性护理措施\",\"IsAnswer\":false},{\"SortOrder\":3,\"Content\":\"独立性护理措施\",\"IsAnswer\":true},{\"SortOrder\":4,\"Content\":\"预防性护理措施\",\"IsAnswer\":false}]",
				"answer": "3",
				"resultAnalysis": "",
				"questionScore": 5,
				"isAssignmented": 1,
				"studentAnswer": "4",
				"isRight": 2,
				"getScore": 0,
				"bigQuestionId": "",
				"commentary": "",
				"commentaryFileData": [],
				"subQuestionList": []
			},
			{
				"paperStuQuestionId": "hu9naasblrjv2hm3qb5lg_0_0",
				"questionId": "8ilaamsdovgqkyegn9laq",
				"questionType": 1,
				"queTypeName": "单选题",
				"sortOrder": 2,
				"orderBy": 2,
				"title": "<p><strong>护理目标已完成，对原有护理计划将采取的措施是</strong></p><p><br/></p>",
				"dataJson": "[{\"SortOrder\":0,\"Content\":\"停止\",\"IsAnswer\":true},{\"SortOrder\":1,\"Content\":\"继续\",\"IsAnswer\":false},{\"SortOrder\":2,\"Content\":\"修订  \",\"IsAnswer\":false},{\"SortOrder\":3,\"Content\":\"取消\",\"IsAnswer\":false},{\"SortOrder\":4,\"Content\":\"重审\",\"IsAnswer\":false}]",
				"answer": "0",
				"resultAnalysis": "",
				"questionScore": 5,
				"isAssignmented": 1,
				"studentAnswer": "2",
				"isRight": 2,
				"getScore": 0,
				"bigQuestionId": "",
				"commentary": "",
				"commentaryFileData": [],
				"subQuestionList": []
			},
			{
				"paperStuQuestionId": "hu9naasblrjv2hm3qb5lg_0_14",
				"questionId": "c7kiaamsqzlllp9vahjdaa",
				"questionType": 1,
				"queTypeName": "单选题",
				"sortOrder": 3,
				"orderBy": 3,
				"title": "<p><strong>护理记录单的常用记录格式是</strong></p><p><br/></p>",
				"dataJson": "[{\"SortOrder\":0,\"Content\":\"PIO \",\"IsAnswer\":true},{\"SortOrder\":1,\"Content\":\"PS\",\"IsAnswer\":false},{\"SortOrder\":2,\"Content\":\"PE \",\"IsAnswer\":false},{\"SortOrder\":3,\"Content\":\"PIS \",\"IsAnswer\":false},{\"SortOrder\":4,\"Content\":\"PSE\",\"IsAnswer\":false}]",
				"answer": "0",
				"resultAnalysis": "",
				"questionScore": 5,
				"isAssignmented": 1,
				"studentAnswer": "0",
				"isRight": 1,
				"getScore": 5,
				"bigQuestionId": "",
				"commentary": "",
				"commentaryFileData": [],
				"subQuestionList": []
			},
			{
				"paperStuQuestionId": "hu9naasblrjv2hm3qb5lg_0_12",
				"questionId": "comjaamsn7rnypwkdyhxaw",
				"questionType": 1,
				"queTypeName": "单选题",
				"sortOrder": 4,
				"orderBy": 4,
				"title": "<p><strong>下列属于合作性问题的是</strong></p><p><br/></p>",
				"dataJson": "[{\"SortOrder\":0,\"Content\":\"体温过高：与肺部感染有关 \",\"IsAnswer\":false},{\"SortOrder\":1,\"Content\":\"潜在并发症：心排出量减少\",\"IsAnswer\":true},{\"SortOrder\":2,\"Content\":\"便秘：与活动减少有关\",\"IsAnswer\":false},{\"SortOrder\":3,\"Content\":\"清理呼吸道无效：与无力咳嗽有关\",\"IsAnswer\":false},{\"SortOrder\":4,\"Content\":\"皮肤完整性受损：与长期卧床有关\",\"IsAnswer\":false}]",
				"answer": "1",
				"resultAnalysis": "",
				"questionScore": 5,
				"isAssignmented": 1,
				"studentAnswer": "1",
				"isRight": 1,
				"getScore": 5,
				"bigQuestionId": "",
				"commentary": "",
				"commentaryFileData": [],
				"subQuestionList": []
			},
			{
				"paperStuQuestionId": "hu9naasblrjv2hm3qb5lg_0_8",
				"questionId": "hgjaamsijdg8ncabbi3oq",
				"questionType": 1,
				"queTypeName": "单选题",
				"sortOrder": 5,
				"orderBy": 5,
				"title": "<p><strong>邓某，女，</strong><strong>36岁。因头痛、头晕入院。在下列护士收集到的病人资料中，属于客观资料的是</strong></p><p><br/></p>",
				"dataJson": "[{\"SortOrder\":0,\"Content\":\"头痛 \",\"IsAnswer\":false},{\"SortOrder\":1,\"Content\":\"咽部充血 \",\"IsAnswer\":true},{\"SortOrder\":2,\"Content\":\"头晕  \",\"IsAnswer\":false},{\"SortOrder\":3,\"Content\":\"入睡困难\",\"IsAnswer\":false},{\"SortOrder\":4,\"Content\":\"恶心\",\"IsAnswer\":false}]",
				"answer": "1",
				"resultAnalysis": "",
				"questionScore": 5,
				"isAssignmented": 1,
				"studentAnswer": "1",
				"isRight": 1,
				"getScore": 5,
				"bigQuestionId": "",
				"commentary": "",
				"commentaryFileData": [],
				"subQuestionList": []
			},
			{
				"paperStuQuestionId": "hu9naasblrjv2hm3qb5lg_0_10",
				"questionId": "hxojaamsx4xffzkfvnzdha",
				"questionType": 1,
				"queTypeName": "单选题",
				"sortOrder": 6,
				"orderBy": 6,
				"title": "<p><strong>下列护理诊断应排在首位的是</strong></p><p><br/></p>",
				"dataJson": "[{\"SortOrder\":0,\"Content\":\"有活动无耐力的危险\",\"IsAnswer\":false},{\"SortOrder\":1,\"Content\":\"不能维持自主呼吸\",\"IsAnswer\":true},{\"SortOrder\":2,\"Content\":\"口腔粘膜受损\",\"IsAnswer\":false},{\"SortOrder\":3,\"Content\":\"缺乏娱乐活动 \",\"IsAnswer\":false},{\"SortOrder\":4,\"Content\":\"寻求健康的行为\",\"IsAnswer\":false}]",
				"answer": "1",
				"resultAnalysis": "",
				"questionScore": 5,
				"isAssignmented": 1,
				"studentAnswer": "1",
				"isRight": 1,
				"getScore": 5,
				"bigQuestionId": "",
				"commentary": "",
				"commentaryFileData": [],
				"subQuestionList": []
			},
			{
				"paperStuQuestionId": "hu9naasblrjv2hm3qb5lg_0_4",
				"questionId": "kugkaamscbpe2uwkd6lhmg",
				"questionType": 1,
				"queTypeName": "单选题",
				"sortOrder": 7,
				"orderBy": 7,
				"title": "<p>余某，男，73岁。因慢性支气管炎急性发作而住院，主诉咳嗽无力，痰液黏稠不易咳出。查体：精神萎靡，皮肤干燥，体温38.9℃，肺部听诊可闻及干、湿啰音。<strong>陈述正确的护理诊断是</strong></p><p><br/></p>",
				"dataJson": "[{\"SortOrder\":0,\"Content\":\"清理呼吸道无效：与咳嗽无力、痰液黏稠有关 \",\"IsAnswer\":true},{\"SortOrder\":1,\"Content\":\"体温过高：体温38.9℃：呼吸道炎症导致\",\"IsAnswer\":false},{\"SortOrder\":2,\"Content\":\"活动无耐力：因呼吸道炎症、氧供应减少引起 \",\"IsAnswer\":false},{\"SortOrder\":3,\"Content\":\"知识缺乏  \",\"IsAnswer\":false},{\"SortOrder\":4,\"Content\":\"组织灌注量不足：与发热、皮肤干燥有关\",\"IsAnswer\":false}]",
				"answer": "0",
				"resultAnalysis": "",
				"questionScore": 5,
				"isAssignmented": 1,
				"studentAnswer": "0",
				"isRight": 1,
				"getScore": 5,
				"bigQuestionId": "",
				"commentary": "",
				"commentaryFileData": [],
				"subQuestionList": []
			},
			{
				"paperStuQuestionId": "hu9naasblrjv2hm3qb5lg_0_1",
				"questionId": "msshaamsgqblzvp5zhn02q",
				"questionType": 1,
				"queTypeName": "单选题",
				"sortOrder": 8,
				"orderBy": 8,
				"title": "<p><strong>护理程序的基本结构框架是</strong></p><p><br/></p>",
				"dataJson": "[{\"SortOrder\":0,\"Content\":\"一般系统理论\",\"IsAnswer\":true},{\"SortOrder\":1,\"Content\":\"需要层次理论 \",\"IsAnswer\":false},{\"SortOrder\":2,\"Content\":\"应激与适应理论\",\"IsAnswer\":false},{\"SortOrder\":3,\"Content\":\"沟通理论 \",\"IsAnswer\":false},{\"SortOrder\":4,\"Content\":\"解决问题论\",\"IsAnswer\":false}]",
				"answer": "0",
				"resultAnalysis": "",
				"questionScore": 5,
				"isAssignmented": 1,
				"studentAnswer": "0",
				"isRight": 1,
				"getScore": 5,
				"bigQuestionId": "",
				"commentary": "",
				"commentaryFileData": [],
				"subQuestionList": []
			},
			{
				"paperStuQuestionId": "hu9naasblrjv2hm3qb5lg_0_3",
				"questionId": "pzgaakqsv7fa1tlo3bb3ma",
				"questionType": 1,
				"queTypeName": "单选题",
				"sortOrder": 9,
				"orderBy": 9,
				"title": "<p><strong>收集病人资料“呼出气体呈烂苹果味”的方法属于</strong></p><p><br/></p>",
				"dataJson": "[{\"SortOrder\":0,\"Content\":\"视觉观察法  \",\"IsAnswer\":false},{\"SortOrder\":1,\"Content\":\"触觉观察法 \",\"IsAnswer\":false},{\"SortOrder\":2,\"Content\":\"听觉观察法 \",\"IsAnswer\":false},{\"SortOrder\":3,\"Content\":\"嗅觉观察法 \",\"IsAnswer\":true},{\"SortOrder\":4,\"Content\":\"味觉观察法\",\"IsAnswer\":false}]",
				"answer": "3",
				"resultAnalysis": "",
				"questionScore": 5,
				"isAssignmented": 1,
				"studentAnswer": "3",
				"isRight": 1,
				"getScore": 5,
				"bigQuestionId": "",
				"commentary": "",
				"commentaryFileData": [],
				"subQuestionList": []
			},
			{
				"paperStuQuestionId": "hu9naasblrjv2hm3qb5lg_0_6",
				"questionId": "syikaamssyzatommy8sm4g",
				"questionType": 1,
				"queTypeName": "单选题",
				"sortOrder": 10,
				"orderBy": 10,
				"title": "<p>余某，男，73岁。因慢性支气管炎急性发作而住院，主诉咳嗽无力，痰液黏稠不易咳出。查体：精神萎靡，皮肤干燥，体温38.9℃，肺部听诊可闻及干、湿啰音。<strong>下列属于主观资料的是</strong></p><p><br/></p>",
				"dataJson": "[{\"SortOrder\":0,\"Content\":\"皮肤干燥\",\"IsAnswer\":false},{\"SortOrder\":1,\"Content\":\"痰液黏稠\",\"IsAnswer\":false},{\"SortOrder\":2,\"Content\":\"体温38.9℃ \",\"IsAnswer\":false},{\"SortOrder\":3,\"Content\":\"咳嗽无力\",\"IsAnswer\":true},{\"SortOrder\":4,\"Content\":\"肺部干、湿啰音\",\"IsAnswer\":false}]",
				"answer": "3",
				"resultAnalysis": "",
				"questionScore": 5,
				"isAssignmented": 1,
				"studentAnswer": "4",
				"isRight": 2,
				"getScore": 0,
				"bigQuestionId": "",
				"commentary": "",
				"commentaryFileData": [],
				"subQuestionList": []
			},
			{
				"paperStuQuestionId": "hu9naasblrjv2hm3qb5lg_0_5",
				"questionId": "tn8aakqskqdjalexhgbklg",
				"questionType": 1,
				"queTypeName": "单选题",
				"sortOrder": 11,
				"orderBy": 11,
				"title": "<p><strong>病人认为出院后不需监测血糖，此时病人主要的护理问题是</strong></p><p><br/></p>",
				"dataJson": "[{\"SortOrder\":0,\"Content\":\"有感染的危险 \",\"IsAnswer\":false},{\"SortOrder\":1,\"Content\":\"知识缺乏  \",\"IsAnswer\":true},{\"SortOrder\":2,\"Content\":\"潜在并发症：高血糖 \",\"IsAnswer\":false},{\"SortOrder\":3,\"Content\":\"不合作  \",\"IsAnswer\":false},{\"SortOrder\":4,\"Content\":\"有皮肤完整性受损的危险\",\"IsAnswer\":false}]",
				"answer": "1",
				"resultAnalysis": "",
				"questionScore": 5,
				"isAssignmented": 1,
				"studentAnswer": "1",
				"isRight": 1,
				"getScore": 5,
				"bigQuestionId": "",
				"commentary": "",
				"commentaryFileData": [],
				"subQuestionList": []
			},
			{
				"paperStuQuestionId": "hu9naasblrjv2hm3qb5lg_0_13",
				"questionId": "y2iaamssopnujzkt4qrmw",
				"questionType": 1,
				"queTypeName": "单选题",
				"sortOrder": 12,
				"orderBy": 12,
				"title": "<p><strong>下列护理目标中，叙述正确的是</strong></p><p><br/></p>",
				"dataJson": "[{\"SortOrder\":0,\"Content\":\"教病人学会下肢功能锻炼的方法\",\"IsAnswer\":false},{\"SortOrder\":1,\"Content\":\"教病人学会有效呼吸的方法\",\"IsAnswer\":false},{\"SortOrder\":2,\"Content\":\"教病人学会自我注射胰岛素的方法 \",\"IsAnswer\":false},{\"SortOrder\":3,\"Content\":\"在护士的搀扶下每日下床行走15min \",\"IsAnswer\":true},{\"SortOrder\":4,\"Content\":\"每日用轮椅推病人外出活动30分钟\",\"IsAnswer\":false}]",
				"answer": "3",
				"resultAnalysis": "",
				"questionScore": 5,
				"isAssignmented": 1,
				"studentAnswer": "4",
				"isRight": 2,
				"getScore": 0,
				"bigQuestionId": "",
				"commentary": "",
				"commentaryFileData": [],
				"subQuestionList": []
			},
			{
				"paperStuQuestionId": "hu9naasblrjv2hm3qb5lg_0_11",
				"questionId": "zteaakqsiqlcnr6gxbwyow",
				"questionType": 1,
				"queTypeName": "单选题",
				"sortOrder": 13,
				"orderBy": 13,
				"title": "<p>杜某，女，64岁。左上肢因输液引起条索状红线，红、肿、热、痛，伴畏寒、发热，体温37.8℃。护士指导病人抬高患肢、限制活动，并用95%乙醇为其进行热湿敷。<strong>下列属于主观资料的是</strong></p><p><br/></p>",
				"dataJson": "[{\"SortOrder\":0,\"Content\":\"条索状红线\",\"IsAnswer\":false},{\"SortOrder\":1,\"Content\":\"体温37.8℃\",\"IsAnswer\":false},{\"SortOrder\":2,\"Content\":\"左上肢疼痛\",\"IsAnswer\":true},{\"SortOrder\":3,\"Content\":\"局部皮肤发红 \",\"IsAnswer\":false},{\"SortOrder\":4,\"Content\":\"患肢皮温高\",\"IsAnswer\":false}]",
				"answer": "2",
				"resultAnalysis": "",
				"questionScore": 5,
				"isAssignmented": 1,
				"studentAnswer": "3",
				"isRight": 2,
				"getScore": 0,
				"bigQuestionId": "",
				"commentary": "",
				"commentaryFileData": [],
				"subQuestionList": []
			},
			{
				"paperStuQuestionId": "hu9naasblrjv2hm3qb5lg_58_7",
				"questionId": "qp1wazgs3prakxkscypazg",
				"questionType": 1,
				"queTypeName": "单选题",
				"sortOrder": 14,
				"orderBy": 14,
				"title": "<p><span style=\"font-size: 14px;font-family: 宋体\">患者，男，</span><span style=\"font-size: 14px;font-family: Calibri, sans-serif\">76</span><span style=\"font-size: 14px;font-family: 宋体\">岁。以“慢性阻塞性肺气肿”收入院。护士在收集资料时认为目前存在以下问题，护士应优先解决：</span></p>",
				"dataJson": "[{\"SortOrder\":0,\"Content\":\"营养不良\",\"IsAnswer\":false},{\"SortOrder\":1,\"Content\":\"知识缺乏\",\"IsAnswer\":false},{\"SortOrder\":2,\"Content\":\"恐惧\",\"IsAnswer\":false},{\"SortOrder\":3,\"Content\":\"清理呼吸道无效\",\"IsAnswer\":true}]",
				"answer": "3",
				"resultAnalysis": "",
				"questionScore": 5,
				"isAssignmented": 1,
				"studentAnswer": "3",
				"isRight": 1,
				"getScore": 5,
				"bigQuestionId": "",
				"commentary": "",
				"commentaryFileData": [],
				"subQuestionList": []
			},
			{
				"paperStuQuestionId": "hu9naasblrjv2hm3qb5lg_0_2",
				"questionId": "ytebakqsa71ixjckc9qzaw",
				"questionType": 6,
				"queTypeName": "问答题",
				"sortOrder": 15,
				"orderBy": 15,
				"title": "<p>简述在护理评估时护士应收集的资料内容。</p><p><br/></p>",
				"dataJson": "",
				"answer": "<p>（1）一般资料       （2）过去健康状况   （3）生活状况及自理程度   </p><p>（4）护理体检       （5）心理社会资料</p><p><br/></p>",
				"resultAnalysis": "",
				"questionScore": 25,
				"isAssignmented": 0,
				"studentAnswer": "资料的内容包括一般资料、现在健康状况、既往健康状况、家族史、护理体检、实验室及其他检查、目前治疗用药情况、病人心理状况、社会情况、近期生活中的应激事件等。资料一般分为主观资料和客观资料两种类型。病人是资料的主要来源，此外，病人的家庭成员或与病人关系密切的其他人员、其他健康保健人员、目前及既往的医疗病历、检查报告等也可作为资料来源。收集资料时常采用的方法包括观察、交淡、身体评估、查阅等。",
				"isRight": 0,
				"getScore": 0,
				"bigQuestionId": "",
				"commentary": "",
				"commentaryFileData": [],
				"subQuestionList": []
			}
		],
		"isNeedSyncRecord": false,
		"isShowAnswer": 1
	}
}