{
	"code": 1,
	"msg": "获取成功",
	"data": {
		"homeworkId": "9cqkakqsoq1ffzuqrubv6q",
		"uniqueId": "ynltaasoqxo1j21zkzgtg",
		"paperStructUnique": "",
		"courseOpenId": "ppvnatisl55lkxnq3ztcq",
		"openClassId": "um1oatiscqlec0qutnacg",
		"homeworkTitle": "第八章  护理安全与职业防护",
		"ztWay": 2,
		"paperType": 2,
		"homeworkType": 1,
		"totalScore": 100,
		"state": 1,
		"remark": "",
		"questions": [
			{
				"paperStuQuestionId": "ynltaasoqxo1j21zkzgtg_0_4",
				"questionId": "1fmhakqsfkriyejai2wqa",
				"questionType": 1,
				"queTypeName": "单选题",
				"sortOrder": 0,
				"orderBy": 0,
				"title": "<p><strong>化疗护士应定期检查身体，间隔时间为</strong></p><p><br/></p>",
				"dataJson": "[{\"SortOrder\":0,\"Content\":\"2个月\",\"IsAnswer\":false},{\"SortOrder\":1,\"Content\":\"4个月 \",\"IsAnswer\":false},{\"SortOrder\":2,\"Content\":\"6个月 \",\"IsAnswer\":true},{\"SortOrder\":3,\"Content\":\"一年\",\"IsAnswer\":false},{\"SortOrder\":4,\"Content\":\"两年\",\"IsAnswer\":false}]",
				"answer": "2",
				"resultAnalysis": "",
				"questionScore": 5,
				"isAssignmented": 1,
				"studentAnswer": "2",
				"isRight": 1,
				"getScore": 5,
				"bigQuestionId": "",
				"commentary": "",
				"commentaryFileData": [],
				"subQuestionList": []
			},
			{
				"paperStuQuestionId": "ynltaasoqxo1j21zkzgtg_0_0",
				"questionId": "2d0eakqsco5gzkbfuukbvq",
				"questionType": 1,
				"queTypeName": "单选题",
				"sortOrder": 1,
				"orderBy": 1,
				"title": "<p><strong>为避免新型冠状病毒感染，在切断传播途径的防护措施中欠妥的是</strong></p><p><br/></p>",
				"dataJson": "[{\"SortOrder\":0,\"Content\":\"洗手\",\"IsAnswer\":false},{\"SortOrder\":1,\"Content\":\"戴口罩\",\"IsAnswer\":false},{\"SortOrder\":2,\"Content\":\"穿隔离衣\",\"IsAnswer\":false},{\"SortOrder\":3,\"Content\":\"戴手套\",\"IsAnswer\":false},{\"SortOrder\":4,\"Content\":\"接种新型冠状病毒疫苗\",\"IsAnswer\":true}]",
				"answer": "4",
				"resultAnalysis": "",
				"questionScore": 5,
				"isAssignmented": 1,
				"studentAnswer": "0",
				"isRight": 2,
				"getScore": 0,
				"bigQuestionId": "",
				"commentary": "",
				"commentaryFileData": [],
				"subQuestionList": []
			},
			{
				"paperStuQuestionId": "ynltaasoqxo1j21zkzgtg_0_12",
				"questionId": "ahsfakqseqrdkczyy992q",
				"questionType": 1,
				"queTypeName": "单选题",
				"sortOrder": 2,
				"orderBy": 2,
				"title": "<p><strong>吴某，男，</strong><strong>62岁，因慢性支气管炎（急性发作）入院治疗，在输液过程中，擅自调快输液滴数，而导致急性肺水肿的发生。引起该事件的主要因素是</strong></p><p><br/></p>",
				"dataJson": "[{\"SortOrder\":0,\"Content\":\"护士因素\",\"IsAnswer\":false},{\"SortOrder\":1,\"Content\":\"环境因素\",\"IsAnswer\":false},{\"SortOrder\":2,\"Content\":\"病人因素\",\"IsAnswer\":true},{\"SortOrder\":3,\"Content\":\"社会因素\",\"IsAnswer\":false},{\"SortOrder\":4,\"Content\":\"管理因素\",\"IsAnswer\":false}]",
				"answer": "2",
				"resultAnalysis": "",
				"questionScore": 5,
				"isAssignmented": 1,
				"studentAnswer": "2",
				"isRight": 1,
				"getScore": 5,
				"bigQuestionId": "",
				"commentary": "",
				"commentaryFileData": [],
				"subQuestionList": []
			},
			{
				"paperStuQuestionId": "ynltaasoqxo1j21zkzgtg_0_11",
				"questionId": "augakqsnqlke16x05rqig",
				"questionType": 1,
				"queTypeName": "单选题",
				"sortOrder": 3,
				"orderBy": 3,
				"title": "<p><strong>护士配置化疗药物结束后，在处置污染废弃物时，不妥的一项是</strong></p><p><br/></p>",
				"dataJson": "[{\"SortOrder\":0,\"Content\":\"废安瓿瓶应放置在有特别标记的密封的防漏、防刺破容器中\",\"IsAnswer\":false},{\"SortOrder\":1,\"Content\":\"废弃物由专人焚烧，避免污染空气 \",\"IsAnswer\":false},{\"SortOrder\":2,\"Content\":\"非一次性物品可与其他物品一起封装处理\",\"IsAnswer\":true},{\"SortOrder\":3,\"Content\":\"处理时必须穿隔离衣、戴手套    \",\"IsAnswer\":false},{\"SortOrder\":4,\"Content\":\"混有化疗药物的污水应专门处理后再排入城市污水系统\",\"IsAnswer\":false}]",
				"answer": "2",
				"resultAnalysis": "",
				"questionScore": 5,
				"isAssignmented": 1,
				"studentAnswer": "2",
				"isRight": 1,
				"getScore": 5,
				"bigQuestionId": "",
				"commentary": "",
				"commentaryFileData": [],
				"subQuestionList": []
			},
			{
				"paperStuQuestionId": "ynltaasoqxo1j21zkzgtg_0_8",
				"questionId": "n9ueakqsdapai1rseapl2g",
				"questionType": 1,
				"queTypeName": "单选题",
				"sortOrder": 4,
				"orderBy": 4,
				"title": "<p><strong>范某，女，</strong><strong>21岁，实习护士，执行医嘱时错误地将10%氯化钾10ml静脉推注到病人输液管内，导致病人推注中途死亡。此事件属于</strong></p><p><br/></p>",
				"dataJson": "[{\"SortOrder\":0,\"Content\":\"护理事故\",\"IsAnswer\":true},{\"SortOrder\":1,\"Content\":\"侵权行为\",\"IsAnswer\":false},{\"SortOrder\":2,\"Content\":\"护理风险\",\"IsAnswer\":false},{\"SortOrder\":3,\"Content\":\"护理差错\",\"IsAnswer\":false},{\"SortOrder\":4,\"Content\":\"护理预防\",\"IsAnswer\":false}]",
				"answer": "0",
				"resultAnalysis": "",
				"questionScore": 5,
				"isAssignmented": 1,
				"studentAnswer": "0",
				"isRight": 1,
				"getScore": 5,
				"bigQuestionId": "",
				"commentary": "",
				"commentaryFileData": [],
				"subQuestionList": []
			},
			{
				"paperStuQuestionId": "ynltaasoqxo1j21zkzgtg_0_5",
				"questionId": "sgcgakqs8qdcdo22uxemfg",
				"questionType": 1,
				"queTypeName": "单选题",
				"sortOrder": 5,
				"orderBy": 5,
				"title": "<p><strong>药物溶解后，抽吸化疗药物，药液体不应超过注射器容量的</strong></p><p><br/></p>",
				"dataJson": "[{\"SortOrder\":0,\"Content\":\"1/4 \",\"IsAnswer\":false},{\"SortOrder\":1,\"Content\":\"1/2    \",\"IsAnswer\":false},{\"SortOrder\":2,\"Content\":\"3/4   \",\"IsAnswer\":true},{\"SortOrder\":3,\"Content\":\"1/3  \",\"IsAnswer\":false},{\"SortOrder\":4,\"Content\":\"2/3\",\"IsAnswer\":false}]",
				"answer": "2",
				"resultAnalysis": "",
				"questionScore": 5,
				"isAssignmented": 1,
				"studentAnswer": "2",
				"isRight": 1,
				"getScore": 5,
				"bigQuestionId": "",
				"commentary": "",
				"commentaryFileData": [],
				"subQuestionList": []
			},
			{
				"paperStuQuestionId": "ynltaasoqxo1j21zkzgtg_0_9",
				"questionId": "szaeakqs0j9ctxymfycvfa",
				"questionType": 1,
				"queTypeName": "单选题",
				"sortOrder": 6,
				"orderBy": 6,
				"title": "<p><strong>王某，男，</strong><strong>33岁，因胆结石住院手术治疗，术前护士为病人导尿，错误地使用70%乙醇进行外阴消毒。此行为属于</strong></p><p><br/></p>",
				"dataJson": "[{\"SortOrder\":0,\"Content\":\"护理安全 \",\"IsAnswer\":false},{\"SortOrder\":1,\"Content\":\"护理差错 \",\"IsAnswer\":true},{\"SortOrder\":2,\"Content\":\"护理事故 \",\"IsAnswer\":false},{\"SortOrder\":3,\"Content\":\"过失犯罪\",\"IsAnswer\":false},{\"SortOrder\":4,\"Content\":\"医疗事故\",\"IsAnswer\":false}]",
				"answer": "1",
				"resultAnalysis": "",
				"questionScore": 5,
				"isAssignmented": 1,
				"studentAnswer": "1",
				"isRight": 1,
				"getScore": 5,
				"bigQuestionId": "",
				"commentary": "",
				"commentaryFileData": [],
				"subQuestionList": []
			},
			{
				"paperStuQuestionId": "ynltaasoqxo1j21zkzgtg_0_7",
				"questionId": "tsfakqss4hk6sla6fe7fg",
				"questionType": 1,
				"queTypeName": "单选题",
				"sortOrder": 7,
				"orderBy": 7,
				"title": "<p><strong>廖某，女，</strong><strong>80岁，某医院护士，为病人进行烤灯理疗时，不慎被烤灯烫伤手，该护士的损伤属于</strong></p><p><br/></p>",
				"dataJson": "[{\"SortOrder\":0,\"Content\":\"物理性损伤\",\"IsAnswer\":true},{\"SortOrder\":1,\"Content\":\"社会性损伤\",\"IsAnswer\":false},{\"SortOrder\":2,\"Content\":\"生物性损伤\",\"IsAnswer\":false},{\"SortOrder\":3,\"Content\":\"心理性损伤 \",\"IsAnswer\":false},{\"SortOrder\":4,\"Content\":\"化学性损伤\",\"IsAnswer\":false}]",
				"answer": "0",
				"resultAnalysis": "",
				"questionScore": 5,
				"isAssignmented": 1,
				"studentAnswer": "0",
				"isRight": 1,
				"getScore": 5,
				"bigQuestionId": "",
				"commentary": "",
				"commentaryFileData": [],
				"subQuestionList": []
			},
			{
				"paperStuQuestionId": "ynltaasoqxo1j21zkzgtg_0_6",
				"questionId": "wsagakqsp1enithdz0kcg",
				"questionType": 1,
				"queTypeName": "单选题",
				"sortOrder": 8,
				"orderBy": 8,
				"title": "<p><strong>肖某，女，</strong><strong>28岁，心内科护士，由于心内科病人病情危重复杂、变化快，几乎每天都面临危重症的抢救，在这种环境中，该护士心理高度紧张，特别是夜班，担心病人发生意外猝死，致使长时间焦虑不安、身心疲惫。该护士出现的职业损伤属于</strong></p><p><br/></p>",
				"dataJson": "[{\"SortOrder\":0,\"Content\":\"语言及行为损伤\",\"IsAnswer\":false},{\"SortOrder\":1,\"Content\":\"生物性损伤 \",\"IsAnswer\":false},{\"SortOrder\":2,\"Content\":\"运动功能性损伤\",\"IsAnswer\":false},{\"SortOrder\":3,\"Content\":\"职业疲惫感 \",\"IsAnswer\":true},{\"SortOrder\":4,\"Content\":\"化疗药物损害 \",\"IsAnswer\":false}]",
				"answer": "3",
				"resultAnalysis": "",
				"questionScore": 5,
				"isAssignmented": 1,
				"studentAnswer": "3",
				"isRight": 1,
				"getScore": 5,
				"bigQuestionId": "",
				"commentary": "",
				"commentaryFileData": [],
				"subQuestionList": []
			},
			{
				"paperStuQuestionId": "ynltaasoqxo1j21zkzgtg_0_14",
				"questionId": "ytifakqs3a5gqsldk4t8g",
				"questionType": 1,
				"queTypeName": "单选题",
				"sortOrder": 9,
				"orderBy": 9,
				"title": "<p><strong>楚某，女，</strong><strong>24岁，医院护士，执行医嘱“5%葡萄糖250ml+硝酸甘油10mg静脉滴注，10ml/h”，但该护士没有认真执行查对制度，将滴速调节为30ml/h，由于护士长发现及时，未给病人造成不良后果。导致此事件发生的原因是该护士</strong></p><p><br/></p>",
				"dataJson": "[{\"SortOrder\":0,\"Content\":\"安全意识淡薄\",\"IsAnswer\":true},{\"SortOrder\":1,\"Content\":\"法律意识不强\",\"IsAnswer\":false},{\"SortOrder\":2,\"Content\":\"缺乏应急处理能力 \",\"IsAnswer\":false},{\"SortOrder\":3,\"Content\":\"临床经验不足  \",\"IsAnswer\":false},{\"SortOrder\":4,\"Content\":\"操作不熟练\",\"IsAnswer\":false}]",
				"answer": "0",
				"resultAnalysis": "",
				"questionScore": 5,
				"isAssignmented": 1,
				"studentAnswer": "3",
				"isRight": 2,
				"getScore": 0,
				"bigQuestionId": "",
				"commentary": "",
				"commentaryFileData": [],
				"subQuestionList": []
			},
			{
				"paperStuQuestionId": "ynltaasoqxo1j21zkzgtg_65_3",
				"questionId": "6qdwazgsbrblsvw6neqzq",
				"questionType": 1,
				"queTypeName": "单选题",
				"sortOrder": 10,
				"orderBy": 10,
				"title": "<p>物理性损伤防护中错误的是</p>",
				"dataJson": "[{\"SortOrder\":0,\"Content\":\"禁止双手回套针帽\",\"IsAnswer\":false},{\"SortOrder\":1,\"Content\":\"掰安瓿时不用垫无菌纱布\",\"IsAnswer\":true},{\"SortOrder\":2,\"Content\":\"传递手术器械可用小托盘\",\"IsAnswer\":false},{\"SortOrder\":3,\"Content\":\"禁止双手分离污染的注射器和针头\",\"IsAnswer\":false}]",
				"answer": "1",
				"resultAnalysis": "",
				"questionScore": 5,
				"isAssignmented": 1,
				"studentAnswer": "1",
				"isRight": 1,
				"getScore": 5,
				"bigQuestionId": "",
				"commentary": "",
				"commentaryFileData": [],
				"subQuestionList": []
			},
			{
				"paperStuQuestionId": "ynltaasoqxo1j21zkzgtg_66_2",
				"questionId": "6qdwazgsgpfcwy5sk6s2jw",
				"questionType": 1,
				"queTypeName": "单选题",
				"sortOrder": 11,
				"orderBy": 11,
				"title": "<p>职业损伤危险因素中属于物理因素的是</p>",
				"dataJson": "[{\"SortOrder\":0,\"Content\":\"病毒\",\"IsAnswer\":false},{\"SortOrder\":1,\"Content\":\"化学消毒剂\",\"IsAnswer\":false},{\"SortOrder\":2,\"Content\":\"负重伤\",\"IsAnswer\":true},{\"SortOrder\":3,\"Content\":\"麻醉废气\",\"IsAnswer\":false}]",
				"answer": "2",
				"resultAnalysis": "",
				"questionScore": 5,
				"isAssignmented": 1,
				"studentAnswer": "2",
				"isRight": 1,
				"getScore": 5,
				"bigQuestionId": "",
				"commentary": "",
				"commentaryFileData": [],
				"subQuestionList": []
			},
			{
				"paperStuQuestionId": "ynltaasoqxo1j21zkzgtg_0_13",
				"questionId": "cohakqsa5zhmiuwn6x3mq",
				"questionType": 4,
				"queTypeName": "填空题(客观)",
				"sortOrder": 12,
				"orderBy": 12,
				"title": "<p>护理安全包括（      ）安全和（      ）安全。<img class=\"questionIndex\" data-index=\"1\" src=\"https://zjy2.icve.com.cn/common/images/question_button/BlankSpace1.gif\"/><img class=\"questionIndex\" data-index=\"2\" src=\"https://zjy2.icve.com.cn/common/images/question_button/BlankSpace2.gif\"/></p>",
				"dataJson": "[{\"SortOrder\":0,\"Content\":\"护士\",\"CaseSensitive\":false,\"IsAnswer\":true,\"AlternativeAnswer\":[]},{\"SortOrder\":1,\"Content\":\"病人\",\"CaseSensitive\":false,\"IsAnswer\":true,\"AlternativeAnswer\":[]}]",
				"answer": "[{\"SortOrder\":0,\"Content\":\"护士\",\"CaseSensitive\":false,\"IsAnswer\":true,\"AlternativeAnswer\":[]},{\"SortOrder\":1,\"Content\":\"病人\",\"CaseSensitive\":false,\"IsAnswer\":true,\"AlternativeAnswer\":[]}]",
				"resultAnalysis": "",
				"questionScore": 10,
				"isAssignmented": 1,
				"studentAnswer": "[{\"SortOrder\":0,\"Content\":\"患者\"},{\"SortOrder\":1,\"Content\":\"护理人员\"}]",
				"isRight": 2,
				"getScore": 0,
				"bigQuestionId": "",
				"commentary": "",
				"commentaryFileData": [],
				"subQuestionList": []
			},
			{
				"paperStuQuestionId": "ynltaasoqxo1j21zkzgtg_0_10",
				"questionId": "xiehakqss51cae7eorya",
				"questionType": 4,
				"queTypeName": "填空题(客观)",
				"sortOrder": 13,
				"orderBy": 13,
				"title": "<p>艾滋病职业暴露后，若伤者HIV抗体阴性，预防性用药最好在   　　 小时内进行，最迟不超过   　　 小时。</p><p><br/></p><p><img class=\"questionIndex\" data-index=\"1\" src=\"https://zjy2.icve.com.cn/common/images/question_button/BlankSpace1.gif\"/></p><p><img class=\"questionIndex\" data-index=\"2\" src=\"https://zjy2.icve.com.cn/common/images/question_button/BlankSpace2.gif\"/></p>",
				"dataJson": "[{\"SortOrder\":0,\"Content\":\"4\",\"CaseSensitive\":false,\"IsAnswer\":true,\"AlternativeAnswer\":[]},{\"SortOrder\":1,\"Content\":\"24\",\"CaseSensitive\":false,\"IsAnswer\":true,\"AlternativeAnswer\":[]}]",
				"answer": "[{\"SortOrder\":0,\"Content\":\"4\",\"CaseSensitive\":false,\"IsAnswer\":true,\"AlternativeAnswer\":[]},{\"SortOrder\":1,\"Content\":\"24\",\"CaseSensitive\":false,\"IsAnswer\":true,\"AlternativeAnswer\":[]}]",
				"resultAnalysis": "",
				"questionScore": 10,
				"isAssignmented": 1,
				"studentAnswer": "[{\"SortOrder\":0,\"Content\":\"4\"},{\"SortOrder\":1,\"Content\":\"24\"}]",
				"isRight": 1,
				"getScore": 10,
				"bigQuestionId": "",
				"commentary": "",
				"commentaryFileData": [],
				"subQuestionList": []
			},
			{
				"paperStuQuestionId": "ynltaasoqxo1j21zkzgtg_0_1",
				"questionId": "t6gdaamsmzbe6ppyk2sg1q",
				"questionType": 6,
				"queTypeName": "问答题",
				"sortOrder": 14,
				"orderBy": 14,
				"title": "<p>简述健康教育的程序。</p><p><br/></p>",
				"dataJson": "",
				"answer": "<p>（1）评估教育需求    （2）设立教育目标   （3）制订教育计划</p><p>（4）实施教育计划    （5）评价教育效果</p><p><br/></p>",
				"resultAnalysis": "",
				"questionScore": 20,
				"isAssignmented": 0,
				"studentAnswer": "健康教育是以健康为中心的全民教育，最适用于那些有改变自身行为和愿望的人群。",
				"isRight": 0,
				"getScore": 0,
				"bigQuestionId": "",
				"commentary": "",
				"commentaryFileData": [],
				"subQuestionList": []
			}
		],
		"isNeedSyncRecord": false,
		"isShowAnswer": 1
	}
}