﻿<?xml version="1.0" encoding="UTF-8"?><exam><id>20181031222857</id><questions><instructions><![CDATA[A1型题]]></instructions><question><type>1</type><format>text</format><desc><![CDATA[1.不属于心理评估的常用方法是]]></desc><options><option><id>A</id><type>text</type><desc><![CDATA[观察法]]></desc></option><option><id>B</id><type>text</type><desc><![CDATA[晤谈法]]></desc></option><option><id>C</id><type>text</type><desc><![CDATA[实验法]]></desc></option><option><id>D</id><type>text</type><desc><![CDATA[测验法]]></desc></option><option><id>E</id><type>text</type><desc><![CDATA[调查法]]></desc></option></options><answers><![CDATA[C]]></answers></question><question><type>1</type><format>text</format><desc><![CDATA[2.测验内容以图画、仪器、模型为材料，被试者用收拾或操作回答的是]]></desc><options><option><id>A</id><type>text</type><desc><![CDATA[个体测验]]></desc></option><option><id>B</id><type>text</type><desc><![CDATA[团体测验]]></desc></option><option><id>C</id><type>text</type><desc><![CDATA[文字测验]]></desc></option><option><id>D</id><type>text</type><desc><![CDATA[非文字测验]]></desc></option><option><id>E</id><type>text</type><desc><![CDATA[计算机辅助测验]]></desc></option></options><answers><![CDATA[D]]></answers></question><question><type>1</type><format>text</format><desc><![CDATA[3.心理测验的行为样本必须具有]]></desc><options><option><id>A</id><type>text</type><desc><![CDATA[区域性]]></desc></option><option><id>B</id><type>text</type><desc><![CDATA[随机性]]></desc></option><option><id>C</id><type>text</type><desc><![CDATA[代表性]]></desc></option><option><id>D</id><type>text</type><desc><![CDATA[全国性]]></desc></option><option><id>E</id><type>text</type><desc><![CDATA[整群性]]></desc></option></options><answers><![CDATA[C]]></answers></question><question><type>1</type><format>text</format><desc><![CDATA[4.离差智商适用于]]></desc><options><option><id>A</id><type>text</type><desc><![CDATA[16岁以上成人]]></desc></option><option><id>B</id><type>text</type><desc><![CDATA[18岁以上成人]]></desc></option><option><id>C</id><type>text</type><desc><![CDATA[20岁以上成人]]></desc></option><option><id>D</id><type>text</type><desc><![CDATA[25岁以上成人]]></desc></option><option><id>E</id><type>text</type><desc><![CDATA[任何年龄]]></desc></option></options><answers><![CDATA[E]]></answers></question><question><type>1</type><format>text</format><desc><![CDATA[5.在智力测验中，一个8岁儿童通过了10岁组题目，按比率智商计算，其智商为？]]></desc><options><option><id>A</id><type>text</type><desc><![CDATA[125]]></desc></option><option><id>B</id><type>text</type><desc><![CDATA[80]]></desc></option><option><id>C</id><type>text</type><desc><![CDATA[100]]></desc></option><option><id>D</id><type>text</type><desc><![CDATA[115]]></desc></option><option><id>E</id><type>text</type><desc><![CDATA[120]]></desc></option></options><answers><![CDATA[A]]></answers></question><question><type>1</type><format>text</format><desc><![CDATA[6.SCL-90评定的时间范围是]]></desc><options><option><id>A</id><type>text</type><desc><![CDATA[1个月]]></desc></option><option><id>B</id><type>text</type><desc><![CDATA[半个月]]></desc></option><option><id>C</id><type>text</type><desc><![CDATA[10天]]></desc></option><option><id>D</id><type>text</type><desc><![CDATA[1周]]></desc></option><option><id>E</id><type>text</type><desc><![CDATA[5天]]></desc></option></options><answers><![CDATA[D]]></answers></question><question><type>1</type><format>text</format><desc><![CDATA[7.SDS的分界值是]]></desc><options><option><id>A</id><type>text</type><desc><![CDATA[50分]]></desc></option><option><id>B</id><type>text</type><desc><![CDATA[51分]]></desc></option><option><id>C</id><type>text</type><desc><![CDATA[52分]]></desc></option><option><id>D</id><type>text</type><desc><![CDATA[53分]]></desc></option><option><id>E</id><type>text</type><desc><![CDATA[63分]]></desc></option></options><answers><![CDATA[D]]></answers></question><question><type>1</type><format>text</format><desc><![CDATA[8.EPQ测验中反映情绪稳定性的维度是]]></desc><options><option><id>A</id><type>text</type><desc><![CDATA[神经质]]></desc></option><option><id>B</id><type>text</type><desc><![CDATA[内-外向]]></desc></option><option><id>C</id><type>text</type><desc><![CDATA[精神质]]></desc></option><option><id>D</id><type>text</type><desc><![CDATA[掩饰（L）量表]]></desc></option><option><id>E</id><type>text</type><desc><![CDATA[焦虑]]></desc></option></options><answers><![CDATA[A]]></answers></question><question><type>1</type><format>text</format><desc><![CDATA[9.下列不是MMPI的临床量表的是]]></desc><options><option><id>A</id><type>text</type><desc><![CDATA[精神病态]]></desc></option><option><id>B</id><type>text</type><desc><![CDATA[男子气、女子气]]></desc></option><option><id>C</id><type>text</type><desc><![CDATA[精神分裂性]]></desc></option><option><id>D</id><type>text</type><desc><![CDATA[人际敏感]]></desc></option><option><id>E</id><type>text</type><desc><![CDATA[社会内向]]></desc></option></options><answers><![CDATA[D]]></answers></question><question><type>1</type><format>text</format><desc><![CDATA[10.一个测验能够正确地测量出它所要测量的东西的程度指的是]]></desc><options><option><id>A</id><type>text</type><desc><![CDATA[效度]]></desc></option><option><id>B</id><type>text</type><desc><![CDATA[信度]]></desc></option><option><id>C</id><type>text</type><desc><![CDATA[标准化]]></desc></option><option><id>D</id><type>text</type><desc><![CDATA[常模]]></desc></option><option><id>E</id><type>text</type><desc><![CDATA[可靠性]]></desc></option></options><answers><![CDATA[A]]></answers></question></questions><questions><instructions><![CDATA[A2型题]]></instructions><question><type>1</type><format>text</format><desc><![CDATA[11.一位内科患者向护士诉说自己近来对什么事都没有兴趣，不想与人说话，什么事也不想做，心理评估选择最适合的测验是]]></desc><options><option><id>A</id><type>text</type><desc><![CDATA[SAS]]></desc></option><option><id>B</id><type>text</type><desc><![CDATA[SDS]]></desc></option><option><id>C</id><type>text</type><desc><![CDATA[SCL-90]]></desc></option><option><id>D</id><type>text</type><desc><![CDATA[MMPI]]></desc></option><option><id>E</id><type>text</type><desc><![CDATA[EPQ]]></desc></option></options><answers><![CDATA[B]]></answers></question><question><type>1</type><format>text</format><desc><![CDATA[12.患者主诉：不想吃东西、消化不好、头疼、心慌、失眠、对家人发脾气，心理评估选择最适合的测验是]]></desc><options><option><id>A</id><type>text</type><desc><![CDATA[SAS]]></desc></option><option><id>B</id><type>text</type><desc><![CDATA[SDS]]></desc></option><option><id>C</id><type>text</type><desc><![CDATA[SCL-90]]></desc></option><option><id>D</id><type>text</type><desc><![CDATA[MMPI]]></desc></option><option><id>E</id><type>text</type><desc><![CDATA[EPQ]]></desc></option></options><answers><![CDATA[C]]></answers></question><question><type>1</type><format>text</format><desc><![CDATA[13.有一位心理学老师针对学生在学习中存在的问题，根据自己以往的经验和收集的资料编制了一套心理测验量表，目的是找出学生学习成绩不好的原因，并将该量表用于学生的心理测验。该教师编制的这一量表是]]></desc><options><option><id>A</id><type>text</type><desc><![CDATA[一种可行的量表因为可以帮助学生的学习]]></desc></option><option><id>B</id><type>text</type><desc><![CDATA[一种无效的量表因为没有经过效度、信度的检验]]></desc></option><option><id>C</id><type>text</type><desc><![CDATA[可以在专业杂志上发表]]></desc></option><option><id>D</id><type>text</type><desc><![CDATA[可以提高学生的学习成绩]]></desc></option><option><id>E</id><type>text</type><desc><![CDATA[可以在全校推广]]></desc></option></options><answers><![CDATA[B]]></answers></question></questions></exam>