﻿<?xml version="1.0" encoding="UTF-8"?><exam><id>20181031220900</id><questions><instructions><![CDATA[A1型题]]></instructions><question><type>1</type><format>text</format><desc><![CDATA[1.影响个体能力发展的现实性最重要的是]]></desc><options><option><id>A</id><type>text</type><desc><![CDATA[遗传]]></desc></option><option><id>B</id><type>text</type><desc><![CDATA[孕妇情绪状态]]></desc></option><option><id>C</id><type>text</type><desc><![CDATA[社会环境]]></desc></option><option><id>D</id><type>text</type><desc><![CDATA[孕妇营养状况]]></desc></option><option><id>E</id><type>text</type><desc><![CDATA[胎教]]></desc></option></options><answers><![CDATA[C]]></answers></question><question><type>1</type><format>text</format><desc><![CDATA[2.以下哪项属于人的生理需要]]></desc><options><option><id>A</id><type>text</type><desc><![CDATA[亲合的需要]]></desc></option><option><id>B</id><type>text</type><desc><![CDATA[信息刺激]]></desc></option><option><id>C</id><type>text</type><desc><![CDATA[避免伤害]]></desc></option><option><id>D</id><type>text</type><desc><![CDATA[社会赞许]]></desc></option><option><id>E</id><type>text</type><desc><![CDATA[自我实现的需要]]></desc></option></options><answers><![CDATA[C]]></answers></question><question><type>1</type><format>text</format><desc><![CDATA[3.以下哪项是影响智力发展因素]]></desc><options><option><id>A</id><type>text</type><desc><![CDATA[遗传因素]]></desc></option><option><id>B</id><type>text</type><desc><![CDATA[早期环境因素]]></desc></option><option><id>C</id><type>text</type><desc><![CDATA[教育因素]]></desc></option><option><id>D</id><type>text</type><desc><![CDATA[营养因素]]></desc></option><option><id>E</id><type>text</type><desc><![CDATA[以上都是]]></desc></option></options><answers><![CDATA[E]]></answers></question><question><type>1</type><format>text</format><desc><![CDATA[4.关于气质神经类型中的灵活型，具有的行为特点是]]></desc><options><option><id>A</id><type>text</type><desc><![CDATA[安静]]></desc></option><option><id>B</id><type>text</type><desc><![CDATA[不可遏制]]></desc></option><option><id>C</id><type>text</type><desc><![CDATA[抑郁]]></desc></option><option><id>D</id><type>text</type><desc><![CDATA[活泼]]></desc></option><option><id>E</id><type>text</type><desc><![CDATA[以上都是]]></desc></option></options><answers><![CDATA[D]]></answers></question><question><type>1</type><format>text</format><desc><![CDATA[5.有关人格心理特征的组成，正确的是]]></desc><options><option><id>A</id><type>text</type><desc><![CDATA[能力、气质、性格]]></desc></option><option><id>B</id><type>text</type><desc><![CDATA[需要、动机、性格]]></desc></option><option><id>C</id><type>text</type><desc><![CDATA[动机、思维、性格]]></desc></option><option><id>D</id><type>text</type><desc><![CDATA[能力、智力、性格]]></desc></option><option><id>E</id><type>text</type><desc><![CDATA[动机、气质、性格]]></desc></option></options><answers><![CDATA[A]]></answers></question><question><type>1</type><format>text</format><desc><![CDATA[6.按需要起源分，可把需要分为两大类]]></desc><options><option><id>A</id><type>text</type><desc><![CDATA[生理性需要和社会性需要]]></desc></option><option><id>B</id><type>text</type><desc><![CDATA[生理性需要和心理性需要]]></desc></option><option><id>C</id><type>text</type><desc><![CDATA[自然需要和精神需要]]></desc></option><option><id>D</id><type>text</type><desc><![CDATA[物质需要和精神需要]]></desc></option><option><id>E</id><type>text</type><desc><![CDATA[物质需要和心理需要]]></desc></option></options><answers><![CDATA[A]]></answers></question><question><type>1</type><format>text</format><desc><![CDATA[7.“人心不同，各如其面”指的是人格的]]></desc><options><option><id>A</id><type>text</type><desc><![CDATA[倾向性]]></desc></option><option><id>B</id><type>text</type><desc><![CDATA[稳定性]]></desc></option><option><id>C</id><type>text</type><desc><![CDATA[指向性]]></desc></option><option><id>D</id><type>text</type><desc><![CDATA[独特性]]></desc></option><option><id>E</id><type>text</type><desc><![CDATA[整体性]]></desc></option></options><answers><![CDATA[D]]></answers></question><question><type>1</type><format>text</format><desc><![CDATA[8.动机受干扰阻滞，被迫放弃而导致需要不能满足的负性情绪状态，称为]]></desc><options><option><id>A</id><type>text</type><desc><![CDATA[动机冲突]]></desc></option><option><id>B</id><type>text</type><desc><![CDATA[挫折]]></desc></option><option><id>C</id><type>text</type><desc><![CDATA[抑郁]]></desc></option><option><id>D</id><type>text</type><desc><![CDATA[应激]]></desc></option><option><id>E</id><type>text</type><desc><![CDATA[心境]]></desc></option></options><answers><![CDATA[B]]></answers></question><question><type>1</type><format>text</format><desc><![CDATA[9.与患者沟通时，老年患者最强烈的需要是]]></desc><options><option><id>A</id><type>text</type><desc><![CDATA[安全的需要]]></desc></option><option><id>B</id><type>text</type><desc><![CDATA[交往的需要]]></desc></option><option><id>C</id><type>text</type><desc><![CDATA[尊重的需要]]></desc></option><option><id>D</id><type>text</type><desc><![CDATA[情感的需要]]></desc></option><option><id>E</id><type>text</type><desc><![CDATA[信息的需要]]></desc></option></options><answers><![CDATA[C]]></answers></question><question><type>1</type><format>text</format><desc><![CDATA[10.患者患病都对自己身体状况要比以往更加关注和担忧，希望诊疗过程中有一个安全、放心的医疗环境，体现的需要是]]></desc><options><option><id>A</id><type>text</type><desc><![CDATA[安全需要]]></desc></option><option><id>B</id><type>text</type><desc><![CDATA[被关心接纳的需要]]></desc></option><option><id>C</id><type>text</type><desc><![CDATA[尊重的需要]]></desc></option><option><id>D</id><type>text</type><desc><![CDATA[尽快解除病痛的需要]]></desc></option></options><answers><![CDATA[A]]></answers></question></questions><questions><instructions><![CDATA[A2/A3型题]]></instructions><question><type>4</type><format>text</format><desc><![CDATA[1.（1）～（4）题共用选项A.胆汁质B.抑郁质C.多血质D.黏液质E.神经质]]></desc><children><question><type>4</type><format>text</format><desc><![CDATA[（1）情绪丰富，动作迅速]]></desc><answers><![CDATA[C]]></answers></question><question><type>4</type><format>text</format><desc><![CDATA[（2）情绪粗犷，动作迅猛]]></desc><answers><![CDATA[A]]></answers></question><question><type>4</type><format>text</format><desc><![CDATA[（3）情绪贫乏，动作迟钝]]></desc><answers><![CDATA[D]]></answers></question><question><type>4</type><format>text</format><desc><![CDATA[（4）多愁善感，动作迟缓]]></desc><answers><![CDATA[B]]></answers></question></children></question><question><type>4</type><format>text</format><desc><![CDATA[2.（1）～（4）题共用选项A.双趋冲突B.双避冲突C.趋避冲突D.双重趋避式冲突]]></desc><children><question><type>4</type><format>text</format><desc><![CDATA[(1)前有狼后有虎]]></desc><answers><![CDATA[B]]></answers></question><question><type>4</type><format>text</format><desc><![CDATA[(2)男同学考前想观看很重要的NBA比赛]]></desc><answers><![CDATA[A]]></answers></question><question><type>4</type><format>text</format><desc><![CDATA[(3)想吃鱼又怕刺]]></desc><answers><![CDATA[C]]></answers></question><question><type>4</type><format>text</format><desc><![CDATA[(4)胆结石患者面临是保守治疗还是手术治疗治疗方案的选择]]></desc><answers><![CDATA[D]]></answers></question></children></question><question><type>3</type><format>text</format><desc><![CDATA[3.（(1)~（3）共用题干）《红楼梦》中的林黛玉，其动作稳定、缓慢，观察事物细致入微，敏感多疑，孤独多虑，情感体验深刻且持久。]]></desc><children><question><type>3</type><format>text</format><desc><![CDATA[（1）林黛玉的气质类型属于]]></desc><options><option><id>A</id><type>text</type><desc><![CDATA[多血质]]></desc></option><option><id>B</id><type>text</type><desc><![CDATA[黏液质]]></desc></option><option><id>C</id><type>text</type><desc><![CDATA[胆汁质]]></desc></option><option><id>D</id><type>text</type><desc><![CDATA[抑郁质]]></desc></option><option><id>E</id><type>text</type><desc><![CDATA[兴奋质]]></desc></option></options><answers><![CDATA[D]]></answers></question><question><type>3</type><format>text</format><desc><![CDATA[（2）根据希波克拉底的体液学说，林黛玉体内占优势的体液是]]></desc><options><option><id>A</id><type>text</type><desc><![CDATA[血液]]></desc></option><option><id>B</id><type>text</type><desc><![CDATA[黄胆汁]]></desc></option><option><id>C</id><type>text</type><desc><![CDATA[黏液]]></desc></option><option><id>D</id><type>text</type><desc><![CDATA[胃液]]></desc></option><option><id>E</id><type>text</type><desc><![CDATA[黑胆汁]]></desc></option></options><answers><![CDATA[E]]></answers></question><question><type>3</type><format>text</format><desc><![CDATA[（3）根据巴甫洛夫高级神经活动类型学说，林黛玉的神经活动类型属于]]></desc><options><option><id>A</id><type>text</type><desc><![CDATA[抑郁型]]></desc></option><option><id>B</id><type>text</type><desc><![CDATA[兴奋型]]></desc></option><option><id>C</id><type>text</type><desc><![CDATA[活泼型]]></desc></option><option><id>D</id><type>text</type><desc><![CDATA[安静型]]></desc></option></options><answers><![CDATA[A]]></answers></question></children></question><question><type>3</type><format>text</format><desc><![CDATA[4. （(1)~（3）共用题干）王女士因大叶性肺炎住院治疗，她整天闷闷不乐，不愿意和护士及同病房病友交流，特别希望家人时常来探望。]]></desc><children><question><type>3</type><format>text</format><desc><![CDATA[（1）王女士的这种需要属于]]></desc><options><option><id>A</id><type>text</type><desc><![CDATA[生理的需要]]></desc></option><option><id>B</id><type>text</type><desc><![CDATA[安全的需要]]></desc></option><option><id>C</id><type>text</type><desc><![CDATA[尊重的需要]]></desc></option><option><id>D</id><type>text</type><desc><![CDATA[归属与爱的需要]]></desc></option><option><id>E</id><type>text</type><desc><![CDATA[亲和的需要]]></desc></option></options><answers><![CDATA[D]]></answers></question><question><type>3</type><format>text</format><desc><![CDATA[（2）马斯洛需要层次中最强烈的需要是]]></desc><options><option><id>A</id><type>text</type><desc><![CDATA[生理的需要]]></desc></option><option><id>B</id><type>text</type><desc><![CDATA[安全的需要]]></desc></option><option><id>C</id><type>text</type><desc><![CDATA[尊重的需要]]></desc></option><option><id>D</id><type>text</type><desc><![CDATA[归属与爱的需要]]></desc></option><option><id>E</id><type>text</type><desc><![CDATA[亲和的需要]]></desc></option></options><answers><![CDATA[A]]></answers></question><question><type>3</type><format>text</format><desc><![CDATA[（3）发挥自己潜能，实现自己理想与抱负的需要是]]></desc><options><option><id>A</id><type>text</type><desc><![CDATA[生理的需要]]></desc></option><option><id>B</id><type>text</type><desc><![CDATA[安全的需要]]></desc></option><option><id>C</id><type>text</type><desc><![CDATA[心理的需要]]></desc></option><option><id>D</id><type>text</type><desc><![CDATA[归属与爱的需要]]></desc></option><option><id>E</id><type>text</type><desc><![CDATA[自我实现的需要]]></desc></option></options><answers><![CDATA[E]]></answers></question></children></question></questions></exam>