﻿<?xml version="1.0" encoding="UTF-8"?><exam><id>20181031213501</id><questions><instructions><![CDATA[A1型题]]></instructions><question><type>1</type><format>text</format><desc><![CDATA[1.护理心理学的研究对象不包括]]></desc><options><option><id>A</id><type>text</type><desc><![CDATA[患者]]></desc></option><option><id>B</id><type>text</type><desc><![CDATA[亚健康状态的人]]></desc></option><option><id>C</id><type>text</type><desc><![CDATA[患者家属]]></desc></option><option><id>D</id><type>text</type><desc><![CDATA[社会工作者]]></desc></option><option><id>E</id><type>text</type><desc><![CDATA[护士]]></desc></option></options><answers><![CDATA[D]]></answers></question><question><type>1</type><format>text</format><desc><![CDATA[2.以下不是护士学习护理心理学的意义的为]]></desc><options><option><id>A</id><type>text</type><desc><![CDATA[完善护士的角色人格]]></desc></option><option><id>B</id><type>text</type><desc><![CDATA[培养护士良好的心理素质]]></desc></option><option><id>C</id><type>text</type><desc><![CDATA[提高护理质量]]></desc></option><option><id>D</id><type>text</type><desc><![CDATA[适应现代护理模式]]></desc></option><option><id>E</id><type>text</type><desc><![CDATA[有助于患者康复]]></desc></option></options><answers><![CDATA[E]]></answers></question><question><type>1</type><format>text</format><desc><![CDATA[3.护理心理学的主要研究任务是]]></desc><options><option><id>A</id><type>text</type><desc><![CDATA[研究心理行为的物理学基础]]></desc></option><option><id>B</id><type>text</type><desc><![CDATA[研究心理行为的化学基础]]></desc></option><option><id>C</id><type>text</type><desc><![CDATA[研究心理行为的物理化学基础]]></desc></option><option><id>D</id><type>text</type><desc><![CDATA[研究心理行为的生物学和社会学基础]]></desc></option><option><id>E</id><type>text</type><desc><![CDATA[研究心理行为的人类学基础]]></desc></option></options><answers><![CDATA[D]]></answers></question><question><type>1</type><format>text</format><desc><![CDATA[4.应用心理评估能有效地帮助护士了解]]></desc><options><option><id>A</id><type>text</type><desc><![CDATA[认知方面存在的心理问题]]></desc></option><option><id>B</id><type>text</type><desc><![CDATA[情绪方面存在的心理问题]]></desc></option><option><id>C</id><type>text</type><desc><![CDATA[人格方面存在的心理问题]]></desc></option><option><id>D</id><type>text</type><desc><![CDATA[行为方面存在的心理问题]]></desc></option><option><id>E</id><type>text</type><desc><![CDATA[以上都是]]></desc></option></options><answers><![CDATA[E]]></answers></question><question><type>1</type><format>text</format><desc><![CDATA[5.精神分析理论把无法被个体感知的心理活动称为]]></desc><options><option><id>A</id><type>text</type><desc><![CDATA[意识]]></desc></option><option><id>B</id><type>text</type><desc><![CDATA[潜意识]]></desc></option><option><id>C</id><type>text</type><desc><![CDATA[前意识]]></desc></option><option><id>D</id><type>text</type><desc><![CDATA[梦]]></desc></option><option><id>E</id><type>text</type><desc><![CDATA[第六感]]></desc></option></options><answers><![CDATA[B]]></answers></question><question><type>1</type><format>text</format><desc><![CDATA[6.下列不属于精神分析理论的概念的是]]></desc><options><option><id>A</id><type>text</type><desc><![CDATA[焦虑]]></desc></option><option><id>B</id><type>text</type><desc><![CDATA[潜意识]]></desc></option><option><id>C</id><type>text</type><desc><![CDATA[前意识]]></desc></option><option><id>D</id><type>text</type><desc><![CDATA[心理防御机制]]></desc></option><option><id>E</id><type>text</type><desc><![CDATA[自我失调]]></desc></option></options><answers><![CDATA[E]]></answers></question><question><type>1</type><format>text</format><desc><![CDATA[7.在精神分析理论中，遵循“享乐原则”行事的人格部分叫作]]></desc><options><option><id>A</id><type>text</type><desc><![CDATA[自我]]></desc></option><option><id>B</id><type>text</type><desc><![CDATA[超我]]></desc></option><option><id>C</id><type>text</type><desc><![CDATA[理想我]]></desc></option><option><id>D</id><type>text</type><desc><![CDATA[本我]]></desc></option><option><id>E</id><type>text</type><desc><![CDATA[现实我]]></desc></option></options><answers><![CDATA[D]]></answers></question><question><type>1</type><format>text</format><desc><![CDATA[8.在弗洛伊德的人格结构中，属于道德、良心的部分叫作]]></desc><options><option><id>A</id><type>text</type><desc><![CDATA[自我]]></desc></option><option><id>B</id><type>text</type><desc><![CDATA[超我]]></desc></option><option><id>C</id><type>text</type><desc><![CDATA[理想我]]></desc></option><option><id>D</id><type>text</type><desc><![CDATA[本我]]></desc></option><option><id>E</id><type>text</type><desc><![CDATA[现实我]]></desc></option></options><answers><![CDATA[B]]></answers></question><question><type>1</type><format>text</format><desc><![CDATA[9.弗洛伊德认为，心理障碍的根源是]]></desc><options><option><id>A</id><type>text</type><desc><![CDATA[自我与超我的冲突]]></desc></option><option><id>B</id><type>text</type><desc><![CDATA[本我太强大]]></desc></option><option><id>C</id><type>text</type><desc><![CDATA[超我太强大]]></desc></option><option><id>D</id><type>text</type><desc><![CDATA[自我无法调解本我与超我的矛盾]]></desc></option><option><id>E</id><type>text</type><desc><![CDATA[理想我与现实我的矛盾]]></desc></option></options><answers><![CDATA[D]]></answers></question><question><type>1</type><format>text</format><desc><![CDATA[10.认为自我失调是人类适应不良的根源的学派是]]></desc><options><option><id>A</id><type>text</type><desc><![CDATA[精神分析]]></desc></option><option><id>B</id><type>text</type><desc><![CDATA[人本主义]]></desc></option><option><id>C</id><type>text</type><desc><![CDATA[行为学习]]></desc></option><option><id>D</id><type>text</type><desc><![CDATA[社会学习]]></desc></option><option><id>E</id><type>text</type><desc><![CDATA[认知学派]]></desc></option></options><answers><![CDATA[B]]></answers></question><question><type>1</type><format>text</format><desc><![CDATA[11.在德国莱比锡大学建立世界上第一所心理实验室，使心理学成为科学的学科创建者是]]></desc><options><option><id>A</id><type>text</type><desc><![CDATA[韦伯]]></desc></option><option><id>B</id><type>text</type><desc><![CDATA[卡特尔]]></desc></option><option><id>C</id><type>text</type><desc><![CDATA[比奈]]></desc></option><option><id>D</id><type>text</type><desc><![CDATA[冯特]]></desc></option><option><id>E</id><type>text</type><desc><![CDATA[费希纳]]></desc></option></options><answers><![CDATA[D]]></answers></question><question><type>1</type><format>text</format><desc><![CDATA[12.现代医学模式是]]></desc><options><option><id>A</id><type>text</type><desc><![CDATA[生物—社会医学模式]]></desc></option><option><id>B</id><type>text</type><desc><![CDATA[生物—心理医学模式]]></desc></option><option><id>C</id><type>text</type><desc><![CDATA[生物—医学模式]]></desc></option><option><id>D</id><type>text</type><desc><![CDATA[生物—生理—社会医学模式]]></desc></option><option><id>E</id><type>text</type><desc><![CDATA[心理—社会医学模式]]></desc></option></options><answers><![CDATA[D]]></answers></question><question><type>1</type><format>text</format><desc><![CDATA[13.心理现象包括心理过程、人格和]]></desc><options><option><id>A</id><type>text</type><desc><![CDATA[自我意识]]></desc></option><option><id>B</id><type>text</type><desc><![CDATA[自我体验]]></desc></option><option><id>C</id><type>text</type><desc><![CDATA[自我认识]]></desc></option><option><id>D</id><type>text</type><desc><![CDATA[自我调节]]></desc></option><option><id>E</id><type>text</type><desc><![CDATA[自我概念]]></desc></option></options><answers><![CDATA[A]]></answers></question><question><type>1</type><format>text</format><desc><![CDATA[14.下列描述错误的是]]></desc><options><option><id>A</id><type>text</type><desc><![CDATA[心理是脑的功能]]></desc></option><option><id>B</id><type>text</type><desc><![CDATA[心理是人脑对客观现实主观能动的反应]]></desc></option><option><id>C</id><type>text</type><desc><![CDATA[心理反应的内容来自客观现实]]></desc></option><option><id>D</id><type>text</type><desc><![CDATA[心理是观念的反映]]></desc></option><option><id>E</id><type>text</type><desc><![CDATA[心理活动与心脏的活动密切相关]]></desc></option></options><answers><![CDATA[E]]></answers></question><question><type>1</type><format>text</format><desc><![CDATA[15.下列描述错误的是]]></desc><options><option><id>A</id><type>text</type><desc><![CDATA[现代认知科学研究表明，不同的心理活动对应着不同脑区，即功能定位]]></desc></option><option><id>B</id><type>text</type><desc><![CDATA[从物种进化史看，心理是物质发展到高级阶段的产物]]></desc></option><option><id>C</id><type>text</type><desc><![CDATA[从个体成长史看，心理的发生、发展与身体的发育完善密切相关]]></desc></option><option><id>D</id><type>text</type><desc><![CDATA[近代医学研究表明，脑的某个部位受到损伤会引起相应的心理功能丧失]]></desc></option><option><id>E</id><type>text</type><desc><![CDATA[从个体成长史看，心理的发生、发展与脑的发育完善密切相关]]></desc></option></options><answers><![CDATA[C]]></answers></question><question><type>1</type><format>text</format><desc><![CDATA[16.对于操作条件反射，下列描述错误的是]]></desc><options><option><id>A</id><type>text</type><desc><![CDATA[消退指行为的结果使原有的积极刺激减少，从而使行为反应逐渐减弱]]></desc></option><option><id>B</id><type>text</type><desc><![CDATA[正强化指行为的结果使积极刺激增加，从而使该行为逐渐增强]]></desc></option><option><id>C</id><type>text</type><desc><![CDATA[负强化指行为的结果使消极刺激增加，从而使该行为逐渐加强]]></desc></option><option><id>D</id><type>text</type><desc><![CDATA[负强化指行为的结果使消极刺激减少，从而使该行为逐渐加强]]></desc></option><option><id>E</id><type>text</type><desc><![CDATA[惩罚指行为的结果使消极刺激增加，从而使行为反应逐渐减弱]]></desc></option></options><answers><![CDATA[C]]></answers></question><question><type>1</type><format>text</format><desc><![CDATA[17.对于埃利斯的ABC理论，下列描述错误的是]]></desc><options><option><id>A</id><type>text</type><desc><![CDATA[埃利斯认为，人的情绪困扰主要由环境刺激事件引起，并非是由人对事件的信念造成]]></desc></option><option><id>B</id><type>text</type><desc><![CDATA[不合理信念的主要特征是绝对化]]></desc></option><option><id>C</id><type>text</type><desc><![CDATA[不合理信念的主要特征是以偏概全]]></desc></option><option><id>D</id><type>text</type><desc><![CDATA[不合理信念的主要特征是灾难化思维]]></desc></option><option><id>E</id><type>text</type><desc><![CDATA[埃利斯认为，人的情绪困扰并非由环境刺激事件引起，而是由人对事件的信念造成]]></desc></option></options><answers><![CDATA[A]]></answers></question><question><type>1</type><format>text</format><desc><![CDATA[18.对于贝克的情绪障碍认知理论，下列描述错误的是]]></desc><options><option><id>A</id><type>text</type><desc><![CDATA[认知过程是行为和情感的中介]]></desc></option><option><id>B</id><type>text</type><desc><![CDATA[情感过程是行为和认知的中介]]></desc></option><option><id>C</id><type>text</type><desc><![CDATA[情绪障碍和负性认知相互影响，相互加强，这种恶性循环是情绪障碍得以延续的原因，打破恶性循环是治疗的关键]]></desc></option><option><id>D</id><type>text</type><desc><![CDATA[认知曲解是引起患者情绪障碍和心理痛苦的核心所在]]></desc></option><option><id>E</id><type>text</type><desc><![CDATA[认知偏差是引起患者情绪障碍和心理痛苦的核心所在]]></desc></option></options><answers><![CDATA[B]]></answers></question></questions><questions><instructions><![CDATA[A2型题]]></instructions><question><type>1</type><format>text</format><desc><![CDATA[19.小丹，21岁，大二学生，同学关系紧张，据同宿舍的同学反映，此人有洁癖，过分注意小节，固执，小气，因此大家都不喜欢和她来往。根据精神分析理论的观点，此人可能出现了心理障碍，是在心理发展时期的]]></desc><options><option><id>A</id><type>text</type><desc><![CDATA[口欲期]]></desc></option><option><id>B</id><type>text</type><desc><![CDATA[肛欲期]]></desc></option><option><id>C</id><type>text</type><desc><![CDATA[性器期]]></desc></option><option><id>D</id><type>text</type><desc><![CDATA[潜伏期]]></desc></option><option><id>E</id><type>text</type><desc><![CDATA[生殖器期]]></desc></option></options><answers><![CDATA[B]]></answers></question><question><type>1</type><format>text</format><desc><![CDATA[20.一家长因其3岁的孩子平时讲话总是大喊大叫而恼火，批评教育都无济于事，于是来寻求心理学帮助。心理咨询师这样指导家长：“当孩子再次大喊大叫时，家长可以装作没听见而不予理睬，一旦孩子心平气和讲话时及时夸奖。”你认为，该咨询师指导家长训练孩子的方法属于下列心理学流派中的]]></desc><options><option><id>A</id><type>text</type><desc><![CDATA[精神分析]]></desc></option><option><id>B</id><type>text</type><desc><![CDATA[行为主义]]></desc></option><option><id>C</id><type>text</type><desc><![CDATA[认知学派]]></desc></option><option><id>D</id><type>text</type><desc><![CDATA[人本主义]]></desc></option><option><id>E</id><type>text</type><desc><![CDATA[心理生理学派]]></desc></option></options><answers><![CDATA[B]]></answers></question></questions></exam>