﻿<?xml version="1.0" encoding="UTF-8"?><exam><id>20181031223900</id><questions><instructions><![CDATA[A1型题]]></instructions><question><type>1</type><format>text</format><desc><![CDATA[1.护士初次见面时根据患者的外表判断其性格特征，这是一种]]></desc><options><option><id>A</id><type>text</type><desc><![CDATA[首因效应]]></desc></option><option><id>B</id><type>text</type><desc><![CDATA[近因效应]]></desc></option><option><id>C</id><type>text</type><desc><![CDATA[晕轮效应]]></desc></option><option><id>D</id><type>text</type><desc><![CDATA[刻板效应]]></desc></option><option><id>E</id><type>text</type><desc><![CDATA[投射效应]]></desc></option></options><answers><![CDATA[A]]></answers><keypoints><![CDATA[解析：首因效应是指人与人第一次交往中给人留下的印象，在对方头脑中形成并占据主导地位的效应。]]></keypoints></question><question><type>1</type><format>text</format><desc><![CDATA[2.护患沟通中正确的倾听技巧是]]></desc><options><option><id>A</id><type>text</type><desc><![CDATA[患者叙述时，护士要思考问题]]></desc></option><option><id>B</id><type>text</type><desc><![CDATA[避免直视患者的眼睛]]></desc></option><option><id>C</id><type>text</type><desc><![CDATA[用心倾听，表示对所谈话题有兴趣]]></desc></option><option><id>D</id><type>text</type><desc><![CDATA[避免看清对方表情]]></desc></option><option><id>E</id><type>text</type><desc><![CDATA[回应患者声音宜大，避免听不清楚]]></desc></option></options><answers><![CDATA[C]]></answers><keypoints><![CDATA[解析：倾听要用心倾听，以表示对所谈话题有兴趣]]></keypoints></question><question><type>1</type><format>text</format><desc><![CDATA[3.适用于婴儿护理的心理沟通方式是]]></desc><options><option><id>A</id><type>text</type><desc><![CDATA[因势利导]]></desc></option><option><id>B</id><type>text</type><desc><![CDATA[搂抱与抚摸]]></desc></option><option><id>C</id><type>text</type><desc><![CDATA[安慰性语言]]></desc></option><option><id>D</id><type>text</type><desc><![CDATA[社会交流]]></desc></option><option><id>E</id><type>text</type><desc><![CDATA[适时鼓励]]></desc></option></options><answers><![CDATA[B]]></answers><keypoints><![CDATA[解析：根据婴儿的心理发展特点，搂抱和抚摸是其能理解的沟通方式。]]></keypoints></question><question><type>1</type><format>text</format><desc><![CDATA[4.患者，女，65岁，因慢性胆囊炎、胆结石发作进行手术治疗。进入手术室的陌生环境后，患者常出现的心理反应是]]></desc><options><option><id>A</id><type>text</type><desc><![CDATA[担心]]></desc></option><option><id>B</id><type>text</type><desc><![CDATA[烦躁]]></desc></option><option><id>C</id><type>text</type><desc><![CDATA[恐惧]]></desc></option><option><id>D</id><type>text</type><desc><![CDATA[沉默]]></desc></option><option><id>E</id><type>text</type><desc><![CDATA[焦虑]]></desc></option></options><answers><![CDATA[C]]></answers><keypoints><![CDATA[解析：恐惧有明显的对象，患者进入手术室的陌生环境，常出现的心理反应是恐惧。]]></keypoints></question><question><type>1</type><format>text</format><desc><![CDATA[5.患者，男性，20岁，因肠扭转急诊入院，立即行手术治疗。术后患者麻醉未醒时，对其宜采用的护患关系模式是]]></desc><options><option><id>A</id><type>text</type><desc><![CDATA[协商型]]></desc></option><option><id>B</id><type>text</type><desc><![CDATA[主动-被动型]]></desc></option><option><id>C</id><type>text</type><desc><![CDATA[指导-合作型]]></desc></option><option><id>D</id><type>text</type><desc><![CDATA[支配-服从型]]></desc></option><option><id>E</id><type>text</type><desc><![CDATA[共同参与型]]></desc></option></options><answers><![CDATA[B]]></answers><keypoints><![CDATA[解析：术后患者麻醉未清醒，没有自主意识和自理能力，完全依赖护士主动为其决策和护理，其护患关系模式为主动-被动型。]]></keypoints></question><question><type>1</type><format>text</format><desc><![CDATA[6.产妇刘某，30岁。小学教师，目前宫口开至2cm，剧烈疼痛，呻吟不断，满头大汗。护士打算为其进行产前指导，患者烦躁拒绝与护士对话。目前影响护患沟通的主要因素是]]></desc><options><option><id>A</id><type>text</type><desc><![CDATA[患者性格内向]]></desc></option><option><id>B</id><type>text</type><desc><![CDATA[有其他人在场]]></desc></option><option><id>C</id><type>text</type><desc><![CDATA[指导内容患者不感兴趣]]></desc></option><option><id>D</id><type>text</type><desc><![CDATA[患者伤口疼痛]]></desc></option><option><id>E</id><type>text</type><desc><![CDATA[患者产前知识缺乏]]></desc></option></options><answers><![CDATA[E]]></answers><keypoints><![CDATA[解析：产妇没有掌握正确的分娩知识，因而拒绝与护士沟通。本题最佳答案为E。]]></keypoints></question><question><type>1</type><format>text</format><desc><![CDATA[7.患者，女性，45岁。某上市公司高管。因工作压力过大长时间睡眠障碍入院。适用于该患者的最佳护患沟通模式为]]></desc><options><option><id>A</id><type>text</type><desc><![CDATA[指导型]]></desc></option><option><id>B</id><type>text</type><desc><![CDATA[被动型]]></desc></option><option><id>C</id><type>text</type><desc><![CDATA[共同参与型]]></desc></option><option><id>D</id><type>text</type><desc><![CDATA[指导-合作型]]></desc></option><option><id>E</id><type>text</type><desc><![CDATA[主动-被动型]]></desc></option></options><answers><![CDATA[C]]></answers><keypoints><![CDATA[解析：该患者为慢性病，对自身疾病有一定了解，具有一定的知识水平。因此适用于指导-合作型。]]></keypoints></question><question><type>1</type><format>text</format><desc><![CDATA[8.患者，男性，52岁。因急性胃肠炎住院治疗。住院第二天，公司发生紧急事务，患者不得不办理出院赶往公司处理。患者这种情况属于]]></desc><options><option><id>A</id><type>text</type><desc><![CDATA[角色行为消退]]></desc></option><option><id>B</id><type>text</type><desc><![CDATA[角色行为冲突]]></desc></option><option><id>C</id><type>text</type><desc><![CDATA[角色行为强化]]></desc></option><option><id>D</id><type>text</type><desc><![CDATA[角色行为缺如]]></desc></option><option><id>E</id><type>text</type><desc><![CDATA[角色行为适应]]></desc></option></options><answers><![CDATA[A]]></answers><keypoints><![CDATA[解析：该患者已经进入患者角色，但因为工作的原因，不得不承担相应的社会角色的责任和义务，属于角色行为消退。]]></keypoints></question><question><type>1</type><format>text</format><desc><![CDATA[9.以下哪项不属于非语言沟通]]></desc><options><option><id>A</id><type>text</type><desc><![CDATA[目光]]></desc></option><option><id>B</id><type>text</type><desc><![CDATA[空间语言]]></desc></option><option><id>C</id><type>text</type><desc><![CDATA[仪容]]></desc></option><option><id>D</id><type>text</type><desc><![CDATA[类语言]]></desc></option><option><id>E</id><type>text</type><desc><![CDATA[知情同意书]]></desc></option></options><answers><![CDATA[E]]></answers><keypoints><![CDATA[解析：知情同意书为书面语沟通的形式，属于语言沟通。]]></keypoints></question><question><type>1</type><format>text</format><desc><![CDATA[10.患者入院后，渴望与医护人员建立良好的关系，这属于]]></desc><options><option><id>A</id><type>text</type><desc><![CDATA[康复的需要]]></desc></option><option><id>B</id><type>text</type><desc><![CDATA[安全的需要]]></desc></option><option><id>C</id><type>text</type><desc><![CDATA[尊重和关心的需要]]></desc></option><option><id>D</id><type>text</type><desc><![CDATA[归属的需要]]></desc></option><option><id>E</id><type>text</type><desc><![CDATA[信息的需要]]></desc></option></options><answers><![CDATA[D]]></answers><keypoints><![CDATA[解析：新患者入院后，渴望建立良好的关系，有归属感，是归属的需要。]]></keypoints></question></questions></exam>