﻿<?xml version="1.0" encoding="UTF-8"?><exam><id>20181031222524</id><questions><instructions><![CDATA[A1型题]]></instructions><question><type>1</type><format>text</format><desc><![CDATA[1.下列疾病中，不属于心身疾病的是]]></desc><options><option><id>A</id><type>text</type><desc><![CDATA[原发性高血压]]></desc></option><option><id>B</id><type>text</type><desc><![CDATA[糖尿病]]></desc></option><option><id>C</id><type>text</type><desc><![CDATA[十二指肠溃疡]]></desc></option><option><id>D</id><type>text</type><desc><![CDATA[焦虑症]]></desc></option><option><id>E</id><type>text</type><desc><![CDATA[肿瘤]]></desc></option></options><answers><![CDATA[D]]></answers></question><question><type>1</type><format>text</format><desc><![CDATA[2.强调心理冲突、器官脆弱性、自主神经过度活动产生心身疾病的理论是]]></desc><options><option><id>A</id><type>text</type><desc><![CDATA[心理动力理论]]></desc></option><option><id>B</id><type>text</type><desc><![CDATA[行为学习理论]]></desc></option><option><id>C</id><type>text</type><desc><![CDATA[心理生理理论]]></desc></option><option><id>D</id><type>text</type><desc><![CDATA[人本理论]]></desc></option><option><id>E</id><type>text</type><desc><![CDATA[认知加工理论]]></desc></option></options><answers><![CDATA[A]]></answers></question><question><type>1</type><format>text</format><desc><![CDATA[3.某些心身疾病的发生与条件反射性学习有关，支持该观点的理论是]]></desc><options><option><id>A</id><type>text</type><desc><![CDATA[心理动力理论]]></desc></option><option><id>B</id><type>text</type><desc><![CDATA[行为学习理论]]></desc></option><option><id>C</id><type>text</type><desc><![CDATA[心理生理理论]]></desc></option><option><id>D</id><type>text</type><desc><![CDATA[人本理论]]></desc></option><option><id>E</id><type>text</type><desc><![CDATA[认知加工理论]]></desc></option></options><answers><![CDATA[B]]></answers></question><question><type>1</type><format>text</format><desc><![CDATA[4.高血压、冠心病、恶性肿瘤、糖尿病、消化性溃疡等多种疾病的发生与不良情绪有关，此类疾病可统称为]]></desc><options><option><id>A</id><type>text</type><desc><![CDATA[生理疾病]]></desc></option><option><id>B</id><type>text</type><desc><![CDATA[心理疾病]]></desc></option><option><id>C</id><type>text</type><desc><![CDATA[精神疾病]]></desc></option><option><id>D</id><type>text</type><desc><![CDATA[心身疾病]]></desc></option><option><id>E</id><type>text</type><desc><![CDATA[神经疾病]]></desc></option></options><answers><![CDATA[D]]></answers></question><question><type>1</type><format>text</format><desc><![CDATA[5.心身疾病的心理干预效果，很大程度上取决于患者本身的主观能动性，这一点体现的是心理干预的]]></desc><options><option><id>A</id><type>text</type><desc><![CDATA[综合干预的原则]]></desc></option><option><id>B</id><type>text</type><desc><![CDATA[患者本人积极参与的原则]]></desc></option><option><id>C</id><type>text</type><desc><![CDATA[持续干预的原则]]></desc></option><option><id>D</id><type>text</type><desc><![CDATA[针对性原则]]></desc></option><option><id>E</id><type>text</type><desc><![CDATA[目标性原则]]></desc></option></options><answers><![CDATA[B]]></answers></question><question><type>1</type><format>text</format><desc><![CDATA[6.通过内脏学习，使血压成为一种能被患者“随意”操作的内脏行为，从而达到降压目的，这种治疗方法属于]]></desc><options><option><id>A</id><type>text</type><desc><![CDATA[认知疗法]]></desc></option><option><id>B</id><type>text</type><desc><![CDATA[正强化技术]]></desc></option><option><id>C</id><type>text</type><desc><![CDATA[精神分析疗法]]></desc></option><option><id>D</id><type>text</type><desc><![CDATA[生物反馈疗法]]></desc></option><option><id>E</id><type>text</type><desc><![CDATA[人本主义疗法]]></desc></option></options><answers><![CDATA[D]]></answers></question><question><type>1</type><format>text</format><desc><![CDATA[7.不属于AIAI反应的是]]></desc><options><option><id>A</id><type>text</type><desc><![CDATA[恼怒（aggravation)]]></desc></option><option><id>B</id><type>text</type><desc><![CDATA[激动(irritation)]]></desc></option><option><id>C</id><type>text</type><desc><![CDATA[发怒（anger)]]></desc></option><option><id>D</id><type>text</type><desc><![CDATA[不耐烦（impatience)]]></desc></option><option><id>E</id><type>text</type><desc><![CDATA[焦虑（anxiety）]]></desc></option></options><answers><![CDATA[B]]></answers></question><question><type>1</type><format>text</format><desc><![CDATA[8.与冠心病发生关系密切的人格特征是]]></desc><options><option><id>A</id><type>text</type><desc><![CDATA[A型人格]]></desc></option><option><id>B</id><type>text</type><desc><![CDATA[B型人格]]></desc></option><option><id>C</id><type>text</type><desc><![CDATA[C型人格]]></desc></option><option><id>D</id><type>text</type><desc><![CDATA[D型人格]]></desc></option><option><id>E</id><type>text</type><desc><![CDATA[E型人格]]></desc></option></options><answers><![CDATA[A]]></answers></question><question><type>1</type><format>text</format><desc><![CDATA[9.与恶性肿瘤发生关系密切的人格特征是]]></desc><options><option><id>A</id><type>text</type><desc><![CDATA[A型人格]]></desc></option><option><id>B</id><type>text</type><desc><![CDATA[B型人格]]></desc></option><option><id>C</id><type>text</type><desc><![CDATA[C型人格]]></desc></option><option><id>D</id><type>text</type><desc><![CDATA[D型人格]]></desc></option><option><id>E</id><type>text</type><desc><![CDATA[E型人格]]></desc></option></options><answers><![CDATA[C]]></answers></question></questions><questions><instructions><![CDATA[A2型题]]></instructions><question><type>1</type><format>text</format><desc><![CDATA[10.患者，女，65岁，患糖尿病已有10年的时间。她一直注意饮食，进行足够强度的锻炼，并服用口服药来控制血糖。最近，因股市亏损35万元，而出现头晕眼花、四肢乏力、血糖升高等症状。护士想让这个患者加入一个已有5个糖尿病患者的小型治疗团体，采用几种认知和行为技术（如认知重建、应激管理和示范等）来帮助患者消除与糖尿病有关的痛苦，提高其应对技巧，促进自我管理，改善血糖控制，这种方法属于]]></desc><options><option><id>A</id><type>text</type><desc><![CDATA[精神分析疗法]]></desc></option><option><id>B</id><type>text</type><desc><![CDATA[人本主义疗法]]></desc></option><option><id>C</id><type>text</type><desc><![CDATA[集体认知行为疗法]]></desc></option><option><id>D</id><type>text</type><desc><![CDATA[理性情绪行为疗法]]></desc></option><option><id>E</id><type>text</type><desc><![CDATA[生物反馈疗法]]></desc></option></options><answers><![CDATA[C]]></answers></question><question><type>1</type><format>text</format><desc><![CDATA[11.患者，女，8岁，患支气管哮喘5年。该患儿对母亲特别依赖，母亲因担心女儿哮喘发作，对其尤其关注。护士计划先让患儿与母亲暂时分离，让其参加夏令营活动，然后逐渐延长分离的时间，进而消除患儿对母亲这种依赖的心理。这种方法属于]]></desc><options><option><id>A</id><type>text</type><desc><![CDATA[人本主义疗法]]></desc></option><option><id>B</id><type>text</type><desc><![CDATA[系统脱敏疗法]]></desc></option><option><id>C</id><type>text</type><desc><![CDATA[集体认知行为疗法]]></desc></option><option><id>D</id><type>text</type><desc><![CDATA[理性情绪行为疗法]]></desc></option><option><id>E</id><type>text</type><desc><![CDATA[生物反馈疗法]]></desc></option></options><answers><![CDATA[B]]></answers></question></questions></exam>