﻿<?xml version="1.0" encoding="UTF-8"?><exam><id>20181031223406</id><questions><instructions><![CDATA[A1型题]]></instructions><question><type>1</type><format>text</format><desc><![CDATA[1.精神分析把目前未被注意到或不在意识之中，通过自己集中注意或经过他人的提醒能被带到意识中的心理活动称为]]></desc><options><option><id>A</id><type>text</type><desc><![CDATA[超意识]]></desc></option><option><id>B</id><type>text</type><desc><![CDATA[回忆催眠]]></desc></option><option><id>C</id><type>text</type><desc><![CDATA[前意识]]></desc></option><option><id>D</id><type>text</type><desc><![CDATA[唤醒]]></desc></option></options><answers><![CDATA[C]]></answers></question><question><type>1</type><format>text</format><desc><![CDATA[2.具有要求即刻被满足，遵循快乐原则的人格部分是]]></desc><options><option><id>A</id><type>text</type><desc><![CDATA[本我]]></desc></option><option><id>B</id><type>text</type><desc><![CDATA[自我]]></desc></option><option><id>C</id><type>text</type><desc><![CDATA[忘我]]></desc></option><option><id>D</id><type>text</type><desc><![CDATA[超我]]></desc></option></options><answers><![CDATA[A]]></answers></question><question><type>1</type><format>text</format><desc><![CDATA[3.艾利斯的ABC理论中的B因素是指]]></desc><options><option><id>A</id><type>text</type><desc><![CDATA[行为因素]]></desc></option><option><id>B</id><type>text</type><desc><![CDATA[信念因素]]></desc></option><option><id>C</id><type>text</type><desc><![CDATA[生物因素]]></desc></option><option><id>D</id><type>text</type><desc><![CDATA[中间因素]]></desc></option></options><answers><![CDATA[B]]></answers></question><question><type>1</type><format>text</format><desc><![CDATA[4.下列不属于非理性思维的是]]></desc><options><option><id>A</id><type>text</type><desc><![CDATA[人不能掌握自己的情感]]></desc></option><option><id>B</id><type>text</type><desc><![CDATA[世界上的事物要么是对的，要么是错的]]></desc></option><option><id>C</id><type>text</type><desc><![CDATA[其他人的不安不应引起自己的不安]]></desc></option><option><id>D</id><type>text</type><desc><![CDATA[面对困难不如逃避困难]]></desc></option></options><answers><![CDATA[C]]></answers></question><question><type>1</type><format>text</format><desc><![CDATA[5.下列有关咨访关系建立的描述中，正确的是]]></desc><options><option><id>A</id><type>text</type><desc><![CDATA[咨询师和来访者之间的关系越亲密越好]]></desc></option><option><id>B</id><type>text</type><desc><![CDATA[咨询师的态度是建立良好咨访关系的关键]]></desc></option><option><id>C</id><type>text</type><desc><![CDATA[能否建立起良好的咨访关系完全取决于咨询师的因素]]></desc></option><option><id>D</id><type>text</type><desc><![CDATA[在咨访关系中，既能满足来访者的需要，也能满足咨询师的心理需要]]></desc></option></options><answers><![CDATA[B]]></answers></question><question><type>1</type><format>text</format><desc><![CDATA[6.以下有关共情的说法，正确的是]]></desc><options><option><id>A</id><type>text</type><desc><![CDATA[共情是指从来访者角度理解来访者的能力]]></desc></option><option><id>B</id><type>text</type><desc><![CDATA[共情等同于单纯的理解]]></desc></option><option><id>C</id><type>text</type><desc><![CDATA[共情是对来访者遭遇的怜悯和关切]]></desc></option><option><id>D</id><type>text</type><desc><![CDATA[共情是进行判断和支持来访者的能力]]></desc></option></options><answers><![CDATA[A]]></answers></question><question><type>1</type><format>text</format><desc><![CDATA[7.不恰当提问的消极作用是]]></desc><options><option><id>A</id><type>text</type><desc><![CDATA[可造成互相依赖和责任转移]]></desc></option><option><id>B</id><type>text</type><desc><![CDATA[容易使咨询师产生防御心理]]></desc></option><option><id>C</id><type>text</type><desc><![CDATA[可减少对方自我探索的主动性]]></desc></option><option><id>D</id><type>text</type><desc><![CDATA[可产生不准确信息而延误确诊]]></desc></option></options><answers><![CDATA[C]]></answers></question><question><type>1</type><format>text</format><desc><![CDATA[8.心理咨询中对保密原则的把握正确的是]]></desc><options><option><id>A</id><type>text</type><desc><![CDATA[心理咨询师时刻保守来访者的秘密]]></desc></option><option><id>B</id><type>text</type><desc><![CDATA[来访者对于泄密有诉诸法律的权利]]></desc></option><option><id>C</id><type>text</type><desc><![CDATA[不必反复向来访者说明保密原则]]></desc></option><option><id>D</id><type>text</type><desc><![CDATA[来访者的所有情况均在保密之列]]></desc></option></options><answers><![CDATA[B]]></answers></question><question><type>1</type><format>text</format><desc><![CDATA[9.对谈话法的理解正确的是]]></desc><options><option><id>A</id><type>text</type><desc><![CDATA[恰当地给予评价可以增加来访者的信任感]]></desc></option><option><id>B</id><type>text</type><desc><![CDATA[只有在取得信息时才可中断来访者的谈话]]></desc></option><option><id>C</id><type>text</type><desc><![CDATA[即使听不懂谈话内容也要表现出很感兴趣]]></desc></option><option><id>D</id><type>text</type><desc><![CDATA[只有持非评判性态度才能使对方无所顾忌]]></desc></option></options><answers><![CDATA[D]]></answers></question><question><type>1</type><format>text</format><desc><![CDATA[10.心理危机干预技术重点在于给予危机者及时的心理支持，尽可能地帮助危机者建立]]></desc><options><option><id>A</id><type>text</type><desc><![CDATA[心理应激反应]]></desc></option><option><id>B</id><type>text</type><desc><![CDATA[建设性应对机制]]></desc></option><option><id>C</id><type>text</type><desc><![CDATA[自信]]></desc></option><option><id>D</id><type>text</type><desc><![CDATA[交流通道]]></desc></option></options><answers><![CDATA[B]]></answers></question><question><type>1</type><format>text</format><desc><![CDATA[11.危机干预基本模式中的平衡模式适合于]]></desc><options><option><id>A</id><type>text</type><desc><![CDATA[危机的早期干预]]></desc></option><option><id>B</id><type>text</type><desc><![CDATA[趋于稳定后的求助者]]></desc></option><option><id>C</id><type>text</type><desc><![CDATA[危机过程干预]]></desc></option><option><id>D</id><type>text</type><desc><![CDATA[危机后期干预]]></desc></option></options><answers><![CDATA[A]]></answers></question><question><type>1</type><format>text</format><desc><![CDATA[12.心理危机是一种]]></desc><options><option><id>A</id><type>text</type><desc><![CDATA[不良的应激过程]]></desc></option><option><id>B</id><type>text</type><desc><![CDATA[疾病过程]]></desc></option><option><id>C</id><type>text</type><desc><![CDATA[病理过程]]></desc></option><option><id>D</id><type>text</type><desc><![CDATA[正常的生活经历，并非疾病或病理过程]]></desc></option></options><answers><![CDATA[D]]></answers></question></questions><questions><instructions><![CDATA[A2型题]]></instructions><question><type>1</type><format>text</format><desc><![CDATA[1.饮酒后感到“烦闷解除”，逐渐形成了饮酒的嗜好，这属于]]></desc><options><option><id>A</id><type>text</type><desc><![CDATA[惩罚]]></desc></option><option><id>B</id><type>text</type><desc><![CDATA[消退]]></desc></option><option><id>C</id><type>text</type><desc><![CDATA[正强化]]></desc></option><option><id>D</id><type>text</type><desc><![CDATA[负强化]]></desc></option></options><answers><![CDATA[D]]></answers></question><question><type>1</type><format>text</format><desc><![CDATA[2.为了戒除患者酒瘾，在每次想要喝酒时，采取某种方法使其感到不适，达到戒酒目的，这种方法是]]></desc><options><option><id>A</id><type>text</type><desc><![CDATA[系统脱敏疗法]]></desc></option><option><id>B</id><type>text</type><desc><![CDATA[放松疗法]]></desc></option><option><id>C</id><type>text</type><desc><![CDATA[厌恶疗法]]></desc></option><option><id>D</id><type>text</type><desc><![CDATA[暴露疗法]]></desc></option></options><answers><![CDATA[C]]></answers></question><question><type>1</type><format>text</format><desc><![CDATA[3.一位来访者要求咨询师帮助她决定，是否该与其男友分手，但是咨询师并没有满足其要求，这是因为]]></desc><options><option><id>A</id><type>text</type><desc><![CDATA[咨询师还没有考虑成熟]]></desc></option><option><id>D</id><type>text</type><desc><![CDATA[咨询师没有这方面的经验]]></desc></option><option><id>C</id><type>text</type><desc><![CDATA[咨询师要保持客观中立]]></desc></option><option><id>D</id><type>text</type><desc><![CDATA[帮助来访者自立]]></desc></option></options><answers><![CDATA[C]]></answers></question><question><type>1</type><format>text</format><desc><![CDATA[4.一位来访者非常感谢心理治疗师对他的诊治，约心理治疗师一同外出吃饭，却被婉言谢绝，这是因为该心理治疗师]]></desc><options><option><id>A</id><type>text</type><desc><![CDATA[要遵守关系限定的原则]]></desc></option><option><id>B</id><type>text</type><desc><![CDATA[要保持客观中立的原则]]></desc></option><option><id>C</id><type>text</type><desc><![CDATA[要坚持帮助来访者自立]]></desc></option><option><id>D</id><type>text</type><desc><![CDATA[认为请客吃饭比较庸俗]]></desc></option></options><answers><![CDATA[A]]></answers></question><question><type>1</type><format>text</format><desc><![CDATA[5.杨先生在回家的路上接到邻居打来的电话，告诉他儿子放学过马路发生了车祸，受伤严重正在医院抢救，杨先生赶到医院时，被告知抢救无效，孩子已经死亡。不是正常的悲哀行为反应的是]]></desc><options><option><id>A</id><type>text</type><desc><![CDATA[总回忆死去的人]]></desc></option><option><id>B</id><type>text</type><desc><![CDATA[认同于死去的人]]></desc></option><option><id>C</id><type>text</type><desc><![CDATA[向肇事者索赔]]></desc></option><option><id>D</id><type>text</type><desc><![CDATA[表现出内疚或敌意]]></desc></option></options><answers><![CDATA[C]]></answers></question><question><type>1</type><format>text</format><desc><![CDATA[6.黄英，18岁。高考落榜，表现自卑、不愿出门、哭泣、情绪低落，此时最适合的危机干预模式是]]></desc><options><option><id>A</id><type>text</type><desc><![CDATA[平衡模式]]></desc></option><option><id>B</id><type>text</type><desc><![CDATA[认知模式]]></desc></option><option><id>C</id><type>text</type><desc><![CDATA[系统模式]]></desc></option><option><id>D</id><type>text</type><desc><![CDATA[适应模式]]></desc></option></options><answers><![CDATA[A]]></answers></question><question><type>1</type><format>text</format><desc><![CDATA[7.陈女士，26岁，怀孕6个月。在地震中，丈夫为了救王女士而去世，她悲痛欲绝，对未来失去信心，心理咨询师通过改变陈女士的非理性思维使其不良情绪得到改善。运用的危机干预模式是]]></desc><options><option><id>A</id><type>text</type><desc><![CDATA[平衡模式]]></desc></option><option><id>B</id><type>text</type><desc><![CDATA[认知模式]]></desc></option><option><id>C</id><type>text</type><desc><![CDATA[系统模式]]></desc></option><option><id>D</id><type>text</type><desc><![CDATA[适应模式]]></desc></option></options><answers><![CDATA[B]]></answers></question><question><type>1</type><format>text</format><desc><![CDATA[8.患儿，男，10岁。在和妈妈去超市时，经历了超市抢劫事件，妈妈因为保护孩子被劫匪扎成重伤。男孩由于惊吓过度，首先出现浑身战栗，继而出现表情麻木、呆坐不语。男孩发生的危机是]]></desc><options><option><id>A</id><type>text</type><desc><![CDATA[生态危机]]></desc></option><option><id>B</id><type>text</type><desc><![CDATA[存在性危机]]></desc></option><option><id>C</id><type>text</type><desc><![CDATA[创伤性危机]]></desc></option><option><id>D</id><type>text</type><desc><![CDATA[精神病里危机]]></desc></option></options><answers><![CDATA[C]]></answers></question><question><type>1</type><format>text</format><desc><![CDATA[9.一个女孩在高考成绩公布到当天得知自己落榜了，表现出悲观失望、不愿意出门、哭泣沮丧、情绪低落，此时最适合的心理危机干预模式是]]></desc><options><option><id>A</id><type>text</type><desc><![CDATA[系统模式]]></desc></option><option><id>B</id><type>text</type><desc><![CDATA[认知模式]]></desc></option><option><id>C</id><type>text</type><desc><![CDATA[心理社会转变模式]]></desc></option><option><id>D</id><type>text</type><desc><![CDATA[平衡模式]]></desc></option></options><answers><![CDATA[D]]></answers></question></questions></exam>