﻿<?xml version="1.0" encoding="UTF-8"?><exam><id>20160523151520</id><questions><instructions>A1型题</instructions><question><type>1</type><format>text</format><desc><![CDATA[1.循环系统包括]]></desc><options><option><id>A</id><type>text</type><desc><![CDATA[心、动脉、毛细血管、静脉]]></desc></option><option><id>B</id><type>text</type><desc><![CDATA[淋巴组织、淋巴器官、淋巴管道]]></desc></option><option><id>C</id><type>text</type><desc><![CDATA[心血管系统和淋巴系统]]></desc></option><option><id>D</id><type>text</type><desc><![CDATA[血液和淋巴]]></desc></option><option><id>E</id><type>text</type><desc><![CDATA[以上都不是]]></desc></option></options><answers><![CDATA[C]]></answers><keypoints><![CDATA[解析：循环系统的组成。]]></keypoints></question><question><type>1</type><format>text</format><desc><![CDATA[2.心的哪一部分提供体循环血流的动力]]></desc><options><option><id>A</id><type>text</type><desc><![CDATA[左心房]]></desc></option><option><id>B</id><type>text</type><desc><![CDATA[右心房]]></desc></option><option><id>C</id><type>text</type><desc><![CDATA[左心室]]></desc></option><option><id>D</id><type>text</type><desc><![CDATA[右心室]]></desc></option><option><id>E</id><type>text</type><desc><![CDATA[主动脉]]></desc></option></options><answers><![CDATA[C]]></answers><keypoints><![CDATA[解析：体循环由左心室开始，至右心房结束。]]></keypoints></question><question><type>1</type><format>text</format><desc><![CDATA[3.体循环的静脉血最后流入]]></desc><options><option><id>A</id><type>text</type><desc><![CDATA[左心房]]></desc></option><option><id>B</id><type>text</type><desc><![CDATA[右心房]]></desc></option><option><id>C</id><type>text</type><desc><![CDATA[左心室]]></desc></option><option><id>D</id><type>text</type><desc><![CDATA[右心室]]></desc></option><option><id>E</id><type>text</type><desc><![CDATA[上、下腔静脉]]></desc></option></options><answers><![CDATA[B]]></answers><keypoints><![CDATA[解析：体循环由左心室开始，至右心房结束。]]></keypoints></question><question><type>1</type><format>text</format><desc><![CDATA[4.心房和心室在心脏表面的分界标志是]]></desc><options><option><id>A</id><type>text</type><desc><![CDATA[前室间沟]]></desc></option><option><id>B</id><type>text</type><desc><![CDATA[后室间沟]]></desc></option><option><id>C</id><type>text</type><desc><![CDATA[冠状沟]]></desc></option><option><id>D</id><type>text</type><desc><![CDATA[房间沟]]></desc></option><option><id>E</id><type>text</type><desc><![CDATA[房室交点]]></desc></option></options><answers><![CDATA[C]]></answers><keypoints><![CDATA[解析：冠状沟是房室在心脏表面的分界标志；前后室间沟是左右心室在心脏表面的分界标志；房间沟是左右心房在心脏表面的分界标志。]]></keypoints></question><question><type>1</type><format>text</format><desc><![CDATA[5.参与心左缘的构成的是]]></desc><options><option><id>A</id><type>text</type><desc><![CDATA[左心房]]></desc></option><option><id>B</id><type>text</type><desc><![CDATA[左心耳]]></desc></option><option><id>C</id><type>text</type><desc><![CDATA[左心室]]></desc></option><option><id>D</id><type>text</type><desc><![CDATA[左心室和左心耳]]></desc></option><option><id>E</id><type>text</type><desc><![CDATA[左心房和左心耳]]></desc></option></options><answers><![CDATA[D]]></answers><keypoints><![CDATA[解析：左心室和左心耳参与心左缘的构成；右心耳和右心室参与心右缘的构成；左右心室参与心下缘的构成。]]></keypoints></question><question><type>1</type><format>text</format><desc><![CDATA[6.最靠后方的心腔是]]></desc><options><option><id>A</id><type>text</type><desc><![CDATA[左心房]]></desc></option><option><id>B</id><type>text</type><desc><![CDATA[左心室]]></desc></option><option><id>C</id><type>text</type><desc><![CDATA[右心房]]></desc></option><option><id>D</id><type>text</type><desc><![CDATA[右心室]]></desc></option><option><id>E</id><type>text</type><desc><![CDATA[左心房和右心室]]></desc></option></options><answers><![CDATA[A]]></answers><keypoints><![CDATA[解析：左心房最靠后方。]]></keypoints></question><question><type>1</type><format>text</format><desc><![CDATA[7.心的正常起搏点是]]></desc><options><option><id>A</id><type>text</type><desc><![CDATA[窦房结]]></desc></option><option><id>B</id><type>text</type><desc><![CDATA[房室结]]></desc></option><option><id>C</id><type>text</type><desc><![CDATA[结间束]]></desc></option><option><id>D</id><type>text</type><desc><![CDATA[房室束]]></desc></option><option><id>E</id><type>text</type><desc><![CDATA[冠状窦]]></desc></option></options><answers><![CDATA[A]]></answers><keypoints><![CDATA[解析：窦房结是心脏的正常起搏点。]]></keypoints></question><question><type>1</type><format>text</format><desc><![CDATA[8.窦房结位于]]></desc><options><option><id>A</id><type>text</type><desc><![CDATA[冠状窦口与右房室口之间的心内膜深面]]></desc></option><option><id>B</id><type>text</type><desc><![CDATA[右房侧室间隔膜部的心内膜深面]]></desc></option><option><id>C</id><type>text</type><desc><![CDATA[左房侧室间隔膜部的心内膜深面]]></desc></option><option><id>D</id><type>text</type><desc><![CDATA[上腔静脉与右心房交界处心外膜深面]]></desc></option><option><id>E</id><type>text</type><desc><![CDATA[房间隔下部右房侧心内膜深面，冠状窦口前上方]]></desc></option></options><answers><![CDATA[D]]></answers><keypoints><![CDATA[解析：作为心脏的正常起搏点，窦房结生长于上腔静脉与右心房交界处心外膜深面，首先引起心房的收缩。]]></keypoints></question><question><type>1</type><format>text</format><desc><![CDATA[9.左冠状动脉]]></desc><options><option><id>A</id><type>text</type><desc><![CDATA[发自主动脉窦或右窦]]></desc></option><option><id>B</id><type>text</type><desc><![CDATA[分为后室间支和左室后支]]></desc></option><option><id>C</id><type>text</type><desc><![CDATA[主要营养室间隔前2/3、左心室、左心房及右心室前壁的一部分]]></desc></option><option><id>D</id><type>text</type><desc><![CDATA[在心壁内，与右冠状动脉间无吻合]]></desc></option><option><id>E</id><type>text</type><desc><![CDATA[分支分布于左心室后壁的一部分和室间隔的后1/3部]]></desc></option></options><answers><![CDATA[C]]></answers><keypoints><![CDATA[解析：冠状动脉的分支和分布。]]></keypoints></question><question><type>1</type><format>text</format><desc><![CDATA[10.心室舒张时，防止血液逆流的装置是]]></desc><options><option><id>A</id><type>text</type><desc><![CDATA[二尖瓣和三尖瓣]]></desc></option><option><id>B</id><type>text</type><desc><![CDATA[主动脉瓣和三尖瓣]]></desc></option><option><id>C</id><type>text</type><desc><![CDATA[肺动脉瓣和二尖瓣]]></desc></option><option><id>D</id><type>text</type><desc><![CDATA[主动脉瓣和肺动脉瓣]]></desc></option><option><id>E</id><type>text</type><desc><![CDATA[主动脉瓣和二尖瓣]]></desc></option></options><answers><![CDATA[D]]></answers><keypoints><![CDATA[解析：心室舒张时，血液已从心室摄入主动脉或肺动脉，为了防止血液逆流，主动脉瓣和肺动脉瓣关闭。]]></keypoints></question><question><type>1</type><format>text</format><desc><![CDATA[11.属于升主动脉的分支是]]></desc><options><option><id>A</id><type>text</type><desc><![CDATA[头臂干]]></desc></option><option><id>B</id><type>text</type><desc><![CDATA[支气管支和食管支]]></desc></option><option><id>C</id><type>text</type><desc><![CDATA[左颈总动脉]]></desc></option><option><id>D</id><type>text</type><desc><![CDATA[左、右冠状动脉]]></desc></option><option><id>E</id><type>text</type><desc><![CDATA[肋间后动脉]]></desc></option></options><answers><![CDATA[D]]></answers><keypoints><![CDATA[解析：升主动脉的根部发出分支左右冠状动脉，给心脏提供血液。]]></keypoints></question><question><type>1</type><format>text</format><desc><![CDATA[12.下列哪项为腹主动脉直接发出的不成对的脏支]]></desc><options><option><id>A</id><type>text</type><desc><![CDATA[肠系膜上动脉]]></desc></option><option><id>B</id><type>text</type><desc><![CDATA[肝总动脉]]></desc></option><option><id>C</id><type>text</type><desc><![CDATA[脾动脉]]></desc></option><option><id>D</id><type>text</type><desc><![CDATA[胃左动脉]]></desc></option><option><id>E</id><type>text</type><desc><![CDATA[右结肠动脉]]></desc></option></options><answers><![CDATA[A]]></answers><keypoints><![CDATA[解析：腹主动脉直接发出三条不成对的脏支，分别是腹腔干、肠系膜上动脉和肠系膜下动脉。]]></keypoints></question><question><type>1</type><format>text</format><desc><![CDATA[13.肠系膜下动脉起始部阻塞时，下列器官血运障碍最明显的是]]></desc><options><option><id>A</id><type>text</type><desc><![CDATA[空肠、回肠]]></desc></option><option><id>B</id><type>text</type><desc><![CDATA[盲肠、阑尾]]></desc></option><option><id>C</id><type>text</type><desc><![CDATA[升结肠、横结肠]]></desc></option><option><id>D</id><type>text</type><desc><![CDATA[降结肠、乙状结肠]]></desc></option><option><id>E</id><type>text</type><desc><![CDATA[十二指肠、胰头]]></desc></option></options><answers><![CDATA[D]]></answers><keypoints><![CDATA[解析：肠系膜下动脉主要为降结肠和乙状结肠提供血液，一旦起始部阻塞，该部位将出现血运障碍。]]></keypoints></question><question><type>1</type><format>text</format><desc><![CDATA[14.大隐静脉]]></desc><options><option><id>A</id><type>text</type><desc><![CDATA[起自足背静脉弓的内侧端]]></desc></option><option><id>B</id><type>text</type><desc><![CDATA[经过内踝前方]]></desc></option><option><id>C</id><type>text</type><desc><![CDATA[常经该静脉进行穿刺和输液]]></desc></option><option><id>D</id><type>text</type><desc><![CDATA[属于浅静脉]]></desc></option><option><id>E</id><type>text</type><desc><![CDATA[以上均正确]]></desc></option></options><answers><![CDATA[E]]></answers><keypoints><![CDATA[解析：大隐静脉是最大的浅静脉，是临床进行静脉穿刺的选择之一。]]></keypoints></question><question><type>1</type><format>text</format><desc><![CDATA[15.肝门静脉]]></desc><options><option><id>A</id><type>text</type><desc><![CDATA[由脾静脉和肠系膜上静脉汇合而成]]></desc></option><option><id>B</id><type>text</type><desc><![CDATA[其属支中有肝静脉]]></desc></option><option><id>C</id><type>text</type><desc><![CDATA[由脾静脉和肠系膜下静脉汇合而成]]></desc></option><option><id>D</id><type>text</type><desc><![CDATA[由肝静脉和脾静脉汇合而成]]></desc></option><option><id>E</id><type>text</type><desc><![CDATA[由肠系膜下静脉和肠系膜上静脉汇合而成]]></desc></option></options><answers><![CDATA[A]]></answers><keypoints><![CDATA[解析：肝门静脉由脾静脉和肠系膜上静脉汇合而成。]]></keypoints></question><question><type>1</type><format>text</format><desc><![CDATA[16.头静脉]]></desc><options><option><id>A</id><type>text</type><desc><![CDATA[属于头部的静脉]]></desc></option><option><id>B</id><type>text</type><desc><![CDATA[起于手背静脉网的尺侧]]></desc></option><option><id>C</id><type>text</type><desc><![CDATA[经过肱二头肌的内侧]]></desc></option><option><id>D</id><type>text</type><desc><![CDATA[穿过三角肌和胸大肌]]></desc></option><option><id>E</id><type>text</type><desc><![CDATA[注入腋静脉和锁骨下静脉]]></desc></option></options><answers><![CDATA[E]]></answers><keypoints><![CDATA[解析：头静脉是上肢最大的浅静脉，常注入也经脉或锁骨下静脉。]]></keypoints></question><question><type>1</type><format>text</format><desc><![CDATA[17.肘正中静脉]]></desc><options><option><id>A</id><type>text</type><desc><![CDATA[是肘前区的深静脉]]></desc></option><option><id>B</id><type>text</type><desc><![CDATA[位于肘前区的内侧]]></desc></option><option><id>C</id><type>text</type><desc><![CDATA[位于肘前区的外侧]]></desc></option><option><id>D</id><type>text</type><desc><![CDATA[形态比较固定]]></desc></option><option><id>E</id><type>text</type><desc><![CDATA[临床可在此抽血或推注药物]]></desc></option></options><answers><![CDATA[E]]></answers><keypoints><![CDATA[解析：肘正中静脉也是上肢的浅静脉，连接头静脉和贵要静脉，位于肘窝，形态不定，临床用于抽血或推注药物。]]></keypoints></question><question><type>1</type><format>text</format><desc><![CDATA[18.下腔静脉]]></desc><options><option><id>A</id><type>text</type><desc><![CDATA[有肝门静脉直接注入]]></desc></option><option><id>B</id><type>text</type><desc><![CDATA[有肝静脉直接注入]]></desc></option><option><id>C</id><type>text</type><desc><![CDATA[有肠系膜上静脉直接注入]]></desc></option><option><id>D</id><type>text</type><desc><![CDATA[有脾静脉直接注入]]></desc></option><option><id>E</id><type>text</type><desc><![CDATA[有肠系膜下静脉直接注入]]></desc></option></options><answers><![CDATA[B]]></answers><keypoints><![CDATA[解析：肝静脉收纳肝脏的静脉血后直接注入下腔静脉。]]></keypoints></question><question><type>1</type><format>text</format><desc><![CDATA[19.右淋巴导管注入]]></desc><options><option><id>A</id><type>text</type><desc><![CDATA[右颈总静脉]]></desc></option><option><id>B</id><type>text</type><desc><![CDATA[右锁骨下静脉]]></desc></option><option><id>C</id><type>text</type><desc><![CDATA[右颈内静脉]]></desc></option><option><id>D</id><type>text</type><desc><![CDATA[右颈外静脉]]></desc></option><option><id>E</id><type>text</type><desc><![CDATA[右静脉角]]></desc></option></options><answers><![CDATA[E]]></answers><keypoints><![CDATA[解析：左右淋巴导管最终将淋巴分别注入左右静脉角中，静脉角为颈内静脉和锁骨下静脉的夹角。]]></keypoints></question><question><type>1</type><format>text</format><desc><![CDATA[20.腹股沟浅淋巴结收纳]]></desc><options><option><id>A</id><type>text</type><desc><![CDATA[收纳下肢全部浅淋巴结]]></desc></option><option><id>B</id><type>text</type><desc><![CDATA[收纳下肢所有深淋巴回流]]></desc></option><option><id>C</id><type>text</type><desc><![CDATA[大部分淋巴可直接注入髂外淋巴结]]></desc></option><option><id>D</id><type>text</type><desc><![CDATA[位于大隐静脉末段周围及腹股沟韧带下方]]></desc></option><option><id>E</id><type>text</type><desc><![CDATA[臀部和会阴的淋巴不会流至腹股沟浅淋巴结]]></desc></option></options><answers><![CDATA[D]]></answers><keypoints><![CDATA[解析：腹股沟浅淋巴结位于腹股沟韧带下方，位置表浅，可触及。]]></keypoints></question></questions></exam>