﻿<?xml version="1.0" encoding="UTF-8"?><exam><id>20160523141851</id><questions><instructions>A1型题</instructions><question><type>1</type><format>text</format><desc><![CDATA[1.对标准解剖学姿势描述有误的是]]></desc><options><option><id>A</id><type>text</type><desc><![CDATA[身体直立]]></desc></option><option><id>B</id><type>text</type><desc><![CDATA[上肢下垂]]></desc></option><option><id>C</id><type>text</type><desc><![CDATA[掌心向内]]></desc></option><option><id>D</id><type>text</type><desc><![CDATA[两眼平视前方]]></desc></option><option><id>E</id><type>text</type><desc><![CDATA[下肢并拢]]></desc></option></options><answers><![CDATA[C]]></answers><keypoints><![CDATA[解析：标准解剖学姿势是指身体直立，两眼平视前方，上肢下垂于躯干两侧，掌心向前，下肢并拢，足尖向前。]]></keypoints></question><question><type>1</type><format>text</format><desc><![CDATA[2.前后方向与身体长轴垂直、与地面平行的轴为]]></desc><options><option><id>A</id><type>text</type><desc><![CDATA[额状轴]]></desc></option><option><id>B</id><type>text</type><desc><![CDATA[矢状轴]]></desc></option><option><id>C</id><type>text</type><desc><![CDATA[垂直轴]]></desc></option><option><id>D</id><type>text</type><desc><![CDATA[冠状轴]]></desc></option><option><id>E</id><type>text</type><desc><![CDATA[水平轴]]></desc></option></options><answers><![CDATA[B]]></answers><keypoints><![CDATA[解析：矢状轴为前后方向与身体长轴垂直、与地平面平行的轴。]]></keypoints></question><question><type>1</type><format>text</format><desc><![CDATA[3.HE染色下细胞质嗜碱性强说明]]></desc><options><option><id>A</id><type>text</type><desc><![CDATA[游离核糖体丰富]]></desc></option><option><id>B</id><type>text</type><desc><![CDATA[高尔基复合体发达]]></desc></option><option><id>C</id><type>text</type><desc><![CDATA[滑面内质网丰富]]></desc></option><option><id>D</id><type>text</type><desc><![CDATA[基质丰富]]></desc></option><option><id>E</id><type>text</type><desc><![CDATA[线粒体丰富]]></desc></option></options><answers><![CDATA[A]]></answers><keypoints><![CDATA[解析：苏木精是碱性染料，可将细胞核和细胞质中的核糖体等酸性物质染成紫蓝色；伊红是酸性染料，可将细胞质和细胞外基质中的碱性成分染成红色。]]></keypoints></question></questions></exam>