{"_ZVING_RESULT":"[{\"id\":\"48167061\",\"pid\":\"0\",\"name\":\"第一章 医院和住院环境\",\"level\":\"0\",\"code\":\"48167060\",\"directorycode\":\"1\",\"directorytype\":\"body\"},{\"id\":\"48167063\",\"pid\":\"0\",\"name\":\"第二章 入院和出院护理\",\"level\":\"0\",\"code\":\"48167062\",\"directorycode\":\"2\",\"directorytype\":\"body\"},{\"id\":\"48167065\",\"pid\":\"0\",\"name\":\"第三章 舒适与安全\",\"level\":\"0\",\"code\":\"48167064\",\"directorycode\":\"3\",\"directorytype\":\"body\"},{\"id\":\"48167067\",\"pid\":\"0\",\"name\":\"第四章 医院感染的预防和控制\",\"level\":\"0\",\"code\":\"48167066\",\"directorycode\":\"4\",\"directorytype\":\"body\"},{\"id\":\"48167069\",\"pid\":\"0\",\"name\":\"第五章 清洁护理\",\"level\":\"0\",\"code\":\"48167068\",\"directorycode\":\"5\",\"directorytype\":\"body\"},{\"id\":\"48167071\",\"pid\":\"0\",\"name\":\"第六章 生命体征的观察与护理\",\"level\":\"0\",\"code\":\"48167070\",\"directorycode\":\"6\",\"directorytype\":\"body\"},{\"id\":\"48167073\",\"pid\":\"0\",\"name\":\"第七章 饮食护理\",\"level\":\"0\",\"code\":\"48167072\",\"directorycode\":\"7\",\"directorytype\":\"body\"},{\"id\":\"48167075\",\"pid\":\"0\",\"name\":\"第八章 排泄护理\",\"level\":\"0\",\"code\":\"48167074\",\"directorycode\":\"8\",\"directorytype\":\"body\"},{\"id\":\"48167077\",\"pid\":\"0\",\"name\":\"第九章 药物疗法与过敏试验法\",\"level\":\"0\",\"code\":\"48167076\",\"directorycode\":\"9\",\"directorytype\":\"body\"},{\"id\":\"48167079\",\"pid\":\"0\",\"name\":\"第十章 静脉输液和输血\",\"level\":\"0\",\"code\":\"48167078\",\"directorycode\":\"10\",\"directorytype\":\"body\"},{\"id\":\"48167081\",\"pid\":\"0\",\"name\":\"第十一章 冷热疗法\",\"level\":\"0\",\"code\":\"48167080\",\"directorycode\":\"11\",\"directorytype\":\"body\"},{\"id\":\"48167083\",\"pid\":\"0\",\"name\":\"第十二章 标本采集\",\"level\":\"0\",\"code\":\"48167082\",\"directorycode\":\"12\",\"directorytype\":\"body\"},{\"id\":\"48167085\",\"pid\":\"0\",\"name\":\"第十三章 病情观察和危重病人的抢救\",\"level\":\"0\",\"code\":\"48167084\",\"directorycode\":\"13\",\"directorytype\":\"body\"},{\"id\":\"48167087\",\"pid\":\"0\",\"name\":\"第十四章 临终病人的护理\",\"level\":\"0\",\"code\":\"48167086\",\"directorycode\":\"14\",\"directorytype\":\"body\"},{\"id\":\"48167089\",\"pid\":\"0\",\"name\":\"第十五章 医疗与护理文件记录\",\"level\":\"0\",\"code\":\"48167088\",\"directorycode\":\"15\",\"directorytype\":\"body\"},{\"id\":\"48167091\",\"pid\":\"0\",\"name\":\"教学大纲\",\"level\":\"0\",\"code\":\"48167090\",\"directorycode\":\"16\",\"directorytype\":\"body\"}]","_ZVING_STATUS":"OK"}