﻿<?xml version="1.0" encoding="UTF-8"?><exam><id>20181116095214</id><questions><instructions><![CDATA[A1型题]]></instructions><question><type>1</type><format>text</format><desc><![CDATA[1.病区护士接住院处通知后，应立即根据病情需要选择]]></desc><options><option><id>A</id><type>text</type><desc><![CDATA[医生]]></desc></option><option><id>B</id><type>text</type><desc><![CDATA[护士]]></desc></option><option><id>C</id><type>text</type><desc><![CDATA[床位]]></desc></option><option><id>D</id><type>text</type><desc><![CDATA[药物]]></desc></option><option><id>E</id><type>text</type><desc><![CDATA[护理措施]]></desc></option></options><answers><![CDATA[C]]></answers></question><question><type>1</type><format>text</format><desc><![CDATA[2.住院处办理入院手续的依据是]]></desc><options><option><id>A</id><type>text</type><desc><![CDATA[单位介绍信]]></desc></option><option><id>B</id><type>text</type><desc><![CDATA[转院证明]]></desc></option><option><id>C</id><type>text</type><desc><![CDATA[门诊病历]]></desc></option><option><id>D</id><type>text</type><desc><![CDATA[户口本]]></desc></option><option><id>E</id><type>text</type><desc><![CDATA[住院证]]></desc></option></options><answers><![CDATA[E]]></answers></question><question><type>1</type><format>text</format><desc><![CDATA[3.二人搬运病人上平车时，平车头端与床尾应成的夹角为]]></desc><options><option><id>A</id><type>text</type><desc><![CDATA[30～40°]]></desc></option><option><id>B</id><type>text</type><desc><![CDATA[45～60°]]></desc></option><option><id>C</id><type>text</type><desc><![CDATA[60～90°]]></desc></option><option><id>D</id><type>text</type><desc><![CDATA[90～180°]]></desc></option><option><id>E</id><type>text</type><desc><![CDATA[180°以上]]></desc></option></options><answers><![CDATA[D]]></answers></question><question><type>1</type><format>text</format><desc><![CDATA[4.门诊就诊的顺序首先应进行的是]]></desc><options><option><id>A</id><type>text</type><desc><![CDATA[挂号]]></desc></option><option><id>B</id><type>text</type><desc><![CDATA[预检分诊]]></desc></option><option><id>C</id><type>text</type><desc><![CDATA[测体温]]></desc></option><option><id>D</id><type>text</type><desc><![CDATA[提供检验单]]></desc></option><option><id>E</id><type>text</type><desc><![CDATA[分诊病案]]></desc></option></options><answers><![CDATA[B]]></answers></question><question><type>1</type><format>text</format><desc><![CDATA[5.以下病人应进行一级护理的是]]></desc><options><option><id>A</id><type>text</type><desc><![CDATA[器官移植病人]]></desc></option><option><id>B</id><type>text</type><desc><![CDATA[大面积烧伤病人]]></desc></option><option><id>C</id><type>text</type><desc><![CDATA[高热病人]]></desc></option><option><id>D</id><type>text</type><desc><![CDATA[年老体弱病人]]></desc></option><option><id>E</id><type>text</type><desc><![CDATA[疾病恢复期病人]]></desc></option></options><answers><![CDATA[C]]></answers></question></questions><questions><instructions><![CDATA[A2型题]]></instructions><question><type>2</type><format>text</format><desc><![CDATA[6.叶某，男，32岁，择期手术入院，入院时间记录方法正确的是]]></desc><options><option><id>A</id><type>text</type><desc><![CDATA[用蓝笔竖向填写在42～44℃之间]]></desc></option><option><id>B</id><type>text</type><desc><![CDATA[用红笔竖向填写在42～44℃之间]]></desc></option><option><id>C</id><type>text</type><desc><![CDATA[用蓝笔竖向填写在40～42℃之间]]></desc></option><option><id>D</id><type>text</type><desc><![CDATA[用红笔竖向填写在40～42℃之间]]></desc></option><option><id>E</id><type>text</type><desc><![CDATA[用红笔横向填写在40～42℃之间]]></desc></option></options><answers><![CDATA[D]]></answers></question><question><type>2</type><format>text</format><desc><![CDATA[7.病人叶某，病愈出院后,下列医疗文件需要保留的是]]></desc><options><option><id>A</id><type>text</type><desc><![CDATA[服药卡]]></desc></option><option><id>B</id><type>text</type><desc><![CDATA[床头牌]]></desc></option><option><id>C</id><type>text</type><desc><![CDATA[肌内注射卡]]></desc></option><option><id>D</id><type>text</type><desc><![CDATA[住院病历]]></desc></option><option><id>E</id><type>text</type><desc><![CDATA[静脉输液卡]]></desc></option></options><answers><![CDATA[D]]></answers></question><question><type>2</type><format>text</format><desc><![CDATA[8.病人王某，小腿骨折入院，选择轮椅运送法，下列护士做法正确的是]]></desc><options><option><id>A</id><type>text</type><desc><![CDATA[协助病人坐上轮椅时，椅背与床头平齐]]></desc></option><option><id>B</id><type>text</type><desc><![CDATA[协助病人坐上轮椅时，把车闸打开]]></desc></option><option><id>C</id><type>text</type><desc><![CDATA[嘱咐病人坐上轮椅应身体前倾，紧握扶手]]></desc></option><option><id>D</id><type>text</type><desc><![CDATA[护士固定轮椅，嘱病人自己挪到轮椅上]]></desc></option><option><id>E</id><type>text</type><desc><![CDATA[身体不平衡者，可系安全带]]></desc></option></options><answers><![CDATA[E]]></answers></question><question><type>2</type><format>text</format><desc><![CDATA[9.病人小关，车祸外伤入院，怀疑颈椎骨折，做法正确的是]]></desc><options><option><id>A</id><type>text</type><desc><![CDATA[应根据病人体重选择搬运法]]></desc></option><option><id>B</id><type>text</type><desc><![CDATA[搬运者站在病人右侧]]></desc></option><option><id>C</id><type>text</type><desc><![CDATA[保持病人头部处于中立位]]></desc></option><option><id>D</id><type>text</type><desc><![CDATA[选择帆布担架]]></desc></option><option><id>E</id><type>text</type><desc><![CDATA[担架上放置枕头，头下垫小枕]]></desc></option></options><answers><![CDATA[C]]></answers></question><question><type>2</type><format>text</format><desc><![CDATA[10.病人，女，严重创伤入院，医嘱给予特级护理，护士病情观察正确的是]]></desc><options><option><id>A</id><type>text</type><desc><![CDATA[24小时专人护理,随时病情观察]]></desc></option><option><id>B</id><type>text</type><desc><![CDATA[应该是15～30分钟观察一次]]></desc></option><option><id>C</id><type>text</type><desc><![CDATA[应该是1～2小时观察一次]]></desc></option><option><id>D</id><type>text</type><desc><![CDATA[应该是2～3小时巡视一次]]></desc></option><option><id>E</id><type>text</type><desc><![CDATA[应该是4～6小巡视一次]]></desc></option></options><answers><![CDATA[A]]></answers></question><question><type>2</type><format>html</format><desc><![CDATA[11.一腰椎骨折病人，用平车运送法去做检查，下列措施<u><b>错误的</b></u>是]]></desc><options><option><id>A</id><type>text</type><desc><![CDATA[车上垫木板]]></desc></option><option><id>B</id><type>text</type><desc><![CDATA[先做好骨折部位的固定]]></desc></option><option><id>C</id><type>text</type><desc><![CDATA[宜用四人搬运法]]></desc></option><option><id>D</id><type>text</type><desc><![CDATA[下坡时头在后]]></desc></option><option><id>E</id><type>text</type><desc><![CDATA[让家属推车，护士在旁密切观察]]></desc></option></options><answers><![CDATA[E]]></answers></question><question><type>2</type><format>text</format><desc><![CDATA[12.病人，男，70岁，大面积烧伤入院，应给予的护理级别是]]></desc><options><option><id>A</id><type>text</type><desc><![CDATA[一级护理]]></desc></option><option><id>B</id><type>text</type><desc><![CDATA[二级护理]]></desc></option><option><id>C</id><type>text</type><desc><![CDATA[三级护理]]></desc></option><option><id>D</id><type>text</type><desc><![CDATA[特别护理]]></desc></option><option><id>E</id><type>text</type><desc><![CDATA[特级护理]]></desc></option></options><answers><![CDATA[E]]></answers></question><question><type>2</type><format>text</format><desc><![CDATA[13.病人王梅，女，60岁，腰椎骨折，宜采用的搬运方法是]]></desc><options><option><id>A</id><type>text</type><desc><![CDATA[挪动法]]></desc></option><option><id>B</id><type>text</type><desc><![CDATA[一人法]]></desc></option><option><id>C</id><type>text</type><desc><![CDATA[二人法]]></desc></option><option><id>D</id><type>text</type><desc><![CDATA[三人法]]></desc></option><option><id>E</id><type>text</type><desc><![CDATA[四人法]]></desc></option></options><answers><![CDATA[E]]></answers></question><question><type>2</type><format>text</format><desc><![CDATA[14.病人张某，7岁，诊断为疝气，利用暑期入院治疗，全身麻醉下实行手术，将回病区，下列准备工作中做法正确的是]]></desc><options><option><id>A</id><type>text</type><desc><![CDATA[把备用床改成暂空床]]></desc></option><option><id>B</id><type>text</type><desc><![CDATA[准备导尿包]]></desc></option><option><id>C</id><type>text</type><desc><![CDATA[备输液架，电动吸引器]]></desc></option><option><id>D</id><type>text</type><desc><![CDATA[准备给病人健康教育]]></desc></option><option><id>E</id><type>text</type><desc><![CDATA[备热水袋及绒毯]]></desc></option></options><answers><![CDATA[C]]></answers></question><question><type>2</type><format>text</format><desc><![CDATA[15.病人陈某因上消化道出血急诊入院.病人烦躁不安，面色苍白，四肢冰凉，血压10/6kPa（75/45mmHg），脉搏110次/分，入院护理的首要步骤应该是]]></desc><options><option><id>A</id><type>text</type><desc><![CDATA[询问病史，了解护理问题]]></desc></option><option><id>B</id><type>text</type><desc><![CDATA[准备急救物品等待医生到来]]></desc></option><option><id>C</id><type>text</type><desc><![CDATA[置休克卧位，测生命体征，建立静脉通路，通知医生，配合抢救]]></desc></option><option><id>D</id><type>text</type><desc><![CDATA[热情接待，给病人留下良好的印象]]></desc></option><option><id>E</id><type>text</type><desc><![CDATA[填写各卡片，完成护理病程记录]]></desc></option></options><answers><![CDATA[C]]></answers></question><question><type>2</type><format>text</format><desc><![CDATA[16.病人王某，因农药中毒入院，护士用平车护送病人入病区，下列做法正确的是]]></desc><options><option><id>A</id><type>text</type><desc><![CDATA[拔管，暂停输液和吸氧]]></desc></option><option><id>B</id><type>text</type><desc><![CDATA[保留管道，夹闭，暂停输液和吸氧]]></desc></option><option><id>C</id><type>text</type><desc><![CDATA[继续输液和吸氧，保持管道通畅]]></desc></option><option><id>D</id><type>text</type><desc><![CDATA[暂停输液，保持吸氧]]></desc></option><option><id>E</id><type>text</type><desc><![CDATA[暂停吸氧，继续输液]]></desc></option></options><answers><![CDATA[C]]></answers></question><question><type>2</type><format>html</format><desc><![CDATA[17.女性病人，53岁，因哮喘急性发作急症入院，护士在入院初步护理中做法<u><b>错误的</b></u>是]]></desc><options><option><id>A</id><type>text</type><desc><![CDATA[护士自我介绍，消除陌生感]]></desc></option><option><id>B</id><type>text</type><desc><![CDATA[安慰病人，减轻焦虑]]></desc></option><option><id>C</id><type>text</type><desc><![CDATA[立即给病人氧气吸入]]></desc></option><option><id>D</id><type>text</type><desc><![CDATA[详细介绍环境及医院规章制度]]></desc></option><option><id>E</id><type>text</type><desc><![CDATA[通知医生，准备急救物品]]></desc></option></options><answers><![CDATA[D]]></answers></question><question><type>2</type><format>text</format><desc><![CDATA[18.王某，女，28岁，孕40周，入院待产，意识清楚，采用挪动法协助病人从床上到平车上，移动顺序是]]></desc><options><option><id>A</id><type>text</type><desc><![CDATA[下肢，臀部，上身]]></desc></option><option><id>B</id><type>text</type><desc><![CDATA[上身，下肢，臀部]]></desc></option><option><id>C</id><type>text</type><desc><![CDATA[上身，臀部，下肢]]></desc></option><option><id>D</id><type>text</type><desc><![CDATA[臀部，下肢，上身]]></desc></option><option><id>E</id><type>text</type><desc><![CDATA[臀部，上身，下肢]]></desc></option></options><answers><![CDATA[C]]></answers></question><question><type>2</type><format>text</format><desc><![CDATA[19.李先生，自感全身不适前来就诊，门诊护士巡视时发现他面色苍白，出冷汗，呼吸急促，主诉腹痛剧烈。门诊护士应采取的措施是]]></desc><options><option><id>A</id><type>text</type><desc><![CDATA[安排李先生提前就诊]]></desc></option><option><id>B</id><type>text</type><desc><![CDATA[让李先生就地平卧休息]]></desc></option><option><id>C</id><type>text</type><desc><![CDATA[马上为李先生测量脉搏血压]]></desc></option><option><id>D</id><type>text</type><desc><![CDATA[安慰病人，仔细观察病情]]></desc></option><option><id>E</id><type>text</type><desc><![CDATA[让医生加快诊治速度]]></desc></option></options><answers><![CDATA[A]]></answers></question><question><type>2</type><format>text</format><desc><![CDATA[20.病人，男，45岁。上呼吸道感染未痊愈，自动要求出院。护士应该]]></desc><options><option><id>A</id><type>text</type><desc><![CDATA[教会家属静脉输液技术，以便后续治疗]]></desc></option><option><id>B</id><type>text</type><desc><![CDATA[强制病人必须住院至痊愈]]></desc></option><option><id>C</id><type>text</type><desc><![CDATA[马上让病人出院]]></desc></option><option><id>D</id><type>text</type><desc><![CDATA[通知医生处理]]></desc></option><option><id>E</id><type>text</type><desc><![CDATA[在出院医嘱上注明“自动出院”]]></desc></option></options><answers><![CDATA[E]]></answers></question></questions></exam>