﻿<?xml version="1.0" encoding="UTF-8"?><exam><id>20181116143046</id><questions><instructions><![CDATA[A1型题]]></instructions><question><type>1</type><format>text</format><desc><![CDATA[1.服用磺胺类药治疗，服药后需多饮水，其目的是]]></desc><options><option><id>A</id><type>text</type><desc><![CDATA[促进吸收]]></desc></option><option><id>B</id><type>text</type><desc><![CDATA[减少副作用]]></desc></option><option><id>C</id><type>text</type><desc><![CDATA[冲淡药味]]></desc></option><option><id>D</id><type>text</type><desc><![CDATA[防止在肾脏析出结晶]]></desc></option><option><id>E</id><type>text</type><desc><![CDATA[保护肝脏]]></desc></option></options><answers><![CDATA[D]]></answers></question><question><type>1</type><format>text</format><desc><![CDATA[2.有一盒静脉注射药10%氯化钙，盒内安瓿需仔细看才能识出药名，但剂量模糊不清，此盒药应]]></desc><options><option><id>A</id><type>text</type><desc><![CDATA[查问清楚后再用]]></desc></option><option><id>B</id><type>text</type><desc><![CDATA[酌情少量使用]]></desc></option><option><id>C</id><type>text</type><desc><![CDATA[退回药房不用]]></desc></option><option><id>D</id><type>text</type><desc><![CDATA[按医嘱使用]]></desc></option><option><id>E</id><type>text</type><desc><![CDATA[按盒上标签用]]></desc></option></options><answers><![CDATA[C]]></answers></question><question><type>1</type><format>text</format><desc><![CDATA[3.静脉推注药液过程中，护士发现推注稍有阻力，局部略肿胀，抽吸无回血，发生上述情况的可能原因是]]></desc><options><option><id>A</id><type>text</type><desc><![CDATA[静脉痉挛]]></desc></option><option><id>B</id><type>text</type><desc><![CDATA[针刺入过深，穿破对侧血管壁]]></desc></option><option><id>C</id><type>text</type><desc><![CDATA[针头斜面一半在血管外]]></desc></option><option><id>D</id><type>text</type><desc><![CDATA[针头斜面紧贴血管内壁]]></desc></option><option><id>E</id><type>text</type><desc><![CDATA[针头刺入皮下]]></desc></option></options><answers><![CDATA[E]]></answers></question><question><type>1</type><format>text</format><desc><![CDATA[4.皮下注射胰岛素时，可以预防感染发生的措施是]]></desc><options><option><id>A</id><type>text</type><desc><![CDATA[选择无钩、无弯曲的锐利针头]]></desc></option><option><id>B</id><type>text</type><desc><![CDATA[注意药物配伍禁忌]]></desc></option><option><id>C</id><type>text</type><desc><![CDATA[注射部位皮肤消毒直径5cm以上，]]></desc></option><option><id>D</id><type>text</type><desc><![CDATA[不可在硬结、瘢痕处进针]]></desc></option><option><id>E</id><type>text</type><desc><![CDATA[可使用变色、浑浊的药液]]></desc></option></options><answers><![CDATA[C]]></answers></question><question><type>1</type><format>text</format><desc><![CDATA[5.某新生儿出生后6小时，进行预防接种，接种卡介苗的正确方法是]]></desc><options><option><id>A</id><type>text</type><desc><![CDATA[前臂掌侧下段ID]]></desc></option><option><id>B</id><type>text</type><desc><![CDATA[上臂三角肌下缘ID]]></desc></option><option><id>C</id><type>text</type><desc><![CDATA[上臂三角肌下缘H]]></desc></option><option><id>D</id><type>text</type><desc><![CDATA[上臂三角肌H]]></desc></option><option><id>E</id><type>text</type><desc><![CDATA[臀大肌IM]]></desc></option></options><answers><![CDATA[B]]></answers></question><question><type>1</type><format>text</format><desc><![CDATA[6.两岁以下婴幼儿肌内注射的最佳部位是]]></desc><options><option><id>A</id><type>text</type><desc><![CDATA[股外侧肌]]></desc></option><option><id>B</id><type>text</type><desc><![CDATA[臀大肌]]></desc></option><option><id>C</id><type>text</type><desc><![CDATA[臀中肌、臀小肌]]></desc></option><option><id>D</id><type>text</type><desc><![CDATA[上臂三角肌]]></desc></option><option><id>E</id><type>text</type><desc><![CDATA[后背]]></desc></option></options><answers><![CDATA[A]]></answers></question><question><type>1</type><format>html</format><desc><![CDATA[7.静脉注射时，下列操作方法<u><b>错误的</b></u>是]]></desc><options><option><id>A</id><type>text</type><desc><![CDATA[在穿刺部位的肢体下垫小枕]]></desc></option><option><id>B</id><type>text</type><desc><![CDATA[穿刺部位上方约6cm处扎止血带]]></desc></option><option><id>C</id><type>text</type><desc><![CDATA[皮肤消毒范围直径在5cm以上]]></desc></option><option><id>D</id><type>text</type><desc><![CDATA[针头斜面向下]]></desc></option><option><id>E</id><type>text</type><desc><![CDATA[针头和皮肤呈20°角进针]]></desc></option></options><answers><![CDATA[D]]></answers></question><question><type>1</type><format>text</format><desc><![CDATA[8.在青霉素治疗过程中，以下情况需重做皮试的是]]></desc><options><option><id>A</id><type>text</type><desc><![CDATA[肌内注射改静脉注射]]></desc></option><option><id>B</id><type>text</type><desc><![CDATA[肌内注射每天1次改每天2次]]></desc></option><option><id>C</id><type>text</type><desc><![CDATA[病人因故未注射药物]]></desc></option><option><id>D</id><type>text</type><desc><![CDATA[青霉素批号更改]]></desc></option><option><id>E</id><type>text</type><desc><![CDATA[病人病情加重]]></desc></option></options><answers><![CDATA[D]]></answers></question><question><type>1</type><format>text</format><desc><![CDATA[9.使用破伤风抗毒素，停药后超过多久须重做皮试]]></desc><options><option><id>A</id><type>text</type><desc><![CDATA[1天]]></desc></option><option><id>B</id><type>text</type><desc><![CDATA[3天]]></desc></option><option><id>C</id><type>text</type><desc><![CDATA[5天]]></desc></option><option><id>D</id><type>text</type><desc><![CDATA[7天]]></desc></option><option><id>E</id><type>text</type><desc><![CDATA[14天]]></desc></option></options><answers><![CDATA[D]]></answers></question><question><type>1</type><format>text</format><desc><![CDATA[10.病人需注射破伤风抗毒素，皮试试验结果阳性，需用脱敏注射法，第一次注射剂量为]]></desc><options><option><id>A</id><type>text</type><desc><![CDATA[15IU]]></desc></option><option><id>B</id><type>text</type><desc><![CDATA[50IU]]></desc></option><option><id>C</id><type>text</type><desc><![CDATA[100IU]]></desc></option><option><id>D</id><type>text</type><desc><![CDATA[150IU]]></desc></option><option><id>E</id><type>text</type><desc><![CDATA[200IU]]></desc></option></options><answers><![CDATA[D]]></answers></question><question><type>1</type><format>text</format><desc><![CDATA[11.碘化物造影须做过敏试验，应在何时进行]]></desc><options><option><id>A</id><type>text</type><desc><![CDATA[造影前1～2小时]]></desc></option><option><id>B</id><type>text</type><desc><![CDATA[造影前6～12小时]]></desc></option><option><id>C</id><type>text</type><desc><![CDATA[造影前12～24小时]]></desc></option><option><id>D</id><type>text</type><desc><![CDATA[造影前24～48小时]]></desc></option><option><id>E</id><type>text</type><desc><![CDATA[造影前48～72小时]]></desc></option></options><answers><![CDATA[D]]></answers></question><question><type>1</type><format>text</format><desc><![CDATA[12.抢救链霉素毒性反应的药物是]]></desc><options><option><id>A</id><type>text</type><desc><![CDATA[盐酸肾上腺素]]></desc></option><option><id>B</id><type>text</type><desc><![CDATA[阿托品]]></desc></option><option><id>C</id><type>text</type><desc><![CDATA[葡萄糖]]></desc></option><option><id>D</id><type>text</type><desc><![CDATA[葡萄糖酸钙]]></desc></option><option><id>E</id><type>text</type><desc><![CDATA[异丙肾上腺素]]></desc></option></options><answers><![CDATA[D]]></answers></question></questions><questions><instructions><![CDATA[A2型题]]></instructions><question><type>2</type><format>text</format><desc><![CDATA[13.病人，女，35岁。在静脉注射过程中，述注射部位疼痛，护士检查见注射部位局部肿胀，抽吸有回血，应考虑为]]></desc><options><option><id>A</id><type>text</type><desc><![CDATA[针头阻塞]]></desc></option><option><id>B</id><type>text</type><desc><![CDATA[针头滑出血管外]]></desc></option><option><id>C</id><type>text</type><desc><![CDATA[针头斜面部分在血管内]]></desc></option><option><id>D</id><type>text</type><desc><![CDATA[针头斜面穿透对侧血管壁]]></desc></option><option><id>E</id><type>text</type><desc><![CDATA[静脉痉挛]]></desc></option></options><answers><![CDATA[C]]></answers></question><question><type>2</type><format>text</format><desc><![CDATA[14.某病人患慢性充血性心力衰竭，地高辛治疗后，出现食欲明显减退、恶心、呕吐又头晕、黄视，心率为46次/min，心律不齐。应考虑病人出现了]]></desc><options><option><id>A</id><type>text</type><desc><![CDATA[颅内压增高]]></desc></option><option><id>B</id><type>text</type><desc><![CDATA[心力衰竭加重]]></desc></option><option><id>C</id><type>text</type><desc><![CDATA[洋地黄中毒]]></desc></option><option><id>D</id><type>text</type><desc><![CDATA[低钾血症]]></desc></option><option><id>E</id><type>text</type><desc><![CDATA[心源性休克]]></desc></option></options><answers><![CDATA[C]]></answers></question><question><type>2</type><format>text</format><desc><![CDATA[15.病人，女，17岁。行破伤风抗毒素过敏试验，20分钟后结果显示局部皮丘红肿，硬结大于1.5cm，红晕大于4cm，自述有痒感，应采取的处理措施是]]></desc><options><option><id>A</id><type>text</type><desc><![CDATA[将抗毒素分成四等份，分次注射]]></desc></option><option><id>B</id><type>text</type><desc><![CDATA[在对侧前臂作对照试验后再注射]]></desc></option><option><id>C</id><type>text</type><desc><![CDATA[将抗毒素稀释，分2次注射]]></desc></option><option><id>D</id><type>text</type><desc><![CDATA[待病人痒感消失后再全量注射]]></desc></option><option><id>E</id><type>text</type><desc><![CDATA[将抗毒素分4次逐渐增加剂量注射]]></desc></option></options><answers><![CDATA[E]]></answers></question><question><type>2</type><format>text</format><desc><![CDATA[16.病人，男，38岁。因肺部感染来院，医嘱行青霉素皮试，皮试3分钟后病人突然出现呼吸困难，脉搏细弱，面色苍白，意识丧失，采取的关键措施是]]></desc><options><option><id>A</id><type>text</type><desc><![CDATA[通知家属]]></desc></option><option><id>B</id><type>text</type><desc><![CDATA[报告医生]]></desc></option><option><id>C</id><type>text</type><desc><![CDATA[行心肺复苏术]]></desc></option><option><id>D</id><type>text</type><desc><![CDATA[将病人送入抢救室]]></desc></option><option><id>E</id><type>text</type><desc><![CDATA[皮下注射盐酸肾上腺素]]></desc></option></options><answers><![CDATA[E]]></answers></question><question><type>2</type><format>text</format><desc><![CDATA[17.病人，男，22岁，大叶性肺炎。注射青霉素后第10天出现皮肤瘙痒，腹痛，体检：T 37.8℃，膝关节肿痛，全身淋巴结肿大，病人可能发生了]]></desc><options><option><id>A</id><type>text</type><desc><![CDATA[皮肤过敏反应]]></desc></option><option><id>B</id><type>text</type><desc><![CDATA[消化道过敏反应]]></desc></option><option><id>C</id><type>text</type><desc><![CDATA[血清病型反应]]></desc></option><option><id>D</id><type>text</type><desc><![CDATA[过敏性休克]]></desc></option><option><id>E</id><type>text</type><desc><![CDATA[呼吸道过敏反应]]></desc></option></options><answers><![CDATA[C]]></answers></question><question><type>2</type><format>text</format><desc><![CDATA[18.病人，男，29岁。因高热、畏寒、咳嗽、流涕而住院治疗。医生开出以下口服药，护士在指导用药时嘱咐病人宜最后服用的是]]></desc><options><option><id>A</id><type>text</type><desc><![CDATA[止咳糖浆]]></desc></option><option><id>B</id><type>text</type><desc><![CDATA[利巴韦林]]></desc></option><option><id>C</id><type>text</type><desc><![CDATA[维C银翘片]]></desc></option><option><id>D</id><type>text</type><desc><![CDATA[对乙酰氨基酚]]></desc></option><option><id>E</id><type>text</type><desc><![CDATA[阿莫西林胶囊]]></desc></option></options><answers><![CDATA[A]]></answers></question><question><type>2</type><format>html</format><desc><![CDATA[19.病人，男，65岁，肝癌晚期。需用药物止痛，以下做法<u><b>错误的</b></u>是]]></desc><options><option><id>A</id><type>text</type><desc><![CDATA[对于慢性疼痛，最好在疼痛发作前给药]]></desc></option><option><id>B</id><type>text</type><desc><![CDATA[疼痛时立即用止痛药]]></desc></option><option><id>C</id><type>text</type><desc><![CDATA[疼痛缓解时应及时停药]]></desc></option><option><id>D</id><type>text</type><desc><![CDATA[中度疼痛可用非麻醉性止痛药]]></desc></option><option><id>E</id><type>text</type><desc><![CDATA[麻醉性镇痛药只用于重度疼痛]]></desc></option></options><answers><![CDATA[B]]></answers></question><question><type>2</type><format>text</format><desc><![CDATA[20.病人，女，36岁。车祸后并发血气胸，进行手术治疗后医嘱常规进行沐舒坦（盐酸氨溴索）雾化吸入，用该药的目的是]]></desc><options><option><id>A</id><type>text</type><desc><![CDATA[解痉]]></desc></option><option><id>B</id><type>text</type><desc><![CDATA[平喘]]></desc></option><option><id>C</id><type>text</type><desc><![CDATA[镇痛]]></desc></option><option><id>D</id><type>text</type><desc><![CDATA[抑制腺体分泌]]></desc></option><option><id>E</id><type>text</type><desc><![CDATA[稀释痰液，促进排出]]></desc></option></options><answers><![CDATA[E]]></answers></question></questions></exam>