﻿<?xml version="1.0" encoding="UTF-8"?><exam><id>20181116153528</id><questions><instructions><![CDATA[A1型题]]></instructions><question><type>1</type><format>text</format><desc><![CDATA[1.冷疗减轻疼痛的机制是]]></desc><options><option><id>A</id><type>text</type><desc><![CDATA[降低微生物物的活力]]></desc></option><option><id>B</id><type>text</type><desc><![CDATA[加速致痛物质的排出]]></desc></option><option><id>C</id><type>text</type><desc><![CDATA[降低痛觉神经的兴奋性]]></desc></option><option><id>D</id><type>text</type><desc><![CDATA[降低神经末梢的敏感性]]></desc></option><option><id>E</id><type>text</type><desc><![CDATA[使肌肉，韧带组织松弛]]></desc></option></options><answers><![CDATA[D]]></answers></question><question><type>1</type><format>html</format><desc><![CDATA[2.关于热疗促进炎症消散或局限的机制，描述<u><b>错误的</b></u>是]]></desc><options><option><id>A</id><type>text</type><desc><![CDATA[溶解坏死组织]]></desc></option><option><id>B</id><type>text</type><desc><![CDATA[降低微生物的活力]]></desc></option><option><id>C</id><type>text</type><desc><![CDATA[促进炎性渗出物的吸收]]></desc></option><option><id>D</id><type>text</type><desc><![CDATA[增强白细胞的吞噬功能]]></desc></option><option><id>E</id><type>text</type><desc><![CDATA[扩张血管，促进毒素的排出]]></desc></option></options><answers><![CDATA[B]]></answers></question><question><type>1</type><format>text</format><desc><![CDATA[3.用冰槽降温时，肛温应保持在]]></desc><options><option><id>A</id><type>text</type><desc><![CDATA[30℃以下]]></desc></option><option><id>B</id><type>text</type><desc><![CDATA[33℃左右]]></desc></option><option><id>C</id><type>text</type><desc><![CDATA[35℃左右]]></desc></option><option><id>D</id><type>text</type><desc><![CDATA[37℃左右]]></desc></option><option><id>E</id><type>text</type><desc><![CDATA[39℃左右]]></desc></option></options><answers><![CDATA[B]]></answers></question><question><type>1</type><format>html</format><desc><![CDATA[4.老年病人使用热水袋时，水温<u><b>不可</b></u>过高，其主要原因是]]></desc><options><option><id>A</id><type>text</type><desc><![CDATA[皮肤对热敏感]]></desc></option><option><id>B</id><type>text</type><desc><![CDATA[血管反应敏感]]></desc></option><option><id>C</id><type>text</type><desc><![CDATA[皮肤感觉迟钝]]></desc></option><option><id>D</id><type>text</type><desc><![CDATA[局部血液循环不良]]></desc></option><option><id>E</id><type>text</type><desc><![CDATA[热刺激可加重原发病]]></desc></option></options><answers><![CDATA[C]]></answers></question><question><type>1</type><format>text</format><desc><![CDATA[5.可以进行热水坐浴的病人是]]></desc><options><option><id>A</id><type>text</type><desc><![CDATA[阴道出血]]></desc></option><option><id>B</id><type>text</type><desc><![CDATA[会阴部充血]]></desc></option><option><id>C</id><type>text</type><desc><![CDATA[急性盆腔炎]]></desc></option><option><id>D</id><type>text</type><desc><![CDATA[妊娠8个月]]></desc></option><option><id>E</id><type>text</type><desc><![CDATA[月经量过多]]></desc></option></options><answers><![CDATA[B]]></answers></question><question><type>1</type><format>html</format><desc><![CDATA[6.面部危险三角区感染化脓时，<u><b>忌用</b></u>热敷的原因是]]></desc><options><option><id>A</id><type>text</type><desc><![CDATA[易造成面部烫伤]]></desc></option><option><id>B</id><type>text</type><desc><![CDATA[易加重病人疼痛]]></desc></option><option><id>C</id><type>text</type><desc><![CDATA[易加重局部出血]]></desc></option><option><id>D</id><type>text</type><desc><![CDATA[易导致颅内感染]]></desc></option><option><id>E</id><type>text</type><desc><![CDATA[掩盖病情，难以确诊]]></desc></option></options><answers><![CDATA[D]]></answers></question><question><type>1</type><format>html</format><desc><![CDATA[7.下列关于冰袋使用的操作方法中，<u><b>错误的</b></u>是]]></desc><options><option><id>A</id><type>text</type><desc><![CDATA[将冰砸成蚕豆大小，冲去棱角]]></desc></option><option><id>B</id><type>text</type><desc><![CDATA[用冰匙将其装入冰袋中]]></desc></option><option><id>C</id><type>text</type><desc><![CDATA[排尽空气后夹紧袋口]]></desc></option><option><id>D</id><type>text</type><desc><![CDATA[检查无漏水后套上布套]]></desc></option><option><id>E</id><type>text</type><desc><![CDATA[使用过程中，检查冰块融化情况，及时更换与添加]]></desc></option></options><answers><![CDATA[A]]></answers></question></questions><questions><instructions><![CDATA[A2型题]]></instructions><question><type>2</type><format>text</format><desc><![CDATA[8.病人，女性，29岁，下楼时不慎扭伤踝关节，1小时后来院就诊，正确的处理方法是]]></desc><options><option><id>A</id><type>text</type><desc><![CDATA[热敷]]></desc></option><option><id>B</id><type>text</type><desc><![CDATA[冷敷]]></desc></option><option><id>C</id><type>text</type><desc><![CDATA[热水足浴]]></desc></option><option><id>D</id><type>text</type><desc><![CDATA[按摩推拿]]></desc></option><option><id>E</id><type>text</type><desc><![CDATA[红外线照射]]></desc></option></options><answers><![CDATA[B]]></answers></question><question><type>2</type><format>html</format><desc><![CDATA[9.病人，男性，32岁，因腹痛难忍，面色苍白，出冷汗来院就诊。在未明确诊断之前，护士<u><b>不应</b></u>采取的措施是]]></desc><options><option><id>A</id><type>text</type><desc><![CDATA[询问病史]]></desc></option><option><id>B</id><type>text</type><desc><![CDATA[与医生联系]]></desc></option><option><id>C</id><type>text</type><desc><![CDATA[备好急救物品]]></desc></option><option><id>D</id><type>text</type><desc><![CDATA[测量生命体征]]></desc></option><option><id>E</id><type>text</type><desc><![CDATA[给予热水袋止痛]]></desc></option></options><answers><![CDATA[E]]></answers></question><question><type>2</type><format>html</format><desc><![CDATA[10.病人，女性，体温39.5℃，使用冰袋降温时，下列措施<u><b>错误的</b></u>是]]></desc><options><option><id>A</id><type>text</type><desc><![CDATA[观察冰袋有无漏水]]></desc></option><option><id>B</id><type>text</type><desc><![CDATA[冰块融化后及时更换]]></desc></option><option><id>C</id><type>text</type><desc><![CDATA[用冷时间为30分钟左右]]></desc></option><option><id>D</id><type>text</type><desc><![CDATA[冰袋使用后1～2小时测体温]]></desc></option><option><id>E</id><type>text</type><desc><![CDATA[皮肤出现苍白、青紫立即取下冰袋]]></desc></option></options><answers><![CDATA[D]]></answers></question><question><type>2</type><format>html</format><desc><![CDATA[11.病人，女，持续性高热，体温40.2℃，遵医嘱给予冰帽降温，下列操作<u><b>错误的</b></u>是]]></desc><options><option><id>A</id><type>text</type><desc><![CDATA[颈后部垫海绵]]></desc></option><option><id>B</id><type>text</type><desc><![CDATA[两耳塞不脱脂棉球]]></desc></option><option><id>C</id><type>text</type><desc><![CDATA[两眼用凡土林纱布覆盖]]></desc></option><option><id>D</id><type>text</type><desc><![CDATA[每1小时测量肛温一次]]></desc></option><option><id>E</id><type>text</type><desc><![CDATA[使肛温维持在33℃左右]]></desc></option></options><answers><![CDATA[D]]></answers></question><question><type>2</type><format>html</format><desc><![CDATA[12.病人高某，男性，40岁，痔疮手术后，遵医嘱行热水坐浴，下列操作<u><b>错误的</b></u>是]]></desc><options><option><id>A</id><type>text</type><desc><![CDATA[备无菌坐浴盆]]></desc></option><option><id>B</id><type>text</type><desc><![CDATA[坐浴前排空膀胱]]></desc></option><option><id>C</id><type>text</type><desc><![CDATA[水温调至60～70℃]]></desc></option><option><id>D</id><type>text</type><desc><![CDATA[坐浴时间15～20分钟]]></desc></option><option><id>E</id><type>text</type><desc><![CDATA[坐浴后按无菌原则更换敷料]]></desc></option></options><answers><![CDATA[C]]></answers></question><question><type>2</type><format>text</format><desc><![CDATA[13.病人，男，40岁。因高热行乙醇拭浴，置冰袋于头部是为了]]></desc><options><option><id>A</id><type>text</type><desc><![CDATA[防止脑水肿]]></desc></option><option><id>B</id><type>text</type><desc><![CDATA[防止头部充血]]></desc></option><option><id>C</id><type>text</type><desc><![CDATA[防止心律失常]]></desc></option><option><id>D</id><type>text</type><desc><![CDATA[提高脑组织对缺氧的耐受性]]></desc></option><option><id>E</id><type>text</type><desc><![CDATA[利于脑组织的恢复]]></desc></option></options><answers><![CDATA[B]]></answers></question><question><type>2</type><format>html</format><desc><![CDATA[14.病人，女，40岁。发热原因待查入院，体温39.9℃，神清。护士为其乙醇拭浴，<u><b>错误的</b></u>做法是]]></desc><options><option><id>A</id><type>text</type><desc><![CDATA[冰袋置头部，热水袋置足底]]></desc></option><option><id>B</id><type>text</type><desc><![CDATA[以拍拭方式进行，血管丰富处适当延长]]></desc></option><option><id>C</id><type>text</type><desc><![CDATA[出现寒战，加速拭浴速度]]></desc></option><option><id>D</id><type>text</type><desc><![CDATA[禁拭后项、胸前区、腹部、足底]]></desc></option><option><id>E</id><type>text</type><desc><![CDATA[拭浴结束后取出热水袋]]></desc></option></options><answers><![CDATA[C]]></answers></question><question><type>2</type><format>html</format><desc><![CDATA[15.病人，女性，45岁。因输液出现静脉炎，进行湿热敷时，下列操作<u><b>错误的</b></u>是]]></desc><options><option><id>A</id><type>text</type><desc><![CDATA[水温为50～60℃]]></desc></option><option><id>B</id><type>text</type><desc><![CDATA[热敷部位涂液状石蜡，以防烫伤]]></desc></option><option><id>C</id><type>text</type><desc><![CDATA[热敷部位下垫橡胶单，治疗巾]]></desc></option><option><id>D</id><type>text</type><desc><![CDATA[每3～5分钟更换敷布一次]]></desc></option><option><id>E</id><type>text</type><desc><![CDATA[热敷时间一般为15～20分钟]]></desc></option></options><answers><![CDATA[B]]></answers></question><question><type>2</type><format>html</format><desc><![CDATA[16.病人，男性，70岁，晨间醒后出现头痛、眩晕、肢体麻木，诊断为“脑梗死”。此时<u><b>不可</b></u>应用的护理措施是]]></desc><options><option><id>A</id><type>text</type><desc><![CDATA[避免搬动]]></desc></option><option><id>B</id><type>text</type><desc><![CDATA[保持环境安静]]></desc></option><option><id>C</id><type>text</type><desc><![CDATA[血压监护，防止降压过快过低]]></desc></option><option><id>D</id><type>text</type><desc><![CDATA[禁止灌肠]]></desc></option><option><id>E</id><type>text</type><desc><![CDATA[头部置冰袋或者冰帽]]></desc></option></options><answers><![CDATA[E]]></answers></question></questions></exam>