{"_ZVING_RESULT":"[{\"id\":\"42757570\",\"pid\":\"0\",\"name\":\"第一章 绪论\",\"level\":\"0\",\"code\":\"42757569\",\"directorycode\":\"1\",\"directorytype\":\"body\"},{\"id\":\"42757572\",\"pid\":\"0\",\"name\":\"第二章 院前急救\",\"level\":\"0\",\"code\":\"42757571\",\"directorycode\":\"2\",\"directorytype\":\"body\"},{\"id\":\"42757574\",\"pid\":\"0\",\"name\":\"第三章 急诊科救护\",\"level\":\"0\",\"code\":\"42757573\",\"directorycode\":\"3\",\"directorytype\":\"body\"},{\"id\":\"42757576\",\"pid\":\"0\",\"name\":\"第四章 ICU病人的监护\",\"level\":\"0\",\"code\":\"42757575\",\"directorycode\":\"4\",\"directorytype\":\"body\"},{\"id\":\"42757578\",\"pid\":\"0\",\"name\":\"第五章 灾难救护\",\"level\":\"0\",\"code\":\"42757577\",\"directorycode\":\"5\",\"directorytype\":\"body\"},{\"id\":\"42757580\",\"pid\":\"0\",\"name\":\"教学大纲\",\"level\":\"0\",\"code\":\"42757579\",\"directorycode\":\"6\",\"directorytype\":\"body\"}]","_ZVING_STATUS":"OK"}