﻿<?xml version="1.0" encoding="UTF-8"?><exam><id>20181024222831</id><questions><instructions><![CDATA[A1型题]]></instructions><question><type>1</type><format>text</format><desc><![CDATA[1.环甲膜穿刺术的体位是]]></desc><options><option><id>A</id><type>text</type><desc><![CDATA[头后仰位]]></desc></option><option><id>B</id><type>text</type><desc><![CDATA[侧卧位]]></desc></option><option><id>C</id><type>text</type><desc><![CDATA[坐位]]></desc></option><option><id>D</id><type>text</type><desc><![CDATA[仰卧位]]></desc></option><option><id>E</id><type>text</type><desc><![CDATA[俯卧位]]></desc></option></options><answers><![CDATA[A]]></answers></question><question><type>1</type><format>text</format><desc><![CDATA[2．气管切开术后患者居住的病房温湿度要求是]]></desc><options><option><id>A</id><type>text</type><desc><![CDATA[室温在20℃左右，相对湿度在90%以上]]></desc></option><option><id>B</id><type>text</type><desc><![CDATA[室温在22℃左右，相对湿度在80%以上]]></desc></option><option><id>C</id><type>text</type><desc><![CDATA[室温在19℃左右，相对湿度在70%以上]]></desc></option><option><id>D</id><type>text</type><desc><![CDATA[室温在25℃左右，相对湿度在60%以上]]></desc></option><option><id>E</id><type>text</type><desc><![CDATA[室温在22℃左右，相对湿度在90%以上]]></desc></option></options><answers><![CDATA[E]]></answers></question><question><type>1</type><format>text</format><desc><![CDATA[3.气管切开的部位是]]></desc><options><option><id>A</id><type>text</type><desc><![CDATA[1～2气管软骨环]]></desc></option><option><id>B</id><type>text</type><desc><![CDATA[2～4气管软骨环]]></desc></option><option><id>C</id><type>text</type><desc><![CDATA[5～6气管软骨环]]></desc></option><option><id>D</id><type>text</type><desc><![CDATA[7～8气管软骨环]]></desc></option><option><id>E</id><type>text</type><desc><![CDATA[9～10气管软骨环]]></desc></option></options><answers><![CDATA[B]]></answers></question><question><type>1</type><format>html</format><desc><![CDATA[4.气管插管术后每次吸痰时间<u><b>不超过</b></u>]]></desc><options><option><id>A</id><type>text</type><desc><![CDATA[5秒]]></desc></option><option><id>B</id><type>text</type><desc><![CDATA[10秒]]></desc></option><option><id>C</id><type>text</type><desc><![CDATA[15秒]]></desc></option><option><id>D</id><type>text</type><desc><![CDATA[20秒]]></desc></option><option><id>E</id><type>text</type><desc><![CDATA[25秒]]></desc></option></options><answers><![CDATA[C]]></answers></question><question><type>1</type><format>text</format><desc><![CDATA[5.适用于意识丧失，无咳嗽和咽反射病人的通气方法是]]></desc><options><option><id>A</id><type>text</type><desc><![CDATA[口咽气道]]></desc></option><option><id>B</id><type>text</type><desc><![CDATA[鼻咽气道]]></desc></option><option><id>C</id><type>text</type><desc><![CDATA[气管插管]]></desc></option><option><id>D</id><type>text</type><desc><![CDATA[喉导管]]></desc></option><option><id>E</id><type>text</type><desc><![CDATA[喉罩气道]]></desc></option></options><answers><![CDATA[A]]></answers></question><question><type>1</type><format>html</format><desc><![CDATA[6.关于急诊科的布局，下列<u><b>不正确</b></u>的是]]></desc><options><option><id>A</id><type>text</type><desc><![CDATA[有专门的出入口通道]]></desc></option><option><id>B</id><type>text</type><desc><![CDATA[预检分诊处（台）设在急诊科入口最醒目的位置]]></desc></option><option><id>C</id><type>text</type><desc><![CDATA[清创室应紧靠外科诊疗室或与诊疗室成套间]]></desc></option><option><id>D</id><type>text</type><desc><![CDATA[抢救室应邻近急诊分诊处]]></desc></option><option><id>E</id><type>text</type><desc><![CDATA[为方便管理尽量设置一个出口]]></desc></option></options><answers><![CDATA[E]]></answers></question><question><type>1</type><format>text</format><desc><![CDATA[7.一日一辆公交车行驶至某大桥时突然发生爆炸事件，其中29 名伤员被送至急诊科，值班护士第一步应该]]></desc><options><option><id>A</id><type>text</type><desc><![CDATA[立即准备外伤固定的器材]]></desc></option><option><id>B</id><type>text</type><desc><![CDATA[为休克病人开放静脉通道]]></desc></option><option><id>C</id><type>text</type><desc><![CDATA[将病人安置至抢救室]]></desc></option><option><id>D</id><type>text</type><desc><![CDATA[分诊分区就诊]]></desc></option><option><id>E</id><type>text</type><desc><![CDATA[报告护士长或总值班，启动灾难批量伤（病）员的应急预案]]></desc></option></options><answers><![CDATA[E]]></answers></question><question><type>1</type><format>text</format><desc><![CDATA[8.一位高热抽搐待查的患者，急诊内科就诊后需要请感染科会诊，会诊医师在接到会诊通知后必须多长时间内到达会诊地点]]></desc><options><option><id>A</id><type>text</type><desc><![CDATA[15min]]></desc></option><option><id>B</id><type>text</type><desc><![CDATA[10min]]></desc></option><option><id>C</id><type>text</type><desc><![CDATA[24h]]></desc></option><option><id>D</id><type>text</type><desc><![CDATA[2h]]></desc></option><option><id>E</id><type>text</type><desc><![CDATA[30min]]></desc></option></options><answers><![CDATA[B]]></answers></question><question><type>1</type><format>html</format><desc><![CDATA[9.急诊科的设置<u><b>错误</b></u>的是]]></desc><options><option><id>A</id><type>text</type><desc><![CDATA[急诊科应当设有急诊通讯装置（电话、传呼、对讲机）]]></desc></option><option><id>B</id><type>text</type><desc><![CDATA[配备心脏起搏/除颤仪、心肺复苏机、简易呼吸气囊等仪器设备]]></desc></option><option><id>C</id><type>text</type><desc><![CDATA[配备可用于一般急救搬动、转运及各种基本手术的急救器械]]></desc></option><option><id>D</id><type>text</type><desc><![CDATA[常备急救药品]]></desc></option><option><id>E</id><type>text</type><desc><![CDATA[配备排队系统，便于急诊病人有秩序就诊]]></desc></option></options><answers><![CDATA[E]]></answers></question><question><type>1</type><format>html</format><desc><![CDATA[10.简易呼吸皮囊在使用前的快速检测内容<u><b>不包括</b></u>]]></desc><options><option><id>A</id><type>text</type><desc><![CDATA[面罩充气是否合适]]></desc></option><option><id>B</id><type>text</type><desc><![CDATA[挤压皮囊时送气是否正常]]></desc></option><option><id>C</id><type>text</type><desc><![CDATA[减压阀是否已打开]]></desc></option><option><id>D</id><type>text</type><desc><![CDATA[皮囊是否清洁干净]]></desc></option><option><id>E</id><type>text</type><desc><![CDATA[球囊弹性是否良好]]></desc></option></options><answers><![CDATA[D]]></answers></question><question><type>1</type><format>html</format><desc><![CDATA[11.简易呼吸皮囊在使用过程中可以根据很多指征来判断效果，但<u><b>哪项除外</b></u>？]]></desc><options><option><id>A</id><type>text</type><desc><![CDATA[氧饱和度监测]]></desc></option><option><id>B</id><type>text</type><desc><![CDATA[是否有胃胀气]]></desc></option><option><id>C</id><type>text</type><desc><![CDATA[皮肤颜色]]></desc></option><option><id>D</id><type>text</type><desc><![CDATA[胸廓起伏]]></desc></option><option><id>E</id><type>text</type><desc><![CDATA[口唇颜色]]></desc></option></options><answers><![CDATA[B]]></answers></question><question><type>1</type><format>html</format><desc><![CDATA[12.无创正压通气一般的通气模式<u><b>不包括</b></u>]]></desc><options><option><id>A</id><type>text</type><desc><![CDATA[持续气道正压模式CPAP]]></desc></option><option><id>B</id><type>text</type><desc><![CDATA[压力支持模式]]></desc></option><option><id>C</id><type>text</type><desc><![CDATA[压力控制模式]]></desc></option><option><id>D</id><type>text</type><desc><![CDATA[控制通气模式]]></desc></option><option><id>E</id><type>text</type><desc><![CDATA[双相气道正压通气（BiPAP）]]></desc></option></options><answers><![CDATA[D]]></answers></question><question><type>1</type><format>html</format><desc><![CDATA[13.无创正压通气在临床使用过程中最常见的问题<u><b>不包括</b></u>以下哪项？]]></desc><options><option><id>A</id><type>text</type><desc><![CDATA[面罩漏气]]></desc></option><option><id>B</id><type>text</type><desc><![CDATA[气道高压报警]]></desc></option><option><id>C</id><type>text</type><desc><![CDATA[呼吸机工作和自主呼吸的不一致]]></desc></option><option><id>D</id><type>text</type><desc><![CDATA[容易引起吸入性肺炎等并发症]]></desc></option><option><id>E</id><type>text</type><desc><![CDATA[颜面部的压疮]]></desc></option></options><answers><![CDATA[B]]></answers></question><question><type>1</type><format>text</format><desc><![CDATA[14.机械通气患者若患者自主呼吸微弱，时有时无，这时呼吸机的工作模式可以设置为]]></desc><options><option><id>A</id><type>text</type><desc><![CDATA[控制通气CV]]></desc></option><option><id>B</id><type>text</type><desc><![CDATA[辅助通气AV]]></desc></option><option><id>C</id><type>text</type><desc><![CDATA[持续气道正压通气CPAP]]></desc></option><option><id>D</id><type>text</type><desc><![CDATA[辅助控制通气ACV]]></desc></option><option><id>E</id><type>text</type><desc><![CDATA[双相气道正压通气（BiPAP）]]></desc></option></options><answers><![CDATA[D]]></answers></question><question><type>1</type><format>text</format><desc><![CDATA[15.机械通气患者在设置参数时，氧浓度的调节以下哪项正确]]></desc><options><option><id>A</id><type>text</type><desc><![CDATA[越高越好]]></desc></option><option><id>B</id><type>text</type><desc><![CDATA[机械通气患者氧浓度一般>50%]]></desc></option><option><id>C</id><type>text</type><desc><![CDATA[至少让血氧饱和度维持在100%]]></desc></option><option><id>D</id><type>text</type><desc><![CDATA[根据血气分析结果，维持血氧饱和度大于等于90%来调节氧浓度]]></desc></option><option><id>E</id><type>text</type><desc><![CDATA[机械通气患者氧浓度一般>60%]]></desc></option></options><answers><![CDATA[D]]></answers></question><question><type>1</type><format>html</format><desc><![CDATA[16.简易呼吸皮囊在使用前的快速检测内容<u><b>不包括</b></u>]]></desc><options><option><id>A</id><type>text</type><desc><![CDATA[面罩充气是否合适]]></desc></option><option><id>B</id><type>text</type><desc><![CDATA[挤压皮囊时送气是否正常]]></desc></option><option><id>C</id><type>text</type><desc><![CDATA[减压阀是否已打开]]></desc></option><option><id>D</id><type>text</type><desc><![CDATA[皮囊是否清洁干净]]></desc></option><option><id>E</id><type>text</type><desc><![CDATA[球囊弹性是否良好]]></desc></option></options><answers><![CDATA[D]]></answers></question><question><type>1</type><format>html</format><desc><![CDATA[17.简易呼吸皮囊在使用过程中可以根据很多指征来判断效果，但<u><b>哪项除外</b></u>？]]></desc><options><option><id>A</id><type>text</type><desc><![CDATA[氧饱和度监测]]></desc></option><option><id>B</id><type>text</type><desc><![CDATA[是否有胃胀气]]></desc></option><option><id>C</id><type>text</type><desc><![CDATA[皮肤颜色]]></desc></option><option><id>D</id><type>text</type><desc><![CDATA[胸廓起伏]]></desc></option><option><id>E</id><type>text</type><desc><![CDATA[口唇颜色]]></desc></option></options><answers><![CDATA[B]]></answers></question><question><type>1</type><format>html</format><desc><![CDATA[18.无创正压通气一般的通气模式<u><b>不包括</b></u>]]></desc><options><option><id>A</id><type>text</type><desc><![CDATA[持续气道正压模式CPAP]]></desc></option><option><id>B</id><type>text</type><desc><![CDATA[压力支持模式]]></desc></option><option><id>C</id><type>text</type><desc><![CDATA[压力控制模式]]></desc></option><option><id>D</id><type>text</type><desc><![CDATA[控制通气模式]]></desc></option><option><id>E</id><type>text</type><desc><![CDATA[双相气道正压通气（BiPAP）]]></desc></option></options><answers><![CDATA[D]]></answers></question><question><type>1</type><format>html</format><desc><![CDATA[19.无创正压通气在临床使用过程中最常见的问题<u><b>不包括</b></u>以下哪项]]></desc><options><option><id>A</id><type>text</type><desc><![CDATA[面罩漏气]]></desc></option><option><id>B</id><type>text</type><desc><![CDATA[气道高压报警]]></desc></option><option><id>C</id><type>text</type><desc><![CDATA[呼吸机工作和自主呼吸的不一致]]></desc></option><option><id>D</id><type>text</type><desc><![CDATA[容易引起吸入性肺炎等并发症]]></desc></option><option><id>E</id><type>text</type><desc><![CDATA[颜面部的压疮]]></desc></option></options><answers><![CDATA[B]]></answers></question><question><type>1</type><format>text</format><desc><![CDATA[20.机械通气患者若患者自主呼吸微弱，时有时无，这时呼吸机的工作模式可以设置为]]></desc><options><option><id>A</id><type>text</type><desc><![CDATA[控制通气CV]]></desc></option><option><id>B</id><type>text</type><desc><![CDATA[辅助通气AV]]></desc></option><option><id>C</id><type>text</type><desc><![CDATA[持续气道正压通气CPAP]]></desc></option><option><id>D</id><type>text</type><desc><![CDATA[辅助控制通气ACV]]></desc></option><option><id>E</id><type>text</type><desc><![CDATA[双相气道正压通气（BiPAP）]]></desc></option></options><answers><![CDATA[D]]></answers></question><question><type>1</type><format>text</format><desc><![CDATA[21.机械通气患者在设置参数时，氧浓度的调节以下哪项正确]]></desc><options><option><id>A</id><type>text</type><desc><![CDATA[越高越好]]></desc></option><option><id>B</id><type>text</type><desc><![CDATA[机械通气患者氧浓度一般>50%]]></desc></option><option><id>C</id><type>text</type><desc><![CDATA[至少让血氧饱和度维持在100%]]></desc></option><option><id>D</id><type>text</type><desc><![CDATA[根据血气分析结果，维持血氧饱和度大于等于90%来调节氧浓度]]></desc></option><option><id>E</id><type>text</type><desc><![CDATA[机械通气患者氧浓度一般>60%]]></desc></option></options><answers><![CDATA[D]]></answers></question><question><type>1</type><format>text</format><desc><![CDATA[22.下列急腹症患者必须做胃肠减压的是]]></desc><options><option><id>A</id><type>text</type><desc><![CDATA[急性肠梗阻]]></desc></option><option><id>B</id><type>text</type><desc><![CDATA[老年急腹症患者]]></desc></option><option><id>C</id><type>text</type><desc><![CDATA[急腹症伴糖尿病]]></desc></option><option><id>D</id><type>text</type><desc><![CDATA[急腹症伴移动性浊音]]></desc></option><option><id>E</id><type>text</type><desc><![CDATA[急腹症伴腹膜刺激征]]></desc></option></options><answers><![CDATA[A]]></answers></question><question><type>1</type><format>text</format><desc><![CDATA[23.心绞痛发作时首要的护理措施是]]></desc><options><option><id>A</id><type>text</type><desc><![CDATA[立即监测心电图]]></desc></option><option><id>B</id><type>text</type><desc><![CDATA[给予吸氧]]></desc></option><option><id>C</id><type>text</type><desc><![CDATA[观察疼痛性质]]></desc></option><option><id>D</id><type>text</type><desc><![CDATA[建立静脉通道]]></desc></option><option><id>E</id><type>text</type><desc><![CDATA[让患者卧床休息]]></desc></option></options><answers><![CDATA[E]]></answers></question><question><type>1</type><format>text</format><desc><![CDATA[24.当患者由于呼吸困难而出现生命危险时，首要措施是]]></desc><options><option><id>A</id><type>text</type><desc><![CDATA[建立静脉通路，保证及时给药]]></desc></option><option><id>B</id><type>text</type><desc><![CDATA[准确留取血标本]]></desc></option><option><id>C</id><type>text</type><desc><![CDATA[取舒适体位]]></desc></option><option><id>D</id><type>text</type><desc><![CDATA[做好隔离措施]]></desc></option><option><id>E</id><type>text</type><desc><![CDATA[保持呼吸道通畅]]></desc></option></options><answers><![CDATA[E]]></answers></question><question><type>1</type><format>text</format><desc><![CDATA[25.呼吸频率减慢最常见于]]></desc><options><option><id>A</id><type>text</type><desc><![CDATA[心血管疾病]]></desc></option><option><id>B</id><type>text</type><desc><![CDATA[发热]]></desc></option><option><id>C</id><type>text</type><desc><![CDATA[贫血]]></desc></option><option><id>D</id><type>text</type><desc><![CDATA[癔症发作]]></desc></option><option><id>E</id><type>text</type><desc><![CDATA[急性镇静催眠药中毒]]></desc></option></options><answers><![CDATA[E]]></answers></question><question><type>1</type><format>text</format><desc><![CDATA[26.致命性胸痛最常见的病因是]]></desc><options><option><id>A</id><type>text</type><desc><![CDATA[肋间神经损伤]]></desc></option><option><id>B</id><type>text</type><desc><![CDATA[急性心包炎]]></desc></option><option><id>C</id><type>text</type><desc><![CDATA[胸膜炎]]></desc></option><option><id>D</id><type>text</type><desc><![CDATA[心血管神经官能症]]></desc></option><option><id>E</id><type>text</type><desc><![CDATA[急性冠状动脉综合征]]></desc></option></options><answers><![CDATA[E]]></answers></question><question><type>1</type><format>text</format><desc><![CDATA[27.急性心肌梗死与心绞痛心电图鉴别最有意义的是]]></desc><options><option><id>A</id><type>text</type><desc><![CDATA[ST段抬高]]></desc></option><option><id>B</id><type>text</type><desc><![CDATA[病理性Q波]]></desc></option><option><id>C</id><type>text</type><desc><![CDATA[ST段压低]]></desc></option><option><id>D</id><type>text</type><desc><![CDATA[T波高尖]]></desc></option><option><id>E</id><type>text</type><desc><![CDATA[T波倒置]]></desc></option></options><answers><![CDATA[A]]></answers></question><question><type>1</type><format>text</format><desc><![CDATA[28.胆囊炎或胆囊结石所致的急性腹痛常发生于]]></desc><options><option><id>A</id><type>text</type><desc><![CDATA[腹部手术后]]></desc></option><option><id>B</id><type>text</type><desc><![CDATA[禁食、胃肠减压后]]></desc></option><option><id>C</id><type>text</type><desc><![CDATA[进食油腻食物后]]></desc></option><option><id>D</id><type>text</type><desc><![CDATA[酗酒、暴饮暴食后]]></desc></option><option><id>E</id><type>text</type><desc><![CDATA[剧烈运动后]]></desc></option></options><answers><![CDATA[C]]></answers></question><question><type>1</type><format>text</format><desc><![CDATA[29.可引起典型的急性腹痛的器质性病变是]]></desc><options><option><id>A</id><type>text</type><desc><![CDATA[梗阻]]></desc></option><option><id>B</id><type>text</type><desc><![CDATA[神经功能紊乱]]></desc></option><option><id>C</id><type>text</type><desc><![CDATA[痉挛]]></desc></option><option><id>D</id><type>text</type><desc><![CDATA[麻痹]]></desc></option><option><id>E</id><type>text</type><desc><![CDATA[心绞痛]]></desc></option></options><answers><![CDATA[A]]></answers></question><question><type>1</type><format>html</format><desc><![CDATA[30.急性呼吸困难时，<u><b>不属于</b></u>呼气性呼吸困难常见疾病的是]]></desc><options><option><id>A</id><type>text</type><desc><![CDATA[急性支气管炎]]></desc></option><option><id>B</id><type>text</type><desc><![CDATA[支气管哮喘]]></desc></option><option><id>C</id><type>text</type><desc><![CDATA[慢性阻塞性肺气肿]]></desc></option><option><id>D</id><type>text</type><desc><![CDATA[急性左心衰]]></desc></option><option><id>E</id><type>text</type><desc><![CDATA[棉尘肺]]></desc></option></options><answers><![CDATA[D]]></answers></question><question><type>1</type><format>text</format><desc><![CDATA[31.确定深昏迷最有价值的体征是]]></desc><options><option><id>A</id><type>text</type><desc><![CDATA[对外界环境无反应]]></desc></option><option><id>B</id><type>text</type><desc><![CDATA[全身深浅反射消失]]></desc></option><option><id>C</id><type>text</type><desc><![CDATA[呼之不应]]></desc></option><option><id>D</id><type>text</type><desc><![CDATA[眼球固定]]></desc></option><option><id>E</id><type>text</type><desc><![CDATA[血压下降、呼吸浅快]]></desc></option></options><answers><![CDATA[B]]></answers></question><question><type>1</type><format>text</format><desc><![CDATA[32.提示昏迷程度加重的是]]></desc><options><option><id>A</id><type>text</type><desc><![CDATA[双侧对称性前反射减弱]]></desc></option><option><id>B</id><type>text</type><desc><![CDATA[深反射亢进或消失]]></desc></option><option><id>C</id><type>text</type><desc><![CDATA[双侧腱反射不对称]]></desc></option><option><id>D</id><type>text</type><desc><![CDATA[出现病理反射]]></desc></option><option><id>E</id><type>text</type><desc><![CDATA[浅反射由减弱到消失]]></desc></option></options><answers><![CDATA[E]]></answers></question><question><type>1</type><format>html</format><desc><![CDATA[33.病人由于呼吸道分泌阻塞所致呼吸困难、烦躁不安，<u><b>不适当</b></u>的处理是]]></desc><options><option><id>A</id><type>text</type><desc><![CDATA[立即给病人氧气吸入]]></desc></option><option><id>B</id><type>text</type><desc><![CDATA[将病人半卧位协助咳嗽排痰]]></desc></option><option><id>C</id><type>text</type><desc><![CDATA[立即鼻导管吸痰]]></desc></option><option><id>D</id><type>text</type><desc><![CDATA[立即肌注吗啡10mg镇静]]></desc></option><option><id>E</id><type>text</type><desc><![CDATA[给予雾化吸入，必要时支气管纤维镜下吸痰]]></desc></option></options><answers><![CDATA[D]]></answers></question><question><type>1</type><format>html</format><desc><![CDATA[34.腹痛患者的护理中，<u><b>不正确</b></u>的措施是]]></desc><options><option><id>A</id><type>text</type><desc><![CDATA[严格记录出入量]]></desc></option><option><id>B</id><type>text</type><desc><![CDATA[对症抗炎治疗]]></desc></option><option><id>C</id><type>text</type><desc><![CDATA[使用曲马多等镇痛剂]]></desc></option><option><id>D</id><type>text</type><desc><![CDATA[暂时禁食水]]></desc></option><option><id>E</id><type>text</type><desc><![CDATA[卧床休息，减少活动]]></desc></option></options><answers><![CDATA[C]]></answers></question><question><type>1</type><format>text</format><desc><![CDATA[35.溃疡病患者，提示有穿孔发生的表现是]]></desc><options><option><id>A</id><type>text</type><desc><![CDATA[饮食突然减少]]></desc></option><option><id>B</id><type>text</type><desc><![CDATA[嗳气反酸加重]]></desc></option><option><id>C</id><type>text</type><desc><![CDATA[恶心腹胀明显]]></desc></option><option><id>D</id><type>text</type><desc><![CDATA[上腹剧痛、腹肌紧张]]></desc></option><option><id>E</id><type>text</type><desc><![CDATA[经常性“午夜痛”]]></desc></option></options><answers><![CDATA[D]]></answers></question><question><type>1</type><format>text</format><desc><![CDATA[36.一侧瞳孔散大见于]]></desc><options><option><id>A</id><type>text</type><desc><![CDATA[脑桥出血]]></desc></option><option><id>B</id><type>text</type><desc><![CDATA[小脑幕切迹疝]]></desc></option><option><id>C</id><type>text</type><desc><![CDATA[有机磷中毒]]></desc></option><option><id>D</id><type>text</type><desc><![CDATA[脑干出血]]></desc></option><option><id>E</id><type>text</type><desc><![CDATA[颅内水肿]]></desc></option></options><answers><![CDATA[B]]></answers></question><question><type>1</type><format>text</format><desc><![CDATA[37.高热患者最适宜的饮食是]]></desc><options><option><id>A</id><type>text</type><desc><![CDATA[禁食]]></desc></option><option><id>B</id><type>text</type><desc><![CDATA[普通饮食]]></desc></option><option><id>C</id><type>text</type><desc><![CDATA[高蛋白饮食]]></desc></option><option><id>D</id><type>text</type><desc><![CDATA[癔症发作]]></desc></option><option><id>E</id><type>text</type><desc><![CDATA[清淡、易吸收、流质饮食]]></desc></option></options><answers><![CDATA[E]]></answers></question><question><type>1</type><format>text</format><desc><![CDATA[38.符合浅昏迷临床表现的是]]></desc><options><option><id>A</id><type>text</type><desc><![CDATA[对疼痛刺激有反应]]></desc></option><option><id>B</id><type>text</type><desc><![CDATA[可以唤醒]]></desc></option><option><id>C</id><type>text</type><desc><![CDATA[无意识的自主运动消失]]></desc></option><option><id>D</id><type>text</type><desc><![CDATA[四肢腱反射消失]]></desc></option><option><id>E</id><type>text</type><desc><![CDATA[定向力障碍]]></desc></option></options><answers><![CDATA[A]]></answers></question><question><type>1</type><format>html</format><desc><![CDATA[39.毒蕈中毒时临床表现分型<u><b>不包括</b></u>]]></desc><options><option><id>A</id><type>text</type><desc><![CDATA[胃肠炎型]]></desc></option><option><id>B</id><type>text</type><desc><![CDATA[肝炎型]]></desc></option><option><id>C</id><type>text</type><desc><![CDATA[溶血型]]></desc></option><option><id>D</id><type>text</type><desc><![CDATA[呼吸衰竭型]]></desc></option><option><id>E</id><type>text</type><desc><![CDATA[神经精神型]]></desc></option></options><answers><![CDATA[D]]></answers></question><question><type>1</type><format>text</format><desc><![CDATA[40.阿托品中毒机制是]]></desc><options><option><id>A</id><type>text</type><desc><![CDATA[局部腐蚀刺激]]></desc></option><option><id>B</id><type>text</type><desc><![CDATA[麻醉作用]]></desc></option><option><id>C</id><type>text</type><desc><![CDATA[竞争受体]]></desc></option><option><id>D</id><type>text</type><desc><![CDATA[干扰细胞膜或细胞器的生理功能]]></desc></option><option><id>E</id><type>text</type><desc><![CDATA[缺氧]]></desc></option></options><answers><![CDATA[C]]></answers></question><question><type>1</type><format>text</format><desc><![CDATA[41.毒物吸收后主要通过氧化、还原、水解、结合等作用进行代谢的脏器]]></desc><options><option><id>A</id><type>text</type><desc><![CDATA[脾脏]]></desc></option><option><id>B</id><type>text</type><desc><![CDATA[肾脏]]></desc></option><option><id>C</id><type>text</type><desc><![CDATA[肺]]></desc></option><option><id>D</id><type>text</type><desc><![CDATA[肝脏]]></desc></option><option><id>E</id><type>text</type><desc><![CDATA[心脏]]></desc></option></options><answers><![CDATA[D]]></answers></question><question><type>1</type><format>html</format><desc><![CDATA[42.中毒或被强酸灼伤后皮肤黏膜颜色改变<u><b>不正确</b></u>的是]]></desc><options><option><id>A</id><type>text</type><desc><![CDATA[一氧化碳、氰化物中毒口唇可呈樱桃红色]]></desc></option><option><id>B</id><type>text</type><desc><![CDATA[硝酸灼伤皮肤后呈黄色]]></desc></option><option><id>C</id><type>text</type><desc><![CDATA[硫酸灼伤皮肤后呈白色]]></desc></option><option><id>D</id><type>text</type><desc><![CDATA[过氧乙酸灼伤皮肤后呈无色]]></desc></option><option><id>E</id><type>text</type><desc><![CDATA[盐酸灼伤皮肤后呈棕色]]></desc></option></options><answers><![CDATA[C]]></answers></question><question><type>1</type><format>text</format><desc><![CDATA[43.有机磷杀虫药的中毒机制主要是抑制下列酶的活性]]></desc><options><option><id>A</id><type>text</type><desc><![CDATA[过氧化氢酶]]></desc></option><option><id>B</id><type>text</type><desc><![CDATA[肌酸激酶]]></desc></option><option><id>C</id><type>text</type><desc><![CDATA[谷丙转氨酶]]></desc></option><option><id>D</id><type>text</type><desc><![CDATA[胆碱酯酶]]></desc></option><option><id>E</id><type>text</type><desc><![CDATA[乳酸脱氢酶]]></desc></option></options><answers><![CDATA[D]]></answers></question><question><type>1</type><format>text</format><desc><![CDATA[44.一氧化碳中毒正确描述的是]]></desc><options><option><id>A</id><type>text</type><desc><![CDATA[氧与Hb的亲和力比CO与Hb的亲和力大200～300倍]]></desc></option><option><id>B</id><type>text</type><desc><![CDATA[一氧化碳是一种无色、无刺激、有煤烟味的气体]]></desc></option><option><id>C</id><type>text</type><desc><![CDATA[COHb不仅不能携带氧，而且影响氧合血红蛋白的解离]]></desc></option><option><id>D</id><type>text</type><desc><![CDATA[一氧化碳中毒时会刺激呼吸造成过度通气]]></desc></option><option><id>E</id><type>text</type><desc><![CDATA[CO可促进细胞内氧的弥散，促进细胞呼吸]]></desc></option></options><answers><![CDATA[C]]></answers></question><question><type>1</type><format>text</format><desc><![CDATA[45.有机磷杀虫药中毒易出现中毒后“反跳”的药物是]]></desc><options><option><id>A</id><type>text</type><desc><![CDATA[1605]]></desc></option><option><id>B</id><type>text</type><desc><![CDATA[敌百虫]]></desc></option><option><id>C</id><type>text</type><desc><![CDATA[敌敌畏]]></desc></option><option><id>D</id><type>text</type><desc><![CDATA[乐果或马拉硫磷]]></desc></option><option><id>E</id><type>text</type><desc><![CDATA[1059]]></desc></option></options><answers><![CDATA[D]]></answers></question><question><type>1</type><format>text</format><desc><![CDATA[46.百草枯进入人体后，迅速分布到全身各器官，分布浓度最高的器官是]]></desc><options><option><id>A</id><type>text</type><desc><![CDATA[肝和肾]]></desc></option><option><id>B</id><type>text</type><desc><![CDATA[肺和骨骼]]></desc></option><option><id>C</id><type>text</type><desc><![CDATA[肺和脑]]></desc></option><option><id>D</id><type>text</type><desc><![CDATA[皮肤和肾]]></desc></option><option><id>E</id><type>text</type><desc><![CDATA[肝和脾]]></desc></option></options><answers><![CDATA[B]]></answers></question><question><type>1</type><format>text</format><desc><![CDATA[47.乙醇吸收后主要代谢分解的脏器是]]></desc><options><option><id>A</id><type>text</type><desc><![CDATA[脾脏]]></desc></option><option><id>B</id><type>text</type><desc><![CDATA[肝脏]]></desc></option><option><id>C</id><type>text</type><desc><![CDATA[肺]]></desc></option><option><id>D</id><type>text</type><desc><![CDATA[肾脏]]></desc></option><option><id>E</id><type>text</type><desc><![CDATA[大脑]]></desc></option></options><answers><![CDATA[B]]></answers></question><question><type>1</type><format>text</format><desc><![CDATA[48.在急诊室复苏过程中最常用的药物是肾上腺素，该药的正确用法是]]></desc><options><option><id>A</id><type>text</type><desc><![CDATA[1mg 静脉推注]]></desc></option><option><id>B</id><type>text</type><desc><![CDATA[3mg 静脉推注]]></desc></option><option><id>C</id><type>text</type><desc><![CDATA[1mg 每3～5分钟静脉推注]]></desc></option><option><id>D</id><type>text</type><desc><![CDATA[1mg 每3～5分钟肌肉注射]]></desc></option><option><id>E</id><type>text</type><desc><![CDATA[3mg 每3～5分钟静脉推注]]></desc></option></options><answers><![CDATA[C]]></answers></question><question><type>1</type><format>text</format><desc><![CDATA[49.气道内给药的剂量一般是在静脉内给药剂量基础上的]]></desc><options><option><id>A</id><type>text</type><desc><![CDATA[1倍]]></desc></option><option><id>B</id><type>text</type><desc><![CDATA[2～2.5倍]]></desc></option><option><id>C</id><type>text</type><desc><![CDATA[3倍]]></desc></option><option><id>D</id><type>text</type><desc><![CDATA[5倍]]></desc></option><option><id>E</id><type>text</type><desc><![CDATA[0.5倍]]></desc></option></options><answers><![CDATA[B]]></answers></question><question><type>1</type><format>text</format><desc><![CDATA[50.体外除颤结束后正确的做法是]]></desc><options><option><id>A</id><type>text</type><desc><![CDATA[先查看心律是否恢复窦性心律]]></desc></option><option><id>B</id><type>text</type><desc><![CDATA[先检查脉搏有无恢复]]></desc></option><option><id>C</id><type>text</type><desc><![CDATA[马上从胸外按压开始持续做5个循环的复苏]]></desc></option><option><id>D</id><type>text</type><desc><![CDATA[马上测血压，观察神志、瞳孔变化]]></desc></option><option><id>E</id><type>text</type><desc><![CDATA[马上开放静脉通路用药]]></desc></option></options><answers><![CDATA[C]]></answers></question><question><type>1</type><format>html</format><desc><![CDATA[51.对于体外起搏，以下说法<u><b>错误</b></u>的是]]></desc><options><option><id>A</id><type>text</type><desc><![CDATA[起搏方式可以根据患者有无自主心律选择按需型或固定频率型]]></desc></option><option><id>B</id><type>text</type><desc><![CDATA[起搏电流的强度一般从 30mA 开始递增]]></desc></option><option><id>C</id><type>text</type><desc><![CDATA[起搏成功后能扪及大动脉搏动]]></desc></option><option><id>D</id><type>text</type><desc><![CDATA[起搏可以替代 CPR]]></desc></option><option><id>E</id><type>text</type><desc><![CDATA[起搏成功后可测得血压在 60/40mmHg 以上]]></desc></option></options><answers><![CDATA[D]]></answers></question><question><type>1</type><format>html</format><desc><![CDATA[52.临床上中心静脉置管时，护士要做好患者的体位安置，下列<u><b>错误</b></u>的是]]></desc><options><option><id>A</id><type>text</type><desc><![CDATA[颈内静脉置管时患者仰卧位，头低足高，面部略转向对侧]]></desc></option><option><id>B</id><type>text</type><desc><![CDATA[锁骨下静脉下入路的穿刺，患者取平卧，头低脚高位，两侧肩胛骨之间放一小枕]]></desc></option><option><id>C</id><type>text</type><desc><![CDATA[股静脉置管则取平卧位，穿刺侧大腿外展]]></desc></option><option><id>D</id><type>text</type><desc><![CDATA[颈内静脉置管时患者仰卧位，头高足低，面部略转向对侧]]></desc></option><option><id>E</id><type>text</type><desc><![CDATA[安置卧位时在不影响操作的前提下尽可能让患者舒适]]></desc></option></options><answers><![CDATA[D]]></answers></question><question><type>1</type><format>text</format><desc><![CDATA[53.在抢救患者的过程中，开放静脉通路的时候，首选]]></desc><options><option><id>A</id><type>text</type><desc><![CDATA[手背静脉]]></desc></option><option><id>B</id><type>text</type><desc><![CDATA[下肢静脉]]></desc></option><option><id>C</id><type>text</type><desc><![CDATA[中心静脉置管]]></desc></option><option><id>D</id><type>text</type><desc><![CDATA[肘前静脉或颈外静脉]]></desc></option><option><id>E</id><type>text</type><desc><![CDATA[股静脉]]></desc></option></options><answers><![CDATA[D]]></answers></question></questions><questions><instructions><![CDATA[A2型题]]></instructions><question><type>1</type><format>html</format><desc><![CDATA[1.男性，68岁，咳嗽、气急、肺部湿啰音，HR 108/min，RR 31/min， WBC 10×10<sup>9</sup>/L，嗜中性粒细胞83％，胸片示左下肺炎，动脉血气为 PaCO<sub>2</sub> 66mmHg，PaO<sub>2</sub> 56mmHg，拟“ARDS”，在早期使用 PSV模式机械通气时，您认为最佳潮气量是<b></b>]]></desc><options><option><id>A</id><type>text</type><desc><![CDATA[15～20ml/kg]]></desc></option><option><id>B</id><type>text</type><desc><![CDATA[3～5 ml/kg]]></desc></option><option><id>C</id><type>text</type><desc><![CDATA[10～15 ml/kg]]></desc></option><option><id>D</id><type>text</type><desc><![CDATA[2～4 ml/kg]]></desc></option><option><id>E</id><type>text</type><desc><![CDATA[6～8 ml/kg]]></desc></option></options><answers><![CDATA[E]]></answers></question><question><type>1</type><format>text</format><desc><![CDATA[2.男性，40岁，阑尾炎穿孔伴腹膜炎术后第6天，体温38.8℃，伤口无红肿，大便次数增多，混有黏液，伴里急后重感，应考虑并发症是]]></desc><options><option><id>A</id><type>text</type><desc><![CDATA[盆腔脓肿]]></desc></option><option><id>B</id><type>text</type><desc><![CDATA[膈下脓肿]]></desc></option><option><id>C</id><type>text</type><desc><![CDATA[细菌性痢疾]]></desc></option><option><id>D</id><type>text</type><desc><![CDATA[肠炎]]></desc></option><option><id>E</id><type>text</type><desc><![CDATA[肠粘连]]></desc></option></options><answers><![CDATA[A]]></answers></question><question><type>1</type><format>text</format><desc><![CDATA[3.女性，60岁，咳喘反复发作10年余，昨晚突发剧烈咳嗽后感左侧胸痛，呼吸困难，可能的诊断是]]></desc><options><option><id>A</id><type>text</type><desc><![CDATA[肺栓塞]]></desc></option><option><id>B</id><type>text</type><desc><![CDATA[心肌梗死]]></desc></option><option><id>C</id><type>text</type><desc><![CDATA[肺气肿]]></desc></option><option><id>D</id><type>text</type><desc><![CDATA[急性左心衰竭]]></desc></option><option><id>E</id><type>text</type><desc><![CDATA[自发性气胸]]></desc></option></options><answers><![CDATA[E]]></answers></question><question><type>1</type><format>text</format><desc><![CDATA[4.男性，30岁，因建筑工地上头部跌伤就诊。观察神志不清，不能叫醒，压迫眶上神经有皱眉反应，其昏迷程度为]]></desc><options><option><id>A</id><type>text</type><desc><![CDATA[嗜睡]]></desc></option><option><id>B</id><type>text</type><desc><![CDATA[浅昏迷]]></desc></option><option><id>C</id><type>text</type><desc><![CDATA[深昏迷]]></desc></option><option><id>D</id><type>text</type><desc><![CDATA[淡漠]]></desc></option><option><id>E</id><type>text</type><desc><![CDATA[反应迟钝]]></desc></option></options><answers><![CDATA[B<b></b>]]></answers></question><question><type>1</type><format>text</format><desc><![CDATA[5.一位急性酒精中毒的青年男性病人，出现烦躁不安、过度兴奋，可使用的药物是]]></desc><options><option><id>A</id><type>text</type><desc><![CDATA[吗啡]]></desc></option><option><id>B</id><type>text</type><desc><![CDATA[氯丙嗪]]></desc></option><option><id>C</id><type>text</type><desc><![CDATA[地西泮]]></desc></option><option><id>D</id><type>text</type><desc><![CDATA[苯巴比妥类镇静药]]></desc></option><option><id>E</id><type>text</type><desc><![CDATA[乙醇]]></desc></option></options><answers><![CDATA[C<b></b>]]></answers></question><question><type>1</type><format>html</format><desc><![CDATA[6.某病人被诊断为有机磷杀虫药中毒，其毒蕈碱样症状<u><b>不包括</b></u>]]></desc><options><option><id>A</id><type>text</type><desc><![CDATA[多汗]]></desc></option><option><id>B</id><type>text</type><desc><![CDATA[流涎流涕]]></desc></option><option><id>C</id><type>text</type><desc><![CDATA[瞳孔扩大]]></desc></option><option><id>D</id><type>text</type><desc><![CDATA[瞳孔缩小]]></desc></option><option><id>E</id><type>text</type><desc><![CDATA[肺水肿]]></desc></option></options><answers><![CDATA[C]]></answers></question><question><type>1</type><format>text</format><desc><![CDATA[7.女性病人急性敌百虫中毒2小时，洗胃液选择是]]></desc><options><option><id>A</id><type>text</type><desc><![CDATA[清水]]></desc></option><option><id>B</id><type>text</type><desc><![CDATA[苏打水]]></desc></option><option><id>C</id><type>text</type><desc><![CDATA[热盐水]]></desc></option><option><id>D</id><type>text</type><desc><![CDATA[碳酸氢钠溶液]]></desc></option><option><id>E</id><type>text</type><desc><![CDATA[肥皂水溶液]]></desc></option></options><answers><![CDATA[A]]></answers></question><question><type>1</type><format>text</format><desc><![CDATA[8.一位有机磷杀虫药中毒病人，经治疗后达到“阿托品化”，其临床表现是]]></desc><options><option><id>A</id><type>text</type><desc><![CDATA[瞳孔较前扩大]]></desc></option><option><id>B</id><type>text</type><desc><![CDATA[颜面潮红；皮肤干燥、腺体分泌减少、无汗、口干]]></desc></option><option><id>C</id><type>text</type><desc><![CDATA[肺部湿啰音消失]]></desc></option><option><id>D</id><type>text</type><desc><![CDATA[心率增快]]></desc></option><option><id>E</id><type>text</type><desc><![CDATA[以上都是]]></desc></option></options><answers><![CDATA[E]]></answers></question><question><type>1</type><format>text</format><desc><![CDATA[9.一氧化碳中毒病人被送到急诊科时，意识不清，血压测不到，呼吸约3次／分，心率20次／分，首先采取的最重要措施是]]></desc><options><option><id>A</id><type>text</type><desc><![CDATA[吸氧]]></desc></option><option><id>B</id><type>text</type><desc><![CDATA[心电监护]]></desc></option><option><id>C</id><type>text</type><desc><![CDATA[心肺复苏]]></desc></option><option><id>D</id><type>text</type><desc><![CDATA[电除颤]]></desc></option><option><id>E</id><type>text</type><desc><![CDATA[建立静脉通路]]></desc></option></options><answers><![CDATA[C]]></answers></question><question><type>1</type><format>html</format><desc><![CDATA[10.某病人，因车祸致胸腹联合伤，呼吸38次/分，心率123次/分，血压75/46mmHg，需快速补液并监测CVP，在置入中心静脉时，<u><b>不可能</b></u>出现的并发症是]]></desc><options><option><id>A</id><type>text</type><desc><![CDATA[心律失常]]></desc></option><option><id>B</id><type>text</type><desc><![CDATA[肺及胸膜损伤]]></desc></option><option><id>C</id><type>text</type><desc><![CDATA[相伴行的动脉损伤]]></desc></option><option><id>D</id><type>text</type><desc><![CDATA[神经损伤]]></desc></option><option><id>E</id><type>text</type><desc><![CDATA[感染]]></desc></option></options><answers><![CDATA[E]]></answers></question></questions><questions><instructions><![CDATA[A3/A4型题]]></instructions><question><type>3</type><format>html</format><desc><![CDATA[1.患者，男，54岁，骑车时不慎跌倒出现严重呼吸困难，颈部疼痛，四肢不能活动，查体：T39℃，痰鸣音明显，颈部压痛，四肢瘫痪，X线拍片提示：C<sub>4</sub>～C<sub>5</sub>骨折并脱位。]]></desc><children><question><type>3</type><format>text</format><desc><![CDATA[（1）导致呼吸困难最主要的原因是]]></desc><options><option><id>A</id><type>text</type><desc><![CDATA[腹胀引起膈肌上移]]></desc></option><option><id>B</id><type>text</type><desc><![CDATA[呼吸肌麻痹]]></desc></option><option><id>C</id><type>text</type><desc><![CDATA[水肿压迫呼吸中枢]]></desc></option><option><id>D</id><type>text</type><desc><![CDATA[痰液堵塞气道]]></desc></option><option><id>E</id><type>text</type><desc><![CDATA[气管受压]]></desc></option></options><answers><![CDATA[B]]></answers></question><question><type>3</type><format>text</format><desc><![CDATA[（2）机械通气期间，患者出现躁动不安、呼吸和心率加快、血压升高、脉搏氧饱和度下降、呼吸机高压报警，潮气量忽大忽小等。该患者出现了以下哪种情况]]></desc><options><option><id>A</id><type>text</type><desc><![CDATA[通气过度]]></desc></option><option><id>B</id><type>text</type><desc><![CDATA[通气不足]]></desc></option><option><id>C</id><type>text</type><desc><![CDATA[呼吸衰竭]]></desc></option><option><id>D</id><type>text</type><desc><![CDATA[人机对抗]]></desc></option><option><id>E</id><type>text</type><desc><![CDATA[呼吸机管路脱落]]></desc></option></options><answers><![CDATA[D]]></answers></question><question><type>3</type><format>html</format><desc><![CDATA[（3）对该患者上述情况的处理以下哪项<u><b>不妥</b></u>]]></desc><options><option><id>A</id><type>text</type><desc><![CDATA[检查呼吸机模式和参数，重新设置]]></desc></option><option><id>B</id><type>text</type><desc><![CDATA[吸痰]]></desc></option><option><id>C</id><type>text</type><desc><![CDATA[使用简易呼吸器辅助呼吸]]></desc></option><option><id>D</id><type>text</type><desc><![CDATA[立即更换呼吸机]]></desc></option><option><id>E</id><type>text</type><desc><![CDATA[必要时适当应用镇静剂]]></desc></option></options><answers><![CDATA[E]]></answers></question><question><type>3</type><format>html</format><desc><![CDATA[（4）患者行机械通气治疗，脱机过程的护理<u><b>错误</b></u>的是]]></desc><options><option><id>A</id><type>text</type><desc><![CDATA[脱机前做好心理护理]]></desc></option><option><id>B</id><type>text</type><desc><![CDATA[脱机时协助患者取坐位或半卧位]]></desc></option><option><id>C</id><type>text</type><desc><![CDATA[脱机时间宜选择在晚上]]></desc></option><option><id>D</id><type>text</type><desc><![CDATA[脱机前后指导患者有效咳痰]]></desc></option><option><id>E</id><type>text</type><desc><![CDATA[脱机过程中密切监测病人的R、P、BP、SPO<sub>2</sub>、意识状态等]]></desc></option></options><answers><![CDATA[C<b></b>]]></answers></question></children></question><question><type>3</type><format>text</format><desc><![CDATA[2.病人女性，28岁，因右下腹疼痛1小时，伴头昏到急诊科就诊。]]></desc><children><question><type>3</type><format>text</format><desc><![CDATA[（1）该病人到急诊科就诊的流程首先是]]></desc><options><option><id>A</id><type>text</type><desc><![CDATA[分诊护士简单询问病史进行分诊]]></desc></option><option><id>B</id><type>text</type><desc><![CDATA[妇产科就诊]]></desc></option><option><id>C</id><type>text</type><desc><![CDATA[急诊内科就诊]]></desc></option><option><id>D</id><type>text</type><desc><![CDATA[急诊外科就诊]]></desc></option><option><id>E</id><type>text</type><desc><![CDATA[急诊神经科就诊]]></desc></option></options><answers><![CDATA[A]]></answers></question><question><type>3</type><format>text</format><desc><![CDATA[（2）病人在急诊就诊的过程中可能涉及多专科的问题，应遵循的制度是]]></desc><options><option><id>A</id><type>text</type><desc><![CDATA[危重病人抢救制度]]></desc></option><option><id>B</id><type>text</type><desc><![CDATA[交换班制度]]></desc></option><option><id>C</id><type>text</type><desc><![CDATA[查对制度]]></desc></option><option><id>D</id><type>text</type><desc><![CDATA[危急值报告制度]]></desc></option><option><id>E</id><type>text</type><desc><![CDATA[首诊负责制]]></desc></option></options><answers><![CDATA[E]]></answers></question><question><type>3</type><format>text</format><desc><![CDATA[（3）经监测生命体征，病人HR130次/分，BP70/40mmHg，应立即]]></desc><options><option><id>A</id><type>text</type><desc><![CDATA[输血]]></desc></option><option><id>B</id><type>text</type><desc><![CDATA[送手术室]]></desc></option><option><id>C</id><type>text</type><desc><![CDATA[应用急救绿色通道，启动常见急症的应急预案]]></desc></option><option><id>D</id><type>text</type><desc><![CDATA[请多科会诊]]></desc></option><option><id>E</id><type>text</type><desc><![CDATA[行特检明确诊断]]></desc></option></options><answers><![CDATA[C]]></answers></question><question><type>3</type><format>text</format><desc><![CDATA[（4）在病人抢救结束后，必须在多长时间内补记抢救记录]]></desc><options><option><id>A</id><type>text</type><desc><![CDATA[半小时]]></desc></option><option><id>B</id><type>text</type><desc><![CDATA[1小时]]></desc></option><option><id>C</id><type>text</type><desc><![CDATA[12小时]]></desc></option><option><id>D</id><type>text</type><desc><![CDATA[6小时]]></desc></option><option><id>E</id><type>text</type><desc><![CDATA[24小时]]></desc></option></options><answers><![CDATA[D<b></b>]]></answers></question></children></question><question><type>3</type><format>text</format><desc><![CDATA[3.某病人服敌敌畏约7小时昏迷入院，衣服上呕吐物散发出浓烈酒味及大蒜味。]]></desc><children><question><type>3</type><format>html</format><desc><![CDATA[（1）清除毒物的护理措施<u><b>应除外</b></u>]]></desc><options><option><id>A</id><type>text</type><desc><![CDATA[洗胃]]></desc></option><option><id>B</id><type>text</type><desc><![CDATA[催吐]]></desc></option><option><id>C</id><type>text</type><desc><![CDATA[清洗皮肤]]></desc></option><option><id>D</id><type>text</type><desc><![CDATA[脱去污染衣物]]></desc></option><option><id>E</id><type>text</type><desc><![CDATA[硫酸钠导泻]]></desc></option></options><answers><![CDATA[B]]></answers></question><question><type>3</type><format>html</format><desc><![CDATA[（2）维持有效通气功能的即刻护理措施<u><b>不包括</b></u>]]></desc><options><option><id>A</id><type>text</type><desc><![CDATA[清除呼吸道分泌物]]></desc></option><option><id>B</id><type>text</type><desc><![CDATA[气管插管]]></desc></option><option><id>C</id><type>text</type><desc><![CDATA[机械通气]]></desc></option><option><id>D</id><type>text</type><desc><![CDATA[应用呼吸兴奋剂]]></desc></option><option><id>E</id><type>text</type><desc><![CDATA[加压面罩呼吸囊辅助呼吸]]></desc></option></options><answers><![CDATA[D]]></answers></question></children></question><question><type>3</type><format>text</format><desc><![CDATA[4.男性病人，48岁。饮大量白酒后意识不清2小时。查体：BP 90/60mmHg，昏迷，口唇发绀、皮肤湿冷，口周及口内有呕吐物，呼吸慢而有鼾声，双肺呼吸音粗，可闻及明显痰鸣音，心率112次／分，SP02 68%。颅脑CT排除脑出血。]]></desc><children><question><type>3</type><format>text</format><desc><![CDATA[（1）诊断为急性酒精中毒，需首先采取的即刻护理措施是]]></desc><options><option><id>A</id><type>text</type><desc><![CDATA[通畅气道]]></desc></option><option><id>B</id><type>text</type><desc><![CDATA[血液透析]]></desc></option><option><id>C</id><type>text</type><desc><![CDATA[补液]]></desc></option><option><id>D</id><type>text</type><desc><![CDATA[高压氧治疗]]></desc></option><option><id>E</id><type>text</type><desc><![CDATA[利尿]]></desc></option></options><answers><![CDATA[A]]></answers></question><question><type>3</type><format>html</format><desc><![CDATA[（2）可采取的进一步诊疗措施<u><b>不包括</b></u>]]></desc><options><option><id>A</id><type>text</type><desc><![CDATA[洗胃]]></desc></option><option><id>B</id><type>text</type><desc><![CDATA[必要时血液透析]]></desc></option><option><id>C</id><type>text</type><desc><![CDATA[静脉应用纳洛酮并防治感染]]></desc></option><option><id>D</id><type>text</type><desc><![CDATA[必要时气管插管、机械通气]]></desc></option><option><id>E</id><type>text</type><desc><![CDATA[静脉应用甘露醇]]></desc></option></options><answers><![CDATA[E]]></answers></question></children></question><question><type>3</type><format>text</format><desc><![CDATA[5.男性病人，30岁，因煤气中毒1天后送医院。病人进入深昏迷、抽搐、呼吸困难、呼吸浅而快、面色苍白、四肢湿冷、周身大汗，有大小便失禁、血压下降]]></desc><children><question><type>3</type><format>text</format><desc><![CDATA[（1）进一步抢救首先应]]></desc><options><option><id>A</id><type>text</type><desc><![CDATA[地塞米松静脉注射]]></desc></option><option><id>B</id><type>text</type><desc><![CDATA[高压氧舱治疗]]></desc></option><option><id>C</id><type>text</type><desc><![CDATA[甘露醇静脉注射]]></desc></option><option><id>D</id><type>text</type><desc><![CDATA[补充高能量液]]></desc></option><option><id>E</id><type>text</type><desc><![CDATA[护脑药物的应用]]></desc></option></options><answers><![CDATA[B]]></answers></question><question><type>3</type><format>text</format><desc><![CDATA[（2）经高压氧舱治疗病人神志清醒，全身症状好转，可能的后遗症是]]></desc><options><option><id>A</id><type>text</type><desc><![CDATA[肾功能损害]]></desc></option><option><id>B</id><type>text</type><desc><![CDATA[肝功能损害]]></desc></option><option><id>C</id><type>text</type><desc><![CDATA[记忆力减退]]></desc></option><option><id>D</id><type>text</type><desc><![CDATA[迟发性脑病]]></desc></option><option><id>E</id><type>text</type><desc><![CDATA[肺功能损害]]></desc></option></options><answers><![CDATA[D]]></answers></question></children></question><question><type>3</type><format>text</format><desc><![CDATA[6.患者，女，58岁，拟阿斯综合征收住入院，护士巡视病房，发现患者心电监护呈一直线]]></desc><children><question><type>3</type><format>text</format><desc><![CDATA[（1）在紧急的处理措施中，第一步要做的是]]></desc><options><option><id>A</id><type>text</type><desc><![CDATA[立即开始胸外按压]]></desc></option><option><id>B</id><type>text</type><desc><![CDATA[迅速开始人工呼吸]]></desc></option><option><id>C</id><type>text</type><desc><![CDATA[准备好电击除颤]]></desc></option><option><id>D</id><type>text</type><desc><![CDATA[检查电极有无脱落，患者意识和大动脉搏动]]></desc></option><option><id>E</id><type>text</type><desc><![CDATA[立即开放静脉输液通道]]></desc></option></options><answers><![CDATA[D]]></answers></question><question><type>3</type><format>html</format><desc><![CDATA[（2）在后续的治疗中需要体外除颤，电极位置放置<u><b>错误</b></u>的是]]></desc><options><option><id>A</id><type>text</type><desc><![CDATA[临床上最常用的是心底部和心尖部电极位置]]></desc></option><option><id>B</id><type>text</type><desc><![CDATA[心底部电极在胸骨右缘第二肋尖水平]]></desc></option><option><id>C</id><type>text</type><desc><![CDATA[心尖部的电极在左腋前线五六肋间]]></desc></option><option><id>D</id><type>text</type><desc><![CDATA[两电极板的距离至少在2.5公分以上]]></desc></option><option><id>E</id><type>text</type><desc><![CDATA[避开局部皮肤有损伤的部位]]></desc></option></options><answers><![CDATA[D]]></answers></question><question><type>3</type><format>text</format><desc><![CDATA[（3）临床上缓慢型心律失常常用的药物是]]></desc><options><option><id>A</id><type>text</type><desc><![CDATA[肾上腺素]]></desc></option><option><id>B</id><type>text</type><desc><![CDATA[阿托品]]></desc></option><option><id>C</id><type>text</type><desc><![CDATA[碳酸氢钠]]></desc></option><option><id>D</id><type>text</type><desc><![CDATA[利多卡因]]></desc></option><option><id>E</id><type>text</type><desc><![CDATA[胺碘酮]]></desc></option></options><answers><![CDATA[B]]></answers></question></children></question></questions></exam>