﻿<?xml version="1.0" encoding="UTF-8"?><exam><id>20181024220744</id><questions><instructions><![CDATA[A1型题]]></instructions><question><type>1</type><format>text</format><desc><![CDATA[1.院前急救是指]]></desc><options><option><id>A</id><type>text</type><desc><![CDATA[急危重病人的现场救护]]></desc></option><option><id>B</id><type>text</type><desc><![CDATA[专业救护人员到来之前的抢救]]></desc></option><option><id>C</id><type>text</type><desc><![CDATA[现场自救、互救]]></desc></option><option><id>D</id><type>text</type><desc><![CDATA[途中救护]]></desc></option><option><id>E</id><type>text</type><desc><![CDATA[急、危、重症伤病员进入医院前的医疗救护]]></desc></option></options><answers><![CDATA[E]]></answers></question><question><type>1</type><format>html</format><desc><![CDATA[2.关于病人的转运，下列<u><b>错误</b></u>的是]]></desc><options><option><id>A</id><type>text</type><desc><![CDATA[病情不稳定者，应暂缓汽车长途转送]]></desc></option><option><id>B</id><type>text</type><desc><![CDATA[担架在行进途中，伤员应头部在后，下肢在前]]></desc></option><option><id>C</id><type>text</type><desc><![CDATA[脊椎受伤者，应保持脊椎轴线稳定]]></desc></option><option><id>D</id><type>text</type><desc><![CDATA[呼吸困难患者最好使用飞机运送]]></desc></option><option><id>E</id><type>text</type><desc><![CDATA[途中要加强生命支持性措施]]></desc></option></options><answers><![CDATA[D]]></answers></question><question><type>1</type><format>html</format><desc><![CDATA[3.给伤员松解或去除衣、裤、鞋和头盔时，<u><b>错误</b></u>的做法是]]></desc><options><option><id>A</id><type>text</type><desc><![CDATA[脱上衣应先健侧后患侧]]></desc></option><option><id>B</id><type>text</type><desc><![CDATA[脱长裤均可抬高小腿，拉下长裤]]></desc></option><option><id>C</id><type>text</type><desc><![CDATA[脱鞋袜应托起并固定住踝部，解开鞋带，向下再向前顺脚型方向脱下鞋袜]]></desc></option><option><id>D</id><type>text</type><desc><![CDATA[脱除头盔应用力将头盔的边向外侧扳开，再将头盔向后上方托起]]></desc></option><option><id>E</id><type>text</type><desc><![CDATA[动作轻柔，防止造成患者的进一步损伤]]></desc></option></options><answers><![CDATA[B]]></answers></question><question><type>1</type><format>text</format><desc><![CDATA[4.在一车祸现场同时存在以下伤员，首先要处理的是]]></desc><options><option><id>A</id><type>text</type><desc><![CDATA[伤口渗血]]></desc></option><option><id>B</id><type>text</type><desc><![CDATA[内脏脱出]]></desc></option><option><id>C</id><type>text</type><desc><![CDATA[闭合性骨折]]></desc></option><option><id>D</id><type>text</type><desc><![CDATA[窒息]]></desc></option><option><id>E</id><type>text</type><desc><![CDATA[皮肤擦伤]]></desc></option></options><answers><![CDATA[D]]></answers></question><question><type>1</type><format>html</format><desc><![CDATA[5.特殊病人搬运时，下列哪项<u><b>不妥</b></u>]]></desc><options><option><id>A</id><type>text</type><desc><![CDATA[腹部内脏脱出的伤员双腿屈曲，脱出的内脏要送回腹腔，以防止感染]]></desc></option><option><id>B</id><type>text</type><desc><![CDATA[昏迷伤员侧卧或俯卧于担架上，头偏向一侧，以利于呼吸道分泌物引流]]></desc></option><option><id>C</id><type>text</type><desc><![CDATA[骨盆损伤伤员仰卧于门板或硬质担架上，膝微曲，下部加垫]]></desc></option><option><id>D</id><type>text</type><desc><![CDATA[脊柱损伤的伤员搬运时，应严防颈部和躯干前屈或扭转，应使脊柱保持伸直]]></desc></option><option><id>E</id><type>text</type><desc><![CDATA[呼吸困难患者可根据情况采取坐位或半卧位]]></desc></option></options><answers><![CDATA[A]]></answers></question><question><type>1</type><format>text</format><desc><![CDATA[6.心脏骤停的主要诊断标准下列正确的是]]></desc><options><option><id>A</id><type>text</type><desc><![CDATA[突发意识丧失，伴大小便失禁]]></desc></option><option><id>B</id><type>text</type><desc><![CDATA[突发意识丧失，伴大动脉搏动消失]]></desc></option><option><id>C</id><type>text</type><desc><![CDATA[突发呼吸停止，瞳孔散大]]></desc></option><option><id>D</id><type>text</type><desc><![CDATA[突发意识丧失，面色苍白]]></desc></option><option><id>E</id><type>text</type><desc><![CDATA[突发意识丧失，伴血压下降]]></desc></option></options><answers><![CDATA[B]]></answers></question><question><type>1</type><format>text</format><desc><![CDATA[7.《2015美国心脏协会心肺复苏及心血管急救指南》非常强调胸外心脏按压的质量，儿童按压深度为]]></desc><options><option><id>A</id><type>text</type><desc><![CDATA[按压深度为胸部前后径的三分之一，大约3～4cm]]></desc></option><option><id>B</id><type>text</type><desc><![CDATA[按压深度为胸部前后径的三分之一，大约4～5cm]]></desc></option><option><id>C</id><type>text</type><desc><![CDATA[按压深度为胸部前后径的三分之一，大约5cm]]></desc></option><option><id>D</id><type>text</type><desc><![CDATA[按压深度为胸部前后径的三分之一，大约4cm]]></desc></option><option><id>E</id><type>text</type><desc><![CDATA[按压深度为胸部前后径的三分之一，大约2～3cm]]></desc></option></options><answers><![CDATA[C]]></answers></question><question><type>1</type><format>text</format><desc><![CDATA[8.成人胸外按压简单定位法是]]></desc><options><option><id>A</id><type>text</type><desc><![CDATA[两乳头连线交叉的胸骨上]]></desc></option><option><id>B</id><type>text</type><desc><![CDATA[胸骨上段]]></desc></option><option><id>C</id><type>text</type><desc><![CDATA[胸骨角]]></desc></option><option><id>D</id><type>text</type><desc><![CDATA[胸骨中段]]></desc></option><option><id>E</id><type>text</type><desc><![CDATA[胸骨下1/3段]]></desc></option></options><answers><![CDATA[A]]></answers></question><question><type>1</type><format>text</format><desc><![CDATA[9.《2015美国心脏协会心肺复苏及心血管急救指南》非常强调胸外心脏按压的质量，包括]]></desc><options><option><id>A</id><type>text</type><desc><![CDATA[按压速率100次/分，按压深度4～5cm]]></desc></option><option><id>B</id><type>text</type><desc><![CDATA[按压速率至少100次/分，按压深度4～5cm]]></desc></option><option><id>C</id><type>text</type><desc><![CDATA[按压速率100次/分，按压深度至少4cm]]></desc></option><option><id>D</id><type>text</type><desc><![CDATA[按压速率100～120次/分，按压深度5～6cm]]></desc></option><option><id>E</id><type>text</type><desc><![CDATA[按压速率100次/分，按压深度至少5cm]]></desc></option></options><answers><![CDATA[D]]></answers></question><question><type>1</type><format>html</format><desc><![CDATA[10.有关成人胸外按压，以下<u><b>错误</b></u>做法的是]]></desc><options><option><id>A</id><type>text</type><desc><![CDATA[将患者仰卧在坚实的平面或硬板上]]></desc></option><option><id>B</id><type>text</type><desc><![CDATA[两手掌根重叠，十指相扣，手指翘起]]></desc></option><option><id>C</id><type>text</type><desc><![CDATA[按压部位在胸骨的左侧]]></desc></option><option><id>D</id><type>text</type><desc><![CDATA[按压与放松时间相等]]></desc></option><option><id>E</id><type>text</type><desc><![CDATA[按压时手臂伸直]]></desc></option></options><answers><![CDATA[C]]></answers></question><question><type>1</type><format>text</format><desc><![CDATA[11.在现场对怀疑有颈部损伤的病人开放气道的方法是]]></desc><options><option><id>A</id><type>text</type><desc><![CDATA[仰头提颏法]]></desc></option><option><id>B</id><type>text</type><desc><![CDATA[推举下颌法]]></desc></option><option><id>C</id><type>text</type><desc><![CDATA[托颈法]]></desc></option><option><id>D</id><type>text</type><desc><![CDATA[压额抬颏法]]></desc></option><option><id>E</id><type>text</type><desc><![CDATA[仰头抬颌法]]></desc></option></options><answers><![CDATA[C]]></answers></question><question><type>1</type><format>text</format><desc><![CDATA[12.现场判断患者是否呼吸停止的方法是]]></desc><options><option><id>A</id><type>text</type><desc><![CDATA[听有没有呼吸音]]></desc></option><option><id>B</id><type>text</type><desc><![CDATA[看胸腹部有无起伏]]></desc></option><option><id>C</id><type>text</type><desc><![CDATA[用棉花放在鼻腔前看有无棉花的运动]]></desc></option><option><id>D</id><type>text</type><desc><![CDATA[趴在患者胸前感觉有无胸廓运动]]></desc></option><option><id>E</id><type>text</type><desc><![CDATA[看面色是否出现紫绀]]></desc></option></options><answers><![CDATA[B]]></answers></question><question><type>1</type><format>html</format><desc><![CDATA[13.人工呼吸下列操作<u><b>错误</b></u>的是]]></desc><options><option><id>A</id><type>text</type><desc><![CDATA[确保呼吸道通畅]]></desc></option><option><id>B</id><type>text</type><desc><![CDATA[送气越大越好]]></desc></option><option><id>C</id><type>text</type><desc><![CDATA[送气时，用眼睛余光看胸廓是否隆起]]></desc></option><option><id>D</id><type>text</type><desc><![CDATA[送气时间大约1秒]]></desc></option><option><id>E</id><type>text</type><desc><![CDATA[口对口人工呼吸送气时需捏住鼻子]]></desc></option></options><answers><![CDATA[B]]></answers></question><question><type>1</type><format>text</format><desc><![CDATA[14.在院外使用AED除颤后，正确的处理是]]></desc><options><option><id>A</id><type>text</type><desc><![CDATA[从评估呼吸开始心肺复苏]]></desc></option><option><id>B</id><type>text</type><desc><![CDATA[从除颤前继续进行心肺复苏]]></desc></option><option><id>C</id><type>text</type><desc><![CDATA[从人工呼吸开始心肺复苏]]></desc></option><option><id>D</id><type>text</type><desc><![CDATA[从评估脉搏开始心肺复苏]]></desc></option><option><id>E</id><type>text</type><desc><![CDATA[从按压开始进行心肺复苏]]></desc></option></options><answers><![CDATA[E]]></answers></question><question><type>1</type><format>text</format><desc><![CDATA[15.在使用AED时，如果提示不建议电击，正确的做法是]]></desc><options><option><id>A</id><type>text</type><desc><![CDATA[不采取任何措施]]></desc></option><option><id>B</id><type>text</type><desc><![CDATA[除去电极片]]></desc></option><option><id>C</id><type>text</type><desc><![CDATA[马上打电话通知医生]]></desc></option><option><id>D</id><type>text</type><desc><![CDATA[马上从胸外按压开始心肺复苏]]></desc></option><option><id>E</id><type>text</type><desc><![CDATA[重复使用AED，避免出现误报]]></desc></option></options><answers><![CDATA[D]]></answers></question><question><type>1</type><format>html</format><desc><![CDATA[16.海水溺水患者，以下应用<u><b>不妥</b></u>的药物是]]></desc><options><option><id>A</id><type>text</type><desc><![CDATA[氯化钠]]></desc></option><option><id>B</id><type>text</type><desc><![CDATA[血浆液体]]></desc></option><option><id>C</id><type>text</type><desc><![CDATA[5%葡萄糖]]></desc></option><option><id>D</id><type>text</type><desc><![CDATA[地塞米松]]></desc></option><option><id>E</id><type>text</type><desc><![CDATA[甘露醇]]></desc></option></options><answers><![CDATA[A<b></b>]]></answers></question><question><type>1</type><format>text</format><desc><![CDATA[17.溺水患者抢救工作中最重要的措施是]]></desc><options><option><id>A</id><type>text</type><desc><![CDATA[倒水处理]]></desc></option><option><id>B</id><type>text</type><desc><![CDATA[保持呼吸道通畅]]></desc></option><option><id>C</id><type>text</type><desc><![CDATA[心肺复苏]]></desc></option><option><id>D</id><type>text</type><desc><![CDATA[维持呼吸功能]]></desc></option><option><id>E</id><type>text</type><desc><![CDATA[迅速将淹溺者救出水面]]></desc></option></options><answers><![CDATA[C]]></answers></question><question><type>1</type><format>text</format><desc><![CDATA[18.治疗淡水淹溺者首选输入的药物是]]></desc><options><option><id>A</id><type>text</type><desc><![CDATA[5%GS]]></desc></option><option><id>B</id><type>text</type><desc><![CDATA[低分子右旋糖酐]]></desc></option><option><id>C</id><type>text</type><desc><![CDATA[地塞米松]]></desc></option><option><id>D</id><type>text</type><desc><![CDATA[氯化钠]]></desc></option><option><id>E</id><type>text</type><desc><![CDATA[10%GS]]></desc></option></options><answers><![CDATA[D]]></answers></question><question><type>1</type><format>text</format><desc><![CDATA[19.干性淹溺引起溺死的主要原因是]]></desc><options><option><id>A</id><type>text</type><desc><![CDATA[喉痉挛引起窒息]]></desc></option><option><id>B</id><type>text</type><desc><![CDATA[水进入呼吸道，引起窒息]]></desc></option><option><id>C</id><type>text</type><desc><![CDATA[泥沙进入呼吸道，引起窒息]]></desc></option><option><id>D</id><type>text</type><desc><![CDATA[人在水中挣扎，耗氧量增加，加重缺氧，引起心脏停搏]]></desc></option><option><id>E</id><type>text</type><desc><![CDATA[水进入肺内，引起窒息]]></desc></option></options><answers><![CDATA[A]]></answers></question><question><type>1</type><format>html</format><desc><![CDATA[20.关于淡水淹溺的病理生理变化，下列<u><b>不正确</b></u>的是]]></desc><options><option><id>A</id><type>text</type><desc><![CDATA[血容量增加]]></desc></option><option><id>B</id><type>text</type><desc><![CDATA[低钠血症]]></desc></option><option><id>C</id><type>text</type><desc><![CDATA[高氯血症]]></desc></option><option><id>D</id><type>text</type><desc><![CDATA[低蛋白血症]]></desc></option><option><id>E</id><type>text</type><desc><![CDATA[高钾血症]]></desc></option></options><answers><![CDATA[C]]></answers></question><question><type>1</type><format>html</format><desc><![CDATA[21.海水淹溺<u><b>不会</b></u>引起]]></desc><options><option><id>A</id><type>text</type><desc><![CDATA[低蛋白血症]]></desc></option><option><id>B</id><type>text</type><desc><![CDATA[高镁血症]]></desc></option><option><id>C</id><type>text</type><desc><![CDATA[高钙血症]]></desc></option><option><id>D</id><type>text</type><desc><![CDATA[急性肺水肿]]></desc></option><option><id>E</id><type>text</type><desc><![CDATA[血液稀释]]></desc></option></options><answers><![CDATA[E]]></answers></question><question><type>1</type><format>text</format><desc><![CDATA[22.关于触电的现场救护，下列正确的做法是]]></desc><options><option><id>A</id><type>text</type><desc><![CDATA[立即将触电者拉离电源]]></desc></option><option><id>B</id><type>text</type><desc><![CDATA[先断开电源，再接触触电者]]></desc></option><option><id>C</id><type>text</type><desc><![CDATA[如不能断开电源，应先将患者拉开]]></desc></option><option><id>D</id><type>text</type><desc><![CDATA[不能断开电源，可用身边物品将电源挑开]]></desc></option><option><id>E</id><type>text</type><desc><![CDATA[等待救护人员]]></desc></option></options><answers><![CDATA[B]]></answers></question><question><type>1</type><format>text</format><desc><![CDATA[23.电流对机体的伤害和引起的病理改变极为复杂，但其主要的发病机制是]]></desc><options><option><id>A</id><type>text</type><desc><![CDATA[组织缺氧]]></desc></option><option><id>B</id><type>text</type><desc><![CDATA[烧伤]]></desc></option><option><id>C</id><type>text</type><desc><![CDATA[炎症性反应]]></desc></option><option><id>D</id><type>text</type><desc><![CDATA[组织充血、水肿]]></desc></option><option><id>E</id><type>text</type><desc><![CDATA[溃疡]]></desc></option></options><answers><![CDATA[A]]></answers></question><question><type>1</type><format>text</format><desc><![CDATA[24.电流击伤对人的致命作用是]]></desc><options><option><id>A</id><type>text</type><desc><![CDATA[引起心室颤动]]></desc></option><option><id>B</id><type>text</type><desc><![CDATA[诱发心动过速]]></desc></option><option><id>C</id><type>text</type><desc><![CDATA[导致心室血流减慢]]></desc></option><option><id>D</id><type>text</type><desc><![CDATA[造成心肌缺血]]></desc></option><option><id>E</id><type>text</type><desc><![CDATA[急性肾损伤]]></desc></option></options><answers><![CDATA[A]]></answers></question><question><type>1</type><format>html</format><desc><![CDATA[25.触电局部损伤特点的描述<u><b>不正确</b></u>的是]]></desc><options><option><id>A</id><type>text</type><desc><![CDATA[低压电损伤创面与健康皮肤分界清楚]]></desc></option><option><id>B</id><type>text</type><desc><![CDATA[创面可见大小不等的水泡]]></desc></option><option><id>C</id><type>text</type><desc><![CDATA[创面焦黄或灰白色]]></desc></option><option><id>D</id><type>text</type><desc><![CDATA[体表伤口越大，深部组织损伤也往往越重]]></desc></option><option><id>E</id><type>text</type><desc><![CDATA[严重的触电可发生肌肉甚至骨骼碳化]]></desc></option></options><answers><![CDATA[B]]></answers></question><question><type>1</type><format>html</format><desc><![CDATA[26.电击对人体造成的伤害严重程度<u><b>无关</b></u>的因素是]]></desc><options><option><id>A</id><type>text</type><desc><![CDATA[电流大小]]></desc></option><option><id>B</id><type>text</type><desc><![CDATA[电流频率]]></desc></option><option><id>C</id><type>text</type><desc><![CDATA[能量蓄积量]]></desc></option><option><id>D</id><type>text</type><desc><![CDATA[通电时间]]></desc></option><option><id>E</id><type>text</type><desc><![CDATA[电流途径]]></desc></option></options><answers><![CDATA[C]]></answers></question><question><type>1</type><format>html</format><desc><![CDATA[27.以下哪项<u><b>不是</b></u>轻型触电的表现]]></desc><options><option><id>A</id><type>text</type><desc><![CDATA[精神紧张]]></desc></option><option><id>B</id><type>text</type><desc><![CDATA[惊恐]]></desc></option><option><id>C</id><type>text</type><desc><![CDATA[面色苍白]]></desc></option><option><id>D</id><type>text</type><desc><![CDATA[呼吸心跳加速]]></desc></option><option><id>E</id><type>text</type><desc><![CDATA[肢体抽搐]]></desc></option></options><answers><![CDATA[E]]></answers></question><question><type>1</type><format>html</format><desc><![CDATA[28.以下影响触电严重程度的陈述，<u><b>不正确</b></u>是]]></desc><options><option><id>A</id><type>text</type><desc><![CDATA[电流强度越强，对人体损害性越大]]></desc></option><option><id>B</id><type>text</type><desc><![CDATA[电压越高，产生电流就越大，对人体的损害也越重]]></desc></option><option><id>C</id><type>text</type><desc><![CDATA[电阻越大，组织损害越严重]]></desc></option><option><id>D</id><type>text</type><desc><![CDATA[凡电流流经心脏、脑干或脊髓者，均可导致严重后果]]></desc></option><option><id>E</id><type>text</type><desc><![CDATA[电流通过人体时间越长，机体受损越严重]]></desc></option></options><answers><![CDATA[C]]></answers></question><question><type>1</type><format>text</format><desc><![CDATA[29.触电处理创面时，局部坏死组织与周围健康组织应分界清楚，伤后及时切除焦痂的时间是]]></desc><options><option><id>A</id><type>text</type><desc><![CDATA[3～6天]]></desc></option><option><id>B</id><type>text</type><desc><![CDATA[4～6天]]></desc></option><option><id>C</id><type>text</type><desc><![CDATA[6～8天]]></desc></option><option><id>D</id><type>text</type><desc><![CDATA[2～4天]]></desc></option><option><id>E</id><type>text</type><desc><![CDATA[5～7天]]></desc></option></options><answers><![CDATA[A]]></answers></question><question><type>1</type><format>text</format><desc><![CDATA[30.已适应高温环境的青壮年在剧烈体力劳动后大量排汗而自觉口渴，大量饮水而盐分补充不足时发病，主要表现为腓肠肌痉挛性疼痛，被称为]]></desc><options><option><id>A</id><type>text</type><desc><![CDATA[热痉挛]]></desc></option><option><id>B</id><type>text</type><desc><![CDATA[热衰竭]]></desc></option><option><id>C</id><type>text</type><desc><![CDATA[日射病]]></desc></option><option><id>D</id><type>text</type><desc><![CDATA[热射病]]></desc></option><option><id>E</id><type>text</type><desc><![CDATA[稀释性低钠血症]]></desc></option></options><answers><![CDATA[A]]></answers></question><question><type>1</type><format>text</format><desc><![CDATA[31.重度中暑时降温要求在几时间内使直肠温度降至38℃左右]]></desc><options><option><id>A</id><type>text</type><desc><![CDATA[15分钟]]></desc></option><option><id>B</id><type>text</type><desc><![CDATA[30分钟]]></desc></option><option><id>C</id><type>text</type><desc><![CDATA[1小时]]></desc></option><option><id>D</id><type>text</type><desc><![CDATA[1.5小时]]></desc></option><option><id>E</id><type>text</type><desc><![CDATA[2小时]]></desc></option></options><answers><![CDATA[C]]></answers></question><question><type>1</type><format>text</format><desc><![CDATA[32.体内降温时，可经以下哪条动脉用4(10℃的5%葡萄糖盐水1000ml向心性注入患者体内]]></desc><options><option><id>A</id><type>text</type><desc><![CDATA[颈总动脉]]></desc></option><option><id>B</id><type>text</type><desc><![CDATA[肱动脉]]></desc></option><option><id>C</id><type>text</type><desc><![CDATA[股动脉]]></desc></option><option><id>D</id><type>text</type><desc><![CDATA[桡动脉]]></desc></option><option><id>E</id><type>text</type><desc><![CDATA[锁骨下动脉]]></desc></option></options><answers><![CDATA[C]]></answers></question></questions><questions><instructions><![CDATA[A2型题]]></instructions><question><type>1</type><format>text</format><desc><![CDATA[1.李先生，66岁，有高血压病史30余年，一日饱餐后在散步过程中出现意识丧失，请问非专业人员如果要判断是否发生了心搏骤停，这时需要检查]]></desc><options><option><id>A</id><type>text</type><desc><![CDATA[血压]]></desc></option><option><id>B</id><type>text</type><desc><![CDATA[瞳孔]]></desc></option><option><id>C</id><type>text</type><desc><![CDATA[脉搏]]></desc></option><option><id>D</id><type>text</type><desc><![CDATA[呼吸]]></desc></option><option><id>E</id><type>text</type><desc><![CDATA[运动]]></desc></option></options><answers><![CDATA[D]]></answers></question><question><type>1</type><format>text</format><desc><![CDATA[2.患者,男性,32 岁，在海里游泳时发生溺水，现场抢救成功后送医院继续治疗，护士应遵医嘱给予患者输注的液体是]]></desc><options><option><id>A</id><type>text</type><desc><![CDATA[生理盐水]]></desc></option><option><id>B</id><type>text</type><desc><![CDATA[5%葡萄糖溶液]]></desc></option><option><id>C</id><type>text</type><desc><![CDATA[全血]]></desc></option><option><id>D</id><type>text</type><desc><![CDATA[5%碳酸氢钠溶液]]></desc></option><option><id>E</id><type>text</type><desc><![CDATA[20% 甘露醇]]></desc></option></options><answers><![CDATA[B]]></answers></question><question><type>1</type><format>text</format><desc><![CDATA[3.患者,男性,18 岁,在游泳时因腿部痉挛发生溺水，在现场倒水最简单的方法是]]></desc><options><option><id>A</id><type>text</type><desc><![CDATA[抓住患者的双腿,头朝下]]></desc></option><option><id>B</id><type>text</type><desc><![CDATA[抱起患者的腰部，使其背部向上，头下垂]]></desc></option><option><id>C</id><type>text</type><desc><![CDATA[抱起患者的腰部,使其腹部向上，头后仰]]></desc></option><option><id>D</id><type>text</type><desc><![CDATA[让患者平卧]]></desc></option><option><id>E</id><type>text</type><desc><![CDATA[让患者侧卧]]></desc></option></options><answers><![CDATA[B]]></answers></question><question><type>1</type><format>text</format><desc><![CDATA[4.患者，男性，32岁，在农作时不小心误入高压电线落地点的附近内。该农民容易发生哪种触电]]></desc><options><option><id>A</id><type>text</type><desc><![CDATA[单项触电]]></desc></option><option><id>B</id><type>text</type><desc><![CDATA[二项触电]]></desc></option><option><id>C</id><type>text</type><desc><![CDATA[交流电触电]]></desc></option><option><id>D</id><type>text</type><desc><![CDATA[直流电触电]]></desc></option><option><id>E</id><type>text</type><desc><![CDATA[跨步电压触电]]></desc></option></options><answers><![CDATA[E]]></answers></question><question><type>1</type><format>text</format><desc><![CDATA[5.患者,男性，36岁在烈日下工作2h后，出现头昏、头痛、口渴、多汗、全身疲乏、心悸、注意力不集中、动作不协调等症状，BP90/60mmHg，此时最佳的处理措施为]]></desc><options><option><id>A</id><type>text</type><desc><![CDATA[立即将患者搬离高温环境到通风阴凉处休]]></desc></option><option><id>B</id><type>text</type><desc><![CDATA[冰水浸浴30min]]></desc></option><option><id>C</id><type>text</type><desc><![CDATA[口服大量清凉饮料]]></desc></option><option><id>D</id><type>text</type><desc><![CDATA[静脉滴注葡萄糖盐水]]></desc></option><option><id>E</id><type>text</type><desc><![CDATA[快速静脉滴入甘露醇]]></desc></option></options><answers><![CDATA[A]]></answers></question><question><type>1</type><format>text</format><desc><![CDATA[6.患者,男性，54岁，乏力、头晕、注意力不集中、眼花、耳鸣、四肢乏力、心悸胸闷等，体温不超过38℃，属于]]></desc><options><option><id>A</id><type>text</type><desc><![CDATA[轻度中暑]]></desc></option><option><id>B</id><type>text</type><desc><![CDATA[重度中暑]]></desc></option><option><id>C</id><type>text</type><desc><![CDATA[先兆中暑]]></desc></option><option><id>D</id><type>text</type><desc><![CDATA[热射病]]></desc></option><option><id>E</id><type>text</type><desc><![CDATA[中暑衰竭]]></desc></option></options><answers><![CDATA[C]]></answers></question><question><type>1</type><format>text</format><desc><![CDATA[7.患者,男性，36岁，在高温、高湿环境下工作3h后，出现头痛、头昏，随即出现嗜睡、颜面潮红、皮肤干燥无汗、脉搏细数、体温升高至40.5℃，BP80/50mmHg，即到医院急诊室，应考虑患者发生了哪种情况]]></desc><options><option><id>A</id><type>text</type><desc><![CDATA[急性中毒]]></desc></option><option><id>B</id><type>text</type><desc><![CDATA[重度中暑]]></desc></option><option><id>C</id><type>text</type><desc><![CDATA[脑血管意外]]></desc></option><option><id>D</id><type>text</type><desc><![CDATA[脑瘤]]></desc></option><option><id>E</id><type>text</type><desc><![CDATA[脑炎]]></desc></option></options><answers><![CDATA[B]]></answers></question><question><type>1</type><format>text</format><desc><![CDATA[8.患者,男性，56岁，建筑工人，在高温闷热的夏天室外工作，近日出现全身乏力，继而体温升高，有时可达40度以上，并出现皮肤干热，无汗、谵妄和抽搐，脉搏加快，血压下降，呼吸浅速等表现，来急诊室就诊，考虑可能是热射病（中暑高热）。患者的病室应保持室温在]]></desc><options><option><id>A</id><type>text</type><desc><![CDATA[18～20℃]]></desc></option><option><id>B</id><type>text</type><desc><![CDATA[20～22℃]]></desc></option><option><id>C</id><type>text</type><desc><![CDATA[22～26℃]]></desc></option><option><id>D</id><type>text</type><desc><![CDATA[20～25℃]]></desc></option><option><id>E</id><type>text</type><desc><![CDATA[18～22℃]]></desc></option></options><answers><![CDATA[D]]></answers></question></questions><questions><instructions><![CDATA[A3/A4题型]]></instructions><question><type>3</type><format>text</format><desc><![CDATA[1.患儿5岁，与同伴玩耍时失足落水，10分钟后被人发现救起，出水后检查不到呼吸，但可触摸到颈总动脉搏动]]></desc><children><question><type>3</type><format>text</format><desc><![CDATA[（1）该患儿确切诊断为]]></desc><options><option><id>A</id><type>text</type><desc><![CDATA[溺水]]></desc></option><option><id>B</id><type>text</type><desc><![CDATA[近乎淹溺]]></desc></option><option><id>C</id><type>text</type><desc><![CDATA[溺死]]></desc></option><option><id>D</id><type>text</type><desc><![CDATA[猝死]]></desc></option><option><id>E</id><type>text</type><desc><![CDATA[窒息]]></desc></option></options><answers><![CDATA[B]]></answers></question><question><type>3</type><format>text</format><desc><![CDATA[（2）出水后首要的救护措施是]]></desc><options><option><id>A</id><type>text</type><desc><![CDATA[保持气道的通畅]]></desc></option><option><id>B</id><type>text</type><desc><![CDATA[心脏按压]]></desc></option><option><id>C</id><type>text</type><desc><![CDATA[复温]]></desc></option><option><id>D</id><type>text</type><desc><![CDATA[静脉输液]]></desc></option><option><id>E</id><type>text</type><desc><![CDATA[心理护理]]></desc></option></options><answers><![CDATA[A]]></answers></question></children></question><question><type>3</type><format>text</format><desc><![CDATA[2.患者，男性，18岁。在江边游泳时不慎溺水，抢救出水后，发现心跳，呼吸已停]]></desc><children><question><type>3</type><format>html</format><desc><![CDATA[（1）<u><b>不属于</b></u>现场救护的是]]></desc><options><option><id>A</id><type>text</type><desc><![CDATA[将患者救离水面]]></desc></option><option><id>B</id><type>text</type><desc><![CDATA[保持呼吸道通畅]]></desc></option><option><id>C</id><type>text</type><desc><![CDATA[倒水处理]]></desc></option><option><id>D</id><type>text</type><desc><![CDATA[保温]]></desc></option><option><id>E</id><type>text</type><desc><![CDATA[心肺复苏]]></desc></option></options><answers><![CDATA[D]]></answers></question><question><type>3</type><format>html</format><desc><![CDATA[（2）如心肺复苏有效，以下哪项<u><b>不符合</b></u>急救措施是]]></desc><options><option><id>A</id><type>text</type><desc><![CDATA[静脉滴注2%～3%氯化钠]]></desc></option><option><id>B</id><type>text</type><desc><![CDATA[输入全血]]></desc></option><option><id>C</id><type>text</type><desc><![CDATA[输人红细胞]]></desc></option><option><id>D</id><type>text</type><desc><![CDATA[皮质激素和脱水剂防止脑水肿]]></desc></option><option><id>E</id><type>text</type><desc><![CDATA[不宜注射盐水]]></desc></option></options><answers><![CDATA[E]]></answers></question></children></question><question><type>3</type><format>text</format><desc><![CDATA[3.患者,男性，32岁，不慎跌人池塘后，由于水、泥沙、杂草等堵塞呼吸道，造成窒息心脏骤停。]]></desc><children><question><type>3</type><format>text</format><desc><![CDATA[（1）该患者的淹溺类型是]]></desc><options><option><id>A</id><type>text</type><desc><![CDATA[干性淹溺和淡水淹溺]]></desc></option><option><id>B</id><type>text</type><desc><![CDATA[湿性淹溺和淡水淹溺]]></desc></option><option><id>C</id><type>text</type><desc><![CDATA[干性淹溺和海水淹溺]]></desc></option><option><id>D</id><type>text</type><desc><![CDATA[湿性淹溺和海水淹溺]]></desc></option><option><id>E</id><type>text</type><desc><![CDATA[窒息]]></desc></option></options><answers><![CDATA[B]]></answers></question><question><type>3</type><format>text</format><desc><![CDATA[（2）将该患者救离出水后，采取的首要措施是]]></desc><options><option><id>A</id><type>text</type><desc><![CDATA[给予保暖]]></desc></option><option><id>B</id><type>text</type><desc><![CDATA[倒水处理]]></desc></option><option><id>C</id><type>text</type><desc><![CDATA[心肺复苏]]></desc></option><option><id>D</id><type>text</type><desc><![CDATA[预防脑水肿]]></desc></option><option><id>E</id><type>text</type><desc><![CDATA[纠正血容量]]></desc></option></options><answers><![CDATA[C]]></answers></question><question><type>3</type><format>html</format><desc><![CDATA[（3）患者心肿复苏成功后，送医院继续治疗，护上观察病情，<u><b>不属于</b></u>淹溺并发症的是]]></desc><options><option><id>A</id><type>text</type><desc><![CDATA[脑水肿]]></desc></option><option><id>B</id><type>text</type><desc><![CDATA[肺水肿]]></desc></option><option><id>C</id><type>text</type><desc><![CDATA[急性呼吸窘迫综合征]]></desc></option><option><id>D</id><type>text</type><desc><![CDATA[急性肾衰竭]]></desc></option><option><id>E</id><type>text</type><desc><![CDATA[低蛋白血症]]></desc></option></options><answers><![CDATA[E<b></b>]]></answers></question></children></question><question><type>3</type><format>text</format><desc><![CDATA[4.患者,男性,60岁，在太阳下暴晒1小时后出现出现胸闷气短、面色苍白及昏厥症状。查体T37.9℃，BP110/60mmHg，P,120次/min,R 20次/min.患者有10年糖尿病史。]]></desc><children><question><type>3</type><format>text</format><desc><![CDATA[（1）该患者确切诊断为]]></desc><options><option><id>A</id><type>text</type><desc><![CDATA[轻度中暑]]></desc></option><option><id>B</id><type>text</type><desc><![CDATA[中暑衰竭]]></desc></option><option><id>C</id><type>text</type><desc><![CDATA[中暑痉挛]]></desc></option><option><id>D</id><type>text</type><desc><![CDATA[中暑高热]]></desc></option><option><id>E</id><type>text</type><desc><![CDATA[热射病]]></desc></option></options><answers><![CDATA[A]]></answers></question><question><type>3</type><format>text</format><desc><![CDATA[（2）该患者病室最佳温度为]]></desc><options><option><id>A</id><type>text</type><desc><![CDATA[15～25℃]]></desc></option><option><id>B</id><type>text</type><desc><![CDATA[20～25℃]]></desc></option><option><id>C</id><type>text</type><desc><![CDATA[22～27℃]]></desc></option><option><id>D</id><type>text</type><desc><![CDATA[25～30℃]]></desc></option><option><id>E</id><type>text</type><desc><![CDATA[23～28℃]]></desc></option></options><answers><![CDATA[D]]></answers></question><question><type>3</type><format>text</format><desc><![CDATA[（3）以下哪项指标是首要监测指标]]></desc><options><option><id>A</id><type>text</type><desc><![CDATA[心率]]></desc></option><option><id>B</id><type>text</type><desc><![CDATA[血压]]></desc></option><option><id>C</id><type>text</type><desc><![CDATA[体温]]></desc></option><option><id>D</id><type>text</type><desc><![CDATA[呼吸]]></desc></option><option><id>E</id><type>text</type><desc><![CDATA[意识]]></desc></option></options><answers><![CDATA[C]]></answers></question><question><type>3</type><format>text</format><desc><![CDATA[（4）如果在救护过程中患者病情恶化，体温超过41℃以上，在降温过程中应如何进行有效监测]]></desc><options><option><id>A</id><type>text</type><desc><![CDATA[每隔5～15min监测一次腋温]]></desc></option><option><id>B</id><type>text</type><desc><![CDATA[每隔5～15min监测一次肛温]]></desc></option><option><id>C</id><type>text</type><desc><![CDATA[每隔5～15min监测一次口温]]></desc></option><option><id>D</id><type>text</type><desc><![CDATA[每隔15～30min监测一次腋温]]></desc></option><option><id>E</id><type>text</type><desc><![CDATA[每隔15～30min监测一次肛温]]></desc></option></options><answers><![CDATA[E]]></answers></question><question><type>3</type><format>html</format><desc><![CDATA[（5）以下救护措施哪项<u><b>不合适</b></u>]]></desc><options><option><id>A</id><type>text</type><desc><![CDATA[立即将患者转移到阴凉处]]></desc></option><option><id>B</id><type>text</type><desc><![CDATA[口服冰盐水]]></desc></option><option><id>C</id><type>text</type><desc><![CDATA[冰水擦浴]]></desc></option><option><id>D</id><type>text</type><desc><![CDATA[冰水浸浴]]></desc></option><option><id>E</id><type>text</type><desc><![CDATA[静脉补液]]></desc></option></options><answers><![CDATA[D]]></answers></question></children></question><question><type>3</type><format>text</format><desc><![CDATA[5.某一电业工人在抢修电路时不慎触电]]></desc><children><question><type>3</type><format>text</format><desc><![CDATA[（1）请问在现场首先要做的是]]></desc><options><option><id>A</id><type>text</type><desc><![CDATA[脱离电源]]></desc></option><option><id>B</id><type>text</type><desc><![CDATA[胸外按压]]></desc></option><option><id>C</id><type>text</type><desc><![CDATA[人工呼吸]]></desc></option><option><id>D</id><type>text</type><desc><![CDATA[电除颤]]></desc></option><option><id>E</id><type>text</type><desc><![CDATA[报警]]></desc></option></options><answers><![CDATA[A]]></answers></question><question><type>3</type><format>text</format><desc><![CDATA[（2）下一步的处理是]]></desc><options><option><id>A</id><type>text</type><desc><![CDATA[送往医院]]></desc></option><option><id>B</id><type>text</type><desc><![CDATA[评估伤病员病情，根据病情采取相对应的措施]]></desc></option><option><id>C</id><type>text</type><desc><![CDATA[拨打急救电话]]></desc></option><option><id>D</id><type>text</type><desc><![CDATA[立即心脏复苏]]></desc></option><option><id>E</id><type>text</type><desc><![CDATA[寻找病人家属]]></desc></option></options><answers><![CDATA[B]]></answers></question></children></question></questions></exam>