﻿<?xml version="1.0" encoding="UTF-8"?><exam><id>20181024224334</id><questions><instructions><![CDATA[A1型题]]></instructions><question><type>1</type><format>text</format><desc><![CDATA[1.灾难医学救援不可缺少的重要力量是]]></desc><options><option><id>A</id><type>text</type><desc><![CDATA[组织的管理]]></desc></option><option><id>B</id><type>text</type><desc><![CDATA[护理人员]]></desc></option><option><id>C</id><type>text</type><desc><![CDATA[教学培训]]></desc></option><option><id>D</id><type>text</type><desc><![CDATA[国际合作]]></desc></option><option><id>E</id><type>text</type><desc><![CDATA[科研人员]]></desc></option></options><answers><![CDATA[B]]></answers></question><question><type>1</type><format>html</format><desc><![CDATA[2.准确的灾难需求评估的内容<u><b>不包括</b></u>]]></desc><options><option><id>A</id><type>text</type><desc><![CDATA[生命线服务的受损程度]]></desc></option><option><id>B</id><type>text</type><desc><![CDATA[灾区的灾难应对能力]]></desc></option><option><id>C</id><type>text</type><desc><![CDATA[应对灾难时的适应能力]]></desc></option><option><id>D</id><type>text</type><desc><![CDATA[整体公共卫生状况]]></desc></option><option><id>E</id><type>text</type><desc><![CDATA[伤员的数量]]></desc></option></options><answers><![CDATA[A]]></answers></question><question><type>1</type><format>html</format><desc><![CDATA[3.灾难致伤的检伤分类环节<u><b>不包括</b></u>]]></desc><options><option><id>A</id><type>text</type><desc><![CDATA[收容分类]]></desc></option><option><id>B</id><type>text</type><desc><![CDATA[救治分类]]></desc></option><option><id>C</id><type>text</type><desc><![CDATA[后送分类]]></desc></option><option><id>D</id><type>text</type><desc><![CDATA[转运分类]]></desc></option><option><id>E</id><type>text</type><desc><![CDATA[现场分类]]></desc></option></options><answers><![CDATA[E]]></answers></question><question><type>1</type><format>html</format><desc><![CDATA[4.采用救护车转运伤员时，<u><b>不正确</b></u>的措施是]]></desc><options><option><id>A</id><type>text</type><desc><![CDATA[将伤员身体固定在平车上，避免剧烈震荡造成再损伤]]></desc></option><option><id>B</id><type>text</type><desc><![CDATA[转运途中加强对重伤员并发症的监测和预防]]></desc></option><option><id>C</id><type>text</type><desc><![CDATA[上下坡时保持伤员头低位，保证脑血流灌注]]></desc></option><option><id>D</id><type>text</type><desc><![CDATA[确保留置管道的固定，防止脱落]]></desc></option><option><id>E</id><type>text</type><desc><![CDATA[救护车转运适合短距离转运]]></desc></option></options><answers><![CDATA[C]]></answers></question><question><type>1</type><format>text</format><desc><![CDATA[5.应用START程序对灾难伤员进行检伤的步骤是]]></desc><options><option><id>A</id><type>text</type><desc><![CDATA[呼吸检查-清醒程度检查-血液循环检查-行动检查]]></desc></option><option><id>B</id><type>text</type><desc><![CDATA[清醒程度检查-行动检查-呼吸检查-血液循环检查]]></desc></option><option><id>C</id><type>text</type><desc><![CDATA[行动检查-呼吸检查-血液循环检查-清醒程度检查]]></desc></option><option><id>D</id><type>text</type><desc><![CDATA[血液循环检查-清醒程度检查-行动检查-呼吸检查]]></desc></option><option><id>E</id><type>text</type><desc><![CDATA[呼吸检查-血液循环检查-行动检查-清醒程度检查]]></desc></option></options><answers><![CDATA[C]]></answers></question><question><type>1</type><format>text</format><desc><![CDATA[6.下列具备灾后伤员暂缓后送指征的是]]></desc><options><option><id>A</id><type>text</type><desc><![CDATA[手术后伤情已稳定]]></desc></option><option><id>B</id><type>text</type><desc><![CDATA[休克症状未纠正]]></desc></option><option><id>C</id><type>text</type><desc><![CDATA[伤情变化已处置]]></desc></option><option><id>D</id><type>text</type><desc><![CDATA[骨折已固定]]></desc></option><option><id>E</id><type>text</type><desc><![CDATA[体温38.3℃]]></desc></option></options><answers><![CDATA[B]]></answers></question><question><type>1</type><format>text</format><desc><![CDATA[7.下列灾难致伤的检伤分类中，应给予黑色标志的是]]></desc><options><option><id>A</id><type>text</type><desc><![CDATA[非常严重的创伤，但及时治疗有生存机会]]></desc></option><option><id>B</id><type>text</type><desc><![CDATA[可自行走动及没有严重创伤，可延迟处理]]></desc></option><option><id>C</id><type>text</type><desc><![CDATA[无可救治的创伤]]></desc></option><option><id>D</id><type>text</type><desc><![CDATA[有重大的创伤，但短暂等候不会危及生命]]></desc></option><option><id>E</id><type>text</type><desc><![CDATA[脑挫裂伤患者]]></desc></option></options><answers><![CDATA[C]]></answers></question><question><type>1</type><format>text</format><desc><![CDATA[8.行动检查时，能行动自如的伤者应被分到]]></desc><options><option><id>A</id><type>text</type><desc><![CDATA[红区]]></desc></option><option><id>B</id><type>text</type><desc><![CDATA[黄色]]></desc></option><option><id>C</id><type>text</type><desc><![CDATA[绿色]]></desc></option><option><id>D</id><type>text</type><desc><![CDATA[黑色]]></desc></option><option><id>E</id><type>text</type><desc><![CDATA[蓝色]]></desc></option></options><answers><![CDATA[C]]></answers></question><question><type>1</type><format>html</format><desc><![CDATA[9.下列<u><b>不属于</b></u>救护车转运特点的是]]></desc><options><option><id>A</id><type>text</type><desc><![CDATA[能够对伤员进行基本生命体征监护]]></desc></option><option><id>B</id><type>text</type><desc><![CDATA[适合伤员长途转运]]></desc></option><option><id>C</id><type>text</type><desc><![CDATA[容易实施]]></desc></option><option><id>D</id><type>text</type><desc><![CDATA[对道路的要求较高]]></desc></option><option><id>E</id><type>text</type><desc><![CDATA[适合短途转运]]></desc></option></options><answers><![CDATA[B]]></answers></question><question><type>1</type><format>html</format><desc><![CDATA[10.灾难致伤的检伤内容<u><b>不包括</b></u>]]></desc><options><option><id>A</id><type>text</type><desc><![CDATA[行动检查]]></desc></option><option><id>B</id><type>text</type><desc><![CDATA[呼吸检查]]></desc></option><option><id>C</id><type>text</type><desc><![CDATA[血液循环检查]]></desc></option><option><id>D</id><type>text</type><desc><![CDATA[免疫系统检查]]></desc></option><option><id>E</id><type>text</type><desc><![CDATA[清醒程度检查]]></desc></option></options><answers><![CDATA[D]]></answers></question><question><type>1</type><format>html</format><desc><![CDATA[11.下列关于地震灾害伤员的紧急医疗救援，哪项技术原则是<u><b>错误</b></u>的]]></desc><options><option><id>A</id><type>text</type><desc><![CDATA[先“抢”后“救”]]></desc></option><option><id>B</id><type>text</type><desc><![CDATA[准确伤员分类]]></desc></option><option><id>C</id><type>text</type><desc><![CDATA[连续监护中后送]]></desc></option><option><id>D</id><type>text</type><desc><![CDATA[早期清创、一期缝合]]></desc></option><option><id>E</id><type>text</type><desc><![CDATA[先救活人，后处置遗体]]></desc></option></options><answers><![CDATA[D]]></answers></question><question><type>1</type><format>text</format><desc><![CDATA[12.溺水者被救上岸以后首先应对其进行]]></desc><options><option><id>A</id><type>text</type><desc><![CDATA[人工呼吸]]></desc></option><option><id>B</id><type>text</type><desc><![CDATA[心肺复苏]]></desc></option><option><id>C</id><type>text</type><desc><![CDATA[清除口、鼻中杂物]]></desc></option><option><id>D</id><type>text</type><desc><![CDATA[胸外心脏按摩]]></desc></option><option><id>E</id><type>text</type><desc><![CDATA[倒水]]></desc></option></options><answers><![CDATA[C]]></answers></question><question><type>1</type><format>html</format><desc><![CDATA[13.灾难事件的主要特征<u><b>不正确</b></u>的是]]></desc><options><option><id>A</id><type>text</type><desc><![CDATA[突发性和不确定性]]></desc></option><option><id>B</id><type>text</type><desc><![CDATA[紧急性]]></desc></option><option><id>C</id><type>text</type><desc><![CDATA[威胁性]]></desc></option><option><id>D</id><type>text</type><desc><![CDATA[客观规律性]]></desc></option><option><id>E</id><type>text</type><desc><![CDATA[多范畴性]]></desc></option></options><answers><![CDATA[D]]></answers></question><question><type>1</type><format>text</format><desc><![CDATA[14.临时检伤分类的核心是]]></desc><options><option><id>A</id><type>text</type><desc><![CDATA[保证伤员安全]]></desc></option><option><id>B</id><type>text</type><desc><![CDATA[确保伤员肢体完整]]></desc></option><option><id>C</id><type>text</type><desc><![CDATA[挽救伤员生命]]></desc></option><option><id>D</id><type>text</type><desc><![CDATA[及时处理伤员伤口]]></desc></option><option><id>E</id><type>text</type><desc><![CDATA[确保所有的伤员都能得到救治]]></desc></option></options><answers><![CDATA[C]]></answers></question><question><type>1</type><format>text</format><desc><![CDATA[15.批量伤员进行检伤分类的目的是]]></desc><options><option><id>A</id><type>text</type><desc><![CDATA[明确伤情]]></desc></option><option><id>B</id><type>text</type><desc><![CDATA[明确伤类]]></desc></option><option><id>C</id><type>text</type><desc><![CDATA[明确伤型]]></desc></option><option><id>D</id><type>text</type><desc><![CDATA[确定救治及后送次序]]></desc></option><option><id>E</id><type>text</type><desc><![CDATA[便于分级救治]]></desc></option></options><answers><![CDATA[D]]></answers></question><question><type>1</type><format>text</format><desc><![CDATA[16.属于灾难现场检伤分类标准第三优先的伤员是]]></desc><options><option><id>A</id><type>text</type><desc><![CDATA[重型颅脑损伤]]></desc></option><option><id>B</id><type>text</type><desc><![CDATA[多发性骨折]]></desc></option><option><id>C</id><type>text</type><desc><![CDATA[严重烧伤]]></desc></option><option><id>D</id><type>text</type><desc><![CDATA[椎骨受伤（除颈椎之外）]]></desc></option><option><id>E</id><type>text</type><desc><![CDATA[<20%的浅二度烧伤，且不伤及外生殖器]]></desc></option></options><answers><![CDATA[E]]></answers></question><question><type>1</type><format>text</format><desc><![CDATA[17.伤员分检准确的前提是]]></desc><options><option><id>A</id><type>text</type><desc><![CDATA[提高分检速度]]></desc></option><option><id>B</id><type>text</type><desc><![CDATA[提高准确率]]></desc></option><option><id>C</id><type>text</type><desc><![CDATA[多人判断]]></desc></option><option><id>D</id><type>text</type><desc><![CDATA[伤情判断]]></desc></option><option><id>E</id><type>text</type><desc><![CDATA[给予标识]]></desc></option></options><answers><![CDATA[D]]></answers></question><question><type>1</type><format>text</format><desc><![CDATA[18.灾难现场面对大批伤员时，第一步关键的救援措施就是]]></desc><options><option><id>A</id><type>text</type><desc><![CDATA[快速转运伤员]]></desc></option><option><id>B</id><type>text</type><desc><![CDATA[快速检伤分类]]></desc></option><option><id>C</id><type>text</type><desc><![CDATA[确定救治场所]]></desc></option><option><id>D</id><type>text</type><desc><![CDATA[确定救治措施]]></desc></option><option><id>E</id><type>text</type><desc><![CDATA[快速地包扎伤口]]></desc></option></options><answers><![CDATA[B]]></answers></question><question><type>1</type><format>html</format><desc><![CDATA[19.关于伤员的转送，下列哪项<u><b>错误</b></u>]]></desc><options><option><id>A</id><type>text</type><desc><![CDATA[对昏迷病人，应将头偏向一侧]]></desc></option><option><id>B</id><type>text</type><desc><![CDATA[生命体征尚不稳定的病人应暂缓汽车长途转送]]></desc></option><option><id>C</id><type>text</type><desc><![CDATA[途中严密观察病情]]></desc></option><option><id>D</id><type>text</type><desc><![CDATA[遇有导管脱出应立即插入]]></desc></option><option><id>E</id><type>text</type><desc><![CDATA[途中不能中断抢救]]></desc></option></options><answers><![CDATA[D]]></answers></question></questions></exam>