﻿<?xml version="1.0" encoding="UTF-8"?><exam><id>20181024223938</id><questions><instructions><![CDATA[A1型题]]></instructions><question><type>1</type><format>html</format><desc><![CDATA[1.关于呼吸频率的描述，下列说法<u><b>错误</b></u>的是]]></desc><options><option><id>A</id><type>text</type><desc><![CDATA[正常成年人呼吸频率为10～18次/分]]></desc></option><option><id>B</id><type>text</type><desc><![CDATA[小儿呼吸频率随年龄减小而减慢]]></desc></option><option><id>C</id><type>text</type><desc><![CDATA[8岁儿童呼吸频率约为18次/分]]></desc></option><option><id>D</id><type>text</type><desc><![CDATA[1岁呼吸频率为25岁]]></desc></option><option><id>E</id><type>text</type><desc><![CDATA[新生儿呼吸频率为40次/分]]></desc></option></options><answers><![CDATA[B]]></answers></question><question><type>1</type><format>html</format><desc><![CDATA[2.下列<u><b>不属于</b></u>SpO<sub>2</sub>监测的干扰影响因素是]]></desc><options><option><id>A</id><type>text</type><desc><![CDATA[低体温（＜35℃）]]></desc></option><option><id>B</id><type>text</type><desc><![CDATA[低血压（＜50mmHg）]]></desc></option><option><id>C</id><type>text</type><desc><![CDATA[应用血管收缩药使脉搏搏动减弱]]></desc></option><option><id>D</id><type>text</type><desc><![CDATA[搏动性血液中存在亚甲蓝]]></desc></option><option><id>E</id><type>text</type><desc><![CDATA[肢端温暖红润]]></desc></option></options><answers><![CDATA[E]]></answers></question><question><type>1</type><format>html</format><desc><![CDATA[3.吸痰时吸管的大小原则上<u><b>不能</b></u>超过气管导管内径的]]></desc><options><option><id>A</id><type>text</type><desc><![CDATA[1/8]]></desc></option><option><id>B</id><type>text</type><desc><![CDATA[1/4]]></desc></option><option><id>C</id><type>text</type><desc><![CDATA[1/2]]></desc></option><option><id>D</id><type>text</type><desc><![CDATA[2/3]]></desc></option><option><id>E</id><type>text</type><desc><![CDATA[3/4]]></desc></option></options><answers><![CDATA[C]]></answers></question><question><type>1</type><format>text</format><desc><![CDATA[4.评估患者呼唤能睁眼，问答语无伦次，刺痛出现躲避动作，GCS评分几分]]></desc><options><option><id>A</id><type>text</type><desc><![CDATA[7]]></desc></option><option><id>B</id><type>text</type><desc><![CDATA[8]]></desc></option><option><id>C</id><type>text</type><desc><![CDATA[9]]></desc></option><option><id>D</id><type>text</type><desc><![CDATA[10]]></desc></option><option><id>E</id><type>text</type><desc><![CDATA[11]]></desc></option></options><answers><![CDATA[D]]></answers></question><question><type>1</type><format>html</format><desc><![CDATA[5.下列对于瞳孔观察的描述<u><b>错误</b></u>的是]]></desc><options><option><id>A</id><type>text</type><desc><![CDATA[正常瞳孔两侧等大等圆，直径为2～5mm]]></desc></option><option><id>B</id><type>text</type><desc><![CDATA[有机磷中毒易出现双侧瞳孔缩小]]></desc></option><option><id>C</id><type>text</type><desc><![CDATA[吗啡中毒易出现双侧瞳孔扩大]]></desc></option><option><id>D</id><type>text</type><desc><![CDATA[单侧瞳孔缩小见于同侧小脑幕裂孔疝早期]]></desc></option><option><id>E</id><type>text</type><desc><![CDATA[双侧瞳孔散大，见于颅内压增高、颅脑损伤或濒死状态]]></desc></option></options><answers><![CDATA[C]]></answers></question><question><type>1</type><format>html</format><desc><![CDATA[6.下列<u><b>不属于</b></u>肝功能监测指标的是]]></desc><options><option><id>A</id><type>text</type><desc><![CDATA[精神症状与意识状态监测]]></desc></option><option><id>B</id><type>text</type><desc><![CDATA[血清酶监测]]></desc></option><option><id>C</id><type>text</type><desc><![CDATA[血红蛋白监测]]></desc></option><option><id>D</id><type>text</type><desc><![CDATA[血氨监测]]></desc></option><option><id>E</id><type>text</type><desc><![CDATA[凝血功能监测]]></desc></option></options><answers><![CDATA[C]]></answers></question><question><type>1</type><format>html</format><desc><![CDATA[7.胃肠道功能的监测<u><b>不包括</b></u>]]></desc><options><option><id>A</id><type>text</type><desc><![CDATA[胃潴留监测]]></desc></option><option><id>B</id><type>text</type><desc><![CDATA[腹内压监测]]></desc></option><option><id>C</id><type>text</type><desc><![CDATA[肠鸣音监测]]></desc></option><option><id>D</id><type>text</type><desc><![CDATA[尿量监测]]></desc></option><option><id>E</id><type>text</type><desc><![CDATA[胃酸监测]]></desc></option></options><answers><![CDATA[D]]></answers></question><question><type>1</type><format>text</format><desc><![CDATA[8.胃潴留监测时当饭后4小时仍有胃内容物超过多少提示有胃潴留]]></desc><options><option><id>A</id><type>text</type><desc><![CDATA[200 ml]]></desc></option><option><id>B</id><type>text</type><desc><![CDATA[300 ml]]></desc></option><option><id>C</id><type>text</type><desc><![CDATA[400 ml]]></desc></option><option><id>D</id><type>text</type><desc><![CDATA[500 ml]]></desc></option><option><id>E</id><type>text</type><desc><![CDATA[600 ml]]></desc></option></options><answers><![CDATA[B]]></answers></question><question><type>1</type><format>text</format><desc><![CDATA[9.腹内压监测的直接法包括通过腹腔引流管和]]></desc><options><option><id>A</id><type>text</type><desc><![CDATA[膀胱测量方法]]></desc></option><option><id>B</id><type>text</type><desc><![CDATA[通过穿刺针监测]]></desc></option><option><id>C</id><type>text</type><desc><![CDATA[经股静脉置管测量方法]]></desc></option><option><id>D</id><type>text</type><desc><![CDATA[胸腔引流管]]></desc></option><option><id>E</id><type>text</type><desc><![CDATA[观察腹胀情况]]></desc></option></options><answers><![CDATA[B]]></answers></question><question><type>1</type><format>text</format><desc><![CDATA[10.危重症患者的糖代谢变化，最突出的表现是高血糖，其原因为]]></desc><options><option><id>A</id><type>text</type><desc><![CDATA[糖异生和胰岛素抵抗]]></desc></option><option><id>B</id><type>text</type><desc><![CDATA[胰高血糖素分泌增加]]></desc></option><option><id>C</id><type>text</type><desc><![CDATA[应激状态下胰岛素分泌减少]]></desc></option><option><id>D</id><type>text</type><desc><![CDATA[甲状腺素分泌增加]]></desc></option><option><id>E</id><type>text</type><desc><![CDATA[患者摄入增加]]></desc></option></options><answers><![CDATA[A]]></answers></question><question><type>1</type><format>text</format><desc><![CDATA[11.肠内营养最严重和致命的并发症是]]></desc><options><option><id>A</id><type>text</type><desc><![CDATA[高血糖]]></desc></option><option><id>B</id><type>text</type><desc><![CDATA[腹泻]]></desc></option><option><id>C</id><type>text</type><desc><![CDATA[黏膜损伤]]></desc></option><option><id>D</id><type>text</type><desc><![CDATA[误吸]]></desc></option><option><id>E</id><type>text</type><desc><![CDATA[感染]]></desc></option></options><answers><![CDATA[D]]></answers></question></questions></exam>