﻿<?xml version="1.0" encoding="UTF-8"?><exam><id>20181014141012</id><questions><instructions><![CDATA[一、单项选择题]]></instructions><question><type>1</type><format>text</format><desc><![CDATA[1.阿尔茨海默症病人的首发症状是]]></desc><options><option><id>A</id><type>text</type><desc><![CDATA[妄想]]></desc></option><option><id>B</id><type>text</type><desc><![CDATA[人格改变]]></desc></option><option><id>C</id><type>text</type><desc><![CDATA[记忆障碍]]></desc></option><option><id>D</id><type>text</type><desc><![CDATA[语言功能障碍]]></desc></option><option><id>E</id><type>text</type><desc><![CDATA[空间技能障碍]]></desc></option></options><answers><![CDATA[C]]></answers></question><question><type>1</type><format>html</format><desc><![CDATA[2.阿尔茨海默病的临床表现<u><b>不包括</b></u>]]></desc><options><option><id>A</id><type>text</type><desc><![CDATA[以记忆障碍为早期症状]]></desc></option><option><id>B</id><type>text</type><desc><![CDATA[人格改变为典型症状]]></desc></option><option><id>C</id><type>text</type><desc><![CDATA[起病隐渐，进行性发展]]></desc></option><option><id>D</id><type>text</type><desc><![CDATA[痴呆为部分性的]]></desc></option><option><id>E</id><type>text</type><desc><![CDATA[脑CT检查可有弥漫性萎缩]]></desc></option></options><answers><![CDATA[D]]></answers></question><question><type>1</type><format>html</format><desc><![CDATA[3.在护理阿尔茨海默病病人时，<u><b>错误</b></u>的做法是]]></desc><options><option><id>A</id><type>text</type><desc><![CDATA[促进病人多料理自己的生活，积极维持自理能力]]></desc></option><option><id>B</id><type>text</type><desc><![CDATA[反复强化病人训练用脑，维持大脑活力]]></desc></option><option><id>C</id><type>text</type><desc><![CDATA[多帮助病人回忆往事，锻炼记忆力]]></desc></option><option><id>D</id><type>text</type><desc><![CDATA[病人回忆出现错误并坚持己见时，要坚持说服其接受正确观点]]></desc></option><option><id>E</id><type>text</type><desc><![CDATA[保证夜间休息，保证充足的睡眠]]></desc></option></options><answers><![CDATA[D]]></answers></question><question><type>1</type><format>text</format><desc><![CDATA[4.阿尔茨海默病病人出现下列哪种情况时，护士应高度关注发生走失的风险]]></desc><options><option><id>A</id><type>text</type><desc><![CDATA[语言啰嗦，反复絮叨]]></desc></option><option><id>B</id><type>text</type><desc><![CDATA[情绪高涨，言语激动]]></desc></option><option><id>C</id><type>text</type><desc><![CDATA[情绪紧张，无故攻击他人]]></desc></option><option><id>D</id><type>text</type><desc><![CDATA[四处徘徊，无目的走动]]></desc></option><option><id>E</id><type>text</type><desc><![CDATA[拒绝正确意见，情绪执拗]]></desc></option></options><answers><![CDATA[D]]></answers></question><question><type>1</type><format>text</format><desc><![CDATA[5.诊断躯体疾病所致精神障碍的依据是]]></desc><options><option><id>A</id><type>text</type><desc><![CDATA[明确有躯体疾病的依据]]></desc></option><option><id>B</id><type>text</type><desc><![CDATA[躯体疾病与精神障碍在病情转归上有时间上的密切关联]]></desc></option><option><id>C</id><type>text</type><desc><![CDATA[存在功能性精神障碍的症状]]></desc></option><option><id>D</id><type>text</type><desc><![CDATA[排除遗传、环境等因素对该病的影响]]></desc></option><option><id>E</id><type>text</type><desc><![CDATA[以上均是]]></desc></option></options><answers><![CDATA[E]]></answers></question><question><type>1</type><format>html</format><desc><![CDATA[6.躯体疾病所致精神障碍的共同特点<u><b>除了</b></u>]]></desc><options><option><id>A</id><type>text</type><desc><![CDATA[精神症状多发于躯体疾病高峰期]]></desc></option><option><id>B</id><type>text</type><desc><![CDATA[躯体疾病严重时精神症状明显]]></desc></option><option><id>C</id><type>text</type><desc><![CDATA[精神症状随躯体疾病好转而减轻]]></desc></option><option><id>D</id><type>text</type><desc><![CDATA[精神症状多具有昼重夜轻的波动性]]></desc></option><option><id>E</id><type>text</type><desc><![CDATA[躯体和(或)神经系统有病理体征及实验室的阳性所见]]></desc></option></options><answers><![CDATA[D]]></answers></question><question><type>1</type><format>text</format><desc><![CDATA[7.躯体疾病所致精神障碍处理原则中最重要的是]]></desc><options><option><id>A</id><type>text</type><desc><![CDATA[积极治疗原发的躯体疾病]]></desc></option><option><id>B</id><type>text</type><desc><![CDATA[支持治疗]]></desc></option><option><id>C</id><type>text</type><desc><![CDATA[加强护理]]></desc></option><option><id>D</id><type>text</type><desc><![CDATA[大剂量的抗精神病药]]></desc></option><option><id>E</id><type>text</type><desc><![CDATA[心理治疗]]></desc></option></options><answers><![CDATA[A]]></answers></question><question><type>1</type><format>html</format><desc><![CDATA[8.病人，男性，65岁。1年前诊断为“阿尔茨海默症”，由其老伴照顾。前几日，病人独自外出后未归，后被家人找到。社区护士家庭访视时，注意到其老伴照料病人的过程中采取以下做法，其中<u><b>不正确</b></u>的是]]></desc><options><option><id>A</id><type>text</type><desc><![CDATA[为防止病人走失，老伴不让其外出，把他整日关在家里]]></desc></option><option><id>B</id><type>text</type><desc><![CDATA[为防止病人走失，老伴在他衣服上写名字和家中电话]]></desc></option><option><id>C</id><type>text</type><desc><![CDATA[老伴尽量让病人自己刷牙、洗脸、穿衣、吃饭]]></desc></option><option><id>D</id><type>text</type><desc><![CDATA[老伴时常会让病人帮忙做一些家务]]></desc></option><option><id>E</id><type>text</type><desc><![CDATA[为帮助病人恢复记忆，老伴会常和他一起看过去的生活照片]]></desc></option></options><answers><![CDATA[A]]></answers></question><question><type>1</type><format>text</format><desc><![CDATA[9.病人，男性，71岁。诊断为阿尔茨海默病，目前临床最常用的治疗药物是]]></desc><options><option><id>A</id><type>text</type><desc><![CDATA[抗焦虑药]]></desc></option><option><id>B</id><type>text</type><desc><![CDATA[抗抑郁药]]></desc></option><option><id>C</id><type>text</type><desc><![CDATA[抗精神病药]]></desc></option><option><id>D</id><type>text</type><desc><![CDATA[乙酰胆碱酯酶抑制剂]]></desc></option><option><id>E</id><type>text</type><desc><![CDATA[促脑代谢药物]]></desc></option></options><answers><![CDATA[D]]></answers></question><question><type>1</type><format>text</format><desc><![CDATA[10.病人男，68岁，半年前与女儿一起居住，情绪变得易激惹，性格变得挑剔、自私。近期出现重复购买相同的物品，做饭忘记关火，多次丢失贵重物品等，近期记忆力差，1周前自行外出，找不到回家的路。该病人的记忆障碍表现为]]></desc><options><option><id>A</id><type>text</type><desc><![CDATA[记忆丧失]]></desc></option><option><id>B</id><type>text</type><desc><![CDATA[选择性遗忘]]></desc></option><option><id>C</id><type>text</type><desc><![CDATA[近期记忆减退]]></desc></option><option><id>D</id><type>text</type><desc><![CDATA[逆行性遗忘]]></desc></option><option><id>E</id><type>text</type><desc><![CDATA[顺行性遗忘]]></desc></option></options><answers><![CDATA[C]]></answers></question><question><type>1</type><format>html</format><desc><![CDATA[11.女性46岁全身乏力，嗜睡，少言，动作缓慢，畏寒，体温低于正常，皮肤干燥、增厚、粗糙呈非凹陷性，浮肿，智力、记忆力减退，听觉减退，步态不稳，共济失调，幻觉、妄想。该病人诊断为甲状腺功能低下所致精神障碍，其治疗措施哪项是<u><b>错误</b></u>的]]></desc><options><option><id>A</id><type>text</type><desc><![CDATA[甲状腺素治疗]]></desc></option><option><id>B</id><type>text</type><desc><![CDATA[防止感染]]></desc></option><option><id>C</id><type>text</type><desc><![CDATA[足量抗精神病药物]]></desc></option><option><id>D</id><type>text</type><desc><![CDATA[慎用催眠药]]></desc></option><option><id>E</id><type>text</type><desc><![CDATA[慎用麻醉药]]></desc></option></options><answers><![CDATA[C]]></answers></question><question><type>1</type><format>text</format><desc><![CDATA[12.女性，42岁，十年来，畏寒、少汗、乏力、纳差、嗓音粗、月经不调、便秘、少言、少动、表情淡漠，近来出现面色苍白蜡黄，眼睑、颊部虚肿、呆钝、愚蠢，一过性幻视，该病人最可能的诊断是]]></desc><options><option><id>A</id><type>text</type><desc><![CDATA[甲状腺功能低下所致精神障碍]]></desc></option><option><id>B</id><type>text</type><desc><![CDATA[甲状腺功能亢进所致精神障碍]]></desc></option><option><id>C</id><type>text</type><desc><![CDATA[肾上腺皮质功能减退所致精神障碍]]></desc></option><option><id>D</id><type>text</type><desc><![CDATA[肾上腺皮质功能亢进所致精神障碍]]></desc></option><option><id>E</id><type>text</type><desc><![CDATA[精神分裂症]]></desc></option></options><answers><![CDATA[A]]></answers></question></questions><questions><instructions><![CDATA[二、共用题干选择题]]></instructions><question><type>3</type><format>text</format><desc><![CDATA[1.男性，70岁。因糖尿病、阿尔茨海默症入院治疗。今晨进食油条、豆浆时，突然面色发绀，继而倒地、抽搐，意识丧失。]]></desc><children><question><type>3</type><format>text</format><desc><![CDATA[（1）该病人最可能发生了]]></desc><options><option><id>A</id><type>text</type><desc><![CDATA[酮症酸中毒]]></desc></option><option><id>B</id><type>text</type><desc><![CDATA[噎食]]></desc></option><option><id>C</id><type>text</type><desc><![CDATA[癫痫小发作]]></desc></option><option><id>D</id><type>text</type><desc><![CDATA[癔症]]></desc></option><option><id>E</id><type>text</type><desc><![CDATA[中毒]]></desc></option></options><answers><![CDATA[B]]></answers></question><question><type>3</type><format>text</format><desc><![CDATA[（2）应立即采取的措施是]]></desc><options><option><id>A</id><type>text</type><desc><![CDATA[注射胰岛素]]></desc></option><option><id>B</id><type>text</type><desc><![CDATA[吸氧]]></desc></option><option><id>C</id><type>text</type><desc><![CDATA[做气管切开准备]]></desc></option><option><id>D</id><type>text</type><desc><![CDATA[平卧、解开衣领]]></desc></option><option><id>E</id><type>text</type><desc><![CDATA[迅速将口腔内食物抠出]]></desc></option></options><answers><![CDATA[E]]></answers></question><question><type>3</type><format>text</format><desc><![CDATA[（3）护理评估时，评估的内容是]]></desc><options><option><id>A</id><type>text</type><desc><![CDATA[诱发因素]]></desc></option><option><id>B</id><type>text</type><desc><![CDATA[痴呆程度]]></desc></option><option><id>C</id><type>text</type><desc><![CDATA[肢体功能]]></desc></option><option><id>D</id><type>text</type><desc><![CDATA[心理状态]]></desc></option><option><id>E</id><type>text</type><desc><![CDATA[自主呼吸功能]]></desc></option></options><answers><![CDATA[E]]></answers></question></children></question></questions></exam>