﻿<?xml version="1.0" encoding="UTF-8"?><exam><id>20181014135427</id><questions><instructions><![CDATA[一、单项选择题]]></instructions><question><type>1</type><format>html</format><desc><![CDATA[1.下列哪项<u><b>不是</b></u>神经症的共同特征]]></desc><options><option><id>A</id><type>text</type><desc><![CDATA[起病与心理素质、人格特征和社会心理因素均有关]]></desc></option><option><id>B</id><type>text</type><desc><![CDATA[病程多迁延]]></desc></option><option><id>C</id><type>text</type><desc><![CDATA[社会功能可明显受损]]></desc></option><option><id>D</id><type>text</type><desc><![CDATA[自知力存在，有求治要求]]></desc></option><option><id>E</id><type>text</type><desc><![CDATA[症状表现多样，包括精神病性症状]]></desc></option></options><answers><![CDATA[C]]></answers></question><question><type>1</type><format>text</format><desc><![CDATA[2.下列关于恐惧症的描述中，哪一项是正确的]]></desc><options><option><id>A</id><type>text</type><desc><![CDATA[恐惧症是一种持续存在的焦虑反应]]></desc></option><option><id>B</id><type>text</type><desc><![CDATA[恐惧症是对具体对象出现恐惧，但可以控制，无回避行为]]></desc></option><option><id>C</id><type>text</type><desc><![CDATA[恐惧症是对非具体对象出现恐惧，但可以控制，无回避行为]]></desc></option><option><id>D</id><type>text</type><desc><![CDATA[恐惧症是对具体对象出现恐惧，但无法控制，有回避行为]]></desc></option><option><id>E</id><type>text</type><desc><![CDATA[恐惧症是对非具体对象出现恐惧，但无法控制，有回避行为]]></desc></option></options><answers><![CDATA[D]]></answers></question><question><type>1</type><format>html</format><desc><![CDATA[3.下列哪项<u><b>不是</b></u>惊恐障碍的特点]]></desc><options><option><id>A</id><type>text</type><desc><![CDATA[呈发作性，一般持续5～20分钟]]></desc></option><option><id>B</id><type>text</type><desc><![CDATA[突然的惊恐体验,伴濒死感、窒息感或失控感]]></desc></option><option><id>C</id><type>text</type><desc><![CDATA[发作时可有轻度意识障碍，事后不能回忆]]></desc></option><option><id>D</id><type>text</type><desc><![CDATA[有回避行为]]></desc></option><option><id>E</id><type>text</type><desc><![CDATA[系焦虑症的一种类型]]></desc></option></options><answers><![CDATA[C]]></answers></question><question><type>1</type><format>html</format><desc><![CDATA[4.下列哪项<u><b>不是</b></u>神经衰弱的常见症状]]></desc><options><option><id>A</id><type>text</type><desc><![CDATA[易兴奋]]></desc></option><option><id>B</id><type>text</type><desc><![CDATA[易疲劳]]></desc></option><option><id>C</id><type>text</type><desc><![CDATA[食欲减退]]></desc></option><option><id>D</id><type>text</type><desc><![CDATA[躯体不适症状]]></desc></option><option><id>E</id><type>text</type><desc><![CDATA[易激惹]]></desc></option></options><answers><![CDATA[C]]></answers></question><question><type>1</type><format>text</format><desc><![CDATA[5.神经衰弱的核心症状为]]></desc><options><option><id>A</id><type>text</type><desc><![CDATA[精神易疲劳]]></desc></option><option><id>B</id><type>text</type><desc><![CDATA[易兴奋]]></desc></option><option><id>C</id><type>text</type><desc><![CDATA[易紧张]]></desc></option><option><id>D</id><type>text</type><desc><![CDATA[紧张性头痛]]></desc></option><option><id>E</id><type>text</type><desc><![CDATA[睡眠多梦]]></desc></option></options><answers><![CDATA[A]]></answers></question><question><type>1</type><format>text</format><desc><![CDATA[6.神经衰弱的病程特点为]]></desc><options><option><id>A</id><type>text</type><desc><![CDATA[逐渐加重]]></desc></option><option><id>B</id><type>text</type><desc><![CDATA[逐渐减轻]]></desc></option><option><id>C</id><type>text</type><desc><![CDATA[进展性加重]]></desc></option><option><id>D</id><type>text</type><desc><![CDATA[发作性]]></desc></option><option><id>E</id><type>text</type><desc><![CDATA[波动性]]></desc></option></options><answers><![CDATA[E]]></answers></question><question><type>1</type><format>text</format><desc><![CDATA[7.下列哪一种症状是转换障碍]]></desc><options><option><id>A</id><type>text</type><desc><![CDATA[意识障碍]]></desc></option><option><id>B</id><type>text</type><desc><![CDATA[运动障碍]]></desc></option><option><id>C</id><type>text</type><desc><![CDATA[情感爆发]]></desc></option><option><id>D</id><type>text</type><desc><![CDATA[假性痴呆]]></desc></option><option><id>E</id><type>text</type><desc><![CDATA[癔症性遗忘]]></desc></option></options><answers><![CDATA[B]]></answers><keypoints><![CDATA[解析：运动障碍是转换障碍。]]></keypoints></question><question><type>1</type><format>text</format><desc><![CDATA[8.下列哪一种症状是分离性障碍]]></desc><options><option><id>A</id><type>text</type><desc><![CDATA[痉挛发作]]></desc></option><option><id>B</id><type>text</type><desc><![CDATA[偏瘫]]></desc></option><option><id>C</id><type>text</type><desc><![CDATA[癔症球]]></desc></option><option><id>D</id><type>text</type><desc><![CDATA[癔症性失聪]]></desc></option><option><id>E</id><type>text</type><desc><![CDATA[童样痴呆]]></desc></option></options><answers><![CDATA[E]]></answers><keypoints><![CDATA[解析：童样痴呆是一种假性痴呆，属分离性障碍。]]></keypoints></question><question><type>1</type><format>text</format><desc><![CDATA[9.最容易导致癔症的性格特征是]]></desc><options><option><id>A</id><type>text</type><desc><![CDATA[孤僻]]></desc></option><option><id>B</id><type>text</type><desc><![CDATA[敏感]]></desc></option><option><id>C</id><type>text</type><desc><![CDATA[固执]]></desc></option><option><id>D</id><type>text</type><desc><![CDATA[冲动任性]]></desc></option><option><id>E</id><type>text</type><desc><![CDATA[富于幻想]]></desc></option></options><answers><![CDATA[E]]></answers></question><question><type>1</type><format>text</format><desc><![CDATA[10.焦虑性神经症发作有两种形式，一种为广泛性焦虑障碍，另一种为]]></desc><options><option><id>A</id><type>text</type><desc><![CDATA[恐惧症]]></desc></option><option><id>B</id><type>text</type><desc><![CDATA[惊恐发作]]></desc></option><option><id>C</id><type>text</type><desc><![CDATA[强迫症]]></desc></option><option><id>D</id><type>text</type><desc><![CDATA[疑病症]]></desc></option><option><id>E</id><type>text</type><desc><![CDATA[癔症]]></desc></option></options><answers><![CDATA[B]]></answers></question><question><type>1</type><format>text</format><desc><![CDATA[11.影响分离（转换）性障碍发病的最主要因素是病人的]]></desc><options><option><id>A</id><type>text</type><desc><![CDATA[器质性病变]]></desc></option><option><id>B</id><type>text</type><desc><![CDATA[心理因素]]></desc></option><option><id>C</id><type>text</type><desc><![CDATA[血型]]></desc></option><option><id>D</id><type>text</type><desc><![CDATA[年龄]]></desc></option><option><id>E</id><type>text</type><desc><![CDATA[经济状况]]></desc></option></options><answers><![CDATA[B]]></answers></question><question><type>1</type><format>text</format><desc><![CDATA[12.对焦虑症病人生命威胁最大的因素是]]></desc><options><option><id>A</id><type>text</type><desc><![CDATA[自杀、自伤倾向]]></desc></option><option><id>B</id><type>text</type><desc><![CDATA[药物不良反应]]></desc></option><option><id>C</id><type>text</type><desc><![CDATA[暴力冲动行为]]></desc></option><option><id>D</id><type>text</type><desc><![CDATA[特殊治疗的并发症]]></desc></option><option><id>E</id><type>text</type><desc><![CDATA[噎食]]></desc></option></options><answers><![CDATA[A]]></answers></question><question><type>1</type><format>text</format><desc><![CDATA[13.关于神经症的睡眠障碍，以下叙述正确的是]]></desc><options><option><id>A</id><type>text</type><desc><![CDATA[失眠一般分为两种形式，即入睡困难、易惊醒]]></desc></option><option><id>B</id><type>text</type><desc><![CDATA[早醒是抑郁症的症状，而不是神经症的症状]]></desc></option><option><id>C</id><type>text</type><desc><![CDATA[失眠主要表现为睡眠时间短或质量差，或者是对睡眠缺乏自我满足的体验]]></desc></option><option><id>D</id><type>text</type><desc><![CDATA[神经症病人以易惊醒为主诉最为多见]]></desc></option><option><id>E</id><type>text</type><desc><![CDATA[应用地西泮治疗神经症的失眠，疗程3～6个月为宜]]></desc></option></options><answers><![CDATA[C]]></answers></question><question><type>1</type><format>text</format><desc><![CDATA[14.对恐惧症的病人进行健康教育时，护士正确的观点是]]></desc><options><option><id>A</id><type>text</type><desc><![CDATA[待在房间里可以减少恐惧症发作]]></desc></option><option><id>B</id><type>text</type><desc><![CDATA[当症状开始时，服用药物控制]]></desc></option><option><id>C</id><type>text</type><desc><![CDATA[恐惧症发作是有时限性的，它将会逐渐减轻直至消失]]></desc></option><option><id>D</id><type>text</type><desc><![CDATA[保持自我控制可以减少恐惧症状]]></desc></option><option><id>E</id><type>text</type><desc><![CDATA[随着恐惧症的多次发作，症状会越来越重]]></desc></option></options><answers><![CDATA[C]]></answers></question><question><type>1</type><format>text</format><desc><![CDATA[15.病人因焦虑入院，每天晚上总是躺在床上翻来覆去睡不着觉，一直到凌晨1点，该病人的睡眠障碍是]]></desc><options><option><id>A</id><type>text</type><desc><![CDATA[入睡困难]]></desc></option><option><id>B</id><type>text</type><desc><![CDATA[时醒时睡]]></desc></option><option><id>C</id><type>text</type><desc><![CDATA[彻夜不眠]]></desc></option><option><id>D</id><type>text</type><desc><![CDATA[浅睡眠]]></desc></option><option><id>E</id><type>text</type><desc><![CDATA[深睡眠]]></desc></option></options><answers><![CDATA[A]]></answers></question><question><type>1</type><format>text</format><desc><![CDATA[16.病人，男性，20岁。自述“在天桥上看到火车开过来，就出现想跳下去自杀的念头”。虽不伴有相应的行动，但却因此感到焦虑、紧张。护士评估时考虑为]]></desc><options><option><id>A</id><type>text</type><desc><![CDATA[强迫怀疑]]></desc></option><option><id>B</id><type>text</type><desc><![CDATA[强迫性穷思竭虑]]></desc></option><option><id>C</id><type>text</type><desc><![CDATA[强迫情绪]]></desc></option><option><id>D</id><type>text</type><desc><![CDATA[强迫意向]]></desc></option><option><id>E</id><type>text</type><desc><![CDATA[强迫行为]]></desc></option></options><answers><![CDATA[D]]></answers></question><question><type>1</type><format>text</format><desc><![CDATA[17.刘小姐害怕猫，患有特定恐惧症。护士为其做出护理诊断是：“恐惧，与所害怕的客体或无法控制恐惧的情绪有关。”对病人最适宜的短期目标是在两周内病人将]]></desc><options><option><id>A</id><type>text</type><desc><![CDATA[尽可能回避恐惧物]]></desc></option><option><id>B</id><type>text</type><desc><![CDATA[需要帮助面对恐惧物]]></desc></option><option><id>C</id><type>text</type><desc><![CDATA[陈述恐惧物不再造成与恐惧相关的情绪和生理反应]]></desc></option><option><id>D</id><type>text</type><desc><![CDATA[联系放松技巧并报告与联想到恐惧物相关的生理反应得到缓解]]></desc></option><option><id>E</id><type>text</type><desc><![CDATA[考虑使用放松技巧，回避恐惧物]]></desc></option></options><answers><![CDATA[E]]></answers></question><question><type>1</type><format>text</format><desc><![CDATA[18.李女士，28岁，一看到男性即不能自控的想是否要和他恋爱、结婚，明知不对也无法自控。此症状为]]></desc><options><option><id>A</id><type>text</type><desc><![CDATA[钟情妄想]]></desc></option><option><id>B</id><type>text</type><desc><![CDATA[关系妄想]]></desc></option><option><id>C</id><type>text</type><desc><![CDATA[强迫观念]]></desc></option><option><id>D</id><type>text</type><desc><![CDATA[焦虑状态]]></desc></option><option><id>E</id><type>text</type><desc><![CDATA[强迫行为]]></desc></option></options><answers><![CDATA[C]]></answers></question><question><type>1</type><format>text</format><desc><![CDATA[19.周某，男，在离家去任何地方之前，他会将钱包里的钱数12次。当实施这一特殊仪式行为时，病人动机的最佳解释是他企图]]></desc><options><option><id>A</id><type>text</type><desc><![CDATA[将过度的精力转变为适宜的习惯]]></desc></option><option><id>B</id><type>text</type><desc><![CDATA[像一个孩子那样对于没有充足金钱花费进行补偿]]></desc></option><option><id>C</id><type>text</type><desc><![CDATA[回避手头基金缺乏的窘迫]]></desc></option><option><id>D</id><type>text</type><desc><![CDATA[将不被接受的情感转变为可接受的活动]]></desc></option><option><id>E</id><type>text</type><desc><![CDATA[害怕自己过分浪费]]></desc></option></options><answers><![CDATA[E]]></answers></question><question><type>1</type><format>text</format><desc><![CDATA[20.男性，40岁。因工作压力过大出现失眠、焦虑来诊。病人的下列陈述需要护士进一步进行健康指导的是]]></desc><options><option><id>A</id><type>text</type><desc><![CDATA[“无论多忙，我都要争取在晚上11点之前睡觉。”]]></desc></option><option><id>B</id><type>text</type><desc><![CDATA[“每天吃完饭出去走走，散散心。”]]></desc></option><option><id>C</id><type>text</type><desc><![CDATA[“在家尽可能不去想工作，放松自己。”]]></desc></option><option><id>D</id><type>text</type><desc><![CDATA[“睡觉前洗澡。”]]></desc></option><option><id>E</id><type>text</type><desc><![CDATA[“睡觉前喝一杯啤酒有助于睡眠。”]]></desc></option></options><answers><![CDATA[E]]></answers></question><question><type>1</type><format>text</format><desc><![CDATA[21.某病人在公共场合或他人面前用餐时就会出现恐惧的症状，这次他在护士在场的情况下在餐厅进完了午餐，此时该护士最佳的回答是]]></desc><options><option><id>A</id><type>text</type><desc><![CDATA[“这并不是件难事，现在不也一样吗？”]]></desc></option><option><id>B</id><type>text</type><desc><![CDATA[“晚餐时，我希望看到你和大家一起吃饭。”]]></desc></option><option><id>C</id><type>text</type><desc><![CDATA[“今天你一定饿了。”]]></desc></option><option><id>D</id><type>text</type><desc><![CDATA[“在餐厅吃饭是一种进步的表现。”]]></desc></option><option><id>E</id><type>text</type><desc><![CDATA[“下次你可以独自在餐厅进餐了。”]]></desc></option></options><answers><![CDATA[D]]></answers></question><question><type>1</type><format>text</format><desc><![CDATA[22.一名强迫症病人坦诚地说，他约会迟到是“因为我有一个生活习惯，我不得不反反复复脱下袜子然后再穿上，我穿了整整41次！直至我认为穿的非常好时才能停下来” 。护士解释病人的这种行为，认为他这样做的目的是]]></desc><options><option><id>A</id><type>text</type><desc><![CDATA[减轻其焦虑]]></desc></option><option><id>B</id><type>text</type><desc><![CDATA[控制其思维]]></desc></option><option><id>C</id><type>text</type><desc><![CDATA[引起他人注意]]></desc></option><option><id>D</id><type>text</type><desc><![CDATA[安全地表达敌意]]></desc></option><option><id>E</id><type>text</type><desc><![CDATA[为了逃避约会]]></desc></option></options><answers><![CDATA[A]]></answers></question><question><type>1</type><format>text</format><desc><![CDATA[23.一位躯体形式障碍病人主诉恶心，过去有背痛、胸痛和排尿困难症状。病人告诉护士，其恶心症状出现在妻子要求和他离婚时。对此，护士最恰当的行为是]]></desc><options><option><id>A</id><type>text</type><desc><![CDATA[要求病人描述他的恶心症状]]></desc></option><option><id>B</id><type>text</type><desc><![CDATA[引导病人描述他对于即将要发生的离婚事件的感受]]></desc></option><option><id>C</id><type>text</type><desc><![CDATA[允许病人谈论他所见过的医生和他所服用过的药物]]></desc></option><option><id>D</id><type>text</type><desc><![CDATA[告知病人治疗恶心药物的相关知识]]></desc></option><option><id>E</id><type>text</type><desc><![CDATA[告知病人正是由于妻子要同他离婚才会出现恶心的症状]]></desc></option></options><answers><![CDATA[B]]></answers></question></questions><questions><instructions><![CDATA[二、共用题干选择题]]></instructions><question><type>3</type><format>text</format><desc><![CDATA[1.王女士告诉护士，在离家之前她必须检查所有的灯，反复25次确定它们已经关闭。她知道其行为没有任何意义，但不能停止。由于每次约会她都要迟到很长时间，朋友都已经厌烦了，所以她难以继续与朋友交往。另外，没有了朋友，感觉生活很紧张，总是睡不着。]]></desc><children><question><type>3</type><format>html</format><desc><![CDATA[（1）对于这一病人最<u><b>不适宜</b></u>的护理诊断是]]></desc><options><option><id>A</id><type>text</type><desc><![CDATA[恐惧]]></desc></option><option><id>B</id><type>text</type><desc><![CDATA[睡眠紊乱]]></desc></option><option><id>C</id><type>text</type><desc><![CDATA[社交受损]]></desc></option><option><id>D</id><type>text</type><desc><![CDATA[无力]]></desc></option><option><id>E</id><type>text</type><desc><![CDATA[焦虑]]></desc></option></options><answers><![CDATA[A]]></answers></question><question><type>3</type><format>text</format><desc><![CDATA[（2）当护士观察到病人处于仪式性行为时，护士采用的最佳行为是]]></desc><options><option><id>A</id><type>text</type><desc><![CDATA[隔离病人以免干扰其他人]]></desc></option><option><id>B</id><type>text</type><desc><![CDATA[密切观察病人行为的显著反应]]></desc></option><option><id>C</id><type>text</type><desc><![CDATA[提醒病人如果她希望她能够控制自己的行为]]></desc></option><option><id>D</id><type>text</type><desc><![CDATA[终止病人的仪式性行为]]></desc></option><option><id>E</id><type>text</type><desc><![CDATA[使病人继续完成以便其不会更加激越]]></desc></option></options><answers><![CDATA[E]]></answers></question><question><type>3</type><format>text</format><desc><![CDATA[（3）在与强迫症病人相处时应采用的最佳特质是]]></desc><options><option><id>A</id><type>text</type><desc><![CDATA[耐心]]></desc></option><option><id>B</id><type>text</type><desc><![CDATA[怜悯]]></desc></option><option><id>C</id><type>text</type><desc><![CDATA[友善]]></desc></option><option><id>D</id><type>text</type><desc><![CDATA[自信]]></desc></option><option><id>E</id><type>text</type><desc><![CDATA[同情]]></desc></option></options><answers><![CDATA[A]]></answers></question></children></question><question><type>3</type><format>text</format><desc><![CDATA[2.张某，35岁，企业老板，工作忙，生活没规律，夜间经常十二点睡觉，一次在酒桌上与客人高谈阔论时，突然感觉胸闷、心慌，心跳得厉害，胸口好像有什么东西压着似的，憋气，喘不上气来，有窒息的感觉，非常恐惧，大声喊着“我快要憋死了！”.脸色发黄，大汗淋漓，被朋友们立即送到医院，到了医院以后，还未来得及处理，病人这些症状就消失了，检查也没发现异常，病人不同意住院，称没有什么。]]></desc><children><question><type>3</type><format>text</format><desc><![CDATA[（1）护士评估其症状可能为]]></desc><options><option><id>A</id><type>text</type><desc><![CDATA[精神疾病病人]]></desc></option><option><id>B</id><type>text</type><desc><![CDATA[诈病]]></desc></option><option><id>C</id><type>text</type><desc><![CDATA[焦虑]]></desc></option><option><id>D</id><type>text</type><desc><![CDATA[矛盾]]></desc></option><option><id>E</id><type>text</type><desc><![CDATA[淡漠]]></desc></option></options><answers><![CDATA[C]]></answers></question><question><type>3</type><format>text</format><desc><![CDATA[（2）回家后张某也没什么不舒服的，工作照常进行。3个月后，无原因地又出现了相同症状。此后，发作频繁，每次都非常恐惧，害怕自己会被憋死，每次发作时间不等，有时不用处理症状就消失了，有时服用1片“美托洛尔”缓解心悸症状，发作结束后一切都恢复正常。病人去了很多医院，做过全面的检查均未发现异常。他十分苦恼，不知道自己到底怎么了，也不知道自己会在何时发病，每天都焦虑不安，担惊受怕，最后在医生的建议下到精神科入院治疗。该病人的诊断是]]></desc><options><option><id>A</id><type>text</type><desc><![CDATA[强迫症]]></desc></option><option><id>B</id><type>text</type><desc><![CDATA[精神分裂症]]></desc></option><option><id>C</id><type>text</type><desc><![CDATA[心绞痛]]></desc></option><option><id>D</id><type>text</type><desc><![CDATA[惊恐发作]]></desc></option><option><id>E</id><type>text</type><desc><![CDATA[恐惧症]]></desc></option></options><answers><![CDATA[D]]></answers></question><question><type>3</type><format>text</format><desc><![CDATA[（3）护士应指导病人]]></desc><options><option><id>A</id><type>text</type><desc><![CDATA[待在安静的房间，避免干扰，可防止惊恐发作]]></desc></option><option><id>B</id><type>text</type><desc><![CDATA[症状开始时服用药物]]></desc></option><option><id>C</id><type>text</type><desc><![CDATA[惊恐发作持续的时间是有限的，并且会降低消退]]></desc></option><option><id>D</id><type>text</type><desc><![CDATA[加强自我控制，将会降低惊恐发作]]></desc></option><option><id>E</id><type>text</type><desc><![CDATA[去屋外散步，将会避免惊恐发作]]></desc></option></options><answers><![CDATA[A]]></answers></question></children></question></questions></exam>