﻿<?xml version="1.0" encoding="UTF-8"?><exam><id>20181014132213</id><questions><instructions><![CDATA[一、单项选择题]]></instructions><question><type>1</type><format>html</format><desc><![CDATA[1.<u><b>不属于</b></u>精神健康的内容的是]]></desc><options><option><id>A</id><type>text</type><desc><![CDATA[感到生活愉快]]></desc></option><option><id>B</id><type>text</type><desc><![CDATA[感到生活紧张忙碌]]></desc></option><option><id>C</id><type>text</type><desc><![CDATA[有良好的自我概念]]></desc></option><option><id>D</id><type>text</type><desc><![CDATA[能正确地评价自己]]></desc></option><option><id>E</id><type>text</type><desc><![CDATA[对行为能自我控制]]></desc></option></options><answers><![CDATA[B]]></answers></question><question><type>1</type><format>text</format><desc><![CDATA[2.法国医生菲力普·比奈尔对精神护理的贡献是]]></desc><options><option><id>A</id><type>text</type><desc><![CDATA[将精神疾病分类]]></desc></option><option><id>B</id><type>text</type><desc><![CDATA[主张用人道主义的态度对待精神病病人]]></desc></option><option><id>C</id><type>text</type><desc><![CDATA[提出了对精神病病人的服务项目]]></desc></option><option><id>D</id><type>text</type><desc><![CDATA[出版了《精神病护理》一书]]></desc></option><option><id>E</id><type>text</type><desc><![CDATA[发明了“治疗性社区”的理论]]></desc></option></options><answers><![CDATA[B]]></answers></question><question><type>1</type><format>text</format><desc><![CDATA[3.主张对精神病病人的照顾质量应与一般内外科病人的照顾质量相同，具有美国精神护理先驱称号的人士是]]></desc><options><option><id>A</id><type>text</type><desc><![CDATA[韦耶]]></desc></option><option><id>B</id><type>text</type><desc><![CDATA[菲力普·比奈尔]]></desc></option><option><id>C</id><type>text</type><desc><![CDATA[琳达·理查兹]]></desc></option><option><id>D</id><type>text</type><desc><![CDATA[维斯]]></desc></option><option><id>E</id><type>text</type><desc><![CDATA[美乐]]></desc></option></options><answers><![CDATA[C]]></answers></question><question><type>1</type><format>text</format><desc><![CDATA[4.提倡“心因性病因论”，并创立了精神心理分析学派，从而发动了精神医学的第二次革命的人士是]]></desc><options><option><id>A</id><type>text</type><desc><![CDATA[菲力普·比奈尔]]></desc></option><option><id>B</id><type>text</type><desc><![CDATA[琳达·理查兹]]></desc></option><option><id>C</id><type>text</type><desc><![CDATA[克雷丕林]]></desc></option><option><id>D</id><type>text</type><desc><![CDATA[韦耶]]></desc></option><option><id>E</id><type>text</type><desc><![CDATA[弗洛伊德]]></desc></option></options><answers><![CDATA[E]]></answers></question><question><type>1</type><format>text</format><desc><![CDATA[5.首次对精神病病人的病因、诊断和治疗进行了大量的分析，并对精神疾病进行分类研究，从而被称为是现代精神病学之父的人士是]]></desc><options><option><id>A</id><type>text</type><desc><![CDATA[克雷丕林]]></desc></option><option><id>B</id><type>text</type><desc><![CDATA[弗洛伊德]]></desc></option><option><id>C</id><type>text</type><desc><![CDATA[韦耶]]></desc></option><option><id>D</id><type>text</type><desc><![CDATA[琳达·理查兹]]></desc></option><option><id>E</id><type>text</type><desc><![CDATA[菲力普·比奈尔]]></desc></option></options><answers><![CDATA[A]]></answers></question><question><type>1</type><format>text</format><desc><![CDATA[6.被称为精神医学第三次革命的标志是]]></desc><options><option><id>A</id><type>text</type><desc><![CDATA[用人道的态度对待精神病病人]]></desc></option><option><id>B</id><type>text</type><desc><![CDATA[结束了用超自然的观点解释精神疾病]]></desc></option><option><id>C</id><type>text</type><desc><![CDATA[创立了“心因性病因论”理论]]></desc></option><option><id>D</id><type>text</type><desc><![CDATA[使精神卫生运动扩展到社区]]></desc></option><option><id>E</id><type>text</type><desc><![CDATA[精神药物的出现]]></desc></option></options><answers><![CDATA[D]]></answers></question><question><type>1</type><format>html</format><desc><![CDATA[7.在我国东汉末年，著名医家张仲景的《伤寒杂病论》中就有关于精神疾病的论述，<u><b>不属于</b></u>精神疾病范畴的内容是]]></desc><options><option><id>A</id><type>text</type><desc><![CDATA[躁]]></desc></option><option><id>B</id><type>text</type><desc><![CDATA[狂]]></desc></option><option><id>C</id><type>text</type><desc><![CDATA[消渴]]></desc></option><option><id>D</id><type>text</type><desc><![CDATA[谵妄]]></desc></option><option><id>E</id><type>text</type><desc><![CDATA[癫痫]]></desc></option></options><answers><![CDATA[C]]></answers></question><question><type>1</type><format>text</format><desc><![CDATA[8.在下列护患治疗关系中，深入探究病人的症结并帮助其找出解决问题的方法的阶段是]]></desc><options><option><id>A</id><type>text</type><desc><![CDATA[第一次见面]]></desc></option><option><id>B</id><type>text</type><desc><![CDATA[第一次会议]]></desc></option><option><id>C</id><type>text</type><desc><![CDATA[介绍期]]></desc></option><option><id>D</id><type>text</type><desc><![CDATA[工作期]]></desc></option><option><id>E</id><type>text</type><desc><![CDATA[结束期]]></desc></option></options><answers><![CDATA[D]]></answers></question><question><type>1</type><format>text</format><desc><![CDATA[9.在下列病人的陈述中，标志着护患治疗关系可进入到工作期的陈述是]]></desc><options><option><id>A</id><type>text</type><desc><![CDATA[“让我谈问题太难了。”]]></desc></option><option><id>B</id><type>text</type><desc><![CDATA[“我真不理解一周会谈两次有什么用。”]]></desc></option><option><id>C</id><type>text</type><desc><![CDATA[“我没有任何问题可谈。”]]></desc></option><option><id>D</id><type>text</type><desc><![CDATA[“我想找出一种方法来处理我的愤怒，而不是像以前那样发火。”]]></desc></option><option><id>E</id><type>text</type><desc><![CDATA[“我不知道为什么他们把我带到这来。”]]></desc></option></options><answers><![CDATA[D]]></answers></question><question><type>1</type><format>text</format><desc><![CDATA[10.护士宋某在与她的病人交谈的过程中，病人不停地问护士“你结婚了吗？有没有小孩？”此时该护士正确的回答是]]></desc><options><option><id>A</id><type>text</type><desc><![CDATA[如实回答病人提出的问题]]></desc></option><option><id>B</id><type>text</type><desc><![CDATA[告诉病人在会谈时不要问这问哪]]></desc></option><option><id>C</id><type>text</type><desc><![CDATA[告诉病人现在是在谈你的病情]]></desc></option><option><id>D</id><type>text</type><desc><![CDATA[对病人的问题不作反应]]></desc></option><option><id>E</id><type>text</type><desc><![CDATA[回答病人的问题，但告诉他不要再接着问了]]></desc></option></options><answers><![CDATA[C]]></answers></question><question><type>1</type><format>text</format><desc><![CDATA[11.在护士与病人的交往中，病人有时采用一些不合适的方式来试探护士的反应。如每当病人张某在与他的护士一起走时，他总是不停地用手碰护士的肩和后背，此时该护士正确的对应是]]></desc><options><option><id>A</id><type>text</type><desc><![CDATA[“你已经碰我好几次了，现在让我们谈一下关于你病情进展情况。”]]></desc></option><option><id>B</id><type>text</type><desc><![CDATA[“你的行为太过分了。”]]></desc></option><option><id>C</id><type>text</type><desc><![CDATA[用非语言沟通方式表示不满意]]></desc></option><option><id>D</id><type>text</type><desc><![CDATA[看病人一眼，什么也不说]]></desc></option><option><id>E</id><type>text</type><desc><![CDATA[“你要是再碰我，我就去找保安。”]]></desc></option></options><answers><![CDATA[A]]></answers></question><question><type>1</type><format>text</format><desc><![CDATA[12.没有做决定能力的精神疾病病人的知情同意过程应由合法的代理人来完成，其等级一般为]]></desc><options><option><id>A</id><type>text</type><desc><![CDATA[父母、配偶、其他直系亲属、一般亲属]]></desc></option><option><id>B</id><type>text</type><desc><![CDATA[配偶、父母、其他直系亲属、一般亲属]]></desc></option><option><id>C</id><type>text</type><desc><![CDATA[父母、其他直系亲属、一般亲属、配偶]]></desc></option><option><id>D</id><type>text</type><desc><![CDATA[配偶、其他直系亲属、一般亲属、父母]]></desc></option><option><id>E</id><type>text</type><desc><![CDATA[其他直系亲属、一般亲属、父母、配偶]]></desc></option></options><answers><![CDATA[B]]></answers></question><question><type>1</type><format>html</format><desc><![CDATA[13.<u><b>不可以</b></u>做精神疾病病人知情同意的合法代理人的是]]></desc><options><option><id>A</id><type>text</type><desc><![CDATA[父母]]></desc></option><option><id>B</id><type>text</type><desc><![CDATA[其他直系亲属]]></desc></option><option><id>C</id><type>text</type><desc><![CDATA[一般亲属]]></desc></option><option><id>D</id><type>text</type><desc><![CDATA[单位领导]]></desc></option><option><id>E</id><type>text</type><desc><![CDATA[配偶]]></desc></option></options><answers><![CDATA[D]]></answers></question><question><type>1</type><format>html</format><desc><![CDATA[14.下列<u><b>不属于</b></u>医护人员向病人和家属提供治疗和检查的信息是]]></desc><options><option><id>A</id><type>text</type><desc><![CDATA[疾病的诊断和预后]]></desc></option><option><id>B</id><type>text</type><desc><![CDATA[治疗和检查的程序]]></desc></option><option><id>C</id><type>text</type><desc><![CDATA[价格]]></desc></option><option><id>D</id><type>text</type><desc><![CDATA[自愿决定接受、拒绝或中断治疗和检查的权利]]></desc></option><option><id>E</id><type>text</type><desc><![CDATA[病人信息的公开性]]></desc></option></options><answers><![CDATA[E]]></answers></question><question><type>1</type><format>text</format><desc><![CDATA[15.在护患治疗关系初期，病人常常试图测试护士的信誉度。病人李某在最初的几次与护士会面时总是来晚，护士正确的做法是]]></desc><options><option><id>A</id><type>text</type><desc><![CDATA[护士也可以晚到，结束时间也错后]]></desc></option><option><id>B</id><type>text</type><desc><![CDATA[护士可以晚到，但结束时间按计划执行]]></desc></option><option><id>C</id><type>text</type><desc><![CDATA[护士需按时到场，但结束时间比计划时间提前]]></desc></option><option><id>D</id><type>text</type><desc><![CDATA[护士需按时到场，结束时间按原计划执行]]></desc></option><option><id>E</id><type>text</type><desc><![CDATA[护士需按时到场，结束时间比原计划错后]]></desc></option></options><answers><![CDATA[D]]></answers></question><question><type>1</type><format>text</format><desc><![CDATA[16.在护患治疗关系的工作期阶段，护士应设法识别并帮助病人解决“抵抗因素”。护士任某正在护理一位17岁的抑郁女孩，几天后护士得知病人的继父4年前强奸过她，护士帮助病人排解这个“抵抗因素”的正确的做法是]]></desc><options><option><id>A</id><type>text</type><desc><![CDATA[为病人保密，不向任何人说此事]]></desc></option><option><id>B</id><type>text</type><desc><![CDATA[告诉病人事情已过去4年了，不要总回忆它了]]></desc></option><option><id>C</id><type>text</type><desc><![CDATA[避开痛苦的话题，谈一些高兴的事]]></desc></option><option><id>D</id><type>text</type><desc><![CDATA[告诉病人去法庭起诉她的继父]]></desc></option><option><id>E</id><type>text</type><desc><![CDATA[帮助病人发泄愤怒及内疚感，并建议安排家庭治疗师解决病人和继父的问题]]></desc></option></options><answers><![CDATA[E]]></answers></question></questions><questions><instructions><![CDATA[二、共用题干选择题]]></instructions><question><type>3</type><format>text</format><desc><![CDATA[1.田某，女，58岁，患抑郁已住院4个月。田某一直和护理她的护士相处融洽。最近，田某突然胆怯地向护士提到在她年轻时与哥哥有不正当性行为。]]></desc><children><question><type>3</type><format>text</format><desc><![CDATA[（1）下列最适合田某现在的情况的护理诊断是]]></desc><options><option><id>A</id><type>text</type><desc><![CDATA[恐惧　与家庭关系混乱有关]]></desc></option><option><id>B</id><type>text</type><desc><![CDATA[逃避　与最近将收集不正当性行为资料有关]]></desc></option><option><id>C</id><type>text</type><desc><![CDATA[焦虑　与对护士不信任感有关]]></desc></option><option><id>D</id><type>text</type><desc><![CDATA[抑郁　与老年孤独有关]]></desc></option><option><id>E</id><type>text</type><desc><![CDATA[无助感　与生活不能自理有关]]></desc></option></options><answers><![CDATA[B]]></answers></question><question><type>3</type><format>text</format><desc><![CDATA[（2）根据田某目前的病情确立下列哪项护理目标适宜]]></desc><options><option><id>A</id><type>text</type><desc><![CDATA[避免任何压力事件]]></desc></option><option><id>B</id><type>text</type><desc><![CDATA[避免回忆不愉快的事]]></desc></option><option><id>C</id><type>text</type><desc><![CDATA[用语言表达复杂的心情，减轻焦虑]]></desc></option><option><id>D</id><type>text</type><desc><![CDATA[敢与和她发生性关系的哥哥对质]]></desc></option><option><id>E</id><type>text</type><desc><![CDATA[敢于将她的哥哥告上法庭]]></desc></option></options><answers><![CDATA[C]]></answers></question><question><type>3</type><format>html</format><desc><![CDATA[（3）在下列选项中，对田某的病情<u><b>无益</b></u>的护理措施是]]></desc><options><option><id>A</id><type>text</type><desc><![CDATA[鼓励病人发泄愤怒]]></desc></option><option><id>B</id><type>text</type><desc><![CDATA[观察病人焦虑的迹象]]></desc></option><option><id>C</id><type>text</type><desc><![CDATA[如果病人夜间不敢睡觉，护士应陪伴病人一会]]></desc></option><option><id>D</id><type>text</type><desc><![CDATA[避免回忆痛苦的事]]></desc></option><option><id>E</id><type>text</type><desc><![CDATA[教给病人放松运动]]></desc></option></options><answers><![CDATA[D]]></answers></question></children></question></questions></exam>