﻿<?xml version="1.0" encoding="UTF-8"?><exam><id>20181014140614</id><questions><instructions><![CDATA[一、单项选择题]]></instructions><question><type>1</type><format>text</format><desc><![CDATA[1.幻觉是精神分裂症病人最常见的感知觉障碍，其中最常见的幻觉是]]></desc><options><option><id>A</id><type>text</type><desc><![CDATA[幻视]]></desc></option><option><id>B</id><type>text</type><desc><![CDATA[幻味]]></desc></option><option><id>C</id><type>text</type><desc><![CDATA[幻嗅]]></desc></option><option><id>D</id><type>text</type><desc><![CDATA[幻听]]></desc></option><option><id>E</id><type>text</type><desc><![CDATA[内脏性幻觉]]></desc></option></options><answers><![CDATA[D]]></answers></question><question><type>1</type><format>text</format><desc><![CDATA[2.偏执型精神分裂症的妄想主题多为]]></desc><options><option><id>A</id><type>text</type><desc><![CDATA[贫穷妄想]]></desc></option><option><id>B</id><type>text</type><desc><![CDATA[夸大妄想]]></desc></option><option><id>C</id><type>text</type><desc><![CDATA[疑病妄想]]></desc></option><option><id>D</id><type>text</type><desc><![CDATA[影响妄想]]></desc></option><option><id>E</id><type>text</type><desc><![CDATA[被害妄想]]></desc></option></options><answers><![CDATA[E]]></answers></question><question><type>1</type><format>text</format><desc><![CDATA[3.某病人有被害妄想，认为饭中有毒而拒食，此时护士的正确做法是]]></desc><options><option><id>A</id><type>text</type><desc><![CDATA[避免冲突，不勉强病人进食，让其饥饿再进食]]></desc></option><option><id>B</id><type>text</type><desc><![CDATA[强行喂食]]></desc></option><option><id>C</id><type>text</type><desc><![CDATA[把病人约束起来，直至同意进食为止]]></desc></option><option><id>D</id><type>text</type><desc><![CDATA[带去餐厅与其他病友一起进食]]></desc></option><option><id>E</id><type>text</type><desc><![CDATA[将病人隔离，让其单独进食]]></desc></option></options><answers><![CDATA[D]]></answers></question><question><type>1</type><format>text</format><desc><![CDATA[4.精神分裂症最有效的维持治疗是]]></desc><options><option><id>A</id><type>text</type><desc><![CDATA[较长时间住院治疗]]></desc></option><option><id>B</id><type>text</type><desc><![CDATA[坚持服药]]></desc></option><option><id>C</id><type>text</type><desc><![CDATA[坚持服药并参加工作]]></desc></option><option><id>D</id><type>text</type><desc><![CDATA[逐渐减药并参加工作]]></desc></option><option><id>E</id><type>text</type><desc><![CDATA[心理社会治疗]]></desc></option></options><answers><![CDATA[C]]></answers></question><question><type>1</type><format>html</format><desc><![CDATA[5.精神分裂症各种类型中，治疗效果<u><b>最差</b></u>的是]]></desc><options><option><id>A</id><type>text</type><desc><![CDATA[单纯型]]></desc></option><option><id>B</id><type>text</type><desc><![CDATA[青春型]]></desc></option><option><id>C</id><type>text</type><desc><![CDATA[紧张型]]></desc></option><option><id>D</id><type>text</type><desc><![CDATA[偏执型]]></desc></option><option><id>E</id><type>text</type><desc><![CDATA[未分化型]]></desc></option></options><answers><![CDATA[A]]></answers></question><question><type>1</type><format>text</format><desc><![CDATA[6.在精神分裂症病因学研究中，目前最重要的因素是]]></desc><options><option><id>A</id><type>text</type><desc><![CDATA[遗传因素]]></desc></option><option><id>B</id><type>text</type><desc><![CDATA[环境因素]]></desc></option><option><id>C</id><type>text</type><desc><![CDATA[精神因素]]></desc></option><option><id>D</id><type>text</type><desc><![CDATA[性格因素]]></desc></option><option><id>E</id><type>text</type><desc><![CDATA[社会因素]]></desc></option></options><answers><![CDATA[A]]></answers></question><question><type>1</type><format>text</format><desc><![CDATA[7.精神分裂症治疗，首选]]></desc><options><option><id>A</id><type>text</type><desc><![CDATA[心理治疗]]></desc></option><option><id>B</id><type>text</type><desc><![CDATA[精神药物治疗]]></desc></option><option><id>C</id><type>text</type><desc><![CDATA[电痉挛治疗]]></desc></option><option><id>D</id><type>text</type><desc><![CDATA[手术治疗]]></desc></option><option><id>E</id><type>text</type><desc><![CDATA[行为治疗]]></desc></option></options><answers><![CDATA[B]]></answers></question><question><type>1</type><format>text</format><desc><![CDATA[8.关于精神分裂症的特点，正确的是]]></desc><options><option><id>A</id><type>text</type><desc><![CDATA[意识障碍]]></desc></option><option><id>B</id><type>text</type><desc><![CDATA[精神活动与周围环境协调]]></desc></option><option><id>C</id><type>text</type><desc><![CDATA[协调性情感高涨或低落]]></desc></option><option><id>D</id><type>text</type><desc><![CDATA[智能障碍]]></desc></option><option><id>E</id><type>text</type><desc><![CDATA[有思维、情感、行为等改变]]></desc></option></options><answers><![CDATA[E]]></answers></question><question><type>1</type><format>text</format><desc><![CDATA[9.病人，女，44岁。敏感多疑，怀疑单位同事有意和她作对，故意给其工作和生活设置障碍，近期经常听到耳边有人说话。对其行为进行评价，护士对其心理护理中，正确的是]]></desc><options><option><id>A</id><type>text</type><desc><![CDATA[经常与病人讨论单位同事对她的评价]]></desc></option><option><id>B</id><type>text</type><desc><![CDATA[明确告诉病人没有人陷害她]]></desc></option><option><id>C</id><type>text</type><desc><![CDATA[与病人争辩其说话的对象不存在]]></desc></option><option><id>D</id><type>text</type><desc><![CDATA[耐心倾听病人诉说，尽量满足病人合理要求]]></desc></option><option><id>E</id><type>text</type><desc><![CDATA[在病人面前应低声交谈，以免引起病人猜疑]]></desc></option></options><answers><![CDATA[D]]></answers></question><question><type>1</type><format>text</format><desc><![CDATA[10.病人，男，28岁，精神分裂症。第2次复发住院治疗后拟于明日出院。护士在对病人进行出院指导时，应首先重点强调的是]]></desc><options><option><id>A</id><type>text</type><desc><![CDATA[规律生活]]></desc></option><option><id>B</id><type>text</type><desc><![CDATA[锻炼身体]]></desc></option><option><id>C</id><type>text</type><desc><![CDATA[加强营养]]></desc></option><option><id>D</id><type>text</type><desc><![CDATA[维持药物治疗]]></desc></option><option><id>E</id><type>text</type><desc><![CDATA[参与社会工作]]></desc></option></options><answers><![CDATA[D]]></answers></question><question><type>1</type><format>html</format><desc><![CDATA[11.病人男性，43岁。因“失眠、纳差，凭空闻语3个月余，加重1个月”来诊，以“精神分裂症”收住入院。病人病前性格内向、多疑。入院时神志清醒，多问少答。针对该病人失眠，<u><b>错误的</b></u>护理措施是]]></desc><options><option><id>A</id><type>text</type><desc><![CDATA[白天适当参加文娱活动]]></desc></option><option><id>B</id><type>text</type><desc><![CDATA[睡前不喝浓茶咖啡]]></desc></option><option><id>C</id><type>text</type><desc><![CDATA[临睡前排尿]]></desc></option><option><id>D</id><type>text</type><desc><![CDATA[睡前访问病人]]></desc></option><option><id>E</id><type>text</type><desc><![CDATA[创造良好睡眠环境]]></desc></option></options><answers><![CDATA[D]]></answers></question></questions><questions><instructions><![CDATA[二、共用题干选择题]]></instructions><question><type>3</type><format>text</format><desc><![CDATA[1.病人，男性，24岁。觉得大街上人们都对他有敌意，在注意他的行动，房子里有人安装了摄像头，监视他的行动；有时自言自语、自笑；不吃家人做的饭，害怕饭里有毒，要自己亲自做饭；对家人和朋友漠不关心，父亲病重住院，病人无动于衷。]]></desc><children><question><type>3</type><format>text</format><desc><![CDATA[（1）该病人可能有]]></desc><options><option><id>A</id><type>text</type><desc><![CDATA[癔症]]></desc></option><option><id>B</id><type>text</type><desc><![CDATA[焦虑症]]></desc></option><option><id>C</id><type>text</type><desc><![CDATA[抑郁症]]></desc></option><option><id>D</id><type>text</type><desc><![CDATA[精神分裂症]]></desc></option><option><id>E</id><type>text</type><desc><![CDATA[阿尔茨海默病]]></desc></option></options><answers><![CDATA[D]]></answers></question><question><type>3</type><format>text</format><desc><![CDATA[（2）该病人情感属于]]></desc><options><option><id>A</id><type>text</type><desc><![CDATA[欣快]]></desc></option><option><id>B</id><type>text</type><desc><![CDATA[情感淡漠]]></desc></option><option><id>C</id><type>text</type><desc><![CDATA[情感高涨]]></desc></option><option><id>D</id><type>text</type><desc><![CDATA[情感低落]]></desc></option><option><id>E</id><type>text</type><desc><![CDATA[情感爆发]]></desc></option></options><answers><![CDATA[B]]></answers></question><question><type>3</type><format>text</format><desc><![CDATA[（3）该病人思维属于]]></desc><options><option><id>A</id><type>text</type><desc><![CDATA[关系妄想]]></desc></option><option><id>B</id><type>text</type><desc><![CDATA[物理妄想]]></desc></option><option><id>C</id><type>text</type><desc><![CDATA[被害妄想]]></desc></option><option><id>D</id><type>text</type><desc><![CDATA[罪恶妄想]]></desc></option><option><id>E</id><type>text</type><desc><![CDATA[夸大妄想]]></desc></option></options><answers><![CDATA[C]]></answers></question><question><type>3</type><format>text</format><desc><![CDATA[（4）该病人主要护理问题为]]></desc><options><option><id>A</id><type>text</type><desc><![CDATA[社交障碍]]></desc></option><option><id>B</id><type>text</type><desc><![CDATA[预感性悲伤]]></desc></option><option><id>C</id><type>text</type><desc><![CDATA[思维过程改变]]></desc></option><option><id>D</id><type>text</type><desc><![CDATA[生活自理能力降低]]></desc></option><option><id>E</id><type>text</type><desc><![CDATA[穿着或修饰自理缺陷]]></desc></option></options><answers><![CDATA[C]]></answers></question></children></question></questions></exam>