﻿<?xml version="1.0" encoding="UTF-8"?><exam><id>20181014141302</id><questions><instructions><![CDATA[一、单项选择题]]></instructions><question><type>1</type><format>text</format><desc><![CDATA[1.与违法犯罪关系最为密切的人格障碍类型是]]></desc><options><option><id>A</id><type>text</type><desc><![CDATA[偏执性人格障碍]]></desc></option><option><id>B</id><type>text</type><desc><![CDATA[分裂样人格障碍]]></desc></option><option><id>C</id><type>text</type><desc><![CDATA[反社会性人格障碍]]></desc></option><option><id>D</id><type>text</type><desc><![CDATA[表演性人格障碍]]></desc></option></options><answers><![CDATA[C]]></answers></question><question><type>1</type><format>text</format><desc><![CDATA[2.情绪高度不稳定，极易产生兴奋和冲动是下列哪种人格障碍的特点]]></desc><options><option><id>A</id><type>text</type><desc><![CDATA[表演性]]></desc></option><option><id>B</id><type>text</type><desc><![CDATA[冲动性]]></desc></option><option><id>C</id><type>text</type><desc><![CDATA[焦虑性]]></desc></option><option><id>D</id><type>text</type><desc><![CDATA[反社会性]]></desc></option></options><answers><![CDATA[B]]></answers></question><question><type>1</type><format>text</format><desc><![CDATA[3.双胞胎反社会性人格障碍共同患病率的研究揭示了该种人格障碍哪方面的病因]]></desc><options><option><id>A</id><type>text</type><desc><![CDATA[整合模型]]></desc></option><option><id>B</id><type>text</type><desc><![CDATA[社会心理原因]]></desc></option><option><id>C</id><type>text</type><desc><![CDATA[遗传原因]]></desc></option><option><id>D</id><type>text</type><desc><![CDATA[生物递质原因]]></desc></option></options><answers><![CDATA[C]]></answers></question><question><type>1</type><format>html</format><desc><![CDATA[4.下面哪种人格障碍<u><b>不具有</b></u>攻击性]]></desc><options><option><id>A</id><type>text</type><desc><![CDATA[偏执性]]></desc></option><option><id>B</id><type>text</type><desc><![CDATA[反社会性]]></desc></option><option><id>C</id><type>text</type><desc><![CDATA[冲动性]]></desc></option><option><id>D</id><type>text</type><desc><![CDATA[表演性]]></desc></option></options><answers><![CDATA[D]]></answers></question><question><type>1</type><format>text</format><desc><![CDATA[5.观念、行为和外貌装饰的奇特，情感冷漠，明显缺乏必要的人际关系，这是]]></desc><options><option><id>A</id><type>text</type><desc><![CDATA[偏执性人格障碍]]></desc></option><option><id>B</id><type>text</type><desc><![CDATA[分裂样人格障碍]]></desc></option><option><id>C</id><type>text</type><desc><![CDATA[反社会性人格障碍]]></desc></option><option><id>D</id><type>text</type><desc><![CDATA[冲动性人格障碍]]></desc></option></options><answers><![CDATA[A]]></answers></question><question><type>1</type><format>text</format><desc><![CDATA[6.必须按照某种规则把事情做到“恰到好处”，其特征是过分的谨小慎微、严格要求、完美主义及内心有不安全感，这是]]></desc><options><option><id>A</id><type>text</type><desc><![CDATA[强迫性人格障碍]]></desc></option><option><id>B</id><type>text</type><desc><![CDATA[焦虑性人格障碍]]></desc></option><option><id>C</id><type>text</type><desc><![CDATA[依赖性人格障碍]]></desc></option><option><id>D</id><type>text</type><desc><![CDATA[表演性人格障碍]]></desc></option></options><answers><![CDATA[A]]></answers></question><question><type>1</type><format>html</format><desc><![CDATA[7.与反社会人格障碍的特点<u><b>不符合</b></u>的是]]></desc><options><option><id>A</id><type>text</type><desc><![CDATA[社会适应不良]]></desc></option><option><id>B</id><type>text</type><desc><![CDATA[不能吸取教训]]></desc></option><option><id>C</id><type>text</type><desc><![CDATA[高度的攻击性]]></desc></option><option><id>D</id><type>text</type><desc><![CDATA[常缺乏羞耻感]]></desc></option></options><answers><![CDATA[D]]></answers></question><question><type>1</type><format>html</format><desc><![CDATA[8.强迫型人格障碍的特点<u><b>不包括</b></u>]]></desc><options><option><id>A</id><type>text</type><desc><![CDATA[做事反复检查、苛求细节]]></desc></option><option><id>B</id><type>text</type><desc><![CDATA[做事按部就班、一丝不苟]]></desc></option><option><id>C</id><type>text</type><desc><![CDATA[与别人交往感到了困难]]></desc></option><option><id>D</id><type>text</type><desc><![CDATA[不完美就会焦虑和苦恼]]></desc></option></options><answers><![CDATA[C]]></answers></question><question><type>1</type><format>html</format><desc><![CDATA[9.偏执型人格障碍的特征<u><b>不包括</b></u>]]></desc><options><option><id>A</id><type>text</type><desc><![CDATA[固执]]></desc></option><option><id>B</id><type>text</type><desc><![CDATA[多疑]]></desc></option><option><id>C</id><type>text</type><desc><![CDATA[自命不凡]]></desc></option><option><id>D</id><type>text</type><desc><![CDATA[反社会行为]]></desc></option></options><answers><![CDATA[D]]></answers></question><question><type>1</type><format>html</format><desc><![CDATA[10.下列哪项治疗方法对反社会性人格障碍病人治疗效果<u><b>最不好</b></u>]]></desc><options><option><id>A</id><type>text</type><desc><![CDATA[塑造榜样]]></desc></option><option><id>B</id><type>text</type><desc><![CDATA[改善社会环境]]></desc></option><option><id>C</id><type>text</type><desc><![CDATA[行为疗法]]></desc></option><option><id>D</id><type>text</type><desc><![CDATA[家庭治疗]]></desc></option></options><answers><![CDATA[B]]></answers></question><question><type>1</type><format>text</format><desc><![CDATA[11.李某，26岁，在厂内总是猜疑别人，无理找三分。明明是自己的错也挑别人的理，自小就固执、学习不好，找老师的原因，不爱和别人交往。总认为自己是最棒的，对侮辱和伤害总是怨恨持续很久，依此症状判断他有以下哪种人格障碍]]></desc><options><option><id>A</id><type>text</type><desc><![CDATA[偏执型人格障碍]]></desc></option><option><id>B</id><type>text</type><desc><![CDATA[自恋型人格障碍]]></desc></option><option><id>C</id><type>text</type><desc><![CDATA[强迫型人格障碍]]></desc></option><option><id>D</id><type>text</type><desc><![CDATA[分裂性人格障碍]]></desc></option></options><answers><![CDATA[A]]></answers></question><question><type>1</type><format>text</format><desc><![CDATA[12.刘某，40岁已婚，对待家人冷淡，妻子和孩子病了不管，态度很冷淡也不愿和别人交往，家里来了客人也没有热情接待，还常有奇特的幻想，从小父母离异，对婚姻没有强烈的需求，在母亲百般催促下才结婚，据此表现判断此人是]]></desc><options><option><id>A</id><type>text</type><desc><![CDATA[边缘型人格障碍]]></desc></option><option><id>B</id><type>text</type><desc><![CDATA[自恋型人格障碍]]></desc></option><option><id>C</id><type>text</type><desc><![CDATA[被动攻击型人格障碍]]></desc></option><option><id>D</id><type>text</type><desc><![CDATA[分裂性人格障碍]]></desc></option></options><answers><![CDATA[D]]></answers></question><question><type>1</type><format>text</format><desc><![CDATA[13.李某，男，37岁，被诊断为反社会性人格障碍。某天早晨，他遇到护士甲。对护士甲说：“你不像护士乙说的那样坏”。然后他又到护士乙那讲“你与护士甲因为某某原因有矛盾”。李某的所作所为属于下列列那种行为]]></desc><options><option><id>A</id><type>text</type><desc><![CDATA[关心]]></desc></option><option><id>B</id><type>text</type><desc><![CDATA[客观判断]]></desc></option><option><id>C</id><type>text</type><desc><![CDATA[产生内疚]]></desc></option><option><id>D</id><type>text</type><desc><![CDATA[操纵]]></desc></option></options><answers><![CDATA[D]]></answers></question><question><type>1</type><format>text</format><desc><![CDATA[14.张某，男38岁，他的处事方式具有戏剧性，以自我为中心，用过分夸大的言行来表现自己，想方设法地吸引别人的注意力，得到别人的注意他们就感到满足，没人理睬就变得空虚无聊，据此表现判断此人是]]></desc><options><option><id>A</id><type>text</type><desc><![CDATA[边缘型人格障碍]]></desc></option><option><id>B</id><type>text</type><desc><![CDATA[表演型人格障碍]]></desc></option><option><id>C</id><type>text</type><desc><![CDATA[分列型人格障碍]]></desc></option><option><id>D</id><type>text</type><desc><![CDATA[自恋型人格障碍]]></desc></option></options><answers><![CDATA[B]]></answers></question><question><type>1</type><format>text</format><desc><![CDATA[15.杨某，女，43岁，经常突然出现情感低落、忧虑或烦躁、沮丧等。不能承受压力，在别人看来都是生活中的常见问题，但在她眼里，这些问题犹如祸从天降，难以逾越，依此症状判断她有以下哪种人格障碍]]></desc><options><option><id>A</id><type>text</type><desc><![CDATA[边缘型人格障碍]]></desc></option><option><id>B</id><type>text</type><desc><![CDATA[自恋型人格障碍]]></desc></option><option><id>C</id><type>text</type><desc><![CDATA[强迫型人格障碍]]></desc></option><option><id>D</id><type>text</type><desc><![CDATA[分裂性人格障碍]]></desc></option></options><answers><![CDATA[A]]></answers></question></questions><questions><instructions><![CDATA[二、共用题干选择题]]></instructions><question><type>3</type><format>text</format><desc><![CDATA[1.李某，男20岁，大二年级学生，成绩优异。这次在班干部竞选中，他很自信地竞选班长一职，但是在班上却仅两个人投他的赞成票。他很气愤，认为班上的同学是嫉妒他的才能，所以联合起来不选他。他有时上课爱顶撞老师，觉得老师的想法明明是错误的，可是老师反而说他是错误的，心理很不舒服。对很多事情只认自己的理，喜欢钻牛角尖。]]></desc><children><question><type>3</type><format>text</format><desc><![CDATA[（1）李某属于哪种人格障碍]]></desc><options><option><id>A</id><type>text</type><desc><![CDATA[边缘型人格障碍]]></desc></option><option><id>B</id><type>text</type><desc><![CDATA[偏执型人格障碍]]></desc></option><option><id>C</id><type>text</type><desc><![CDATA[表演型人格障碍]]></desc></option><option><id>D</id><type>text</type><desc><![CDATA[自恋型人格障碍]]></desc></option></options><answers><![CDATA[B]]></answers></question><question><type>3</type><format>text</format><desc><![CDATA[（2）对上述病例，主要的护理问题是]]></desc><options><option><id>A</id><type>text</type><desc><![CDATA[焦虑]]></desc></option><option><id>B</id><type>text</type><desc><![CDATA[恐惧]]></desc></option><option><id>C</id><type>text</type><desc><![CDATA[个人应对无效]]></desc></option><option><id>D</id><type>text</type><desc><![CDATA[偏执多疑]]></desc></option></options><answers><![CDATA[D]]></answers></question></children></question><question><type>3</type><format>text</format><desc><![CDATA[2.陈某，男，28岁，由家人送到精神诊所。吴某在路上嘴里不停地骂着他的妻子，据护送他的人讲，李某在家饮酒之后，打了他的妻子，又到饭馆与他人争吵，于是家人将他送来进行精神评估。陈某的历史表明他自小对宠物残忍，长大后曾多次因打架被送入监狱。医生初步诊断陈某为反社会型人格障碍。]]></desc><children><question><type>3</type><format>text</format><desc><![CDATA[（1）陈某说的下列哪句话说明他有反社会型人格障碍的特点]]></desc><options><option><id>A</id><type>text</type><desc><![CDATA[我真不该又犯罪，我母亲知道了一定会非常伤心]]></desc></option><option><id>B</id><type>text</type><desc><![CDATA[我总是做错事，今后一定要改正]]></desc></option><option><id>C</id><type>text</type><desc><![CDATA[我的妻子太烦人啦，她该打]]></desc></option><option><id>D</id><type>text</type><desc><![CDATA[我脾气不好，但每次都能控制]]></desc></option></options><answers><![CDATA[C]]></answers></question><question><type>3</type><format>text</format><desc><![CDATA[（2）下列哪个护理诊断对陈某入院时最合适]]></desc><options><option><id>A</id><type>text</type><desc><![CDATA[对他人的暴力危险]]></desc></option><option><id>B</id><type>text</type><desc><![CDATA[对自己的暴力危险]]></desc></option><option><id>C</id><type>text</type><desc><![CDATA[社会隔离]]></desc></option><option><id>D</id><type>text</type><desc><![CDATA[恐惧]]></desc></option></options><answers><![CDATA[A]]></answers></question><question><type>3</type><format>text</format><desc><![CDATA[（3）陈某为了自己的利益对别人采取操纵和进攻行为，工作人员经讨论准备对陈某采取环境限制的护理措施，其理由是]]></desc><options><option><id>A</id><type>text</type><desc><![CDATA[环境限制能为病人提供一个反思的机会]]></desc></option><option><id>B</id><type>text</type><desc><![CDATA[当病人不能自控时，外部限制是必要的，以保证其他人的安全]]></desc></option><option><id>C</id><type>text</type><desc><![CDATA[环境限制能降低病人的焦虑]]></desc></option><option><id>D</id><type>text</type><desc><![CDATA[环境限制会诱导病人产生内疚感]]></desc></option></options><answers><![CDATA[B]]></answers></question></children></question></questions></exam>