﻿<?xml version="1.0" encoding="UTF-8"?><exam><id>20181014135901</id><questions><instructions><![CDATA[一、单项选择题]]></instructions><question><type>1</type><format>html</format><desc><![CDATA[1.适应障碍在应激源消失后症状一般<u><b>不应</b></u>持续超过]]></desc><options><option><id>A</id><type>text</type><desc><![CDATA[1个月]]></desc></option><option><id>B</id><type>text</type><desc><![CDATA[3个月]]></desc></option><option><id>C</id><type>text</type><desc><![CDATA[6个月]]></desc></option><option><id>D</id><type>text</type><desc><![CDATA[1年]]></desc></option><option><id>E</id><type>text</type><desc><![CDATA[2年]]></desc></option></options><answers><![CDATA[C]]></answers></question><question><type>1</type><format>html</format><desc><![CDATA[2.急性应激反应的病程一般<u><b>不超过</b></u>]]></desc><options><option><id>A</id><type>text</type><desc><![CDATA[1周]]></desc></option><option><id>B</id><type>text</type><desc><![CDATA[2周]]></desc></option><option><id>C</id><type>text</type><desc><![CDATA[3周]]></desc></option><option><id>D</id><type>text</type><desc><![CDATA[1个月]]></desc></option><option><id>E</id><type>text</type><desc><![CDATA[3个月]]></desc></option></options><answers><![CDATA[D]]></answers></question><question><type>1</type><format>text</format><desc><![CDATA[3.急性应激障碍的临床特点包括]]></desc><options><option><id>A</id><type>text</type><desc><![CDATA[病前遭受异乎寻常的应激性生活事件]]></desc></option><option><id>B</id><type>text</type><desc><![CDATA[症状的出现与应激源无关]]></desc></option><option><id>C</id><type>text</type><desc><![CDATA[发作具有暗示性]]></desc></option><option><id>D</id><type>text</type><desc><![CDATA[病程长]]></desc></option><option><id>E</id><type>text</type><desc><![CDATA[预后差]]></desc></option></options><answers><![CDATA[A]]></answers></question><question><type>1</type><format>text</format><desc><![CDATA[4.适应障碍与焦虑症的鉴别在于前者]]></desc><options><option><id>A</id><type>text</type><desc><![CDATA[病程一般较长，大于6个月]]></desc></option><option><id>B</id><type>text</type><desc><![CDATA[临床症状变化较大，以情绪和行为异常为主要临床表现]]></desc></option><option><id>C</id><type>text</type><desc><![CDATA[常有明显的植物神经功能失调]]></desc></option><option><id>D</id><type>text</type><desc><![CDATA[病前无任何可重视的应激源可寻]]></desc></option><option><id>E</id><type>text</type><desc><![CDATA[一般无精神病性症状]]></desc></option></options><answers><![CDATA[B]]></answers></question><question><type>1</type><format>text</format><desc><![CDATA[5.与患有创伤后应激障碍的病人谈论创伤时采取下列哪种方式最为合适]]></desc><options><option><id>A</id><type>text</type><desc><![CDATA[通过另一个当事人来证实病人所说的话]]></desc></option><option><id>B</id><type>text</type><desc><![CDATA[要求病人记下他所说的话]]></desc></option><option><id>C</id><type>text</type><desc><![CDATA[专心聆听]]></desc></option><option><id>D</id><type>text</type><desc><![CDATA[分散病人的注意力，以减轻病的痛苦]]></desc></option><option><id>E</id><type>text</type><desc><![CDATA[通过提问题来表明自己对细节的兴趣]]></desc></option></options><answers><![CDATA[C]]></answers></question><question><type>1</type><format>text</format><desc><![CDATA[6.在帮助患有创伤后应激障碍的病人及其家属处理好家庭冲突方面，下列哪项护理措施最有效]]></desc><options><option><id>A</id><type>text</type><desc><![CDATA[让其家人教会病人识别防卫行为]]></desc></option><option><id>B</id><type>text</type><desc><![CDATA[让其家人讨论如何改变交际障碍的家庭模式]]></desc></option><option><id>C</id><type>text</type><desc><![CDATA[让其家人不告诉病人如何处理问题]]></desc></option><option><id>D</id><type>text</type><desc><![CDATA[让病人增加参加社交活动的机会]]></desc></option><option><id>E</id><type>text</type><desc><![CDATA[鼓励病人面对现实，主动调适自己]]></desc></option></options><answers><![CDATA[E]]></answers></question><question><type>1</type><format>text</format><desc><![CDATA[7.大声噪音可使创伤后应激障碍病人产生严重的焦虑反应，下列那种解释是正确的]]></desc><options><option><id>A</id><type>text</type><desc><![CDATA[许多人对一个害怕的经历会产生强烈的情感反应]]></desc></option><option><id>B</id><type>text</type><desc><![CDATA[此病人还有其他精神问题]]></desc></option><option><id>C</id><type>text</type><desc><![CDATA[许多人对某些正常的刺激会产生恐惧]]></desc></option><option><id>D</id><type>text</type><desc><![CDATA[许多人不能以一种合适的方式对应刺激]]></desc></option><option><id>E</id><type>text</type><desc><![CDATA[环境因素可触发病人的情感反应]]></desc></option></options><answers><![CDATA[E]]></answers></question><question><type>1</type><format>html</format><desc><![CDATA[8.有关应激与应激源，以下哪一项<u><b>不对</b></u>]]></desc><options><option><id>A</id><type>text</type><desc><![CDATA[应激即指对应激源作出的反应]]></desc></option><option><id>B</id><type>text</type><desc><![CDATA[应激源指导致个体出现应激的原因]]></desc></option><option><id>C</id><type>text</type><desc><![CDATA[处于应激状态下的个体常有内环境的紊乱]]></desc></option><option><id>D</id><type>text</type><desc><![CDATA[应激源有正性与负性之分]]></desc></option><option><id>E</id><type>text</type><desc><![CDATA[心理健康的个体是因为他们较少碰到应激源]]></desc></option></options><answers><![CDATA[E]]></answers></question><question><type>1</type><format>html</format><desc><![CDATA[9.以下哪一项<u><b>不是</b></u>急性心因性反应的特征]]></desc><options><option><id>A</id><type>text</type><desc><![CDATA[可出现意识障碍]]></desc></option><option><id>B</id><type>text</type><desc><![CDATA[精神运动性兴奋与抑制]]></desc></option><option><id>C</id><type>text</type><desc><![CDATA[内容常涉及心因与个人经历]]></desc></option><option><id>D</id><type>text</type><desc><![CDATA[病程一般不超过三个月]]></desc></option><option><id>E</id><type>text</type><desc><![CDATA[精神症状的发生与应激事件有时间上的紧密联系]]></desc></option></options><answers><![CDATA[D]]></answers></question><question><type>1</type><format>html</format><desc><![CDATA[10.以下哪项<u><b>不是</b></u>创伤后应激障碍的特点]]></desc><options><option><id>A</id><type>text</type><desc><![CDATA[应激源往往具有异常惊恐或灾难性质]]></desc></option><option><id>B</id><type>text</type><desc><![CDATA[症状常有晨重夜轻的节律变化]]></desc></option><option><id>C</id><type>text</type><desc><![CDATA[反复重现创伤性体验]]></desc></option><option><id>D</id><type>text</type><desc><![CDATA[持续性的警觉性增高]]></desc></option><option><id>E</id><type>text</type><desc><![CDATA[发病常在遭受创伤后数日至半年内出现]]></desc></option></options><answers><![CDATA[B]]></answers></question><question><type>1</type><format>text</format><desc><![CDATA[11.病人，男，14岁，因转学近3月出现不遵学校纪律、逃学、网瘾、打架、破坏公物等违规违纪行为。该病人可能的诊断为]]></desc><options><option><id>A</id><type>text</type><desc><![CDATA[躁狂症]]></desc></option><option><id>B</id><type>text</type><desc><![CDATA[适应障碍]]></desc></option><option><id>C</id><type>text</type><desc><![CDATA[精神分裂症]]></desc></option><option><id>D</id><type>text</type><desc><![CDATA[神经症]]></desc></option><option><id>E</id><type>text</type><desc><![CDATA[创伤后应激障碍]]></desc></option></options><answers><![CDATA[B]]></answers></question><question><type>1</type><format>text</format><desc><![CDATA[12.病人，男，21岁，因亲眼目睹一起打架凶杀事件后，表现为呆立在原地，表情木讷，不言不语，被朋友送回家后出现极度恐惧、大哭、看见筷子就大叫等行为异常表现。该病人可能的诊断为]]></desc><options><option><id>A</id><type>text</type><desc><![CDATA[急性应激障碍]]></desc></option><option><id>B</id><type>text</type><desc><![CDATA[适应障碍]]></desc></option><option><id>C</id><type>text</type><desc><![CDATA[双向情感障碍]]></desc></option><option><id>D</id><type>text</type><desc><![CDATA[精神分裂症]]></desc></option><option><id>E</id><type>text</type><desc><![CDATA[创伤后应激障碍]]></desc></option></options><answers><![CDATA[A]]></answers></question><question><type>1</type><format>text</format><desc><![CDATA[13.病人，女，13岁，某地震灾区学生。病人亲历地震并幸免于难。近2月一直待在帐篷不住板房，有点响声身体就出现惊吓反应。最近出现入睡困难、少言寡语、生活需要照料等异常行为。对该病人首先考虑诊断是]]></desc><options><option><id>A</id><type>text</type><desc><![CDATA[抑郁发作]]></desc></option><option><id>B</id><type>text</type><desc><![CDATA[惊恐发作]]></desc></option><option><id>C</id><type>text</type><desc><![CDATA[PTSD]]></desc></option><option><id>D</id><type>text</type><desc><![CDATA[急性应激障碍]]></desc></option><option><id>E</id><type>text</type><desc><![CDATA[适应障碍]]></desc></option></options><answers><![CDATA[C]]></answers></question><question><type>1</type><format>text</format><desc><![CDATA[14.病人，女，33岁，结婚5年来，经常遭受家庭暴力，近7个月来开始夜晚经常被噩梦惊醒，精神恍惚，不能专心工作，同事都感觉她像变了个人，时常发呆、自言自语，有时流露出悲观厌世的念头，后被家属送入医院。目前，该病人最主要的护理问题是]]></desc><options><option><id>A</id><type>text</type><desc><![CDATA[睡眠形态紊乱]]></desc></option><option><id>B</id><type>text</type><desc><![CDATA[社交障碍]]></desc></option><option><id>C</id><type>text</type><desc><![CDATA[生活自理能力降低]]></desc></option><option><id>D</id><type>text</type><desc><![CDATA[有自杀的危险]]></desc></option><option><id>E</id><type>text</type><desc><![CDATA[思维过程改变]]></desc></option></options><answers><![CDATA[D]]></answers></question></questions><questions><instructions><![CDATA[二、共用题干选择题]]></instructions><question><type>3</type><format>text</format><desc><![CDATA[1.张某，女，24岁。在搭男友摩托郊游后返城中，途中遭遇车祸，双双被送进医院。其男友不治身亡，而张某本人受轻伤。正在给病人包扎伤口时，病人突然大哭大叫，扯掉绑带，赤脚往诊室外冲，口中不停呼唤男友的名字，行为冲动，表情恐惧。]]></desc><children><question><type>3</type><format>text</format><desc><![CDATA[（1）此病人最可能的诊断是]]></desc><options><option><id>A</id><type>text</type><desc><![CDATA[急性应激障碍]]></desc></option><option><id>B</id><type>text</type><desc><![CDATA[创伤后应激障碍]]></desc></option><option><id>C</id><type>text</type><desc><![CDATA[癔症]]></desc></option><option><id>D</id><type>text</type><desc><![CDATA[病理性激情发作]]></desc></option><option><id>E</id><type>text</type><desc><![CDATA[躁狂状态]]></desc></option></options><answers><![CDATA[A]]></answers></question><question><type>3</type><format>text</format><desc><![CDATA[（2）此病人目前的急诊处理措施是]]></desc><options><option><id>A</id><type>text</type><desc><![CDATA[予以地西泮10mg镇静]]></desc></option><option><id>B</id><type>text</type><desc><![CDATA[予以氯丙嗪100mg镇静]]></desc></option><option><id>C</id><type>text</type><desc><![CDATA[予以支持性心理治疗]]></desc></option><option><id>D</id><type>text</type><desc><![CDATA[暗示治疗]]></desc></option><option><id>E</id><type>text</type><desc><![CDATA[碳酸锂治疗]]></desc></option></options><answers><![CDATA[A]]></answers></question><question><type>3</type><format>text</format><desc><![CDATA[（3）一年后护士对张某进行随访，家人反映其性格有改变，无故发脾气，不喜欢外出，沉默少语。睡眠差，有几次听到病人从睡梦中惊醒。不敢坐摩托车，甚至听到汽车的喇叭声也表现恐惧害怕。此时，张某可诊断为]]></desc><options><option><id>A</id><type>text</type><desc><![CDATA[创伤后应激障碍]]></desc></option><option><id>B</id><type>text</type><desc><![CDATA[适应性障碍]]></desc></option><option><id>C</id><type>text</type><desc><![CDATA[恶劣心境障碍]]></desc></option><option><id>D</id><type>text</type><desc><![CDATA[恐惧症]]></desc></option><option><id>E</id><type>text</type><desc><![CDATA[慢性反应性精神病]]></desc></option></options><answers><![CDATA[A]]></answers></question></children></question><question><type>3</type><format>text</format><desc><![CDATA[2.吴某,女，32岁。与父母关系一直较好，素性内向，3天前得知其父母同时出车祸死亡后，即刻出现哭泣，叫喊“爸、妈你们不能死”，称其丈夫为爸爸，言语凌乱，无目的走窜。]]></desc><children><question><type>3</type><format>text</format><desc><![CDATA[（1）该病人最可能的诊断是]]></desc><options><option><id>A</id><type>text</type><desc><![CDATA[精神分裂症]]></desc></option><option><id>B</id><type>text</type><desc><![CDATA[癔病]]></desc></option><option><id>C</id><type>text</type><desc><![CDATA[急性应激障碍]]></desc></option><option><id>D</id><type>text</type><desc><![CDATA[惊恐发作]]></desc></option><option><id>E</id><type>text</type><desc><![CDATA[妄想阵发]]></desc></option></options><answers><![CDATA[C]]></answers></question><question><type>3</type><format>text</format><desc><![CDATA[（2）经适当治疗，估计该病人预后]]></desc><options><option><id>A</id><type>text</type><desc><![CDATA[易导致人格衰退]]></desc></option><option><id>B</id><type>text</type><desc><![CDATA[病情迁延]]></desc></option><option><id>C</id><type>text</type><desc><![CDATA[虽可治愈，但易反复]]></desc></option><option><id>D</id><type>text</type><desc><![CDATA[病情痊愈后社会功能受损]]></desc></option><option><id>E</id><type>text</type><desc><![CDATA[可很快痊愈]]></desc></option></options><answers><![CDATA[E]]></answers></question></children></question></questions></exam>