﻿<?xml version="1.0" encoding="UTF-8"?><exam><id>20181014134135</id><questions><instructions><![CDATA[一、单项选择题]]></instructions><question><type>1</type><format>html</format><desc><![CDATA[1.抗精神病药一般<u><b>不用于</b></u>下列哪种疾病的治疗]]></desc><options><option><id>A</id><type>text</type><desc><![CDATA[精神分裂症]]></desc></option><option><id>B</id><type>text</type><desc><![CDATA[情感性精神障碍]]></desc></option><option><id>C</id><type>text</type><desc><![CDATA[躁狂症]]></desc></option><option><id>D</id><type>text</type><desc><![CDATA[反应性精神障碍]]></desc></option><option><id>E</id><type>text</type><desc><![CDATA[严重神经衰弱]]></desc></option></options><answers><![CDATA[E]]></answers></question><question><type>1</type><format>html</format><desc><![CDATA[2.下列哪种<u><b>不属于</b></u>吩噻嗪类]]></desc><options><option><id>A</id><type>text</type><desc><![CDATA[氯丙嗪]]></desc></option><option><id>B</id><type>text</type><desc><![CDATA[奋乃静]]></desc></option><option><id>C</id><type>text</type><desc><![CDATA[氟奋乃静]]></desc></option><option><id>D</id><type>text</type><desc><![CDATA[三氟拉嗪]]></desc></option><option><id>E</id><type>text</type><desc><![CDATA[氟哌啶醇]]></desc></option></options><answers><![CDATA[E]]></answers></question><question><type>1</type><format>text</format><desc><![CDATA[3.抗精神病药最常见的不良反应是]]></desc><options><option><id>A</id><type>text</type><desc><![CDATA[锥体外系症状]]></desc></option><option><id>B</id><type>text</type><desc><![CDATA[精神症状]]></desc></option><option><id>C</id><type>text</type><desc><![CDATA[白细胞减少]]></desc></option><option><id>D</id><type>text</type><desc><![CDATA[直立性低血压]]></desc></option><option><id>E</id><type>text</type><desc><![CDATA[恶性综合征]]></desc></option></options><answers><![CDATA[A]]></answers></question><question><type>1</type><format>text</format><desc><![CDATA[4.抗精神病药的抗精神病的作用机理是]]></desc><options><option><id>A</id><type>text</type><desc><![CDATA[阻断多巴胺受体]]></desc></option><option><id>B</id><type>text</type><desc><![CDATA[兴奋多巴胺受体]]></desc></option><option><id>C</id><type>text</type><desc><![CDATA[阻断α<sub>1</sub>受体]]></desc></option><option><id>D</id><type>text</type><desc><![CDATA[兴奋5-羟色胺受体]]></desc></option><option><id>E</id><type>text</type><desc><![CDATA[阻断M受体]]></desc></option></options><answers><![CDATA[A]]></answers></question><question><type>1</type><format>html</format><desc><![CDATA[5.下列<u><b>不属于</b></u>抗抑郁症药不良反应的是]]></desc><options><option><id>A</id><type>text</type><desc><![CDATA[直立性低血压]]></desc></option><option><id>B</id><type>text</type><desc><![CDATA[心动过速]]></desc></option><option><id>C</id><type>text</type><desc><![CDATA[嗜睡]]></desc></option><option><id>D</id><type>text</type><desc><![CDATA[排尿困难]]></desc></option><option><id>E</id><type>text</type><desc><![CDATA[腹泻]]></desc></option></options><answers><![CDATA[E]]></answers></question><question><type>1</type><format>text</format><desc><![CDATA[6.三环类抗抑郁药物不良反应最重要的是]]></desc><options><option><id>A</id><type>text</type><desc><![CDATA[锥体外系症状]]></desc></option><option><id>B</id><type>text</type><desc><![CDATA[过敏反应]]></desc></option><option><id>C</id><type>text</type><desc><![CDATA[心率及心电图改变]]></desc></option><option><id>D</id><type>text</type><desc><![CDATA[外周抗胆碱反应]]></desc></option><option><id>E</id><type>text</type><desc><![CDATA[失眠或嗜睡]]></desc></option></options><answers><![CDATA[D]]></answers></question><question><type>1</type><format>text</format><desc><![CDATA[7.下列哪种属于抗抑郁症药]]></desc><options><option><id>A</id><type>text</type><desc><![CDATA[氯丙嗪]]></desc></option><option><id>B</id><type>text</type><desc><![CDATA[氧氮平]]></desc></option><option><id>C</id><type>text</type><desc><![CDATA[氟奋乃静]]></desc></option><option><id>D</id><type>text</type><desc><![CDATA[丙米嗪]]></desc></option><option><id>E</id><type>text</type><desc><![CDATA[地西泮]]></desc></option></options><answers><![CDATA[D]]></answers></question><question><type>1</type><format>text</format><desc><![CDATA[8.抗焦虑症首选]]></desc><options><option><id>A</id><type>text</type><desc><![CDATA[多虑平]]></desc></option><option><id>B</id><type>text</type><desc><![CDATA[地西泮]]></desc></option><option><id>C</id><type>text</type><desc><![CDATA[碳酸锂]]></desc></option><option><id>D</id><type>text</type><desc><![CDATA[氯丙嗪]]></desc></option><option><id>E</id><type>text</type><desc><![CDATA[三氟拉嗪]]></desc></option></options><answers><![CDATA[B]]></answers></question><question><type>1</type><format>text</format><desc><![CDATA[9.抗躁狂症首选药是]]></desc><options><option><id>A</id><type>text</type><desc><![CDATA[多虑平]]></desc></option><option><id>B</id><type>text</type><desc><![CDATA[地西泮]]></desc></option><option><id>C</id><type>text</type><desc><![CDATA[碳酸锂]]></desc></option><option><id>D</id><type>text</type><desc><![CDATA[氯丙嗪]]></desc></option><option><id>E</id><type>text</type><desc><![CDATA[三氟拉嗪]]></desc></option></options><answers><![CDATA[C]]></answers></question><question><type>1</type><format>html</format><desc><![CDATA[10.<u><b>无明显</b></u>成瘾性的抗焦虑药是]]></desc><options><option><id>A</id><type>text</type><desc><![CDATA[地西泮]]></desc></option><option><id>B</id><type>text</type><desc><![CDATA[艾司唑伦]]></desc></option><option><id>C</id><type>text</type><desc><![CDATA[阿普唑伦]]></desc></option><option><id>D</id><type>text</type><desc><![CDATA[氯硝西泮]]></desc></option><option><id>E</id><type>text</type><desc><![CDATA[丁螺环酮]]></desc></option></options><answers><![CDATA[E]]></answers></question><question><type>1</type><format>text</format><desc><![CDATA[11.电痉挛治疗前注意]]></desc><options><option><id>A</id><type>text</type><desc><![CDATA[不要禁食]]></desc></option><option><id>B</id><type>text</type><desc><![CDATA[禁食2小时]]></desc></option><option><id>C</id><type>text</type><desc><![CDATA[禁食6小时]]></desc></option><option><id>D</id><type>text</type><desc><![CDATA[禁食8小时]]></desc></option><option><id>E</id><type>text</type><desc><![CDATA[禁食一天]]></desc></option></options><answers><![CDATA[D]]></answers></question><question><type>1</type><format>html</format><desc><![CDATA[12.下列有关电痉挛治疗术前准备<u><b>错误</b></u>的是]]></desc><options><option><id>A</id><type>text</type><desc><![CDATA[治疗前测定生命体征]]></desc></option><option><id>B</id><type>text</type><desc><![CDATA[排空大小便]]></desc></option><option><id>C</id><type>text</type><desc><![CDATA[术前肌注阿托品]]></desc></option><option><id>D</id><type>text</type><desc><![CDATA[术前普鲁卡因皮试]]></desc></option><option><id>E</id><type>text</type><desc><![CDATA[取下假牙发卡等，防止意外发生]]></desc></option></options><answers><![CDATA[D]]></answers></question><question><type>1</type><format>text</format><desc><![CDATA[13.下列何种情况下容易引起锂盐中毒]]></desc><options><option><id>A</id><type>text</type><desc><![CDATA[高钠]]></desc></option><option><id>B</id><type>text</type><desc><![CDATA[低钠]]></desc></option><option><id>C</id><type>text</type><desc><![CDATA[高钾]]></desc></option><option><id>D</id><type>text</type><desc><![CDATA[低钾]]></desc></option><option><id>E</id><type>text</type><desc><![CDATA[低钙]]></desc></option></options><answers><![CDATA[B]]></answers></question><question><type>1</type><format>text</format><desc><![CDATA[14.能引起成瘾药物是]]></desc><options><option><id>A</id><type>text</type><desc><![CDATA[多虑平]]></desc></option><option><id>B</id><type>text</type><desc><![CDATA[地西泮]]></desc></option><option><id>C</id><type>text</type><desc><![CDATA[碳酸锂]]></desc></option><option><id>D</id><type>text</type><desc><![CDATA[氯丙嗪]]></desc></option><option><id>E</id><type>text</type><desc><![CDATA[三氟拉嗪]]></desc></option></options><answers><![CDATA[B]]></answers></question><question><type>1</type><format>html</format><desc><![CDATA[15.抗焦虑药物禁忌证<u><b>除外</b></u>]]></desc><options><option><id>A</id><type>text</type><desc><![CDATA[严重心血管疾病]]></desc></option><option><id>B</id><type>text</type><desc><![CDATA[妊娠前3个月]]></desc></option><option><id>C</id><type>text</type><desc><![CDATA[急性酒精中毒]]></desc></option><option><id>D</id><type>text</type><desc><![CDATA[重症肌无力]]></desc></option><option><id>E</id><type>text</type><desc><![CDATA[青光眼]]></desc></option></options><answers><![CDATA[C]]></answers></question><question><type>1</type><format>html</format><desc><![CDATA[16.按临床作用特点，治疗精神障碍的药物分类中以下哪条<u><b>不对</b></u>]]></desc><options><option><id>A</id><type>text</type><desc><![CDATA[抗精神病药物]]></desc></option><option><id>B</id><type>text</type><desc><![CDATA[脂肪胺类]]></desc></option><option><id>C</id><type>text</type><desc><![CDATA[抗躁狂药物]]></desc></option><option><id>D</id><type>text</type><desc><![CDATA[抗焦虑药物]]></desc></option><option><id>E</id><type>text</type><desc><![CDATA[抗抑郁药物]]></desc></option></options><answers><![CDATA[B]]></answers></question><question><type>1</type><format>html</format><desc><![CDATA[17.以下有关抗精神病药物的描述中哪条<u><b>不对</b></u>]]></desc><options><option><id>A</id><type>text</type><desc><![CDATA[主要用于治疗精神分裂症和其他具有精神病性症状的精神障碍]]></desc></option><option><id>B</id><type>text</type><desc><![CDATA[按药理作用可分为典型抗精神病药物和非典型抗精神病药物]]></desc></option><option><id>C</id><type>text</type><desc><![CDATA[典型抗精神病药物的主要药理作用为阻断中枢多巴胺D<sub>2</sub>受体]]></desc></option><option><id>D</id><type>text</type><desc><![CDATA[典型抗精神病药物比非典型抗精神病药物疗效好]]></desc></option><option><id>E</id><type>text</type><desc><![CDATA[非典型抗精神病药物的主要药理作用为5-HT2A和D<sub>2</sub>受体阻断作用]]></desc></option></options><answers><![CDATA[D]]></answers></question><question><type>1</type><format>html</format><desc><![CDATA[18.抗精神病药物阻断胆碱能受体和组胺受体后，<u><b>不产生</b></u>的副作用是]]></desc><options><option><id>A</id><type>text</type><desc><![CDATA[记忆障碍]]></desc></option><option><id>B</id><type>text</type><desc><![CDATA[口干、便秘]]></desc></option><option><id>C</id><type>text</type><desc><![CDATA[排尿困难、视物模糊]]></desc></option><option><id>D</id><type>text</type><desc><![CDATA[镇静作用和体重增加]]></desc></option><option><id>E</id><type>text</type><desc><![CDATA[锥体外系副作用]]></desc></option></options><answers><![CDATA[A]]></answers></question><question><type>1</type><format>html</format><desc><![CDATA[19.关于精神病病人的急性期治疗，下列描述哪项<u><b>不对</b></u>]]></desc><options><option><id>A</id><type>text</type><desc><![CDATA[用药前必须排除禁忌证]]></desc></option><option><id>B</id><type>text</type><desc><![CDATA[急性症状常在有效剂量治疗1～2周时就完全改善]]></desc></option><option><id>C</id><type>text</type><desc><![CDATA[首次发作、首次起病或复发、加剧的病人的治疗均可视为急性期治疗]]></desc></option><option><id>D</id><type>text</type><desc><![CDATA[对于合作的病人，给药方法以口服为主]]></desc></option><option><id>E</id><type>text</type><desc><![CDATA[不合作或不肯服药的病人，常采用注射给药]]></desc></option></options><answers><![CDATA[B]]></answers></question><question><type>1</type><format>html</format><desc><![CDATA[20.对于抗精神病药物所致的锥体外系副作用，<u><b>不对</b></u>的说法是]]></desc><options><option><id>A</id><type>text</type><desc><![CDATA[表现为运动不能、肌张力高、震颤和自主神经功能紊乱]]></desc></option><option><id>B</id><type>text</type><desc><![CDATA[最初始的形式是运动过缓，病人表现为写字越来越小]]></desc></option><option><id>C</id><type>text</type><desc><![CDATA[应常规应用抗胆碱能药物以防止锥体外系症状的发生]]></desc></option><option><id>D</id><type>text</type><desc><![CDATA[体征上主要为手足震颤和肌张力增高]]></desc></option><option><id>E</id><type>text</type><desc><![CDATA[合并使用抗胆碱能药物盐酸苯海索有助于副作用的消失]]></desc></option></options><answers><![CDATA[C]]></answers></question><question><type>1</type><format>html</format><desc><![CDATA[21.在抗精神病药物氯丙嗪的临床应用中，<u><b>不正确</b></u>的观点是]]></desc><options><option><id>A</id><type>text</type><desc><![CDATA[既有较强镇静作用，又有抗幻觉、妄想作用]]></desc></option><option><id>B</id><type>text</type><desc><![CDATA[无催乳素水平升高和皮疹等副作用]]></desc></option><option><id>C</id><type>text</type><desc><![CDATA[口服给药多，也有注射制剂可用于快速有效地控制病人的兴奋和急性精神病性症状]]></desc></option><option><id>D</id><type>text</type><desc><![CDATA[较易产生直立性低血压、锥体外系反应和抗胆碱能反应等副作用]]></desc></option><option><id>E</id><type>text</type><desc><![CDATA[第一个用于治疗精神障碍的药物就是氯丙嗪]]></desc></option></options><answers><![CDATA[B]]></answers></question><question><type>1</type><format>html</format><desc><![CDATA[22.有关碳酸锂中毒的描述，以下哪项<u><b>不对</b></u>]]></desc><options><option><id>A</id><type>text</type><desc><![CDATA[肾脏疾病的影响]]></desc></option><option><id>B</id><type>text</type><desc><![CDATA[钠摄入减少]]></desc></option><option><id>C</id><type>text</type><desc><![CDATA[中毒不引起昏迷或死亡]]></desc></option><option><id>D</id><type>text</type><desc><![CDATA[病人自服过量]]></desc></option><option><id>E</id><type>text</type><desc><![CDATA[年老体弱以及血锂浓度控制不当等]]></desc></option></options><answers><![CDATA[C]]></answers></question><question><type>1</type><format>html</format><desc><![CDATA[23.关于苯二氮䓬类抗焦虑药的临床应用，哪项<u><b>不对</b></u>]]></desc><options><option><id>A</id><type>text</type><desc><![CDATA[可用于各型神经症的对症治疗]]></desc></option><option><id>B</id><type>text</type><desc><![CDATA[可治疗多种原因所致的失眠]]></desc></option><option><id>C</id><type>text</type><desc><![CDATA[长期应用不引起耐受与依赖]]></desc></option><option><id>D</id><type>text</type><desc><![CDATA[可治疗各种躯体疾病伴随出现的焦虑、紧张、失眠]]></desc></option><option><id>E</id><type>text</type><desc><![CDATA[可用于癫痫治疗和酒依赖病人急性戒断症状的替代治疗]]></desc></option></options><answers><![CDATA[C]]></answers></question><question><type>1</type><format>html</format><desc><![CDATA[24.抗精神病药物下列哪个<u><b>除外</b></u>]]></desc><options><option><id>A</id><type>text</type><desc><![CDATA[吩噻嗪类]]></desc></option><option><id>B</id><type>text</type><desc><![CDATA[硫杂蒽类]]></desc></option><option><id>C</id><type>text</type><desc><![CDATA[丁酰苯类]]></desc></option><option><id>D</id><type>text</type><desc><![CDATA[苯甲酰胺类]]></desc></option><option><id>E</id><type>text</type><desc><![CDATA[苯二氮䓬类]]></desc></option></options><answers><![CDATA[E]]></answers></question><question><type>1</type><format>html</format><desc><![CDATA[25.抗精神病药物的治疗作用<u><b>不包括</b></u>]]></desc><options><option><id>A</id><type>text</type><desc><![CDATA[抗幻觉妄想作用（阳性症状）]]></desc></option><option><id>B</id><type>text</type><desc><![CDATA[激活作用（阴性症状）]]></desc></option><option><id>C</id><type>text</type><desc><![CDATA[催乳素水平升高]]></desc></option><option><id>D</id><type>text</type><desc><![CDATA[非特异性镇静作用]]></desc></option><option><id>E</id><type>text</type><desc><![CDATA[预防复发作用]]></desc></option></options><answers><![CDATA[C]]></answers></question><question><type>1</type><format>html</format><desc><![CDATA[26.抗精神病药物的适应证<u><b>不包括</b></u>]]></desc><options><option><id>A</id><type>text</type><desc><![CDATA[治疗精神分裂症]]></desc></option><option><id>B</id><type>text</type><desc><![CDATA[预防精神分裂症的复发]]></desc></option><option><id>C</id><type>text</type><desc><![CDATA[控制躁狂发作]]></desc></option><option><id>D</id><type>text</type><desc><![CDATA[具有精神病性症状的非器质性或器质性精神障碍]]></desc></option><option><id>E</id><type>text</type><desc><![CDATA[焦虑症]]></desc></option></options><answers><![CDATA[E]]></answers></question><question><type>1</type><format>html</format><desc><![CDATA[27.有关抗精神病药物的应用，以下描述哪项<u><b>错误</b></u>]]></desc><options><option><id>A</id><type>text</type><desc><![CDATA[药物的选择一方面取决于副作用的差别]]></desc></option><option><id>B</id><type>text</type><desc><![CDATA[兴奋躁动者宜选用镇静作用强的抗精神病药物]]></desc></option><option><id>C</id><type>text</type><desc><![CDATA[如果病人无法耐受某种药物，可以换用其他类型的药物]]></desc></option><option><id>D</id><type>text</type><desc><![CDATA[兴奋躁动者可采用注射制剂（氟哌啶醇、氯丙嗪等）治疗]]></desc></option><option><id>E</id><type>text</type><desc><![CDATA[各类抗精神病药物的治疗效果都是相同的]]></desc></option></options><answers><![CDATA[E]]></answers></question><question><type>1</type><format>text</format><desc><![CDATA[28.关于维持治疗，以下描述哪项正确]]></desc><options><option><id>A</id><type>text</type><desc><![CDATA[长期维持治疗可以显著减少精神分裂症的复发]]></desc></option><option><id>B</id><type>text</type><desc><![CDATA[维持剂量可以减至治疗剂量的2/3～1/4，但有个体差异]]></desc></option><option><id>C</id><type>text</type><desc><![CDATA[首发的、缓慢起病的精神分裂症病人，维持治疗时间最好是2～3年]]></desc></option><option><id>D</id><type>text</type><desc><![CDATA[急性发作、缓解迅速彻底的病人，不需要维持]]></desc></option><option><id>E</id><type>text</type><desc><![CDATA[反复发作、经常波动或缓解不全的精神分裂症病人需要终身治疗]]></desc></option></options><answers><![CDATA[D]]></answers></question><question><type>1</type><format>html</format><desc><![CDATA[29.一般将抗抑郁药物分类<u><b>除外</b></u>]]></desc><options><option><id>A</id><type>text</type><desc><![CDATA[三环类抗抑郁药（TCAs）包括杂环或四环类抗抑郁药]]></desc></option><option><id>B</id><type>text</type><desc><![CDATA[单胺氧化酶抑制剂]]></desc></option><option><id>C</id><type>text</type><desc><![CDATA[选择性5-羟色胺再摄取抑制剂（SSRIs）]]></desc></option><option><id>D</id><type>text</type><desc><![CDATA[其他递质机制的抗抑郁药]]></desc></option><option><id>E</id><type>text</type><desc><![CDATA[苯二氮䓬类]]></desc></option></options><answers><![CDATA[E]]></answers></question><question><type>1</type><format>html</format><desc><![CDATA[30.关于三环类抗抑郁药的临床应用，<u><b>错误的</b></u>描述是]]></desc><options><option><id>A</id><type>text</type><desc><![CDATA[氯米帕明镇静作用弱，适用于迟滞性抑郁以及儿童遗尿]]></desc></option><option><id>B</id><type>text</type><desc><![CDATA[氯米帕明既能改善抑郁也是治疗强迫症的有效药物]]></desc></option><option><id>C</id><type>text</type><desc><![CDATA[阿米替林镇静和抗焦虑作用较强，适用于激越性抑郁]]></desc></option><option><id>D</id><type>text</type><desc><![CDATA[多塞平常用于治疗神经症性抑郁和慢性疼痛]]></desc></option><option><id>E</id><type>text</type><desc><![CDATA[多数病人服药后抑郁症状在1周内消失]]></desc></option></options><answers><![CDATA[E]]></answers></question><question><type>1</type><format>html</format><desc><![CDATA[31.关于单胺氧化酶抑制剂（MAOIs）的临床应用，描述<u><b>错误的</b></u>是]]></desc><options><option><id>A</id><type>text</type><desc><![CDATA[一类称为不可逆性MAOIs，以苯环丙胺为代表]]></desc></option><option><id>B</id><type>text</type><desc><![CDATA[另一类为可逆性MAOIs，以吗氯贝胺为代表]]></desc></option><option><id>C</id><type>text</type><desc><![CDATA[MAOIs作为二线药物主要用于对三环类或其他药物治疗无效的抑郁症]]></desc></option><option><id>D</id><type>text</type><desc><![CDATA[与许多药物及食物有相互作用而产生高血压危象]]></desc></option><option><id>E</id><type>text</type><desc><![CDATA[常与三环类抗抑郁药合用]]></desc></option></options><answers><![CDATA[E]]></answers></question><question><type>1</type><format>text</format><desc><![CDATA[32.滕某，男22岁，一年前因精神刺激表现为郁郁不乐，认为自己有罪，耳边听到有说话声，内容说不出，有时侧耳倾听“地球隆隆响声”，问家人“为什么我想的事别人都知道”，看见小汽车非常恐惧，不出门，独处一隅，喝酒，自语自笑。躯体神经系统检查均正常。检查：意识清晰，一次突然对着打开的电风扇下跪说：“我有罪，该死”，近期听到电风扇里有一个男人说：“你是叛徒，内奸”，认为自己大脑被一名死者控制着，哭笑都不受自己支配，自己想事别人通过遥控器控制他，有时想事想到一半时，认为想法被一个死人“抽走”了，无法继续想下去。最有效治疗是]]></desc><options><option><id>A</id><type>text</type><desc><![CDATA[阿米替林]]></desc></option><option><id>B</id><type>text</type><desc><![CDATA[心理治疗]]></desc></option><option><id>C</id><type>text</type><desc><![CDATA[氯丙嗪]]></desc></option><option><id>D</id><type>text</type><desc><![CDATA[脑器质性病治疗]]></desc></option><option><id>E</id><type>text</type><desc><![CDATA[行为矫正]]></desc></option></options><answers><![CDATA[C]]></answers></question><question><type>1</type><format>text</format><desc><![CDATA[33.22岁男性，大学二年级学生，近一年来听课发愣，不作笔记，时有自语自笑，动作迟缓，吃一顿饭要一个多小时，病人5天前开始终日卧床，不吃饭，不知上厕所。精神检查：意识清晰，卧床不动不语，针刺其身体无反应，肌张力增高，令病人张嘴，反把嘴闭得更紧，把病人肢体摆成不舒服的姿势，可以保持很久不变，躯体及神经系统检查无异常。最有效的治疗措施是]]></desc><options><option><id>A</id><type>text</type><desc><![CDATA[抗抑郁治疗（阿米替林）]]></desc></option><option><id>B</id><type>text</type><desc><![CDATA[抗躁狂治疗（碳酸锂）]]></desc></option><option><id>C</id><type>text</type><desc><![CDATA[抗焦虑治疗（安定）]]></desc></option><option><id>D</id><type>text</type><desc><![CDATA[抗精神病治疗（舒必利）]]></desc></option><option><id>E</id><type>text</type><desc><![CDATA[应用抗生素（头孢曲松）]]></desc></option></options><answers><![CDATA[D]]></answers></question><question><type>1</type><format>text</format><desc><![CDATA[34.心理治疗是指]]></desc><options><option><id>A</id><type>text</type><desc><![CDATA[运用心理学的方法给个体以指导和建议]]></desc></option><option><id>B</id><type>text</type><desc><![CDATA[进行心理卫生宣教,提高大众的心理素质]]></desc></option><option><id>C</id><type>text</type><desc><![CDATA[解决个体生活和工作中的问题或困难]]></desc></option><option><id>D</id><type>text</type><desc><![CDATA[为个体排忧解难,减轻或消除其痛苦]]></desc></option><option><id>E</id><type>text</type><desc><![CDATA[运用心理学的方法或技术使病人的病态心理向正常心理发展]]></desc></option></options><answers><![CDATA[E]]></answers></question><question><type>1</type><format>text</format><desc><![CDATA[35.病人女性，23岁，诊断为抑郁症，药物治疗一周后没有效果。问护士抗抑郁剂的起效时间是]]></desc><options><option><id>A</id><type>text</type><desc><![CDATA[4天]]></desc></option><option><id>B</id><type>text</type><desc><![CDATA[8天]]></desc></option><option><id>C</id><type>text</type><desc><![CDATA[12天]]></desc></option><option><id>D</id><type>text</type><desc><![CDATA[16天]]></desc></option><option><id>E</id><type>text</type><desc><![CDATA[20天]]></desc></option></options><answers><![CDATA[D]]></answers></question></questions><questions><instructions><![CDATA[二、共用题干选择题]]></instructions><question><type>3</type><format>text</format><desc><![CDATA[1.病人女性，41岁，诊断为焦虑症，整日处于惶恐不安中，感觉“太难受了”，服用苯二氮䓬类药物治疗。]]></desc><children><question><type>3</type><format>text</format><desc><![CDATA[（1）该病人的主要护理问题是]]></desc><options><option><id>A</id><type>text</type><desc><![CDATA[焦虑]]></desc></option><option><id>B</id><type>text</type><desc><![CDATA[社交障碍]]></desc></option><option><id>C</id><type>text</type><desc><![CDATA[预感性悲哀]]></desc></option><option><id>D</id><type>text</type><desc><![CDATA[自杀的危险]]></desc></option><option><id>E</id><type>text</type><desc><![CDATA[思维过程的改变]]></desc></option></options><answers><![CDATA[A]]></answers></question><question><type>3</type><format>text</format><desc><![CDATA[（2）护士在给病人做药物指导时应提示病人]]></desc><options><option><id>A</id><type>text</type><desc><![CDATA[长期服用]]></desc></option><option><id>B</id><type>text</type><desc><![CDATA[大剂量服用]]></desc></option><option><id>C</id><type>text</type><desc><![CDATA[易出现依赖]]></desc></option><option><id>D</id><type>text</type><desc><![CDATA[症状控制后停药]]></desc></option><option><id>E</id><type>text</type><desc><![CDATA[症状控制后服6～8周]]></desc></option></options><answers><![CDATA[D]]></answers></question></children></question></questions></exam>