﻿<?xml version="1.0" encoding="UTF-8"?><exam><id>20181008165528</id><questions><instructions><![CDATA[A1型题]]></instructions><question><type>1</type><format>text</format><desc><![CDATA[1.诊断感染性心内膜炎最重要的依据是]]></desc><options><option><id>A</id><type>text</type><desc><![CDATA[血培养]]></desc></option><option><id>B</id><type>text</type><desc><![CDATA[红细胞沉降率]]></desc></option><option><id>C</id><type>text</type><desc><![CDATA[测定血常规]]></desc></option><option><id>D</id><type>text</type><desc><![CDATA[免疫学检查]]></desc></option><option><id>E</id><type>text</type><desc><![CDATA[超声心动图检查]]></desc></option></options><answers><![CDATA[A]]></answers></question><question><type>1</type><format>text</format><desc><![CDATA[2.最能控制感染性心内膜炎病情的措施是]]></desc><options><option><id>A</id><type>text</type><desc><![CDATA[物理降温]]></desc></option><option><id>B</id><type>text</type><desc><![CDATA[抗生素应用]]></desc></option><option><id>C</id><type>text</type><desc><![CDATA[营养丰富的饮食]]></desc></option><option><id>D</id><type>text</type><desc><![CDATA[激素应用]]></desc></option><option><id>E</id><type>text</type><desc><![CDATA[心理安慰]]></desc></option></options><answers><![CDATA[B]]></answers></question><question><type>1</type><format>text</format><desc><![CDATA[3.最符合感染性心内膜炎心脏杂音的特征性是]]></desc><options><option><id>A</id><type>text</type><desc><![CDATA[响亮而粗糙]]></desc></option><option><id>B</id><type>text</type><desc><![CDATA[低弱而遥远]]></desc></option><option><id>C</id><type>text</type><desc><![CDATA[收缩期为主]]></desc></option><option><id>D</id><type>text</type><desc><![CDATA[舒张期为主]]></desc></option><option><id>E</id><type>text</type><desc><![CDATA[性质和强度易变化]]></desc></option></options><answers><![CDATA[E]]></answers></question><question><type>1</type><format>text</format><desc><![CDATA[4.感染性心内膜炎最常见并发症是]]></desc><options><option><id>A</id><type>text</type><desc><![CDATA[心肌脓肿]]></desc></option><option><id>B</id><type>text</type><desc><![CDATA[心力衰竭]]></desc></option><option><id>C</id><type>text</type><desc><![CDATA[急性心肌梗死]]></desc></option><option><id>D</id><type>text</type><desc><![CDATA[化脓性心包炎]]></desc></option><option><id>E</id><type>text</type><desc><![CDATA[心肌炎]]></desc></option></options><answers><![CDATA[B]]></answers></question><question><type>1</type><format>text</format><desc><![CDATA[5.感染性心内膜炎最常见症状是]]></desc><options><option><id>A</id><type>text</type><desc><![CDATA[发热]]></desc></option><option><id>B</id><type>text</type><desc><![CDATA[背痛]]></desc></option><option><id>C</id><type>text</type><desc><![CDATA[乏力]]></desc></option><option><id>D</id><type>text</type><desc><![CDATA[食欲不振]]></desc></option><option><id>E</id><type>text</type><desc><![CDATA[面色苍白]]></desc></option></options><answers><![CDATA[A]]></answers></question></questions><questions><instructions><![CDATA[A2型题]]></instructions><question><type>2</type><format>text</format><desc><![CDATA[6.病人，女性，36岁。感染性心内膜炎。病人住院期间突然出现失语、吞咽困难、瞳孔不等大，神志模糊。最可能出现的并发症是]]></desc><options><option><id>A</id><type>text</type><desc><![CDATA[脑栓塞]]></desc></option><option><id>B</id><type>text</type><desc><![CDATA[肾栓塞]]></desc></option><option><id>C</id><type>text</type><desc><![CDATA[肺栓塞]]></desc></option><option><id>D</id><type>text</type><desc><![CDATA[脾栓塞]]></desc></option><option><id>E</id><type>text</type><desc><![CDATA[下肢栓塞]]></desc></option></options><answers><![CDATA[A]]></answers></question><question><type>2</type><format>text</format><desc><![CDATA[7.病人，男性，33岁。患风湿性心脏瓣膜病。不明原因持续发热1月余，体温波动在37.7～38.5℃之间，今晨以“感染性心内膜炎”收治入院。现遵医嘱行血培养检查。抽取血清标本时间的选择，正确的是]]></desc><options><option><id>A</id><type>text</type><desc><![CDATA[第1日间隔1小时采血，共3次，体温升高时采血]]></desc></option><option><id>B</id><type>text</type><desc><![CDATA[第1日间隔1小时采血，共3次，无需体温升高时采血]]></desc></option><option><id>C</id><type>text</type><desc><![CDATA[第1日间隔1小时采血，共3次，寒战时采血]]></desc></option><option><id>D</id><type>text</type><desc><![CDATA[入院3小时内采血，间隔1h，共3次]]></desc></option><option><id>E</id><type>text</type><desc><![CDATA[停用抗生素后2～7天采血，无需体温升高时采血]]></desc></option></options><answers><![CDATA[B]]></answers></question><question><type>2</type><format>text</format><desc><![CDATA[8.病人，女性，29岁。不明原因持续发热2月余，既往有“风心病”病史3个月。心脏彩超示二尖瓣有12mm×9mm大小的赘生物。据此，护士最应预防和关注的是]]></desc><options><option><id>A</id><type>text</type><desc><![CDATA[心力衰竭]]></desc></option><option><id>B</id><type>text</type><desc><![CDATA[肺部感染]]></desc></option><option><id>C</id><type>text</type><desc><![CDATA[动脉栓塞]]></desc></option><option><id>D</id><type>text</type><desc><![CDATA[出血]]></desc></option><option><id>E</id><type>text</type><desc><![CDATA[深静脉栓塞]]></desc></option></options><answers><![CDATA[C]]></answers></question></questions></exam>