﻿<?xml version="1.0" encoding="UTF-8"?><exam><id>20181008162916</id><questions><instructions><![CDATA[A1型题]]></instructions><question><type>1</type><format>text</format><desc><![CDATA[1.判断气胸类型最可靠的依据是]]></desc><options><option><id>A</id><type>text</type><desc><![CDATA[呼吸困难程度]]></desc></option><option><id>B</id><type>text</type><desc><![CDATA[气管有否移位]]></desc></option><option><id>C</id><type>text</type><desc><![CDATA[有无休克表现]]></desc></option><option><id>D</id><type>text</type><desc><![CDATA[肺压缩程度]]></desc></option><option><id>E</id><type>text</type><desc><![CDATA[胸腔测压动态观察]]></desc></option></options><answers><![CDATA[E]]></answers></question><question><type>1</type><format>text</format><desc><![CDATA[2.自发性气胸常继发于肺部疾病，引起气胸的最常见疾病是]]></desc><options><option><id>A</id><type>text</type><desc><![CDATA[慢支肺气肿]]></desc></option><option><id>B</id><type>text</type><desc><![CDATA[肺炎]]></desc></option><option><id>C</id><type>text</type><desc><![CDATA[支气管扩张]]></desc></option><option><id>D</id><type>text</type><desc><![CDATA[肺癌]]></desc></option><option><id>E</id><type>text</type><desc><![CDATA[砂肺（硅沉着病）]]></desc></option></options><answers><![CDATA[A]]></answers></question><question><type>1</type><format>text</format><desc><![CDATA[3.气胸病人胸腔闭式引流术的切口应选择在]]></desc><options><option><id>A</id><type>text</type><desc><![CDATA[腋中线第2肋间]]></desc></option><option><id>B</id><type>text</type><desc><![CDATA[腋中线第6肋间]]></desc></option><option><id>C</id><type>text</type><desc><![CDATA[腋后线第3肋间]]></desc></option><option><id>D</id><type>text</type><desc><![CDATA[锁骨中线第2肋间]]></desc></option><option><id>E</id><type>text</type><desc><![CDATA[锁骨中线第3肋间]]></desc></option></options><answers><![CDATA[D]]></answers></question></questions><questions><instructions><![CDATA[A2型题]]></instructions><question><type>2</type><format>text</format><desc><![CDATA[4.病人，男，20岁，体健，举重时突感胸闷，体检：气管居中，右肺呼吸音降低，叩诊鼓音。诊断最可能为]]></desc><options><option><id>A</id><type>text</type><desc><![CDATA[特发性气胸]]></desc></option><option><id>B</id><type>text</type><desc><![CDATA[交通性气胸]]></desc></option><option><id>C</id><type>text</type><desc><![CDATA[张力性气胸]]></desc></option><option><id>D</id><type>text</type><desc><![CDATA[外伤性气胸]]></desc></option><option><id>E</id><type>text</type><desc><![CDATA[开放性气胸]]></desc></option></options><answers><![CDATA[A]]></answers></question><question><type>2</type><format>text</format><desc><![CDATA[5.病人，男，21岁，搬重物时突感胸部不适、气促，休息不能缓解。胸片示左肺门团块状阴影，外侧无肺纹，最可能的诊断是]]></desc><options><option><id>A</id><type>text</type><desc><![CDATA[支气管哮喘]]></desc></option><option><id>B</id><type>text</type><desc><![CDATA[心较痛]]></desc></option><option><id>C</id><type>text</type><desc><![CDATA[自发性气胸]]></desc></option><option><id>D</id><type>text</type><desc><![CDATA[肺栓塞]]></desc></option><option><id>E</id><type>text</type><desc><![CDATA[肺癌]]></desc></option></options><answers><![CDATA[C]]></answers></question><question><type>2</type><format>text</format><desc><![CDATA[6.病人，女，20岁，近l年左侧气胸3次，均在月经期。本次因咳血就诊，胸片未见异常。引起气胸的原因]]></desc><options><option><id>A</id><type>text</type><desc><![CDATA[肺结核合并肺大泡]]></desc></option><option><id>B</id><type>text</type><desc><![CDATA[胸膜下肺大泡破裂]]></desc></option><option><id>C</id><type>text</type><desc><![CDATA[子宫内膜异位症]]></desc></option><option><id>D</id><type>text</type><desc><![CDATA[肺癌侵犯胸膜]]></desc></option><option><id>E</id><type>text</type><desc><![CDATA[肺内气肿泡破裂]]></desc></option></options><answers><![CDATA[C]]></answers></question><question><type>2</type><format>html</format><desc><![CDATA[7.病人，男，60岁，有慢支肺气肿病史，突发呼吸困难2小时来就诊。体检：气促、紫绀、大汗淋滴，以下哪项处理是<u><b>错误</b></u>的]]></desc><options><option><id>A</id><type>text</type><desc><![CDATA[鼻导管吸氧]]></desc></option><option><id>B</id><type>text</type><desc><![CDATA[询问气急诱因]]></desc></option><option><id>C</id><type>text</type><desc><![CDATA[详细体检，注意气胸体征]]></desc></option><option><id>D</id><type>text</type><desc><![CDATA[请家属送至放射科摄片]]></desc></option><option><id>E</id><type>text</type><desc><![CDATA[应用平喘药]]></desc></option></options><answers><![CDATA[D]]></answers></question><question><type>2</type><format>html</format><desc><![CDATA[8.病人，男，62岁，突发呼吸困难2小时入院，确诊为右侧气胸，胸腔测压为16~26cmlH<sub>2</sub>O，抽气1000ml压力未下降，病人出现休克，应采取治疗措施]]></desc><options><option><id>A</id><type>text</type><desc><![CDATA[间歇抽气]]></desc></option><option><id>B</id><type>text</type><desc><![CDATA[氧疗加升压药]]></desc></option><option><id>C</id><type>text</type><desc><![CDATA[皮质激素]]></desc></option><option><id>D</id><type>text</type><desc><![CDATA[胸腔闭式引流]]></desc></option><option><id>E</id><type>text</type><desc><![CDATA[机械通气]]></desc></option></options><answers><![CDATA[D]]></answers></question><question><type>2</type><format>text</format><desc><![CDATA[9.病人，男，44岁，作右侧胸腔负压吸引闭式引流2天，查房时见引流管无气泡溢出，也无水柱波动，体检右肺呼吸音低，应首先考虑]]></desc><options><option><id>A</id><type>text</type><desc><![CDATA[引流管阻塞]]></desc></option><option><id>B</id><type>text</type><desc><![CDATA[引流管脱出胸壁]]></desc></option><option><id>C</id><type>text</type><desc><![CDATA[肺已完全复张]]></desc></option><option><id>D</id><type>text</type><desc><![CDATA[吸引负压不够]]></desc></option><option><id>E</id><type>text</type><desc><![CDATA[肺已部分复张]]></desc></option></options><answers><![CDATA[A]]></answers></question><question><type>2</type><format>text</format><desc><![CDATA[10.病人，男，30岁，闭合性气胸病人，胸片示肺组织压缩30%，进一步处理应选择]]></desc><options><option><id>A</id><type>text</type><desc><![CDATA[闭式胸腔引流]]></desc></option><option><id>B</id><type>text</type><desc><![CDATA[闭式胸腔引流同时应用抗生素]]></desc></option><option><id>C</id><type>text</type><desc><![CDATA[胸腔穿刺抽尽气体，择期剖胸探查]]></desc></option><option><id>D</id><type>text</type><desc><![CDATA[穿刺抽气后，停留闭式胸腔引流管持续引流]]></desc></option><option><id>E</id><type>text</type><desc><![CDATA[保守治疗，密切随访]]></desc></option></options><answers><![CDATA[E]]></answers></question></questions></exam>