﻿<?xml version="1.0" encoding="UTF-8"?><exam><id>20181009090706</id><questions><instructions><![CDATA[A1型题]]></instructions><question><type>1</type><format>text</format><desc><![CDATA[1.垂体缺血性坏死与萎缩所致的腺垂体功能减退多发生于]]></desc><options><option><id>A</id><type>text</type><desc><![CDATA[产后大出血]]></desc></option><option><id>B</id><type>text</type><desc><![CDATA[糖尿病血管病变]]></desc></option><option><id>C</id><type>text</type><desc><![CDATA[垂体瘤]]></desc></option><option><id>D</id><type>text</type><desc><![CDATA[病毒性脑炎]]></desc></option><option><id>E</id><type>text</type><desc><![CDATA[垂体发育缺陷]]></desc></option></options><answers><![CDATA[A]]></answers></question><question><type>1</type><format>text</format><desc><![CDATA[2.腺垂体功能减退症最早表现的是]]></desc><options><option><id>A</id><type>text</type><desc><![CDATA[性腺功能减退]]></desc></option><option><id>B</id><type>text</type><desc><![CDATA[肾上腺皮质功能减退]]></desc></option><option><id>C</id><type>text</type><desc><![CDATA[胰腺功能减退]]></desc></option><option><id>D</id><type>text</type><desc><![CDATA[垂体危象]]></desc></option><option><id>E</id><type>text</type><desc><![CDATA[偏盲]]></desc></option></options><answers><![CDATA[A]]></answers></question><question><type>1</type><format>text</format><desc><![CDATA[3.Sheehan综合征时的闭经属于]]></desc><options><option><id>A</id><type>text</type><desc><![CDATA[垂体性闭经]]></desc></option><option><id>B</id><type>text</type><desc><![CDATA[子宫性闭经]]></desc></option><option><id>C</id><type>text</type><desc><![CDATA[下丘脑性闭经]]></desc></option><option><id>D</id><type>text</type><desc><![CDATA[卵巢性闭经]]></desc></option><option><id>E</id><type>text</type><desc><![CDATA[原发性闭经]]></desc></option></options><answers><![CDATA[A]]></answers></question></questions><questions><instructions><![CDATA[A2型题]]></instructions><question><type>2</type><format>html</format><desc><![CDATA[4.病人，女性，57岁，家庭妇女。因反复头痛、视力障碍半年，加重3天伴畏冷、乏力、食欲下降以“腺垂体功能减退症”入院。孕2产2，均顺产。护理体检：T35.4℃，P58次/分，视偏盲，血T<sub>3</sub>低于正常值。引起疾病的最可能原因是]]></desc><options><option><id>A</id><type>text</type><desc><![CDATA[产后大出血]]></desc></option><option><id>B</id><type>text</type><desc><![CDATA[腺垂体肿瘤]]></desc></option><option><id>C</id><type>text</type><desc><![CDATA[感染]]></desc></option><option><id>D</id><type>text</type><desc><![CDATA[疲劳]]></desc></option><option><id>E</id><type>text</type><desc><![CDATA[遗传]]></desc></option></options><answers><![CDATA[B]]></answers></question><question><type>2</type><format>html</format><desc><![CDATA[5.病人，女性，34岁。血T<sub>3</sub>、T<sub>4</sub>水平降低，该病人的体温可表现为]]></desc><options><option><id>A</id><type>text</type><desc><![CDATA[体温正常]]></desc></option><option><id>B</id><type>text</type><desc><![CDATA[体温偏低]]></desc></option><option><id>C</id><type>text</type><desc><![CDATA[低热]]></desc></option><option><id>D</id><type>text</type><desc><![CDATA[中高热]]></desc></option><option><id>E</id><type>text</type><desc><![CDATA[高热]]></desc></option></options><answers><![CDATA[B]]></answers></question><question><type>2</type><format>text</format><desc><![CDATA[6.病人，女性，25岁。近一周来出现畏寒、乏力、少言、动作缓慢、食欲减退及记忆力减退、反应迟钝，入院检查后确诊甲状腺功能减退，使用激素替代治疗，首先应考虑使用]]></desc><options><option><id>A</id><type>text</type><desc><![CDATA[性激素]]></desc></option><option><id>B</id><type>text</type><desc><![CDATA[甲状腺片]]></desc></option><option><id>C</id><type>text</type><desc><![CDATA[肾上腺皮质激素]]></desc></option><option><id>D</id><type>text</type><desc><![CDATA[促甲状腺素]]></desc></option><option><id>E</id><type>text</type><desc><![CDATA[升压激素]]></desc></option></options><answers><![CDATA[B]]></answers></question><question><type>2</type><format>html</format><desc><![CDATA[7.病人，女性，39岁。既往体健，近1月来发现记忆力减退、反应迟钝、乏力、畏寒，护理体检：体温35℃，心率60次/分，下肢黏液水肿。血TSH升高，血FT<sub>4</sub>降低，最可能存在的疾病是]]></desc><options><option><id>A</id><type>text</type><desc><![CDATA[甲状腺功能亢进]]></desc></option><option><id>B</id><type>text</type><desc><![CDATA[甲状腺功能减退]]></desc></option><option><id>C</id><type>text</type><desc><![CDATA[呆小症]]></desc></option><option><id>D</id><type>text</type><desc><![CDATA[痴呆]]></desc></option><option><id>E</id><type>text</type><desc><![CDATA[幼年型甲减]]></desc></option></options><answers><![CDATA[B]]></answers></question><question><type>2</type><format>html</format><desc><![CDATA[8.病人，女性，36岁。甲状腺功能减退症病人，经药物治疗病情稳定，即将出院，护士提供的护理指导措施<u><b>不妥</b></u>的是]]></desc><options><option><id>A</id><type>text</type><desc><![CDATA[注意保暖]]></desc></option><option><id>B</id><type>text</type><desc><![CDATA[多食粗纤维食物]]></desc></option><option><id>C</id><type>text</type><desc><![CDATA[注意皮肤护理，每日观察皮肤弹性与水肿情况]]></desc></option><option><id>D</id><type>text</type><desc><![CDATA[按时服用左甲状腺素，不可任意减量或增量]]></desc></option><option><id>E</id><type>text</type><desc><![CDATA[多食含碘丰富的食物，以免诱发严重黏液性水肿]]></desc></option></options><answers><![CDATA[E]]></answers><keypoints><![CDATA[解析：桥本甲状腺炎所致甲状腺功能减退症者应避免摄取含碘食物和药物，以免诱发严重的黏液性水肿。]]></keypoints></question></questions></exam>