﻿<?xml version="1.0" encoding="UTF-8"?><exam><id>20181009085200</id><questions><instructions><![CDATA[A1型题]]></instructions><question><type>1</type><format>html</format><desc><![CDATA[1.有关急性特发性血小板减少性紫癜，<u><b>不正确</b></u>的是]]></desc><options><option><id>A</id><type>text</type><desc><![CDATA[多见于儿童]]></desc></option><option><id>B</id><type>text</type><desc><![CDATA[多有畏寒、发热]]></desc></option><option><id>C</id><type>text</type><desc><![CDATA[皮下出血多见于四肢]]></desc></option><option><id>D</id><type>text</type><desc><![CDATA[常伴有肝、脾肿大]]></desc></option><option><id>E</id><type>text</type><desc><![CDATA[严重者可有内脏出血]]></desc></option></options><answers><![CDATA[D]]></answers></question><question><type>1</type><format>text</format><desc><![CDATA[2.治疗急性特发性血小板减少性紫癜的首选方案是]]></desc><options><option><id>A</id><type>text</type><desc><![CDATA[使用糖皮质激素]]></desc></option><option><id>B</id><type>text</type><desc><![CDATA[输血及输入血小板]]></desc></option><option><id>C</id><type>text</type><desc><![CDATA[使用止血剂]]></desc></option><option><id>D</id><type>text</type><desc><![CDATA[X线脾区照射]]></desc></option><option><id>E</id><type>text</type><desc><![CDATA[脾切除]]></desc></option></options><answers><![CDATA[A]]></answers></question><question><type>1</type><format>text</format><desc><![CDATA[3.特发性血小板减少性紫癜病人血小板低于多少时应绝对卧床，避免内脏出血]]></desc><options><option><id>A</id><type>text</type><desc><![CDATA[10×10<sup>9</sup>/L]]></desc></option><option><id>B</id><type>text</type><desc><![CDATA[20×10<sup>9</sup>/L]]></desc></option><option><id>C</id><type>text</type><desc><![CDATA[30×10<sup>9</sup>/L]]></desc></option><option><id>D</id><type>text</type><desc><![CDATA[40×10<sup>9</sup>/L]]></desc></option><option><id>E</id><type>text</type><desc><![CDATA[50×10<sup>9</sup>/L]]></desc></option></options><answers><![CDATA[B]]></answers></question><question><type>1</type><format>text</format><desc><![CDATA[4.过敏性紫癜与特发性血小板减少性紫癜共有的表现是]]></desc><options><option><id>A</id><type>text</type><desc><![CDATA[关节疼痛]]></desc></option><option><id>B</id><type>text</type><desc><![CDATA[皮肤紫癜]]></desc></option><option><id>C</id><type>text</type><desc><![CDATA[水肿、高血压]]></desc></option><option><id>D</id><type>text</type><desc><![CDATA[血小板减少]]></desc></option><option><id>E</id><type>text</type><desc><![CDATA[巨核细胞成熟障碍]]></desc></option></options><answers><![CDATA[B]]></answers></question><question><type>1</type><format>text</format><desc><![CDATA[5.血友病的护理诊断/问题包括]]></desc><options><option><id>A</id><type>text</type><desc><![CDATA[有出血的危险]]></desc></option><option><id>B</id><type>text</type><desc><![CDATA[有废用综合征的危险]]></desc></option><option><id>C</id><type>text</type><desc><![CDATA[恐惧]]></desc></option><option><id>D</id><type>text</type><desc><![CDATA[潜在并发症：颅内出血]]></desc></option><option><id>E</id><type>text</type><desc><![CDATA[以上均是]]></desc></option></options><answers><![CDATA[E]]></answers></question></questions><questions><instructions><![CDATA[A2型题]]></instructions><question><type>2</type><format>text</format><desc><![CDATA[6.病人，男性，24岁。四肢皮肤反复出现紫癜半年余，血小板明显减少，红、白细胞基本正常。应考虑为]]></desc><options><option><id>A</id><type>text</type><desc><![CDATA[白血病]]></desc></option><option><id>B</id><type>text</type><desc><![CDATA[血友病]]></desc></option><option><id>C</id><type>text</type><desc><![CDATA[缺铁性贫血]]></desc></option><option><id>D</id><type>text</type><desc><![CDATA[特发性血小板减少性紫癜]]></desc></option><option><id>E</id><type>text</type><desc><![CDATA[再生障碍性贫血]]></desc></option></options><answers><![CDATA[D]]></answers></question><question><type>2</type><format>html</format><desc><![CDATA[7.病人，女性，13岁。双下肢皮肤紫癜20天，伴有腹痛、便血、关节肿痛，面部及腹部有荨麻疹。血象：血红蛋白114g/L，白细胞9×10<sup>9</sup>/L，中性粒细胞0.64，淋巴细胞0.28，嗜酸性粒细胞0.08，血小板188×10<sup>9</sup>/L。询问病史，有对牛奶、鸡蛋过敏史。护理措施下列哪项<u><b>不妥</b></u>]]></desc><options><option><id>A</id><type>text</type><desc><![CDATA[卧床休息]]></desc></option><option><id>B</id><type>text</type><desc><![CDATA[高蛋白饮食，以禽、蛋类为主]]></desc></option><option><id>C</id><type>text</type><desc><![CDATA[置受累关节于合适位置]]></desc></option><option><id>D</id><type>text</type><desc><![CDATA[注意局部关节的保暖]]></desc></option><option><id>E</id><type>text</type><desc><![CDATA[指导病人按医嘱用药]]></desc></option></options><answers><![CDATA[B]]></answers></question><question><type>2</type><format>html</format><desc><![CDATA[8.病人，女性，28岁。反复出现皮肤瘀点，并有鼻出血、月经过多，近半年来出现贫血、脾大，护理措施<u><b>错误</b></u>的是]]></desc><options><option><id>A</id><type>text</type><desc><![CDATA[适当限制活动]]></desc></option><option><id>B</id><type>text</type><desc><![CDATA[预防各种创伤]]></desc></option><option><id>C</id><type>text</type><desc><![CDATA[尽量减少肌内注射]]></desc></option><option><id>D</id><type>text</type><desc><![CDATA[保持鼻黏膜湿润，剥去鼻腔内血痂]]></desc></option><option><id>E</id><type>text</type><desc><![CDATA[高蛋白、高维生素、低渣、易消化饮食]]></desc></option></options><answers><![CDATA[D]]></answers></question><question><type>2</type><format>text</format><desc><![CDATA[9.病人，男性，31岁。患血友病，轻微损伤即出血不止，正确的健康指导是]]></desc><options><option><id>A</id><type>text</type><desc><![CDATA[说明本病为遗传性疾病，需终身治疗]]></desc></option><option><id>B</id><type>text</type><desc><![CDATA[避免剧烈的接触性运动]]></desc></option><option><id>C</id><type>text</type><desc><![CDATA[使用刀、剪、锯等工具时应戴手套]]></desc></option><option><id>D</id><type>text</type><desc><![CDATA[不食带骨、带刺以及油炸的食物]]></desc></option><option><id>E</id><type>text</type><desc><![CDATA[以上均是]]></desc></option></options><answers><![CDATA[E]]></answers></question></questions></exam>