﻿<?xml version="1.0" encoding="UTF-8"?><exam><id>20181031224231</id><questions><instructions><![CDATA[A1型题]]></instructions><question><type>1</type><format>text</format><desc><![CDATA[1.开展心理护理的重要前提是]]></desc><options><option><id>A</id><type>text</type><desc><![CDATA[现代的医疗技术]]></desc></option><option><id>B</id><type>text</type><desc><![CDATA[现代的护理技术]]></desc></option><option><id>C</id><type>text</type><desc><![CDATA[心理学技术]]></desc></option><option><id>D</id><type>text</type><desc><![CDATA[心理学理论]]></desc></option><option><id>E</id><type>text</type><desc><![CDATA[良好的护患关系]]></desc></option></options><answers><![CDATA[E]]></answers></question><question><type>1</type><format>html</format><desc><![CDATA[2.心理护理的基本要素<u><b>不包括</b></u>]]></desc><options><option><id>A</id><type>text</type><desc><![CDATA[护士]]></desc></option><option><id>B</id><type>text</type><desc><![CDATA[患者]]></desc></option><option><id>C</id><type>text</type><desc><![CDATA[患者亲属]]></desc></option><option><id>D</id><type>text</type><desc><![CDATA[心理学理论和技术]]></desc></option><option><id>E</id><type>text</type><desc><![CDATA[患者的心理问题]]></desc></option></options><answers><![CDATA[C]]></answers></question><question><type>1</type><format>text</format><desc><![CDATA[3.青年人得知自己患有严重疾病时，首先出现的心理反应是]]></desc><options><option><id>A</id><type>text</type><desc><![CDATA[悲观与抑郁]]></desc></option><option><id>B</id><type>text</type><desc><![CDATA[震惊与否认]]></desc></option><option><id>C</id><type>text</type><desc><![CDATA[急躁与焦虑]]></desc></option><option><id>D</id><type>text</type><desc><![CDATA[敏感与多疑]]></desc></option><option><id>E</id><type>text</type><desc><![CDATA[寂寞与孤独]]></desc></option></options><answers><![CDATA[B]]></answers></question><question><type>1</type><format>text</format><desc><![CDATA[4.老年人生病后，对医护人员和家人依赖，自己能做的事情也需要别人帮助，甚至和小孩一样，出现“老小孩”现象。这说明老年人出现了]]></desc><options><option><id>A</id><type>text</type><desc><![CDATA[退化]]></desc></option><option><id>B</id><type>text</type><desc><![CDATA[否认]]></desc></option><option><id>C</id><type>text</type><desc><![CDATA[孤独]]></desc></option><option><id>D</id><type>text</type><desc><![CDATA[自制力减退]]></desc></option><option><id>E</id><type>text</type><desc><![CDATA[自觉性减退]]></desc></option></options><answers><![CDATA[A]]></answers></question><question><type>1</type><format>text</format><desc><![CDATA[5.手术前患者最常出现的心理反应是]]></desc><options><option><id>A</id><type>text</type><desc><![CDATA[期望]]></desc></option><option><id>B</id><type>text</type><desc><![CDATA[烦躁与抑郁]]></desc></option><option><id>C</id><type>text</type><desc><![CDATA[心理冲突]]></desc></option><option><id>D</id><type>text</type><desc><![CDATA[焦虑与恐惧]]></desc></option><option><id>E</id><type>text</type><desc><![CDATA[无助与绝望]]></desc></option></options><answers><![CDATA[D]]></answers></question><question><type>1</type><format>text</format><desc><![CDATA[6.患者进入重症监护病房后最早出现的心理反应是]]></desc><options><option><id>A</id><type>text</type><desc><![CDATA[焦虑]]></desc></option><option><id>B</id><type>text</type><desc><![CDATA[担忧]]></desc></option><option><id>C</id><type>text</type><desc><![CDATA[抑郁]]></desc></option><option><id>D</id><type>text</type><desc><![CDATA[怀疑]]></desc></option><option><id>E</id><type>text</type><desc><![CDATA[恐惧]]></desc></option></options><answers><![CDATA[E]]></answers><keypoints><![CDATA[解析：进入ICU病房的患者早期最突出的表现为恐惧。]]></keypoints></question><question><type>1</type><format>text</format><desc><![CDATA[7.恶性肿瘤患者情绪异常脆弱，易激惹、愤怒，有时还会伴有攻击行为，该患者处于]]></desc><options><option><id>A</id><type>text</type><desc><![CDATA[休克-恐惧期]]></desc></option><option><id>B</id><type>text</type><desc><![CDATA[否认-怀疑期]]></desc></option><option><id>C</id><type>text</type><desc><![CDATA[愤怒-沮丧期]]></desc></option><option><id>D</id><type>text</type><desc><![CDATA[接受-适应期]]></desc></option><option><id>E</id><type>text</type><desc><![CDATA[紧张-焦虑期]]></desc></option></options><answers><![CDATA[C]]></answers><keypoints><![CDATA[解析：恶性肿瘤患者在愤怒-沮丧期常表现出攻击行为。]]></keypoints></question><question><type>1</type><format>text</format><desc><![CDATA[8.传染病患者不敢说出自己所患的疾病，把肺结核说成“肺炎”，把“艾滋病”说成“免疫系统疾病”，是由于何种心理反应所致。]]></desc><options><option><id>A</id><type>text</type><desc><![CDATA[羞耻]]></desc></option><option><id>B</id><type>text</type><desc><![CDATA[愧疚]]></desc></option><option><id>C</id><type>text</type><desc><![CDATA[紧张]]></desc></option><option><id>D</id><type>text</type><desc><![CDATA[回避]]></desc></option><option><id>E</id><type>text</type><desc><![CDATA[抑郁]]></desc></option></options><answers><![CDATA[D]]></answers><keypoints><![CDATA[解析：传染病患者不敢说出自己所患的疾病，表现出回避心理。]]></keypoints></question><question><type>1</type><format>text</format><desc><![CDATA[9.接受器官移植的患者将新器官视为身体的一部分，此时患者处于]]></desc><options><option><id>A</id><type>text</type><desc><![CDATA[异体物质期]]></desc></option><option><id>B</id><type>text</type><desc><![CDATA[部分心理同化期]]></desc></option><option><id>C</id><type>text</type><desc><![CDATA[完全心理同化期]]></desc></option><option><id>D</id><type>text</type><desc><![CDATA[完全接纳期]]></desc></option><option><id>E</id><type>text</type><desc><![CDATA[心理整合期]]></desc></option></options><answers><![CDATA[C]]></answers></question><question><type>1</type><format>text</format><desc><![CDATA[10.临床患者最常出现的情绪反应是]]></desc><options><option><id>A</id><type>text</type><desc><![CDATA[焦虑]]></desc></option><option><id>B</id><type>text</type><desc><![CDATA[抑郁]]></desc></option><option><id>C</id><type>text</type><desc><![CDATA[愤怒]]></desc></option><option><id>D</id><type>text</type><desc><![CDATA[恐惧]]></desc></option><option><id>E</id><type>text</type><desc><![CDATA[猜疑]]></desc></option></options><answers><![CDATA[A]]></answers></question><question><type>1</type><format>text</format><desc><![CDATA[11.患者出现对人或事物的攻击性行为，此时患者最可能处于的情绪状态是]]></desc><options><option><id>A</id><type>text</type><desc><![CDATA[焦虑]]></desc></option><option><id>B</id><type>text</type><desc><![CDATA[抑郁]]></desc></option><option><id>C</id><type>text</type><desc><![CDATA[愤怒]]></desc></option><option><id>D</id><type>text</type><desc><![CDATA[恐惧]]></desc></option><option><id>E</id><type>text</type><desc><![CDATA[猜疑]]></desc></option></options><answers><![CDATA[C]]></answers><keypoints><![CDATA[解析：愤怒情绪时常表现出攻击性行为。]]></keypoints></question><question><type>1</type><format>text</format><desc><![CDATA[12.关于自杀说法正确的是]]></desc><options><option><id>A</id><type>text</type><desc><![CDATA[自杀是不可能预防的]]></desc></option><option><id>B</id><type>text</type><desc><![CDATA[自杀的人都是精神病]]></desc></option><option><id>C</id><type>text</type><desc><![CDATA[讨论自杀的人不会真去死]]></desc></option><option><id>D</id><type>text</type><desc><![CDATA[不能与有自杀念头的人谈论自杀]]></desc></option><option><id>E</id><type>text</type><desc><![CDATA[大多数自杀者都是矛盾的]]></desc></option></options><answers><![CDATA[E]]></answers></question><question><type>1</type><format>html</format><desc><![CDATA[13.下列有关睡眠的说法<u><b>不正确</b></u>的是]]></desc><options><option><id>A</id><type>text</type><desc><![CDATA[睡前少量饮酒有助于睡眠]]></desc></option><option><id>B</id><type>text</type><desc><![CDATA[睡前进食过多，会影响睡眠质量]]></desc></option><option><id>C</id><type>text</type><desc><![CDATA[保持规律的作息时间，有助于良好的睡眠]]></desc></option><option><id>D</id><type>text</type><desc><![CDATA[睡前进行适度的体育锻炼有助于睡眠]]></desc></option><option><id>E</id><type>text</type><desc><![CDATA[卧室的温度会影响睡眠质量]]></desc></option></options><answers><![CDATA[A]]></answers></question></questions><questions><instructions><![CDATA[A2型题]]></instructions><question><type>1</type><format>text</format><desc><![CDATA[14.患者，男，59岁，被诊断为肺癌，但患者怀疑医生的诊断，希望换一家医院进行检查，这是何种心理反应所致]]></desc><options><option><id>A</id><type>text</type><desc><![CDATA[期待]]></desc></option><option><id>B</id><type>text</type><desc><![CDATA[愤怒]]></desc></option><option><id>C</id><type>text</type><desc><![CDATA[依赖]]></desc></option><option><id>D</id><type>text</type><desc><![CDATA[否认]]></desc></option><option><id>E</id><type>text</type><desc><![CDATA[恐惧]]></desc></option></options><answers><![CDATA[D]]></answers></question><question><type>1</type><format>text</format><desc><![CDATA[15.患者李某，男，45岁，3个月前因交通事故导致股骨粉碎性骨折，患者目前在康复科接受康复训练，患者目前呈现焦虑、抑郁情绪，在接受药物注射外，康复训练时常表现出大汗、气喘等明显紧张症状。作为责任护士，针对患者目前状况，你认为最适宜采取以下哪种护理措施]]></desc><options><option><id>A</id><type>text</type><desc><![CDATA[停止药物注射]]></desc></option><option><id>B</id><type>text</type><desc><![CDATA[停止康复训练]]></desc></option><option><id>C</id><type>text</type><desc><![CDATA[转科改变环境]]></desc></option><option><id>D</id><type>text</type><desc><![CDATA[使用镇静剂]]></desc></option><option><id>E</id><type>text</type><desc><![CDATA[放松训练]]></desc></option></options><answers><![CDATA[E]]></answers><keypoints><![CDATA[解析：患者表现出明显的肌肉紧张状态，此时使用放松训练是最合适的。]]></keypoints></question></questions></exam>