﻿<?xml version="1.0" encoding="UTF-8"?><exam><id>20200402083539</id><questions><instructions><![CDATA[A1型题]]></instructions><question><type>1</type><format>text</format><desc><![CDATA[1.卫生法的调整对象是]]></desc><options><option><id>A</id><type>text</type><desc><![CDATA[违反卫生法的额不法分子]]></desc></option><option><id>B</id><type>text</type><desc><![CDATA[国家卫生行政机关、各种卫生服务组织、卫生相关产品生产者和国际卫生组织]]></desc></option><option><id>C</id><type>text</type><desc><![CDATA[卫生组织关系、卫生管理关系、卫生服务关系和国际卫生关系]]></desc></option><option><id>D</id><type>text</type><desc><![CDATA[各级各类医疗、预防、保荐机构]]></desc></option><option><id>E</id><type>text</type><desc><![CDATA[卫生组织与公民之间的关系]]></desc></option></options><answers><![CDATA[B]]></answers><keypoints><![CDATA[解析：卫生法的调整对象是国家卫生行政机关、各种卫生服务组织、卫生相关产品生产者和国际卫生组织。]]></keypoints></question><question><type>1</type><format>text</format><desc><![CDATA[2.“中华人民共和国公民在年老、疾病或者丧失劳动力的情况下，又从国家或者社会得到物质帮助的权利。国家发展为公民享受这些权利所需要的社会保险、社会救济和医疗卫生事业。”出自于]]></desc><options><option><id>A</id><type>text</type><desc><![CDATA[宪法21条]]></desc></option><option><id>B</id><type>text</type><desc><![CDATA[宪法25条]]></desc></option><option><id>C</id><type>text</type><desc><![CDATA[宪法40条]]></desc></option><option><id>D</id><type>text</type><desc><![CDATA[宪法45条]]></desc></option><option><id>E</id><type>text</type><desc><![CDATA[宪法80条]]></desc></option></options><answers><![CDATA[D]]></answers><keypoints><![CDATA[解析：参照宪法45条原文规定。]]></keypoints></question><question><type>1</type><format>text</format><desc><![CDATA[3.法律效力最低的是]]></desc><options><option><id>A</id><type>text</type><desc><![CDATA[卫生法律]]></desc></option><option><id>B</id><type>text</type><desc><![CDATA[地方性卫生规章]]></desc></option><option><id>C</id><type>text</type><desc><![CDATA[卫生行政规章]]></desc></option><option><id>D</id><type>text</type><desc><![CDATA[地方性卫生法规、卫生自治条例与单行条例]]></desc></option><option><id>E</id><type>text</type><desc><![CDATA[卫生行政法规]]></desc></option></options><answers><![CDATA[B]]></answers><keypoints><![CDATA[解析：参照我国法律效力阶位是宪法、法律、行政法规、部门规章、地方性法规、地方性规章、自治条例与单行条例。]]></keypoints></question><question><type>1</type><format>text</format><desc><![CDATA[4. 我国卫生法的基本原则有]]></desc><options><option><id>A</id><type>text</type><desc><![CDATA[保护公民身体健康原则]]></desc></option><option><id>B</id><type>text</type><desc><![CDATA[社会参与原则]]></desc></option><option><id>C</id><type>text</type><desc><![CDATA[卫生原则]]></desc></option><option><id>D</id><type>text</type><desc><![CDATA[预防为辅原则]]></desc></option><option><id>E</id><type>text</type><desc><![CDATA[中医优先发展原则]]></desc></option></options><answers><![CDATA[A]]></answers><keypoints><![CDATA[解析：我国卫生法的基本原则有保护公民身体健康原则、预防为主原则、公平原则等。]]></keypoints></question><question><type>1</type><format>text</format><desc><![CDATA[5. 卫生法律关系的构成要素包括]]></desc><options><option><id>A</id><type>text</type><desc><![CDATA[权利主体和义务主题]]></desc></option><option><id>B</id><type>text</type><desc><![CDATA[公民的生命健康、行为、物、人身、智力成果]]></desc></option><option><id>C</id><type>text</type><desc><![CDATA[卫生法律关系的当事人]]></desc></option><option><id>D</id><type>text</type><desc><![CDATA[卫生法律关系的主体和客体]]></desc></option><option><id>E</id><type>text</type><desc><![CDATA[卫生法律关系的主体、客体和内容]]></desc></option></options><answers><![CDATA[E]]></answers><keypoints><![CDATA[解析：卫生法律关系的构成要素包括主体、客体和内容。]]></keypoints></question><question><type>1</type><format>text</format><desc><![CDATA[6. 角膜在卫生法律关系的客体中属于]]></desc><options><option><id>A</id><type>text</type><desc><![CDATA[公民的生命健康利益]]></desc></option><option><id>B</id><type>text</type><desc><![CDATA[行为]]></desc></option><option><id>C</id><type>text</type><desc><![CDATA[物]]></desc></option><option><id>D</id><type>text</type><desc><![CDATA[智力成果]]></desc></option><option><id>E</id><type>text</type><desc><![CDATA[人身]]></desc></option></options><answers><![CDATA[E]]></answers><keypoints><![CDATA[解析：法律关系中的客体之一人身包括生命、身体和健康等是公民正常从事生产生活的前提条件，是卫生法律关系中最高层次的客体。角膜是人身的一部分。]]></keypoints></question><question><type>1</type><format>text</format><desc><![CDATA[7. 卫生法律关系的主体包括]]></desc><options><option><id>A</id><type>text</type><desc><![CDATA[卫生行政机关、企事业单位和社会团体、自然人]]></desc></option><option><id>B</id><type>text</type><desc><![CDATA[卫生行政机关、企事业单位和社会团体]]></desc></option><option><id>C</id><type>text</type><desc><![CDATA[企事业单位、社会团体和自然人]]></desc></option><option><id>D</id><type>text</type><desc><![CDATA[企业、事业单位和社会团体]]></desc></option><option><id>E</id><type>text</type><desc><![CDATA[各种从事医疗卫生服务的组织团体]]></desc></option></options><answers><![CDATA[A]]></answers><keypoints><![CDATA[解析：卫生法律关系的主体自然人、法人和其他组织。]]></keypoints></question><question><type>1</type><format>text</format><desc><![CDATA[8. 按照解释的主体和效力的不同，卫生法的解释可分为]]></desc><options><option><id>A</id><type>text</type><desc><![CDATA[立法解释和司法解释]]></desc></option><option><id>B</id><type>text</type><desc><![CDATA[行政解释和司法解释]]></desc></option><option><id>C</id><type>text</type><desc><![CDATA[行政解释和学理解释]]></desc></option><option><id>D</id><type>text</type><desc><![CDATA[学理解释和任意解释]]></desc></option><option><id>E</id><type>text</type><desc><![CDATA[正式解释和非正式解释]]></desc></option></options><answers><![CDATA[E]]></answers><keypoints><![CDATA[解析：卫生法的解释，是指对卫生法律规范的内容、含义、概念、术语等所做的必要的说明。按照解释的主体和效力的不同，卫生法的解释可分为正式解释和非正式解释。]]></keypoints></question><question><type>1</type><format>text</format><desc><![CDATA[9. 卫生法具有（  ）的基本特征]]></desc><options><option><id>A</id><type>text</type><desc><![CDATA[它与自然学科紧密联系]]></desc></option><option><id>B</id><type>text</type><desc><![CDATA[吸收了一些技术规范没有吸收道德规范]]></desc></option><option><id>C</id><type>text</type><desc><![CDATA[内容不具有广泛性]]></desc></option><option><id>D</id><type>text</type><desc><![CDATA[调节手段单一]]></desc></option><option><id>E</id><type>text</type><desc><![CDATA[没有反应社会的共同需求]]></desc></option></options><answers><![CDATA[A]]></answers><keypoints><![CDATA[解析：卫生法具有与自然学科紧密联系、保障生命健康权利等基本特征。]]></keypoints></question><question><type>1</type><format>text</format><desc><![CDATA[10. 卫生法律的规范作用]]></desc><options><option><id>A</id><type>text</type><desc><![CDATA[为人们的卫生行为提供引导作用]]></desc></option><option><id>B</id><type>text</type><desc><![CDATA[引导社会参与的作用]]></desc></option><option><id>C</id><type>text</type><desc><![CDATA[具有惩戒作用]]></desc></option><option><id>D</id><type>text</type><desc><![CDATA[具有预防生病作用]]></desc></option><option><id>E</id><type>text</type><desc><![CDATA[引导中医优先发展的作用]]></desc></option></options><answers><![CDATA[A]]></answers><keypoints><![CDATA[解析：卫生法律有为人们的卫生行为提供引导作用。]]></keypoints></question><question><type>1</type><format>text</format><desc><![CDATA[11. 卫生立法的思想依据是]]></desc><options><option><id>A</id><type>text</type><desc><![CDATA[宪法]]></desc></option><option><id>B</id><type>text</type><desc><![CDATA[社会经济条件]]></desc></option><option><id>C</id><type>text</type><desc><![CDATA[卫生方针政策]]></desc></option><option><id>D</id><type>text</type><desc><![CDATA[保护人体健康]]></desc></option><option><id>E</id><type>text</type><desc><![CDATA[医药卫生科学]]></desc></option></options><answers><![CDATA[D]]></answers><keypoints><![CDATA[解析：健康是人类生存和发展的基本条件，增进人民健康，提高全民族的健康素质，是我国社会经济发展和精神文明建设的重要目标，也是促进经济发展和社会可持续发展的重要保障。因此，卫生法无论以什么形式表现出来都必须把保护人体健康作为其立法工作的出发点和立脚点。]]></keypoints></question><question><type>1</type><format>text</format><desc><![CDATA[12. 卫生法律文件的效力范围]]></desc><options><option><id>A</id><type>text</type><desc><![CDATA[只包括时间效力]]></desc></option><option><id>B</id><type>text</type><desc><![CDATA[只包括空间效力]]></desc></option><option><id>C</id><type>text</type><desc><![CDATA[只包括对象效力]]></desc></option><option><id>D</id><type>text</type><desc><![CDATA[以上三种效力都包括]]></desc></option><option><id>E</id><type>text</type><desc><![CDATA[以上都不对]]></desc></option></options><answers><![CDATA[D]]></answers><keypoints><![CDATA[解析：卫生法律文件的效力范围包括只包括时间效力、空间效力、对象效力。]]></keypoints></question><question><type>1</type><format>text</format><desc><![CDATA[13. 根据《立法法》的规定，有权制定卫生行政法规的机关是]]></desc><options><option><id>A</id><type>text</type><desc><![CDATA[全国人大]]></desc></option><option><id>B</id><type>text</type><desc><![CDATA[全国人大常委]]></desc></option><option><id>C</id><type>text</type><desc><![CDATA[国务院]]></desc></option><option><id>D</id><type>text</type><desc><![CDATA[卫计委]]></desc></option><option><id>E</id><type>text</type><desc><![CDATA[卫生厅]]></desc></option></options><answers><![CDATA[C]]></answers><keypoints><![CDATA[解析：根据《立法法》的规定，有权制定卫生行政法规的机关是国务院。]]></keypoints></question></questions></exam>