﻿<?xml version="1.0" encoding="UTF-8"?><exam><id>20200402090821</id><questions><instructions><![CDATA[A1型题]]></instructions><question><type>1</type><format>text</format><desc><![CDATA[1.新修订的《中华人民共和国传染病防治法》的施行日期是]]></desc><options><option><id>A</id><type>text</type><desc><![CDATA[1999年10月1日]]></desc></option><option><id>B</id><type>text</type><desc><![CDATA[ 2004年12月1日]]></desc></option><option><id>C</id><type>text</type><desc><![CDATA[2007年12月29日]]></desc></option><option><id>D</id><type>text</type><desc><![CDATA[1998年12月29日]]></desc></option><option><id>E</id><type>text</type><desc><![CDATA[1997年7月1日]]></desc></option></options><answers><![CDATA[B]]></answers><keypoints><![CDATA[解析：新修订的《中华人民共和国传染病防治法》的施行日期是2004年12月1日。]]></keypoints></question><question><type>1</type><format>html</format><desc><![CDATA[2.《传染病防治法》规定，在传染病暴发、流行时，当地政府可报上一级政府决定采取必要的紧急措施。下列措施中，<u><b>不符合</b></u>法律规定的是]]></desc><options><option><id>A</id><type>text</type><desc><![CDATA[限制或停止集市、集会、影剧院演出或者其他人群聚集的活动]]></desc></option><option><id>B</id><type>text</type><desc><![CDATA[停工、停业、停课]]></desc></option><option><id>C</id><type>text</type><desc><![CDATA[封闭被传染病病原污染的公共饮用水源]]></desc></option><option><id>D</id><type>text</type><desc><![CDATA[限制或不允许离开自家家门]]></desc></option><option><id>E</id><type>text</type><desc><![CDATA[允许离开自家家门]]></desc></option></options><answers><![CDATA[D]]></answers><keypoints><![CDATA[解析：《传染病防治法》规定，在传染病暴发、流行时，当地政府可报上一级政府决定采取必要的紧急措施包括限制或停止集市、集会、影剧院演出或者其他人群聚集的活动；停工、停业、停课；封闭被传染病病原污染的公共饮用水源。]]></keypoints></question><question><type>1</type><format>text</format><desc><![CDATA[3.《传染病防治法》规定，各级各类医疗保健机构在传染病防治方面的职责是]]></desc><options><option><id>A</id><type>text</type><desc><![CDATA[对传染病防治工作实施统一监督管理]]></desc></option><option><id>B</id><type>text</type><desc><![CDATA[按照专业分工承担责任范围内的传染病监测管理工作]]></desc></option><option><id>C</id><type>text</type><desc><![CDATA[承担责任范围内的传染病防治管理任务]]></desc></option><option><id>D</id><type>text</type><desc><![CDATA[领导所辖区域传染病防治工作]]></desc></option><option><id>E</id><type>text</type><desc><![CDATA[指挥所辖区域传染病防治工作]]></desc></option></options><answers><![CDATA[C]]></answers><keypoints><![CDATA[解析：《传染病防治法》规定，各级各类医疗保健机构在传染病防治方面的职责是承担责任范围内的传染病防治管理任务。]]></keypoints></question><question><type>1</type><format>text</format><desc><![CDATA[4.对传染病人的控制，正确的是]]></desc><options><option><id>A</id><type>text</type><desc><![CDATA[对乙、丙类传染病病人予以隔离治疗]]></desc></option><option><id>B</id><type>text</type><desc><![CDATA[对艾滋病病人密切接触者应在指定场所进行医学观察]]></desc></option><option><id>C</id><type>text</type><desc><![CDATA[淋病、梅毒病人未治愈前不准去公共浴室、理发店等公共场所]]></desc></option><option><id>D</id><type>text</type><desc><![CDATA[对甲类传染病病原携带者限制活动范围]]></desc></option><option><id>E</id><type>text</type><desc><![CDATA[ 对乙类传染病病原携带者限制活动范围]]></desc></option></options><answers><![CDATA[C]]></answers><keypoints><![CDATA[解析：淋病、梅毒病人未治愈前不准去公共浴室、理发店等公共场所。]]></keypoints></question><question><type>1</type><format>text</format><desc><![CDATA[5.必须在卫生防疫机构的指导监督下严密消毒后处理的是]]></desc><options><option><id>A</id><type>text</type><desc><![CDATA[被甲类传染病病原体污染的污水]]></desc></option><option><id>B</id><type>text</type><desc><![CDATA[被可疑乙类传染病人用过的物品]]></desc></option><option><id>C</id><type>text</type><desc><![CDATA[被可疑丙类传染病人用过的物品]]></desc></option><option><id>D</id><type>text</type><desc><![CDATA[被乙类传染病病原携带者用过的物品]]></desc></option><option><id>E</id><type>text</type><desc><![CDATA[被丙类传染病病原携带者用过的物品]]></desc></option></options><answers><![CDATA[A]]></answers><keypoints><![CDATA[解析：必须在卫生防疫机构的指导监督下严密消毒后处理的是被甲类传染病病原体污染的污水。]]></keypoints></question><question><type>1</type><format>text</format><desc><![CDATA[6.在传染病的预防工作中，国家实行的制度是]]></desc><options><option><id>A</id><type>text</type><desc><![CDATA[预防保健制度]]></desc></option><option><id>B</id><type>text</type><desc><![CDATA[有计划的预防接种制度]]></desc></option><option><id>C</id><type>text</type><desc><![CDATA[爱国卫生运动]]></desc></option><option><id>D</id><type>text</type><desc><![CDATA[有计划的卫生防疫]]></desc></option><option><id>E</id><type>text</type><desc><![CDATA[根据情形接种制度]]></desc></option></options><answers><![CDATA[B]]></answers><keypoints><![CDATA[解析：在传染病的预防工作中，国家实行的制度是有计划的预防接种制度。]]></keypoints></question><question><type>1</type><format>text</format><desc><![CDATA[7.下列说法正确的是]]></desc><options><option><id>A</id><type>text</type><desc><![CDATA[国务院可以根据情况，增加或减少甲类传染病病种，并予公布]]></desc></option><option><id>B</id><type>text</type><desc><![CDATA[国务院卫生行政部门可以根据情况，增加或减少甲类传染病病种，并予公布]]></desc></option><option><id>C</id><type>text</type><desc><![CDATA[甲类传染病的病种只能由WHO决定]]></desc></option><option><id>D</id><type>text</type><desc><![CDATA[省级卫生行政部门可以根据情况，增加或减少乙、丙类传染病病种，并予公布]]></desc></option><option><id>E</id><type>text</type><desc><![CDATA[以上说法都对]]></desc></option></options><answers><![CDATA[A]]></answers><keypoints><![CDATA[解析：国务院可以根据情况，增加或减少甲类传染病病种，并予公布。]]></keypoints></question><question><type>1</type><format>text</format><desc><![CDATA[8.下列属于法定乙类传染病的是]]></desc><options><option><id>A</id><type>text</type><desc><![CDATA[鼠疫]]></desc></option><option><id>B</id><type>text</type><desc><![CDATA[艾滋病]]></desc></option><option><id>C</id><type>text</type><desc><![CDATA[急性出血性结膜炎]]></desc></option><option><id>D</id><type>text</type><desc><![CDATA[流行性感冒]]></desc></option><option><id>E</id><type>text</type><desc><![CDATA[霍乱]]></desc></option></options><answers><![CDATA[B]]></answers><keypoints><![CDATA[解析：属于法定乙类传染病的是艾滋病。]]></keypoints></question><question><type>1</type><format>text</format><desc><![CDATA[9.《传染病防治法》第三十九条规定，哪些人员凡因玩忽职守，造成传染病传播或流行的，要给予行政处分；情节严重、构成犯罪的要依法追究刑事责任]]></desc><options><option><id>A</id><type>text</type><desc><![CDATA[从事传染病工作的医疗保健人员]]></desc></option><option><id>B</id><type>text</type><desc><![CDATA[从事传染病工作的卫生防疫人员和监督管理人员]]></desc></option><option><id>C</id><type>text</type><desc><![CDATA[政府有关主管人员]]></desc></option><option><id>D</id><type>text</type><desc><![CDATA[以上都是]]></desc></option><option><id>E</id><type>text</type><desc><![CDATA[ 以上都不是]]></desc></option></options><answers><![CDATA[D]]></answers><keypoints><![CDATA[解析：从事传染病工作的医疗保健人员、从事传染病工作的卫生防疫人员和监督管理人员和政府有关主管人员凡因玩忽职守，造成传染病传播或流行的，要给予行政处分；情节严重、构成犯罪的要依法追究刑事责任。]]></keypoints></question><question><type>1</type><format>text</format><desc><![CDATA[10.对甲类传染病，向卫生防疫部门报告的时间是]]></desc><options><option><id>A</id><type>text</type><desc><![CDATA[城镇最迟不得超过6小时，农村最迟不得超过12小时]]></desc></option><option><id>B</id><type>text</type><desc><![CDATA[城镇应于12小时内，农村应于24小时内]]></desc></option><option><id>C</id><type>text</type><desc><![CDATA[城镇和农村最迟不得超过12小时]]></desc></option><option><id>D</id><type>text</type><desc><![CDATA[城镇和农村最迟不得超过24小时]]></desc></option><option><id>E</id><type>text</type><desc><![CDATA[2小时内报告]]></desc></option></options><answers><![CDATA[E]]></answers><keypoints><![CDATA[解析：根据《突发公共卫生事件与传染病疫情监测信息报告管理办法》第18条规定，责任报告单位和责任疫情报告人发现甲类传染病和乙类传染病中的肺炭疽、传染性非典型肺炎、脊髓灰质炎、人感染高致病性禽流感病人或疑似病人时，或发现其他传染病和不明原因疾病暴发时，应于2小时内将传染病报告卡通过网络报告；未实行网络直报的责任报告单位应于2小时内以最快的通讯方式（电话、传真）向当地县级疾病预防控制机构报告，并于2小时内寄送出传染病报告卡。]]></keypoints></question><question><type>1</type><format>html</format><desc><![CDATA[11.哪些人群<u><b>不得</b></u>从事国务院卫生行政部门规定禁止从事的易使该传染病扩散的工作]]></desc><options><option><id>A</id><type>text</type><desc><![CDATA[传染病病人治愈前]]></desc></option><option><id>B</id><type>text</type><desc><![CDATA[病原携带者排除传染病嫌疑前]]></desc></option><option><id>C</id><type>text</type><desc><![CDATA[疑似传染病病人排除传染病嫌疑前]]></desc></option><option><id>D</id><type>text</type><desc><![CDATA[以上都是]]></desc></option><option><id>E</id><type>text</type><desc><![CDATA[以上都不是]]></desc></option></options><answers><![CDATA[D]]></answers><keypoints><![CDATA[解析：传染病病人治愈前、病原携带者排除传染病嫌疑前和疑似传染病病人排除传染病嫌疑前的人群不得从事国务院卫生行政部门规定禁止从事的易使该传染病扩散的工作。]]></keypoints></question><question><type>1</type><format>text</format><desc><![CDATA[12.医疗机构对甲类传染病病人、病原携带者，予以隔离治疗，隔离期限确定的依据是]]></desc><options><option><id>A</id><type>text</type><desc><![CDATA[医学检查结果]]></desc></option><option><id>B</id><type>text</type><desc><![CDATA[病原携带者未出现临床症状]]></desc></option><option><id>C</id><type>text</type><desc><![CDATA[病人病情好转]]></desc></option><option><id>D</id><type>text</type><desc><![CDATA[由上级卫生行政部门决定]]></desc></option><option><id>E</id><type>text</type><desc><![CDATA[县级人民政府决定]]></desc></option></options><answers><![CDATA[A]]></answers><keypoints><![CDATA[解析：医疗机构对甲类传染病病人、病原携带者，予以隔离治疗，隔离期限确定的依据是医学检查结果.]]></keypoints></question><question><type>1</type><format>text</format><desc><![CDATA[13.承担传染病监测、预测、流行病学调查、疫情报告以及其他预防、控制工作的机构是]]></desc><options><option><id>A</id><type>text</type><desc><![CDATA[ 各级疾病预防控制机构]]></desc></option><option><id>B</id><type>text</type><desc><![CDATA[ 各级医疗机构]]></desc></option><option><id>C</id><type>text</type><desc><![CDATA[ 各级卫生行政部门]]></desc></option><option><id>D</id><type>text</type><desc><![CDATA[ 各级地方政府]]></desc></option><option><id>E</id><type>text</type><desc><![CDATA[ 各级医院]]></desc></option></options><answers><![CDATA[A]]></answers><keypoints><![CDATA[解析：承担传染病监测、预测、流行病学调查、疫情报告以及其他预防、控制工作的机构是各级疾病预防控制机构。]]></keypoints></question><question><type>1</type><format>text</format><desc><![CDATA[14.传染性非典型肺炎防治管理办法于（     ）发布并施行。]]></desc><options><option><id>A</id><type>text</type><desc><![CDATA[ 2003年5月4日]]></desc></option><option><id>B</id><type>text</type><desc><![CDATA[ 1998年7月1日]]></desc></option><option><id>C</id><type>text</type><desc><![CDATA[ 2009年10月1日]]></desc></option><option><id>D</id><type>text</type><desc><![CDATA[ 2003年5月13日]]></desc></option><option><id>E</id><type>text</type><desc><![CDATA[ 2003年5月1日]]></desc></option></options><answers><![CDATA[D]]></answers><keypoints><![CDATA[解析：传染性非典型肺炎防治管理办法于2003年5月13日发布并施行。]]></keypoints></question><question><type>1</type><format>text</format><desc><![CDATA[15.发现人畜共患传染病时，当地疾病预防控制机构应与（    ）互相通报疫情。]]></desc><options><option><id>A</id><type>text</type><desc><![CDATA[ 农、林部门]]></desc></option><option><id>B</id><type>text</type><desc><![CDATA[ 地方政府]]></desc></option><option><id>C</id><type>text</type><desc><![CDATA[ 公安部门]]></desc></option><option><id>D</id><type>text</type><desc><![CDATA[ 新闻媒体]]></desc></option><option><id>E</id><type>text</type><desc><![CDATA[ 交通部门]]></desc></option></options><answers><![CDATA[A]]></answers><keypoints><![CDATA[解析：发现人畜共患传染病时，当地疾病预防控制机构应与农、林部门互相通报疫情。]]></keypoints></question><question><type>1</type><format>text</format><desc><![CDATA[16.根据《中华人民共和国传染病防治法实施办法》，下列属于传染病的菌（毒）种的为]]></desc><options><option><id>A</id><type>text</type><desc><![CDATA[ 天花病毒]]></desc></option><option><id>B</id><type>text</type><desc><![CDATA[ 双歧杆菌]]></desc></option><option><id>C</id><type>text</type><desc><![CDATA[ 粪肠球菌]]></desc></option><option><id>D</id><type>text</type><desc><![CDATA[ 鲍曼不动杆菌]]></desc></option><option><id>E</id><type>text</type><desc><![CDATA[ 黄曲霉菌]]></desc></option></options><answers><![CDATA[A]]></answers><keypoints><![CDATA[解析：根据《中华人民共和国传染病防治法实施办法》，属于传染病的菌（毒）种的为天花病毒。]]></keypoints></question><question><type>1</type><format>text</format><desc><![CDATA[17.除（     ），患有下列疾病的病人或者病原携带者予以必要的隔离治疗，直至医疗保健机构证明其不具有传染性时，方可恢复工作：]]></desc><options><option><id>A</id><type>text</type><desc><![CDATA[流行性腮腺炎]]></desc></option><option><id>B</id><type>text</type><desc><![CDATA[急性出血性结膜炎]]></desc></option><option><id>C</id><type>text</type><desc><![CDATA[带状疱疹]]></desc></option><option><id>D</id><type>text</type><desc><![CDATA[梅毒]]></desc></option><option><id>E</id><type>text</type><desc><![CDATA[急性肺结核]]></desc></option></options><answers><![CDATA[C]]></answers><keypoints><![CDATA[解析：梅毒。]]></keypoints></question><question><type>1</type><format>text</format><desc><![CDATA[18.对甲类传染病，向卫生防疫部门报告的时间是]]></desc><options><option><id>A</id><type>text</type><desc><![CDATA[城镇最迟不得超过6小时，农村最迟不得超过12小时]]></desc></option><option><id>B</id><type>text</type><desc><![CDATA[城镇应于12小时内，农村应于24小时内]]></desc></option><option><id>C</id><type>text</type><desc><![CDATA[城镇和农村最迟不得超过12小时]]></desc></option><option><id>D</id><type>text</type><desc><![CDATA[城镇和农村最迟不得超过24小时]]></desc></option><option><id>E</id><type>text</type><desc><![CDATA[2小时内报告]]></desc></option></options><answers><![CDATA[E]]></answers><keypoints><![CDATA[解析：根据《突发公共卫生事件与传染病疫情监测信息报告管理办法》第18条规定，责任报告单位和责任疫情报告人发现甲类传染病和乙类传染病中的肺炭疽、传染性非典型肺炎、脊髓灰质炎、人感染高致病性禽流感病人或疑似病人时，或发现其他传染病和不明原因疾病暴发时，应于2小时内将传染病报告卡通过网络报告；未实行网络直报的责任报告单位应于2小时内以最快的通讯方式（电话、传真）向当地县级疾病预防控制机构报告，并于2小时内寄送出传染病报告卡。]]></keypoints></question><question><type>1</type><format>text</format><desc><![CDATA[19.《国境卫生检疫法》规定，国境卫生检疫机关发现检疫传染病或者疑似检疫传染病时，必须迅速报告国务院卫生行政部门。其时间规定为]]></desc><options><option><id>A</id><type>text</type><desc><![CDATA[最迟不得超过4小时]]></desc></option><option><id>B</id><type>text</type><desc><![CDATA[最迟不得超过8小时]]></desc></option><option><id>C</id><type>text</type><desc><![CDATA[最迟不得超过16小时]]></desc></option><option><id>D</id><type>text</type><desc><![CDATA[最迟不得超过24小时]]></desc></option><option><id>E</id><type>text</type><desc><![CDATA[ 最迟不得超过48小时]]></desc></option></options><answers><![CDATA[D]]></answers><keypoints><![CDATA[解析：《国境卫生检疫法》规定，国境卫生检疫机关发现检疫传染病或者疑似检疫传染病时，必须迅速报告国务院卫生行政部门。其时间规定为最迟不得超过24小时。]]></keypoints></question></questions></exam>