﻿<?xml version="1.0" encoding="UTF-8"?><exam><id>20200402091853</id><questions><instructions><![CDATA[A1型题]]></instructions><question><type>1</type><format>text</format><desc><![CDATA[1.全脑功能的永久性停止称为]]></desc><options><option><id>A</id><type>text</type><desc><![CDATA[植物人状态]]></desc></option><option><id>B</id><type>text</type><desc><![CDATA[濒死状态]]></desc></option><option><id>C</id><type>text</type><desc><![CDATA[脑死亡]]></desc></option><option><id>D</id><type>text</type><desc><![CDATA[生物学死亡]]></desc></option><option><id>E</id><type>text</type><desc><![CDATA[临床死亡]]></desc></option></options><answers><![CDATA[C]]></answers><keypoints><![CDATA[解析：脑死亡是指原发于脑组织严重外伤或脑的原发性疾病，导致包括脑干在内的全脑功能不可逆转和永久的丧失，是整个中枢神经系统的全部死亡。]]></keypoints></question><question><type>1</type><format>text</format><desc><![CDATA[2.世界上第一个将安乐死合法化的国家是]]></desc><options><option><id>A</id><type>text</type><desc><![CDATA[荷兰]]></desc></option><option><id>B</id><type>text</type><desc><![CDATA[美国]]></desc></option><option><id>C</id><type>text</type><desc><![CDATA[比利时]]></desc></option><option><id>D</id><type>text</type><desc><![CDATA[丹麦]]></desc></option><option><id>E</id><type>text</type><desc><![CDATA[澳大利亚]]></desc></option></options><answers><![CDATA[A]]></answers><keypoints><![CDATA[解析：荷兰是世界上第一个颁布安乐死法律的国家，比利时是第二个。]]></keypoints></question><question><type>1</type><format>text</format><desc><![CDATA[3.下列适用于《人体器官移植条例》的有]]></desc><options><option><id>A</id><type>text</type><desc><![CDATA[骨髓]]></desc></option><option><id>B</id><type>text</type><desc><![CDATA[角膜]]></desc></option><option><id>C</id><type>text</type><desc><![CDATA[肾脏]]></desc></option><option><id>D</id><type>text</type><desc><![CDATA[细胞]]></desc></option></options><answers><![CDATA[C]]></answers><keypoints><![CDATA[解析：《人体器官移植条例》第二条规定：在中华人民共和国境内从事人体器官移植，适用本条例;从事人体细胞和角膜、骨髓等人体组织移植，不适用本条例。本条例所称人体器官移植，是指摘取人体器官捐献人具有特定功能的心脏、肺脏、肝脏、肾脏或者胰腺等器官的全部或者部分，将其植入接受人身体以代替其病损器官的过程。]]></keypoints></question><question><type>1</type><format>text</format><desc><![CDATA[4.《人体器官移植条例》于(    )年通过施行。]]></desc><options><option><id>A</id><type>text</type><desc><![CDATA[2006]]></desc></option><option><id>B</id><type>text</type><desc><![CDATA[2007]]></desc></option><option><id>C</id><type>text</type><desc><![CDATA[2008]]></desc></option><option><id>D</id><type>text</type><desc><![CDATA[2009]]></desc></option></options><answers><![CDATA[B]]></answers><keypoints><![CDATA[解析：《人体器官移植条例》是为了规范人体器官移植，保证医疗质量，保障人体健康，维护公民的合法权益而制定的。这里特别要注意的就是其于2007年3月21日国务院第171次常务会议通过，2007年3月31日发布，自2007年5月1日起施行。]]></keypoints></question><question><type>1</type><format>text</format><desc><![CDATA[5.人体器官移植技术临床应用与伦理委员会中从事人体器官移植的医学专家不超过委员人数的]]></desc><options><option><id>A</id><type>text</type><desc><![CDATA[1/2]]></desc></option><option><id>B</id><type>text</type><desc><![CDATA[1/3]]></desc></option><option><id>C</id><type>text</type><desc><![CDATA[1/4]]></desc></option><option><id>D</id><type>text</type><desc><![CDATA[1/5]]></desc></option></options><answers><![CDATA[C]]></answers><keypoints><![CDATA[解析：《人体器官移植条例》第十一条规定：医疗机构从事人体器官移植，应当具备下列条件：(一)有与从事人体器官移植相适应的执业医师和其他医务人员；(二)有满足人体器官移植所需要的设备、设施；(三)有由医学、法学、伦理学等方面专家组成的人体器官移植技术临床应用与伦理委员会，该委员会中从事人体器官移植的医学专家不超过委员人数的1/4；(四)有完善的人体器官移植质量监控等管理制度。]]></keypoints></question><question><type>1</type><format>text</format><desc><![CDATA[6.已经办理人体器官移植诊疗科目登记的医疗机构不再具备规定条件的，应当停止从事人体器官移植，并向(      )报告。]]></desc><options><option><id>A</id><type>text</type><desc><![CDATA[省卫健委]]></desc></option><option><id>B</id><type>text</type><desc><![CDATA[中华医学会]]></desc></option><option><id>C</id><type>text</type><desc><![CDATA[国家卫健委]]></desc></option><option><id>D</id><type>text</type><desc><![CDATA[原登记部门]]></desc></option></options><answers><![CDATA[D]]></answers><keypoints><![CDATA[解析：《人体器官移植条例》第十三条规定：已经办理人体器官移植诊疗科目登记的医疗机构不再具备本条例第十一条规定条件的，应当停止从事人体器官移植，并向原登记部门报告。原登记部门应当自收到报告之日起2日内注销该医疗机构的人体器官移植诊疗科目登记，并予以公布。]]></keypoints></question><question><type>1</type><format>text</format><desc><![CDATA[7.违反条例规定买卖人体器官或者从事与买卖人体器官有关活动的，由设区的市级以上地方人民政府卫生主管部门依照职责分工没收违法所得，并处交易额（      ）倍以上（      ）倍以下的罚款]]></desc><options><option><id>A</id><type>text</type><desc><![CDATA[8、10]]></desc></option><option><id>B</id><type>text</type><desc><![CDATA[5、7]]></desc></option><option><id>C</id><type>text</type><desc><![CDATA[3、5]]></desc></option><option><id>D</id><type>text</type><desc><![CDATA[2、6]]></desc></option></options><answers><![CDATA[A]]></answers><keypoints><![CDATA[解析：《人体器官移植条例》第二十六条第一款规定“违反本条例规定，买卖人体器官或者从事与买卖人体器官有关活动的，由设区的市级以上地方人民政府卫生主管部门依照职责分工没收违法所得，并处交易额8倍以上10倍以下的罚款；医务人员参与上述活动的，由原发证部门吊销其执业证书”。]]></keypoints></question><question><type>1</type><format>html</format><desc><![CDATA[8.捐献人体器官的条件说法<u><b>错误的</b></u>是]]></desc><options><option><id>A</id><type>text</type><desc><![CDATA[捐献人体器官的公民应当具有完全民事行为能力]]></desc></option><option><id>B</id><type>text</type><desc><![CDATA[公民捐献其人体器官应当有书面形式的捐献意愿，对已经表示捐献其人体器官的意愿，有权予以撤销]]></desc></option><option><id>C</id><type>text</type><desc><![CDATA[公民生前表示不同意捐献其人体器官的，任何组织或者个人不得捐献、摘取该公民的人体器官]]></desc></option><option><id>D</id><type>text</type><desc><![CDATA[公民生前未表示不同意捐献其人体器官的，该公民死亡后，其配偶、成年子女、父母可以以书面形式共同表示同意捐献该公民人体器官的意愿]]></desc></option><option><id>E</id><type>text</type><desc><![CDATA[公民生前未表示不同意捐献其人体器官的，该公民死亡后，其配偶、成年子女、父母均可以以书面形式表示同意捐献该公民人体器官的意愿]]></desc></option></options><answers><![CDATA[E]]></answers><keypoints><![CDATA[解析：《人体器官移植条例》第八条规定：捐献人体器官的公民应当具有完全民事行为能力。公民捐献其人体器官应当有书面形式的捐献意愿，对已经表示捐献其人体器官的意愿，有权予以撤销。公民生前表示不同意捐献其人体器官的，任何组织或者个人不得捐献、摘取该公民的人体器官；公民生前未表示不同意捐献其人体器官的，该公民死亡后，其配偶、成年子女、父母可以以书面形式共同表示同意捐献该公民人体器官的意愿。]]></keypoints></question><question><type>1</type><format>text</format><desc><![CDATA[9. 依照我国《人体器官移植条例》，下列可以为其直系血亲捐献肾脏的是]]></desc><options><option><id>A</id><type>text</type><desc><![CDATA[28周岁的未婚女性]]></desc></option><option><id>B</id><type>text</type><desc><![CDATA[36周岁的严重智力低下患者]]></desc></option><option><id>C</id><type>text</type><desc><![CDATA[16周岁的健康中学生]]></desc></option><option><id>D</id><type>text</type><desc><![CDATA[24周岁的乙肝患者]]></desc></option><option><id>E</id><type>text</type><desc><![CDATA[20周岁的精神病患者]]></desc></option></options><answers><![CDATA[A]]></answers><keypoints><![CDATA[解析：《人体器官移植条例》第八条规定：捐献人体器官的公民应当具有完全民事行为能力。B、E均不是具有完全民事行为能力者。器官选择时应慎用乙型、丙型肝炎病毒感染者、吸毒者、有相关脏器病史者的器官。D不符合。我国《民法通则》第11条规定：18周岁以上的公民是成年人，具有完全民事行为能力，可以独立进行民事活动，是完全民事行为能力人。16周岁以上不满18周岁的公民，以自己的劳动收入为主要生活来源的，视为完全民事行为能力人。C是中学生，无劳动收入。]]></keypoints></question><question><type>1</type><format>html</format><desc><![CDATA[10.1986年国际移植学会发布的“分配尸体器官的准则”<u><b>不包括</b></u>的内容是]]></desc><options><option><id>A</id><type>text</type><desc><![CDATA[将所收集的捐献器官给以最佳利用]]></desc></option><option><id>B</id><type>text</type><desc><![CDATA[依据医学标准将器官给以最合适移植的病人]]></desc></option><option><id>C</id><type>text</type><desc><![CDATA[必须经由国家或地区的器官分配网分配器官]]></desc></option><option><id>D</id><type>text</type><desc><![CDATA[参与移植医生不应从事该类宣传]]></desc></option><option><id>E</id><type>text</type><desc><![CDATA[不可付钱给捐献者，但可以补偿其因手术和住院等所付出的开支和损失]]></desc></option></options><answers><![CDATA[E]]></answers><keypoints><![CDATA[解析：“分配尸体器官的准则”包括：①最优化原则：将所收集的捐献器官给以最佳利用，依据医学标准将器官给以最合适移植的病人，绝不可以浪费可供使用的器官；②公正分配原则：应成立区域性或全国性的器官分配网，做公平合适的分配，必须经由国家或地区的器官分配网分配器官；③参与移植医生不应从事该类宣传。]]></keypoints></question></questions></exam>