﻿<?xml version="1.0" encoding="UTF-8"?><exam><id>20181018142216</id><questions><instructions><![CDATA[A1型题]]></instructions><question><type>1</type><format>html</format><desc><![CDATA[1.对于正常新生儿的心理护理，<u><b>错误</b></u>的是]]></desc><options><option><id>A</id><type>text</type><desc><![CDATA[母婴同室]]></desc></option><option><id>B</id><type>text</type><desc><![CDATA[父亲应参与照顾婴儿]]></desc></option><option><id>C</id><type>text</type><desc><![CDATA[保持安静不与新生儿说话]]></desc></option><option><id>D</id><type>text</type><desc><![CDATA[经常与新生儿进行目光交流]]></desc></option><option><id>E</id><type>text</type><desc><![CDATA[给色彩鲜艳会转动的玩具看]]></desc></option></options><answers><![CDATA[C]]></answers></question><question><type>1</type><format>text</format><desc><![CDATA[2.日光浴一般在婴儿早餐后]]></desc><options><option><id>A</id><type>text</type><desc><![CDATA[0.5小时内为宜]]></desc></option><option><id>B</id><type>text</type><desc><![CDATA[1～1.5小时为宜]]></desc></option><option><id>C</id><type>text</type><desc><![CDATA[2～2.5小时为宜]]></desc></option><option><id>D</id><type>text</type><desc><![CDATA[2.5～3小时为宜]]></desc></option><option><id>E</id><type>text</type><desc><![CDATA[3～3.5小时为宜]]></desc></option></options><answers><![CDATA[B]]></answers></question><question><type>1</type><format>html</format><desc><![CDATA[3.<u><b>不属于</b></u>青春期保健重点的是]]></desc><options><option><id>A</id><type>text</type><desc><![CDATA[合理营养]]></desc></option><option><id>B</id><type>text</type><desc><![CDATA[健康教育]]></desc></option><option><id>C</id><type>text</type><desc><![CDATA[预防意外]]></desc></option><option><id>D</id><type>text</type><desc><![CDATA[计划免疫]]></desc></option><option><id>E</id><type>text</type><desc><![CDATA[法制教育]]></desc></option></options><answers><![CDATA[D]]></answers></question><question><type>1</type><format>text</format><desc><![CDATA[4.应在婴儿饮食中添加米汤及稀粥的月龄是]]></desc><options><option><id>A</id><type>text</type><desc><![CDATA[1～3个月]]></desc></option><option><id>B</id><type>text</type><desc><![CDATA[4～6个月]]></desc></option><option><id>C</id><type>text</type><desc><![CDATA[7～9个月]]></desc></option><option><id>D</id><type>text</type><desc><![CDATA[10～12个月]]></desc></option><option><id>E</id><type>text</type><desc><![CDATA[14个月]]></desc></option></options><answers><![CDATA[C]]></answers></question><question><type>1</type><format>html</format><desc><![CDATA[5.<u><b>不属于</b></u>新生儿家庭访视内容的是]]></desc><options><option><id>A</id><type>text</type><desc><![CDATA[询问新生儿出生情况]]></desc></option><option><id>B</id><type>text</type><desc><![CDATA[观察新生儿一般情况]]></desc></option><option><id>C</id><type>text</type><desc><![CDATA[新生儿体格检查]]></desc></option><option><id>D</id><type>text</type><desc><![CDATA[指导喂养及日常护理]]></desc></option><option><id>E</id><type>text</type><desc><![CDATA[新生儿预防接种]]></desc></option></options><answers><![CDATA[E]]></answers></question><question><type>1</type><format>text</format><desc><![CDATA[6.“百、白、破”三联疫苗接种年龄是]]></desc><options><option><id>A</id><type>text</type><desc><![CDATA[第一次3个月]]></desc></option><option><id>B</id><type>text</type><desc><![CDATA[第二次4个月]]></desc></option><option><id>C</id><type>text</type><desc><![CDATA[第三次5个月]]></desc></option><option><id>D</id><type>text</type><desc><![CDATA[以上都是]]></desc></option><option><id>E</id><type>text</type><desc><![CDATA[以上都不是]]></desc></option></options><answers><![CDATA[D]]></answers></question><question><type>1</type><format>text</format><desc><![CDATA[7.接种卡介苗时，护士常选用的注射部位是]]></desc><options><option><id>A</id><type>text</type><desc><![CDATA[三角肌下缘]]></desc></option><option><id>B</id><type>text</type><desc><![CDATA[大腿外侧]]></desc></option><option><id>C</id><type>text</type><desc><![CDATA[大腿前侧]]></desc></option><option><id>D</id><type>text</type><desc><![CDATA[腹部]]></desc></option><option><id>E</id><type>text</type><desc><![CDATA[背部]]></desc></option></options><answers><![CDATA[A]]></answers></question><question><type>1</type><format>text</format><desc><![CDATA[8.乙肝疫苗接种第1次与第2次间隔时间应该为]]></desc><options><option><id>A</id><type>text</type><desc><![CDATA[1个月]]></desc></option><option><id>B</id><type>text</type><desc><![CDATA[2个月]]></desc></option><option><id>C</id><type>text</type><desc><![CDATA[3个月]]></desc></option><option><id>D</id><type>text</type><desc><![CDATA[4个月]]></desc></option><option><id>E</id><type>text</type><desc><![CDATA[5个月]]></desc></option></options><answers><![CDATA[A]]></answers></question></questions><questions><instructions><![CDATA[A2型题]]></instructions><question><type>2</type><format>html</format><desc><![CDATA[9.患儿，男，6岁。因腮腺炎入院，给予对症治疗。该患儿特别害怕打针，为其输液时，下列措施<u><b>不正确</b></u>的是]]></desc><options><option><id>A</id><type>text</type><desc><![CDATA[待其睡眠后输液]]></desc></option><option><id>B</id><type>text</type><desc><![CDATA[与患儿建立相互依赖的友好关系]]></desc></option><option><id>C</id><type>text</type><desc><![CDATA[给患儿讲故事]]></desc></option><option><id>D</id><type>text</type><desc><![CDATA[指导患儿深呼吸]]></desc></option><option><id>E</id><type>text</type><desc><![CDATA[以鼓励的态度支持患儿]]></desc></option></options><answers><![CDATA[A]]></answers></question><question><type>2</type><format>text</format><desc><![CDATA[10.某6月龄婴儿，父母带其到儿童保健门诊进行预防接种，此时应给该婴儿注射的疫苗是]]></desc><options><option><id>A</id><type>text</type><desc><![CDATA[百白破疫苗]]></desc></option><option><id>B</id><type>text</type><desc><![CDATA[乙肝疫苗]]></desc></option><option><id>C</id><type>text</type><desc><![CDATA[卡介苗]]></desc></option><option><id>D</id><type>text</type><desc><![CDATA[腮麻风疫苗]]></desc></option><option><id>E</id><type>text</type><desc><![CDATA[脊髓灰质炎疫苗]]></desc></option></options><answers><![CDATA[B]]></answers></question></questions></exam>