﻿<?xml version="1.0" encoding="UTF-8"?><exam><id>20181018122552</id><questions><instructions><![CDATA[A1型题]]></instructions><question><type>1</type><format>text</format><desc><![CDATA[1.新生儿正常的呼吸频率为]]></desc><options><option><id>A</id><type>text</type><desc><![CDATA[25～30次/分]]></desc></option><option><id>B</id><type>text</type><desc><![CDATA[30～35次/分]]></desc></option><option><id>C</id><type>text</type><desc><![CDATA[35～40次/分]]></desc></option><option><id>D</id><type>text</type><desc><![CDATA[40～45次/分]]></desc></option><option><id>E</id><type>text</type><desc><![CDATA[45～50次/分]]></desc></option></options><answers><![CDATA[D]]></answers></question><question><type>1</type><format>text</format><desc><![CDATA[2.以下属于儿童出生时存在，但生后3～4个月消失的神经反射是]]></desc><options><option><id>A</id><type>text</type><desc><![CDATA[觅食反射]]></desc></option><option><id>B</id><type>text</type><desc><![CDATA[腹壁反射]]></desc></option><option><id>C</id><type>text</type><desc><![CDATA[角膜反射]]></desc></option><option><id>D</id><type>text</type><desc><![CDATA[腱反射]]></desc></option><option><id>E</id><type>text</type><desc><![CDATA[吞咽反射]]></desc></option></options><answers><![CDATA[A]]></answers></question><question><type>1</type><format>text</format><desc><![CDATA[3.新生儿常见的正常生理状态应除外]]></desc><options><option><id>A</id><type>text</type><desc><![CDATA[“马牙”]]></desc></option><option><id>B</id><type>text</type><desc><![CDATA[生理性体重下降]]></desc></option><option><id>C</id><type>text</type><desc><![CDATA[臀红]]></desc></option><option><id>D</id><type>text</type><desc><![CDATA[少量阴道流血]]></desc></option><option><id>E</id><type>text</type><desc><![CDATA[乳腺肿大]]></desc></option></options><answers><![CDATA[C]]></answers></question><question><type>1</type><format>text</format><desc><![CDATA[4.早产儿有缺氧症状者吸氧，常用的氧浓度是]]></desc><options><option><id>A</id><type>text</type><desc><![CDATA[10％～20％]]></desc></option><option><id>B</id><type>text</type><desc><![CDATA[20％～30％]]></desc></option><option><id>C</id><type>text</type><desc><![CDATA[30％～40％]]></desc></option><option><id>D</id><type>text</type><desc><![CDATA[40％～50％]]></desc></option><option><id>E</id><type>text</type><desc><![CDATA[50％～60％]]></desc></option></options><answers><![CDATA[C]]></answers></question><question><type>1</type><format>text</format><desc><![CDATA[5.预防新生儿颅内出血的关键措施是]]></desc><options><option><id>A</id><type>text</type><desc><![CDATA[生后喂养合理]]></desc></option><option><id>B</id><type>text</type><desc><![CDATA[及时注射维生素K]]></desc></option><option><id>C</id><type>text</type><desc><![CDATA[生后积极建立呼吸]]></desc></option><option><id>D</id><type>text</type><desc><![CDATA[加强孕产期保健]]></desc></option><option><id>E</id><type>text</type><desc><![CDATA[注意头皮清洁，保持安静]]></desc></option></options><answers><![CDATA[B]]></answers></question><question><type>1</type><format>html</format><desc><![CDATA[6.关于新生儿颅内出血的护理措施，<u><b>错误</b></u>的是]]></desc><options><option><id>A</id><type>text</type><desc><![CDATA[使用头皮静脉穿刺输液]]></desc></option><option><id>B</id><type>text</type><desc><![CDATA[住院3天以内除臀部护理以外免除一切清洁护理]]></desc></option><option><id>C</id><type>text</type><desc><![CDATA[不能进食者，应给予鼻饲]]></desc></option><option><id>D</id><type>text</type><desc><![CDATA[密切观察患儿生命体征、神志、瞳孔的变化]]></desc></option><option><id>E</id><type>text</type><desc><![CDATA[遵医嘱使用止血药]]></desc></option></options><answers><![CDATA[A]]></answers></question><question><type>1</type><format>text</format><desc><![CDATA[7.新生儿肺透明膜病的主要病因是]]></desc><options><option><id>A</id><type>text</type><desc><![CDATA[肺发育不良]]></desc></option><option><id>B</id><type>text</type><desc><![CDATA[肺部炎症]]></desc></option><option><id>C</id><type>text</type><desc><![CDATA[气管异物]]></desc></option><option><id>D</id><type>text</type><desc><![CDATA[缺乏肺泡表面活性物质]]></desc></option><option><id>E</id><type>text</type><desc><![CDATA[先天性心脏病]]></desc></option></options><answers><![CDATA[D]]></answers></question><question><type>1</type><format>html</format><desc><![CDATA[8.关于新生儿胆红素代谢特点，<u><b>错误</b></u>的是]]></desc><options><option><id>A</id><type>text</type><desc><![CDATA[每日生成的胆红素比成人少]]></desc></option><option><id>B</id><type>text</type><desc><![CDATA[联结运送胆红素能力弱]]></desc></option><option><id>C</id><type>text</type><desc><![CDATA[肝细胞对胆红素摄取能力差]]></desc></option><option><id>D</id><type>text</type><desc><![CDATA[肝脏酶系统功能不完善]]></desc></option><option><id>E</id><type>text</type><desc><![CDATA[肠肝循环较成人有特殊性]]></desc></option></options><answers><![CDATA[A]]></answers></question><question><type>1</type><format>text</format><desc><![CDATA[9.新生儿生后24小时内出现黄疸，应首先考虑]]></desc><options><option><id>A</id><type>text</type><desc><![CDATA[新生儿肝炎]]></desc></option><option><id>B</id><type>text</type><desc><![CDATA[新生儿溶血病]]></desc></option><option><id>C</id><type>text</type><desc><![CDATA[先天性胆道闭锁]]></desc></option><option><id>D</id><type>text</type><desc><![CDATA[新生儿败血症]]></desc></option><option><id>E</id><type>text</type><desc><![CDATA[母乳性黄疸]]></desc></option></options><answers><![CDATA[B]]></answers></question><question><type>1</type><format>text</format><desc><![CDATA[10.新生儿寒冷损伤综合征皮肤硬肿发生的顺序是]]></desc><options><option><id>A</id><type>text</type><desc><![CDATA[下肢—臀部—面颊—上肢—全身]]></desc></option><option><id>B</id><type>text</type><desc><![CDATA[臀部—面颊—下肢—上肢—全身]]></desc></option><option><id>C</id><type>text</type><desc><![CDATA[上肢—臀部—面颊—下肢—全身]]></desc></option><option><id>D</id><type>text</type><desc><![CDATA[面颊—臀部—上肢—下肢—全身]]></desc></option><option><id>E</id><type>text</type><desc><![CDATA[面颊—下肢—臀部—上肢—全身]]></desc></option></options><answers><![CDATA[A]]></answers></question><question><type>1</type><format>html</format><desc><![CDATA[11.<u><b>不属于</b></u>新生儿重症监护对象的是]]></desc><options><option><id>A</id><type>text</type><desc><![CDATA[室缺修补术后24小时内的患儿]]></desc></option><option><id>B</id><type>text</type><desc><![CDATA[胎龄36周的早产儿]]></desc></option><option><id>C</id><type>text</type><desc><![CDATA[急慢性呼吸衰竭的患儿]]></desc></option><option><id>D</id><type>text</type><desc><![CDATA[极低出生体重儿]]></desc></option><option><id>E</id><type>text</type><desc><![CDATA[胎龄小于28周、出生体重小于1500g]]></desc></option></options><answers><![CDATA[B]]></answers></question></questions><questions><instructions><![CDATA[A2型题]]></instructions><question><type>2</type><format>text</format><desc><![CDATA[12.患儿，男，23天。出生后诊断为颅内出血，经治疗后病情好转，留有后遗症。出院时护士应重点指导家长]]></desc><options><option><id>A</id><type>text</type><desc><![CDATA[测量血压的方法]]></desc></option><option><id>B</id><type>text</type><desc><![CDATA[测量体重、身长、头围的方法]]></desc></option><option><id>C</id><type>text</type><desc><![CDATA[进行功能训练和智力开发的意义及方法]]></desc></option><option><id>D</id><type>text</type><desc><![CDATA[按摩肢体方法]]></desc></option><option><id>E</id><type>text</type><desc><![CDATA[喂养方法]]></desc></option></options><answers><![CDATA[C]]></answers></question><question><type>2</type><format>text</format><desc><![CDATA[13.早产儿，出生后4小时出现呼吸困难、拒乳、口唇青紫，三凹征明显，两肺闻及湿啰音，X线胸片示透亮度降低，诊断为新生儿呼吸窘迫综合征。制定的护理计划中最主要的护理诊断是]]></desc><options><option><id>A</id><type>text</type><desc><![CDATA[有皮肤受损的危险]]></desc></option><option><id>B</id><type>text</type><desc><![CDATA[活动无耐力]]></desc></option><option><id>C</id><type>text</type><desc><![CDATA[营养不足]]></desc></option><option><id>D</id><type>text</type><desc><![CDATA[自主呼吸障碍]]></desc></option><option><id>E</id><type>text</type><desc><![CDATA[有感染的危险]]></desc></option></options><answers><![CDATA[D]]></answers></question><question><type>2</type><format>text</format><desc><![CDATA[14.患儿，女，生后5天。近日来，皮肤发黄明显，来医院就诊。查体：体温36.8℃，P132次/分，R24次/分，食乳及大小便均正常。其黄疸可能是]]></desc><options><option><id>A</id><type>text</type><desc><![CDATA[病理性黄疸]]></desc></option><option><id>B</id><type>text</type><desc><![CDATA[生理性黄疸]]></desc></option><option><id>C</id><type>text</type><desc><![CDATA[胆道闭锁]]></desc></option><option><id>D</id><type>text</type><desc><![CDATA[新生儿脐炎]]></desc></option><option><id>E</id><type>text</type><desc><![CDATA[新生儿败血症]]></desc></option></options><answers><![CDATA[B]]></answers></question><question><type>2</type><format>text</format><desc><![CDATA[15.患儿，女，足月儿，生后7天。因近2天食奶量明显减少、少哭、少动来就诊。体检：体温37.8℃，皮肤发黄，脐部周围皮肤红肿，诊断为新生儿败血症，此疾病最常见的病原菌是]]></desc><options><option><id>A</id><type>text</type><desc><![CDATA[大肠杆菌]]></desc></option><option><id>B</id><type>text</type><desc><![CDATA[铜绿假单胞菌]]></desc></option><option><id>C</id><type>text</type><desc><![CDATA[溶血性链球菌]]></desc></option><option><id>D</id><type>text</type><desc><![CDATA[金黄色葡萄球菌]]></desc></option><option><id>E</id><type>text</type><desc><![CDATA[表皮葡萄球菌]]></desc></option></options><answers><![CDATA[D]]></answers></question><question><type>2</type><format>text</format><desc><![CDATA[16.患儿，女，4天。母乳喂养。出生第3天食奶量明显减少，第4天皮肤出现黄染而就诊。体检：体温36.0℃，脐部红肿伴有脓性分泌物，诊断为新生儿脐炎。应选用哪种药物清洗脐部]]></desc><options><option><id>A</id><type>text</type><desc><![CDATA[30％酒精]]></desc></option><option><id>B</id><type>text</type><desc><![CDATA[95％酒精]]></desc></option><option><id>C</id><type>text</type><desc><![CDATA[0.1％新洁尔灭（苯扎溴铵）]]></desc></option><option><id>D</id><type>text</type><desc><![CDATA[3％双氧水]]></desc></option><option><id>E</id><type>text</type><desc><![CDATA[0.5％碘伏]]></desc></option></options><answers><![CDATA[D]]></answers></question><question><type>2</type><format>html</format><desc><![CDATA[17.早产儿，男，日龄2天。有窒息史，主要表现嗜睡，反应差，肌力低，查体：前囟张力稍高，拥抱、吸吮反射减弱。初步诊断为新生儿缺氧缺血性脑病。本病的病因<u><b>除外</b></u>以下哪一项]]></desc><options><option><id>A</id><type>text</type><desc><![CDATA[母亲重度贫血]]></desc></option><option><id>B</id><type>text</type><desc><![CDATA[胎盘早剥]]></desc></option><option><id>C</id><type>text</type><desc><![CDATA[出生时窒息]]></desc></option><option><id>D</id><type>text</type><desc><![CDATA[脐绕颈]]></desc></option><option><id>E</id><type>text</type><desc><![CDATA[顺产]]></desc></option></options><answers><![CDATA[E]]></answers></question><question><type>2</type><format>text</format><desc><![CDATA[18.患儿，女，32周早产小于胎龄儿。生后出现哭声异常、阵发性青紫、肢体抖动。实验室检查：血糖1.7mmol/L，诊断为新生儿低血糖。如果患儿不能经口进食，需要静脉补充葡萄糖，其速度是]]></desc><options><option><id>A</id><type>text</type><desc><![CDATA[1～2mg/（kg•min）]]></desc></option><option><id>B</id><type>text</type><desc><![CDATA[3～4mg/（kg•min）]]></desc></option><option><id>C</id><type>text</type><desc><![CDATA[4～5mg/（kg•min）]]></desc></option><option><id>D</id><type>text</type><desc><![CDATA[6～8mg/（kg•min）]]></desc></option><option><id>E</id><type>text</type><desc><![CDATA[9～10mg/（kg•min）]]></desc></option></options><answers><![CDATA[D]]></answers></question></questions></exam>