﻿<?xml version="1.0" encoding="UTF-8"?><exam><id>20190510171217</id><questions><instructions><![CDATA[一、单项选择题]]></instructions><question><type>1</type><format>text</format><desc><![CDATA[1.下列关于煎药的操作中，正确的是]]></desc><options><option><id>A</id><type>text</type><desc><![CDATA[煎药前用清水冲洗一遍]]></desc></option><option><id>B</id><type>text</type><desc><![CDATA[用温水泡药30～60分钟]]></desc></option><option><id>C</id><type>text</type><desc><![CDATA[以花、叶类为主的汤剂，浸泡20～30分钟]]></desc></option><option><id>D</id><type>text</type><desc><![CDATA[煎药宜多用文火，以免将药煮糊]]></desc></option><option><id>E</id><type>text</type><desc><![CDATA[药液煮糊后，可加水重煎]]></desc></option></options><answers><![CDATA[C]]></answers><keypoints><![CDATA[解析：以花、叶类为主的汤剂，浸泡20～30分钟。]]></keypoints></question><question><type>1</type><format>text</format><desc><![CDATA[2.祛风除湿药服用时宜选用下列何种液体送服]]></desc><options><option><id>A</id><type>text</type><desc><![CDATA[米汤]]></desc></option><option><id>B</id><type>text</type><desc><![CDATA[米酒]]></desc></option><option><id>C</id><type>text</type><desc><![CDATA[泉水]]></desc></option><option><id>D</id><type>text</type><desc><![CDATA[姜汤]]></desc></option><option><id>E</id><type>text</type><desc><![CDATA[温开水]]></desc></option></options><answers><![CDATA[B]]></answers><keypoints><![CDATA[解析：酒能行散，用米酒服用祛风湿药能帮助药物行散，直达病所。]]></keypoints></question><question><type>1</type><format>html</format><desc><![CDATA[3.安神类药的服法与护理中<u><b>不正确</b></u>的是]]></desc><options><option><id>A</id><type>text</type><desc><![CDATA[睡前半小时服]]></desc></option><option><id>B</id><type>text</type><desc><![CDATA[晚饭不宜过饱]]></desc></option><option><id>C</id><type>text</type><desc><![CDATA[病室应安静]]></desc></option><option><id>D</id><type>text</type><desc><![CDATA[饮食宜辛辣]]></desc></option><option><id>E</id><type>text</type><desc><![CDATA[忌酒、茶]]></desc></option></options><answers><![CDATA[D]]></answers><keypoints><![CDATA[解析：饮食辛辣，胃不和则卧不安，会加重睡眠障碍。]]></keypoints></question><question><type>1</type><format>text</format><desc><![CDATA[4.质轻量大的药物煎药时宜]]></desc><options><option><id>A</id><type>text</type><desc><![CDATA[先煎]]></desc></option><option><id>B</id><type>text</type><desc><![CDATA[后下]]></desc></option><option><id>C</id><type>text</type><desc><![CDATA[包煎]]></desc></option><option><id>D</id><type>text</type><desc><![CDATA[烊化]]></desc></option><option><id>E</id><type>text</type><desc><![CDATA[研末冲服]]></desc></option></options><answers><![CDATA[A]]></answers><keypoints><![CDATA[解析：先煎是特殊煎法中的一种，其中质轻量大的药物煎药时应该采用先煎。]]></keypoints></question><question><type>1</type><format>text</format><desc><![CDATA[5.发汗解表药、益气升阳药宜]]></desc><options><option><id>A</id><type>text</type><desc><![CDATA[午后服]]></desc></option><option><id>B</id><type>text</type><desc><![CDATA[午前服]]></desc></option><option><id>C</id><type>text</type><desc><![CDATA[睡前服]]></desc></option><option><id>D</id><type>text</type><desc><![CDATA[空腹服]]></desc></option><option><id>E</id><type>text</type><desc><![CDATA[入夜服]]></desc></option></options><answers><![CDATA[B]]></answers><keypoints><![CDATA[解析：发汗解表药、益气升阳药宜午前服。因为中午之前是阳气旺盛之时，顺应阳气升浮，以助药力祛邪。]]></keypoints></question><question><type>1</type><format>html</format><desc><![CDATA[6.下列中药中<u><b>除何药外</b></u>，均宜热服]]></desc><options><option><id>A</id><type>text</type><desc><![CDATA[理气药]]></desc></option><option><id>B</id><type>text</type><desc><![CDATA[活血药]]></desc></option><option><id>C</id><type>text</type><desc><![CDATA[解表药]]></desc></option><option><id>D</id><type>text</type><desc><![CDATA[补益药]]></desc></option><option><id>E</id><type>text</type><desc><![CDATA[止血药]]></desc></option></options><answers><![CDATA[E]]></answers><keypoints><![CDATA[解析：寒证用热药宜热服，一般理气、活血、解表、补益药宜热服。止血药多为寒药宜冷服。]]></keypoints></question><question><type>1</type><format>html</format><desc><![CDATA[7.下列中药中<u><b>除何药外</b></u>，均宜热服]]></desc><options><option><id>A</id><type>text</type><desc><![CDATA[清热药]]></desc></option><option><id>B</id><type>text</type><desc><![CDATA[凉血药]]></desc></option><option><id>C</id><type>text</type><desc><![CDATA[止血药]]></desc></option><option><id>D</id><type>text</type><desc><![CDATA[理气药]]></desc></option><option><id>E</id><type>text</type><desc><![CDATA[消暑药]]></desc></option></options><answers><![CDATA[D]]></answers><keypoints><![CDATA[解析：热证用寒药宜冷服，一般清热、凉血、止血、消暑药宜冷服。理气药多为热药宜热服。]]></keypoints></question><question><type>1</type><format>text</format><desc><![CDATA[8.下列哪一类患者服用中药时，宜缓慢小量频服]]></desc><options><option><id>A</id><type>text</type><desc><![CDATA[神昏吞咽困难的病人]]></desc></option><option><id>B</id><type>text</type><desc><![CDATA[呕吐患者]]></desc></option><option><id>C</id><type>text</type><desc><![CDATA[高热病人]]></desc></option><option><id>D</id><type>text</type><desc><![CDATA[急症病人]]></desc></option><option><id>E</id><type>text</type><desc><![CDATA[危重病人]]></desc></option></options><answers><![CDATA[B]]></answers><keypoints><![CDATA[解析：呕吐者宜缓慢小量频服。]]></keypoints></question><question><type>1</type><format>html</format><desc><![CDATA[9.解表类药的服法与护理<u><b>错误</b></u>的是]]></desc><options><option><id>A</id><type>text</type><desc><![CDATA[宜温服]]></desc></option><option><id>B</id><type>text</type><desc><![CDATA[服药后要卧床覆被]]></desc></option><option><id>C</id><type>text</type><desc><![CDATA[发汗以遍身微汗为佳]]></desc></option><option><id>D</id><type>text</type><desc><![CDATA[服药发汗后注意避风]]></desc></option><option><id>E</id><type>text</type><desc><![CDATA[饮食宜酸冷类食品]]></desc></option></options><answers><![CDATA[E]]></answers><keypoints><![CDATA[解析：解表药服用时饮食宜清淡，忌酸冷，因为酸冷之品性收缩不利于发汗。]]></keypoints></question><question><type>1</type><format>html</format><desc><![CDATA[10.泻下类药的服法与护理<u><b>错误</b></u>的是]]></desc><options><option><id>A</id><type>text</type><desc><![CDATA[宜空腹服]]></desc></option><option><id>B</id><type>text</type><desc><![CDATA[药后要注意观察病人排泄物的变化]]></desc></option><option><id>C</id><type>text</type><desc><![CDATA[忌食蔬菜和水果]]></desc></option><option><id>D</id><type>text</type><desc><![CDATA[饮食宜清淡]]></desc></option><option><id>E</id><type>text</type><desc><![CDATA[饮食易消化食物]]></desc></option></options><answers><![CDATA[C]]></answers><keypoints><![CDATA[解析：泻下药服用同时应多食蔬菜和水果。]]></keypoints></question><question><type>1</type><format>text</format><desc><![CDATA[11.具有软坚散结、泻下通便作用的药物多为]]></desc><options><option><id>A</id><type>text</type><desc><![CDATA[辛味]]></desc></option><option><id>B</id><type>text</type><desc><![CDATA[甘味]]></desc></option><option><id>C</id><type>text</type><desc><![CDATA[酸味]]></desc></option><option><id>D</id><type>text</type><desc><![CDATA[苦味]]></desc></option><option><id>E</id><type>text</type><desc><![CDATA[咸味]]></desc></option></options><answers><![CDATA[E]]></answers><keypoints><![CDATA[解析：咸味的药有软坚散结和泻下通便的作用。]]></keypoints></question><question><type>1</type><format>text</format><desc><![CDATA[12.为了防止中药变性，影响疗效，在煎煮中药时最佳用具是]]></desc><options><option><id>A</id><type>text</type><desc><![CDATA[砂锅]]></desc></option><option><id>B</id><type>text</type><desc><![CDATA[铝锅]]></desc></option><option><id>C</id><type>text</type><desc><![CDATA[铁锅]]></desc></option><option><id>D</id><type>text</type><desc><![CDATA[铜锅]]></desc></option><option><id>E</id><type>text</type><desc><![CDATA[不锈钢锅]]></desc></option></options><answers><![CDATA[A]]></answers><keypoints><![CDATA[解析：中药煎煮最佳器具是砂锅。]]></keypoints></question><question><type>1</type><format>text</format><desc><![CDATA[13.临床上应用石膏、牡蛎、附子入汤剂，煎煮时宜]]></desc><options><option><id>A</id><type>text</type><desc><![CDATA[先煎]]></desc></option><option><id>B</id><type>text</type><desc><![CDATA[后下]]></desc></option><option><id>C</id><type>text</type><desc><![CDATA[另煎]]></desc></option><option><id>D</id><type>text</type><desc><![CDATA[包煎]]></desc></option><option><id>E</id><type>text</type><desc><![CDATA[冲服]]></desc></option></options><answers><![CDATA[A]]></answers><keypoints><![CDATA[解析：石膏为矿石类药物，牡蛎为贝壳类药物，附子大辛大热，有毒。故此三味药入煎剂应先煎。]]></keypoints></question><question><type>1</type><format>text</format><desc><![CDATA[14.服用中药补益药的最佳时间是]]></desc><options><option><id>A</id><type>text</type><desc><![CDATA[饭前服用]]></desc></option><option><id>B</id><type>text</type><desc><![CDATA[饭后服用]]></desc></option><option><id>C</id><type>text</type><desc><![CDATA[睡前服用]]></desc></option><option><id>D</id><type>text</type><desc><![CDATA[清晨服用]]></desc></option><option><id>E</id><type>text</type><desc><![CDATA[晚间服用]]></desc></option></options><answers><![CDATA[A]]></answers><keypoints><![CDATA[解析：补益药应在饭前空腹时服用，有利于药物的吸收。]]></keypoints></question><question><type>1</type><format>html</format><desc><![CDATA[15.为防止中草药变性，影响疗效，煎药用具<u><b>不宜</b></u>选]]></desc><options><option><id>A</id><type>text</type><desc><![CDATA[砂锅]]></desc></option><option><id>B</id><type>text</type><desc><![CDATA[瓦罐]]></desc></option><option><id>C</id><type>text</type><desc><![CDATA[铁锅]]></desc></option><option><id>D</id><type>text</type><desc><![CDATA[搪瓷锅]]></desc></option><option><id>E</id><type>text</type><desc><![CDATA[玻璃器皿]]></desc></option></options><answers><![CDATA[C]]></answers><keypoints><![CDATA[解析：煎煮中药不宜使用金属类如铁锅，易产生化学反应影响药效。]]></keypoints></question><question><type>1</type><format>text</format><desc><![CDATA[16.中药缓下剂的服用时间应是]]></desc><options><option><id>A</id><type>text</type><desc><![CDATA[饱腹服用]]></desc></option><option><id>B</id><type>text</type><desc><![CDATA[睡前服用]]></desc></option><option><id>C</id><type>text</type><desc><![CDATA[两餐间服用]]></desc></option><option><id>D</id><type>text</type><desc><![CDATA[饭后服用]]></desc></option><option><id>E</id><type>text</type><desc><![CDATA[清晨服用]]></desc></option></options><answers><![CDATA[B]]></answers><keypoints><![CDATA[解析：中药缓下剂的服用时间应是睡前服用。]]></keypoints></question><question><type>1</type><format>text</format><desc><![CDATA[17．阿胶的特殊煎煮方法是]]></desc><options><option><id>A</id><type>text</type><desc><![CDATA[先煎]]></desc></option><option><id>B</id><type>text</type><desc><![CDATA[后下]]></desc></option><option><id>C</id><type>text</type><desc><![CDATA[烊化]]></desc></option><option><id>D</id><type>text</type><desc><![CDATA[包煎]]></desc></option><option><id>E</id><type>text</type><desc><![CDATA[另煎]]></desc></option></options><answers><![CDATA[C]]></answers><keypoints><![CDATA[解析：阿胶是胶质类药，入药时宜单独烊化。]]></keypoints></question><question><type>1</type><format>text</format><desc><![CDATA[18．滑石的特殊煎煮方法是]]></desc><options><option><id>A</id><type>text</type><desc><![CDATA[先煎]]></desc></option><option><id>B</id><type>text</type><desc><![CDATA[后下]]></desc></option><option><id>C</id><type>text</type><desc><![CDATA[烊化]]></desc></option><option><id>D</id><type>text</type><desc><![CDATA[包煎]]></desc></option><option><id>E</id><type>text</type><desc><![CDATA[另煎]]></desc></option></options><answers><![CDATA[D]]></answers><keypoints><![CDATA[解析：滑石为粉末状药物，入药时宜包煎。]]></keypoints></question></questions><questions><instructions><![CDATA[二、共用题干选择题]]></instructions><question><type>3</type><format>text</format><desc><![CDATA[19.患者，男,30岁。于1天前因受凉而感恶寒,头身疼痛，有鼻塞，流清涕，喷嚏，咽喉痒痛等症状，舌苔薄白，遂就诊。]]></desc><children><question><type>3</type><format>text</format><desc><![CDATA[（1）护士判断该病属于]]></desc><options><option><id>A</id><type>text</type><desc><![CDATA[表证]]></desc></option><option><id>B</id><type>text</type><desc><![CDATA[里证]]></desc></option><option><id>C</id><type>text</type><desc><![CDATA[寒证]]></desc></option><option><id>D</id><type>text</type><desc><![CDATA[热证]]></desc></option><option><id>E</id><type>text</type><desc><![CDATA[半表半里证]]></desc></option></options><answers><![CDATA[A]]></answers><keypoints><![CDATA[解析：恶寒，头身疼痛，有鼻塞，流清涕，喷嚏，咽喉痒痛等均属于表证。]]></keypoints></question><question><type>3</type><format>text</format><desc><![CDATA[（2）医生为该患者开了3付汤药。护士给患者讲解煎药时间，第一煎、第二煎每付药在沸后各应]]></desc><options><option><id>A</id><type>text</type><desc><![CDATA[煮30分钟，煮25分钟]]></desc></option><option><id>B</id><type>text</type><desc><![CDATA[煮40分钟，煮20分钟]]></desc></option><option><id>C</id><type>text</type><desc><![CDATA[煮20分钟，煮15分钟]]></desc></option><option><id>D</id><type>text</type><desc><![CDATA[煮60分钟，煮50分钟]]></desc></option><option><id>E</id><type>text</type><desc><![CDATA[煮80分钟，煮30分钟]]></desc></option></options><answers><![CDATA[C]]></answers><keypoints><![CDATA[解析：解表药不宜久煎。第一煎、第二煎每付药分别在沸后煮20分钟，煮15分钟。]]></keypoints></question><question><type>3</type><format>text</format><desc><![CDATA[（3）服药时的注意事项]]></desc><options><option><id>A</id><type>text</type><desc><![CDATA[凉服]]></desc></option><option><id>B</id><type>text</type><desc><![CDATA[少饮水]]></desc></option><option><id>C</id><type>text</type><desc><![CDATA[温服，服药后加盖衣被，使其汗出]]></desc></option><option><id>D</id><type>text</type><desc><![CDATA[出汗后立即洗浴]]></desc></option><option><id>E</id><type>text</type><desc><![CDATA[服药后可进一些冷饮]]></desc></option></options><answers><![CDATA[C]]></answers><keypoints><![CDATA[解析：解表药宜温服，服药后加盖衣被，使其汗出。]]></keypoints></question></children></question></questions></exam>