﻿<?xml version="1.0" encoding="UTF-8"?><exam><id>20190510170349</id><questions><instructions><![CDATA[一、单项选择题]]></instructions><question><type>1</type><format>text</format><desc><![CDATA[1.积于胸中、上走息道、下注气街的气是]]></desc><options><option><id>A</id><type>text</type><desc><![CDATA[元气]]></desc></option><option><id>B</id><type>text</type><desc><![CDATA[宗气]]></desc></option><option><id>C</id><type>text</type><desc><![CDATA[营气]]></desc></option><option><id>D</id><type>text</type><desc><![CDATA[卫气]]></desc></option><option><id>E</id><type>text</type><desc><![CDATA[肺气]]></desc></option></options><answers><![CDATA[B]]></answers><keypoints><![CDATA[解析：宗气在胸中积聚之处，称作“上气海”，又名膻中]]></keypoints></question><question><type>1</type><format>text</format><desc><![CDATA[2.激发整个脏腑经络生理活动的功能是气的]]></desc><options><option><id>A</id><type>text</type><desc><![CDATA[温煦作用]]></desc></option><option><id>B</id><type>text</type><desc><![CDATA[推动作用]]></desc></option><option><id>C</id><type>text</type><desc><![CDATA[防御作用]]></desc></option><option><id>D</id><type>text</type><desc><![CDATA[固摄作用]]></desc></option><option><id>E</id><type>text</type><desc><![CDATA[中介作用]]></desc></option></options><answers><![CDATA[B]]></answers><keypoints><![CDATA[解析：气的推动作用，是指气具有激发和推动的功能。气是具有很强活力的精微物质，具体表现在：激发各脏腑组织器官功能；激发人体生长发育；激发和促进各脏腑经络等组织器官的生理功能]]></keypoints></question><question><type>1</type><format>text</format><desc><![CDATA[3.与易患外感症状相关的是气的]]></desc><options><option><id>A</id><type>text</type><desc><![CDATA[推动作用]]></desc></option><option><id>B</id><type>text</type><desc><![CDATA[温煦作用]]></desc></option><option><id>C</id><type>text</type><desc><![CDATA[防御作用]]></desc></option><option><id>D</id><type>text</type><desc><![CDATA[固摄作用]]></desc></option><option><id>E</id><type>text</type><desc><![CDATA[中介作用]]></desc></option></options><answers><![CDATA[C]]></answers><keypoints><![CDATA[解析：气的防御作用，是指气具有护卫肌表，抵御外邪入侵的作用]]></keypoints></question><question><type>1</type><format>text</format><desc><![CDATA[4.与气的生成密切相关的脏是]]></desc><options><option><id>A</id><type>text</type><desc><![CDATA[心肝脾]]></desc></option><option><id>B</id><type>text</type><desc><![CDATA[肺肝肾]]></desc></option><option><id>C</id><type>text</type><desc><![CDATA[肺脾肾]]></desc></option><option><id>D</id><type>text</type><desc><![CDATA[心肺肾]]></desc></option><option><id>E</id><type>text</type><desc><![CDATA[肝脾肾]]></desc></option></options><answers><![CDATA[C]]></answers><keypoints><![CDATA[解析：人体之气，源于先天之精及后天之精摄取的水谷精气、自然界之精气，通过肾、脾胃和肺等脏腑功能的综合作用，将三者结合起来而生成]]></keypoints></question><question><type>1</type><format>text</format><desc><![CDATA[5.人体生命活动的原动力是]]></desc><options><option><id>A</id><type>text</type><desc><![CDATA[营气]]></desc></option><option><id>B</id><type>text</type><desc><![CDATA[卫气]]></desc></option><option><id>C</id><type>text</type><desc><![CDATA[元气]]></desc></option><option><id>D</id><type>text</type><desc><![CDATA[宗气]]></desc></option><option><id>E</id><type>text</type><desc><![CDATA[谷气]]></desc></option></options><answers><![CDATA[C]]></answers><keypoints><![CDATA[解析：元气是人体最原始的、源于先天而根于肾的气，是人体生命活动的原动力]]></keypoints></question><question><type>1</type><format>text</format><desc><![CDATA[6.与恶寒喜暖症状相关的是气的]]></desc><options><option><id>A</id><type>text</type><desc><![CDATA[推动与调控作用]]></desc></option><option><id>B</id><type>text</type><desc><![CDATA[温煦作用]]></desc></option><option><id>C</id><type>text</type><desc><![CDATA[防御作用]]></desc></option><option><id>D</id><type>text</type><desc><![CDATA[固摄作用]]></desc></option><option><id>E</id><type>text</type><desc><![CDATA[中介作用]]></desc></option></options><answers><![CDATA[B]]></answers><keypoints><![CDATA[解析：如果气虚，温煦作用失常，则可见脏腑、经络等组织器官功能活动减弱、四肢不温、畏寒喜暖，以及血和津液运行迟缓等寒象]]></keypoints></question><question><type>1</type><format>text</format><desc><![CDATA[7.临床与自汗、多尿、出血、遗精等症相关的是气的]]></desc><options><option><id>A</id><type>text</type><desc><![CDATA[推动与调控作用]]></desc></option><option><id>B</id><type>text</type><desc><![CDATA[温煦作用]]></desc></option><option><id>C</id><type>text</type><desc><![CDATA[防御作用]]></desc></option><option><id>D</id><type>text</type><desc><![CDATA[固摄作用]]></desc></option><option><id>E</id><type>text</type><desc><![CDATA[中介作用]]></desc></option></options><answers><![CDATA[D]]></answers><keypoints><![CDATA[解析：固摄作用减退，可见出血、自汗、多尿、遗精等症状]]></keypoints></question><question><type>1</type><format>text</format><desc><![CDATA[8.与“气有余便是火”相关的是气的]]></desc><options><option><id>A</id><type>text</type><desc><![CDATA[推动作用]]></desc></option><option><id>B</id><type>text</type><desc><![CDATA[温煦作用]]></desc></option><option><id>C</id><type>text</type><desc><![CDATA[防御作用]]></desc></option><option><id>D</id><type>text</type><desc><![CDATA[固摄作用]]></desc></option><option><id>E</id><type>text</type><desc><![CDATA[中介作用]]></desc></option></options><answers><![CDATA[B]]></answers><keypoints><![CDATA[解析：气虚，温煦作用失常，则可见脏腑、经络等组织器官功能活动减弱、四肢不温、畏寒喜暖，以及血和津液运行迟缓等寒象；若气行郁闭，壅滞化火又可见发热，脏腑、经络等组织器官功能活动亢奋等病变。故有“气有余便是火，气不足便是寒”的说法。]]></keypoints></question><question><type>1</type><format>text</format><desc><![CDATA[9.与人体生长发育迟缓或出现早衰相关的是气的]]></desc><options><option><id>A</id><type>text</type><desc><![CDATA[推动与调控作用]]></desc></option><option><id>B</id><type>text</type><desc><![CDATA[温煦与凉润作用]]></desc></option><option><id>C</id><type>text</type><desc><![CDATA[防御作用]]></desc></option><option><id>D</id><type>text</type><desc><![CDATA[固摄作用]]></desc></option><option><id>E</id><type>text</type><desc><![CDATA[中介作用]]></desc></option></options><answers><![CDATA[A]]></answers><keypoints><![CDATA[解析：气虚或推动无力，则可见脏腑功能减退，血与液的运行代谢失常，甚则生长发育迟缓等，出现以功能衰弱不足为特征的各种病理状态]]></keypoints></question><question><type>1</type><format>text</format><desc><![CDATA[10.与血的生成关系最密切的脏腑是]]></desc><options><option><id>A</id><type>text</type><desc><![CDATA[肝]]></desc></option><option><id>B</id><type>text</type><desc><![CDATA[心]]></desc></option><option><id>C</id><type>text</type><desc><![CDATA[脾胃]]></desc></option><option><id>D</id><type>text</type><desc><![CDATA[肺]]></desc></option><option><id>E</id><type>text</type><desc><![CDATA[肾]]></desc></option></options><answers><![CDATA[C]]></answers><keypoints><![CDATA[解析：血液的生成其中一个途径是脾胃化生的水谷精微物质。]]></keypoints></question><question><type>1</type><format>text</format><desc><![CDATA[11.推动血液运行的基本动力是]]></desc><options><option><id>A</id><type>text</type><desc><![CDATA[心气]]></desc></option><option><id>D</id><type>text</type><desc><![CDATA[肺气]]></desc></option><option><id>C</id><type>text</type><desc><![CDATA[中气]]></desc></option><option><id>D</id><type>text</type><desc><![CDATA[肝气]]></desc></option><option><id>E</id><type>text</type><desc><![CDATA[脾气]]></desc></option></options><answers><![CDATA[A]]></answers><keypoints><![CDATA[解析：气的推动作用能促使血液运行不息，而心气是最关键的气体]]></keypoints></question><question><type>1</type><format>text</format><desc><![CDATA[12.固摄血液的重要因素是]]></desc><options><option><id>A</id><type>text</type><desc><![CDATA[心主血脉]]></desc></option><option><id>B</id><type>text</type><desc><![CDATA[肝主藏血]]></desc></option><option><id>C</id><type>text</type><desc><![CDATA[脾主统血]]></desc></option><option><id>D</id><type>text</type><desc><![CDATA[肺朝百脉]]></desc></option><option><id>E</id><type>text</type><desc><![CDATA[肾主封藏]]></desc></option></options><answers><![CDATA[C]]></answers><keypoints><![CDATA[解析：脾主统血，可以将血液聚集在脉管中运行而不溢出脉外。]]></keypoints></question><question><type>1</type><format>text</format><desc><![CDATA[13.与人体水液代谢关系最密切的脏腑是]]></desc><options><option><id>A</id><type>text</type><desc><![CDATA[肺]]></desc></option><option><id>B</id><type>text</type><desc><![CDATA[脾]]></desc></option><option><id>C</id><type>text</type><desc><![CDATA[肾]]></desc></option><option><id>D</id><type>text</type><desc><![CDATA[三焦]]></desc></option><option><id>E</id><type>text</type><desc><![CDATA[膀胱]]></desc></option></options><answers><![CDATA[C]]></answers><keypoints><![CDATA[解析：肾为主水之脏]]></keypoints></question><question><type>1</type><format>html</format><desc><![CDATA[14.下列<u><b>不是</b></u>津布散的主要部位的是]]></desc><options><option><id>A</id><type>text</type><desc><![CDATA[皮肤]]></desc></option><option><id>B</id><type>text</type><desc><![CDATA[孔窍]]></desc></option><option><id>C</id><type>text</type><desc><![CDATA[肌肉]]></desc></option><option><id>D</id><type>text</type><desc><![CDATA[关节]]></desc></option><option><id>E</id><type>text</type><desc><![CDATA[血脉]]></desc></option></options><answers><![CDATA[D]]></answers><keypoints><![CDATA[解析：关节是由液进行滋润的]]></keypoints></question><question><type>1</type><format>text</format><desc><![CDATA[15.大出血时往往导致气脱，其生理学基础是]]></desc><options><option><id>A</id><type>text</type><desc><![CDATA[气能生血]]></desc></option><option><id>B</id><type>text</type><desc><![CDATA[气能行血]]></desc></option><option><id>C</id><type>text</type><desc><![CDATA[气能摄血]]></desc></option><option><id>D</id><type>text</type><desc><![CDATA[血能载气]]></desc></option><option><id>E</id><type>text</type><desc><![CDATA[血能养气]]></desc></option></options><answers><![CDATA[D]]></answers><keypoints><![CDATA[解析：血能载着气体在身体里面游走，没有了血液就没有气的补充]]></keypoints></question><question><type>1</type><format>text</format><desc><![CDATA[16.禀受于父母的原始生命物质，称为]]></desc><options><option><id>A</id><type>text</type><desc><![CDATA[生殖之精]]></desc></option><option><id>B</id><type>text</type><desc><![CDATA[先天之精]]></desc></option><option><id>C</id><type>text</type><desc><![CDATA[后天之精]]></desc></option><option><id>D</id><type>text</type><desc><![CDATA[脏腑之精]]></desc></option><option><id>E</id><type>text</type><desc><![CDATA[肾精]]></desc></option></options><answers><![CDATA[B]]></answers><keypoints><![CDATA[解析：秉受于父母的叫做先天之精]]></keypoints></question><question><type>1</type><format>text</format><desc><![CDATA[17.化生血液的主要物质基础是]]></desc><options><option><id>A</id><type>text</type><desc><![CDATA[肾精]]></desc></option><option><id>B</id><type>text</type><desc><![CDATA[元气]]></desc></option><option><id>C</id><type>text</type><desc><![CDATA[脏腑之精]]></desc></option><option><id>D</id><type>text</type><desc><![CDATA[水谷之精]]></desc></option><option><id>E</id><type>text</type><desc><![CDATA[生殖之精]]></desc></option></options><answers><![CDATA[D]]></answers><keypoints><![CDATA[解析：脾胃化生的水谷之精是血液生成的主要物质]]></keypoints></question><question><type>1</type><format>text</format><desc><![CDATA[18.津液与血液之间互相滋生、相互转化称为]]></desc><options><option><id>A</id><type>text</type><desc><![CDATA[津血同源]]></desc></option><option><id>B</id><type>text</type><desc><![CDATA[精血同源]]></desc></option><option><id>C</id><type>text</type><desc><![CDATA[气血同源]]></desc></option><option><id>D</id><type>text</type><desc><![CDATA[血汗同源]]></desc></option><option><id>E</id><type>text</type><desc><![CDATA[肝肾同源]]></desc></option></options><answers><![CDATA[A]]></answers><keypoints><![CDATA[解析：津液与血液可以互相的转化，因为都来自于同一个源头，所以称为“津血同源”]]></keypoints></question><question><type>1</type><format>text</format><desc><![CDATA[19.可以导致血行瘀阻的是]]></desc><options><option><id>A</id><type>text</type><desc><![CDATA[气逆]]></desc></option><option><id>B</id><type>text</type><desc><![CDATA[气陷]]></desc></option><option><id>C</id><type>text</type><desc><![CDATA[气滞]]></desc></option><option><id>D</id><type>text</type><desc><![CDATA[气脱]]></desc></option><option><id>E</id><type>text</type><desc><![CDATA[气虚]]></desc></option></options><answers><![CDATA[C]]></answers><keypoints><![CDATA[解析：气滞则血瘀]]></keypoints></question><question><type>1</type><format>text</format><desc><![CDATA[20.气血之间的关系可以概括为]]></desc><options><option><id>A</id><type>text</type><desc><![CDATA[气为血之帅、血为气之母]]></desc></option><option><id>B</id><type>text</type><desc><![CDATA[血能载气]]></desc></option><option><id>C</id><type>text</type><desc><![CDATA[气能生血]]></desc></option><option><id>D</id><type>text</type><desc><![CDATA[血能养气]]></desc></option><option><id>E</id><type>text</type><desc><![CDATA[气随血脱]]></desc></option></options><answers><![CDATA[A]]></answers><keypoints><![CDATA[解析：气为血之帅、血为气之母概括了气血之间的所有关系]]></keypoints></question></questions></exam>