﻿<?xml version="1.0" encoding="UTF-8"?><exam><id>20190510171458</id><questions><instructions><![CDATA[一、单项选择题]]></instructions><question><type>1</type><format>html</format><desc><![CDATA[1．<u><b>不适合</b></u>艾灸治疗的病症是]]></desc><options><option><id>A</id><type>text</type><desc><![CDATA[胃痛]]></desc></option><option><id>B</id><type>text</type><desc><![CDATA[咳嗽]]></desc></option><option><id>C</id><type>text</type><desc><![CDATA[皮肤溃疡]]></desc></option><option><id>D</id><type>text</type><desc><![CDATA[风湿痹]]></desc></option><option><id>E</id><type>text</type><desc><![CDATA[落枕]]></desc></option></options><answers><![CDATA[C]]></answers><keypoints><![CDATA[解析：皮肤溃疡出不可使用艾灸法，属于艾灸法禁忌症而不是适应症。]]></keypoints></question><question><type>1</type><format>html</format><desc><![CDATA[2．<u><b>不属于</b></u>灸法适应症的是]]></desc><options><option><id>A</id><type>text</type><desc><![CDATA[腹泻]]></desc></option><option><id>B</id><type>text</type><desc><![CDATA[遗精]]></desc></option><option><id>C</id><type>text</type><desc><![CDATA[胎位不正]]></desc></option><option><id>D</id><type>text</type><desc><![CDATA[高热]]></desc></option><option><id>E</id><type>text</type><desc><![CDATA[虚脱]]></desc></option></options><answers><![CDATA[D]]></answers><keypoints><![CDATA[解析：灸法属于温热刺激疗法，容易助热生火，不适用于里实热证的高热患者。]]></keypoints></question><question><type>1</type><format>text</format><desc><![CDATA[3．适用于隔盐灸的穴位有]]></desc><options><option><id>A</id><type>text</type><desc><![CDATA[神堂]]></desc></option><option><id>B</id><type>text</type><desc><![CDATA[神道]]></desc></option><option><id>C</id><type>text</type><desc><![CDATA[神庭]]></desc></option><option><id>D</id><type>text</type><desc><![CDATA[神阙]]></desc></option><option><id>E</id><type>text</type><desc><![CDATA[神门]]></desc></option></options><answers><![CDATA[D]]></answers><keypoints><![CDATA[解析：隔盐灸操作时将食盐填敷于脐部，上置大艾炷连续施灸，至证候改善为止，因此其使用穴位为神阙。]]></keypoints></question><question><type>1</type><format>text</format><desc><![CDATA[4．疤痕灸属于]]></desc><options><option><id>A</id><type>text</type><desc><![CDATA[直接灸]]></desc></option><option><id>B</id><type>text</type><desc><![CDATA[间接灸]]></desc></option><option><id>C</id><type>text</type><desc><![CDATA[艾条灸]]></desc></option><option><id>D</id><type>text</type><desc><![CDATA[温针灸]]></desc></option><option><id>E</id><type>text</type><desc><![CDATA[回旋灸]]></desc></option></options><answers><![CDATA[A]]></answers><keypoints><![CDATA[解析：疤痕灸为直接将点燃的艾炷放置于皮肤，使皮肤产生烧伤的灸法，因此属于直接灸法。]]></keypoints></question><question><type>1</type><format>text</format><desc><![CDATA[5．下列哪项是施灸的禁忌症]]></desc><options><option><id>A</id><type>text</type><desc><![CDATA[泄泻]]></desc></option><option><id>B</id><type>text</type><desc><![CDATA[脱肛]]></desc></option><option><id>C</id><type>text</type><desc><![CDATA[落枕]]></desc></option><option><id>D</id><type>text</type><desc><![CDATA[乳痈初起]]></desc></option><option><id>E</id><type>text</type><desc><![CDATA[阴虚发热证]]></desc></option></options><answers><![CDATA[E]]></answers><keypoints><![CDATA[解析：灸法属于温热刺激疗法，对于人体阴液可能造成耗伤，因此不适用于阴虚发热证患者。]]></keypoints></question><question><type>1</type><format>html</format><desc><![CDATA[6．下列哪项<u><b>不属于</b></u>艾灸]]></desc><options><option><id>A</id><type>text</type><desc><![CDATA[瘢痕灸]]></desc></option><option><id>B</id><type>text</type><desc><![CDATA[隔蒜灸]]></desc></option><option><id>C</id><type>text</type><desc><![CDATA[蒜泥灸]]></desc></option><option><id>D</id><type>text</type><desc><![CDATA[实按灸]]></desc></option><option><id>E</id><type>text</type><desc><![CDATA[温针灸]]></desc></option></options><answers><![CDATA[C]]></answers><keypoints><![CDATA[解析：蒜泥灸为利用蒜泥中的刺激性物质发挥烧灼作用的灸法，并不利用艾绒所产生的热量发挥作用，所以不属于艾灸。]]></keypoints></question><question><type>1</type><format>text</format><desc><![CDATA[7．属于艾炷灸的是]]></desc><options><option><id>A</id><type>text</type><desc><![CDATA[温针灸]]></desc></option><option><id>B</id><type>text</type><desc><![CDATA[隔盐炎]]></desc></option><option><id>C</id><type>text</type><desc><![CDATA[回旋灸]]></desc></option><option><id>D</id><type>text</type><desc><![CDATA[温和灸]]></desc></option><option><id>E</id><type>text</type><desc><![CDATA[蒜泥灸]]></desc></option></options><answers><![CDATA[B]]></answers><keypoints><![CDATA[解析：温针灸属于针、灸合用，回旋灸和温和灸属于艾条灸，蒜泥灸属于非艾灸法，所给选项中只有隔盐灸属于艾炷灸中的间接灸。]]></keypoints></question><question><type>1</type><format>text</format><desc><![CDATA[8．拔罐法最早称为]]></desc><options><option><id>A</id><type>text</type><desc><![CDATA[吮血疗法]]></desc></option><option><id>B</id><type>text</type><desc><![CDATA[角法]]></desc></option><option><id>C</id><type>text</type><desc><![CDATA[火罐法]]></desc></option><option><id>D</id><type>text</type><desc><![CDATA[吸筒疗法]]></desc></option><option><id>E</id><type>text</type><desc><![CDATA[拔罐法]]></desc></option></options><answers><![CDATA[B]]></answers><keypoints><![CDATA[解析：拔罐疗法，古称“角法”，这是因为远古时代医家是应用动物的角作为吸拔工具的。]]></keypoints></question><question><type>1</type><format>text</format><desc><![CDATA[9．拔火罐最为常用而又不易烫伤皮肤的方法是]]></desc><options><option><id>A</id><type>text</type><desc><![CDATA[闪火法]]></desc></option><option><id>B</id><type>text</type><desc><![CDATA[投火法]]></desc></option><option><id>C</id><type>text</type><desc><![CDATA[贴棉法]]></desc></option><option><id>D</id><type>text</type><desc><![CDATA[架火法]]></desc></option><option><id>E</id><type>text</type><desc><![CDATA[滴酒法]]></desc></option></options><answers><![CDATA[A]]></answers><keypoints><![CDATA[解析：闪火法操作时点燃后的棉球在罐内中下部绕1～2圈后迅速抽出，并立即将罐扣在应拔的部位上，皮肤与点燃物没有直接接触机会，且操作方便快速，因此最为常用且又不易烫伤皮肤。]]></keypoints></question><question><type>1</type><format>text</format><desc><![CDATA[10．肌肤麻木适宜用]]></desc><options><option><id>A</id><type>text</type><desc><![CDATA[走罐]]></desc></option><option><id>B</id><type>text</type><desc><![CDATA[针罐]]></desc></option><option><id>C</id><type>text</type><desc><![CDATA[闪罐针]]></desc></option><option><id>D</id><type>text</type><desc><![CDATA[药罐]]></desc></option><option><id>E</id><type>text</type><desc><![CDATA[留罐]]></desc></option></options><answers><![CDATA[A]]></answers><keypoints><![CDATA[解析：肌肤麻木涉及的范围较广，需要大面积操作且能行气活血的拔罐法，走罐正符合这一要求。]]></keypoints></question><question><type>1</type><format>text</format><desc><![CDATA[11．若肩背疼痛且范围较大应选下列哪种方法为好]]></desc><options><option><id>A</id><type>text</type><desc><![CDATA[走罐]]></desc></option><option><id>B</id><type>text</type><desc><![CDATA[针罐]]></desc></option><option><id>C</id><type>text</type><desc><![CDATA[闪罐]]></desc></option><option><id>D</id><type>text</type><desc><![CDATA[药罐]]></desc></option><option><id>E</id><type>text</type><desc><![CDATA[刺血拔罐]]></desc></option></options><answers><![CDATA[A]]></answers><keypoints><![CDATA[解析：走罐一般先在罐口或欲拨罐部位涂一些凡士林油膏或甘油等润滑剂，再将罐吸拔在相应部位，然后用手握住罐体，上下往返推移。多用于面积较大、肌肉丰厚的部位，所以肩背疼痛且范围较大适于用走罐。]]></keypoints></question><question><type>1</type><format>html</format><desc><![CDATA[12．下列哪项<u><b>不是</b></u>拔罐法的治疗作用]]></desc><options><option><id>A</id><type>text</type><desc><![CDATA[温经通络]]></desc></option><option><id>B</id><type>text</type><desc><![CDATA[散寒除湿]]></desc></option><option><id>C</id><type>text</type><desc><![CDATA[行气活血]]></desc></option><option><id>D</id><type>text</type><desc><![CDATA[补益气血]]></desc></option><option><id>E</id><type>text</type><desc><![CDATA[消肿止痛]]></desc></option></options><answers><![CDATA[D]]></answers><keypoints><![CDATA[解析：拔罐法的治疗作用包括：温经通络、散寒除湿、行气活血、消肿止痛，不包括补益气血。]]></keypoints></question><question><type>1</type><format>text</format><desc><![CDATA[13．罐子吸拔后立即取下，反复多次的是]]></desc><options><option><id>A</id><type>text</type><desc><![CDATA[单罐]]></desc></option><option><id>B</id><type>text</type><desc><![CDATA[多罐]]></desc></option><option><id>C</id><type>text</type><desc><![CDATA[针罐]]></desc></option><option><id>D</id><type>text</type><desc><![CDATA[闪鑵]]></desc></option><option><id>E</id><type>text</type><desc><![CDATA[刺血拔罐]]></desc></option></options><answers><![CDATA[D]]></answers><keypoints><![CDATA[解析：罐子吸拔后立即取下，反复多次的是闪罐法。]]></keypoints></question><question><type>1</type><format>html</format><desc><![CDATA[14．<u><b>不属于</b></u>刮痧禁忌证的是]]></desc><options><option><id>A</id><type>text</type><desc><![CDATA[急性传染病]]></desc></option><option><id>B</id><type>text</type><desc><![CDATA[急腹症]]></desc></option><option><id>C</id><type>text</type><desc><![CDATA[重症心脏病]]></desc></option><option><id>D</id><type>text</type><desc><![CDATA[严重高血压]]></desc></option><option><id>E</id><type>text</type><desc><![CDATA[腰腿痛]]></desc></option></options><answers><![CDATA[E]]></answers><keypoints><![CDATA[解析：刮痧的禁忌证有急性传染病、急腹症、重症心脏病、严重高血压续拔伸2～5min以上。]]></keypoints></question><question><type>1</type><format>text</format><desc><![CDATA[15．一指禅推法讲究]]></desc><options><option><id>A</id><type>text</type><desc><![CDATA[沉肩、悬肘、垂腕、掌虚、指实]]></desc></option><option><id>B</id><type>text</type><desc><![CDATA[沉肩、垂肘、悬腕、掌虚、指实]]></desc></option><option><id>C</id><type>text</type><desc><![CDATA[沉肩、悬肘、垂腕、掌实、指虚]]></desc></option><option><id>D</id><type>text</type><desc><![CDATA[沉肩、垂肘、悬腕、掌虚、指虚]]></desc></option><option><id>E</id><type>text</type><desc><![CDATA[以上都不是]]></desc></option></options><answers><![CDATA[B]]></answers><keypoints><![CDATA[解析：一指禅推法讲究沉肩、垂肘、悬腕、掌虚、指实。]]></keypoints></question><question><type>1</type><format>html</format><desc><![CDATA[16．以下关于揉法的叙述<u><b>不正确</b></u>的有]]></desc><options><option><id>A</id><type>text</type><desc><![CDATA[包括大鱼际揉、掌根揉、指揉等]]></desc></option><option><id>B</id><type>text</type><desc><![CDATA[是最古老的推拿手法]]></desc></option><option><id>C</id><type>text</type><desc><![CDATA[可用于内、外、妇、儿、骨伤等疾病]]></desc></option><option><id>D</id><type>text</type><desc><![CDATA[揉法接触面可大可小，刺激平和舒适]]></desc></option><option><id>E</id><type>text</type><desc><![CDATA[以上都不是]]></desc></option></options><answers><![CDATA[B]]></answers><keypoints><![CDATA[解析：揉法不是最古老的推拿手法。]]></keypoints></question><question><type>1</type><format>html</format><desc><![CDATA[17．宜清<u><b>不宜</b></u>补的穴位是]]></desc><options><option><id>A</id><type>text</type><desc><![CDATA[脾经]]></desc></option><option><id>B</id><type>text</type><desc><![CDATA[胃经]]></desc></option><option><id>C</id><type>text</type><desc><![CDATA[肝经]]></desc></option><option><id>D</id><type>text</type><desc><![CDATA[肾经]]></desc></option><option><id>E</id><type>text</type><desc><![CDATA[肺经]]></desc></option></options><answers><![CDATA[C]]></answers><keypoints><![CDATA[解析：肝经宜清不宜补。]]></keypoints></question><question><type>1</type><format>html</format><desc><![CDATA[18．以下<u><b>不具有</b></u>清热作用的穴位是]]></desc><options><option><id>A</id><type>text</type><desc><![CDATA[清天河水]]></desc></option><option><id>B</id><type>text</type><desc><![CDATA[水底捞明月]]></desc></option><option><id>C</id><type>text</type><desc><![CDATA[揉总筋]]></desc></option><option><id>D</id><type>text</type><desc><![CDATA[推脊]]></desc></option><option><id>E</id><type>text</type><desc><![CDATA[揉一窝风]]></desc></option></options><answers><![CDATA[E]]></answers><keypoints><![CDATA[解析：揉一窝风可以温中行气,止痹痛,利关节，还可以发散风寒,宣通表里,但不具有清热作用。]]></keypoints></question><question><type>1</type><format>text</format><desc><![CDATA[19．以下关于手法的作用叙述正确的有]]></desc><options><option><id>A</id><type>text</type><desc><![CDATA[推法能治疗一切寒证。]]></desc></option><option><id>B</id><type>text</type><desc><![CDATA[擦法荡涤积滞的作用较强]]></desc></option><option><id>C</id><type>text</type><desc><![CDATA[搓法具有明显的调和气血的作用]]></desc></option><option><id>D</id><type>text</type><desc><![CDATA[点法是放松类的典型代表]]></desc></option><option><id>E</id><type>text</type><desc><![CDATA[以上都不是]]></desc></option></options><answers><![CDATA[C]]></answers><keypoints><![CDATA[解析：搓法具有明显的调和气血的作用。]]></keypoints></question><question><type>1</type><format>text</format><desc><![CDATA[20．关于㨰法叙述正确的是]]></desc><options><option><id>A</id><type>text</type><desc><![CDATA[以腕关节为支点]]></desc></option><option><id>B</id><type>text</type><desc><![CDATA[以肩关节为支点]]></desc></option><option><id>C</id><type>text</type><desc><![CDATA[前臂主动做推旋运动]]></desc></option><option><id>D</id><type>text</type><desc><![CDATA[手背尺侧主动做推旋运动]]></desc></option><option><id>E</id><type>text</type><desc><![CDATA[以上都不是]]></desc></option></options><answers><![CDATA[C]]></answers><keypoints><![CDATA[解析：㨰法是前臂主动做推旋。]]></keypoints></question></questions></exam>