﻿<?xml version="1.0" encoding="UTF-8"?><exam><id>20180725145849</id><questions><instructions><![CDATA[A1型题]]></instructions><question><type>1</type><format>text</format><desc><![CDATA[1.最常见的良性骨肿瘤是]]></desc><options><option><id>A</id><type>text</type><desc><![CDATA[骨巨细胞瘤]]></desc></option><option><id>B</id><type>text</type><desc><![CDATA[骨瘤]]></desc></option><option><id>C</id><type>text</type><desc><![CDATA[内生软骨瘤]]></desc></option><option><id>D</id><type>text</type><desc><![CDATA[骨肉瘤]]></desc></option><option><id>E</id><type>text</type><desc><![CDATA[骨软骨瘤]]></desc></option></options><answers><![CDATA[E]]></answers></question><question><type>1</type><format>text</format><desc><![CDATA[2.恶性骨肿瘤的诊断中最主要的依据是]]></desc><options><option><id>A</id><type>text</type><desc><![CDATA[病情发展快]]></desc></option><option><id>B</id><type>text</type><desc><![CDATA[明显的体征]]></desc></option><option><id>C</id><type>text</type><desc><![CDATA[有关化验检查]]></desc></option><option><id>D</id><type>text</type><desc><![CDATA[X线或同位素检查]]></desc></option><option><id>E</id><type>text</type><desc><![CDATA[病理组织学检查]]></desc></option></options><answers><![CDATA[E]]></answers></question><question><type>1</type><format>text</format><desc><![CDATA[3.骨软骨瘤多发部位]]></desc><options><option><id>A</id><type>text</type><desc><![CDATA[四肢长骨]]></desc></option><option><id>B</id><type>text</type><desc><![CDATA[手骨]]></desc></option><option><id>C</id><type>text</type><desc><![CDATA[脊柱]]></desc></option><option><id>D</id><type>text</type><desc><![CDATA[肋骨]]></desc></option><option><id>E</id><type>text</type><desc><![CDATA[颅骨]]></desc></option></options><answers><![CDATA[A]]></answers></question><question><type>1</type><format>html</format><desc><![CDATA[4.骨肿瘤手术护理措施<u><b>错误</b></u>的是]]></desc><options><option><id>A</id><type>text</type><desc><![CDATA[观察生命体征]]></desc></option><option><id>B</id><type>text</type><desc><![CDATA[术后立即进行关节活动]]></desc></option><option><id>C</id><type>text</type><desc><![CDATA[观察引流液的性质及量]]></desc></option><option><id>D</id><type>text</type><desc><![CDATA[观察肢体感觉，皮肤颜色温度]]></desc></option><option><id>E</id><type>text</type><desc><![CDATA[观察肌力、活动范围]]></desc></option></options><answers><![CDATA[B]]></answers></question><question><type>1</type><format>text</format><desc><![CDATA[5.良性骨肿瘤常表现为]]></desc><options><option><id>A</id><type>text</type><desc><![CDATA[生长慢，有症状]]></desc></option><option><id>B</id><type>text</type><desc><![CDATA[生长慢，无症状]]></desc></option><option><id>C</id><type>text</type><desc><![CDATA[生长慢，有疼痛]]></desc></option><option><id>D</id><type>text</type><desc><![CDATA[生长快，无症状]]></desc></option><option><id>E</id><type>text</type><desc><![CDATA[生长快，有症状]]></desc></option></options><answers><![CDATA[B]]></answers></question><question><type>1</type><format>html</format><desc><![CDATA[6.骨肉瘤的典型临床表现<u><b>不包括</b></u>]]></desc><options><option><id>A</id><type>text</type><desc><![CDATA[骨膜下三角形新生骨（Codman三角）]]></desc></option><option><id>B</id><type>text</type><desc><![CDATA[好发于干骺端生长活跃部位]]></desc></option><option><id>C</id><type>text</type><desc><![CDATA[出现蜂窝状骨吸收，夹有钙化斑块]]></desc></option><option><id>D</id><type>text</type><desc><![CDATA[多见于年轻人]]></desc></option><option><id>E</id><type>text</type><desc><![CDATA[早期肺转移]]></desc></option></options><answers><![CDATA[C]]></answers></question><question><type>1</type><format>html</format><desc><![CDATA[7.良性骨肿瘤的治疗措施<u><b>错误</b></u>的是]]></desc><options><option><id>A</id><type>text</type><desc><![CDATA[若肿瘤生长较快才切除]]></desc></option><option><id>B</id><type>text</type><desc><![CDATA[均需手术切除]]></desc></option><option><id>C</id><type>text</type><desc><![CDATA[肿瘤恶变应尽早切除]]></desc></option><option><id>D</id><type>text</type><desc><![CDATA[若肿瘤影响功能才切除]]></desc></option><option><id>E</id><type>text</type><desc><![CDATA[若肿瘤明显增大才切除]]></desc></option></options><answers><![CDATA[B]]></answers></question></questions><questions><instructions><![CDATA[A2型题]]></instructions><question><type>1</type><format>text</format><desc><![CDATA[8.刘某，女，21岁。2月前出现右大腿下端肿痛，X线片见股骨下端有境界不清的骨质破坏区，骨膜增生及放射状阴影，两端可见骨膜三角，最可能的诊断是]]></desc><options><option><id>A</id><type>text</type><desc><![CDATA[骨髓炎]]></desc></option><option><id>B</id><type>text</type><desc><![CDATA[骨结核]]></desc></option><option><id>C</id><type>text</type><desc><![CDATA[骨软骨瘤]]></desc></option><option><id>D</id><type>text</type><desc><![CDATA[骨巨细胞瘤]]></desc></option><option><id>E</id><type>text</type><desc><![CDATA[骨肉瘤]]></desc></option></options><answers><![CDATA[E]]></answers></question><question><type>1</type><format>text</format><desc><![CDATA[9.钟某，男，27岁。左小腿肿痛3月，先是间歇性，后加剧为连续性，夜间为甚。查体：患部肿胀发热、静脉怒张。可能是]]></desc><options><option><id>A</id><type>text</type><desc><![CDATA[急性骨髓炎]]></desc></option><option><id>B</id><type>text</type><desc><![CDATA[骨结核]]></desc></option><option><id>C</id><type>text</type><desc><![CDATA[蜂窝织炎]]></desc></option><option><id>D</id><type>text</type><desc><![CDATA[骨软骨炎]]></desc></option><option><id>E</id><type>text</type><desc><![CDATA[恶性骨肿瘤]]></desc></option></options><answers><![CDATA[E]]></answers></question><question><type>1</type><format>text</format><desc><![CDATA[10.李某，男，18岁。右大腿下端肿痛3月，X线检查示：右股骨下端骨肉瘤，下一步处理为]]></desc><options><option><id>A</id><type>text</type><desc><![CDATA[检查胸片]]></desc></option><option><id>B</id><type>text</type><desc><![CDATA[立即进行截肢]]></desc></option><option><id>C</id><type>text</type><desc><![CDATA[先做活检，根据病理报告决定处理]]></desc></option><option><id>D</id><type>text</type><desc><![CDATA[准备截肢，术时先做活检，快速切片决定是否截肢]]></desc></option><option><id>E</id><type>text</type><desc><![CDATA[大剂量局部放疗]]></desc></option></options><answers><![CDATA[A]]></answers></question></questions></exam>