﻿<?xml version="1.0" encoding="UTF-8"?><exam><id>20180725142357</id><questions><instructions><![CDATA[A1型题]]></instructions><question><type>1</type><format>text</format><desc><![CDATA[1.下列病变可由肾脏蔓延至膀胱及生殖系统出现相应症状的是]]></desc><options><option><id>A</id><type>text</type><desc><![CDATA[急性肾炎]]></desc></option><option><id>B</id><type>text</type><desc><![CDATA[肾积水]]></desc></option><option><id>C</id><type>text</type><desc><![CDATA[肾结石]]></desc></option><option><id>D</id><type>text</type><desc><![CDATA[肾结核]]></desc></option><option><id>E</id><type>text</type><desc><![CDATA[肾损伤]]></desc></option></options><answers><![CDATA[D]]></answers></question><question><type>1</type><format>html</format><desc><![CDATA[2.肾结核肾部分切除术后，护理措施<u><b>不正确</b></u>的是]]></desc><options><option><id>A</id><type>text</type><desc><![CDATA[观察出血及排尿情况]]></desc></option><option><id>B</id><type>text</type><desc><![CDATA[卧床3～5日]]></desc></option><option><id>C</id><type>text</type><desc><![CDATA[每月复查尿常规2次]]></desc></option><option><id>D</id><type>text</type><desc><![CDATA[每3～6月做泌尿系造影检查1次]]></desc></option><option><id>E</id><type>text</type><desc><![CDATA[术后仍坚持药物治疗]]></desc></option></options><answers><![CDATA[B]]></answers></question><question><type>1</type><format>text</format><desc><![CDATA[3.肾结核病人术前应用抗结核药物治疗时间正确的是]]></desc><options><option><id>A</id><type>text</type><desc><![CDATA[1～3个月]]></desc></option><option><id>B</id><type>text</type><desc><![CDATA[3～6个月]]></desc></option><option><id>C</id><type>text</type><desc><![CDATA[6～9个月]]></desc></option><option><id>D</id><type>text</type><desc><![CDATA[10～12个月]]></desc></option><option><id>E</id><type>text</type><desc><![CDATA[一年半以上]]></desc></option></options><answers><![CDATA[C]]></answers></question><question><type>1</type><format>text</format><desc><![CDATA[4.肾结核的典型症状是]]></desc><options><option><id>A</id><type>text</type><desc><![CDATA[发热]]></desc></option><option><id>B</id><type>text</type><desc><![CDATA[腰痛]]></desc></option><option><id>C</id><type>text</type><desc><![CDATA[血尿]]></desc></option><option><id>D</id><type>text</type><desc><![CDATA[脓尿]]></desc></option><option><id>E</id><type>text</type><desc><![CDATA[尿频、尿急、尿痛]]></desc></option></options><answers><![CDATA[E]]></answers></question><question><type>1</type><format>text</format><desc><![CDATA[5.对肾结核的诊断有决定性意义的检查是]]></desc><options><option><id>A</id><type>text</type><desc><![CDATA[结核杆菌培养]]></desc></option><option><id>B</id><type>text</type><desc><![CDATA[泌尿系统平片]]></desc></option><option><id>C</id><type>text</type><desc><![CDATA[排泄性尿路造影]]></desc></option><option><id>D</id><type>text</type><desc><![CDATA[逆行性肾盂造影]]></desc></option><option><id>E</id><type>text</type><desc><![CDATA[B超]]></desc></option></options><answers><![CDATA[A]]></answers></question><question><type>1</type><format>text</format><desc><![CDATA[6.肾结核行部分肾脏切除的病人卧床时间正确的是]]></desc><options><option><id>A</id><type>text</type><desc><![CDATA[1～2日]]></desc></option><option><id>B</id><type>text</type><desc><![CDATA[3～5日]]></desc></option><option><id>C</id><type>text</type><desc><![CDATA[5～6日]]></desc></option><option><id>D</id><type>text</type><desc><![CDATA[7～14日]]></desc></option><option><id>E</id><type>text</type><desc><![CDATA[2周以上]]></desc></option></options><answers><![CDATA[D]]></answers></question></questions><questions><instructions><![CDATA[A2型题]]></instructions><question><type>1</type><format>text</format><desc><![CDATA[7.陈某，男，36岁。反复尿频、尿急、尿痛11年，以往有盗汗、低热史，该病人最可能的原发病是]]></desc><options><option><id>A</id><type>text</type><desc><![CDATA[泌尿系结核]]></desc></option><option><id>B</id><type>text</type><desc><![CDATA[泌尿系结石]]></desc></option><option><id>C</id><type>text</type><desc><![CDATA[泌尿系损伤]]></desc></option><option><id>D</id><type>text</type><desc><![CDATA[泌尿系肿瘤]]></desc></option><option><id>E</id><type>text</type><desc><![CDATA[前列腺增生症]]></desc></option></options><answers><![CDATA[A]]></answers></question><question><type>1</type><format>text</format><desc><![CDATA[8.韦某，男，45岁。尿频、尿痛、尿急2年余，间隙性血尿，多种抗生素治疗无明显效果，且有加重趋势，应怀疑]]></desc><options><option><id>A</id><type>text</type><desc><![CDATA[肾结石伴感染]]></desc></option><option><id>B</id><type>text</type><desc><![CDATA[膀胱肿瘤]]></desc></option><option><id>C</id><type>text</type><desc><![CDATA[肾结核]]></desc></option><option><id>D</id><type>text</type><desc><![CDATA[膀胱结石]]></desc></option><option><id>E</id><type>text</type><desc><![CDATA[慢性肾盂肾炎]]></desc></option></options><answers><![CDATA[C]]></answers></question><question><type>1</type><format>text</format><desc><![CDATA[9.王某，男，35岁。2年来出现膀胱刺激症状，渐加重，青霉素治疗无效，目前尿频严重，且有终末血尿、脓尿，应首先考虑]]></desc><options><option><id>A</id><type>text</type><desc><![CDATA[前列腺增生]]></desc></option><option><id>B</id><type>text</type><desc><![CDATA[慢性前列腺炎]]></desc></option><option><id>C</id><type>text</type><desc><![CDATA[泌尿系结核]]></desc></option><option><id>D</id><type>text</type><desc><![CDATA[膀胱结石]]></desc></option><option><id>E</id><type>text</type><desc><![CDATA[膀胱肿瘤]]></desc></option></options><answers><![CDATA[C]]></answers></question></questions></exam>