﻿<?xml version="1.0" encoding="UTF-8"?><exam><id>20180725141903</id><questions><instructions><![CDATA[A1型题]]></instructions><question><type>1</type><format>html</format><desc><![CDATA[1.泌尿系病变所引起的尿液改变<u><b>错误</b></u>的是]]></desc><options><option><id>A</id><type>text</type><desc><![CDATA[全血尿]]></desc></option><option><id>B</id><type>text</type><desc><![CDATA[初血尿]]></desc></option><option><id>C</id><type>text</type><desc><![CDATA[终末血尿]]></desc></option><option><id>D</id><type>text</type><desc><![CDATA[血红蛋白尿]]></desc></option><option><id>E</id><type>text</type><desc><![CDATA[镜下血尿]]></desc></option></options><answers><![CDATA[D]]></answers></question><question><type>1</type><format>text</format><desc><![CDATA[2.前列腺增生引起尿潴留，膀胱过胀，尿液从尿道口溢出属]]></desc><options><option><id>A</id><type>text</type><desc><![CDATA[压力性尿失禁]]></desc></option><option><id>B</id><type>text</type><desc><![CDATA[神经性尿失禁]]></desc></option><option><id>C</id><type>text</type><desc><![CDATA[充盈性尿失禁]]></desc></option><option><id>D</id><type>text</type><desc><![CDATA[真性尿失禁]]></desc></option><option><id>E</id><type>text</type><desc><![CDATA[尿瘘]]></desc></option></options><answers><![CDATA[C]]></answers></question><question><type>1</type><format>text</format><desc><![CDATA[3.正常成年人24小时尿量正确的是]]></desc><options><option><id>A</id><type>text</type><desc><![CDATA[500～1000 ml]]></desc></option><option><id>B</id><type>text</type><desc><![CDATA[1000～1500 ml]]></desc></option><option><id>C</id><type>text</type><desc><![CDATA[1000～2000 ml]]></desc></option><option><id>D</id><type>text</type><desc><![CDATA[1500～2000 ml]]></desc></option><option><id>E</id><type>text</type><desc><![CDATA[2000～2500 ml]]></desc></option></options><answers><![CDATA[C]]></answers></question><question><type>1</type><format>text</format><desc><![CDATA[4.少尿是指正常成年人24小时尿量少于]]></desc><options><option><id>A</id><type>text</type><desc><![CDATA[100ml]]></desc></option><option><id>B</id><type>text</type><desc><![CDATA[200ml]]></desc></option><option><id>C</id><type>text</type><desc><![CDATA[300ml]]></desc></option><option><id>D</id><type>text</type><desc><![CDATA[400ml]]></desc></option><option><id>E</id><type>text</type><desc><![CDATA[500ml]]></desc></option></options><answers><![CDATA[D]]></answers></question><question><type>1</type><format>text</format><desc><![CDATA[5.无尿是指正常成年人24小时尿量少于]]></desc><options><option><id>A</id><type>text</type><desc><![CDATA[100ml]]></desc></option><option><id>B</id><type>text</type><desc><![CDATA[200ml]]></desc></option><option><id>C</id><type>text</type><desc><![CDATA[300ml]]></desc></option><option><id>D</id><type>text</type><desc><![CDATA[400ml]]></desc></option><option><id>E</id><type>text</type><desc><![CDATA[500ml]]></desc></option></options><answers><![CDATA[A]]></answers></question><question><type>1</type><format>text</format><desc><![CDATA[6.正常成年男性膀胱容量约]]></desc><options><option><id>A</id><type>text</type><desc><![CDATA[350ml]]></desc></option><option><id>B</id><type>text</type><desc><![CDATA[400ml]]></desc></option><option><id>C</id><type>text</type><desc><![CDATA[450ml]]></desc></option><option><id>D</id><type>text</type><desc><![CDATA[500ml]]></desc></option><option><id>E</id><type>text</type><desc><![CDATA[550ml]]></desc></option></options><answers><![CDATA[B]]></answers></question><question><type>1</type><format>html</format><desc><![CDATA[7.泌尿系统检查<u><b>错误</b></u>的做法是]]></desc><options><option><id>A</id><type>text</type><desc><![CDATA[器械检查前应做好解释工作]]></desc></option><option><id>B</id><type>text</type><desc><![CDATA[器械检查时应注意无菌操作]]></desc></option><option><id>C</id><type>text</type><desc><![CDATA[器械检查后常规口服抗生素2～3日，预防感染]]></desc></option><option><id>D</id><type>text</type><desc><![CDATA[血管造影前可不做碘过敏试验]]></desc></option><option><id>E</id><type>text</type><desc><![CDATA[器械检查时要仔细、轻柔，忌用暴力]]></desc></option></options><answers><![CDATA[D]]></answers></question><question><type>1</type><format>html</format><desc><![CDATA[8.静脉注射有机碘造影剂后，摄片时间<u><b>错误</b></u>的是]]></desc><options><option><id>A</id><type>text</type><desc><![CDATA[5分钟]]></desc></option><option><id>B</id><type>text</type><desc><![CDATA[10分钟]]></desc></option><option><id>C</id><type>text</type><desc><![CDATA[15分钟]]></desc></option><option><id>D</id><type>text</type><desc><![CDATA[30分钟]]></desc></option><option><id>E</id><type>text</type><desc><![CDATA[45分钟]]></desc></option></options><answers><![CDATA[B]]></answers></question><question><type>1</type><format>html</format><desc><![CDATA[9.膀胱镜检查术后护理措施<u><b>错误</b></u>的是]]></desc><options><option><id>A</id><type>text</type><desc><![CDATA[常规留置导尿管3日]]></desc></option><option><id>B</id><type>text</type><desc><![CDATA[可适当用止痛药]]></desc></option><option><id>C</id><type>text</type><desc><![CDATA[若有血尿，增加饮水量]]></desc></option><option><id>D</id><type>text</type><desc><![CDATA[卧床休息]]></desc></option><option><id>E</id><type>text</type><desc><![CDATA[必要时用抗生素]]></desc></option></options><answers><![CDATA[A]]></answers></question><question><type>1</type><format>text</format><desc><![CDATA[10.判断尿潴留依据正确的是]]></desc><options><option><id>A</id><type>text</type><desc><![CDATA[24小时无尿]]></desc></option><option><id>B</id><type>text</type><desc><![CDATA[膀胱区明显胀大隆起，有紧迫排尿感]]></desc></option><option><id>C</id><type>text</type><desc><![CDATA[前列腺增生]]></desc></option><option><id>D</id><type>text</type><desc><![CDATA[肾功能障碍]]></desc></option><option><id>E</id><type>text</type><desc><![CDATA[病人昏迷]]></desc></option></options><answers><![CDATA[B]]></answers></question></questions><questions><instructions><![CDATA[A2型题]]></instructions><question><type>1</type><format>text</format><desc><![CDATA[11.刘某，女，35岁。劝架时右腰部被误击一拳，由家属陪同前来就诊，病人应先进行的检查是]]></desc><options><option><id>A</id><type>text</type><desc><![CDATA[血常规]]></desc></option><option><id>B</id><type>text</type><desc><![CDATA[尿常规]]></desc></option><option><id>C</id><type>text</type><desc><![CDATA[大便常规]]></desc></option><option><id>D</id><type>text</type><desc><![CDATA[肝功能]]></desc></option><option><id>E</id><type>text</type><desc><![CDATA[肾功能]]></desc></option></options><answers><![CDATA[B]]></answers></question><question><type>1</type><format>text</format><desc><![CDATA[12.王某，男，86岁。脑溢血后卧床半年多，病人有时神志恍惚，烦躁不安，经检查下腹部隆起，半球形囊性肿物，有少量尿液自尿道口溢出弄湿衣、裤等，应考虑是]]></desc><options><option><id>A</id><type>text</type><desc><![CDATA[真性尿失禁]]></desc></option><option><id>B</id><type>text</type><desc><![CDATA[充盈性尿失禁]]></desc></option><option><id>C</id><type>text</type><desc><![CDATA[压力性尿失禁]]></desc></option><option><id>D</id><type>text</type><desc><![CDATA[尿瘘]]></desc></option><option><id>E</id><type>text</type><desc><![CDATA[尿频]]></desc></option></options><answers><![CDATA[B]]></answers></question></questions></exam>