﻿<?xml version="1.0" encoding="UTF-8"?><exam><id>20180725142042</id><questions><instructions><![CDATA[A1型题]]></instructions><question><type>1</type><format>html</format><desc><![CDATA[1.膀胱破裂的临床表现正确的是]]></desc><options><option><id>A</id><type>text</type><desc><![CDATA[有尿意但不能排尿而膀胱空虚]]></desc></option><option><id>B</id><type>text</type><desc><![CDATA[尿潴留]]></desc></option><option><id>C</id><type>text</type><desc><![CDATA[排尿突然中断]]></desc></option><option><id>D</id><type>text</type><desc><![CDATA[假性尿失禁]]></desc></option><option><id>E</id><type>text</type><desc><![CDATA[导尿管不易插入]]></desc></option></options><answers><![CDATA[A]]></answers></question><question><type>1</type><format>html</format><desc><![CDATA[2.留置导尿管病人的护理措施<u><b>错误</b></u>的是]]></desc><options><option><id>A</id><type>text</type><desc><![CDATA[保持尿管通畅]]></desc></option><option><id>B</id><type>text</type><desc><![CDATA[每日观察尿量、颜色、性质]]></desc></option><option><id>C</id><type>text</type><desc><![CDATA[保持引流装置的无菌]]></desc></option><option><id>D</id><type>text</type><desc><![CDATA[导尿管每日更换一次，以免细菌生长]]></desc></option><option><id>E</id><type>text</type><desc><![CDATA[用带气囊尿管，以免尿管脱落]]></desc></option></options><answers><![CDATA[D]]></answers></question><question><type>1</type><format>html</format><desc><![CDATA[3.泌尿外科各种引流导管的护理措施<u><b>错误</b></u>的是]]></desc><options><option><id>A</id><type>text</type><desc><![CDATA[妥善固定]]></desc></option><option><id>B</id><type>text</type><desc><![CDATA[每3天更换引流瓶一次]]></desc></option><option><id>C</id><type>text</type><desc><![CDATA[保持引流通畅]]></desc></option><option><id>D</id><type>text</type><desc><![CDATA[引流瓶的水平低于导管出口的水平]]></desc></option><option><id>E</id><type>text</type><desc><![CDATA[观察引流物的量、性状、色泽]]></desc></option></options><answers><![CDATA[B]]></answers></question><question><type>1</type><format>html</format><desc><![CDATA[4.泌尿外科引流管护理<u><b>错误</b></u>的是]]></desc><options><option><id>A</id><type>text</type><desc><![CDATA[注意术后引流量和性质]]></desc></option><option><id>B</id><type>text</type><desc><![CDATA[记录尿量和颜色]]></desc></option><option><id>C</id><type>text</type><desc><![CDATA[保持尿路通畅]]></desc></option><option><id>D</id><type>text</type><desc><![CDATA[补充足够液体，注意出入量平衡]]></desc></option><option><id>E</id><type>text</type><desc><![CDATA[引流管发生引流不畅，立即拔除]]></desc></option></options><answers><![CDATA[E]]></answers></question><question><type>1</type><format>text</format><desc><![CDATA[5.尿道损伤术后，预防尿道狭窄的主要措施是]]></desc><options><option><id>A</id><type>text</type><desc><![CDATA[预防感染]]></desc></option><option><id>B</id><type>text</type><desc><![CDATA[留置导尿管7～10天]]></desc></option><option><id>C</id><type>text</type><desc><![CDATA[注射抗生素]]></desc></option><option><id>D</id><type>text</type><desc><![CDATA[后期应定期做尿道扩张]]></desc></option><option><id>E</id><type>text</type><desc><![CDATA[局部理疗]]></desc></option></options><answers><![CDATA[D]]></answers></question><question><type>1</type><format>html</format><desc><![CDATA[6.<u><b>不会</b></u>引起排尿困难的是]]></desc><options><option><id>A</id><type>text</type><desc><![CDATA[尿道结石]]></desc></option><option><id>B</id><type>text</type><desc><![CDATA[婴幼儿的包茎]]></desc></option><option><id>C</id><type>text</type><desc><![CDATA[糖尿病]]></desc></option><option><id>D</id><type>text</type><desc><![CDATA[前列腺增生症]]></desc></option><option><id>E</id><type>text</type><desc><![CDATA[尿道狭窄]]></desc></option></options><answers><![CDATA[C]]></answers></question><question><type>1</type><format>html</format><desc><![CDATA[7.肾损伤非手术护理<u><b>错误</b></u>的是]]></desc><options><option><id>A</id><type>text</type><desc><![CDATA[定时观察生命体征]]></desc></option><option><id>B</id><type>text</type><desc><![CDATA[注意血尿情况]]></desc></option><option><id>C</id><type>text</type><desc><![CDATA[观察体温变化]]></desc></option><option><id>D</id><type>text</type><desc><![CDATA[早期起床活动]]></desc></option><option><id>E</id><type>text</type><desc><![CDATA[注意腹痛的变化]]></desc></option></options><answers><![CDATA[D]]></answers></question><question><type>1</type><format>text</format><desc><![CDATA[8.骑跨所致尿道断裂部位多发生在]]></desc><options><option><id>A</id><type>text</type><desc><![CDATA[海绵体部]]></desc></option><option><id>B</id><type>text</type><desc><![CDATA[球部]]></desc></option><option><id>C</id><type>text</type><desc><![CDATA[膜部]]></desc></option><option><id>D</id><type>text</type><desc><![CDATA[前列腺部]]></desc></option><option><id>E</id><type>text</type><desc><![CDATA[以上都不是]]></desc></option></options><answers><![CDATA[B]]></answers></question><question><type>1</type><format>text</format><desc><![CDATA[9.下列属于肾损伤的主要表现的是]]></desc><options><option><id>A</id><type>text</type><desc><![CDATA[腰部疼痛]]></desc></option><option><id>B</id><type>text</type><desc><![CDATA[血尿]]></desc></option><option><id>C</id><type>text</type><desc><![CDATA[尿外渗]]></desc></option><option><id>D</id><type>text</type><desc><![CDATA[尿潴留]]></desc></option><option><id>E</id><type>text</type><desc><![CDATA[腹部疼痛]]></desc></option></options><answers><![CDATA[B]]></answers></question><question><type>1</type><format>html</format><desc><![CDATA[10.膀胱镜检查术护理措施<u><b>错误</b></u>的是]]></desc><options><option><id>A</id><type>text</type><desc><![CDATA[常规留置导尿管3日]]></desc></option><option><id>B</id><type>text</type><desc><![CDATA[可适当用止痛药]]></desc></option><option><id>C</id><type>text</type><desc><![CDATA[若有血尿，增加饮水量]]></desc></option><option><id>D</id><type>text</type><desc><![CDATA[卧床休息]]></desc></option><option><id>E</id><type>text</type><desc><![CDATA[必要时用抗生素]]></desc></option></options><answers><![CDATA[A]]></answers></question><question><type>1</type><format>text</format><desc><![CDATA[11.可采取非手术治疗的肾损伤正确的是]]></desc><options><option><id>A</id><type>text</type><desc><![CDATA[肾挫伤]]></desc></option><option><id>B</id><type>text</type><desc><![CDATA[严重肾部分裂伤]]></desc></option><option><id>C</id><type>text</type><desc><![CDATA[肾蒂断裂]]></desc></option><option><id>D</id><type>text</type><desc><![CDATA[合并有输尿管损伤]]></desc></option><option><id>E</id><type>text</type><desc><![CDATA[肾破裂伴有出血性休克]]></desc></option></options><answers><![CDATA[A]]></answers></question><question><type>1</type><format>text</format><desc><![CDATA[12.尿道损伤无法插入导尿管，膀胱胀满者应行]]></desc><options><option><id>A</id><type>text</type><desc><![CDATA[尿道造口术]]></desc></option><option><id>B</id><type>text</type><desc><![CDATA[尿道会师复位术]]></desc></option><option><id>C</id><type>text</type><desc><![CDATA[尿道断端吻合术]]></desc></option><option><id>D</id><type>text</type><desc><![CDATA[膀胱穿刺造口术]]></desc></option><option><id>E</id><type>text</type><desc><![CDATA[膀胱切开造口术]]></desc></option></options><answers><![CDATA[D]]></answers></question><question><type>1</type><format>text</format><desc><![CDATA[13.嘱泌尿外科病人多饮水的理由正确的是]]></desc><options><option><id>A</id><type>text</type><desc><![CDATA[增多尿量以冲洗尿路,防止感染]]></desc></option><option><id>B</id><type>text</type><desc><![CDATA[摄入足量液体，防止水、电解质紊乱]]></desc></option><option><id>C</id><type>text</type><desc><![CDATA[保持正常尿量，防止急性肾衰竭]]></desc></option><option><id>D</id><type>text</type><desc><![CDATA[稀释尿液，减轻疼痛疾病]]></desc></option><option><id>E</id><type>text</type><desc><![CDATA[保证体液容量，避免发生休克]]></desc></option></options><answers><![CDATA[A]]></answers></question><question><type>1</type><format>text</format><desc><![CDATA[14.判断膀胱破裂最简便方法的是]]></desc><options><option><id>A</id><type>text</type><desc><![CDATA[下腹部叩诊]]></desc></option><option><id>B</id><type>text</type><desc><![CDATA[耻骨上膀胱穿刺]]></desc></option><option><id>C</id><type>text</type><desc><![CDATA[膀胱造影]]></desc></option><option><id>D</id><type>text</type><desc><![CDATA[腹腔穿刺]]></desc></option><option><id>E</id><type>text</type><desc><![CDATA[导尿及膀胱注水试验]]></desc></option></options><answers><![CDATA[E]]></answers></question><question><type>1</type><format>text</format><desc><![CDATA[15.行导尿试验时，注入无菌生理盐水量正确的是]]></desc><options><option><id>A</id><type>text</type><desc><![CDATA[50～<b～></b>100ml]]></desc></option><option><id>B</id><type>text</type><desc><![CDATA[100～200ml]]></desc></option><option><id>C</id><type>text</type><desc><![CDATA[200～300ml]]></desc></option><option><id>D</id><type>text</type><desc><![CDATA[300～350ml]]></desc></option><option><id>E</id><type>text</type><desc><![CDATA[350ml以上]]></desc></option></options><answers><![CDATA[C]]></answers></question><question><type>1</type><format>text</format><desc><![CDATA[16.前尿道裂伤行经会阴尿道修补术后，导尿管留置时间正确的是]]></desc><options><option><id>A</id><type>text</type><desc><![CDATA[1周]]></desc></option><option><id>B</id><type>text</type><desc><![CDATA[2～3周]]></desc></option><option><id>C</id><type>text</type><desc><![CDATA[4～5周]]></desc></option><option><id>D</id><type>text</type><desc><![CDATA[5～6周]]></desc></option><option><id>E</id><type>text</type><desc><![CDATA[6周以上]]></desc></option></options><answers><![CDATA[B]]></answers></question></questions><questions><instructions><![CDATA[A2型题]]></instructions><question><type>1</type><format>text</format><desc><![CDATA[17.温某，男，28岁。因左腰被撞伤后左腰疼痛3小时入院，病人尿液呈洗肉水样，初步诊断为肾损伤，该病人肾损伤类型最可能的是]]></desc><options><option><id>A</id><type>text</type><desc><![CDATA[肾挫伤]]></desc></option><option><id>B</id><type>text</type><desc><![CDATA[肾部分裂伤]]></desc></option><option><id>C</id><type>text</type><desc><![CDATA[肾全层裂伤]]></desc></option><option><id>D</id><type>text</type><desc><![CDATA[肾蒂损伤]]></desc></option><option><id>E</id><type>text</type><desc><![CDATA[肾挫裂伤]]></desc></option></options><answers><![CDATA[A]]></answers></question><question><type>1</type><format>text</format><desc><![CDATA[18.马某，男，38岁。骨盆骨折并后尿道损伤术后3个月，现出现排尿困难，此时，应采取的处理措施是]]></desc><options><option><id>A</id><type>text</type><desc><![CDATA[导尿]]></desc></option><option><id>B</id><type>text</type><desc><![CDATA[尿道探子扩张尿道]]></desc></option><option><id>C</id><type>text</type><desc><![CDATA[少饮水]]></desc></option><option><id>D</id><type>text</type><desc><![CDATA[膀胱造口]]></desc></option><option><id>E</id><type>text</type><desc><![CDATA[抗生素应用]]></desc></option></options><answers><![CDATA[B]]></answers></question><question><type>1</type><format>text</format><desc><![CDATA[19.韦某，男，30岁。因行走途中被摩托车撞倒后出现排尿困难而入院，X线检查提示骨盆多处骨折，排尿困难的最可能的原因是]]></desc><options><option><id>A</id><type>text</type><desc><![CDATA[后尿道损伤]]></desc></option><option><id>B</id><type>text</type><desc><![CDATA[尿道球部损伤]]></desc></option><option><id>C</id><type>text</type><desc><![CDATA[腹膜内膀胱破裂]]></desc></option><option><id>D</id><type>text</type><desc><![CDATA[腹膜外膀胱破裂]]></desc></option><option><id>E</id><type>text</type><desc><![CDATA[输尿管损伤]]></desc></option></options><answers><![CDATA[A]]></answers></question></questions></exam>