﻿<?xml version="1.0" encoding="UTF-8"?><exam><id>20180725153213</id><questions><instructions><![CDATA[A1型题]]></instructions><question><type>1</type><format>html</format><desc><![CDATA[1.<u><b>不属于</b></u>寻常型银屑病的临床表现是]]></desc><options><option><id>A</id><type>text</type><desc><![CDATA[薄膜现象]]></desc></option><option><id>B</id><type>text</type><desc><![CDATA[同形反应]]></desc></option><option><id>C</id><type>text</type><desc><![CDATA[点状出血]]></desc></option><option><id>D</id><type>text</type><desc><![CDATA[蜡滴现象]]></desc></option><option><id>E</id><type>text</type><desc><![CDATA[尼氏征]]></desc></option></options><answers><![CDATA[C]]></answers></question><question><type>1</type><format>html</format><desc><![CDATA[2.下列<u><b>不是</b></u>银屑病的临床分型的是]]></desc><options><option><id>A</id><type>text</type><desc><![CDATA[寻常型]]></desc></option><option><id>B</id><type>text</type><desc><![CDATA[大疱型]]></desc></option><option><id>C</id><type>text</type><desc><![CDATA[关节病型]]></desc></option><option><id>D</id><type>text</type><desc><![CDATA[红皮病型]]></desc></option><option><id>E</id><type>text</type><desc><![CDATA[脓疱型]]></desc></option></options><answers><![CDATA[B]]></answers></question><question><type>1</type><format>text</format><desc><![CDATA[3.同形反应发生在寻常型银屑病的]]></desc><options><option><id>A</id><type>text</type><desc><![CDATA[退行期]]></desc></option><option><id>B</id><type>text</type><desc><![CDATA[静止期]]></desc></option><option><id>C</id><type>text</type><desc><![CDATA[浸润期]]></desc></option><option><id>D</id><type>text</type><desc><![CDATA[进行期]]></desc></option><option><id>E</id><type>text</type><desc><![CDATA[恢复期]]></desc></option></options><answers><![CDATA[D]]></answers></question><question><type>1</type><format>text</format><desc><![CDATA[4.下列哪种疾病会出现同形反应]]></desc><options><option><id>A</id><type>text</type><desc><![CDATA[急性湿疹]]></desc></option><option><id>B</id><type>text</type><desc><![CDATA[带状疱疹]]></desc></option><option><id>C</id><type>text</type><desc><![CDATA[寻常型银屑病进行期]]></desc></option><option><id>D</id><type>text</type><desc><![CDATA[急性荨麻疹]]></desc></option><option><id>E</id><type>text</type><desc><![CDATA[过敏性紫癜]]></desc></option></options><answers><![CDATA[C]]></answers></question><question><type>1</type><format>html</format><desc><![CDATA[5.<u><b>不符合</b></u>寻常型银屑病的临床表现的是]]></desc><options><option><id>A</id><type>text</type><desc><![CDATA[蜡滴现象]]></desc></option><option><id>B</id><type>text</type><desc><![CDATA[束状发]]></desc></option><option><id>C</id><type>text</type><desc><![CDATA[甲板顶针状凹陷]]></desc></option><option><id>D</id><type>text</type><desc><![CDATA[消退期常见同形反应]]></desc></option><option><id>E</id><type>text</type><desc><![CDATA[静止期皮损稳定]]></desc></option></options><answers><![CDATA[D]]></answers></question><question><type>1</type><format>text</format><desc><![CDATA[6.常由感染导致的是哪型银屑病]]></desc><options><option><id>A</id><type>text</type><desc><![CDATA[红皮病型]]></desc></option><option><id>B</id><type>text</type><desc><![CDATA[点滴型]]></desc></option><option><id>C</id><type>text</type><desc><![CDATA[脓疱型]]></desc></option><option><id>D</id><type>text</type><desc><![CDATA[关节病型]]></desc></option><option><id>E</id><type>text</type><desc><![CDATA[以上都是]]></desc></option></options><answers><![CDATA[B]]></answers></question><question><type>1</type><format>html</format><desc><![CDATA[7.有关银屑病的说法<u><b>不正确</b></u>的是]]></desc><options><option><id>A</id><type>text</type><desc><![CDATA[是一种仅累及皮肤黏膜的炎症性疾病]]></desc></option><option><id>B</id><type>text</type><desc><![CDATA[寻常型皮损具有典型的“三征”]]></desc></option><option><id>C</id><type>text</type><desc><![CDATA[红皮病型病情较重，病程较长]]></desc></option><option><id>D</id><type>text</type><desc><![CDATA[仅可临床缓解，无法彻底治愈]]></desc></option><option><id>E</id><type>text</type><desc><![CDATA[银屑病病因尚未清楚]]></desc></option></options><answers><![CDATA[A]]></answers></question><question><type>1</type><format>text</format><desc><![CDATA[8.有关银屑病的发病率，下列正确的是]]></desc><options><option><id>A</id><type>text</type><desc><![CDATA[农村高于城市，温暖地区高于高寒地区]]></desc></option><option><id>B</id><type>text</type><desc><![CDATA[农村高于城市，高寒地区高于温暖地区]]></desc></option><option><id>C</id><type>text</type><desc><![CDATA[城市高于农村，温暖地区高于高寒地区]]></desc></option><option><id>D</id><type>text</type><desc><![CDATA[城市高于农村，高寒地区高于温暖地区]]></desc></option><option><id>E</id><type>text</type><desc><![CDATA[黑种人＞黄种人＞白种人]]></desc></option></options><answers><![CDATA[D]]></answers></question><question><type>1</type><format>text</format><desc><![CDATA[9.临床上可将银屑病分为]]></desc><options><option><id>A</id><type>text</type><desc><![CDATA[二型]]></desc></option><option><id>B</id><type>text</type><desc><![CDATA[三型]]></desc></option><option><id>C</id><type>text</type><desc><![CDATA[四型]]></desc></option><option><id>D</id><type>text</type><desc><![CDATA[五型]]></desc></option><option><id>E</id><type>text</type><desc><![CDATA[六型]]></desc></option></options><answers><![CDATA[C]]></answers></question><question><type>1</type><format>text</format><desc><![CDATA[10.寻常型银屑病的典型皮损为]]></desc><options><option><id>A</id><type>text</type><desc><![CDATA[片状银白色鳞屑的红色丘疹、斑丘疹、斑块]]></desc></option><option><id>B</id><type>text</type><desc><![CDATA[丘疹、水疱、脓疱、脱屑]]></desc></option><option><id>C</id><type>text</type><desc><![CDATA[糠状鳞屑的潮红斑]]></desc></option><option><id>D</id><type>text</type><desc><![CDATA[苔藓样斑块]]></desc></option><option><id>E</id><type>text</type><desc><![CDATA[围堤状隆起性红斑]]></desc></option></options><answers><![CDATA[A]]></answers></question><question><type>1</type><format>text</format><desc><![CDATA[11.银屑病的头皮皮损使头发]]></desc><options><option><id>A</id><type>text</type><desc><![CDATA[稀疏、脱落]]></desc></option><option><id>B</id><type>text</type><desc><![CDATA[成束状，不脱落，片状银白色脱屑]]></desc></option><option><id>C</id><type>text</type><desc><![CDATA[油腻，脱落，大量糠状脱屑]]></desc></option><option><id>D</id><type>text</type><desc><![CDATA[不脱落，大量糠状脱屑]]></desc></option><option><id>E</id><type>text</type><desc><![CDATA[稀疏，脱落，参差不齐]]></desc></option></options><answers><![CDATA[B]]></answers></question><question><type>1</type><format>html</format><desc><![CDATA[12.有关关节病型银屑病的叙述，下列说法<u><b>错误</b></u>的是]]></desc><options><option><id>A</id><type>text</type><desc><![CDATA[关节红、肿、热、痛，长期关节可强直变形]]></desc></option><option><id>B</id><type>text</type><desc><![CDATA[可累积全身各个关节，但以指、趾末端小关节多见]]></desc></option><option><id>C</id><type>text</type><desc><![CDATA[X-线表现为关节面被侵蚀破坏，骨端溶解]]></desc></option><option><id>D</id><type>text</type><desc><![CDATA[类风湿因子阴性]]></desc></option><option><id>E</id><type>text</type><desc><![CDATA[关节疼痛与天气变化有关]]></desc></option></options><answers><![CDATA[B]]></answers></question><question><type>1</type><format>html</format><desc><![CDATA[13.关于银屑病的组织病理，下列叙述<u><b>不正确</b></u>的是]]></desc><options><option><id>A</id><type>text</type><desc><![CDATA[融合性角化不全]]></desc></option><option><id>B</id><type>text</type><desc><![CDATA[颗粒层增厚]]></desc></option><option><id>C</id><type>text</type><desc><![CDATA[棘层增厚]]></desc></option><option><id>D</id><type>text</type><desc><![CDATA[表皮突规则延长]]></desc></option><option><id>E</id><type>text</type><desc><![CDATA[真皮乳头毛细血管扩张迂曲直达乳头顶部]]></desc></option></options><answers><![CDATA[B]]></answers></question><question><type>1</type><format>text</format><desc><![CDATA[14.银屑病的典型甲改变为]]></desc><options><option><id>A</id><type>text</type><desc><![CDATA[甲板正常，甲游离缘分离，分离处呈波浪状]]></desc></option><option><id>B</id><type>text</type><desc><![CDATA[甲纵嵴]]></desc></option><option><id>C</id><type>text</type><desc><![CDATA[甲板增厚、变形、污秽，甲游离缘残缺]]></desc></option><option><id>D</id><type>text</type><desc><![CDATA[甲板增厚，凹凸不平，甲沟红肿脱]]></desc></option><option><id>E</id><type>text</type><desc><![CDATA[甲混浊、肥厚、变形，甲板散在顶针状小凹陷]]></desc></option></options><answers><![CDATA[E]]></answers></question><question><type>1</type><format>html</format><desc><![CDATA[15.寻常型银屑病一般<u><b>不宜</b></u>使用]]></desc><options><option><id>A</id><type>text</type><desc><![CDATA[糖皮质激素]]></desc></option><option><id>B</id><type>text</type><desc><![CDATA[维生素]]></desc></option><option><id>C</id><type>text</type><desc><![CDATA[免疫调节剂]]></desc></option><option><id>D</id><type>text</type><desc><![CDATA[中草药或中成药]]></desc></option><option><id>E</id><type>text</type><desc><![CDATA[清热解毒活血药]]></desc></option></options><answers><![CDATA[A]]></answers></question><question><type>1</type><format>text</format><desc><![CDATA[16.多形红斑典型皮损为]]></desc><options><option><id>A</id><type>text</type><desc><![CDATA[面、四肢对称性靶形红斑]]></desc></option><option><id>B</id><type>text</type><desc><![CDATA[面部突出部蝶形红斑]]></desc></option><option><id>C</id><type>text</type><desc><![CDATA[四肢紫色扁平丘疹]]></desc></option><option><id>D</id><type>text</type><desc><![CDATA[手掌、足底、臀部皮肤丘疹、斑疹和水疱]]></desc></option><option><id>E</id><type>text</type><desc><![CDATA[下肢结节性红斑]]></desc></option></options><answers><![CDATA[A]]></answers></question><question><type>1</type><format>text</format><desc><![CDATA[17.临床上将原因不明的多形性红斑称为]]></desc><options><option><id>A</id><type>text</type><desc><![CDATA[症状性多形性红斑]]></desc></option><option><id>B</id><type>text</type><desc><![CDATA[特发性多形性红斑]]></desc></option><option><id>C</id><type>text</type><desc><![CDATA[重症多形性红斑]]></desc></option><option><id>D</id><type>text</type><desc><![CDATA[复杂性多形性红斑]]></desc></option><option><id>E</id><type>text</type><desc><![CDATA[药疹型多形红斑]]></desc></option></options><answers><![CDATA[B]]></answers></question><question><type>1</type><format>html</format><desc><![CDATA[18.关于多形红斑，以下<u><b>不正确</b></u>的是]]></desc><options><option><id>A</id><type>text</type><desc><![CDATA[发病突然，无前驱症状]]></desc></option><option><id>B</id><type>text</type><desc><![CDATA[好发于儿童和青年]]></desc></option><option><id>C</id><type>text</type><desc><![CDATA[春秋季多见]]></desc></option><option><id>D</id><type>text</type><desc><![CDATA[好发于四肢远端和面部]]></desc></option><option><id>E</id><type>text</type><desc><![CDATA[有自限性倾向]]></desc></option></options><answers><![CDATA[A]]></answers></question><question><type>1</type><format>text</format><desc><![CDATA[19.多形红斑局部治疗原则是]]></desc><options><option><id>A</id><type>text</type><desc><![CDATA[消炎]]></desc></option><option><id>B</id><type>text</type><desc><![CDATA[收敛]]></desc></option><option><id>C</id><type>text</type><desc><![CDATA[止痒]]></desc></option><option><id>D</id><type>text</type><desc><![CDATA[防止继发感染]]></desc></option><option><id>E</id><type>text</type><desc><![CDATA[以上都是]]></desc></option></options><answers><![CDATA[E]]></answers></question></questions><questions><instructions><![CDATA[A2型题]]></instructions><question><type>1</type><format>text</format><desc><![CDATA[20.黄某，女，23岁。2周前患化脓性扁桃体炎，高热，经输液治疗已愈，5天来发现皮肤起疹，瘙痒。检查：躯干、四肢散在点滴状红丘疹，表面覆有鳞屑，点状出血（+），临床诊断为]]></desc><options><option><id>A</id><type>text</type><desc><![CDATA[风疹]]></desc></option><option><id>B</id><type>text</type><desc><![CDATA[药疹]]></desc></option><option><id>C</id><type>text</type><desc><![CDATA[银屑病]]></desc></option><option><id>D</id><type>text</type><desc><![CDATA[荨麻疹]]></desc></option><option><id>E</id><type>text</type><desc><![CDATA[瘙痒症]]></desc></option></options><answers><![CDATA[C]]></answers></question></questions></exam>