﻿<?xml version="1.0" encoding="UTF-8"?><exam><id>20180725111548</id><questions><instructions><![CDATA[A1型题]]></instructions><question><type>1</type><format>html</format><desc><![CDATA[1.与颅内压增高相关因素叙述，<u><b>错误</b></u>的是]]></desc><options><option><id>A</id><type>text</type><desc><![CDATA[婴幼儿及小儿代偿能力强]]></desc></option><option><id>B</id><type>text</type><desc><![CDATA[老年人代偿能力弱]]></desc></option><option><id>C</id><type>text</type><desc><![CDATA[病变进展越快，调节能力越小]]></desc></option><option><id>D</id><type>text</type><desc><![CDATA[缺血缺氧，加重病变]]></desc></option><option><id>E</id><type>text</type><desc><![CDATA[颅后窝的病变易引起颅内压力增高]]></desc></option></options><answers><![CDATA[B]]></answers></question><question><type>1</type><format>text</format><desc><![CDATA[2.引起颅内压增高最主要因素是]]></desc><options><option><id>A</id><type>text</type><desc><![CDATA[颅内容物体积增加]]></desc></option><option><id>B</id><type>text</type><desc><![CDATA[颅内占位病变]]></desc></option><option><id>C</id><type>text</type><desc><![CDATA[颅腔缩小]]></desc></option><option><id>D</id><type>text</type><desc><![CDATA[外伤]]></desc></option><option><id>E</id><type>text</type><desc><![CDATA[严重感染]]></desc></option></options><answers><![CDATA[A]]></answers></question><question><type>1</type><format>text</format><desc><![CDATA[3.形成脑疝的根本原因是]]></desc><options><option><id>A</id><type>text</type><desc><![CDATA[急性颅内压增高]]></desc></option><option><id>B</id><type>text</type><desc><![CDATA[慢性颅内压增高]]></desc></option><option><id>C</id><type>text</type><desc><![CDATA[严重脑挫裂伤]]></desc></option><option><id>D</id><type>text</type><desc><![CDATA[严重颅骨骨折]]></desc></option><option><id>E</id><type>text</type><desc><![CDATA[颅内各分腔压力差]]></desc></option></options><answers><![CDATA[E]]></answers></question><question><type>1</type><format>html</format><desc><![CDATA[4.关于小脑幕切迹疝的表现，<u><b>不正确</b></u>的是]]></desc><options><option><id>A</id><type>text</type><desc><![CDATA[颅内压增高症状进行性加重]]></desc></option><option><id>B</id><type>text</type><desc><![CDATA[意识障碍进行性加重]]></desc></option><option><id>C</id><type>text</type><desc><![CDATA[患侧瞳孔先缩小再散大]]></desc></option><option><id>D</id><type>text</type><desc><![CDATA[患侧肢体中枢性瘫痪]]></desc></option><option><id>E</id><type>text</type><desc><![CDATA[晚期双侧瞳孔散大]]></desc></option></options><answers><![CDATA[D]]></answers></question><question><type>1</type><format>text</format><desc><![CDATA[5.对颅内高压病人行脱水治疗时，20%甘露醇250ml静脉滴注的时间是]]></desc><options><option><id>A</id><type>text</type><desc><![CDATA[5～15分钟]]></desc></option><option><id>B</id><type>text</type><desc><![CDATA[15～30分钟]]></desc></option><option><id>C</id><type>text</type><desc><![CDATA[30～45分钟]]></desc></option><option><id>D</id><type>text</type><desc><![CDATA[45～60分钟]]></desc></option><option><id>E</id><type>text</type><desc><![CDATA[60～90分钟]]></desc></option></options><answers><![CDATA[B]]></answers></question><question><type>1</type><format>html</format><desc><![CDATA[6.对颅内压增高病人的护理措施<u><b>不包括</b></u>]]></desc><options><option><id>A</id><type>text</type><desc><![CDATA[体温39℃以上用冰枕降温]]></desc></option><option><id>B</id><type>text</type><desc><![CDATA[头痛时用吗啡止痛]]></desc></option><option><id>C</id><type>text</type><desc><![CDATA[避免咳嗽、打喷嚏等因素]]></desc></option><option><id>D</id><type>text</type><desc><![CDATA[躁动时适当镇静，但禁忌强制约束]]></desc></option><option><id>E</id><type>text</type><desc><![CDATA[保持呼吸道通畅]]></desc></option></options><answers><![CDATA[B]]></answers></question><question><type>1</type><format>html</format><desc><![CDATA[7.关于脑疝的处理，<u><b>错误</b></u>的是]]></desc><options><option><id>A</id><type>text</type><desc><![CDATA[保持呼吸通畅并吸氧]]></desc></option><option><id>B</id><type>text</type><desc><![CDATA[密切观察病情变化]]></desc></option><option><id>C</id><type>text</type><desc><![CDATA[20%甘露醇快速静脉输注]]></desc></option><option><id>D</id><type>text</type><desc><![CDATA[原因未明前头痛时注射哌替啶]]></desc></option><option><id>E</id><type>text</type><desc><![CDATA[做好紧急手术准备]]></desc></option></options><answers><![CDATA[D]]></answers></question><question><type>1</type><format>html</format><desc><![CDATA[8.颅内压增高脑室外引流病人的护理措施，<u><b>错误</b></u>的是]]></desc><options><option><id>A</id><type>text</type><desc><![CDATA[严格无菌操作]]></desc></option><option><id>B</id><type>text</type><desc><![CDATA[妥善固定引流管并确保通畅]]></desc></option><option><id>C</id><type>text</type><desc><![CDATA[引流管开口高于侧脑室12cm]]></desc></option><option><id>D</id><type>text</type><desc><![CDATA[观察并记录脑脊液性状和量]]></desc></option><option><id>E</id><type>text</type><desc><![CDATA[拔管前应夹管或降低引流袋]]></desc></option></options><answers><![CDATA[E]]></answers></question><question><type>1</type><format>text</format><desc><![CDATA[9.脑干损伤瞳孔变化的特征为]]></desc><options><option><id>A</id><type>text</type><desc><![CDATA[双侧瞳孔散大固定]]></desc></option><option><id>B</id><type>text</type><desc><![CDATA[伤后双侧瞳孔立即缩小]]></desc></option><option><id>C</id><type>text</type><desc><![CDATA[一侧瞳孔进行性散大,对光反应消失]]></desc></option><option><id>D</id><type>text</type><desc><![CDATA[双侧瞳孔大小多变，对光反射消失伴眼球分离]]></desc></option><option><id>E</id><type>text</type><desc><![CDATA[两侧瞳孔等大,对光反射灵敏]]></desc></option></options><answers><![CDATA[D]]></answers></question><question><type>1</type><format>html</format><desc><![CDATA[10.冬眠低温疗法的护理措施，<u><b>错误</b></u>的是]]></desc><options><option><id>A</id><type>text</type><desc><![CDATA[单人房间，光线宜暗，室温18～20℃]]></desc></option><option><id>B</id><type>text</type><desc><![CDATA[直肠内体温不低于32℃]]></desc></option><option><id>C</id><type>text</type><desc><![CDATA[先物理降温,后冬眠]]></desc></option><option><id>D</id><type>text</type><desc><![CDATA[收缩压不低于13.3kPa]]></desc></option><option><id>E</id><type>text</type><desc><![CDATA[防止发生冻伤和肺炎]]></desc></option></options><answers><![CDATA[C]]></answers></question></questions><questions><instructions><![CDATA[A2型题]]></instructions><question><type>1</type><format>text</format><desc><![CDATA[11.李某，男，28岁。因颅内压增高，头痛逐渐加重，行腰椎穿刺脑脊液检查后突然呼吸停止，双侧瞳孔直径2mm，以后逐渐散大，应首先采取的措施是]]></desc><options><option><id>A</id><type>text</type><desc><![CDATA[行脑脊液分流术]]></desc></option><option><id>B</id><type>text</type><desc><![CDATA[快速输入脱水药物]]></desc></option><option><id>C</id><type>text</type><desc><![CDATA[钻颅行脑脊液外引流]]></desc></option><option><id>D</id><type>text</type><desc><![CDATA[腰椎穿刺脑脊液引流]]></desc></option><option><id>E</id><type>text</type><desc><![CDATA[大剂量应用肾上腺皮质激素]]></desc></option></options><answers><![CDATA[B]]></answers></question><question><type>1</type><format>text</format><desc><![CDATA[12.何某，男，36岁。因颅内压增高，头痛逐渐加重，行腰椎穿刺脑脊液检查时突发急性枕骨大孔疝。其最主要表现为]]></desc><options><option><id>A</id><type>text</type><desc><![CDATA[意识障碍]]></desc></option><option><id>B</id><type>text</type><desc><![CDATA[呼吸和循环障碍]]></desc></option><option><id>C</id><type>text</type><desc><![CDATA[瞳孔散大]]></desc></option><option><id>D</id><type>text</type><desc><![CDATA[肢体瘫痪]]></desc></option><option><id>E</id><type>text</type><desc><![CDATA[瞳孔缩小]]></desc></option></options><answers><![CDATA[B]]></answers></question><question><type>1</type><format>text</format><desc><![CDATA[13.一青年车祸后昏迷，20分钟后诉轻微头痛，四肢活动自如，次日感头痛加剧、呕吐数次、嗜睡而就诊，处理宜]]></desc><options><option><id>A</id><type>text</type><desc><![CDATA[镇静、休息1周]]></desc></option><option><id>B</id><type>text</type><desc><![CDATA[镇静、止呕、休息1周]]></desc></option><option><id>C</id><type>text</type><desc><![CDATA[脱水、利尿、随诊]]></desc></option><option><id>D</id><type>text</type><desc><![CDATA[脱水、利尿、进一步检查]]></desc></option><option><id>E</id><type>text</type><desc><![CDATA[脱水、利尿、CT检查、开颅探查]]></desc></option></options><answers><![CDATA[E]]></answers></question><question><type>1</type><format>text</format><desc><![CDATA[14.刘某，男，32岁。从高处坠落后昏迷。查体：呼唤能睁眼，说话含混不清，针刺肢体呈过伸反应，Glasgow评分为]]></desc><options><option><id>A</id><type>text</type><desc><![CDATA[6分]]></desc></option><option><id>B</id><type>text</type><desc><![CDATA[7分]]></desc></option><option><id>C</id><type>text</type><desc><![CDATA[8分]]></desc></option><option><id>D</id><type>text</type><desc><![CDATA[9分]]></desc></option><option><id>E</id><type>text</type><desc><![CDATA[10分]]></desc></option></options><answers><![CDATA[C]]></answers></question><question><type>1</type><format>text</format><desc><![CDATA[15.陈某，男，30岁。司机。因车祸前额及眶部撞伤，眼睑青肿，结膜下出血，鼻部不断流出血性液体，最可能发生]]></desc><options><option><id>A</id><type>text</type><desc><![CDATA[额骨骨折]]></desc></option><option><id>B</id><type>text</type><desc><![CDATA[面部挫伤]]></desc></option><option><id>C</id><type>text</type><desc><![CDATA[颅前窝骨折]]></desc></option><option><id>D</id><type>text</type><desc><![CDATA[颅中窝骨折]]></desc></option><option><id>E</id><type>text</type><desc><![CDATA[鼻骨骨折]]></desc></option></options><answers><![CDATA[C]]></answers></question><question><type>1</type><format>text</format><desc><![CDATA[16.韦某，女，20岁。颅脑损伤后，意识障碍有中间清醒期，一侧瞳孔散大，对光反射消失，对侧肢体偏瘫,提示为]]></desc><options><option><id>A</id><type>text</type><desc><![CDATA[脑挫裂伤]]></desc></option><option><id>B</id><type>text</type><desc><![CDATA[脑干损伤]]></desc></option><option><id>C</id><type>text</type><desc><![CDATA[硬脑膜外血肿]]></desc></option><option><id>D</id><type>text</type><desc><![CDATA[枕骨大孔疝]]></desc></option><option><id>E</id><type>text</type><desc><![CDATA[脑内血肿]]></desc></option></options><answers><![CDATA[C]]></answers></question><question><type>1</type><format>text</format><desc><![CDATA[17.陈某，男，58岁。头部伤后当即昏迷。行腰穿检查为血性脑脊液。应考虑是]]></desc><options><option><id>A</id><type>text</type><desc><![CDATA[急性硬膜下血肿]]></desc></option><option><id>B</id><type>text</type><desc><![CDATA[脑震荡]]></desc></option><option><id>C</id><type>text</type><desc><![CDATA[脑挫裂伤]]></desc></option><option><id>D</id><type>text</type><desc><![CDATA[硬脑膜外血肿]]></desc></option><option><id>E</id><type>text</type><desc><![CDATA[头皮撕裂伤]]></desc></option></options><answers><![CDATA[C]]></answers></question><question><type>1</type><format>html</format><desc><![CDATA[18.高某，女，56岁。头颅外伤昏迷，对瞳孔观察的判断，<u><b>错误</b></u>的是]]></desc><options><option><id>A</id><type>text</type><desc><![CDATA[伤后双侧瞳孔形圆，等大，直径约2mm，对光反射灵敏，属正常]]></desc></option><option><id>B</id><type>text</type><desc><![CDATA[伤后出现双侧瞳孔散大，光反射消失伴眼球固定，提示脑干损伤]]></desc></option><option><id>C</id><type>text</type><desc><![CDATA[伤后一侧瞳孔散大、对侧肢体瘫痪，提示脑受压或脑疝可能]]></desc></option><option><id>D</id><type>text</type><desc><![CDATA[伤后双侧瞳孔极度缩小，对光反应迟钝，提示桥脑损伤]]></desc></option><option><id>E</id><type>text</type><desc><![CDATA[伤后双侧瞳孔大小，形态多变，光反射消失伴眼球分离，提示中脑损伤]]></desc></option></options><answers><![CDATA[A]]></answers></question><question><type>1</type><format>html</format><desc><![CDATA[19.李某，男，56岁。因头部受伤入院。体检发现：BP 135/90mmHg，鼻腔有脑脊液流出。以下护理措施中，<u><b>错误</b></u>的是]]></desc><options><option><id>A</id><type>text</type><desc><![CDATA[床头抬高15～30cm]]></desc></option><option><id>B</id><type>text</type><desc><![CDATA[清洁鼻前庭]]></desc></option><option><id>C</id><type>text</type><desc><![CDATA[无菌棉球堵塞鼻腔]]></desc></option><option><id>D</id><type>text</type><desc><![CDATA[避免经鼻腔吸痰]]></desc></option><option><id>E</id><type>text</type><desc><![CDATA[避免经鼻置胃管]]></desc></option></options><answers><![CDATA[C]]></answers></question></questions></exam>