﻿<?xml version="1.0" encoding="UTF-8"?><exam><id>20180725104152</id><questions><instructions><![CDATA[A1型题]]></instructions><question><type>1</type><format>html</format><desc><![CDATA[1.关于手术室空气的清洁消毒，<u><b>不正确</b></u>的选项是]]></desc><options><option><id>A</id><type>text</type><desc><![CDATA[手术室必须建立打扫卫生，空气消毒等制度]]></desc></option><option><id>B</id><type>text</type><desc><![CDATA[无须控制参观人员数量]]></desc></option><option><id>C</id><type>text</type><desc><![CDATA[有急性呼吸道感染者，不应参加手术]]></desc></option><option><id>D</id><type>text</type><desc><![CDATA[进入手术室或进行无菌操作，口罩应遮住口鼻部]]></desc></option><option><id>E</id><type>text</type><desc><![CDATA[进入手术室应肃静，不要大声说话和咳嗽，如有喷嚏应将脸侧向地面.]]></desc></option></options><answers><![CDATA[B]]></answers></question><question><type>1</type><format>text</format><desc><![CDATA[2.以下哪一项是手术护士与巡回护士的共同责任]]></desc><options><option><id>A</id><type>text</type><desc><![CDATA[管理器械台的传递器械]]></desc></option><option><id>B</id><type>text</type><desc><![CDATA[协助手术人员穿衣]]></desc></option><option><id>C</id><type>text</type><desc><![CDATA[手术结束后整理手术台和清洗器械]]></desc></option><option><id>D</id><type>text</type><desc><![CDATA[术前洗手、穿无菌手术衣和戴手套]]></desc></option><option><id>E</id><type>text</type><desc><![CDATA[手术开始和结束前，清点器械、敷料、缝针和缝线.]]></desc></option></options><answers><![CDATA[E]]></answers></question><question><type>1</type><format>html</format><desc><![CDATA[3.穿无菌手术衣及戴手套时，<u><b>错误</b></u>的是]]></desc><options><option><id>A</id><type>text</type><desc><![CDATA[先穿无菌手术衣，后戴湿手套]]></desc></option><option><id>B</id><type>text</type><desc><![CDATA[先穿无菌手术衣，后戴干手套]]></desc></option><option><id>C</id><type>text</type><desc><![CDATA[先戴湿手套，后穿无菌手术衣]]></desc></option><option><id>D</id><type>text</type><desc><![CDATA[戴手套时勿使手套外面与皮肤接触]]></desc></option><option><id>E</id><type>text</type><desc><![CDATA[穿戴完毕，其前胸、手臂、腰部以上为无菌区]]></desc></option></options><answers><![CDATA[A]]></answers></question><question><type>1</type><format>text</format><desc><![CDATA[4.手术者身上无菌区除双上肢外包括]]></desc><options><option><id>A</id><type>text</type><desc><![CDATA[整个躯干]]></desc></option><option><id>B</id><type>text</type><desc><![CDATA[腰部以上前胸后背]]></desc></option><option><id>C</id><type>text</type><desc><![CDATA[腰部以上的前胸]]></desc></option><option><id>D</id><type>text</type><desc><![CDATA[颈及整个躯干]]></desc></option><option><id>E</id><type>text</type><desc><![CDATA[整个躯干除背部]]></desc></option></options><answers><![CDATA[C]]></answers></question><question><type>1</type><format>text</format><desc><![CDATA[5.手术进入中，下列哪一项违背了无菌原则]]></desc><options><option><id>A</id><type>text</type><desc><![CDATA[双手下垂在腰部以上，传递器械在手术者前面进行]]></desc></option><option><id>B</id><type>text</type><desc><![CDATA[前臂、肘部被参观者接触时应套以无菌袖套]]></desc></option><option><id>C</id><type>text</type><desc><![CDATA[手术人员需调换位置时，一人应退后一步，面对面的转身调换，以免污染]]></desc></option><option><id>D</id><type>text</type><desc><![CDATA[被盖的无菌布单浸湿后，应立即在上面再覆盖一块手术巾]]></desc></option><option><id>E</id><type>text</type><desc><![CDATA[在切开皮肤及缝合之前，应再用70％酒精消毒一遍]]></desc></option></options><answers><![CDATA[C]]></answers></question><question><type>1</type><format>html</format><desc><![CDATA[6.指出手术人员无菌准备中<u><b>错误</b></u>之处]]></desc><options><option><id>A</id><type>text</type><desc><![CDATA[紧急抢救手术，来不及按常规洗手，用碘酊和酒精消毒双手和前臂，应先戴手套，后穿手术衣，再戴一副手套]]></desc></option><option><id>B</id><type>text</type><desc><![CDATA[戴湿手套，应先戴好手套，后穿手术衣]]></desc></option><option><id>C</id><type>text</type><desc><![CDATA[戴干手套，应先穿好手术衣，后戴手套]]></desc></option><option><id>D</id><type>text</type><desc><![CDATA[连台手术应先脱手套、后脱手术衣，再浸泡消毒，先穿手术衣，后戴手套]]></desc></option><option><id>E</id><type>text</type><desc><![CDATA[感染手术后接台，必须重新刷手]]></desc></option></options><answers><![CDATA[B]]></answers></question><question><type>1</type><format>html</format><desc><![CDATA[7.手术者作手术区皮肤消毒和铺巾<u><b>错误</b></u>的是]]></desc><options><option><id>A</id><type>text</type><desc><![CDATA[手术者戴好无菌手套和穿好无菌衣后再进行消毒]]></desc></option><option><id>B</id><type>text</type><desc><![CDATA[由手术者进行手术区皮肤消毒]]></desc></option><option><id>C</id><type>text</type><desc><![CDATA[常规方法是先用碘酊消毒，再用酒精脱碘2次]]></desc></option><option><id>D</id><type>text</type><desc><![CDATA[消毒范围与备皮范围相同]]></desc></option><option><id>E</id><type>text</type><desc><![CDATA[面部、会阴部皮肤不能用碘酊消毒，可用0.1％新洁尔灭溶液]]></desc></option></options><answers><![CDATA[A]]></answers></question><question><type>1</type><format>html</format><desc><![CDATA[8.手术进行中，下列<u><b>不符合</b></u>无菌原则的是]]></desc><options><option><id>A</id><type>text</type><desc><![CDATA[手术人员双手不可下垂超过腰以下]]></desc></option><option><id>B</id><type>text</type><desc><![CDATA[不可从手术者背后递送器械]]></desc></option><option><id>C</id><type>text</type><desc><![CDATA[所铺无菌单要有２层]]></desc></option><option><id>D</id><type>text</type><desc><![CDATA[术中如手套接触到非无菌区，应立即更换]]></desc></option><option><id>E</id><type>text</type><desc><![CDATA[无菌区的布单有沾湿时，应加铺盖上无菌巾]]></desc></option></options><answers><![CDATA[C]]></answers></question><question><type>1</type><format>text</format><desc><![CDATA[9.下列违反手术进行中无菌原则的是]]></desc><options><option><id>A</id><type>text</type><desc><![CDATA[手术人员双手不可下垂至腰以下]]></desc></option><option><id>B</id><type>text</type><desc><![CDATA[切开胃肠等空腔脏器前应先用纱布遮盖，保护周围组织]]></desc></option><option><id>C</id><type>text</type><desc><![CDATA[切开及缝合皮肤之前，应再用70%酒精消毒一遍]]></desc></option><option><id>D</id><type>text</type><desc><![CDATA[术中手套接触到有菌区或剌破小孔，立即用酒精涂擦消毒]]></desc></option><option><id>E</id><type>text</type><desc><![CDATA[前臂、肘部被参观者接触后，应套以无菌袖套]]></desc></option></options><answers><![CDATA[D]]></answers></question><question><type>1</type><format>html</format><desc><![CDATA[10.手术护士在传递器械时，<u><b>错误</b></u>的是]]></desc><options><option><id>A</id><type>text</type><desc><![CDATA[传递任何器械，都要将柄递给手术者]]></desc></option><option><id>B</id><type>text</type><desc><![CDATA[传递手术刀要将刀锋向下]]></desc></option><option><id>C</id><type>text</type><desc><![CDATA[弯血管钳弯剪之类要把弯曲部呈窍]]></desc></option><option><id>D</id><type>text</type><desc><![CDATA[弯针要以持针器钳夹在中、后1/3交界处]]></desc></option><option><id>E</id><type>text</type><desc><![CDATA[缝线要用手托住，以免脱落]]></desc></option></options><answers><![CDATA[D]]></answers></question><question><type>1</type><format>text</format><desc><![CDATA[11.腹部和乳房手术最常用的体位是]]></desc><options><option><id>A</id><type>text</type><desc><![CDATA[平卧位]]></desc></option><option><id>B</id><type>text</type><desc><![CDATA[颈仰卧位]]></desc></option><option><id>C</id><type>text</type><desc><![CDATA[侧卧位]]></desc></option><option><id>D</id><type>text</type><desc><![CDATA[俯卧位]]></desc></option><option><id>E</id><type>text</type><desc><![CDATA[折刀位]]></desc></option></options><answers><![CDATA[A]]></answers></question><question><type>1</type><format>html</format><desc><![CDATA[12.进入手术室的规则，下列<u><b>错误</b></u>的是]]></desc><options><option><id>A</id><type>text</type><desc><![CDATA[非手术人员不得擅自入内]]></desc></option><option><id>B</id><type>text</type><desc><![CDATA[患有上呼吸道感染者，如必须进入手术室应戴双层口罩]]></desc></option><option><id>C</id><type>text</type><desc><![CDATA[手术人员应按预定时间提前30分钟做好无菌准备]]></desc></option><option><id>D</id><type>text</type><desc><![CDATA[患有上肢皮肤化脓性感染病灶者，应戴双层手套才能参加手术]]></desc></option><option><id>E</id><type>text</type><desc><![CDATA[感染手术限于感染手术间进行]]></desc></option></options><answers><![CDATA[D]]></answers></question><question><type>1</type><format>html</format><desc><![CDATA[13.接送手术病人时下列<u><b>错误</b></u>的是]]></desc><options><option><id>A</id><type>text</type><desc><![CDATA[按手术通知单规定时间迎接病人]]></desc></option><option><id>B</id><type>text</type><desc><![CDATA[交接病人时，要严格执行查对制度]]></desc></option><option><id>C</id><type>text</type><desc><![CDATA[送至指定手术间]]></desc></option><option><id>D</id><type>text</type><desc><![CDATA[护送途中注意保暖]]></desc></option><option><id>E</id><type>text</type><desc><![CDATA[手术结束后，由手术护士送病人回病室，做好交接工作]]></desc></option></options><answers><![CDATA[E]]></answers></question><question><type>1</type><format>text</format><desc><![CDATA[14.气性坏疽切肢手术后，手术室空气消毒应]]></desc><options><option><id>A</id><type>text</type><desc><![CDATA[用紫外线消毒 2小时]]></desc></option><option><id>B</id><type>text</type><desc><![CDATA[用乳酸重蒸清毒后紧闭门窗30分钟]]></desc></option><option><id>C</id><type>text</type><desc><![CDATA[40％甲醛重蒸后密封24小时]]></desc></option><option><id>D</id><type>text</type><desc><![CDATA[过氧乙酸重蒸]]></desc></option><option><id>E</id><type>text</type><desc><![CDATA[0.2％过氧乙醣除空气喷雾消毒]]></desc></option></options><answers><![CDATA[C]]></answers></question><question><type>1</type><format>text</format><desc><![CDATA[15.绿脓杆菌感染手术后，手术室消毒正确的是]]></desc><options><option><id>A</id><type>text</type><desc><![CDATA[先用乳酸进行空气消毒，后用 0.1％新洁尔灭溶液揩洗室内物品]]></desc></option><option><id>B</id><type>text</type><desc><![CDATA[先用0.1%新洁尔灭溶液揩洗室内物品，后用乳酸进行空气消毒]]></desc></option><option><id>C</id><type>text</type><desc><![CDATA[用紫外线灯照射 2小时]]></desc></option><option><id>D</id><type>text</type><desc><![CDATA[用过氧乙酸熏蒸消毒后，手术室封闭 4小时通风]]></desc></option><option><id>E</id><type>text</type><desc><![CDATA[用乳酸进行空气消毒]]></desc></option></options><answers><![CDATA[A]]></answers></question><question><type>1</type><format>text</format><desc><![CDATA[16.手术中违反无菌原则是]]></desc><options><option><id>A</id><type>text</type><desc><![CDATA[手术台上无菌巾浸湿后，应立即在上面再加盖一块干的无菌巾]]></desc></option><option><id>B</id><type>text</type><desc><![CDATA[术中若衣袖碰到参观者，应立即加套无菌袖套]]></desc></option><option><id>C</id><type>text</type><desc><![CDATA[器械桌、托盘所铺无菌巾单要在四层以上]]></desc></option><option><id>D</id><type>text</type><desc><![CDATA[脱落至台面以下的器械未曾着地，应立即拾回放在台上备用]]></desc></option><option><id>E</id><type>text</type><desc><![CDATA[皮肤切开后以纱布垫保护切口]]></desc></option></options><answers><![CDATA[D]]></answers></question><question><type>1</type><format>html</format><desc><![CDATA[17.无菌器械桌的管理，下列<u><b>错误</b></u>的是]]></desc><options><option><id>A</id><type>text</type><desc><![CDATA[器械应按使用顺序先后放置]]></desc></option><option><id>B</id><type>text</type><desc><![CDATA[不同类型分别放置]]></desc></option><option><id>C</id><type>text</type><desc><![CDATA[物品存放定位，定数]]></desc></option><option><id>D</id><type>text</type><desc><![CDATA[刀片套上刀柄备用]]></desc></option><option><id>E</id><type>text</type><desc><![CDATA[对于容易遗留体腔内的针及小纱布，应待关闭体腔时清点]]></desc></option></options><answers><![CDATA[E]]></answers></question><question><type>1</type><format>html</format><desc><![CDATA[18. 下列巡回护士工作，应<u><b>除外</b></u>]]></desc><options><option><id>A</id><type>text</type><desc><![CDATA[协助麻醉，安置并固定手术体位]]></desc></option><option><id>B</id><type>text</type><desc><![CDATA[帮助手术员穿手术衣]]></desc></option><option><id>C</id><type>text</type><desc><![CDATA[监督无菌技术的正确执行]]></desc></option><option><id>D</id><type>text</type><desc><![CDATA[处理切下的标本]]></desc></option><option><id>E</id><type>text</type><desc><![CDATA[手术后清洁整理手术间，消毒手术室空气]]></desc></option></options><answers><![CDATA[D]]></answers></question><question><type>1</type><format>html</format><desc><![CDATA[19.预防术后肺部并发症，<u><b>除外</b></u>]]></desc><options><option><id>A</id><type>text</type><desc><![CDATA[病人戒烟]]></desc></option><option><id>B</id><type>text</type><desc><![CDATA[训练卧床排尿]]></desc></option><option><id>C</id><type>text</type><desc><![CDATA[治愈急性呼吸道炎症]]></desc></option><option><id>D</id><type>text</type><desc><![CDATA[注意口腔卫生]]></desc></option><option><id>E</id><type>text</type><desc><![CDATA[鼓励慢性呼吸道炎症病人排痰]]></desc></option></options><answers><![CDATA[D]]></answers></question><question><type>1</type><format>html</format><desc><![CDATA[20.关于手术区皮肤准备，<u><b>不正确</b></u>的是]]></desc><options><option><id>A</id><type>text</type><desc><![CDATA[肛门手术备皮范围，自髂前上棘至大腿上1/3，包括会阴部和臀部]]></desc></option><option><id>B</id><type>text</type><desc><![CDATA[一般肢体手术备皮范围包括切口上下各超过20 cm的整段肢体]]></desc></option><option><id>C</id><type>text</type><desc><![CDATA[小儿手术备皮，不必剃毛，清洗即可]]></desc></option><option><id>D</id><type>text</type><desc><![CDATA[急症手术，为争取时间，手术一般不备皮]]></desc></option><option><id>E</id><type>text</type><desc><![CDATA[腹股沟部手术备皮范围，从脐平线至大腿上1/3，包括外阴部]]></desc></option></options><answers><![CDATA[D]]></answers></question><question><type>1</type><format>html</format><desc><![CDATA[21.手术区皮肤的准备范围，下列<u><b>错误</b></u>的是]]></desc><options><option><id>A</id><type>text</type><desc><![CDATA[颅脑手术，剃去全部头发及项部毛发]]></desc></option><option><id>B</id><type>text</type><desc><![CDATA[颈部手术、自唇下至乳头连线，两侧到斜方肌前缘]]></desc></option><option><id>C</id><type>text</type><desc><![CDATA[上腹部手术：自乳头至耻骨联合平面，两侧到腋后线]]></desc></option><option><id>D</id><type>text</type><desc><![CDATA[下腹部手术：自脐平线至大腿上1/3前内侧及外阴部，两侧到腋后线]]></desc></option><option><id>E</id><type>text</type><desc><![CDATA[备皮范围包括切口上、下各超过20cm的整段肢体]]></desc></option></options><answers><![CDATA[E]]></answers></question><question><type>1</type><format>html</format><desc><![CDATA[22.手术前备皮，下列<u><b>错误</b></u>的是]]></desc><options><option><id>A</id><type>text</type><desc><![CDATA[颅脑手术：剃去全部头发及项部毛发，保留眉毛]]></desc></option><option><id>B</id><type>text</type><desc><![CDATA[上腹部手术：自乳头至耻骨联合平面、两侧到腋后线]]></desc></option><option><id>C</id><type>text</type><desc><![CDATA[下腹部手术：自剑突至大腿上1/3前内侧及外阴部，两侧到腋后线]]></desc></option><option><id>D</id><type>text</type><desc><![CDATA[肾手术：自乳头至耻骨联合，前后均超过正中线]]></desc></option><option><id>E</id><type>text</type><desc><![CDATA[四肢手术：一般肢体手术、备皮范围包括切口上下各超过10cm整段肢体]]></desc></option></options><answers><![CDATA[E]]></answers></question><question><type>1</type><format>html</format><desc><![CDATA[23.手术区皮肤的准备<u><b>错误</b></u>的是]]></desc><options><option><id>A</id><type>text</type><desc><![CDATA[颅脑手术：术前2小时剃头]]></desc></option><option><id>B</id><type>text</type><desc><![CDATA[上腹部手术备皮范围：自乳头到耻骨联合平面，两侧到腋后线]]></desc></option><option><id>C</id><type>text</type><desc><![CDATA[颈部手术备皮范围：自唇下至乳头连线，两侧到斜方肌前缘]]></desc></option><option><id>D</id><type>text</type><desc><![CDATA[面部手术剃除眉毛]]></desc></option><option><id>E</id><type>text</type><desc><![CDATA[小儿手术备皮不剃毛，清洗即可]]></desc></option></options><answers><![CDATA[D]]></answers></question></questions><questions><instructions><![CDATA[A2型题]]></instructions><question><type>1</type><format>html</format><desc><![CDATA[24.孙某，女，48岁。胃癌，拟行手术治疗。手术皮肤消毒范围<u><b>不正确</b></u>的是]]></desc><options><option><id>A</id><type>text</type><desc><![CDATA[上自乳头连线]]></desc></option><option><id>B</id><type>text</type><desc><![CDATA[下至脐水平]]></desc></option><option><id>C</id><type>text</type><desc><![CDATA[右侧至腋后线]]></desc></option><option><id>D</id><type>text</type><desc><![CDATA[左侧至腋后线]]></desc></option><option><id>E</id><type>text</type><desc><![CDATA[以上都不对]]></desc></option></options><answers><![CDATA[B]]></answers></question><question><type>1</type><format>text</format><desc><![CDATA[25.葛某，女，61岁。全麻下行腹腔镜胆囊切除术。刷手后，手的放置位置正确是]]></desc><options><option><id>A</id><type>text</type><desc><![CDATA[自然下垂]]></desc></option><option><id>B</id><type>text</type><desc><![CDATA[举过头顶]]></desc></option><option><id>C</id><type>text</type><desc><![CDATA[举于胸前]]></desc></option><option><id>D</id><type>text</type><desc><![CDATA[不碰任何无菌物品]]></desc></option><option><id>E</id><type>text</type><desc><![CDATA[放于身体两侧即可]]></desc></option></options><answers><![CDATA[C]]></answers></question><question><type>1</type><format>text</format><desc><![CDATA[26.王某，男，36岁。于硬膜外麻醉下行疝修补术，手术人员刷手范围包括双手、前臂及肘关节以上]]></desc><options><option><id>A</id><type>text</type><desc><![CDATA[5cm]]></desc></option><option><id>B</id><type>text</type><desc><![CDATA[6cm]]></desc></option><option><id>C</id><type>text</type><desc><![CDATA[10cm]]></desc></option><option><id>D</id><type>text</type><desc><![CDATA[15cm]]></desc></option><option><id>E</id><type>text</type><desc><![CDATA[20cm]]></desc></option></options><answers><![CDATA[C]]></answers></question></questions></exam>