﻿<?xml version="1.0" encoding="UTF-8"?><exam><id>20200402084204</id><questions><instructions><![CDATA[A1型题]]></instructions><question><type>1</type><format>text</format><desc><![CDATA[1.生命健康权的内容包括]]></desc><options><option><id>A</id><type>text</type><desc><![CDATA[生命权、身体权和健康权]]></desc></option><option><id>B</id><type>text</type><desc><![CDATA[人格权、自由权和健康权]]></desc></option><option><id>C</id><type>text</type><desc><![CDATA[卫生权、生命权和健康权]]></desc></option><option><id>D</id><type>text</type><desc><![CDATA[诉讼权、人格权和健康权]]></desc></option><option><id>E</id><type>text</type><desc><![CDATA[救治权、生命权和人格权]]></desc></option></options><answers><![CDATA[A]]></answers><keypoints><![CDATA[解析：生命健康权的内容包括，生命权、身体权和健康权，是公民享有的最基本的人权。]]></keypoints></question><question><type>1</type><format>text</format><desc><![CDATA[2.《中华人民共和国宪法》规定：劳动者有休息的权利，国家发展劳动者休息和休养的设施，规定职工的工作时间和休假制度。请问它保障了公民什么权利]]></desc><options><option><id>A</id><type>text</type><desc><![CDATA[生命权]]></desc></option><option><id>B</id><type>text</type><desc><![CDATA[健康权]]></desc></option><option><id>C</id><type>text</type><desc><![CDATA[身体权]]></desc></option><option><id>D</id><type>text</type><desc><![CDATA[休息权]]></desc></option><option><id>E</id><type>text</type><desc><![CDATA[政治权]]></desc></option></options><answers><![CDATA[B]]></answers><keypoints><![CDATA[解析：中华人民共和国劳动者有休息的权利。国家发展劳动者休息和休养的设施，规定职工的工作时间和休假制度。保障的是公民的健康权利。]]></keypoints></question><question><type>1</type><format>text</format><desc><![CDATA[3.“侵犯公民的人身权利、民主权利和其他权利，以及其他危害社会的行为，依照法律应当受刑罚处罚的，都是犯罪，但是情节显著轻微危害不大的，不认为是犯罪。”请问上述条文是我国（）对公民人身权利的保护。]]></desc><options><option><id>A</id><type>text</type><desc><![CDATA[宪法]]></desc></option><option><id>B</id><type>text</type><desc><![CDATA[民法]]></desc></option><option><id>C</id><type>text</type><desc><![CDATA[刑法]]></desc></option><option><id>D</id><type>text</type><desc><![CDATA[劳动法]]></desc></option><option><id>E</id><type>text</type><desc><![CDATA[行政法]]></desc></option></options><answers><![CDATA[C]]></answers><keypoints><![CDATA[解析：《中华人民共和国刑法》第十三条规定“侵犯公民的人身权利、民主权利和其他权利，以及其他危害社会的行为，依照法律应当受刑罚处罚的，都是犯罪，但是情节显著轻微危害不大的，不认为是犯罪。”]]></keypoints></question><question><type>1</type><format>text</format><desc><![CDATA[4.通过对受到侵害的生命健康权进行赔偿、补偿来保障生命健康权是]]></desc><options><option><id>A</id><type>text</type><desc><![CDATA[宪法]]></desc></option><option><id>B</id><type>text</type><desc><![CDATA[民法]]></desc></option><option><id>C</id><type>text</type><desc><![CDATA[刑法]]></desc></option><option><id>D</id><type>text</type><desc><![CDATA[赔偿法]]></desc></option><option><id>E</id><type>text</type><desc><![CDATA[劳动法]]></desc></option></options><answers><![CDATA[B]]></answers><keypoints><![CDATA[解析：《中华人民共和国民法总则》是通过对受到侵害的生命健康权进行赔偿、补偿来保障生命健康权。]]></keypoints></question><question><type>1</type><format>text</format><desc><![CDATA[5.2008年10月25日，国务院发布基本医疗保险试点范围的指导意见决定：将大学生纳入（）保险试点范围。]]></desc><options><option><id>A</id><type>text</type><desc><![CDATA[城镇职工基本医疗保险]]></desc></option><option><id>B</id><type>text</type><desc><![CDATA[城镇非就业人员基本医疗保险]]></desc></option><option><id>C</id><type>text</type><desc><![CDATA[困难人群基本医疗保险]]></desc></option><option><id>D</id><type>text</type><desc><![CDATA[新型农村合作基本医疗保险]]></desc></option><option><id>E</id><type>text</type><desc><![CDATA[城镇居民基本医疗保险]]></desc></option></options><answers><![CDATA[E]]></answers><keypoints><![CDATA[解析：2008年10月25日发布的《国务院办公厅关于将大学生纳入城镇居民基本医疗保险试点范围的指导意见》（国办发[2008]119号）规定：为进一步做好大学生医疗保障工作，国务院决定将大学生纳入城镇居民基本医疗保险试点范围。]]></keypoints></question><question><type>1</type><format>text</format><desc><![CDATA[6.1998年国务院发布的《关于建立城镇职工医疗保险制度的决定》规定：职工基本医疗保险费由用人单位和职工共同缴纳。用人单位缴费率应控制在职工工资总额的6%左右，职工缴费率一般为本人工资收入的]]></desc><options><option><id>A</id><type>text</type><desc><![CDATA[1%]]></desc></option><option><id>B</id><type>text</type><desc><![CDATA[2%]]></desc></option><option><id>C</id><type>text</type><desc><![CDATA[3%]]></desc></option><option><id>D</id><type>text</type><desc><![CDATA[4%]]></desc></option><option><id>E</id><type>text</type><desc><![CDATA[5%]]></desc></option></options><answers><![CDATA[B]]></answers><keypoints><![CDATA[解析：1998年国务院发布的《关于建立城镇职工医疗保险制度的决定》规定：职工基本医疗保险费由用人单位和职工共同缴纳。用人单位缴费率应控制在职工工资总额的6%左右，职工缴费率一般为本人工资收入的2%。]]></keypoints></question><question><type>1</type><format>text</format><desc><![CDATA[7.2019年3月5日，国务院总理李克强在第十三届全国人民代表大会第二次会议上作的政府工作报告指出：继续提高城乡居民基本医保和大病保险保障水平，居民医保人均财政补助标准增加30元，一半用于大病保险。降低并统一大病保险起付线，报销比例由（  ），进一步减轻大病患者、困难群众医疗负担。]]></desc><options><option><id>A</id><type>text</type><desc><![CDATA[20%提高到30%]]></desc></option><option><id>B</id><type>text</type><desc><![CDATA[30%提高到40%]]></desc></option><option><id>C</id><type>text</type><desc><![CDATA[40%提高到50%]]></desc></option><option><id>D</id><type>text</type><desc><![CDATA[50%提高到60%]]></desc></option><option><id>E</id><type>text</type><desc><![CDATA[60%提高到70%]]></desc></option></options><answers><![CDATA[D]]></answers><keypoints><![CDATA[解析：2019年3月5日，国务院总理李克强在第十三届全国人民代表大会第二次会议上作的政府工作报告指出：继续提高城乡居民基本医保和大病保险保障水平，居民医保人均财政补助标准增加30元，一半用于大病保险。降低并统一大病保险起付线，报销比例由50%提高到60%，进一步减轻大病患者、困难群众医疗负担。]]></keypoints></question><question><type>1</type><format>text</format><desc><![CDATA[8.“国家提倡一对夫妻生育两个子女”的计划生育政策从()年施行。]]></desc><options><option><id>A</id><type>text</type><desc><![CDATA[2013]]></desc></option><option><id>B</id><type>text</type><desc><![CDATA[2013]]></desc></option><option><id>C</id><type>text</type><desc><![CDATA[2014]]></desc></option><option><id>D</id><type>text</type><desc><![CDATA[2016]]></desc></option><option><id>E</id><type>text</type><desc><![CDATA[2017]]></desc></option></options><answers><![CDATA[D]]></answers><keypoints><![CDATA[解析：2015年12月27日第十二届全国人民代表大会常务委员会第十八次会议通过关于修改《中华人民共和国人口与计划生育法》的决定：国家提倡一对夫妻生育两个子女。本决定自2016年1月1日起施行。]]></keypoints></question><question><type>1</type><format>html</format><desc><![CDATA[9.即使具备条件且经批准成立的乡级计划生育技术服务机构，<u><b>不能</b></u>开展下列哪项计划生育技术服务项目]]></desc><options><option><id>A</id><type>text</type><desc><![CDATA[放置宫内节育器]]></desc></option><option><id>B</id><type>text</type><desc><![CDATA[取出宫内节育器]]></desc></option><option><id>C</id><type>text</type><desc><![CDATA[输卵（精）管结扎术]]></desc></option><option><id>D</id><type>text</type><desc><![CDATA[早期人工终止妊娠术]]></desc></option><option><id>E</id><type>text</type><desc><![CDATA[施行避孕、节育手术和输卵（精）管复通手术]]></desc></option></options><answers><![CDATA[E]]></answers><keypoints><![CDATA[解析：《中华人民共和国人口与计划生育法》规定：乡级计划生育技术服务机构可以在批准的范围内开展下列计划生育技术服务项目：（1）放置宫内节育器；（2）取出宫内节育器；（3）输卵（精）管结扎术；（4）早期人工终止妊娠术。]]></keypoints></question><question><type>1</type><format>text</format><desc><![CDATA[10.下列表述正确的是]]></desc><options><option><id>A</id><type>text</type><desc><![CDATA[个体医疗机构不得从事计划生育手术。]]></desc></option><option><id>B</id><type>text</type><desc><![CDATA[个体医疗机构可以从事计划生育手术。]]></desc></option><option><id>C</id><type>text</type><desc><![CDATA[个体医疗机构可以从事早期人工终止妊娠术手术。]]></desc></option><option><id>D</id><type>text</type><desc><![CDATA[个体医疗机构可以从事输卵（精）管结扎术。]]></desc></option><option><id>E</id><type>text</type><desc><![CDATA[个体医疗机构可以从事放置宫内节育器手术。]]></desc></option></options><answers><![CDATA[A]]></answers><keypoints><![CDATA[解析：从2001年10月1日起施行的《计划生育技术服务管理条例》对计划生育技术服务管理明文规定：个体医疗机构不得从事计划生育手术。]]></keypoints></question></questions></exam>