﻿<?xml version="1.0" encoding="UTF-8"?><exam><id>20200402085330</id><questions><instructions><![CDATA[A1型题]]></instructions><question><type>1</type><format>text</format><desc><![CDATA[1.医疗事故责任主体主观上]]></desc><options><option><id>A</id><type>text</type><desc><![CDATA[过失]]></desc></option><option><id>B</id><type>text</type><desc><![CDATA[故意]]></desc></option><option><id>C</id><type>text</type><desc><![CDATA[无过错]]></desc></option><option><id>D</id><type>text</type><desc><![CDATA[有过错]]></desc></option><option><id>E</id><type>text</type><desc><![CDATA[以上都不对]]></desc></option></options><answers><![CDATA[A]]></answers><keypoints><![CDATA[解析：根据医疗事故构成要件，医疗事故责任主体主观上是过失而不是故意。]]></keypoints></question><question><type>1</type><format>text</format><desc><![CDATA[2.医疗事故的法律责任有]]></desc><options><option><id>A</id><type>text</type><desc><![CDATA[民事责任、行政责任、刑事责任]]></desc></option><option><id>B</id><type>text</type><desc><![CDATA[民事责任]]></desc></option><option><id>C</id><type>text</type><desc><![CDATA[行政责任]]></desc></option><option><id>D</id><type>text</type><desc><![CDATA[刑事责任]]></desc></option><option><id>E</id><type>text</type><desc><![CDATA[行政处罚]]></desc></option></options><answers><![CDATA[A]]></answers><keypoints><![CDATA[解析：根据医疗事故具体情节，可能只需承担民事责任，也可能三种法律责任都要承担。]]></keypoints></question><question><type>1</type><format>text</format><desc><![CDATA[3.医疗事故责任主体是]]></desc><options><option><id>A</id><type>text</type><desc><![CDATA[合法的医疗机构及医务人员]]></desc></option><option><id>B</id><type>text</type><desc><![CDATA[医师]]></desc></option><option><id>C</id><type>text</type><desc><![CDATA[护士]]></desc></option><option><id>D</id><type>text</type><desc><![CDATA[医务人员]]></desc></option><option><id>E</id><type>text</type><desc><![CDATA[医院]]></desc></option></options><answers><![CDATA[A]]></answers><keypoints><![CDATA[解析：根据医疗事故构成要件，医疗事故责任主体是合法的医疗机构及医务人员。]]></keypoints></question><question><type>1</type><format>text</format><desc><![CDATA[4.贾某欠李某1万元人民币未还。贾某因此诉至法院。这是（   ）诉讼。]]></desc><options><option><id>A</id><type>text</type><desc><![CDATA[民事诉讼]]></desc></option><option><id>B</id><type>text</type><desc><![CDATA[刑事诉讼]]></desc></option><option><id>C</id><type>text</type><desc><![CDATA[行政诉讼]]></desc></option><option><id>D</id><type>text</type><desc><![CDATA[行政复议]]></desc></option><option><id>E</id><type>text</type><desc><![CDATA[以上都不对]]></desc></option></options><answers><![CDATA[A]]></answers><keypoints><![CDATA[解析：债务案件，所以是民事诉讼。]]></keypoints></question><question><type>1</type><format>text</format><desc><![CDATA[5.某医院不服某卫生行政部门对其的3万元罚款诉至法院。这是（   ）诉讼。]]></desc><options><option><id>A</id><type>text</type><desc><![CDATA[行政诉讼]]></desc></option><option><id>B</id><type>text</type><desc><![CDATA[行政复议]]></desc></option><option><id>C</id><type>text</type><desc><![CDATA[民事诉讼]]></desc></option><option><id>D</id><type>text</type><desc><![CDATA[刑事诉讼]]></desc></option><option><id>E</id><type>text</type><desc><![CDATA[以上都不对]]></desc></option></options><answers><![CDATA[A]]></answers><keypoints><![CDATA[解析：因行政行为引起的诉讼，是行政诉讼。]]></keypoints></question><question><type>1</type><format>text</format><desc><![CDATA[6.某患者因医疗事故起诉某医院，该患者举证]]></desc><options><option><id>A</id><type>text</type><desc><![CDATA[无需证明医院有过错]]></desc></option><option><id>B</id><type>text</type><desc><![CDATA[必须证明医院有过错]]></desc></option><option><id>C</id><type>text</type><desc><![CDATA[必须证明医师有过错]]></desc></option><option><id>D</id><type>text</type><desc><![CDATA[必须证明自己无过错]]></desc></option><option><id>E</id><type>text</type><desc><![CDATA[以上都不对]]></desc></option></options><answers><![CDATA[A]]></answers><keypoints><![CDATA[解析：举证责任倒置，患者无需证明医院有过错。]]></keypoints></question><question><type>1</type><format>text</format><desc><![CDATA[7.在一起医疗事故纠纷案件中，患者无法证明医院有过错。患者(    )起诉。]]></desc><options><option><id>A</id><type>text</type><desc><![CDATA[可以]]></desc></option><option><id>B</id><type>text</type><desc><![CDATA[不可以]]></desc></option><option><id>C</id><type>text</type><desc><![CDATA[必须证明医院有过错]]></desc></option><option><id>D</id><type>text</type><desc><![CDATA[必须证明自己无过错]]></desc></option><option><id>E</id><type>text</type><desc><![CDATA[以上都不对]]></desc></option></options><answers><![CDATA[A]]></answers><keypoints><![CDATA[解析：举证责任倒置，患者可以起诉。]]></keypoints></question><question><type>1</type><format>text</format><desc><![CDATA[8.在医疗事故案件中，如果医院不能证明自己无过错，那么医院会]]></desc><options><option><id>A</id><type>text</type><desc><![CDATA[败诉]]></desc></option><option><id>B</id><type>text</type><desc><![CDATA[胜诉]]></desc></option><option><id>C</id><type>text</type><desc><![CDATA[可能胜诉]]></desc></option><option><id>D</id><type>text</type><desc><![CDATA[可能败诉]]></desc></option><option><id>E</id><type>text</type><desc><![CDATA[以上都不对]]></desc></option></options><answers><![CDATA[A]]></answers><keypoints><![CDATA[解析：举证责任倒置，若医院不能证明自己无过错或者医疗行为与损害结果之间不存在直接的因果关系，医院败诉。]]></keypoints></question><question><type>1</type><format>text</format><desc><![CDATA[9.某执业医师故意导致病人身体伤害，可以按(    )程序处理。]]></desc><options><option><id>A</id><type>text</type><desc><![CDATA[医疗事故处理]]></desc></option><option><id>B</id><type>text</type><desc><![CDATA[故意伤害处理]]></desc></option><option><id>C</id><type>text</type><desc><![CDATA[故意杀人罪处理]]></desc></option><option><id>D</id><type>text</type><desc><![CDATA[故意伤害罪处理]]></desc></option><option><id>E</id><type>text</type><desc><![CDATA[以上都不对]]></desc></option></options><answers><![CDATA[B]]></answers><keypoints><![CDATA[解析：不是过失，故不能按医疗事故处理，只能按故意伤害处理。]]></keypoints></question><question><type>1</type><format>text</format><desc><![CDATA[10.某医师未经执业注册为人诊治导致病人身体伤害。这是(   )行为。]]></desc><options><option><id>A</id><type>text</type><desc><![CDATA[医疗事故]]></desc></option><option><id>B</id><type>text</type><desc><![CDATA[非法行医]]></desc></option><option><id>C</id><type>text</type><desc><![CDATA[故意伤害]]></desc></option><option><id>D</id><type>text</type><desc><![CDATA[故意杀人罪]]></desc></option><option><id>E</id><type>text</type><desc><![CDATA[以上都不对]]></desc></option></options><answers><![CDATA[B]]></answers><keypoints><![CDATA[解析：行医主体不合法，是非法行医。]]></keypoints></question><question><type>1</type><format>text</format><desc><![CDATA[11.向人民法院请求保护民事权利的诉讼时效期间为(    )年。法律另有规定的，依照其规定。]]></desc><options><option><id>A</id><type>text</type><desc><![CDATA[2]]></desc></option><option><id>B</id><type>text</type><desc><![CDATA[1]]></desc></option><option><id>C</id><type>text</type><desc><![CDATA[3]]></desc></option><option><id>D</id><type>text</type><desc><![CDATA[5]]></desc></option><option><id>E</id><type>text</type><desc><![CDATA[4]]></desc></option></options><answers><![CDATA[C]]></answers><keypoints><![CDATA[解析：根据《中华人民共和国民法总则》第一百八十八条。]]></keypoints></question><question><type>1</type><format>text</format><desc><![CDATA[12.在医疗事故的等级中，(    )最重。]]></desc><options><option><id>A</id><type>text</type><desc><![CDATA[四级]]></desc></option><option><id>B</id><type>text</type><desc><![CDATA[一级]]></desc></option><option><id>C</id><type>text</type><desc><![CDATA[二级]]></desc></option><option><id>D</id><type>text</type><desc><![CDATA[三级]]></desc></option><option><id>E</id><type>text</type><desc><![CDATA[以上都不对]]></desc></option></options><answers><![CDATA[B]]></answers><keypoints><![CDATA[解析：根据医疗事故等级划分，一级最重，四级最轻。]]></keypoints></question><question><type>1</type><format>text</format><desc><![CDATA[13.法律上所讲的过错包括故意和]]></desc><options><option><id>A</id><type>text</type><desc><![CDATA[过于自信]]></desc></option><option><id>B</id><type>text</type><desc><![CDATA[过失]]></desc></option><option><id>C</id><type>text</type><desc><![CDATA[疏忽大意]]></desc></option><option><id>D</id><type>text</type><desc><![CDATA[放任]]></desc></option><option><id>E</id><type>text</type><desc><![CDATA[希望]]></desc></option></options><answers><![CDATA[B]]></answers><keypoints><![CDATA[解析：过错包括故意和过失，过失又包括疏忽大意的过失和过于自信的过失。]]></keypoints></question><question><type>1</type><format>text</format><desc><![CDATA[14.医疗欠费民事诉讼适用(    )举证责任。]]></desc><options><option><id>A</id><type>text</type><desc><![CDATA[举证责任倒置]]></desc></option><option><id>B</id><type>text</type><desc><![CDATA[谁主张，谁举证]]></desc></option><option><id>C</id><type>text</type><desc><![CDATA[法院举证]]></desc></option><option><id>D</id><type>text</type><desc><![CDATA[患者举证]]></desc></option><option><id>E</id><type>text</type><desc><![CDATA[以上都不对]]></desc></option></options><answers><![CDATA[B]]></answers><keypoints><![CDATA[解析：这是一般的民事诉讼，不是医疗事故案件，适用“谁主张，谁举证”。]]></keypoints></question><question><type>1</type><format>text</format><desc><![CDATA[15.行政责任包括行政处罚和]]></desc><options><option><id>A</id><type>text</type><desc><![CDATA[警告]]></desc></option><option><id>B</id><type>text</type><desc><![CDATA[罚款]]></desc></option><option><id>C</id><type>text</type><desc><![CDATA[行政处分]]></desc></option><option><id>D</id><type>text</type><desc><![CDATA[降职]]></desc></option><option><id>E</id><type>text</type><desc><![CDATA[降级]]></desc></option></options><answers><![CDATA[C]]></answers><keypoints><![CDATA[解析：我国行政诉讼法规定，行政责任包括行政处罚和行政处分。]]></keypoints></question><question><type>1</type><format>text</format><desc><![CDATA[16.无过错输血感染造成不良后果的，是]]></desc><options><option><id>A</id><type>text</type><desc><![CDATA[是医疗事故]]></desc></option><option><id>B</id><type>text</type><desc><![CDATA[可能是医疗事故]]></desc></option><option><id>C</id><type>text</type><desc><![CDATA[不属于医疗事故]]></desc></option><option><id>D</id><type>text</type><desc><![CDATA[不一定]]></desc></option><option><id>E</id><type>text</type><desc><![CDATA[以上都不对]]></desc></option></options><answers><![CDATA[C]]></answers><keypoints><![CDATA[解析：这是不属于医疗事故的情形之一。]]></keypoints></question><question><type>1</type><format>text</format><desc><![CDATA[17.医疗事故引起的行政诉讼，被告]]></desc><options><option><id>A</id><type>text</type><desc><![CDATA[无需证明自己行政行为的合法性]]></desc></option><option><id>B</id><type>text</type><desc><![CDATA[有时无需证明自己行政行为的合法性]]></desc></option><option><id>C</id><type>text</type><desc><![CDATA[无反诉权]]></desc></option><option><id>D</id><type>text</type><desc><![CDATA[有反诉权]]></desc></option><option><id>E</id><type>text</type><desc><![CDATA[以上都不对]]></desc></option></options><answers><![CDATA[C]]></answers><keypoints><![CDATA[解析：我国行政诉讼法规定，行政诉讼被告无反诉权。]]></keypoints></question><question><type>1</type><format>text</format><desc><![CDATA[18.如果医疗违法行为和损害结果没有因果关系，认定]]></desc><options><option><id>A</id><type>text</type><desc><![CDATA[可能是医疗事故]]></desc></option><option><id>B</id><type>text</type><desc><![CDATA[可能是医疗意外]]></desc></option><option><id>C</id><type>text</type><desc><![CDATA[不一定是医疗事故]]></desc></option><option><id>D</id><type>text</type><desc><![CDATA[不是医疗事故]]></desc></option><option><id>E</id><type>text</type><desc><![CDATA[以上都不对]]></desc></option></options><answers><![CDATA[D]]></answers><keypoints><![CDATA[解析：根据医疗事故构成要件，这不是医疗事故]]></keypoints></question><question><type>1</type><format>text</format><desc><![CDATA[19.如果非法行医未造成损害结果，那么认定]]></desc><options><option><id>A</id><type>text</type><desc><![CDATA[不构成非法行医]]></desc></option><option><id>B</id><type>text</type><desc><![CDATA[不一定构成非法行医]]></desc></option><option><id>C</id><type>text</type><desc><![CDATA[一定不需要处罚]]></desc></option><option><id>D</id><type>text</type><desc><![CDATA[仍然是非法行医]]></desc></option><option><id>E</id><type>text</type><desc><![CDATA[以上都不对]]></desc></option></options><answers><![CDATA[D]]></answers><keypoints><![CDATA[解析：非法行医不以损害结果作为必要条件。]]></keypoints></question><question><type>1</type><format>text</format><desc><![CDATA[20.如果医院超出业务范围开展医疗服务造成人身伤害，（    ）处理。]]></desc><options><option><id>A</id><type>text</type><desc><![CDATA[应按医疗事故]]></desc></option><option><id>B</id><type>text</type><desc><![CDATA[不一定按医疗事故]]></desc></option><option><id>C</id><type>text</type><desc><![CDATA[不一定按非法行医]]></desc></option><option><id>D</id><type>text</type><desc><![CDATA[应按非法行医]]></desc></option><option><id>E</id><type>text</type><desc><![CDATA[以上都不对]]></desc></option></options><answers><![CDATA[D]]></answers><keypoints><![CDATA[解析：超出业务范围开展医疗服务，应按非法行医论处。]]></keypoints></question></questions></exam>