﻿<?xml version="1.0" encoding="UTF-8"?><exam><id>20181207111556</id><questions><instructions><![CDATA[一、单项选择题]]></instructions><question><type>1</type><format>text</format><desc><![CDATA[1.下列疾病属于生物地球化学性疾病的是]]></desc><options><option><id>A</id><type>text</type><desc><![CDATA[乌脚病、痛痛病]]></desc></option><option><id>B</id><type>text</type><desc><![CDATA[水俣病、地方性氟病]]></desc></option><option><id>C</id><type>text</type><desc><![CDATA[乌脚病、碘缺乏病]]></desc></option><option><id>D</id><type>text</type><desc><![CDATA[心血管病、乌脚病]]></desc></option><option><id>E</id><type>text</type><desc><![CDATA[痛痛病、地方性氟病]]></desc></option></options><answers><![CDATA[C]]></answers></question><question><type>1</type><format>text</format><desc><![CDATA[2.水经煮沸后，可除去水中部分的]]></desc><options><option><id>A</id><type>text</type><desc><![CDATA[磷酸盐]]></desc></option><option><id>B</id><type>text</type><desc><![CDATA[重碳酸钙]]></desc></option><option><id>C</id><type>text</type><desc><![CDATA[氯离子]]></desc></option><option><id>D</id><type>text</type><desc><![CDATA[硫酸钙]]></desc></option><option><id>E</id><type>text</type><desc><![CDATA[氯化物]]></desc></option></options><answers><![CDATA[B]]></answers></question><question><type>1</type><format>text</format><desc><![CDATA[3.氯化消毒剂对病毒的主要作用是]]></desc><options><option><id>A</id><type>text</type><desc><![CDATA[对核酸的致死性损害]]></desc></option><option><id>B</id><type>text</type><desc><![CDATA[使蛋白质变性]]></desc></option><option><id>C</id><type>text</type><desc><![CDATA[抑制其对氧的利用]]></desc></option><option><id>D</id><type>text</type><desc><![CDATA[氧化破坏多种酶系统]]></desc></option><option><id>E</id><type>text</type><desc><![CDATA[吞噬作用]]></desc></option></options><answers><![CDATA[A]]></answers></question><question><type>1</type><format>text</format><desc><![CDATA[4.地方性克汀病是由于哪种原因所致]]></desc><options><option><id>A</id><type>text</type><desc><![CDATA[婴儿期摄入氟过多]]></desc></option><option><id>B</id><type>text</type><desc><![CDATA[母体妊娠期间摄入过多非必需微量元素]]></desc></option><option><id>C</id><type>text</type><desc><![CDATA[胚胎期和婴儿期碘摄入过多]]></desc></option><option><id>D</id><type>text</type><desc><![CDATA[胚胎发育期和婴儿期严重缺碘]]></desc></option><option><id>E</id><type>text</type><desc><![CDATA[胚胎期和婴儿期多种微量元素严重缺乏]]></desc></option></options><answers><![CDATA[D]]></answers></question><question><type>1</type><format>text</format><desc><![CDATA[5.孕妇最常见的营养缺乏病是]]></desc><options><option><id>A</id><type>text</type><desc><![CDATA[蛋白质-能量营养不良]]></desc></option><option><id>B</id><type>text</type><desc><![CDATA[营养性贫血]]></desc></option><option><id>C</id><type>text</type><desc><![CDATA[脚气病]]></desc></option><option><id>D</id><type>text</type><desc><![CDATA[干眼病]]></desc></option><option><id>E</id><type>text</type><desc><![CDATA[骨质软化病]]></desc></option></options><answers><![CDATA[B]]></answers></question><question><type>1</type><format>html</format><desc><![CDATA[6.老年期的生理特点与成年期比较发生了很大的变化，下列关于这一时期生理特点的描述，<u><b>不正确</b></u>的是]]></desc><options><option><id>A</id><type>text</type><desc><![CDATA[消化系统功能减退]]></desc></option><option><id>B</id><type>text</type><desc><![CDATA[体脂增加、瘦体组织减少]]></desc></option><option><id>C</id><type>text</type><desc><![CDATA[合成代谢增加、分解代谢降低]]></desc></option><option><id>D</id><type>text</type><desc><![CDATA[体内氧化损伤加重]]></desc></option><option><id>E</id><type>text</type><desc><![CDATA[免疫功能下降]]></desc></option></options><answers><![CDATA[C]]></answers></question><question><type>1</type><format>text</format><desc><![CDATA[7.黄曲霉毒素污染最严重的是]]></desc><options><option><id>A</id><type>text</type><desc><![CDATA[肉类食品]]></desc></option><option><id>B</id><type>text</type><desc><![CDATA[蔬菜和水果]]></desc></option><option><id>C</id><type>text</type><desc><![CDATA[玉米、花生及其制品]]></desc></option><option><id>D</id><type>text</type><desc><![CDATA[乳类及其制品]]></desc></option><option><id>E</id><type>text</type><desc><![CDATA[腌制食品]]></desc></option></options><answers><![CDATA[C]]></answers></question><question><type>1</type><format>text</format><desc><![CDATA[8.引起细菌性食物中毒的中毒食品主要是]]></desc><options><option><id>A</id><type>text</type><desc><![CDATA[乳类及其制品]]></desc></option><option><id>B</id><type>text</type><desc><![CDATA[海产品]]></desc></option><option><id>C</id><type>text</type><desc><![CDATA[豆类及其制品]]></desc></option><option><id>D</id><type>text</type><desc><![CDATA[剩米饭、米粉]]></desc></option><option><id>E</id><type>text</type><desc><![CDATA[畜肉类及其制品]]></desc></option></options><answers><![CDATA[E]]></answers></question><question><type>1</type><format>text</format><desc><![CDATA[9.噪声、振动、电离辐射、电磁辐射属于]]></desc><options><option><id>A</id><type>text</type><desc><![CDATA[行为危险因素]]></desc></option><option><id>B</id><type>text</type><desc><![CDATA[物理性危险因素]]></desc></option><option><id>C</id><type>text</type><desc><![CDATA[医疗卫生服务中的危险因素]]></desc></option><option><id>D</id><type>text</type><desc><![CDATA[生物性危险因素]]></desc></option><option><id>E</id><type>text</type><desc><![CDATA[生物遗传危险因素]]></desc></option></options><answers><![CDATA[B]]></answers></question><question><type>1</type><format>text</format><desc><![CDATA[10.具有易感、内向、稳重、持久但懦弱，沉默而孤独的气质特征的人属于]]></desc><options><option><id>A</id><type>text</type><desc><![CDATA[胆汁质]]></desc></option><option><id>B</id><type>text</type><desc><![CDATA[多血质]]></desc></option><option><id>C</id><type>text</type><desc><![CDATA[黏液质]]></desc></option><option><id>D</id><type>text</type><desc><![CDATA[抑郁质]]></desc></option><option><id>E</id><type>text</type><desc><![CDATA[其他]]></desc></option></options><answers><![CDATA[D]]></answers></question><question><type>1</type><format>html</format><desc><![CDATA[11.社区卫生服务的重点<u><b>不包括</b></u>]]></desc><options><option><id>A</id><type>text</type><desc><![CDATA[老年人、妇女和儿童]]></desc></option><option><id>B</id><type>text</type><desc><![CDATA[慢性病患者]]></desc></option><option><id>C</id><type>text</type><desc><![CDATA[职业病患者]]></desc></option><option><id>D</id><type>text</type><desc><![CDATA[残疾人]]></desc></option><option><id>E</id><type>text</type><desc><![CDATA[低收入居民]]></desc></option></options><answers><![CDATA[C]]></answers></question><question><type>1</type><format>text</format><desc><![CDATA[12.慢性职业中毒早期多出现的临床表现是]]></desc><options><option><id>A</id><type>text</type><desc><![CDATA[类神经症]]></desc></option><option><id>B</id><type>text</type><desc><![CDATA[周围神经炎]]></desc></option><option><id>C</id><type>text</type><desc><![CDATA[中毒性脑病]]></desc></option><option><id>D</id><type>text</type><desc><![CDATA[震颤]]></desc></option><option><id>E</id><type>text</type><desc><![CDATA[中毒性精神病]]></desc></option></options><answers><![CDATA[A]]></answers></question><question><type>1</type><format>text</format><desc><![CDATA[13.某75岁老人，蛋白质提供能量为总能量的14％，脂肪为25％，饱和脂肪酸为15％，胆固醇摄入量为250mg，该老人应该减少哪种营养素的摄入量]]></desc><options><option><id>A</id><type>text</type><desc><![CDATA[蛋白质]]></desc></option><option><id>B</id><type>text</type><desc><![CDATA[脂肪]]></desc></option><option><id>C</id><type>text</type><desc><![CDATA[精制糖]]></desc></option><option><id>D</id><type>text</type><desc><![CDATA[胆固醇]]></desc></option><option><id>E</id><type>text</type><desc><![CDATA[饱和脂肪酸]]></desc></option></options><answers><![CDATA[E]]></answers></question><question><type>1</type><format>text</format><desc><![CDATA[14.某家庭人口3人，均为成年人，膳食调查结果显示：人均每日谷类摄入量为400g，蔬菜为450g，水果为100g，动物性食物为140g，奶类和豆类食品分别为100g和50g，油脂为50g，此膳食结构中哪类食物摄入量偏高]]></desc><options><option><id>A</id><type>text</type><desc><![CDATA[谷类]]></desc></option><option><id>B</id><type>text</type><desc><![CDATA[蔬菜]]></desc></option><option><id>C</id><type>text</type><desc><![CDATA[动物性食物]]></desc></option><option><id>D</id><type>text</type><desc><![CDATA[奶类及豆类]]></desc></option><option><id>E</id><type>text</type><desc><![CDATA[油脂]]></desc></option></options><answers><![CDATA[E]]></answers></question><question><type>1</type><format>html</format><desc><![CDATA[15.某机械厂喷漆车间女工，从事喷漆作业十余年。近来感觉头痛、乏力及记忆力减退。并易患感染及常见皮下出血点。血象检查中性粒细胞低于1.5×10<sup>9</sup>／L，应考虑诊断为]]></desc><options><option><id>A</id><type>text</type><desc><![CDATA[急性苯中毒]]></desc></option><option><id>B</id><type>text</type><desc><![CDATA[慢性苯中毒观察对象]]></desc></option><option><id>C</id><type>text</type><desc><![CDATA[慢性轻度苯中毒]]></desc></option><option><id>D</id><type>text</type><desc><![CDATA[慢性中度苯中毒]]></desc></option><option><id>E</id><type>text</type><desc><![CDATA[慢性重度苯中毒]]></desc></option></options><answers><![CDATA[D]]></answers></question></questions></exam>