﻿<?xml version="1.0" encoding="UTF-8"?><exam><id>20180918154234</id><questions><instructions><![CDATA[A1型题]]></instructions><question><type>1</type><format>html</format><desc><![CDATA[1.下列<u><b>不属于</b></u>老化特征的是]]></desc><options><option><id>A</id><type>text</type><desc><![CDATA[累积性]]></desc></option><option><id>B</id><type>text</type><desc><![CDATA[渐进性]]></desc></option><option><id>C</id><type>text</type><desc><![CDATA[规律性]]></desc></option><option><id>D</id><type>text</type><desc><![CDATA[普遍性]]></desc></option><option><id>E</id><type>text</type><desc><![CDATA[危害性]]></desc></option></options><answers><![CDATA[C]]></answers></question><question><type>1</type><format>text</format><desc><![CDATA[2.联合国在进行人口统计时，常把发展中国家老年人的起点定位为]]></desc><options><option><id>A</id><type>text</type><desc><![CDATA[55岁]]></desc></option><option><id>B</id><type>text</type><desc><![CDATA[60岁]]></desc></option><option><id>C</id><type>text</type><desc><![CDATA[65岁]]></desc></option><option><id>D</id><type>text</type><desc><![CDATA[70岁]]></desc></option><option><id>E</id><type>text</type><desc><![CDATA[75岁]]></desc></option></options><answers><![CDATA[B]]></answers></question><question><type>1</type><format>text</format><desc><![CDATA[3.下列反映人口老龄化的主要指标是]]></desc><options><option><id>A</id><type>text</type><desc><![CDATA[老年人口系数]]></desc></option><option><id>B</id><type>text</type><desc><![CDATA[年龄中位数]]></desc></option><option><id>C</id><type>text</type><desc><![CDATA[老年人口负担系数]]></desc></option><option><id>D</id><type>text</type><desc><![CDATA[长寿水平]]></desc></option><option><id>E</id><type>text</type><desc><![CDATA[性别比]]></desc></option></options><answers><![CDATA[A]]></answers></question><question><type>1</type><format>text</format><desc><![CDATA[4.我国开始进入老龄化社会的时间是]]></desc><options><option><id>A</id><type>text</type><desc><![CDATA[1980年]]></desc></option><option><id>B</id><type>text</type><desc><![CDATA[1989年]]></desc></option><option><id>C</id><type>text</type><desc><![CDATA[1990年]]></desc></option><option><id>D</id><type>text</type><desc><![CDATA[1999年]]></desc></option><option><id>E</id><type>text</type><desc><![CDATA[2000年]]></desc></option></options><answers><![CDATA[D]]></answers></question><question><type>1</type><format>text</format><desc><![CDATA[5.老年护理作为一门学科最早出现于]]></desc><options><option><id>A</id><type>text</type><desc><![CDATA[中国]]></desc></option><option><id>B</id><type>text</type><desc><![CDATA[英国]]></desc></option><option><id>C</id><type>text</type><desc><![CDATA[美国]]></desc></option><option><id>D</id><type>text</type><desc><![CDATA[日本]]></desc></option><option><id>E</id><type>text</type><desc><![CDATA[韩国]]></desc></option></options><answers><![CDATA[C]]></answers></question><question><type>1</type><format>text</format><desc><![CDATA[6.老龄化指数又称为]]></desc><options><option><id>A</id><type>text</type><desc><![CDATA[年龄中位数]]></desc></option><option><id>B</id><type>text</type><desc><![CDATA[老年人口系数]]></desc></option><option><id>C</id><type>text</type><desc><![CDATA[老少比]]></desc></option><option><id>D</id><type>text</type><desc><![CDATA[老年人口负担系数]]></desc></option><option><id>E</id><type>text</type><desc><![CDATA[平均期望寿命]]></desc></option></options><answers><![CDATA[C]]></answers></question><question><type>1</type><format>html</format><desc><![CDATA[7.下列<u><b>不属于</b></u>老年专科护理人员的角色]]></desc><options><option><id>A</id><type>text</type><desc><![CDATA[沟通者]]></desc></option><option><id>B</id><type>text</type><desc><![CDATA[协调者]]></desc></option><option><id>C</id><type>text</type><desc><![CDATA[研究者]]></desc></option><option><id>D</id><type>text</type><desc><![CDATA[教育者]]></desc></option><option><id>E</id><type>text</type><desc><![CDATA[替代者]]></desc></option></options><answers><![CDATA[E]]></answers></question><question><type>1</type><format>html</format><desc><![CDATA[8.下列<u><b>不属于</b></u>老年人特殊患病特点的是]]></desc><options><option><id>A</id><type>text</type><desc><![CDATA[发病缓慢、临床表现不典型]]></desc></option><option><id>B</id><type>text</type><desc><![CDATA[多种疾病共存]]></desc></option><option><id>C</id><type>text</type><desc><![CDATA[难以辨别临床症状]]></desc></option><option><id>D</id><type>text</type><desc><![CDATA[并发症多]]></desc></option><option><id>E</id><type>text</type><desc><![CDATA[病程长、恢复慢]]></desc></option></options><answers><![CDATA[C]]></answers></question><question><type>1</type><format>text</format><desc><![CDATA[9.老年人口负担系数又称为]]></desc><options><option><id>A</id><type>text</type><desc><![CDATA[年龄中位数]]></desc></option><option><id>B</id><type>text</type><desc><![CDATA[老年人口系数]]></desc></option><option><id>C</id><type>text</type><desc><![CDATA[老少比]]></desc></option><option><id>D</id><type>text</type><desc><![CDATA[老年人口比例]]></desc></option><option><id>E</id><type>text</type><desc><![CDATA[老年人口指数]]></desc></option></options><answers><![CDATA[E]]></answers></question><question><type>1</type><format>text</format><desc><![CDATA[10.长寿水平又称为]]></desc><options><option><id>A</id><type>text</type><desc><![CDATA[年龄中位数]]></desc></option><option><id>B</id><type>text</type><desc><![CDATA[老年人口系数]]></desc></option><option><id>C</id><type>text</type><desc><![CDATA[高龄老人比]]></desc></option><option><id>D</id><type>text</type><desc><![CDATA[老年人口比例]]></desc></option><option><id>E</id><type>text</type><desc><![CDATA[老少比]]></desc></option></options><answers><![CDATA[C]]></answers></question></questions><questions><instructions><![CDATA[A2型题]]></instructions><question><type>2</type><format>text</format><desc><![CDATA[11.王阿姨，今年58岁，已经退休在家多年，按照WHO关于年龄的划分标准，王阿姨属于]]></desc><options><option><id>A</id><type>text</type><desc><![CDATA[中年人]]></desc></option><option><id>B</id><type>text</type><desc><![CDATA[中老年人]]></desc></option><option><id>C</id><type>text</type><desc><![CDATA[老年人]]></desc></option><option><id>D</id><type>text</type><desc><![CDATA[年轻老人]]></desc></option><option><id>E</id><type>text</type><desc><![CDATA[老年前期]]></desc></option></options><answers><![CDATA[A]]></answers></question><question><type>2</type><format>text</format><desc><![CDATA[12.李阿姨，今年64岁，按照我国时序年龄的划分标准，李阿姨属于]]></desc><options><option><id>A</id><type>text</type><desc><![CDATA[中年人]]></desc></option><option><id>B</id><type>text</type><desc><![CDATA[中老年人]]></desc></option><option><id>C</id><type>text</type><desc><![CDATA[老年人]]></desc></option><option><id>D</id><type>text</type><desc><![CDATA[老年期]]></desc></option><option><id>E</id><type>text</type><desc><![CDATA[老年前期]]></desc></option></options><answers><![CDATA[D]]></answers></question><question><type>2</type><format>text</format><desc><![CDATA[13.田奶奶，68岁，2年前丧偶，膝下有一女儿在国外定居，因无人照顾入住养老院，目前田奶奶主要的心理需求是]]></desc><options><option><id>A</id><type>text</type><desc><![CDATA[苦闷和自卑]]></desc></option><option><id>B</id><type>text</type><desc><![CDATA[渴望亲情]]></desc></option><option><id>C</id><type>text</type><desc><![CDATA[自尊心强]]></desc></option><option><id>D</id><type>text</type><desc><![CDATA[好胜心强]]></desc></option><option><id>E</id><type>text</type><desc><![CDATA[无特殊需求]]></desc></option></options><answers><![CDATA[B]]></answers></question><question><type>2</type><format>text</format><desc><![CDATA[14.王奶奶，79岁，因儿女工作繁忙无暇照顾入住养老院，在养老院王奶奶时常感叹自己无法帮助儿女还给儿女增加经济负担，目前王奶奶主要的心理需求是]]></desc><options><option><id>A</id><type>text</type><desc><![CDATA[苦闷和自卑]]></desc></option><option><id>B</id><type>text</type><desc><![CDATA[渴望亲情]]></desc></option><option><id>C</id><type>text</type><desc><![CDATA[自尊心强]]></desc></option><option><id>D</id><type>text</type><desc><![CDATA[好胜心强]]></desc></option><option><id>E</id><type>text</type><desc><![CDATA[无特殊需求]]></desc></option></options><answers><![CDATA[A]]></answers></question></questions></exam>