﻿<?xml version="1.0" encoding="UTF-8"?><exam><id>20181014140219</id><questions><instructions><![CDATA[一、单项选择题]]></instructions><question><type>1</type><format>text</format><desc><![CDATA[1.抑郁症病人的核心表现是]]></desc><options><option><id>A</id><type>text</type><desc><![CDATA[情绪低落]]></desc></option><option><id>B</id><type>text</type><desc><![CDATA[思维迟缓]]></desc></option><option><id>C</id><type>text</type><desc><![CDATA[情感淡漠]]></desc></option><option><id>D</id><type>text</type><desc><![CDATA[早醒]]></desc></option><option><id>E</id><type>text</type><desc><![CDATA[自责自罪]]></desc></option></options><answers><![CDATA[A]]></answers></question><question><type>1</type><format>text</format><desc><![CDATA[2.抑郁症病人情绪变化在一天中的规律是]]></desc><options><option><id>A</id><type>text</type><desc><![CDATA[晨轻暮重]]></desc></option><option><id>B</id><type>text</type><desc><![CDATA[晨重暮轻]]></desc></option><option><id>C</id><type>text</type><desc><![CDATA[晨轻暮轻]]></desc></option><option><id>D</id><type>text</type><desc><![CDATA[晨重暮重]]></desc></option><option><id>E</id><type>text</type><desc><![CDATA[中午最重]]></desc></option></options><answers><![CDATA[B]]></answers></question><question><type>1</type><format>text</format><desc><![CDATA[3.对重症抑郁症病人进行健康教育时，正确的叙述是]]></desc><options><option><id>A</id><type>text</type><desc><![CDATA[建议病人以自我心理调适为主，用药为辅]]></desc></option><option><id>B</id><type>text</type><desc><![CDATA[避免声光刺激，提倡静养]]></desc></option><option><id>C</id><type>text</type><desc><![CDATA[生活中回避压力，不要主动挑起对抗]]></desc></option><option><id>D</id><type>text</type><desc><![CDATA[尽量减少社会活动，避免受人关注]]></desc></option><option><id>E</id><type>text</type><desc><![CDATA[坚持药物治疗，不要漏服或随意停药]]></desc></option></options><answers><![CDATA[E]]></answers></question><question><type>1</type><format>text</format><desc><![CDATA[4.在评估双相障碍病人时，下列情况提示护士病人可能是躁狂发作的是]]></desc><options><option><id>A</id><type>text</type><desc><![CDATA[表情淡漠，对任何事情都不关心]]></desc></option><option><id>B</id><type>text</type><desc><![CDATA[乱花钱买一些没用的东西，随意放置]]></desc></option><option><id>C</id><type>text</type><desc><![CDATA[感到前途渺茫，没有希望]]></desc></option><option><id>D</id><type>text</type><desc><![CDATA[疏远人际关系]]></desc></option><option><id>E</id><type>text</type><desc><![CDATA[怕脏而反复清洗]]></desc></option></options><answers><![CDATA[B]]></answers></question><question><type>1</type><format>text</format><desc><![CDATA[5.躁狂发作时，病人睡眠的特点是]]></desc><options><option><id>A</id><type>text</type><desc><![CDATA[易惊醒]]></desc></option><option><id>B</id><type>text</type><desc><![CDATA[入睡困难]]></desc></option><option><id>C</id><type>text</type><desc><![CDATA[睡眠需要减少]]></desc></option><option><id>D</id><type>text</type><desc><![CDATA[多梦]]></desc></option><option><id>E</id><type>text</type><desc><![CDATA[早醒]]></desc></option></options><answers><![CDATA[C]]></answers></question><question><type>1</type><format>html</format><desc><![CDATA[6.躁狂发作时<u><b>不可能</b></u>出现的症状是]]></desc><options><option><id>A</id><type>text</type><desc><![CDATA[被害妄想]]></desc></option><option><id>B</id><type>text</type><desc><![CDATA[夸大妄想]]></desc></option><option><id>C</id><type>text</type><desc><![CDATA[活动增多]]></desc></option><option><id>D</id><type>text</type><desc><![CDATA[罪恶妄想]]></desc></option><option><id>E</id><type>text</type><desc><![CDATA[易激惹]]></desc></option></options><answers><![CDATA[D]]></answers></question><question><type>1</type><format>text</format><desc><![CDATA[7.伴有精神病性症状的重度抑郁最常见的妄想是]]></desc><options><option><id>A</id><type>text</type><desc><![CDATA[夸大妄想]]></desc></option><option><id>B</id><type>text</type><desc><![CDATA[自罪妄想]]></desc></option><option><id>C</id><type>text</type><desc><![CDATA[关系妄想]]></desc></option><option><id>D</id><type>text</type><desc><![CDATA[嫉妒妄想]]></desc></option><option><id>E</id><type>text</type><desc><![CDATA[物理影响妄想]]></desc></option></options><answers><![CDATA[B]]></answers></question><question><type>1</type><format>text</format><desc><![CDATA[8.治疗躁狂发作的首选药是]]></desc><options><option><id>A</id><type>text</type><desc><![CDATA[氟西汀]]></desc></option><option><id>B</id><type>text</type><desc><![CDATA[卡马西平]]></desc></option><option><id>C</id><type>text</type><desc><![CDATA[碳酸锂]]></desc></option><option><id>D</id><type>text</type><desc><![CDATA[舒必利]]></desc></option><option><id>E</id><type>text</type><desc><![CDATA[氟哌啶醇]]></desc></option></options><answers><![CDATA[C]]></answers></question><question><type>1</type><format>text</format><desc><![CDATA[9.吴某，女，30岁，近2年来出现情绪低落，认为自己患上了绝症，是家人的累赘，生不如死，食欲、性欲减退。近2周症状加重，诊断为抑郁症。护士评估病人病情时，应重点评估的是]]></desc><options><option><id>A</id><type>text</type><desc><![CDATA[抑郁心境]]></desc></option><option><id>B</id><type>text</type><desc><![CDATA[认知状况]]></desc></option><option><id>C</id><type>text</type><desc><![CDATA[自杀行为]]></desc></option><option><id>D</id><type>text</type><desc><![CDATA[意识状态]]></desc></option><option><id>E</id><type>text</type><desc><![CDATA[睡眠质量]]></desc></option></options><answers><![CDATA[C]]></answers></question><question><type>1</type><format>text</format><desc><![CDATA[10.张某，男，50岁，应用舍曲林治疗抑郁症，其家属问护士该药的起效时间是开始服药后]]></desc><options><option><id>A</id><type>text</type><desc><![CDATA[1周]]></desc></option><option><id>B</id><type>text</type><desc><![CDATA[2周]]></desc></option><option><id>C</id><type>text</type><desc><![CDATA[3周]]></desc></option><option><id>D</id><type>text</type><desc><![CDATA[4周]]></desc></option><option><id>E</id><type>text</type><desc><![CDATA[6周]]></desc></option></options><answers><![CDATA[B]]></answers></question><question><type>1</type><format>text</format><desc><![CDATA[11.赵某，女，50岁，诊断为抑郁症。经常对人说“我太失败了，我什么事情都做不好”等，护士正确的护理措施是]]></desc><options><option><id>A</id><type>text</type><desc><![CDATA[指导病人情绪不好时要卧床休息]]></desc></option><option><id>B</id><type>text</type><desc><![CDATA[护士应该给予过度关注]]></desc></option><option><id>C</id><type>text</type><desc><![CDATA[指导病人减少与他人交流]]></desc></option><option><id>D</id><type>text</type><desc><![CDATA[告诉病人比他差的人比比皆是]]></desc></option><option><id>E</id><type>text</type><desc><![CDATA[调动病人的积极情绪，阻断其负向思考]]></desc></option></options><answers><![CDATA[E]]></answers></question><question><type>1</type><format>text</format><desc><![CDATA[12.区某，男，44岁，护士对其进行开导时，病人表示不耐烦。此时护士最适宜的反应是]]></desc><options><option><id>A</id><type>text</type><desc><![CDATA[“你该认真听讲，不然你的病会加重的。”]]></desc></option><option><id>B</id><type>text</type><desc><![CDATA[“不听可不行，护士长会来检查的。”]]></desc></option><option><id>C</id><type>text</type><desc><![CDATA[“你这样封闭自己一点好处也没有，我这都是为了你好。”]]></desc></option><option><id>D</id><type>text</type><desc><![CDATA[“如果你不想听，我陪你坐一会儿吧。”]]></desc></option><option><id>E</id><type>text</type><desc><![CDATA[“不想听也行，我把资料放在这里，你一会儿自己看吧。”]]></desc></option></options><answers><![CDATA[D]]></answers></question><question><type>1</type><format>text</format><desc><![CDATA[13.周某，男，38岁。已婚，近3周来无明显诱因出现情绪低落，兴趣缺乏，行动缓慢，自觉“脑子变笨了，好像一块木头”。入院后服用百优解治疗。护士需要向病人说明该药物的不良反应是]]></desc><options><option><id>A</id><type>text</type><desc><![CDATA[胃肠道症状]]></desc></option><option><id>B</id><type>text</type><desc><![CDATA[嗜睡]]></desc></option><option><id>C</id><type>text</type><desc><![CDATA[药源性帕金森综合征]]></desc></option><option><id>D</id><type>text</type><desc><![CDATA[口唇发干]]></desc></option><option><id>E</id><type>text</type><desc><![CDATA[心血管系统的紊乱]]></desc></option></options><answers><![CDATA[A]]></answers></question><question><type>1</type><format>text</format><desc><![CDATA[14.高某，女，60岁，胃溃疡病史5年，听说胃溃疡会发生癌变后闷闷不乐，一言不发，暗自垂泪，担心自己活不了多久。目前其心理反应最可能是]]></desc><options><option><id>A</id><type>text</type><desc><![CDATA[恐惧]]></desc></option><option><id>B</id><type>text</type><desc><![CDATA[焦虑]]></desc></option><option><id>C</id><type>text</type><desc><![CDATA[抑郁]]></desc></option><option><id>D</id><type>text</type><desc><![CDATA[孤独]]></desc></option><option><id>E</id><type>text</type><desc><![CDATA[否认]]></desc></option></options><answers><![CDATA[C]]></answers></question><question><type>1</type><format>text</format><desc><![CDATA[15.陈某，男，32岁，患有抑郁症，入院前曾自杀未遂。入院后除药物治疗外，效果最好的治疗方法是]]></desc><options><option><id>A</id><type>text</type><desc><![CDATA[家庭治疗]]></desc></option><option><id>B</id><type>text</type><desc><![CDATA[认知治疗]]></desc></option><option><id>C</id><type>text</type><desc><![CDATA[光疗]]></desc></option><option><id>D</id><type>text</type><desc><![CDATA[改良ECT]]></desc></option><option><id>E</id><type>text</type><desc><![CDATA[经颅磁刺激治疗]]></desc></option></options><answers><![CDATA[D]]></answers></question><question><type>1</type><format>text</format><desc><![CDATA[16.郑某，女，33岁，被诊断为情感性精神障碍抑郁发作，认为自己“有罪”“不配吃饭”而拒食。护士应采取的措施是]]></desc><options><option><id>A</id><type>text</type><desc><![CDATA[告知病人拒食的危害]]></desc></option><option><id>B</id><type>text</type><desc><![CDATA[约束后强制进食，并做好心理护理]]></desc></option><option><id>C</id><type>text</type><desc><![CDATA[静脉补液]]></desc></option><option><id>D</id><type>text</type><desc><![CDATA[由家属喂饭]]></desc></option><option><id>E</id><type>text</type><desc><![CDATA[将饭菜拌在一起，告诉病人是剩饭，不吃就会浪费]]></desc></option></options><answers><![CDATA[E]]></answers></question></questions><questions><instructions><![CDATA[二、共用题干选择题]]></instructions><question><type>3</type><format>text</format><desc><![CDATA[1.李某，男，42岁。因失眠、乏力、少语、少动3个月，加重2周就诊。查体：意识清晰，精神疲倦，消瘦，语音低，情绪低落，诉“不想活了”。]]></desc><children><question><type>3</type><format>text</format><desc><![CDATA[（1）李某目前最可能的诊断是]]></desc><options><option><id>A</id><type>text</type><desc><![CDATA[精神分裂症]]></desc></option><option><id>B</id><type>text</type><desc><![CDATA[抑郁症]]></desc></option><option><id>C</id><type>text</type><desc><![CDATA[焦虑症]]></desc></option><option><id>D</id><type>text</type><desc><![CDATA[神经衰弱]]></desc></option><option><id>E</id><type>text</type><desc><![CDATA[失眠症]]></desc></option></options><answers><![CDATA[B]]></answers></question><question><type>3</type><format>text</format><desc><![CDATA[（2）根据李某目前的病情，护士首先应注意的问题是]]></desc><options><option><id>A</id><type>text</type><desc><![CDATA[躯体的营养状况]]></desc></option><option><id>B</id><type>text</type><desc><![CDATA[认知与感知状况]]></desc></option><option><id>C</id><type>text</type><desc><![CDATA[自杀的风险]]></desc></option><option><id>D</id><type>text</type><desc><![CDATA[睡眠与休息状况]]></desc></option><option><id>E</id><type>text</type><desc><![CDATA[来自家庭、社会的压力]]></desc></option></options><answers><![CDATA[C]]></answers></question><question><type>3</type><format>text</format><desc><![CDATA[（3）针对此问题，护士首先应采取的护理措施是]]></desc><options><option><id>A</id><type>text</type><desc><![CDATA[鼓励病人抒发自己的内心情感]]></desc></option><option><id>B</id><type>text</type><desc><![CDATA[调动病人积极情绪]]></desc></option><option><id>C</id><type>text</type><desc><![CDATA[帮助病人学习新的应对技巧]]></desc></option><option><id>D</id><type>text</type><desc><![CDATA[让病人自行反思]]></desc></option><option><id>E</id><type>text</type><desc><![CDATA[劝阻病人的自杀想法]]></desc></option></options><answers><![CDATA[A]]></answers></question></children></question><question><type>3</type><format>text</format><desc><![CDATA[2.孙某，男，56岁。患类风湿性关节炎17年，生活部分自理。2天前孙某自杀未遂被家人发现后及时送往医院，门诊以“重度抑郁症”收治入院。]]></desc><children><question><type>3</type><format>text</format><desc><![CDATA[（1）护士实施入院护理时，需要避免的做法是]]></desc><options><option><id>A</id><type>text</type><desc><![CDATA[严格检查病人入院携带的物品]]></desc></option><option><id>B</id><type>text</type><desc><![CDATA[将病人安排在离医护办公室近的房间]]></desc></option><option><id>C</id><type>text</type><desc><![CDATA[病人安排单人房间]]></desc></option><option><id>D</id><type>text</type><desc><![CDATA[向病人介绍主管护士]]></desc></option><option><id>E</id><type>text</type><desc><![CDATA[向病人介绍同病房的其他病人]]></desc></option></options><answers><![CDATA[C]]></answers></question><question><type>3</type><format>text</format><desc><![CDATA[（2）护士实施给药护理时，正确的做法是]]></desc><options><option><id>A</id><type>text</type><desc><![CDATA[当面核对后将药物放在床头柜上，让病人自行服用]]></desc></option><option><id>B</id><type>text</type><desc><![CDATA[将药物交给家属，由家属喂药]]></desc></option><option><id>C</id><type>text</type><desc><![CDATA[将药物混在病人的食物内，一同服用]]></desc></option><option><id>D</id><type>text</type><desc><![CDATA[护士看病人服药，确认服下后离开]]></desc></option><option><id>E</id><type>text</type><desc><![CDATA[病人拒绝服药时，应以命令或强制的方式执行]]></desc></option></options><answers><![CDATA[D]]></answers></question></children></question><question><type>3</type><format>text</format><desc><![CDATA[3.李某，女，18岁，近1个月表现异常兴奋，话多，滔滔不绝，说自己是学校的“女老大”，所有同学都佩服她，听她派遣。打扮花哨，花钱大手大脚。活动增多，不能安静地听讲。诊断为双相情感障碍躁狂发作。]]></desc><children><question><type>3</type><format>html</format><desc><![CDATA[（1）李某<u><b>未出现</b></u>的症状有]]></desc><options><option><id>A</id><type>text</type><desc><![CDATA[主诉躯体不适]]></desc></option><option><id>B</id><type>text</type><desc><![CDATA[思维奔逸]]></desc></option><option><id>C</id><type>text</type><desc><![CDATA[情感高涨]]></desc></option><option><id>D</id><type>text</type><desc><![CDATA[活动增多]]></desc></option><option><id>E</id><type>text</type><desc><![CDATA[夸大观念]]></desc></option></options><answers><![CDATA[A]]></answers></question><question><type>3</type><format>text</format><desc><![CDATA[（2）护士观察李某的表现，出现下列哪一种情况时，需特别重视]]></desc><options><option><id>A</id><type>text</type><desc><![CDATA[热心肠，喜欢打抱不平]]></desc></option><option><id>B</id><type>text</type><desc><![CDATA[情绪转为低落、悲观]]></desc></option><option><id>C</id><type>text</type><desc><![CDATA[精力充沛，毫无疲倦之感]]></desc></option><option><id>D</id><type>text</type><desc><![CDATA[高傲自大，自命不凡]]></desc></option><option><id>E</id><type>text</type><desc><![CDATA[食欲亢进]]></desc></option></options><answers><![CDATA[B]]></answers></question><question><type>3</type><format>html</format><desc><![CDATA[（3）与病人沟通时，护士<u><b>错误</b></u>的做法是]]></desc><options><option><id>A</id><type>text</type><desc><![CDATA[建议病人进行一些具有一定强度的活动]]></desc></option><option><id>B</id><type>text</type><desc><![CDATA[善于引导病人平静下来]]></desc></option><option><id>C</id><type>text</type><desc><![CDATA[及时制止病人打抱不平的行为]]></desc></option><option><id>D</id><type>text</type><desc><![CDATA[对病人的病态行为予以明确的制止和批评]]></desc></option><option><id>E</id><type>text</type><desc><![CDATA[病人情绪激动时，护士不要与其争辩是非对错]]></desc></option></options><answers><![CDATA[D]]></answers></question></children></question></questions></exam>