{"_ZVING_RESULT":"[{\"id\":\"47847730\",\"pid\":\"0\",\"name\":\"绪论\",\"level\":\"0\",\"code\":\"47847729\",\"directorycode\":\"1\",\"directorytype\":\"body\"},{\"id\":\"47847732\",\"pid\":\"0\",\"name\":\"第一章 阴阳五行\",\"level\":\"0\",\"code\":\"47847731\",\"directorycode\":\"2\",\"directorytype\":\"body\"},{\"id\":\"47847734\",\"pid\":\"0\",\"name\":\"第二章 藏象\",\"level\":\"0\",\"code\":\"47847733\",\"directorycode\":\"3\",\"directorytype\":\"body\"},{\"id\":\"47847736\",\"pid\":\"0\",\"name\":\"第三章 精、气、血、津液\",\"level\":\"0\",\"code\":\"47847735\",\"directorycode\":\"4\",\"directorytype\":\"body\"},{\"id\":\"47847738\",\"pid\":\"0\",\"name\":\"第四章 经络腧穴\",\"level\":\"0\",\"code\":\"47847737\",\"directorycode\":\"5\",\"directorytype\":\"body\"},{\"id\":\"47847740\",\"pid\":\"0\",\"name\":\"第五章 病因病机\",\"level\":\"0\",\"code\":\"47847739\",\"directorycode\":\"6\",\"directorytype\":\"body\"},{\"id\":\"47847742\",\"pid\":\"0\",\"name\":\"第六章 中药与方剂基本知识\",\"level\":\"0\",\"code\":\"47847741\",\"directorycode\":\"7\",\"directorytype\":\"body\"},{\"id\":\"47847744\",\"pid\":\"0\",\"name\":\"第七章 诊法与辨证\",\"level\":\"0\",\"code\":\"47847743\",\"directorycode\":\"8\",\"directorytype\":\"body\"},{\"id\":\"47847746\",\"pid\":\"0\",\"name\":\"第八章 治则治法\",\"level\":\"0\",\"code\":\"47847745\",\"directorycode\":\"9\",\"directorytype\":\"body\"},{\"id\":\"47847748\",\"pid\":\"0\",\"name\":\"第九章 中药用药护理\",\"level\":\"0\",\"code\":\"47847747\",\"directorycode\":\"10\",\"directorytype\":\"body\"},{\"id\":\"47847750\",\"pid\":\"0\",\"name\":\"第十章 中医养生保健\",\"level\":\"0\",\"code\":\"47847749\",\"directorycode\":\"11\",\"directorytype\":\"body\"},{\"id\":\"47847752\",\"pid\":\"0\",\"name\":\"第十一章 中医特色护理技术\",\"level\":\"0\",\"code\":\"47847751\",\"directorycode\":\"12\",\"directorytype\":\"body\"}]","_ZVING_STATUS":"OK"}