﻿<?xml version="1.0" encoding="UTF-8"?><exam><id>20190510170016</id><questions><instructions><![CDATA[一、单项选择题]]></instructions><question><type>1</type><format>text</format><desc><![CDATA[1.具有“泌别清浊”功能的脏腑是]]></desc><options><option><id>A</id><type>text</type><desc><![CDATA[胃]]></desc></option><option><id>B</id><type>text</type><desc><![CDATA[大肠]]></desc></option><option><id>C</id><type>text</type><desc><![CDATA[小肠]]></desc></option><option><id>D</id><type>text</type><desc><![CDATA[膀胱]]></desc></option><option><id>E</id><type>text</type><desc><![CDATA[肾]]></desc></option></options><answers><![CDATA[C]]></answers><keypoints><![CDATA[解析：泌别清浊是小肠的功能之一。]]></keypoints></question><question><type>1</type><format>text</format><desc><![CDATA[2.五脏与五体相关，肾在体的是]]></desc><options><option><id>A</id><type>text</type><desc><![CDATA[皮]]></desc></option><option><id>B</id><type>text</type><desc><![CDATA[脉]]></desc></option><option><id>C</id><type>text</type><desc><![CDATA[内]]></desc></option><option><id>D</id><type>text</type><desc><![CDATA[筋]]></desc></option><option><id>E</id><type>text</type><desc><![CDATA[骨]]></desc></option></options><answers><![CDATA[E]]></answers><keypoints><![CDATA[解析：肾在体合骨。]]></keypoints></question><question><type>1</type><format>text</format><desc><![CDATA[3.与人体生长发育关系最密切的脏是]]></desc><options><option><id>A</id><type>text</type><desc><![CDATA[心]]></desc></option><option><id>B</id><type>text</type><desc><![CDATA[肺]]></desc></option><option><id>C</id><type>text</type><desc><![CDATA[脾]]></desc></option><option><id>D</id><type>text</type><desc><![CDATA[肝]]></desc></option><option><id>E</id><type>text</type><desc><![CDATA[肾]]></desc></option></options><answers><![CDATA[E]]></answers><keypoints><![CDATA[解析：肾藏精，主生长、发育和生殖。]]></keypoints></question><question><type>1</type><format>text</format><desc><![CDATA[4.被称为“君主之官”的是]]></desc><options><option><id>A</id><type>text</type><desc><![CDATA[肝]]></desc></option><option><id>B</id><type>text</type><desc><![CDATA[心]]></desc></option><option><id>C</id><type>text</type><desc><![CDATA[脾]]></desc></option><option><id>D</id><type>text</type><desc><![CDATA[肺]]></desc></option><option><id>E</id><type>text</type><desc><![CDATA[肾]]></desc></option></options><answers><![CDATA[B]]></answers><keypoints><![CDATA[解析：心为君主之官。]]></keypoints></question><question><type>1</type><format>text</format><desc><![CDATA[5.“五脏六腑之大主”指的是]]></desc><options><option><id>A</id><type>text</type><desc><![CDATA[肾]]></desc></option><option><id>B</id><type>text</type><desc><![CDATA[肝]]></desc></option><option><id>C</id><type>text</type><desc><![CDATA[心]]></desc></option><option><id>D</id><type>text</type><desc><![CDATA[脾]]></desc></option><option><id>E</id><type>text</type><desc><![CDATA[肺]]></desc></option></options><answers><![CDATA[C]]></answers><keypoints><![CDATA[解析：心为五脏六腑之大主。]]></keypoints></question><question><type>1</type><format>text</format><desc><![CDATA[6.“肺之华”指的是]]></desc><options><option><id>A</id><type>text</type><desc><![CDATA[面]]></desc></option><option><id>B</id><type>text</type><desc><![CDATA[毛]]></desc></option><option><id>C</id><type>text</type><desc><![CDATA[唇]]></desc></option><option><id>D</id><type>text</type><desc><![CDATA[爪]]></desc></option><option><id>E</id><type>text</type><desc><![CDATA[发]]></desc></option></options><answers><![CDATA[B]]></answers><keypoints><![CDATA[解析：肺其在毛。]]></keypoints></question><question><type>1</type><format>text</format><desc><![CDATA[7.“肾之华”指的是]]></desc><options><option><id>A</id><type>text</type><desc><![CDATA[面]]></desc></option><option><id>B</id><type>text</type><desc><![CDATA[毛]]></desc></option><option><id>C</id><type>text</type><desc><![CDATA[唇]]></desc></option><option><id>D</id><type>text</type><desc><![CDATA[爪]]></desc></option><option><id>E</id><type>text</type><desc><![CDATA[发]]></desc></option></options><answers><![CDATA[E]]></answers><keypoints><![CDATA[解析：肾其华在发。]]></keypoints></question><question><type>1</type><format>text</format><desc><![CDATA[8.五脏主五液，脾所主的液是]]></desc><options><option><id>A</id><type>text</type><desc><![CDATA[涕]]></desc></option><option><id>B</id><type>text</type><desc><![CDATA[泪]]></desc></option><option><id>C</id><type>text</type><desc><![CDATA[唾]]></desc></option><option><id>D</id><type>text</type><desc><![CDATA[汗]]></desc></option><option><id>E</id><type>text</type><desc><![CDATA[涎]]></desc></option></options><answers><![CDATA[E]]></answers><keypoints><![CDATA[解析：脾在液为涎。]]></keypoints></question><question><type>1</type><format>text</format><desc><![CDATA[9.与脾相关的情志是]]></desc><options><option><id>A</id><type>text</type><desc><![CDATA[喜]]></desc></option><option><id>B</id><type>text</type><desc><![CDATA[怒]]></desc></option><option><id>C</id><type>text</type><desc><![CDATA[思]]></desc></option><option><id>D</id><type>text</type><desc><![CDATA[悲]]></desc></option><option><id>E</id><type>text</type><desc><![CDATA[恐]]></desc></option></options><answers><![CDATA[C]]></answers><keypoints><![CDATA[解析：脾在志为思。]]></keypoints></question><question><type>1</type><format>text</format><desc><![CDATA[10.与肾相关的情志是]]></desc><options><option><id>A</id><type>text</type><desc><![CDATA[喜]]></desc></option><option><id>B</id><type>text</type><desc><![CDATA[怒]]></desc></option><option><id>C</id><type>text</type><desc><![CDATA[思]]></desc></option><option><id>D</id><type>text</type><desc><![CDATA[悲]]></desc></option><option><id>E</id><type>text</type><desc><![CDATA[恐]]></desc></option></options><answers><![CDATA[E]]></answers><keypoints><![CDATA[解析：肾在志为恐。]]></keypoints></question><question><type>1</type><format>text</format><desc><![CDATA[11.五脏主五液，心所主的液是]]></desc><options><option><id>A</id><type>text</type><desc><![CDATA[涕]]></desc></option><option><id>B</id><type>text</type><desc><![CDATA[泪]]></desc></option><option><id>C</id><type>text</type><desc><![CDATA[唾]]></desc></option><option><id>D</id><type>text</type><desc><![CDATA[汗]]></desc></option><option><id>E</id><type>text</type><desc><![CDATA[涎]]></desc></option></options><answers><![CDATA[D]]></answers><keypoints><![CDATA[解析：心在液为汗。]]></keypoints></question><question><type>1</type><format>text</format><desc><![CDATA[12.尿液的生成与排泄主要与何脏有关]]></desc><options><option><id>A</id><type>text</type><desc><![CDATA[心]]></desc></option><option><id>B</id><type>text</type><desc><![CDATA[肺]]></desc></option><option><id>C</id><type>text</type><desc><![CDATA[脾]]></desc></option><option><id>D</id><type>text</type><desc><![CDATA[肝]]></desc></option><option><id>E</id><type>text</type><desc><![CDATA[肾]]></desc></option></options><answers><![CDATA[E]]></answers><keypoints><![CDATA[解析：肾主水。]]></keypoints></question><question><type>1</type><format>text</format><desc><![CDATA[13.“主血脉”的脏是]]></desc><options><option><id>A</id><type>text</type><desc><![CDATA[心]]></desc></option><option><id>B</id><type>text</type><desc><![CDATA[肺]]></desc></option><option><id>C</id><type>text</type><desc><![CDATA[脾]]></desc></option><option><id>D</id><type>text</type><desc><![CDATA[肝]]></desc></option><option><id>E</id><type>text</type><desc><![CDATA[肾]]></desc></option></options><answers><![CDATA[A]]></answers><keypoints><![CDATA[解析：心主血脉。]]></keypoints></question><question><type>1</type><format>text</format><desc><![CDATA[14.主宰人体生长发育的脏腑是]]></desc><options><option><id>A</id><type>text</type><desc><![CDATA[心]]></desc></option><option><id>B</id><type>text</type><desc><![CDATA[肺]]></desc></option><option><id>C</id><type>text</type><desc><![CDATA[脾]]></desc></option><option><id>D</id><type>text</type><desc><![CDATA[肝]]></desc></option><option><id>E</id><type>text</type><desc><![CDATA[肾]]></desc></option></options><answers><![CDATA[E]]></answers><keypoints><![CDATA[解析：肾藏精，主生长、发育和生殖。]]></keypoints></question><question><type>1</type><format>text</format><desc><![CDATA[15.“脾统血”的主要机制是]]></desc><options><option><id>A</id><type>text</type><desc><![CDATA[控制血液的流速]]></desc></option><option><id>B</id><type>text</type><desc><![CDATA[增加内脏血流量]]></desc></option><option><id>C</id><type>text</type><desc><![CDATA[调节外周血流量]]></desc></option><option><id>D</id><type>text</type><desc><![CDATA[固摄血液在脉内运行]]></desc></option><option><id>E</id><type>text</type><desc><![CDATA[控制血液生成]]></desc></option></options><answers><![CDATA[D]]></answers><keypoints><![CDATA[解析：脾统摄血液在脉中循行。]]></keypoints></question><question><type>1</type><format>text</format><desc><![CDATA[16.“脾统血”指的是]]></desc><options><option><id>A</id><type>text</type><desc><![CDATA[脾为气血生化之源]]></desc></option><option><id>B</id><type>text</type><desc><![CDATA[脾气主升]]></desc></option><option><id>C</id><type>text</type><desc><![CDATA[脾气对血液具有固摄作用]]></desc></option><option><id>D</id><type>text</type><desc><![CDATA[脾气具有温煦作用]]></desc></option><option><id>E</id><type>text</type><desc><![CDATA[脾主运化水谷精微]]></desc></option></options><answers><![CDATA[C]]></answers><keypoints><![CDATA[解析：脾对血的统摄作用。]]></keypoints></question><question><type>1</type><format>text</format><desc><![CDATA[17.五脏中“以升为健”的是]]></desc><options><option><id>A</id><type>text</type><desc><![CDATA[心]]></desc></option><option><id>B</id><type>text</type><desc><![CDATA[肝]]></desc></option><option><id>C</id><type>text</type><desc><![CDATA[脾]]></desc></option><option><id>D</id><type>text</type><desc><![CDATA[肾]]></desc></option><option><id>E</id><type>text</type><desc><![CDATA[肺]]></desc></option></options><answers><![CDATA[C]]></answers><keypoints><![CDATA[解析：脾主升，胃主降。]]></keypoints></question><question><type>1</type><format>text</format><desc><![CDATA[18.既属“六腑”，又属“奇恒之腑”的是]]></desc><options><option><id>A</id><type>text</type><desc><![CDATA[脉]]></desc></option><option><id>B</id><type>text</type><desc><![CDATA[脑]]></desc></option><option><id>C</id><type>text</type><desc><![CDATA[髓]]></desc></option><option><id>D</id><type>text</type><desc><![CDATA[女子胞]]></desc></option><option><id>E</id><type>text</type><desc><![CDATA[胆]]></desc></option></options><answers><![CDATA[E]]></answers><keypoints><![CDATA[解析：胆既属于六腑，又属于奇恒之腑。]]></keypoints></question><question><type>1</type><format>text</format><desc><![CDATA[19.既为六腑，又属奇恒之腑的内脏是]]></desc><options><option><id>A</id><type>text</type><desc><![CDATA[胆]]></desc></option><option><id>B</id><type>text</type><desc><![CDATA[胃]]></desc></option><option><id>C</id><type>text</type><desc><![CDATA[膀胱]]></desc></option><option><id>D</id><type>text</type><desc><![CDATA[三焦]]></desc></option><option><id>E</id><type>text</type><desc><![CDATA[大肠]]></desc></option></options><answers><![CDATA[A]]></answers><keypoints><![CDATA[解析：胆既属于六腑，又属于奇恒之腑。]]></keypoints></question><question><type>1</type><format>text</format><desc><![CDATA[20.具有“受盛”功能的脏腑是]]></desc><options><option><id>A</id><type>text</type><desc><![CDATA[脾]]></desc></option><option><id>B</id><type>text</type><desc><![CDATA[胃]]></desc></option><option><id>C</id><type>text</type><desc><![CDATA[三焦]]></desc></option><option><id>D</id><type>text</type><desc><![CDATA[小肠]]></desc></option><option><id>E</id><type>text</type><desc><![CDATA[大肠]]></desc></option></options><answers><![CDATA[D]]></answers><keypoints><![CDATA[解析：受盛化物是小肠的功能之一。]]></keypoints></question></questions></exam>