﻿<?xml version="1.0" encoding="UTF-8"?><exam><id>20190513083749</id><questions><instructions><![CDATA[一、单项选择题]]></instructions><question><type>1</type><format>text</format><desc><![CDATA[1.望神，最重要的是望]]></desc><options><option><id>A</id><type>text</type><desc><![CDATA[眼神]]></desc></option><option><id>B</id><type>text</type><desc><![CDATA[神情]]></desc></option><option><id>C</id><type>text</type><desc><![CDATA[气色]]></desc></option><option><id>D</id><type>text</type><desc><![CDATA[表情]]></desc></option><option><id>E</id><type>text</type><desc><![CDATA[体态]]></desc></option></options><answers><![CDATA[A]]></answers><keypoints><![CDATA[解析：望神是观察的重点是眼神、神情、气色、体态，其中目最能反映脏腑的盛衰，所以望神应注重对目的观察，特别是危重病人，通过眼神对病人神的判断尤为重要。]]></keypoints></question><question><type>1</type><format>html</format><desc><![CDATA[2.下列哪项<u><b>不是</b></u>得神的表现]]></desc><options><option><id>A</id><type>text</type><desc><![CDATA[神志清楚]]></desc></option><option><id>B</id><type>text</type><desc><![CDATA[目光明亮]]></desc></option><option><id>C</id><type>text</type><desc><![CDATA[两颧泛红如妆]]></desc></option><option><id>D</id><type>text</type><desc><![CDATA[面色荣润]]></desc></option><option><id>E</id><type>text</type><desc><![CDATA[动作自如]]></desc></option></options><answers><![CDATA[C]]></answers><keypoints><![CDATA[解析：两颧泛红如妆是假神的表现。]]></keypoints></question><question><type>1</type><format>text</format><desc><![CDATA[3.在五色主病中，白色主]]></desc><options><option><id>A</id><type>text</type><desc><![CDATA[湿证]]></desc></option><option><id>B</id><type>text</type><desc><![CDATA[寒证]]></desc></option><option><id>C</id><type>text</type><desc><![CDATA[瘀血]]></desc></option><option><id>D</id><type>text</type><desc><![CDATA[肾虚]]></desc></option><option><id>E</id><type>text</type><desc><![CDATA[气滞]]></desc></option></options><answers><![CDATA[B]]></answers><keypoints><![CDATA[解析：白色主虚证、寒证、失血证。]]></keypoints></question><question><type>1</type><format>text</format><desc><![CDATA[4.观察病情时，若见患者两颧潮红属于]]></desc><options><option><id>A</id><type>text</type><desc><![CDATA[阳明实热]]></desc></option><option><id>B</id><type>text</type><desc><![CDATA[外感风热]]></desc></option><option><id>C</id><type>text</type><desc><![CDATA[气虚发热]]></desc></option><option><id>D</id><type>text</type><desc><![CDATA[阴虚内热]]></desc></option><option><id>E</id><type>text</type><desc><![CDATA[真寒假热]]></desc></option></options><answers><![CDATA[D]]></answers><keypoints><![CDATA[解析：两颧潮红是阴虚内热的表现。]]></keypoints></question><question><type>1</type><format>text</format><desc><![CDATA[5.患者睡时汗出，醒时汗止，为]]></desc><options><option><id>A</id><type>text</type><desc><![CDATA[盗汗]]></desc></option><option><id>B</id><type>text</type><desc><![CDATA[自汗]]></desc></option><option><id>C</id><type>text</type><desc><![CDATA[大汗]]></desc></option><option><id>D</id><type>text</type><desc><![CDATA[战汗]]></desc></option><option><id>E</id><type>text</type><desc><![CDATA[绝汗]]></desc></option></options><answers><![CDATA[A]]></answers><keypoints><![CDATA[解析：盗汗指睡后汗出，醒后汗止，多见于阴虚证。自汗指经常日间汗出，动则尤甚，多见于气虚、阳虚证。大汗指汗出量多，多见于里实热证或亡阳、亡阴证。战汗指全身战栗，而后汗出，是疾病发展的转折点。绝汗指指病变危重阶段出现的大量汗出，淋漓不止，如珠如油，黏腻不流的表现。]]></keypoints></question><question><type>1</type><format>text</format><desc><![CDATA[6.鼻塞流清涕，见于]]></desc><options><option><id>A</id><type>text</type><desc><![CDATA[外感风寒]]></desc></option><option><id>B</id><type>text</type><desc><![CDATA[外感风热]]></desc></option><option><id>C</id><type>text</type><desc><![CDATA[鼻渊]]></desc></option><option><id>D</id><type>text</type><desc><![CDATA[痰热壅肺]]></desc></option><option><id>E</id><type>text</type><desc><![CDATA[燥邪犯肺]]></desc></option></options><answers><![CDATA[A]]></answers><keypoints><![CDATA[解析：外感风寒，肺气失宣，则鼻窍不利，故鼻塞流清涕。]]></keypoints></question><question><type>1</type><format>text</format><desc><![CDATA[7.下列哪项是瘀血导致疼痛的特点]]></desc><options><option><id>A</id><type>text</type><desc><![CDATA[胀痛]]></desc></option><option><id>B</id><type>text</type><desc><![CDATA[窜痛]]></desc></option><option><id>C</id><type>text</type><desc><![CDATA[隐痛]]></desc></option><option><id>D</id><type>text</type><desc><![CDATA[绞痛]]></desc></option><option><id>E</id><type>text</type><desc><![CDATA[刺痛]]></desc></option></options><answers><![CDATA[E]]></answers><keypoints><![CDATA[解析：胀痛多属气滞；窜痛多为风湿痹证或气滞证；隐痛多为精血亏虚或阳气不足；绞痛多为有形实邪闭阻气机或寒湿凝滞；刺痛多属瘀血。]]></keypoints></question><question><type>1</type><format>text</format><desc><![CDATA[8.患者腹痛，喜温喜按，多考虑为]]></desc><options><option><id>A</id><type>text</type><desc><![CDATA[实热]]></desc></option><option><id>B</id><type>text</type><desc><![CDATA[虚热]]></desc></option><option><id>C</id><type>text</type><desc><![CDATA[实寒]]></desc></option><option><id>D</id><type>text</type><desc><![CDATA[虚寒]]></desc></option><option><id>E</id><type>text</type><desc><![CDATA[瘀血]]></desc></option></options><answers><![CDATA[D]]></answers><keypoints><![CDATA[解析：一般来说，痛而喜暖为寒证，喜凉为热证，拒按为实证，喜按为虚证。]]></keypoints></question><question><type>1</type><format>text</format><desc><![CDATA[9.若患者大便燥结如羊屎状，多为]]></desc><options><option><id>A</id><type>text</type><desc><![CDATA[大肠湿热]]></desc></option><option><id>B</id><type>text</type><desc><![CDATA[脾肾阳虚]]></desc></option><option><id>C</id><type>text</type><desc><![CDATA[肝脾不和]]></desc></option><option><id>D</id><type>text</type><desc><![CDATA[肠道津亏]]></desc></option><option><id>E</id><type>text</type><desc><![CDATA[饮食停滞]]></desc></option></options><answers><![CDATA[D]]></answers><keypoints><![CDATA[解析：大便干燥，如羊屎状，多因热盛伤津或阴血亏虚，导致肠道津亏失润所致。]]></keypoints></question><question><type>1</type><format>html</format><desc><![CDATA[10.下列<u><b>不属于</b></u>正常舌象的是]]></desc><options><option><id>A</id><type>text</type><desc><![CDATA[柔软灵活]]></desc></option><option><id>B</id><type>text</type><desc><![CDATA[舌色淡红]]></desc></option><option><id>C</id><type>text</type><desc><![CDATA[舌苔均匀]]></desc></option><option><id>D</id><type>text</type><desc><![CDATA[薄白而润]]></desc></option><option><id>E</id><type>text</type><desc><![CDATA[舌质淡嫩]]></desc></option></options><answers><![CDATA[E]]></answers><keypoints><![CDATA[解析：正常舌象为：舌体大小适中，柔软灵活，舌色淡红；舌苔均匀薄白，干湿适中。舌质淡嫩为虚证的舌象。]]></keypoints></question><question><type>1</type><format>html</format><desc><![CDATA[11.下列哪个舌象<u><b>不属于</b></u>热证的表现]]></desc><options><option><id>A</id><type>text</type><desc><![CDATA[舌红苔黄]]></desc></option><option><id>B</id><type>text</type><desc><![CDATA[舌红少苔]]></desc></option><option><id>C</id><type>text</type><desc><![CDATA[舌绛而干]]></desc></option><option><id>D</id><type>text</type><desc><![CDATA[舌青紫而润]]></desc></option><option><id>E</id><type>text</type><desc><![CDATA[舌苔灰黑而干]]></desc></option></options><answers><![CDATA[D]]></answers><keypoints><![CDATA[解析：舌青紫而润是阳虚寒凝的表现。]]></keypoints></question><question><type>1</type><format>text</format><desc><![CDATA[12.若见患者舌苔苔质粗大疏松而厚，刮之可去，为]]></desc><options><option><id>A</id><type>text</type><desc><![CDATA[腐苔]]></desc></option><option><id>B</id><type>text</type><desc><![CDATA[腻苔]]></desc></option><option><id>C</id><type>text</type><desc><![CDATA[糙苔]]></desc></option><option><id>D</id><type>text</type><desc><![CDATA[剥苔]]></desc></option><option><id>E</id><type>text</type><desc><![CDATA[无根苔]]></desc></option></options><answers><![CDATA[A]]></answers><keypoints><![CDATA[解析：舌苔颗粒粗大疏松，如豆腐渣堆积舌面，刮之可去者，为腐苔，主食积、痰浊久积。]]></keypoints></question><question><type>1</type><format>text</format><desc><![CDATA[13.对患者进行病情观察，提示正气胜邪，病情好转的是]]></desc><options><option><id>A</id><type>text</type><desc><![CDATA[舌苔由少变多]]></desc></option><option><id>B</id><type>text</type><desc><![CDATA[舌苔由厚变薄]]></desc></option><option><id>C</id><type>text</type><desc><![CDATA[舌苔由润变燥]]></desc></option><option><id>D</id><type>text</type><desc><![CDATA[舌苔由白变黄]]></desc></option><option><id>E</id><type>text</type><desc><![CDATA[舌苔由黄变灰]]></desc></option></options><answers><![CDATA[B]]></answers><keypoints><![CDATA[解析：舌苔的厚薄可以反映邪正的盛衰和邪气的深浅，舌苔由厚变薄，是正气胜邪，为病退的征象。]]></keypoints></question><question><type>1</type><format>text</format><desc><![CDATA[14.舌苔黄腻，为]]></desc><options><option><id>A</id><type>text</type><desc><![CDATA[热盛伤津]]></desc></option><option><id>B</id><type>text</type><desc><![CDATA[寒湿内困]]></desc></option><option><id>C</id><type>text</type><desc><![CDATA[阴虚火旺]]></desc></option><option><id>D</id><type>text</type><desc><![CDATA[湿热内蕴]]></desc></option><option><id>E</id><type>text</type><desc><![CDATA[气滞血瘀]]></desc></option></options><answers><![CDATA[D]]></answers><keypoints><![CDATA[解析：舌苔黄腻多为湿热蕴结、痰饮或食积化热。]]></keypoints></question><question><type>1</type><format>html</format><desc><![CDATA[15.下列哪项<u><b>不属于</b></u>病理舌象]]></desc><options><option><id>A</id><type>text</type><desc><![CDATA[淡红舌]]></desc></option><option><id>B</id><type>text</type><desc><![CDATA[淡白舌]]></desc></option><option><id>C</id><type>text</type><desc><![CDATA[红舌]]></desc></option><option><id>D</id><type>text</type><desc><![CDATA[绛舌]]></desc></option><option><id>E</id><type>text</type><desc><![CDATA[青舌]]></desc></option></options><answers><![CDATA[A]]></answers><keypoints><![CDATA[解析：淡红舌为正常舌象。]]></keypoints></question><question><type>1</type><format>text</format><desc><![CDATA[16.下列哪项是表证辨证要点]]></desc><options><option><id>A</id><type>text</type><desc><![CDATA[畏寒肢凉]]></desc></option><option><id>B</id><type>text</type><desc><![CDATA[恶寒发热]]></desc></option><option><id>C</id><type>text</type><desc><![CDATA[寒热往来]]></desc></option><option><id>D</id><type>text</type><desc><![CDATA[但热不寒]]></desc></option><option><id>E</id><type>text</type><desc><![CDATA[但寒不热]]></desc></option></options><answers><![CDATA[B]]></answers><keypoints><![CDATA[解析：表证辨证要点是：恶寒发热、舌苔薄白，脉浮。]]></keypoints></question><question><type>1</type><format>text</format><desc><![CDATA[17.八纲的总纲是]]></desc><options><option><id>A</id><type>text</type><desc><![CDATA[表里]]></desc></option><option><id>B</id><type>text</type><desc><![CDATA[虚实]]></desc></option><option><id>C</id><type>text</type><desc><![CDATA[寒热]]></desc></option><option><id>D</id><type>text</type><desc><![CDATA[阴阳]]></desc></option><option><id>E</id><type>text</type><desc><![CDATA[气血]]></desc></option></options><answers><![CDATA[D]]></answers><keypoints><![CDATA[解析：阴阳是八纲的总纲，可以用阴阳来概括表里、虚实、寒热。一般表、实、热证属于阳证，里、虚、寒证属于阴证]]></keypoints></question><question><type>1</type><format>html</format><desc><![CDATA[18.热证临床表现<u><b>不包括</b></u>]]></desc><options><option><id>A</id><type>text</type><desc><![CDATA[恶热喜凉]]></desc></option><option><id>B</id><type>text</type><desc><![CDATA[口淡不渴]]></desc></option><option><id>C</id><type>text</type><desc><![CDATA[舌红苔黄]]></desc></option><option><id>D</id><type>text</type><desc><![CDATA[小便短赤]]></desc></option><option><id>E</id><type>text</type><desc><![CDATA[脉数]]></desc></option></options><answers><![CDATA[B]]></answers><keypoints><![CDATA[解析:热证临床表现为：身热喜凉，面红目赤、烦躁不安、口渴喜冷饮，小便短赤、大便秘结等，舌红，苔黄燥，脉数。]]></keypoints></question><question><type>1</type><format>text</format><desc><![CDATA[19.以下属于阴虚证特征的是]]></desc><options><option><id>A</id><type>text</type><desc><![CDATA[舌质淡苔薄白]]></desc></option><option><id>B</id><type>text</type><desc><![CDATA[口不渴或饮少]]></desc></option><option><id>C</id><type>text</type><desc><![CDATA[面色淡白少华]]></desc></option><option><id>D</id><type>text</type><desc><![CDATA[脉沉迟而无力]]></desc></option><option><id>E</id><type>text</type><desc><![CDATA[潮热盗汗]]></desc></option></options><answers><![CDATA[E]]></answers><keypoints><![CDATA[解析:阴虚证的临床表现为：形体消瘦，两颧潮红，五心烦热、潮热盗汗、口咽干燥、大便干燥、舌红少苔或无苔、脉细数。]]></keypoints></question><question><type>1</type><format>text</format><desc><![CDATA[20.脾不统血证以脾气虚证与何症为其辨证要点]]></desc><options><option><id>A</id><type>text</type><desc><![CDATA[虚寒]]></desc></option><option><id>B</id><type>text</type><desc><![CDATA[食少纳呆]]></desc></option><option><id>C</id><type>text</type><desc><![CDATA[便溏]]></desc></option><option><id>D</id><type>text</type><desc><![CDATA[出血]]></desc></option><option><id>E</id><type>text</type><desc><![CDATA[神疲乏力]]></desc></option></options><answers><![CDATA[D]]></answers><keypoints><![CDATA[解析：脾不统血证是脾气亏虚，不能统摄血液，而致血逸脉外为主要表现的证候，故其临床表现为脾气虚的基础上出现各种出血。]]></keypoints></question></questions></exam>