﻿<?xml version="1.0" encoding="UTF-8"?><exam><id>20190510165857</id><questions><instructions><![CDATA[一、单项选择题]]></instructions><question><type>1</type><format>html</format><desc><![CDATA[1．下列各项<u><b>不宜</b></u>区分阴阳属性的一对事物是]]></desc><options><option><id>A</id><type>text</type><desc><![CDATA[寒与热]]></desc></option><option><id>B</id><type>text</type><desc><![CDATA[邪与正]]></desc></option><option><id>C</id><type>text</type><desc><![CDATA[上与下]]></desc></option><option><id>D</id><type>text</type><desc><![CDATA[左与右]]></desc></option><option><id>E</id><type>text</type><desc><![CDATA[动与静]]></desc></option></options><answers><![CDATA[B]]></answers><keypoints><![CDATA[解析：邪与正不符合阴阳属性的划分标准。]]></keypoints></question><question><type>1</type><format>text</format><desc><![CDATA[2．属于“阴中之阳”的时间是]]></desc><options><option><id>A</id><type>text</type><desc><![CDATA[上午]]></desc></option><option><id>B</id><type>text</type><desc><![CDATA[中午]]></desc></option><option><id>C</id><type>text</type><desc><![CDATA[下午]]></desc></option><option><id>D</id><type>text</type><desc><![CDATA[前半夜]]></desc></option><option><id>E</id><type>text</type><desc><![CDATA[后半夜]]></desc></option></options><answers><![CDATA[E]]></answers><keypoints><![CDATA[解析：按照阴阳相互消长平衡的规律，后半夜是阴消阳长的过程，符合题干时间节点。]]></keypoints></question><question><type>1</type><format>text</format><desc><![CDATA[3．属于“阳中之阳”的时间是]]></desc><options><option><id>A</id><type>text</type><desc><![CDATA[上午]]></desc></option><option><id>B</id><type>text</type><desc><![CDATA[中午]]></desc></option><option><id>C</id><type>text</type><desc><![CDATA[下午]]></desc></option><option><id>D</id><type>text</type><desc><![CDATA[前半夜]]></desc></option><option><id>E</id><type>text</type><desc><![CDATA[后半夜]]></desc></option></options><answers><![CDATA[A]]></answers><keypoints><![CDATA[解析：上午是昼夜中阳气最盛的时间，符合阴阳消长的规律。]]></keypoints></question><question><type>1</type><format>text</format><desc><![CDATA[4．属于“阴中之阴”的时间是]]></desc><options><option><id>A</id><type>text</type><desc><![CDATA[上午]]></desc></option><option><id>B</id><type>text</type><desc><![CDATA[中午]]></desc></option><option><id>C</id><type>text</type><desc><![CDATA[下午]]></desc></option><option><id>D</id><type>text</type><desc><![CDATA[前半夜]]></desc></option><option><id>E</id><type>text</type><desc><![CDATA[后半夜]]></desc></option></options><answers><![CDATA[D]]></answers><keypoints><![CDATA[解析：前半夜是昼夜中、阴气最盛的时间，符合阴阳消长的规律。]]></keypoints></question><question><type>1</type><format>text</format><desc><![CDATA[5．“寒极生热”主要说明阴阳关系是]]></desc><options><option><id>A</id><type>text</type><desc><![CDATA[阴阳交感]]></desc></option><option><id>B</id><type>text</type><desc><![CDATA[阴阳对立]]></desc></option><option><id>C</id><type>text</type><desc><![CDATA[阴阳互根]]></desc></option><option><id>D</id><type>text</type><desc><![CDATA[阴阳消长]]></desc></option><option><id>E</id><type>text</type><desc><![CDATA[阴阳转化]]></desc></option></options><answers><![CDATA[E]]></answers><keypoints><![CDATA[解析：符合阴阳转化的概念，在“极”的条件下向其相反转化。]]></keypoints></question><question><type>1</type><format>text</format><desc><![CDATA[6．肝的阴阳属性是]]></desc><options><option><id>A</id><type>text</type><desc><![CDATA[阴中之阴]]></desc></option><option><id>B</id><type>text</type><desc><![CDATA[阴中之阳]]></desc></option><option><id>C</id><type>text</type><desc><![CDATA[阴中之至阴]]></desc></option><option><id>D</id><type>text</type><desc><![CDATA[阳中之阴]]></desc></option><option><id>E</id><type>text</type><desc><![CDATA[阳中之阴]]></desc></option></options><answers><![CDATA[D]]></answers><keypoints><![CDATA[解析：肝的功能具有生发、条达、舒畅功能属阳，而肝体属脏阴而用阳。]]></keypoints></question><question><type>1</type><format>text</format><desc><![CDATA[7．最容易导致虚热证的阴阳失调是]]></desc><options><option><id>A</id><type>text</type><desc><![CDATA[阳偏衰]]></desc></option><option><id>B</id><type>text</type><desc><![CDATA[阴偏衰]]></desc></option><option><id>C</id><type>text</type><desc><![CDATA[阳偏盛]]></desc></option><option><id>D</id><type>text</type><desc><![CDATA[阴偏盛]]></desc></option><option><id>E</id><type>text</type><desc><![CDATA[以上均是]]></desc></option></options><answers><![CDATA[B]]></answers><keypoints><![CDATA[解析：阴偏衰则阴虚，阴虚则热为虚热证。]]></keypoints></question><question><type>1</type><format>text</format><desc><![CDATA[8．《尚书。洪范》认为五行中“木”的特性是]]></desc><options><option><id>A</id><type>text</type><desc><![CDATA[炎上]]></desc></option><option><id>B</id><type>text</type><desc><![CDATA[润下]]></desc></option><option><id>C</id><type>text</type><desc><![CDATA[稼穑]]></desc></option><option><id>D</id><type>text</type><desc><![CDATA[曲直]]></desc></option><option><id>E</id><type>text</type><desc><![CDATA[从革]]></desc></option></options><answers><![CDATA[D]]></answers><keypoints><![CDATA[解析：其它选项都不符合“木”行的能屈能伸，生长、生发、条达、舒畅的特性。]]></keypoints></question><question><type>1</type><format>text</format><desc><![CDATA[9．五行中，具有“炎上”特性的是]]></desc><options><option><id>A</id><type>text</type><desc><![CDATA[木]]></desc></option><option><id>B</id><type>text</type><desc><![CDATA[火]]></desc></option><option><id>C</id><type>text</type><desc><![CDATA[土]]></desc></option><option><id>D</id><type>text</type><desc><![CDATA[金]]></desc></option><option><id>E</id><type>text</type><desc><![CDATA[水]]></desc></option></options><answers><![CDATA[B]]></answers><keypoints><![CDATA[解析：“火”行的具有炎热、向上、明亮的特性符合题干的要求。]]></keypoints></question><question><type>1</type><format>text</format><desc><![CDATA[10．五行中“土”特性的是]]></desc><options><option><id>A</id><type>text</type><desc><![CDATA[曲直]]></desc></option><option><id>B</id><type>text</type><desc><![CDATA[炎上]]></desc></option><option><id>C</id><type>text</type><desc><![CDATA[稼穑]]></desc></option><option><id>D</id><type>text</type><desc><![CDATA[从革]]></desc></option><option><id>E</id><type>text</type><desc><![CDATA[润下]]></desc></option></options><answers><![CDATA[C]]></answers><keypoints><![CDATA[解析：“土”行的符合农作物的种植和收获季节的特性符合题干的要求。]]></keypoints></question><question><type>1</type><format>text</format><desc><![CDATA[11．五行中，具有“润下”特性的是]]></desc><options><option><id>A</id><type>text</type><desc><![CDATA[木]]></desc></option><option><id>B</id><type>text</type><desc><![CDATA[火]]></desc></option><option><id>C</id><type>text</type><desc><![CDATA[土]]></desc></option><option><id>D</id><type>text</type><desc><![CDATA[金]]></desc></option><option><id>E</id><type>text</type><desc><![CDATA[水]]></desc></option></options><answers><![CDATA[D]]></answers><keypoints><![CDATA[解析：“水”行的具有寒凉、向下、滋润”的特性符合题干的要求。]]></keypoints></question><question><type>1</type><format>text</format><desc><![CDATA[12．五行中，属“金”的脏是]]></desc><options><option><id>A</id><type>text</type><desc><![CDATA[肝]]></desc></option><option><id>B</id><type>text</type><desc><![CDATA[心]]></desc></option><option><id>C</id><type>text</type><desc><![CDATA[肺]]></desc></option><option><id>D</id><type>text</type><desc><![CDATA[脾]]></desc></option><option><id>E</id><type>text</type><desc><![CDATA[肾]]></desc></option></options><answers><![CDATA[C]]></answers><keypoints><![CDATA[解析：人体五脏的“肺”按照事物属性归属五行中金行。]]></keypoints></question><question><type>1</type><format>text</format><desc><![CDATA[13．“骨”的五行属性是]]></desc><options><option><id>A</id><type>text</type><desc><![CDATA[水]]></desc></option><option><id>B</id><type>text</type><desc><![CDATA[木]]></desc></option><option><id>C</id><type>text</type><desc><![CDATA[火]]></desc></option><option><id>D</id><type>text</type><desc><![CDATA[土]]></desc></option><option><id>E</id><type>text</type><desc><![CDATA[金]]></desc></option></options><answers><![CDATA[A]]></answers><keypoints><![CDATA[解析：人体五志的“骨”按照事物属性归属五行中水行。]]></keypoints></question><question><type>1</type><format>text</format><desc><![CDATA[14．“青色”的五行属性是]]></desc><options><option><id>A</id><type>text</type><desc><![CDATA[土]]></desc></option><option><id>B</id><type>text</type><desc><![CDATA[木]]></desc></option><option><id>C</id><type>text</type><desc><![CDATA[火]]></desc></option><option><id>D</id><type>text</type><desc><![CDATA[金]]></desc></option><option><id>E</id><type>text</type><desc><![CDATA[水]]></desc></option></options><answers><![CDATA[B]]></answers><keypoints><![CDATA[解析：自然界中青色按照事物属性归属五行中木行。]]></keypoints></question><question><type>1</type><format>text</format><desc><![CDATA[15．“长夏”的五行属性是]]></desc><options><option><id>A</id><type>text</type><desc><![CDATA[木]]></desc></option><option><id>B</id><type>text</type><desc><![CDATA[火]]></desc></option><option><id>C</id><type>text</type><desc><![CDATA[金]]></desc></option><option><id>D</id><type>text</type><desc><![CDATA[水]]></desc></option><option><id>E</id><type>text</type><desc><![CDATA[土]]></desc></option></options><answers><![CDATA[E]]></answers><keypoints><![CDATA[解析：自然界中五季“长夏”按照事物属性归属五行中土行。]]></keypoints></question><question><type>1</type><format>text</format><desc><![CDATA[16．“耳”的五行属性是]]></desc><options><option><id>A</id><type>text</type><desc><![CDATA[木]]></desc></option><option><id>B</id><type>text</type><desc><![CDATA[火]]></desc></option><option><id>C</id><type>text</type><desc><![CDATA[金]]></desc></option><option><id>D</id><type>text</type><desc><![CDATA[水]]></desc></option><option><id>E</id><type>text</type><desc><![CDATA[土]]></desc></option></options><answers><![CDATA[D]]></answers><keypoints><![CDATA[解析：肾开窍于耳，肾按照事物属性归属五行水行，故耳属于水行。]]></keypoints></question><question><type>1</type><format>text</format><desc><![CDATA[17．“青色”的五行属性是]]></desc><options><option><id>A</id><type>text</type><desc><![CDATA[木]]></desc></option><option><id>B</id><type>text</type><desc><![CDATA[火]]></desc></option><option><id>C</id><type>text</type><desc><![CDATA[金]]></desc></option><option><id>D</id><type>text</type><desc><![CDATA[水]]></desc></option><option><id>E</id><type>text</type><desc><![CDATA[土]]></desc></option></options><answers><![CDATA[A]]></answers><keypoints><![CDATA[解析：自然界中五色之“青”按照事物属性归属五行中木行。]]></keypoints></question><question><type>1</type><format>text</format><desc><![CDATA[18．五行相生关系中，木的“我生”是]]></desc><options><option><id>A</id><type>text</type><desc><![CDATA[木]]></desc></option><option><id>B</id><type>text</type><desc><![CDATA[土]]></desc></option><option><id>C</id><type>text</type><desc><![CDATA[火]]></desc></option><option><id>D</id><type>text</type><desc><![CDATA[水]]></desc></option><option><id>E</id><type>text</type><desc><![CDATA[金]]></desc></option></options><answers><![CDATA[C]]></answers><keypoints><![CDATA[解析：五行相生关系是我生者为“子”，生我者为“母”，因为木生火，所以选火。]]></keypoints></question><question><type>1</type><format>text</format><desc><![CDATA[19．五行中，“水”的“子”是]]></desc><options><option><id>A</id><type>text</type><desc><![CDATA[金]]></desc></option><option><id>B</id><type>text</type><desc><![CDATA[木]]></desc></option><option><id>C</id><type>text</type><desc><![CDATA[水]]></desc></option><option><id>D</id><type>text</type><desc><![CDATA[火]]></desc></option><option><id>E</id><type>text</type><desc><![CDATA[土]]></desc></option></options><answers><![CDATA[B]]></answers><keypoints><![CDATA[解析：木行符合五行相生的次序。]]></keypoints></question><question><type>1</type><format>text</format><desc><![CDATA[20．五行相克关系中，金的“我克”是]]></desc><options><option><id>A</id><type>text</type><desc><![CDATA[木]]></desc></option><option><id>B</id><type>text</type><desc><![CDATA[火]]></desc></option><option><id>C</id><type>text</type><desc><![CDATA[土]]></desc></option><option><id>D</id><type>text</type><desc><![CDATA[金]]></desc></option><option><id>E</id><type>text</type><desc><![CDATA[水]]></desc></option></options><answers><![CDATA[A]]></answers><keypoints><![CDATA[解析：木行符合五行相克的次序。]]></keypoints></question></questions></exam>