﻿<?xml version="1.0" encoding="UTF-8"?><exam><id>20190510171101</id><questions><instructions><![CDATA[一、单项选择题]]></instructions><question><type>1</type><format>html</format><desc><![CDATA[1.下列<u><b>不属于</b></u>治则的是]]></desc><options><option><id>A</id><type>text</type><desc><![CDATA[治病求本]]></desc></option><option><id>B</id><type>text</type><desc><![CDATA[调整阴阳]]></desc></option><option><id>C</id><type>text</type><desc><![CDATA[清热泄火]]></desc></option><option><id>D</id><type>text</type><desc><![CDATA[扶正祛邪]]></desc></option><option><id>E</id><type>text</type><desc><![CDATA[三因制宜]]></desc></option></options><answers><![CDATA[C]]></answers><keypoints><![CDATA[解析：清热泄火是治法不是治则。]]></keypoints></question><question><type>1</type><format>text</format><desc><![CDATA[2.大出血患者应当采取的治则是]]></desc><options><option><id>A</id><type>text</type><desc><![CDATA[急则治标]]></desc></option><option><id>B</id><type>text</type><desc><![CDATA[缓则治本]]></desc></option><option><id>C</id><type>text</type><desc><![CDATA[标本兼治]]></desc></option><option><id>D</id><type>text</type><desc><![CDATA[扶正]]></desc></option><option><id>E</id><type>text</type><desc><![CDATA[祛邪]]></desc></option></options><answers><![CDATA[A]]></answers><keypoints><![CDATA[解析：大出血属于标病危急，所以应当急则治标。]]></keypoints></question><question><type>1</type><format>text</format><desc><![CDATA[3.中医治疗疾病的根本原则是]]></desc><options><option><id>A</id><type>text</type><desc><![CDATA[治病求本]]></desc></option><option><id>B</id><type>text</type><desc><![CDATA[扶正祛邪]]></desc></option><option><id>C</id><type>text</type><desc><![CDATA[调治脏腑]]></desc></option><option><id>D</id><type>text</type><desc><![CDATA[调理气血]]></desc></option><option><id>E</id><type>text</type><desc><![CDATA[三因制宜]]></desc></option></options><answers><![CDATA[A]]></answers><keypoints><![CDATA[解析:中医学治疗疾病的根本原则是治病求本。]]></keypoints></question><question><type>1</type><format>html</format><desc><![CDATA[4.下列哪一项<u><b>不属</b></u>于正治法则]]></desc><options><option><id>A</id><type>text</type><desc><![CDATA[热因热用]]></desc></option><option><id>B</id><type>text</type><desc><![CDATA[寒者热之]]></desc></option><option><id>C</id><type>text</type><desc><![CDATA[热者寒之]]></desc></option><option><id>D</id><type>text</type><desc><![CDATA[虚则补之]]></desc></option><option><id>E</id><type>text</type><desc><![CDATA[实则泻之]]></desc></option></options><answers><![CDATA[A]]></answers><keypoints><![CDATA[解析：热因热用属于反治法则。]]></keypoints></question><question><type>1</type><format>text</format><desc><![CDATA[5.用寒性药物治疗热性的病证是属于]]></desc><options><option><id>A</id><type>text</type><desc><![CDATA[寒因寒用]]></desc></option><option><id>B</id><type>text</type><desc><![CDATA[热因热用]]></desc></option><option><id>C</id><type>text</type><desc><![CDATA[虚则补之]]></desc></option><option><id>D</id><type>text</type><desc><![CDATA[寒者热之]]></desc></option><option><id>E</id><type>text</type><desc><![CDATA[热者寒之]]></desc></option></options><answers><![CDATA[E]]></answers></question><question><type>1</type><format>text</format><desc><![CDATA[6.“用寒远寒，用凉远凉，用温远温，用热远热”的治法体现的治则是]]></desc><options><option><id>A</id><type>text</type><desc><![CDATA[因时制宜]]></desc></option><option><id>B</id><type>text</type><desc><![CDATA[因地制宜]]></desc></option><option><id>C</id><type>text</type><desc><![CDATA[因人制宜]]></desc></option><option><id>D</id><type>text</type><desc><![CDATA[未病先防]]></desc></option><option><id>E</id><type>text</type><desc><![CDATA[既病防变]]></desc></option></options><answers><![CDATA[A]]></answers><keypoints><![CDATA[解析：四季气候的寒热温凉的不同，用药原则就不一样。]]></keypoints></question><question><type>1</type><format>text</format><desc><![CDATA[7.湿热之邪引起泄泻，治疗应选用的治则是]]></desc><options><option><id>A</id><type>text</type><desc><![CDATA[塞因塞用]]></desc></option><option><id>B</id><type>text</type><desc><![CDATA[通因通用]]></desc></option><option><id>C</id><type>text</type><desc><![CDATA[补气摄血]]></desc></option><option><id>D</id><type>text</type><desc><![CDATA[清热凉血]]></desc></option><option><id>E</id><type>text</type><desc><![CDATA[以上均非]]></desc></option></options><answers><![CDATA[B]]></answers><keypoints><![CDATA[解析：用活血化瘀药治疗瘀血崩漏，就是以通治通，属于通因通用。]]></keypoints></question><question><type>1</type><format>text</format><desc><![CDATA[8.阳盛格阴的真热假寒证，应采用的治则是]]></desc><options><option><id>A</id><type>text</type><desc><![CDATA[热因热用]]></desc></option><option><id>B</id><type>text</type><desc><![CDATA[寒因寒用]]></desc></option><option><id>C</id><type>text</type><desc><![CDATA[塞因塞用]]></desc></option><option><id>D</id><type>text</type><desc><![CDATA[通因通用]]></desc></option><option><id>E</id><type>text</type><desc><![CDATA[寒热并用]]></desc></option></options><answers><![CDATA[B]]></answers><keypoints><![CDATA[解析：寒因寒用就是用寒性药物治疗阳盛格阴的真热假寒证。]]></keypoints></question><question><type>1</type><format>text</format><desc><![CDATA[9.患者王某，男，55岁。咳喘无力，痰液清稀量多，少气懒言，语声低微，神疲体倦，动则益甚，面色㿠白。舌淡苔白腻，脉虚。应采用]]></desc><options><option><id>A</id><type>text</type><desc><![CDATA[治标]]></desc></option><option><id>B</id><type>text</type><desc><![CDATA[治本]]></desc></option><option><id>C</id><type>text</type><desc><![CDATA[扶正]]></desc></option><option><id>D</id><type>text</type><desc><![CDATA[祛邪]]></desc></option><option><id>E</id><type>text</type><desc><![CDATA[扶正祛邪兼用]]></desc></option></options><answers><![CDATA[E]]></answers><keypoints><![CDATA[解析：患者属于虚实夹杂证，故应扶正祛邪兼用。]]></keypoints></question><question><type>1</type><format>html</format><desc><![CDATA[10.下列各项，<u><b>不属</b></u>治疗“八法”范畴的是]]></desc><options><option><id>A</id><type>text</type><desc><![CDATA[汗法]]></desc></option><option><id>B</id><type>text</type><desc><![CDATA[吐法]]></desc></option><option><id>C</id><type>text</type><desc><![CDATA[攻法]]></desc></option><option><id>D</id><type>text</type><desc><![CDATA[和法]]></desc></option><option><id>E</id><type>text</type><desc><![CDATA[温法]]></desc></option></options><answers><![CDATA[C]]></answers></question><question><type>1</type><format>text</format><desc><![CDATA[11.用以治疗里寒证的治法是]]></desc><options><option><id>A</id><type>text</type><desc><![CDATA[清热法]]></desc></option><option><id>B</id><type>text</type><desc><![CDATA[祛寒法]]></desc></option><option><id>C</id><type>text</type><desc><![CDATA[解表法]]></desc></option><option><id>D</id><type>text</type><desc><![CDATA[催吐法]]></desc></option><option><id>E</id><type>text</type><desc><![CDATA[补益法]]></desc></option></options><answers><![CDATA[B]]></answers></question><question><type>1</type><format>text</format><desc><![CDATA[12.用补益药物治疗具有闭塞不通症状的真虚假实证，如脾虚腹胀痛，血枯经闭等。属于反治的]]></desc><options><option><id>A</id><type>text</type><desc><![CDATA[热因热用]]></desc></option><option><id>B</id><type>text</type><desc><![CDATA[塞因塞用]]></desc></option><option><id>C</id><type>text</type><desc><![CDATA[寒因寒用]]></desc></option><option><id>D</id><type>text</type><desc><![CDATA[通因通用]]></desc></option><option><id>E</id><type>text</type><desc><![CDATA[寒者热之]]></desc></option></options><answers><![CDATA[B]]></answers><keypoints><![CDATA[解析：塞因塞用就是用补益药物治疗具有闭塞不通症状的真虚假实证。]]></keypoints></question><question><type>1</type><format>text</format><desc><![CDATA[13.对阴阳偏衰所采取的治则是]]></desc><options><option><id>A</id><type>text</type><desc><![CDATA[寒者寒之]]></desc></option><option><id>B</id><type>text</type><desc><![CDATA[热者寒之]]></desc></option><option><id>C</id><type>text</type><desc><![CDATA[实者泻之]]></desc></option><option><id>D</id><type>text</type><desc><![CDATA[虚者补之]]></desc></option><option><id>E</id><type>text</type><desc><![CDATA[阴阳双补]]></desc></option></options><answers><![CDATA[D]]></answers><keypoints><![CDATA[解析：阴阳偏衰是虚证，故应当采用的治疗方法是“虚者补之”。]]></keypoints></question><question><type>1</type><format>text</format><desc><![CDATA[14.通因通用适用于]]></desc><options><option><id>A</id><type>text</type><desc><![CDATA[脾虚泄泻]]></desc></option><option><id>B</id><type>text</type><desc><![CDATA[气虚便血]]></desc></option><option><id>C</id><type>text</type><desc><![CDATA[瘀血崩漏]]></desc></option><option><id>D</id><type>text</type><desc><![CDATA[肾虚尿频]]></desc></option><option><id>E</id><type>text</type><desc><![CDATA[虚实夹杂]]></desc></option></options><answers><![CDATA[C]]></answers><keypoints><![CDATA[解析：瘀血崩漏属于真实假虚证，治宜通因通用。]]></keypoints></question><question><type>1</type><format>text</format><desc><![CDATA[15.以下属于正治的治则是]]></desc><options><option><id>A</id><type>text</type><desc><![CDATA[寒者热之]]></desc></option><option><id>B</id><type>text</type><desc><![CDATA[通因通用]]></desc></option><option><id>C</id><type>text</type><desc><![CDATA[热因热用]]></desc></option><option><id>D</id><type>text</type><desc><![CDATA[寒因寒用]]></desc></option><option><id>E</id><type>text</type><desc><![CDATA[以补开塞]]></desc></option></options><answers><![CDATA[A]]></answers></question><question><type>1</type><format>html</format><desc><![CDATA[16.以下<u><b>不属于</b></u>正治的是]]></desc><options><option><id>A</id><type>text</type><desc><![CDATA[塞因塞用]]></desc></option><option><id>B</id><type>text</type><desc><![CDATA[热者寒之]]></desc></option><option><id>C</id><type>text</type><desc><![CDATA[寒者热之]]></desc></option><option><id>D</id><type>text</type><desc><![CDATA[虚者补之]]></desc></option><option><id>E</id><type>text</type><desc><![CDATA[实者泻之]]></desc></option></options><answers><![CDATA[A]]></answers><keypoints><![CDATA[解析：塞因塞用属于反治法。]]></keypoints></question><question><type>1</type><format>text</format><desc><![CDATA[17.气血两虚患者，应采用的治法是]]></desc><options><option><id>A</id><type>text</type><desc><![CDATA[和法]]></desc></option><option><id>B</id><type>text</type><desc><![CDATA[清热法]]></desc></option><option><id>C</id><type>text</type><desc><![CDATA[补益气血]]></desc></option><option><id>D</id><type>text</type><desc><![CDATA[泻下法]]></desc></option><option><id>E</id><type>text</type><desc><![CDATA[补气法]]></desc></option></options><answers><![CDATA[C]]></answers></question><question><type>1</type><format>text</format><desc><![CDATA[18.使用扶正与祛邪兼用这一治则的要求是]]></desc><options><option><id>A</id><type>text</type><desc><![CDATA[扶正为主，兼以祛邪]]></desc></option><option><id>B</id><type>text</type><desc><![CDATA[先祛邪后扶正]]></desc></option><option><id>C</id><type>text</type><desc><![CDATA[先扶正后祛邪]]></desc></option><option><id>D</id><type>text</type><desc><![CDATA[扶正不留邪，祛邪不伤正]]></desc></option><option><id>E</id><type>text</type><desc><![CDATA[扶正与祛邪并重]]></desc></option></options><answers><![CDATA[D]]></answers></question><question><type>1</type><format>text</format><desc><![CDATA[19.阳胜之体慎用温热之剂的治疗属于]]></desc><options><option><id>A</id><type>text</type><desc><![CDATA[用热远热]]></desc></option><option><id>B</id><type>text</type><desc><![CDATA[因人制宜]]></desc></option><option><id>C</id><type>text</type><desc><![CDATA[热者寒之]]></desc></option><option><id>D</id><type>text</type><desc><![CDATA[阳病治阴]]></desc></option><option><id>E</id><type>text</type><desc><![CDATA[寒者热之]]></desc></option></options><answers><![CDATA[B]]></answers><keypoints><![CDATA[解析：体质不同治疗用药也不同，故应选因人制宜。]]></keypoints></question><question><type>1</type><format>text</format><desc><![CDATA[20.治疗气虚感冒的原则是]]></desc><options><option><id>A</id><type>text</type><desc><![CDATA[标本兼治]]></desc></option><option><id>B</id><type>text</type><desc><![CDATA[反治]]></desc></option><option><id>C</id><type>text</type><desc><![CDATA[急则治标]]></desc></option><option><id>D</id><type>text</type><desc><![CDATA[缓则治本]]></desc></option><option><id>E</id><type>text</type><desc><![CDATA[正治]]></desc></option></options><answers><![CDATA[A]]></answers><keypoints><![CDATA[解析：气虚感冒标本并重，故应标本兼治。]]></keypoints></question></questions></exam>