﻿<?xml version="1.0" encoding="UTF-8"?><exam><id>20190510171301</id><questions><instructions><![CDATA[一、单项选择题]]></instructions><question><type>1</type><format>html</format><desc><![CDATA[1.下列<u><b>不属于</b></u>中医养生原则的是]]></desc><options><option><id>A</id><type>text</type><desc><![CDATA[天人合一]]></desc></option><option><id>B</id><type>text</type><desc><![CDATA[顺应自然]]></desc></option><option><id>C</id><type>text</type><desc><![CDATA[动静结合，形神共养]]></desc></option><option><id>D</id><type>text</type><desc><![CDATA[调理脾胃]]></desc></option><option><id>E</id><type>text</type><desc><![CDATA[一概而论]]></desc></option></options><answers><![CDATA[E]]></answers></question><question><type>1</type><format>text</format><desc><![CDATA[2.下列能体现顺应自然养生思想的是]]></desc><options><option><id>A</id><type>text</type><desc><![CDATA[食饮有节]]></desc></option><option><id>B</id><type>text</type><desc><![CDATA[民以食为天]]></desc></option><option><id>C</id><type>text</type><desc><![CDATA[动静结合]]></desc></option><option><id>D</id><type>text</type><desc><![CDATA[生命在于运动]]></desc></option><option><id>E</id><type>text</type><desc><![CDATA[春夏养阳，秋冬养阴]]></desc></option></options><answers><![CDATA[E]]></answers></question><question><type>1</type><format>text</format><desc><![CDATA[3. 下列体现四季养生的是]]></desc><options><option><id>A</id><type>text</type><desc><![CDATA[春秋养阳]]></desc></option><option><id>B</id><type>text</type><desc><![CDATA[夏季养阴]]></desc></option><option><id>C</id><type>text</type><desc><![CDATA[秋冬养阳]]></desc></option><option><id>D</id><type>text</type><desc><![CDATA[春秋养阴]]></desc></option><option><id>E</id><type>text</type><desc><![CDATA[春夏养阳]]></desc></option></options><answers><![CDATA[E]]></answers></question><question><type>1</type><format>text</format><desc><![CDATA[4.根据顺时而养的养生原则，夜晚养]]></desc><options><option><id>A</id><type>text</type><desc><![CDATA[气]]></desc></option><option><id>B</id><type>text</type><desc><![CDATA[血]]></desc></option><option><id>C</id><type>text</type><desc><![CDATA[精]]></desc></option><option><id>D</id><type>text</type><desc><![CDATA[阴]]></desc></option><option><id>E</id><type>text</type><desc><![CDATA[阳]]></desc></option></options><answers><![CDATA[D]]></answers><keypoints><![CDATA[解析:夜晚属阴，宜于养阴，故本题正确答案为D。]]></keypoints></question><question><type>1</type><format>text</format><desc><![CDATA[5. 与人体的衰老关系最密切的是]]></desc><options><option><id>A</id><type>text</type><desc><![CDATA[心气]]></desc></option><option><id>B</id><type>text</type><desc><![CDATA[肺气]]></desc></option><option><id>C</id><type>text</type><desc><![CDATA[肾气]]></desc></option><option><id>D</id><type>text</type><desc><![CDATA[脾气]]></desc></option><option><id>E</id><type>text</type><desc><![CDATA[肝气]]></desc></option></options><answers><![CDATA[C]]></answers><keypoints><![CDATA[解析:肾是关系人体生长、发育、生殖以及衰老最重要的脏腑，故本题正确答案为C。]]></keypoints></question><question><type>1</type><format>text</format><desc><![CDATA[6.属于养生基本原则的是]]></desc><options><option><id>A</id><type>text</type><desc><![CDATA[形神共养]]></desc></option><option><id>B</id><type>text</type><desc><![CDATA[气血共养]]></desc></option><option><id>C</id><type>text</type><desc><![CDATA[精血共养]]></desc></option><option><id>D</id><type>text</type><desc><![CDATA[气津共养]]></desc></option><option><id>E</id><type>text</type><desc><![CDATA[津血共养]]></desc></option></options><answers><![CDATA[A]]></answers><keypoints><![CDATA[解析:养生的基本原则主要有法天顺地、形神共养、动静结合，故本题正确答案为A。]]></keypoints></question><question><type>1</type><format>text</format><desc><![CDATA[7. 下列哪一说法更符合科学的养生原则]]></desc><options><option><id>A</id><type>text</type><desc><![CDATA[生命在于多睡]]></desc></option><option><id>B</id><type>text</type><desc><![CDATA[生命在于多吃]]></desc></option><option><id>C</id><type>text</type><desc><![CDATA[生命在于多运动]]></desc></option><option><id>D</id><type>text</type><desc><![CDATA[生命在于静止]]></desc></option><option><id>E</id><type>text</type><desc><![CDATA[生命在于动静结合]]></desc></option></options><answers><![CDATA[E]]></answers><keypoints><![CDATA[解析:动静结合是养生的基本原则之一，是符合科学养生原则的，故本题正确答案为E。]]></keypoints></question><question><type>1</type><format>text</format><desc><![CDATA[8. 进食保健应注意避免的事项是]]></desc><options><option><id>A</id><type>text</type><desc><![CDATA[缓]]></desc></option><option><id>B</id><type>text</type><desc><![CDATA[专]]></desc></option><option><id>C</id><type>text</type><desc><![CDATA[乐]]></desc></option><option><id>D</id><type>text</type><desc><![CDATA[快]]></desc></option><option><id>E</id><type>text</type><desc><![CDATA[洁]]></desc></option></options><answers><![CDATA[D]]></answers><keypoints><![CDATA[解析:进食保健应注意不可过快，故本题正确答案为D。]]></keypoints></question><question><type>1</type><format>text</format><desc><![CDATA[9.“治未病”是指]]></desc><options><option><id>A</id><type>text</type><desc><![CDATA[治疗没有的病]]></desc></option><option><id>B</id><type>text</type><desc><![CDATA[不治病]]></desc></option><option><id>C</id><type>text</type><desc><![CDATA[没病]]></desc></option><option><id>D</id><type>text</type><desc><![CDATA[预防]]></desc></option><option><id>E</id><type>text</type><desc><![CDATA[有病不治]]></desc></option></options><answers><![CDATA[D]]></answers><keypoints><![CDATA[解析:中医范围内，预防被称作“治未病”，故本题正确答案为D。]]></keypoints></question><question><type>1</type><format>text</format><desc><![CDATA[10.从中医养生的角度，冬季慎用寒性药的理论依据是]]></desc><options><option><id>A</id><type>text</type><desc><![CDATA[因人制宜]]></desc></option><option><id>B</id><type>text</type><desc><![CDATA[因时制宜]]></desc></option><option><id>C</id><type>text</type><desc><![CDATA[因地制宜]]></desc></option><option><id>D</id><type>text</type><desc><![CDATA[治病求本]]></desc></option><option><id>E</id><type>text</type><desc><![CDATA[祛除邪气]]></desc></option></options><answers><![CDATA[B]]></answers></question><question><type>1</type><format>html</format><desc><![CDATA[11.有关老年人的饮食养生，下列说法<u><b>不正确</b></u>的是]]></desc><options><option><id>A</id><type>text</type><desc><![CDATA[宜食清淡饮食]]></desc></option><option><id>B</id><type>text</type><desc><![CDATA[宜食肥甘、营养丰富饮食]]></desc></option><option><id>C</id><type>text</type><desc><![CDATA[饮食多样化]]></desc></option><option><id>D</id><type>text</type><desc><![CDATA[饮食有节]]></desc></option><option><id>E</id><type>text</type><desc><![CDATA[营养均衡]]></desc></option></options><answers><![CDATA[B]]></answers></question><question><type>1</type><format>text</format><desc><![CDATA[12.“治未病”包括]]></desc><options><option><id>A</id><type>text</type><desc><![CDATA[未病先防和既病防变]]></desc></option><option><id>B</id><type>text</type><desc><![CDATA[早期诊治和控制传变]]></desc></option><option><id>C</id><type>text</type><desc><![CDATA[未病先防和早期诊治]]></desc></option><option><id>D</id><type>text</type><desc><![CDATA[早期诊治和既病防变]]></desc></option><option><id>E</id><type>text</type><desc><![CDATA[未病先防和控制传变]]></desc></option></options><answers><![CDATA[A]]></answers><keypoints><![CDATA[解析:“治未病”包括未病先防和既病防变两方面，故本题正确答案为A。]]></keypoints></question><question><type>1</type><format>html</format><desc><![CDATA[13.下列<u><b>不属于</b></u>提高人体正气的做法是]]></desc><options><option><id>A</id><type>text</type><desc><![CDATA[调和饮食起居]]></desc></option><option><id>B</id><type>text</type><desc><![CDATA[注意精神情志]]></desc></option><option><id>C</id><type>text</type><desc><![CDATA[身体锻炼]]></desc></option><option><id>D</id><type>text</type><desc><![CDATA[积极免疫]]></desc></option><option><id>E</id><type>text</type><desc><![CDATA[废寝忘食]]></desc></option></options><answers><![CDATA[E]]></answers><keypoints><![CDATA[解析:废寝忘食不利于提高人体正气，故本题正确答案为E。]]></keypoints></question><question><type>1</type><format>text</format><desc><![CDATA[14.感冒流行时，尽量减少在公共场所活动，这在“治未病”中属于]]></desc><options><option><id>A</id><type>text</type><desc><![CDATA[既病防变]]></desc></option><option><id>B</id><type>text</type><desc><![CDATA[提高正气]]></desc></option><option><id>C</id><type>text</type><desc><![CDATA[避开邪气]]></desc></option><option><id>D</id><type>text</type><desc><![CDATA[早期诊治]]></desc></option><option><id>E</id><type>text</type><desc><![CDATA[控制传变]]></desc></option></options><answers><![CDATA[C]]></answers><keypoints><![CDATA[解析:避免接触到流行的病邪，这在中医预防中属于避开邪气，故本题正确答案为C。]]></keypoints></question><question><type>1</type><format>text</format><desc><![CDATA[15.“见肝之病，知肝传脾，当先实脾。”这句话要求在“治未病”时注意]]></desc><options><option><id>A</id><type>text</type><desc><![CDATA[未病先防]]></desc></option><option><id>B</id><type>text</type><desc><![CDATA[顾护精气]]></desc></option><option><id>C</id><type>text</type><desc><![CDATA[早期诊治]]></desc></option><option><id>D</id><type>text</type><desc><![CDATA[控制传变]]></desc></option><option><id>E</id><type>text</type><desc><![CDATA[调和脏腑]]></desc></option></options><answers><![CDATA[D]]></answers><keypoints><![CDATA[解析:“见肝之病，知肝传脾，当先实脾”反映了切断传播，控制传变的思想，故本题正确答案为D。]]></keypoints></question><question><type>1</type><format>text</format><desc><![CDATA[16. 下列不属于调适起居养生内容的是]]></desc><options><option><id>A</id><type>text</type><desc><![CDATA[饮食宜饱]]></desc></option><option><id>B</id><type>text</type><desc><![CDATA[睡眠有节]]></desc></option><option><id>C</id><type>text</type><desc><![CDATA[通畅二便]]></desc></option><option><id>D</id><type>text</type><desc><![CDATA[节欲保精]]></desc></option><option><id>E</id><type>text</type><desc><![CDATA[衣着合宜]]></desc></option></options><answers><![CDATA[A]]></answers><keypoints><![CDATA[解析:饮食宜饱属于调和饮食的养生方法，而非调适起居养生的内容，故本题正确答案为A。]]></keypoints></question><question><type>1</type><format>text</format><desc><![CDATA[17.采取措施保养生命，提高生命质量，延长寿命的行为被称为]]></desc><options><option><id>A</id><type>text</type><desc><![CDATA[自生]]></desc></option><option><id>B</id><type>text</type><desc><![CDATA[养生]]></desc></option><option><id>C</id><type>text</type><desc><![CDATA[天生]]></desc></option><option><id>D</id><type>text</type><desc><![CDATA[长命]]></desc></option><option><id>E</id><type>text</type><desc><![CDATA[长岁]]></desc></option></options><answers><![CDATA[B]]></answers><keypoints><![CDATA[解析:养生即采取措施保养生命，提高生命质量，延长寿命的行为，故本题正确答案为B。]]></keypoints></question><question><type>1</type><format>text</format><desc><![CDATA[18.养生的最终目的是]]></desc><options><option><id>A</id><type>text</type><desc><![CDATA[强身健体]]></desc></option><option><id>B</id><type>text</type><desc><![CDATA[保家卫国]]></desc></option><option><id>C</id><type>text</type><desc><![CDATA[延年益寿]]></desc></option><option><id>D</id><type>text</type><desc><![CDATA[恬淡虚无]]></desc></option><option><id>E</id><type>text</type><desc><![CDATA[补中益气]]></desc></option></options><answers><![CDATA[C]]></answers><keypoints><![CDATA[解析:养生的最终目的是延年益寿，故本题正确答案为C。]]></keypoints></question><question><type>1</type><format>text</format><desc><![CDATA[19.“一方水土养一方人”的说法提示我们养生时须注意]]></desc><options><option><id>A</id><type>text</type><desc><![CDATA[形神共养]]></desc></option><option><id>B</id><type>text</type><desc><![CDATA[顺时而养]]></desc></option><option><id>C</id><type>text</type><desc><![CDATA[顺地域而养]]></desc></option><option><id>D</id><type>text</type><desc><![CDATA[动静结合]]></desc></option><option><id>E</id><type>text</type><desc><![CDATA[气血共养]]></desc></option></options><answers><![CDATA[C]]></answers><keypoints><![CDATA[解析:“一方水土养一方人”要求在养生时顺地域而养，故本题正确答案为C。]]></keypoints></question><question><type>1</type><format>text</format><desc><![CDATA[20.培养—定的兴趣爱好，这在精神养生中属于]]></desc><options><option><id>A</id><type>text</type><desc><![CDATA[四气调神]]></desc></option><option><id>B</id><type>text</type><desc><![CDATA[情有所系]]></desc></option><option><id>C</id><type>text</type><desc><![CDATA[调和七情]]></desc></option><option><id>D</id><type>text</type><desc><![CDATA[怡情养性]]></desc></option><option><id>E</id><type>text</type><desc><![CDATA[畅情达志]]></desc></option></options><answers><![CDATA[B]]></answers><keypoints><![CDATA[解析:情有所系要求精神生活要有所寄托，其具体方法就是培养—定的兴趣爱好，故本题正确答案为B。]]></keypoints></question></questions></exam>