﻿<?xml version="1.0" encoding="UTF-8"?><exam><id>20190510165754</id><questions><instructions><![CDATA[一、单项选择题]]></instructions><question><type>1</type><format>text</format><desc><![CDATA[1.下列奠定了中医学的理论基础的书是]]></desc><options><option><id>A</id><type>text</type><desc><![CDATA[《伤寒论》]]></desc></option><option><id>B</id><type>text</type><desc><![CDATA[《金匮要略》]]></desc></option><option><id>C</id><type>text</type><desc><![CDATA[《黄帝内经》]]></desc></option><option><id>D</id><type>text</type><desc><![CDATA[《神农本草经》]]></desc></option><option><id>E</id><type>text</type><desc><![CDATA[《本草纲目》]]></desc></option></options><answers><![CDATA[C]]></answers><keypoints><![CDATA[解析：《内经》从整体出发系统阐述了人体的结构、生理、病理、疾病的诊断与治疗、预防与养生等内容，不仅奠定了中医学的理论基础，同时也奠定了中医护理学的理论基础。]]></keypoints></question><question><type>1</type><format>text</format><desc><![CDATA[2.中医“同病异治”和“异病同治”的根本原因在于]]></desc><options><option><id>A</id><type>text</type><desc><![CDATA[对症治疗]]></desc></option><option><id>B</id><type>text</type><desc><![CDATA[辨病治疗]]></desc></option><option><id>C</id><type>text</type><desc><![CDATA[因人而异]]></desc></option><option><id>D</id><type>text</type><desc><![CDATA[辨证论治]]></desc></option><option><id>E</id><type>text</type><desc><![CDATA[对因治疗]]></desc></option></options><answers><![CDATA[D]]></answers><keypoints><![CDATA[解析：同一种疾病，由于发病的时间、地域不同，或所处疾病的阶段不同，或患者的体质不同，所表现出的证就不同，因而治疗和护理方法也就不同，这是“同病异治”“同病异治”。]]></keypoints></question><question><type>1</type><format>text</format><desc><![CDATA[3.我国第一部药物学专著是]]></desc><options><option><id>A</id><type>text</type><desc><![CDATA[《本草纲目》]]></desc></option><option><id>B</id><type>text</type><desc><![CDATA[《神农本草经》]]></desc></option><option><id>C</id><type>text</type><desc><![CDATA[《新修本草》]]></desc></option><option><id>D</id><type>text</type><desc><![CDATA[《伤寒论》]]></desc></option><option><id>E</id><type>text</type><desc><![CDATA[《黄帝内经》]]></desc></option></options><answers><![CDATA[B]]></answers><keypoints><![CDATA[解析：《神农本草经》约成书于汉代，是我国现存最早的一部中药学专著。]]></keypoints></question><question><type>1</type><format>text</format><desc><![CDATA[4.下列属于中医学的基本特征的是]]></desc><options><option><id>A</id><type>text</type><desc><![CDATA[同病异治]]></desc></option><option><id>B</id><type>text</type><desc><![CDATA[异病同治]]></desc></option><option><id>C</id><type>text</type><desc><![CDATA[混合治]]></desc></option><option><id>D</id><type>text</type><desc><![CDATA[辨证论治]]></desc></option><option><id>E</id><type>text</type><desc><![CDATA[标本兼治]]></desc></option></options><answers><![CDATA[D]]></answers><keypoints><![CDATA[解析：中医学的基本特点主要包括整体观念和辨证论治。]]></keypoints></question><question><type>1</type><format>text</format><desc><![CDATA[5.中医学中的“证”的概念是指]]></desc><options><option><id>A</id><type>text</type><desc><![CDATA[疾病]]></desc></option><option><id>B</id><type>text</type><desc><![CDATA[症状]]></desc></option><option><id>C</id><type>text</type><desc><![CDATA[体征]]></desc></option><option><id>D</id><type>text</type><desc><![CDATA[对患者机体发生疾病过程中某一阶段的病情特点的总结]]></desc></option><option><id>E</id><type>text</type><desc><![CDATA[对患者机体发生疾病的整个过程的病情特点和规律的总结]]></desc></option></options><answers><![CDATA[D]]></answers><keypoints><![CDATA[解析：证，即证候，是指疾病过程中某一阶段或某一类型的病理概括，能揭示疾病的原因、部位、性质和邪正盛衰变化。]]></keypoints></question><question><type>1</type><format>text</format><desc><![CDATA[6.下列开创了中医辨证论治的先河的书是]]></desc><options><option><id>A</id><type>text</type><desc><![CDATA[《本草纲目》]]></desc></option><option><id>B</id><type>text</type><desc><![CDATA[《神农本草经》]]></desc></option><option><id>C</id><type>text</type><desc><![CDATA[《新修本草》]]></desc></option><option><id>D</id><type>text</type><desc><![CDATA[《伤寒杂病论》]]></desc></option><option><id>E</id><type>text</type><desc><![CDATA[《黄帝内经》]]></desc></option></options><answers><![CDATA[D]]></answers><keypoints><![CDATA[解析：《伤寒杂病论》是我国现存最早的一部临床医学巨著，它不仅奠定了中医辨证论治理论体系的基础，也开创了临床辨证论治的先河。]]></keypoints></question><question><type>1</type><format>text</format><desc><![CDATA[7.张仲景被后世医家尊称为]]></desc><options><option><id>A</id><type>text</type><desc><![CDATA[外科鼻祖]]></desc></option><option><id>B</id><type>text</type><desc><![CDATA[药王]]></desc></option><option><id>C</id><type>text</type><desc><![CDATA[医圣]]></desc></option><option><id>D</id><type>text</type><desc><![CDATA[药圣]]></desc></option><option><id>E</id><type>text</type><desc><![CDATA[医王]]></desc></option></options><answers><![CDATA[C]]></answers><keypoints><![CDATA[解析：张仲景为东汉末年人，著有《伤寒杂病论》，被后世推崇为“医圣”。]]></keypoints></question><question><type>1</type><format>text</format><desc><![CDATA[8.华佗被后世医家尊称为]]></desc><options><option><id>A</id><type>text</type><desc><![CDATA[外科鼻祖]]></desc></option><option><id>B</id><type>text</type><desc><![CDATA[药王]]></desc></option><option><id>C</id><type>text</type><desc><![CDATA[医圣]]></desc></option><option><id>D</id><type>text</type><desc><![CDATA[药圣]]></desc></option><option><id>E</id><type>text</type><desc><![CDATA[医王]]></desc></option></options><answers><![CDATA[A]]></answers><keypoints><![CDATA[解析：华佗是东汉末年的名医，擅长外科手术，被称为外科鼻祖。]]></keypoints></question><question><type>1</type><format>text</format><desc><![CDATA[9.孙思邈被后世医家尊称为]]></desc><options><option><id>A</id><type>text</type><desc><![CDATA[外科鼻祖]]></desc></option><option><id>B</id><type>text</type><desc><![CDATA[药王]]></desc></option><option><id>C</id><type>text</type><desc><![CDATA[医圣]]></desc></option><option><id>D</id><type>text</type><desc><![CDATA[药圣]]></desc></option><option><id>E</id><type>text</type><desc><![CDATA[医王]]></desc></option></options><answers><![CDATA[B]]></answers><keypoints><![CDATA[解析：唐代名医孙思邈著有《千金方》，被称为“药王”。]]></keypoints></question><question><type>1</type><format>text</format><desc><![CDATA[10.《伤寒杂病论》的作者是]]></desc><options><option><id>A</id><type>text</type><desc><![CDATA[张仲景]]></desc></option><option><id>B</id><type>text</type><desc><![CDATA[孙思邈]]></desc></option><option><id>C</id><type>text</type><desc><![CDATA[华佗]]></desc></option><option><id>D</id><type>text</type><desc><![CDATA[李时珍]]></desc></option><option><id>E</id><type>text</type><desc><![CDATA[董奉]]></desc></option></options><answers><![CDATA[A]]></answers><keypoints><![CDATA[解析：张仲景为东汉末年人，著有《伤寒杂病论》。]]></keypoints></question><question><type>1</type><format>text</format><desc><![CDATA[11.《备急千金要方》的作者是]]></desc><options><option><id>A</id><type>text</type><desc><![CDATA[张仲景]]></desc></option><option><id>B</id><type>text</type><desc><![CDATA[孙思邈]]></desc></option><option><id>C</id><type>text</type><desc><![CDATA[华佗]]></desc></option><option><id>D</id><type>text</type><desc><![CDATA[李时珍]]></desc></option><option><id>E</id><type>text</type><desc><![CDATA[董奉]]></desc></option></options><answers><![CDATA[B]]></answers><keypoints><![CDATA[解析：唐代名医孙思邈著有《千金方》。]]></keypoints></question><question><type>1</type><format>text</format><desc><![CDATA[12.首创“麻沸散”和“五禽戏”的医学家是。]]></desc><options><option><id>A</id><type>text</type><desc><![CDATA[张仲景]]></desc></option><option><id>B</id><type>text</type><desc><![CDATA[孙思邈]]></desc></option><option><id>C</id><type>text</type><desc><![CDATA[华佗]]></desc></option><option><id>D</id><type>text</type><desc><![CDATA[李时珍]]></desc></option><option><id>E</id><type>text</type><desc><![CDATA[董奉]]></desc></option></options><answers><![CDATA[C]]></answers><keypoints><![CDATA[解析：华佗是东汉末年的名医，首创的麻沸散是世界上最早的外科手术麻醉剂；创造的“五禽戏”，将体育与医疗、护理结合起来，从而成为保健体操的创始人。]]></keypoints></question><question><type>1</type><format>text</format><desc><![CDATA[13.《本草纲目》的作者是]]></desc><options><option><id>A</id><type>text</type><desc><![CDATA[张仲景]]></desc></option><option><id>B</id><type>text</type><desc><![CDATA[孙思邈]]></desc></option><option><id>C</id><type>text</type><desc><![CDATA[华佗]]></desc></option><option><id>D</id><type>text</type><desc><![CDATA[李时珍]]></desc></option><option><id>E</id><type>text</type><desc><![CDATA[董奉]]></desc></option></options><answers><![CDATA[D]]></answers><keypoints><![CDATA[解析：明代药物学家李时珍著有《本草纲目》，是作者在继承和总结以前本草学成就的基础上，经过实践和钻研，历时数十年而编成的一部巨著D。]]></keypoints></question><question><type>1</type><format>text</format><desc><![CDATA[14.“杏林”典故中的主要人物是]]></desc><options><option><id>A</id><type>text</type><desc><![CDATA[张仲景]]></desc></option><option><id>B</id><type>text</type><desc><![CDATA[孙思邈]]></desc></option><option><id>C</id><type>text</type><desc><![CDATA[华佗]]></desc></option><option><id>D</id><type>text</type><desc><![CDATA[李时珍]]></desc></option><option><id>E</id><type>text</type><desc><![CDATA[董奉]]></desc></option></options><answers><![CDATA[E]]></answers><keypoints><![CDATA[解析：董奉为东汉末年人，医术高超，医德高尚，在民间留下了“杏林春暖”的佳话，后来“杏林”成为了中医行业的代称。]]></keypoints></question><question><type>1</type><format>text</format><desc><![CDATA[15.属于中医学“温病派”代表人物之一的是]]></desc><options><option><id>A</id><type>text</type><desc><![CDATA[张子和]]></desc></option><option><id>B</id><type>text</type><desc><![CDATA[刘完素]]></desc></option><option><id>C</id><type>text</type><desc><![CDATA[李东垣]]></desc></option><option><id>D</id><type>text</type><desc><![CDATA[朱丹溪]]></desc></option><option><id>E</id><type>text</type><desc><![CDATA[吴鞠通]]></desc></option></options><answers><![CDATA[E]]></answers><keypoints><![CDATA[解析：清代名医吴鞠通著有《温病条辨》一书，是明清时期温病学派四大家之一。]]></keypoints></question><question><type>1</type><format>text</format><desc><![CDATA[16.属于中医学“金元四大家”中“攻邪派”代表人物的是]]></desc><options><option><id>A</id><type>text</type><desc><![CDATA[张子和]]></desc></option><option><id>B</id><type>text</type><desc><![CDATA[刘完素]]></desc></option><option><id>C</id><type>text</type><desc><![CDATA[李东垣]]></desc></option><option><id>D</id><type>text</type><desc><![CDATA[朱丹溪]]></desc></option><option><id>E</id><type>text</type><desc><![CDATA[吴鞠通]]></desc></option></options><answers><![CDATA[A]]></answers><keypoints><![CDATA[解析：张子和是金元时期名医，主张治病以攻邪为主，是“攻邪派”的代表人物。]]></keypoints></question><question><type>1</type><format>text</format><desc><![CDATA[17.属于中医学“金元四大家”中“滋阴派”代表人物的是]]></desc><options><option><id>A</id><type>text</type><desc><![CDATA[张子和]]></desc></option><option><id>B</id><type>text</type><desc><![CDATA[刘完素]]></desc></option><option><id>C</id><type>text</type><desc><![CDATA[李东垣]]></desc></option><option><id>D</id><type>text</type><desc><![CDATA[朱丹溪]]></desc></option><option><id>E</id><type>text</type><desc><![CDATA[吴鞠通]]></desc></option></options><answers><![CDATA[D]]></answers><keypoints><![CDATA[解析：朱丹溪是金元时期名医，主张治病以滋补阴液为主，是“滋阴派”的代表人物。]]></keypoints></question><question><type>1</type><format>text</format><desc><![CDATA[18.能体现中医护理学“整体观念”的是]]></desc><options><option><id>A</id><type>text</type><desc><![CDATA[天人合一]]></desc></option><option><id>B</id><type>text</type><desc><![CDATA[仁慈博爱]]></desc></option><option><id>C</id><type>text</type><desc><![CDATA[众生平等]]></desc></option><option><id>D</id><type>text</type><desc><![CDATA[舍己为人]]></desc></option><option><id>E</id><type>text</type><desc><![CDATA[无私奉献]]></desc></option></options><answers><![CDATA[A]]></answers><keypoints><![CDATA[解析：整体观念源于古代道家的天人合一的朴素唯物主义思想。]]></keypoints></question><question><type>1</type><format>text</format><desc><![CDATA[19.中医诊断、辨别患者病情的最主要依据是]]></desc><options><option><id>A</id><type>text</type><desc><![CDATA[症]]></desc></option><option><id>B</id><type>text</type><desc><![CDATA[证]]></desc></option><option><id>C</id><type>text</type><desc><![CDATA[病]]></desc></option><option><id>D</id><type>text</type><desc><![CDATA[疾]]></desc></option><option><id>E</id><type>text</type><desc><![CDATA[痈]]></desc></option></options><answers><![CDATA[B]]></answers><keypoints><![CDATA[解析：中医护理学的基本特点之一便是辨证论治。]]></keypoints></question></questions></exam>