﻿<?xml version="1.0" encoding="UTF-8"?><exam><id>20181113133451</id><questions><instructions><![CDATA[A1型题]]></instructions><question><type>1</type><format>html</format><desc><![CDATA[1.牙周炎的全身易感因素<u><b>不包括</b></u>下述哪一项]]></desc><options><option><id>A</id><type>text</type><desc><![CDATA[肾炎]]></desc></option><option><id>B</id><type>text</type><desc><![CDATA[糖尿病]]></desc></option><option><id>C</id><type>text</type><desc><![CDATA[精神压力]]></desc></option><option><id>D</id><type>text</type><desc><![CDATA[吸烟]]></desc></option><option><id>E</id><type>text</type><desc><![CDATA[口腔卫生不良]]></desc></option></options><answers><![CDATA[A]]></answers></question><question><type>1</type><format>text</format><desc><![CDATA[2.急性牙髓炎和龈乳头炎的鉴别诊断要点是哪一项]]></desc><options><option><id>A</id><type>text</type><desc><![CDATA[自发性疼痛]]></desc></option><option><id>B</id><type>text</type><desc><![CDATA[患处邻牙间食物嵌塞，牙龈乳头水肿、充血]]></desc></option><option><id>C</id><type>text</type><desc><![CDATA[夜间痛]]></desc></option><option><id>D</id><type>text</type><desc><![CDATA[温度刺激]]></desc></option><option><id>E</id><type>text</type><desc><![CDATA[叩痛]]></desc></option></options><answers><![CDATA[B]]></answers></question><question><type>1</type><format>text</format><desc><![CDATA[3.用3%过氧化氢做牙周袋内冲洗的作用是什么]]></desc><options><option><id>A</id><type>text</type><desc><![CDATA[具有广谱杀菌作用]]></desc></option><option><id>B</id><type>text</type><desc><![CDATA[改变牙周袋内厌氧环境]]></desc></option><option><id>C</id><type>text</type><desc><![CDATA[作用时间长，杀菌效率高]]></desc></option><option><id>D</id><type>text</type><desc><![CDATA[迅速吸附于细菌表面而发挥杀菌作用]]></desc></option><option><id>E</id><type>text</type><desc><![CDATA[具有抑菌作用]]></desc></option></options><answers><![CDATA[B]]></answers></question><question><type>1</type><format>text</format><desc><![CDATA[4.牙周病最有效的预防措施是]]></desc><options><option><id>A</id><type>text</type><desc><![CDATA[定期洁治，养成良好的卫生习惯]]></desc></option><option><id>B</id><type>text</type><desc><![CDATA[盐水漱口，使用药物牙膏]]></desc></option><option><id>C</id><type>text</type><desc><![CDATA[定期调合，去除创伤因素]]></desc></option><option><id>D</id><type>text</type><desc><![CDATA[牙周翻瓣手术]]></desc></option><option><id>E</id><type>text</type><desc><![CDATA[改善口腔局部卫生]]></desc></option></options><answers><![CDATA[A]]></answers></question><question><type>1</type><format>html</format><desc><![CDATA[5.菌斑滞留的因素<u><b>不包括</b></u>]]></desc><options><option><id>A</id><type>text</type><desc><![CDATA[食物嵌塞]]></desc></option><option><id>B</id><type>text</type><desc><![CDATA[不良修复体]]></desc></option><option><id>C</id><type>text</type><desc><![CDATA[牙排列拥挤]]></desc></option><option><id>D</id><type>text</type><desc><![CDATA[牙周病]]></desc></option><option><id>E</id><type>text</type><desc><![CDATA[口腔卫生不良]]></desc></option></options><answers><![CDATA[D]]></answers></question><question><type>1</type><format>html</format><desc><![CDATA[6.关于牙周病的叙述下列哪项<u><b>不准确</b></u>]]></desc><options><option><id>A</id><type>text</type><desc><![CDATA[慢性]]></desc></option><option><id>B</id><type>text</type><desc><![CDATA[感染性]]></desc></option><option><id>C</id><type>text</type><desc><![CDATA[非特异性]]></desc></option><option><id>D</id><type>text</type><desc><![CDATA[破坏性疾病]]></desc></option><option><id>E</id><type>text</type><desc><![CDATA[多因素疾病]]></desc></option></options><answers><![CDATA[D]]></answers></question><question><type>1</type><format>html</format><desc><![CDATA[7.下列哪项症状<u><b>不是</b></u>牙龈炎症状]]></desc><options><option><id>A</id><type>text</type><desc><![CDATA[牙龈改变]]></desc></option><option><id>B</id><type>text</type><desc><![CDATA[龈沟深度增加]]></desc></option><option><id>C</id><type>text</type><desc><![CDATA[牙龈轻触即出血]]></desc></option><option><id>D</id><type>text</type><desc><![CDATA[龈沟液渗出增多或溢脓]]></desc></option><option><id>E</id><type>text</type><desc><![CDATA[牙槽骨吸收]]></desc></option></options><answers><![CDATA[E]]></answers></question><question><type>1</type><format>html</format><desc><![CDATA[8.下列哪项症状<u><b>不是</b></u>牙周炎症状]]></desc><options><option><id>A</id><type>text</type><desc><![CDATA[有牙龈炎症]]></desc></option><option><id>B</id><type>text</type><desc><![CDATA[牙周袋形成]]></desc></option><option><id>C</id><type>text</type><desc><![CDATA[牙龈轻度水肿]]></desc></option><option><id>D</id><type>text</type><desc><![CDATA[牙槽骨吸收]]></desc></option><option><id>E</id><type>text</type><desc><![CDATA[牙齿松动]]></desc></option></options><answers><![CDATA[C]]></answers></question></questions><questions><instructions><![CDATA[A2型题]]></instructions><question><type>2</type><format>text</format><desc><![CDATA[9.病人，男性,16岁。刷牙时发现牙龈有出血现象，近来有加重的趋势，咬苹果时也有出血现象，该病人的诊断是]]></desc><options><option><id>A</id><type>text</type><desc><![CDATA[牙龈炎]]></desc></option><option><id>B</id><type>text</type><desc><![CDATA[急性牙周炎]]></desc></option><option><id>C</id><type>text</type><desc><![CDATA[牙龈水肿]]></desc></option><option><id>D</id><type>text</type><desc><![CDATA[慢性牙周炎]]></desc></option><option><id>E</id><type>text</type><desc><![CDATA[青春性牙龈炎]]></desc></option></options><answers><![CDATA[D]]></answers></question><question><type>2</type><format>text</format><desc><![CDATA[10.病人，男性,60岁。牙龈肿胀出血，口臭。近龈缘处局部呈卵圆形突起，有搏动性疼痛，轻压牙龈可有脓液从牙周袋中溢出。该病人的诊断是]]></desc><options><option><id>A</id><type>text</type><desc><![CDATA[急性牙周炎]]></desc></option><option><id>B</id><type>text</type><desc><![CDATA[慢性牙周炎]]></desc></option><option><id>C</id><type>text</type><desc><![CDATA[牙龈脓肿]]></desc></option><option><id>D</id><type>text</type><desc><![CDATA[牙周脓肿]]></desc></option><option><id>E</id><type>text</type><desc><![CDATA[重度牙周炎]]></desc></option></options><answers><![CDATA[C]]></answers></question></questions></exam>