﻿<?xml version="1.0" encoding="UTF-8"?><exam><id>20181112152447</id><questions><instructions><![CDATA[A1型题]]></instructions><question><type>1</type><format>text</format><desc><![CDATA[1.调节眼压的主要因素是]]></desc><options><option><id>A</id><type>text</type><desc><![CDATA[房水]]></desc></option><option><id>B</id><type>text</type><desc><![CDATA[晶状体]]></desc></option><option><id>C</id><type>text</type><desc><![CDATA[玻璃体]]></desc></option><option><id>D</id><type>text</type><desc><![CDATA[虹膜]]></desc></option><option><id>E</id><type>text</type><desc><![CDATA[脉络膜]]></desc></option></options><answers><![CDATA[A]]></answers></question><question><type>1</type><format>text</format><desc><![CDATA[2.房水排出的主要途径是]]></desc><options><option><id>A</id><type>text</type><desc><![CDATA[虹膜]]></desc></option><option><id>B</id><type>text</type><desc><![CDATA[脉络膜]]></desc></option><option><id>C</id><type>text</type><desc><![CDATA[房角小梁网]]></desc></option><option><id>D</id><type>text</type><desc><![CDATA[集合管]]></desc></option><option><id>E</id><type>text</type><desc><![CDATA[晶状体]]></desc></option></options><answers><![CDATA[C]]></answers></question><question><type>1</type><format>text</format><desc><![CDATA[3.房水的生成部位是]]></desc><options><option><id>A</id><type>text</type><desc><![CDATA[视网膜]]></desc></option><option><id>B</id><type>text</type><desc><![CDATA[小梁网]]></desc></option><option><id>C</id><type>text</type><desc><![CDATA[睫状突]]></desc></option><option><id>D</id><type>text</type><desc><![CDATA[晶状体]]></desc></option><option><id>E</id><type>text</type><desc><![CDATA[视网膜]]></desc></option></options><answers><![CDATA[C]]></answers></question><question><type>1</type><format>html</format><desc><![CDATA[4.晶状体的生理作用<b>不包括</b>]]></desc><options><option><id>A</id><type>text</type><desc><![CDATA[屈光]]></desc></option><option><id>B</id><type>text</type><desc><![CDATA[调节]]></desc></option><option><id>C</id><type>text</type><desc><![CDATA[对周围组织的支撑作用]]></desc></option><option><id>D</id><type>text</type><desc><![CDATA[吸收紫外线，保护视网膜]]></desc></option><option><id>E</id><type>text</type><desc><![CDATA[与房水和玻璃体进行物质交换]]></desc></option></options><answers><![CDATA[C]]></answers></question><question><type>1</type><format>text</format><desc><![CDATA[5.眼球中起“暗箱”作用的是]]></desc><options><option><id>A</id><type>text</type><desc><![CDATA[葡萄膜]]></desc></option><option><id>B</id><type>text</type><desc><![CDATA[晶状体]]></desc></option><option><id>C</id><type>text</type><desc><![CDATA[视网膜]]></desc></option><option><id>D</id><type>text</type><desc><![CDATA[巩膜]]></desc></option><option><id>E</id><type>text</type><desc><![CDATA[角膜]]></desc></option></options><answers><![CDATA[D]]></answers></question><question><type>1</type><format>html</format><desc><![CDATA[6.以下<b>不属于</b>角膜的生理特点的是]]></desc><options><option><id>A</id><type>text</type><desc><![CDATA[透明]]></desc></option><option><id>B</id><type>text</type><desc><![CDATA[无血管]]></desc></option><option><id>C</id><type>text</type><desc><![CDATA[感光神经丰富]]></desc></option><option><id>D</id><type>text</type><desc><![CDATA[屈光间质之一]]></desc></option><option><id>E</id><type>text</type><desc><![CDATA[弯曲度规则]]></desc></option></options><answers><![CDATA[B]]></answers></question><question><type>1</type><format>html</format><desc><![CDATA[7.关于房水的生理功能<b>错误</b>的是]]></desc><options><option><id>A</id><type>text</type><desc><![CDATA[营养角膜]]></desc></option><option><id>B</id><type>text</type><desc><![CDATA[营养睫状体]]></desc></option><option><id>C</id><type>text</type><desc><![CDATA[维持眼内压]]></desc></option><option><id>D</id><type>text</type><desc><![CDATA[构成屈光间质]]></desc></option><option><id>E</id><type>text</type><desc><![CDATA[营养晶状体]]></desc></option></options><answers><![CDATA[B]]></answers></question><question><type>1</type><format>text</format><desc><![CDATA[8.泪器包括]]></desc><options><option><id>A</id><type>text</type><desc><![CDATA[泪腺--泪小管--泪囊--下鼻道]]></desc></option><option><id>B</id><type>text</type><desc><![CDATA[泪腺--泪小点--泪小管--泪囊]]></desc></option><option><id>C</id><type>text</type><desc><![CDATA[泪腺--泪点--泪小管--泪囊--鼻泪管]]></desc></option><option><id>D</id><type>text</type><desc><![CDATA[泪腺--泪道--泪小管--泪囊--鼻泪管]]></desc></option><option><id>E</id><type>text</type><desc><![CDATA[泪腺--泪囊--鼻泪管--泪小点]]></desc></option></options><answers><![CDATA[C]]></answers></question><question><type>1</type><format>text</format><desc><![CDATA[9.在角膜组织损伤后恢复最快的是]]></desc><options><option><id>A</id><type>text</type><desc><![CDATA[实质层]]></desc></option><option><id>B</id><type>text</type><desc><![CDATA[前弹力层]]></desc></option><option><id>C</id><type>text</type><desc><![CDATA[上皮层]]></desc></option><option><id>D</id><type>text</type><desc><![CDATA[后弹力层]]></desc></option><option><id>E</id><type>text</type><desc><![CDATA[基质层]]></desc></option></options><answers><![CDATA[C]]></answers></question><question><type>1</type><format>text</format><desc><![CDATA[10.主要动作使眼球上转、次要动作使眼球内旋的是]]></desc><options><option><id>A</id><type>text</type><desc><![CDATA[上直肌]]></desc></option><option><id>B</id><type>text</type><desc><![CDATA[下直肌]]></desc></option><option><id>C</id><type>text</type><desc><![CDATA[上斜肌]]></desc></option><option><id>D</id><type>text</type><desc><![CDATA[下斜肌]]></desc></option><option><id>E</id><type>text</type><desc><![CDATA[内直肌]]></desc></option></options><answers><![CDATA[A]]></answers></question><question><type>1</type><format>text</format><desc><![CDATA[11.下斜肌在第一眼位的主要作用是]]></desc><options><option><id>A</id><type>text</type><desc><![CDATA[外转]]></desc></option><option><id>B</id><type>text</type><desc><![CDATA[内转]]></desc></option><option><id>C</id><type>text</type><desc><![CDATA[外旋]]></desc></option><option><id>D</id><type>text</type><desc><![CDATA[内旋]]></desc></option><option><id>E</id><type>text</type><desc><![CDATA[上转]]></desc></option></options><answers><![CDATA[C]]></answers></question><question><type>1</type><format>text</format><desc><![CDATA[12.角膜损伤后具有可再生能力的是]]></desc><options><option><id>A</id><type>text</type><desc><![CDATA[前弹力层、内皮层]]></desc></option><option><id>B</id><type>text</type><desc><![CDATA[基质层、后弹力层]]></desc></option><option><id>C</id><type>text</type><desc><![CDATA[上皮细胞层、基质层]]></desc></option><option><id>D</id><type>text</type><desc><![CDATA[上皮细胞层、后弹力层]]></desc></option><option><id>E</id><type>text</type><desc><![CDATA[前弹力层、后弹力层]]></desc></option></options><answers><![CDATA[D]]></answers></question><question><type>1</type><format>html</format><desc><![CDATA[13.眼的屈光间质<b>不包括</b>]]></desc><options><option><id>A</id><type>text</type><desc><![CDATA[玻璃体]]></desc></option><option><id>B</id><type>text</type><desc><![CDATA[晶状体]]></desc></option><option><id>C</id><type>text</type><desc><![CDATA[瞳孔]]></desc></option><option><id>D</id><type>text</type><desc><![CDATA[房水]]></desc></option><option><id>E</id><type>text</type><desc><![CDATA[角膜]]></desc></option></options><answers><![CDATA[C]]></answers></question><question><type>1</type><format>text</format><desc><![CDATA[14.葡萄膜由前到后分别为]]></desc><options><option><id>A</id><type>text</type><desc><![CDATA[脉络膜--睫状体--虹膜]]></desc></option><option><id>B</id><type>text</type><desc><![CDATA[睫状体--虹膜--脉络膜]]></desc></option><option><id>C</id><type>text</type><desc><![CDATA[脉络膜--虹膜--睫状体]]></desc></option><option><id>D</id><type>text</type><desc><![CDATA[虹膜--睫状体--脉络膜]]></desc></option><option><id>E</id><type>text</type><desc><![CDATA[虹膜--脉络膜--睫状体]]></desc></option></options><answers><![CDATA[D]]></answers></question><question><type>1</type><format>text</format><desc><![CDATA[15.视中枢位于]]></desc><options><option><id>A</id><type>text</type><desc><![CDATA[额叶]]></desc></option><option><id>B</id><type>text</type><desc><![CDATA[颞叶]]></desc></option><option><id>C</id><type>text</type><desc><![CDATA[枕叶]]></desc></option><option><id>D</id><type>text</type><desc><![CDATA[顶叶]]></desc></option><option><id>E</id><type>text</type><desc><![CDATA[小脑]]></desc></option></options><answers><![CDATA[C]]></answers></question><question><type>1</type><format>text</format><desc><![CDATA[16.黄斑中心凹处仅有感光细胞的是]]></desc><options><option><id>A</id><type>text</type><desc><![CDATA[视杆细胞]]></desc></option><option><id>B</id><type>text</type><desc><![CDATA[视锥细胞]]></desc></option><option><id>C</id><type>text</type><desc><![CDATA[双极细胞]]></desc></option><option><id>D</id><type>text</type><desc><![CDATA[神经节细胞]]></desc></option><option><id>E</id><type>text</type><desc><![CDATA[水平细胞]]></desc></option></options><answers><![CDATA[B]]></answers></question></questions></exam>