﻿<?xml version="1.0" encoding="UTF-8"?><exam><id>20181113134100</id><questions><instructions><![CDATA[A1型题]]></instructions><question><type>1</type><format>html</format><desc><![CDATA[1.下列哪项<u><b>不是</b></u>牙体缺损的病因]]></desc><options><option><id>A</id><type>text</type><desc><![CDATA[龋病]]></desc></option><option><id>B</id><type>text</type><desc><![CDATA[牙周病]]></desc></option><option><id>C</id><type>text</type><desc><![CDATA[酸蚀]]></desc></option><option><id>D</id><type>text</type><desc><![CDATA[磨损]]></desc></option><option><id>E</id><type>text</type><desc><![CDATA[发育畸形]]></desc></option></options><answers><![CDATA[B]]></answers></question><question><type>1</type><format>html</format><desc><![CDATA[2.病人行46烤瓷全冠修复后健康指导的要点<u><b>不包括</b></u>]]></desc><options><option><id>A</id><type>text</type><desc><![CDATA[保持口腔卫生]]></desc></option><option><id>B</id><type>text</type><desc><![CDATA[正确使用牙线]]></desc></option><option><id>C</id><type>text</type><desc><![CDATA[有咬合高点及时就诊]]></desc></option><option><id>D</id><type>text</type><desc><![CDATA[勿咀嚼硬物]]></desc></option><option><id>E</id><type>text</type><desc><![CDATA[睡前取下]]></desc></option></options><answers><![CDATA[E]]></answers></question><question><type>1</type><format>text</format><desc><![CDATA[3.牙体缺损指的是下列哪项不同程度的质地和生理解剖形态的损坏或异常]]></desc><options><option><id>A</id><type>text</type><desc><![CDATA[牙本质]]></desc></option><option><id>B</id><type>text</type><desc><![CDATA[牙周组织]]></desc></option><option><id>C</id><type>text</type><desc><![CDATA[黏膜组织]]></desc></option><option><id>D</id><type>text</type><desc><![CDATA[牙体硬组织]]></desc></option><option><id>E</id><type>text</type><desc><![CDATA[牙本质]]></desc></option></options><answers><![CDATA[D]]></answers></question><question><type>1</type><format>html</format><desc><![CDATA[4.整个牙弓上下<u><b>不存留</b></u>任何天然牙或牙根称为]]></desc><options><option><id>A</id><type>text</type><desc><![CDATA[牙列缺损]]></desc></option><option><id>B</id><type>text</type><desc><![CDATA[牙体缺损]]></desc></option><option><id>C</id><type>text</type><desc><![CDATA[牙列缺失]]></desc></option><option><id>D</id><type>text</type><desc><![CDATA[牙体缺失]]></desc></option><option><id>E</id><type>text</type><desc><![CDATA[牙组织缺失]]></desc></option></options><answers><![CDATA[C]]></answers></question><question><type>1</type><format>text</format><desc><![CDATA[5.牙列缺损病人若为后牙游离缺失，选择的修复体是]]></desc><options><option><id>A</id><type>text</type><desc><![CDATA[全冠]]></desc></option><option><id>B</id><type>text</type><desc><![CDATA[可摘局部义齿]]></desc></option><option><id>C</id><type>text</type><desc><![CDATA[全口义齿]]></desc></option><option><id>D</id><type>text</type><desc><![CDATA[固定桥]]></desc></option><option><id>E</id><type>text</type><desc><![CDATA[粘结桥]]></desc></option></options><answers><![CDATA[B]]></answers></question><question><type>1</type><format>text</format><desc><![CDATA[6.全口义齿固位方式为]]></desc><options><option><id>A</id><type>text</type><desc><![CDATA[吸附式]]></desc></option><option><id>B</id><type>text</type><desc><![CDATA[基托支持式]]></desc></option><option><id>C</id><type>text</type><desc><![CDATA[牙槽骨支持式]]></desc></option><option><id>D</id><type>text</type><desc><![CDATA[黏膜支持式]]></desc></option><option><id>E</id><type>text</type><desc><![CDATA[卡环支持式]]></desc></option></options><answers><![CDATA[D]]></answers></question><question><type>1</type><format>html</format><desc><![CDATA[7.全口义齿封闭区包绕的解剖标志<u><b>不包括</b></u>]]></desc><options><option><id>A</id><type>text</type><desc><![CDATA[上颌结节]]></desc></option><option><id>B</id><type>text</type><desc><![CDATA[唇系带]]></desc></option><option><id>C</id><type>text</type><desc><![CDATA[牙槽嵴]]></desc></option><option><id>D</id><type>text</type><desc><![CDATA[磨牙后垫]]></desc></option><option><id>E</id><type>text</type><desc><![CDATA[颤动线]]></desc></option></options><answers><![CDATA[B]]></answers></question><question><type>1</type><format>html</format><desc><![CDATA[8.患有下列哪项疾病的病人<u><b>不适合</b></u>做可摘局部义齿]]></desc><options><option><id>A</id><type>text</type><desc><![CDATA[咽炎]]></desc></option><option><id>B</id><type>text</type><desc><![CDATA[牙周炎]]></desc></option><option><id>C</id><type>text</type><desc><![CDATA[胃炎]]></desc></option><option><id>D</id><type>text</type><desc><![CDATA[唇炎]]></desc></option><option><id>E</id><type>text</type><desc><![CDATA[癫痫]]></desc></option></options><answers><![CDATA[E]]></answers></question></questions><questions><instructions><![CDATA[A2型题]]></instructions><question><type>2</type><format>text</format><desc><![CDATA[9.病人，男性，29岁。12牙根管治疗1月后要求修复。自述无不适，X线片检查该牙根管充填良好，根尖无暗影。该病人最佳修复方式是]]></desc><options><option><id>A</id><type>text</type><desc><![CDATA[金属全冠修复]]></desc></option><option><id>B</id><type>text</type><desc><![CDATA[金属核桩冠修复]]></desc></option><option><id>C</id><type>text</type><desc><![CDATA[烤瓷全冠修复]]></desc></option><option><id>D</id><type>text</type><desc><![CDATA[全瓷冠修复]]></desc></option><option><id>E</id><type>text</type><desc><![CDATA[种植全冠修复]]></desc></option></options><answers><![CDATA[D]]></answers></question><question><type>2</type><format>text</format><desc><![CDATA[10.病人，男性，65岁，16、17、26、27缺失，余留牙有轻度松动，口腔卫生一般。该病人最佳修复方式是]]></desc><options><option><id>A</id><type>text</type><desc><![CDATA[种植修复]]></desc></option><option><id>B</id><type>text</type><desc><![CDATA[树脂铰链式可摘局部义齿修复]]></desc></option><option><id>C</id><type>text</type><desc><![CDATA[金属支架式可摘义齿修复]]></desc></option><option><id>D</id><type>text</type><desc><![CDATA[固定义齿修复]]></desc></option><option><id>E</id><type>text</type><desc><![CDATA[固定-活动联合修复]]></desc></option></options><answers><![CDATA[B]]></answers></question></questions></exam>