﻿<?xml version="1.0" encoding="UTF-8"?><exam><id>20181113135003</id><questions><instructions><![CDATA[A1型题]]></instructions><question><type>1</type><format>text</format><desc><![CDATA[1.唇裂术后护理要点]]></desc><options><option><id>A</id><type>text</type><desc><![CDATA[避免搔抓创口]]></desc></option><option><id>B</id><type>text</type><desc><![CDATA[每日擦拭伤口]]></desc></option><option><id>C</id><type>text</type><desc><![CDATA[术后流质饮食2周]]></desc></option><option><id>D</id><type>text</type><desc><![CDATA[术后5天拆线]]></desc></option><option><id>E</id><type>text</type><desc><![CDATA[以上都是]]></desc></option></options><answers><![CDATA[E]]></answers></question><question><type>1</type><format>text</format><desc><![CDATA[2.唇腭裂患儿术后喂养方法是]]></desc><options><option><id>A</id><type>text</type><desc><![CDATA[吸吮母乳]]></desc></option><option><id>B</id><type>text</type><desc><![CDATA[奶瓶喂养]]></desc></option><option><id>C</id><type>text</type><desc><![CDATA[专用奶瓶喂养]]></desc></option><option><id>D</id><type>text</type><desc><![CDATA[流食喂养]]></desc></option><option><id>E</id><type>text</type><desc><![CDATA[不受限制]]></desc></option></options><answers><![CDATA[C]]></answers></question><question><type>1</type><format>text</format><desc><![CDATA[3.唇裂手术患儿目前全身麻醉清醒后几小时可进食]]></desc><options><option><id>A</id><type>text</type><desc><![CDATA[清醒后即可]]></desc></option><option><id>B</id><type>text</type><desc><![CDATA[1小时]]></desc></option><option><id>C</id><type>text</type><desc><![CDATA[2小时]]></desc></option><option><id>D</id><type>text</type><desc><![CDATA[4小时]]></desc></option><option><id>E</id><type>text</type><desc><![CDATA[6小时]]></desc></option></options><answers><![CDATA[A]]></answers></question><question><type>1</type><format>html</format><desc><![CDATA[4.关于腭裂患儿术后护理，<u><b>错误</b></u>的是]]></desc><options><option><id>A</id><type>text</type><desc><![CDATA[若患儿出现频繁的吞咽动作，应立即检查伤口有无活动性出血]]></desc></option><option><id>B</id><type>text</type><desc><![CDATA[如体温超过38.5℃，应注意是否有感染征象]]></desc></option><option><id>C</id><type>text</type><desc><![CDATA[严禁将坚硬物放入口腔内]]></desc></option><option><id>D</id><type>text</type><desc><![CDATA[观察伤口及鼻腔有无出血、渗血及喉头水肿]]></desc></option><option><id>E</id><type>text</type><desc><![CDATA[术后进食流食1个月]]></desc></option></options><answers><![CDATA[E]]></answers></question><question><type>1</type><format>text</format><desc><![CDATA[5.腭裂患儿术后可行语音训练的时间]]></desc><options><option><id>A</id><type>text</type><desc><![CDATA[1～2月]]></desc></option><option><id>B</id><type>text</type><desc><![CDATA[3～4月]]></desc></option><option><id>C</id><type>text</type><desc><![CDATA[半年后]]></desc></option><option><id>D</id><type>text</type><desc><![CDATA[6～8月]]></desc></option><option><id>E</id><type>text</type><desc><![CDATA[一年后]]></desc></option></options><answers><![CDATA[A]]></answers></question></questions><questions><instructions><![CDATA[A2型题]]></instructions><question><type>2</type><format>text</format><desc><![CDATA[6.患儿，女，8个月，入院护理评估见患儿双侧上唇全部裂开，但未裂至鼻底，该患儿唇裂分度应为]]></desc><options><option><id>A</id><type>text</type><desc><![CDATA[I度唇裂]]></desc></option><option><id>B</id><type>text</type><desc><![CDATA[Ⅱ度唇裂]]></desc></option><option><id>C</id><type>text</type><desc><![CDATA[Ⅲ度唇裂]]></desc></option><option><id>D</id><type>text</type><desc><![CDATA[完全性唇裂]]></desc></option><option><id>E</id><type>text</type><desc><![CDATA[以上都不是]]></desc></option></options><answers><![CDATA[B]]></answers></question><question><type>2</type><format>text</format><desc><![CDATA[7.患儿，男，6个月，入院护理评估见患儿硬软腭全部裂开、齿槽嵴裂开，该患儿腭裂分度应为]]></desc><options><option><id>A</id><type>text</type><desc><![CDATA[Ⅰ度腭裂]]></desc></option><option><id>B</id><type>text</type><desc><![CDATA[Ⅱ度浅腭裂]]></desc></option><option><id>C</id><type>text</type><desc><![CDATA[Ⅲ度腭裂]]></desc></option><option><id>D</id><type>text</type><desc><![CDATA[Ⅱ度深腭裂]]></desc></option><option><id>E</id><type>text</type><desc><![CDATA[以上都不是]]></desc></option></options><answers><![CDATA[C]]></answers></question><question><type>2</type><format>text</format><desc><![CDATA[8.患儿，女，4岁半，先天性腭裂，行腭裂修复术后为达到满意的语音效果，术后应]]></desc><options><option><id>A</id><type>text</type><desc><![CDATA[语音训练]]></desc></option><option><id>B</id><type>text</type><desc><![CDATA[调整饮食习惯]]></desc></option><option><id>C</id><type>text</type><desc><![CDATA[长期佩戴腭板]]></desc></option><option><id>D</id><type>text</type><desc><![CDATA[练习吹口哨]]></desc></option><option><id>E</id><type>text</type><desc><![CDATA[局部理疗]]></desc></option></options><answers><![CDATA[A]]></answers></question><question><type>2</type><format>html</format><desc><![CDATA[9.患儿，1岁，先天性腭裂，行腭裂修复术后，为预防患儿出现误吸、窒息，应采取的措施<u><b>错误</b></u>的是]]></desc><options><option><id>A</id><type>text</type><desc><![CDATA[密切观察伤口及鼻腔有无出血、渗血及喉头水肿]]></desc></option><option><id>B</id><type>text</type><desc><![CDATA[患儿手术后，置患儿头偏向一侧，半卧位]]></desc></option><option><id>C</id><type>text</type><desc><![CDATA[观察患儿有无明显吞咽动作]]></desc></option><option><id>D</id><type>text</type><desc><![CDATA[为患儿清理口鼻腔分泌物时，需吸痰管吸引时，切勿接触伤口]]></desc></option><option><id>E</id><type>text</type><desc><![CDATA[患儿麻醉清醒后，改为半卧位]]></desc></option></options><answers><![CDATA[B]]></answers></question><question><type>2</type><format>text</format><desc><![CDATA[10.患儿，女性，1个月，出生后发现唇部裂开，进食母乳时易呛咳，后发现腭部亦有裂开，此患儿的治疗方案应为]]></desc><options><option><id>A</id><type>text</type><desc><![CDATA[间断治疗]]></desc></option><option><id>B</id><type>text</type><desc><![CDATA[单一治疗]]></desc></option><option><id>C</id><type>text</type><desc><![CDATA[序列治疗]]></desc></option><option><id>D</id><type>text</type><desc><![CDATA[整体治疗]]></desc></option><option><id>E</id><type>text</type><desc><![CDATA[孤立治疗]]></desc></option></options><answers><![CDATA[C]]></answers></question></questions></exam>