﻿<?xml version="1.0" encoding="UTF-8"?><exam><id>20181113133810</id><questions><instructions><![CDATA[A1型题]]></instructions><question><type>1</type><format>html</format><desc><![CDATA[1.下列哪项<u><b>不是</b></u>慢性唇炎的临床表现]]></desc><options><option><id>A</id><type>text</type><desc><![CDATA[皲裂]]></desc></option><option><id>B</id><type>text</type><desc><![CDATA[脱屑]]></desc></option><option><id>C</id><type>text</type><desc><![CDATA[结痂]]></desc></option><option><id>D</id><type>text</type><desc><![CDATA[水肿]]></desc></option><option><id>E</id><type>text</type><desc><![CDATA[水泡]]></desc></option></options><answers><![CDATA[E]]></answers></question><question><type>1</type><format>html</format><desc><![CDATA[2.下列<u><b>不是</b></u>疱疹样RAU的临床表现的是]]></desc><options><option><id>A</id><type>text</type><desc><![CDATA[溃疡小而多]]></desc></option><option><id>B</id><type>text</type><desc><![CDATA[相邻的溃疡可以融合成片]]></desc></option><option><id>C</id><type>text</type><desc><![CDATA[剧痛]]></desc></option><option><id>D</id><type>text</type><desc><![CDATA[水肿]]></desc></option><option><id>E</id><type>text</type><desc><![CDATA[唾液分泌增加]]></desc></option></options><answers><![CDATA[D]]></answers></question><question><type>1</type><format>text</format><desc><![CDATA[3.人类口腔念珠菌的主要致病菌是哪一种]]></desc><options><option><id>A</id><type>text</type><desc><![CDATA[热带念珠菌]]></desc></option><option><id>B</id><type>text</type><desc><![CDATA[假热带念珠菌]]></desc></option><option><id>C</id><type>text</type><desc><![CDATA[白念珠菌]]></desc></option><option><id>D</id><type>text</type><desc><![CDATA[克柔念珠菌]]></desc></option><option><id>E</id><type>text</type><desc><![CDATA[变形杆菌]]></desc></option></options><answers><![CDATA[C]]></answers></question><question><type>1</type><format>text</format><desc><![CDATA[4.引发口腔单纯性疱疹的病原体是哪一种]]></desc><options><option><id>A</id><type>text</type><desc><![CDATA[巨细胞病毒]]></desc></option><option><id>B</id><type>text</type><desc><![CDATA[HIV]]></desc></option><option><id>C</id><type>text</type><desc><![CDATA[水痘-带状疱疹病毒]]></desc></option><option><id>D</id><type>text</type><desc><![CDATA[HSV]]></desc></option><option><id>E</id><type>text</type><desc><![CDATA[HBV]]></desc></option></options><answers><![CDATA[D]]></answers></question><question><type>1</type><format>html</format><desc><![CDATA[5.下列关于口腔单纯疱疹的叙述<u><b>不准确</b></u>的是]]></desc><options><option><id>A</id><type>text</type><desc><![CDATA[急性]]></desc></option><option><id>B</id><type>text</type><desc><![CDATA[非传染性]]></desc></option><option><id>C</id><type>text</type><desc><![CDATA[自限性]]></desc></option><option><id>D</id><type>text</type><desc><![CDATA[发疱性]]></desc></option><option><id>E</id><type>text</type><desc><![CDATA[单纯疱疹病毒引起]]></desc></option></options><answers><![CDATA[B]]></answers></question></questions><questions><instructions><![CDATA[A2型题]]></instructions><question><type>2</type><format>text</format><desc><![CDATA[6.病人，男性,35岁。自述近期劳累、焦虑、睡眠差。两天前口腔出现溃疡，疼痛不适，溃疡处黏膜充血、水肿，疼痛明显。临床诊断是]]></desc><options><option><id>A</id><type>text</type><desc><![CDATA[唇炎]]></desc></option><option><id>B</id><type>text</type><desc><![CDATA[阿弗他溃疡]]></desc></option><option><id>C</id><type>text</type><desc><![CDATA[疱疹]]></desc></option><option><id>D</id><type>text</type><desc><![CDATA[天疱疮]]></desc></option><option><id>E</id><type>text</type><desc><![CDATA[扁平苔藓]]></desc></option></options><answers><![CDATA[B]]></answers></question><question><type>2</type><format>text</format><desc><![CDATA[7.病人，男性，一岁零七个月，三天前发热后口腔黏膜充血、水肿，唇、颊、舌、腭等处黏膜上出现散在或成簇的针尖大小的透明水泡，进食困难。该患儿的诊断是]]></desc><options><option><id>A</id><type>text</type><desc><![CDATA[唇炎]]></desc></option><option><id>B</id><type>text</type><desc><![CDATA[阿弗他溃疡]]></desc></option><option><id>C</id><type>text</type><desc><![CDATA[疱疹]]></desc></option><option><id>D</id><type>text</type><desc><![CDATA[天疱疮]]></desc></option><option><id>E</id><type>text</type><desc><![CDATA[重度溃疡]]></desc></option></options><answers><![CDATA[D]]></answers></question><question><type>2</type><format>text</format><desc><![CDATA[8.病人，女性,55岁。自述近期溃疡反复发作、睡眠差，两天前感觉口内肿胀、疼痛，且导致全身不适。检查口腔溃疡基本愈合，无明显充血、水肿。该病人首要护理措施是]]></desc><options><option><id>A</id><type>text</type><desc><![CDATA[疼痛护理]]></desc></option><option><id>B</id><type>text</type><desc><![CDATA[口腔护理]]></desc></option><option><id>C</id><type>text</type><desc><![CDATA[口腔用药护理]]></desc></option><option><id>D</id><type>text</type><desc><![CDATA[心理护理]]></desc></option><option><id>E</id><type>text</type><desc><![CDATA[免疫药物治疗护理]]></desc></option></options><answers><![CDATA[D]]></answers></question><question><type>2</type><format>text</format><desc><![CDATA[9.病人，女性，两岁零三个月，发热后进食困难，口腔黏膜充血、水肿，唇、颊、舌、腭等处黏膜上出现散在或成簇的针尖大小的透明水泡，患儿啼哭不已。该患儿治疗的首选药物是]]></desc><options><option><id>A</id><type>text</type><desc><![CDATA[抗生素]]></desc></option><option><id>B</id><type>text</type><desc><![CDATA[环磷酰胺]]></desc></option><option><id>C</id><type>text</type><desc><![CDATA[甲氨蝶呤]]></desc></option><option><id>D</id><type>text</type><desc><![CDATA[泰诺]]></desc></option><option><id>E</id><type>text</type><desc><![CDATA[皮质激素]]></desc></option></options><answers><![CDATA[E]]></answers></question><question><type>2</type><format>text</format><desc><![CDATA[10.病人，男性,38岁。自述溃疡数月不愈、疼痛较重睡眠差。检查发现溃疡大而深，似“弹坑”，部分直径大于1cm。临床诊断是]]></desc><options><option><id>A</id><type>text</type><desc><![CDATA[轻型天疱疮]]></desc></option><option><id>B</id><type>text</type><desc><![CDATA[重型天疱疮]]></desc></option><option><id>C</id><type>text</type><desc><![CDATA[轻型阿弗他溃疡]]></desc></option><option><id>D</id><type>text</type><desc><![CDATA[重型阿弗他溃疡]]></desc></option><option><id>E</id><type>text</type><desc><![CDATA[疱疹阿弗他溃疡]]></desc></option></options><answers><![CDATA[D]]></answers></question></questions></exam>