﻿<?xml version="1.0" encoding="UTF-8"?><exam><id>20181113134511</id><questions><instructions><![CDATA[A1型题]]></instructions><question><type>1</type><format>text</format><desc><![CDATA[1.口腔颌面部感染最常见的途径是]]></desc><options><option><id>A</id><type>text</type><desc><![CDATA[牙源性]]></desc></option><option><id>B</id><type>text</type><desc><![CDATA[腺源性]]></desc></option><option><id>C</id><type>text</type><desc><![CDATA[损伤性]]></desc></option><option><id>D</id><type>text</type><desc><![CDATA[血源性]]></desc></option><option><id>E</id><type>text</type><desc><![CDATA[医源性]]></desc></option></options><answers><![CDATA[A]]></answers></question><question><type>1</type><format>html</format><desc><![CDATA[2.<u><b>不属于</b></u>智齿冠周炎病人的健康宣教内容的是]]></desc><options><option><id>A</id><type>text</type><desc><![CDATA[正确刷牙，保持口腔卫生]]></desc></option><option><id>B</id><type>text</type><desc><![CDATA[不宜烟酒、浓茶、咖啡和辛辣等刺激性食物]]></desc></option><option><id>C</id><type>text</type><desc><![CDATA[炎症消退后拔除患牙]]></desc></option><option><id>D</id><type>text</type><desc><![CDATA[冠周症状不明显可不用就诊]]></desc></option><option><id>E</id><type>text</type><desc><![CDATA[每日用温盐水或漱口液漱口数次]]></desc></option></options><answers><![CDATA[D]]></answers></question><question><type>1</type><format>text</format><desc><![CDATA[3.颌面部最严重且治疗最困难的感染是]]></desc><options><option><id>A</id><type>text</type><desc><![CDATA[眶下间隙感染]]></desc></option><option><id>B</id><type>text</type><desc><![CDATA[咬肌间隙感染]]></desc></option><option><id>C</id><type>text</type><desc><![CDATA[口底蜂窝织炎]]></desc></option><option><id>D</id><type>text</type><desc><![CDATA[下颌下间隙感染]]></desc></option><option><id>E</id><type>text</type><desc><![CDATA[翼颌间隙感染]]></desc></option></options><answers><![CDATA[C]]></answers></question><question><type>1</type><format>text</format><desc><![CDATA[4.颌面部间隙感染已形成脓肿病人宜采取的治疗方法是]]></desc><options><option><id>A</id><type>text</type><desc><![CDATA[中药外敷]]></desc></option><option><id>B</id><type>text</type><desc><![CDATA[穿刺]]></desc></option><option><id>C</id><type>text</type><desc><![CDATA[拔除病灶牙]]></desc></option><option><id>D</id><type>text</type><desc><![CDATA[切开引流或扩大引流]]></desc></option><option><id>E</id><type>text</type><desc><![CDATA[保守治疗]]></desc></option></options><answers><![CDATA[D]]></answers></question><question><type>1</type><format>text</format><desc><![CDATA[5.化脓性颌骨骨髓炎最常见的发生部位有]]></desc><options><option><id>A</id><type>text</type><desc><![CDATA[上颌骨]]></desc></option><option><id>B</id><type>text</type><desc><![CDATA[下颌骨]]></desc></option><option><id>C</id><type>text</type><desc><![CDATA[牙槽骨]]></desc></option><option><id>D</id><type>text</type><desc><![CDATA[颌骨板]]></desc></option><option><id>E</id><type>text</type><desc><![CDATA[颞下颌关节]]></desc></option></options><answers><![CDATA[B]]></answers></question></questions><questions><instructions><![CDATA[A2型题]]></instructions><question><type>2</type><format>html</format><desc><![CDATA[6.某大一新生，和同学吃完麻辣火锅后自觉发热，体温39℃，伴磨牙后区肿胀不适，冠周红肿、疼痛，进食咀嚼时疼痛加剧，遂来院就诊。<u><b>不是</b></u>现阶段为其采取的治疗是]]></desc><options><option><id>A</id><type>text</type><desc><![CDATA[龈袋冲洗]]></desc></option><option><id>B</id><type>text</type><desc><![CDATA[龈袋上药]]></desc></option><option><id>C</id><type>text</type><desc><![CDATA[拔除智齿]]></desc></option><option><id>D</id><type>text</type><desc><![CDATA[X线检查]]></desc></option><option><id>E</id><type>text</type><desc><![CDATA[口服抗菌药物]]></desc></option></options><answers><![CDATA[C]]></answers></question><question><type>2</type><format>html</format><desc><![CDATA[7.张某，女，49岁，入院时右侧面部及颌下区弥漫性肿胀，皮肤表面张力大，伴张口受限，张口度约1cm，右下颌角处可触及波动感，口内恶臭。病人身体消瘦，神志尚清，表情淡漠，体温38℃，口唇紫绀，呼吸急促，心率120次/分，脉搏细弱。辅助检查示：WBC16.4×10<sup>9</sup>/L，RBC4.87×10<sup>12</sup>/L。该病人目前可能伴有的严重并发症是]]></desc><options><option><id>A</id><type>text</type><desc><![CDATA[呼吸困难]]></desc></option><option><id>B</id><type>text</type><desc><![CDATA[感染性休克]]></desc></option><option><id>C</id><type>text</type><desc><![CDATA[脑脓肿]]></desc></option><option><id>D</id><type>text</type><desc><![CDATA[败血症]]></desc></option><option><id>E</id><type>text</type><desc><![CDATA[海绵窦血栓性静脉炎]]></desc></option></options><answers><![CDATA[B]]></answers></question><question><type>2</type><format>text</format><desc><![CDATA[8.某病人在医院被诊断为右颌下区间隙感染，抽取脓液进行培养后确定病原菌为绿脓杆菌，医生在行局部切开引流时，应使用的冲洗液是]]></desc><options><option><id>A</id><type>text</type><desc><![CDATA[3%双氧水]]></desc></option><option><id>B</id><type>text</type><desc><![CDATA[1∶5000高锰酸钾溶液]]></desc></option><option><id>C</id><type>text</type><desc><![CDATA[生理盐水]]></desc></option><option><id>D</id><type>text</type><desc><![CDATA[5.25%的次氯酸钠溶液]]></desc></option><option><id>E</id><type>text</type><desc><![CDATA[1%醋酸]]></desc></option></options><answers><![CDATA[E]]></answers></question></questions><questions><instructions><![CDATA[A3/A4型题]]></instructions><question><type>3</type><format>text</format><desc><![CDATA[1.某男性，35岁，智齿冠周炎3天未给予任何治疗，第4天开始出现高热，左侧颌下区广泛红肿，触之有波动感，疼痛，吞咽困难，呼吸困难。]]></desc><children><question><type>3</type><format>text</format><desc><![CDATA[（1）首先应考虑该病人的主要诊断是]]></desc><options><option><id>A</id><type>text</type><desc><![CDATA[智齿冠周炎]]></desc></option><option><id>B</id><type>text</type><desc><![CDATA[颌面部间隙感染]]></desc></option><option><id>C</id><type>text</type><desc><![CDATA[中毒性休克]]></desc></option><option><id>D</id><type>text</type><desc><![CDATA[颌骨骨髓炎]]></desc></option><option><id>E</id><type>text</type><desc><![CDATA[颌下区肿瘤]]></desc></option></options><answers><![CDATA[B]]></answers></question><question><type>3</type><format>html</format><desc><![CDATA[（2）<u><b>不是</b></u>护理人员重点和紧急处理的内容是]]></desc><options><option><id>A</id><type>text</type><desc><![CDATA[遵医嘱尽快应用抗菌药物治疗]]></desc></option><option><id>B</id><type>text</type><desc><![CDATA[严密观察生命体征和神志变化]]></desc></option><option><id>C</id><type>text</type><desc><![CDATA[协助行颌下区脓肿切开引流]]></desc></option><option><id>D</id><type>text</type><desc><![CDATA[一旦出现呼吸困难，协助医生行紧急气管切开]]></desc></option><option><id>E</id><type>text</type><desc><![CDATA[给予营养丰富的流质饮食]]></desc></option></options><answers><![CDATA[E]]></answers></question></children></question><question><type>3</type><format>text</format><desc><![CDATA[2.某病人曾患有鼻咽癌，经放射治疗后，病情控制一直较好。近期病人出现左下颌骨及左耳处呈针刺样剧烈疼痛。]]></desc><children><question><type>3</type><format>text</format><desc><![CDATA[（1）该病人可能出现的疾病是]]></desc><options><option><id>A</id><type>text</type><desc><![CDATA[放射性颌骨骨髓炎]]></desc></option><option><id>B</id><type>text</type><desc><![CDATA[化脓性颌骨骨髓炎]]></desc></option><option><id>C</id><type>text</type><desc><![CDATA[颌面部骨肉瘤]]></desc></option><option><id>D</id><type>text</type><desc><![CDATA[鼻咽癌转移]]></desc></option><option><id>E</id><type>text</type><desc><![CDATA[颌面部间隙感染]]></desc></option></options><answers><![CDATA[A]]></answers></question><question><type>3</type><format>text</format><desc><![CDATA[（2）为明确诊断，首选的辅助检查是]]></desc><options><option><id>A</id><type>text</type><desc><![CDATA[CT]]></desc></option><option><id>B</id><type>text</type><desc><![CDATA[B超]]></desc></option><option><id>C</id><type>text</type><desc><![CDATA[MRI]]></desc></option><option><id>D</id><type>text</type><desc><![CDATA[X线检查]]></desc></option><option><id>E</id><type>text</type><desc><![CDATA[穿刺活检]]></desc></option></options><answers><![CDATA[D]]></answers></question></children></question></questions></exam>