﻿<?xml version="1.0" encoding="UTF-8"?><exam><id>20181113132716</id><questions><instructions><![CDATA[A1型题]]></instructions><question><type>1</type><format>text</format><desc><![CDATA[1.龋病治疗最常用的方法是]]></desc><options><option><id>A</id><type>text</type><desc><![CDATA[化学疗法]]></desc></option><option><id>B</id><type>text</type><desc><![CDATA[充填修复]]></desc></option><option><id>C</id><type>text</type><desc><![CDATA[再矿化疗法]]></desc></option><option><id>D</id><type>text</type><desc><![CDATA[抗生素疗法]]></desc></option><option><id>E</id><type>text</type><desc><![CDATA[氟化物治疗法]]></desc></option></options><answers><![CDATA[B]]></answers></question><question><type>1</type><format>text</format><desc><![CDATA[2.急性根尖周炎最有效的应急处理方法是]]></desc><options><option><id>A</id><type>image</type><desc><![CDATA[]]></desc><path><![CDATA[components/questions/20181113132716/images/NMP1.jpg]]></path></option><option><id>B</id><type>image</type><desc><![CDATA[ ]]></desc><path><![CDATA[components/questions/20181113132716/images/NMP2.jpg]]></path></option><option><id>C</id><type>image</type><desc><![CDATA[]]></desc><path><![CDATA[components/questions/20181113132716/images/NMP3 .jpg]]></path></option><option><id>D</id><type>image</type><desc><![CDATA[]]></desc><path><![CDATA[components/questions/20181113132716/images/NMP4.jpg]]></path></option><option><id>E</id><type>image</type><desc><![CDATA[]]></desc><path><![CDATA[components/questions/20181113132716/images/NMP5.jpg]]></path></option></options><answers><![CDATA[B]]></answers></question><question><type>1</type><format>html</format><desc><![CDATA[3.龋病的预防方法<u><b>不包括</b></u>以下哪项]]></desc><options><option><id>A</id><type>text</type><desc><![CDATA[控制菌斑]]></desc></option><option><id>B</id><type>text</type><desc><![CDATA[限制甜食]]></desc></option><option><id>C</id><type>text</type><desc><![CDATA[应用氟化物]]></desc></option><option><id>D</id><type>text</type><desc><![CDATA[龈上、下洁治]]></desc></option><option><id>E</id><type>text</type><desc><![CDATA[预防性充填]]></desc></option></options><answers><![CDATA[D]]></answers></question><question><type>1</type><format>text</format><desc><![CDATA[4.牙髓感染最常见的原因是什么]]></desc><options><option><id>A</id><type>text</type><desc><![CDATA[牙周病]]></desc></option><option><id>B</id><type>text</type><desc><![CDATA[龋病]]></desc></option><option><id>C</id><type>text</type><desc><![CDATA[牙折]]></desc></option><option><id>D</id><type>text</type><desc><![CDATA[牙隐裂]]></desc></option><option><id>E</id><type>text</type><desc><![CDATA[重度磨耗]]></desc></option></options><answers><![CDATA[B]]></answers></question><question><type>1</type><format>html</format><desc><![CDATA[5.最<u><b>不适用于</b></u>细窄根管冲洗的液体是]]></desc><options><option><id>A</id><type>text</type><desc><![CDATA[生理盐水]]></desc></option><option><id>B</id><type>text</type><desc><![CDATA[2%氯胺T钠]]></desc></option><option><id>C</id><type>text</type><desc><![CDATA[3%过氧化氢]]></desc></option><option><id>D</id><type>text</type><desc><![CDATA[EDTA]]></desc></option><option><id>E</id><type>text</type><desc><![CDATA[0.2%氯已定]]></desc></option></options><answers><![CDATA[C]]></answers></question><question><type>1</type><format>text</format><desc><![CDATA[6.判断牙髓活力最可靠的检查方法是]]></desc><options><option><id>A</id><type>text</type><desc><![CDATA[热诊法]]></desc></option><option><id>B</id><type>text</type><desc><![CDATA[冷诊法]]></desc></option><option><id>C</id><type>text</type><desc><![CDATA[牙髓活力电测法]]></desc></option><option><id>D</id><type>text</type><desc><![CDATA[实验性备洞法]]></desc></option><option><id>E</id><type>text</type><desc><![CDATA[叩诊法]]></desc></option></options><answers><![CDATA[D]]></answers></question></questions><questions><instructions><![CDATA[A2型题]]></instructions><question><type>2</type><format>text</format><desc><![CDATA[7.病人，女性,40岁，夜间突发右侧牙齿剧烈疼痛，难以入睡，喝冷、热水疼痛加剧。主要诊断是]]></desc><options><option><id>A</id><type>text</type><desc><![CDATA[中龋]]></desc></option><option><id>B</id><type>text</type><desc><![CDATA[深龋]]></desc></option><option><id>C</id><type>text</type><desc><![CDATA[慢性牙髓炎]]></desc></option><option><id>D</id><type>text</type><desc><![CDATA[根尖周炎]]></desc></option><option><id>E</id><type>text</type><desc><![CDATA[急性性牙髓炎]]></desc></option></options><answers><![CDATA[E]]></answers></question><question><type>2</type><format>text</format><desc><![CDATA[8.病人，男性,45岁，自述左侧大牙咬合痛、有跳痛。检查发现，该牙曾行失活术，封药后病人未做进一步治疗。主要诊断是]]></desc><options><option><id>A</id><type>text</type><desc><![CDATA[慢性根尖周炎]]></desc></option><option><id>B</id><type>text</type><desc><![CDATA[深龋]]></desc></option><option><id>C</id><type>text</type><desc><![CDATA[慢性牙髓炎]]></desc></option><option><id>D</id><type>text</type><desc><![CDATA[急性根尖周炎]]></desc></option><option><id>E</id><type>text</type><desc><![CDATA[急性牙髓炎]]></desc></option></options><answers><![CDATA[D]]></answers></question><question><type>2</type><format>text</format><desc><![CDATA[9.病人,女性，28岁。右下大牙对酸甜敏感，吃冰淇淋或喝热水时疼痛更明显，但是冷热刺激去除后疼痛立即消失。主要诊断是]]></desc><options><option><id>A</id><type>text</type><desc><![CDATA[浅龋]]></desc></option><option><id>B</id><type>text</type><desc><![CDATA[深龋]]></desc></option><option><id>C</id><type>text</type><desc><![CDATA[牙髓炎]]></desc></option><option><id>D</id><type>text</type><desc><![CDATA[根尖周炎]]></desc></option><option><id>E</id><type>text</type><desc><![CDATA[中龋]]></desc></option></options><answers><![CDATA[E]]></answers></question><question><type>2</type><format>text</format><desc><![CDATA[10.病人，男性，37岁，突然出现左下后牙阵发性、自发性疼痛，呈针刺样，不能确定具体是哪颗牙疼，自觉夜间疼痛加重，口含冷水可以缓解。该病人的首要护理措施是]]></desc><options><option><id>A</id><type>text</type><desc><![CDATA[局部冰敷]]></desc></option><option><id>B</id><type>text</type><desc><![CDATA[遵医嘱给予口服止痛药]]></desc></option><option><id>C</id><type>text</type><desc><![CDATA[开髓引流护理]]></desc></option><option><id>D</id><type>text</type><desc><![CDATA[根尖引流护理]]></desc></option><option><id>E</id><type>text</type><desc><![CDATA[牙周引流护理]]></desc></option></options><answers><![CDATA[C]]></answers></question></questions></exam>