﻿<?xml version="1.0" encoding="UTF-8"?><exam><id>20181112154413</id><questions><instructions><![CDATA[A1型题]]></instructions><question><type>1</type><format>html</format><desc><![CDATA[1.关于树枝状和地图状角膜炎的治疗，下列哪条是<u><b>错误</b></u>的]]></desc><options><option><id>A</id><type>text</type><desc><![CDATA[可全身应用抗病毒药物]]></desc></option><option><id>B</id><type>text</type><desc><![CDATA[必要时可应用干扰素]]></desc></option><option><id>C</id><type>text</type><desc><![CDATA[局部点用阿昔洛韦眼药水等]]></desc></option><option><id>D</id><type>text</type><desc><![CDATA[可适量应用糖皮质激素]]></desc></option></options><answers><![CDATA[A]]></answers></question><question><type>1</type><format>text</format><desc><![CDATA[2.细菌性角膜溃疡的危险性在于]]></desc><options><option><id>A</id><type>text</type><desc><![CDATA[前房积脓]]></desc></option><option><id>B</id><type>text</type><desc><![CDATA[角膜穿孔]]></desc></option><option><id>C</id><type>text</type><desc><![CDATA[眼痛]]></desc></option><option><id>D</id><type>text</type><desc><![CDATA[角膜薄翳]]></desc></option><option><id>E</id><type>text</type><desc><![CDATA[以上均不是]]></desc></option></options><answers><![CDATA[B]]></answers></question><question><type>1</type><format>text</format><desc><![CDATA[3.真菌性角膜炎的最常见的病因是]]></desc><options><option><id>A</id><type>text</type><desc><![CDATA[长期大量使用糖皮质激素所致]]></desc></option><option><id>B</id><type>text</type><desc><![CDATA[长期大量使用广谱抗生素所致]]></desc></option><option><id>C</id><type>text</type><desc><![CDATA[植物性角膜外伤]]></desc></option><option><id>D</id><type>text</type><desc><![CDATA[长期大量使用免疫抑制剂所致]]></desc></option></options><answers><![CDATA[A]]></answers></question><question><type>1</type><format>text</format><desc><![CDATA[4.使用以下哪种眼药水时，应压迫泪囊区3～5分钟]]></desc><options><option><id>A</id><type>text</type><desc><![CDATA[0.5％可的松眼药水]]></desc></option><option><id>B</id><type>text</type><desc><![CDATA[2％洁霉素眼药水]]></desc></option><option><id>C</id><type>text</type><desc><![CDATA[0.5％噻吗心安眼药水]]></desc></option><option><id>D</id><type>text</type><desc><![CDATA[10％SC眼药水]]></desc></option><option><id>E</id><type>text</type><desc><![CDATA[0.5％氯霉素眼药水]]></desc></option></options><answers><![CDATA[C]]></answers></question><question><type>1</type><format>text</format><desc><![CDATA[5.以下哪种检测方法有助于诊断单纯疱疹病毒性角膜炎]]></desc><options><option><id>A</id><type>text</type><desc><![CDATA[角膜上皮刮片]]></desc></option><option><id>B</id><type>text</type><desc><![CDATA[免疫荧光]]></desc></option><option><id>C</id><type>text</type><desc><![CDATA[药敏试验]]></desc></option><option><id>D</id><type>text</type><desc><![CDATA[结膜分泌物涂片]]></desc></option><option><id>E</id><type>text</type><desc><![CDATA[检测血清抗体效价]]></desc></option></options><answers><![CDATA[A]]></answers></question><question><type>1</type><format>text</format><desc><![CDATA[6.为确诊真菌性角膜炎，我们可以进行的检查是]]></desc><options><option><id>A</id><type>text</type><desc><![CDATA[角膜刮片革兰染色]]></desc></option><option><id>B</id><type>text</type><desc><![CDATA[角膜刮片细菌培养]]></desc></option><option><id>C</id><type>text</type><desc><![CDATA[角膜刮片KOH湿片找菌丝]]></desc></option><option><id>D</id><type>text</type><desc><![CDATA[角膜印记细胞学检查]]></desc></option><option><id>E</id><type>text</type><desc><![CDATA[PCR]]></desc></option></options><answers><![CDATA[A]]></answers></question><question><type>1</type><format>html</format><desc><![CDATA[7.关于树枝状和地图状角膜炎的治疗，以下哪项是<u><b>错误</b></u>的]]></desc><options><option><id>A</id><type>text</type><desc><![CDATA[可全身应用抗病毒药物]]></desc></option><option><id>B</id><type>text</type><desc><![CDATA[必要时可应用干扰素]]></desc></option><option><id>C</id><type>text</type><desc><![CDATA[局部点用阿昔洛韦眼药水等]]></desc></option><option><id>D</id><type>text</type><desc><![CDATA[可适量应用糖皮质激素]]></desc></option><option><id>E</id><type>text</type><desc><![CDATA[局部涂红霉素眼膏]]></desc></option></options><answers><![CDATA[A]]></answers></question><question><type>1</type><format>text</format><desc><![CDATA[8.对于细菌性角膜炎，致病菌占首位的是]]></desc><options><option><id>A</id><type>text</type><desc><![CDATA[克雷白杆菌]]></desc></option><option><id>B</id><type>text</type><desc><![CDATA[曲霉素]]></desc></option><option><id>C</id><type>text</type><desc><![CDATA[表皮葡萄菌]]></desc></option><option><id>D</id><type>text</type><desc><![CDATA[金黄色葡萄球菌]]></desc></option><option><id>E</id><type>text</type><desc><![CDATA[绿脓杆菌]]></desc></option></options><answers><![CDATA[C]]></answers></question><question><type>1</type><format>text</format><desc><![CDATA[9.角膜组织哪层损伤后由瘢痕组织替代]]></desc><options><option><id>A</id><type>text</type><desc><![CDATA[上皮细胞层]]></desc></option><option><id>B</id><type>text</type><desc><![CDATA[前弹力层]]></desc></option><option><id>C</id><type>text</type><desc><![CDATA[基质层]]></desc></option><option><id>D</id><type>text</type><desc><![CDATA[后弹力层]]></desc></option><option><id>E</id><type>text</type><desc><![CDATA[内皮细胞层]]></desc></option></options><answers><![CDATA[C]]></answers></question><question><type>1</type><format>html</format><desc><![CDATA[10.细菌感染引起的角膜溃疡的特点，以下<u><b>不正确</b></u>的是]]></desc><options><option><id>A</id><type>text</type><desc><![CDATA[溃疡常位于角膜中央]]></desc></option><option><id>B</id><type>text</type><desc><![CDATA[溃疡表面粗糙、干燥]]></desc></option><option><id>C</id><type>text</type><desc><![CDATA[溃疡边界清楚]]></desc></option><option><id>D</id><type>text</type><desc><![CDATA[坏死组织有黏性不易剥下]]></desc></option><option><id>E</id><type>text</type><desc><![CDATA[溃疡常为圆形]]></desc></option></options><answers><![CDATA[B]]></answers></question><question><type>1</type><format>text</format><desc><![CDATA[11.铜绿假单胞菌性角膜炎溃疡首选的抗生素是]]></desc><options><option><id>A</id><type>text</type><desc><![CDATA[二性霉素B]]></desc></option><option><id>B</id><type>text</type><desc><![CDATA[青霉素]]></desc></option><option><id>C</id><type>text</type><desc><![CDATA[环胞苷]]></desc></option><option><id>D</id><type>text</type><desc><![CDATA[多粘菌素B]]></desc></option><option><id>E</id><type>text</type><desc><![CDATA[甲硝唑]]></desc></option></options><answers><![CDATA[D]]></answers></question><question><type>1</type><format>html</format><desc><![CDATA[12.有一患者患真菌性角膜炎，其致病菌<u><b>不包括</b></u>]]></desc><options><option><id>A</id><type>text</type><desc><![CDATA[镰刀菌属]]></desc></option><option><id>B</id><type>text</type><desc><![CDATA[念珠菌属]]></desc></option><option><id>C</id><type>text</type><desc><![CDATA[链球菌属]]></desc></option><option><id>D</id><type>text</type><desc><![CDATA[酵母菌属]]></desc></option><option><id>E</id><type>text</type><desc><![CDATA[曲霉菌属]]></desc></option></options><answers><![CDATA[C]]></answers></question></questions><questions><instructions><![CDATA[A2型题]]></instructions><question><type>2</type><format>text</format><desc><![CDATA[13.患者男性，28岁，有右眼被石灰水溅伤病史，现角膜表面有新生血管，睑球粘连，眼干涩，视物模糊。目前有效的减轻症状的治疗是]]></desc><options><option><id>A</id><type>text</type><desc><![CDATA[角膜移植]]></desc></option><option><id>B</id><type>text</type><desc><![CDATA[羊膜移植]]></desc></option><option><id>C</id><type>text</type><desc><![CDATA[结膜移植]]></desc></option><option><id>D</id><type>text</type><desc><![CDATA[使用人工泪液]]></desc></option><option><id>E</id><type>text</type><desc><![CDATA[泪点栓塞]]></desc></option></options><answers><![CDATA[D]]></answers></question><question><type>2</type><format>text</format><desc><![CDATA[14.患者，男，42岁。因左眼被铁屑溅伤后视力下降2天而入院。查：视力左眼手动，左眼结膜混合性充血中度，结膜囊可见黄绿色脓液，角膜中央可见一直径约5mm的圆形溃疡灶，边缘呈灰白色浓密浸润，溃疡表面大量黏稠分泌物附着，房水闪辉(++)。该病例最可能的诊断是]]></desc><options><option><id>A</id><type>text</type><desc><![CDATA[真菌性角膜溃疡]]></desc></option><option><id>B</id><type>text</type><desc><![CDATA[蚕蚀性角膜溃疡]]></desc></option><option><id>C</id><type>text</type><desc><![CDATA[角膜基质炎]]></desc></option><option><id>D</id><type>text</type><desc><![CDATA[绿脓杆菌性角膜溃疡]]></desc></option><option><id>E</id><type>text</type><desc><![CDATA[病毒性角膜溃疡]]></desc></option></options><answers><![CDATA[D]]></answers></question><question><type>2</type><format>text</format><desc><![CDATA[15.患者男性，30岁，左眼细菌性角膜溃疡愈合后遗留角膜瘢痕性混浊，较厚，白色，但仍可透见虹膜的称为]]></desc><options><option><id>A</id><type>text</type><desc><![CDATA[角膜云翳]]></desc></option><option><id>B</id><type>text</type><desc><![CDATA[角膜白斑]]></desc></option><option><id>C</id><type>text</type><desc><![CDATA[角膜斑翳]]></desc></option><option><id>D</id><type>text</type><desc><![CDATA[角膜瘘]]></desc></option><option><id>E</id><type>text</type><desc><![CDATA[角膜溃疡]]></desc></option></options><answers><![CDATA[C]]></answers></question></questions></exam>