﻿<?xml version="1.0" encoding="UTF-8"?><exam><id>20181113112059</id><questions><instructions><![CDATA[A1型题]]></instructions><question><type>1</type><format>text</format><desc><![CDATA[1.急性会厌炎发生的主要原因是]]></desc><options><option><id>A</id><type>text</type><desc><![CDATA[病毒感染]]></desc></option><option><id>B</id><type>text</type><desc><![CDATA[真菌感染]]></desc></option><option><id>C</id><type>text</type><desc><![CDATA[细菌感染]]></desc></option><option><id>D</id><type>text</type><desc><![CDATA[外伤之后]]></desc></option></options><answers><![CDATA[C]]></answers></question><question><type>1</type><format>text</format><desc><![CDATA[2.急性喉炎好发于以下哪个部位]]></desc><options><option><id>A</id><type>text</type><desc><![CDATA[声门上区]]></desc></option><option><id>B</id><type>text</type><desc><![CDATA[声门区]]></desc></option><option><id>C</id><type>text</type><desc><![CDATA[声门下区]]></desc></option><option><id>D</id><type>text</type><desc><![CDATA[咽旁间隙]]></desc></option></options><answers><![CDATA[C]]></answers></question><question><type>1</type><format>text</format><desc><![CDATA[3.吸气性呼吸困难导致的临床典型症状有]]></desc><options><option><id>A</id><type>text</type><desc><![CDATA[声音嘶哑]]></desc></option><option><id>B</id><type>text</type><desc><![CDATA[吞咽困难]]></desc></option><option><id>C</id><type>text</type><desc><![CDATA[喉痛]]></desc></option><option><id>D</id><type>text</type><desc><![CDATA[四凹征]]></desc></option></options><answers><![CDATA[D]]></answers></question><question><type>1</type><format>text</format><desc><![CDATA[4.以下Ⅱ度呼吸困难的临床表现的是]]></desc><options><option><id>A</id><type>text</type><desc><![CDATA[安静时有轻度的吸气性呼吸困难，活动时加重]]></desc></option><option><id>B</id><type>text</type><desc><![CDATA[病人坐卧不安，出冷汗，脉搏细速]]></desc></option><option><id>C</id><type>text</type><desc><![CDATA[活动或哭闹时有轻度吸气性呼吸困难]]></desc></option><option><id>D</id><type>text</type><desc><![CDATA[安静时有明显的吸气性呼吸困难，并出现缺氧症状]]></desc></option></options><answers><![CDATA[A]]></answers></question><question><type>1</type><format>text</format><desc><![CDATA[5.喉癌常见的病理类型包括]]></desc><options><option><id>A</id><type>text</type><desc><![CDATA[腺癌]]></desc></option><option><id>B</id><type>text</type><desc><![CDATA[未分化癌]]></desc></option><option><id>C</id><type>text</type><desc><![CDATA[泡状核细胞癌]]></desc></option><option><id>D</id><type>text</type><desc><![CDATA[鳞状细胞癌]]></desc></option></options><answers><![CDATA[D]]></answers></question><question><type>1</type><format>html</format><desc><![CDATA[6.喉癌术后健康教育，以下哪项是<u><b>错误</b></u>的]]></desc><options><option><id>A</id><type>text</type><desc><![CDATA[沐浴时遮挡保护造瘘口]]></desc></option><option><id>B</id><type>text</type><desc><![CDATA[每日观察、消毒造瘘口皮肤]]></desc></option><option><id>C</id><type>text</type><desc><![CDATA[湿化痰液，避免痰液干燥结痂]]></desc></option><option><id>D</id><type>text</type><desc><![CDATA[气道内有痂皮应自行及时清理]]></desc></option></options><answers><![CDATA[D]]></answers><keypoints><![CDATA[解析：喉癌术后病人要每日观察、消毒造口皮肤、持续湿化防止痰液结痂，并注意沐浴时保护造瘘口，防止水入气道。但是气道内一旦形成痂皮须至医疗机构进行处理，自行使用工具处理就会提高气道异物的风险。]]></keypoints></question><question><type>1</type><format>text</format><desc><![CDATA[7.气管切开的位置]]></desc><options><option><id>A</id><type>text</type><desc><![CDATA[2～4气管环]]></desc></option><option><id>B</id><type>text</type><desc><![CDATA[5～6气管环]]></desc></option><option><id>C</id><type>text</type><desc><![CDATA[第1气管环]]></desc></option><option><id>D</id><type>text</type><desc><![CDATA[甲状软骨上]]></desc></option></options><answers><![CDATA[A]]></answers></question><question><type>1</type><format>html</format><desc><![CDATA[8.以下哪项关于拔管护理的描述是<u><b>错误</b></u>的]]></desc><options><option><id>A</id><type>text</type><desc><![CDATA[拔管前应先堵管24～48小时]]></desc></option><option><id>B</id><type>text</type><desc><![CDATA[拔管后用胶布拉拢创缘，数天后即可自愈]]></desc></option><option><id>C</id><type>text</type><desc><![CDATA[拔管后病人即可出院]]></desc></option><option><id>D</id><type>text</type><desc><![CDATA[堵管过程中出现呼吸困难应立即拔出塞子]]></desc></option></options><answers><![CDATA[C]]></answers><keypoints><![CDATA[解析：拔管后1～2天内仍有发生喉阻塞的风险，需严密观察呼吸，叮嘱病人不要随意离开病房，并备好床旁紧急气管切开用品，以便病人再次发生呼吸困难时紧急使用。]]></keypoints></question></questions><questions><instructions><![CDATA[A2型题]]></instructions><question><type>2</type><format>text</format><desc><![CDATA[9.患儿2岁，一周前开始出现感冒发热症状，半夜突然出现重度声嘶伴犬吠样咳嗽，喉镜检查可见喉黏膜充血肿胀，声门下区变窄。请问考虑患儿的诊断可能为]]></desc><options><option><id>A</id><type>text</type><desc><![CDATA[急性扁桃体炎]]></desc></option><option><id>B</id><type>text</type><desc><![CDATA[急性上呼吸道感染]]></desc></option><option><id>C</id><type>text</type><desc><![CDATA[急性喉炎]]></desc></option><option><id>D</id><type>text</type><desc><![CDATA[急性咽炎]]></desc></option></options><answers><![CDATA[C]]></answers></question><question><type>2</type><format>html</format><desc><![CDATA[10.王女士42岁，声带息肉摘除术术后出院，请问健康教育注意点哪项<u><b>不正确</b></u>]]></desc><options><option><id>A</id><type>text</type><desc><![CDATA[戒烟酒，忌辛辣刺激性食物]]></desc></option><option><id>B</id><type>text</type><desc><![CDATA[预防上呼吸道感染]]></desc></option><option><id>C</id><type>text</type><desc><![CDATA[注意正确的发音方法]]></desc></option><option><id>D</id><type>text</type><desc><![CDATA[术后需要禁声2周]]></desc></option></options><answers><![CDATA[D]]></answers></question><question><type>2</type><format>text</format><desc><![CDATA[11.王老伯因车祸喉部外伤，入院时有明显的吸气性呼吸困难，喉喘鸣声较响，吸气性胸廓周围软组织凹陷显著，并出现烦躁不安症状。请问该病例诊断为喉阻塞程度为]]></desc><options><option><id>A</id><type>text</type><desc><![CDATA[Ⅰ度]]></desc></option><option><id>B</id><type>text</type><desc><![CDATA[Ⅱ度]]></desc></option><option><id>C</id><type>text</type><desc><![CDATA[Ⅲ度]]></desc></option><option><id>D</id><type>text</type><desc><![CDATA[Ⅳ度]]></desc></option></options><answers><![CDATA[C]]></answers></question><question><type>2</type><format>text</format><desc><![CDATA[12.老张，62岁，化工厂工人，平时爱抽烟饮酒，常吃不洁食物，经常熬夜，情绪易激动。呼吸困难两周住院，诊断为声门型喉癌。请问以下哪项是该疾病的主要诱发因素]]></desc><options><option><id>A</id><type>text</type><desc><![CDATA[情绪易激动、经常熬夜]]></desc></option><option><id>B</id><type>text</type><desc><![CDATA[化工厂工作、抽烟、饮酒]]></desc></option><option><id>C</id><type>text</type><desc><![CDATA[化工厂工作、情绪易激动]]></desc></option><option><id>D</id><type>text</type><desc><![CDATA[常吃不洁食物、经常熬夜]]></desc></option></options><answers><![CDATA[B]]></answers></question><question><type>2</type><format>text</format><desc><![CDATA[13.病人气管切开术后3天，突然出现呼吸困难，护士帮助病人吸痰后呼吸困难无改善。在拔出内套管后病人呼吸仍无改善者，护士滴入湿化液并进行深部吸痰后，呼吸困难即缓解。考虑病人当时出现的问题是]]></desc><options><option><id>A</id><type>text</type><desc><![CDATA[套管内管阻塞]]></desc></option><option><id>B</id><type>text</type><desc><![CDATA[套管外管或下呼吸道阻塞]]></desc></option><option><id>C</id><type>text</type><desc><![CDATA[内套管脱出]]></desc></option><option><id>D</id><type>text</type><desc><![CDATA[外套管脱出]]></desc></option></options><answers><![CDATA[B]]></answers></question></questions></exam>