﻿<?xml version="1.0" encoding="UTF-8"?><exam><id>20181112154012</id><questions><instructions><![CDATA[A1型题]]></instructions><question><type>1</type><format>text</format><desc><![CDATA[1.正常泪膜的厚度一般为]]></desc><options><option><id>A</id><type>text</type><desc><![CDATA[7～10μm]]></desc></option><option><id>B</id><type>text</type><desc><![CDATA[50～60μm]]></desc></option><option><id>C</id><type>text</type><desc><![CDATA[20～30μm]]></desc></option><option><id>D</id><type>text</type><desc><![CDATA[10～15μm]]></desc></option><option><id>E</id><type>text</type><desc><![CDATA[15～20μm]]></desc></option></options><answers><![CDATA[A]]></answers></question><question><type>1</type><format>text</format><desc><![CDATA[2.结膜最常见的疾病是]]></desc><options><option><id>A</id><type>text</type><desc><![CDATA[翼状胬肉]]></desc></option><option><id>B</id><type>text</type><desc><![CDATA[结膜结石]]></desc></option><option><id>C</id><type>text</type><desc><![CDATA[结膜下出血]]></desc></option><option><id>D</id><type>text</type><desc><![CDATA[沙眼]]></desc></option><option><id>E</id><type>text</type><desc><![CDATA[结膜炎]]></desc></option></options><answers><![CDATA[E]]></answers></question><question><type>1</type><format>html</format><desc><![CDATA[3.结膜炎的致病微生物中，<u><b>不包括</b></u>]]></desc><options><option><id>A</id><type>text</type><desc><![CDATA[肺炎球菌]]></desc></option><option><id>B</id><type>text</type><desc><![CDATA[金黄色葡萄球菌]]></desc></option><option><id>C</id><type>text</type><desc><![CDATA[乙肝病毒]]></desc></option><option><id>D</id><type>text</type><desc><![CDATA[单疱病毒]]></desc></option><option><id>E</id><type>text</type><desc><![CDATA[流感嗜血杆菌]]></desc></option></options><answers><![CDATA[C]]></answers></question><question><type>1</type><format>html</format><desc><![CDATA[4.一般而言，急性结膜炎的病程<u><b>少于</b></u>]]></desc><options><option><id>A</id><type>text</type><desc><![CDATA[5周]]></desc></option><option><id>B</id><type>text</type><desc><![CDATA[4周]]></desc></option><option><id>C</id><type>text</type><desc><![CDATA[3周]]></desc></option><option><id>D</id><type>text</type><desc><![CDATA[2周]]></desc></option><option><id>E</id><type>text</type><desc><![CDATA[1周]]></desc></option></options><answers><![CDATA[C]]></answers></question><question><type>1</type><format>text</format><desc><![CDATA[5.一般而言，慢性结膜炎的病程超过]]></desc><options><option><id>A</id><type>text</type><desc><![CDATA[5周]]></desc></option><option><id>B</id><type>text</type><desc><![CDATA[4周]]></desc></option><option><id>C</id><type>text</type><desc><![CDATA[3周]]></desc></option><option><id>D</id><type>text</type><desc><![CDATA[2周]]></desc></option><option><id>E</id><type>text</type><desc><![CDATA[1周]]></desc></option></options><answers><![CDATA[C]]></answers></question><question><type>1</type><format>html</format><desc><![CDATA[6.按结膜对病变反应的主要形态而做的结膜炎分类中，<u><b>不包括</b></u>]]></desc><options><option><id>A</id><type>text</type><desc><![CDATA[乳头性结膜炎]]></desc></option><option><id>B</id><type>text</type><desc><![CDATA[变应性结膜炎]]></desc></option><option><id>C</id><type>text</type><desc><![CDATA[肉芽肿性结膜炎]]></desc></option><option><id>D</id><type>text</type><desc><![CDATA[滤泡性结膜炎]]></desc></option><option><id>E</id><type>text</type><desc><![CDATA[假膜性结膜炎]]></desc></option></options><answers><![CDATA[B]]></answers></question><question><type>1</type><format>text</format><desc><![CDATA[7.急性结膜炎最常见的体征是]]></desc><options><option><id>A</id><type>text</type><desc><![CDATA[耳前淋巴结肿大]]></desc></option><option><id>B</id><type>text</type><desc><![CDATA[结膜充血]]></desc></option><option><id>C</id><type>text</type><desc><![CDATA[结膜色素沉着]]></desc></option><option><id>D</id><type>text</type><desc><![CDATA[结膜滤泡]]></desc></option><option><id>E</id><type>text</type><desc><![CDATA[结膜乳头增生]]></desc></option></options><answers><![CDATA[B]]></answers></question><question><type>1</type><format>html</format><desc><![CDATA[8.结膜炎的症状<u><b>不包括</b></u>]]></desc><options><option><id>A</id><type>text</type><desc><![CDATA[痒]]></desc></option><option><id>B</id><type>text</type><desc><![CDATA[畏光]]></desc></option><option><id>C</id><type>text</type><desc><![CDATA[流泪]]></desc></option><option><id>D</id><type>text</type><desc><![CDATA[闪光感]]></desc></option><option><id>E</id><type>text</type><desc><![CDATA[烧灼感]]></desc></option></options><answers><![CDATA[D]]></answers></question><question><type>1</type><format>html</format><desc><![CDATA[9.有关结膜炎的预防，描述<u><b>错误</b></u>的是]]></desc><options><option><id>A</id><type>text</type><desc><![CDATA[病人用过的器具要及时消毒处理]]></desc></option><option><id>B</id><type>text</type><desc><![CDATA[提倡戴口罩预防结膜炎]]></desc></option><option><id>C</id><type>text</type><desc><![CDATA[提倡不和病人共用一条毛巾]]></desc></option><option><id>D</id><type>text</type><desc><![CDATA[对学校、工厂等人员集中场所进行卫生宣传]]></desc></option><option><id>E</id><type>text</type><desc><![CDATA[医务人员接触病人前后要洗手消毒]]></desc></option></options><answers><![CDATA[B]]></answers></question><question><type>1</type><format>text</format><desc><![CDATA[10.1979年我国制定的沙眼分期方法中，Ⅲ期沙眼表现为]]></desc><options><option><id>A</id><type>text</type><desc><![CDATA[上睑结膜乳头与滤泡并存]]></desc></option><option><id>B</id><type>text</type><desc><![CDATA[上穹隆结膜血管模糊不清]]></desc></option><option><id>C</id><type>text</type><desc><![CDATA[除少许活动期病变外，有瘢痕形成]]></desc></option><option><id>D</id><type>text</type><desc><![CDATA[活动性病变完全消失，代之以瘢痕]]></desc></option><option><id>E</id><type>text</type><desc><![CDATA[有角膜血管翳。]]></desc></option></options><answers><![CDATA[D]]></answers></question></questions><questions><instructions><![CDATA[A2型题]]></instructions><question><type>2</type><format>html</format><desc><![CDATA[11.病人，女性，30岁，主诉双眼看电脑后干涩15天，查：双眼睑无倒睫，结膜无充血，角膜上皮完整，荧光素染色（—），BUT小于3s，Shirmer test小于4mm，该病人最可能的诊断是]]></desc><options><option><id>A</id><type>text</type><desc><![CDATA[结膜炎]]></desc></option><option><id>B</id><type>text</type><desc><![CDATA[角膜炎症]]></desc></option><option><id>C</id><type>text</type><desc><![CDATA[干眼]]></desc></option><option><id>D</id><type>text</type><desc><![CDATA[弱视]]></desc></option><option><id>E</id><type>text</type><desc><![CDATA[麦粒肿]]></desc></option></options><answers><![CDATA[C]]></answers></question><question><type>2</type><format>text</format><desc><![CDATA[12.病人，男性，46岁，2天前游泳后发现右眼发红，今天早晨醒来发现右眼眼睛睁不开，照镜子看到大量黄色黏稠状分泌物把睫毛黏住了，来医院就诊为急性细菌性结膜炎。导致急性或亚急性细菌性结膜炎的常见病菌为]]></desc><options><option><id>A</id><type>text</type><desc><![CDATA[变形杆菌]]></desc></option><option><id>B</id><type>text</type><desc><![CDATA[假单孢菌属]]></desc></option><option><id>C</id><type>text</type><desc><![CDATA[大肠杆菌]]></desc></option><option><id>D</id><type>text</type><desc><![CDATA[摩拉克菌]]></desc></option><option><id>E</id><type>text</type><desc><![CDATA[流感嗜血杆菌]]></desc></option></options><answers><![CDATA[E]]></answers></question><question><type>2</type><format>text</format><desc><![CDATA[13.患儿，男性，出生3天后发现其结膜囊内有脓性分泌物，最有可能的诊断是]]></desc><options><option><id>A</id><type>text</type><desc><![CDATA[急性细菌性结膜炎]]></desc></option><option><id>B</id><type>text</type><desc><![CDATA[亚急性细菌性结膜炎]]></desc></option><option><id>C</id><type>text</type><desc><![CDATA[金黄色葡萄球菌性结膜炎]]></desc></option><option><id>D</id><type>text</type><desc><![CDATA[新生儿淋球菌性结膜炎]]></desc></option><option><id>E</id><type>text</type><desc><![CDATA[流感嗜血杆菌性结膜炎]]></desc></option></options><answers><![CDATA[D]]></answers></question><question><type>2</type><format>text</format><desc><![CDATA[14.病人，男性，28岁，双眼红肿2天，流脓1天。检查：双眼睑、结膜充血、高度水肿，结膜囊内大量黄白色脓性分泌物，角膜上皮病变，前房清，耳前淋巴结肿痛，对该病人采取的首要处理是]]></desc><options><option><id>A</id><type>text</type><desc><![CDATA[抗生素频繁滴眼]]></desc></option><option><id>B</id><type>text</type><desc><![CDATA[局部滴眼+全身抗生素]]></desc></option><option><id>C</id><type>text</type><desc><![CDATA[分泌物涂片及培养]]></desc></option><option><id>D</id><type>text</type><desc><![CDATA[1%硝酸银滴眼]]></desc></option><option><id>E</id><type>text</type><desc><![CDATA[结膜囊冲洗]]></desc></option></options><answers><![CDATA[C]]></answers></question></questions></exam>