﻿<?xml version="1.0" encoding="UTF-8"?><exam><id>20181112161258</id><questions><instructions><![CDATA[A1型题]]></instructions><question><type>1</type><format>text</format><desc><![CDATA[1.应用角膜映光法估计斜视度时，下列正确的是]]></desc><options><option><id>A</id><type>text</type><desc><![CDATA[映光点在角膜缘为60°]]></desc></option><option><id>B</id><type>text</type><desc><![CDATA[映光点在瞳孔缘为15°]]></desc></option><option><id>C</id><type>text</type><desc><![CDATA[映光点偏鼻侧为内斜]]></desc></option><option><id>D</id><type>text</type><desc><![CDATA[映光点在偏颞侧为外斜]]></desc></option><option><id>E</id><type>text</type><desc><![CDATA[映光点在瞳孔缘与角膜缘之间为45°]]></desc></option></options><answers><![CDATA[B]]></answers></question><question><type>1</type><format>text</format><desc><![CDATA[2.弱视治疗越早效果越好，一般应尽量在几岁内治疗]]></desc><options><option><id>A</id><type>text</type><desc><![CDATA[3岁]]></desc></option><option><id>B</id><type>text</type><desc><![CDATA[6岁]]></desc></option><option><id>C</id><type>text</type><desc><![CDATA[10岁]]></desc></option><option><id>D</id><type>text</type><desc><![CDATA[14岁]]></desc></option><option><id>E</id><type>text</type><desc><![CDATA[青春发育期前]]></desc></option></options><answers><![CDATA[A]]></answers></question><question><type>1</type><format>text</format><desc><![CDATA[3.弱视眼经验光配镜后最简单、有效和常用的治疗方法是]]></desc><options><option><id>A</id><type>text</type><desc><![CDATA[遮盖疗法]]></desc></option><option><id>B</id><type>text</type><desc><![CDATA[压抑疗法]]></desc></option><option><id>C</id><type>text</type><desc><![CDATA[红胶片疗法]]></desc></option><option><id>D</id><type>text</type><desc><![CDATA[红光刺激]]></desc></option><option><id>E</id><type>text</type><desc><![CDATA[理疗]]></desc></option></options><answers><![CDATA[A]]></answers></question><question><type>1</type><format>text</format><desc><![CDATA[4.第一斜视角等于第二斜视角可能是]]></desc><options><option><id>A</id><type>text</type><desc><![CDATA[麻痹性斜视]]></desc></option><option><id>B</id><type>text</type><desc><![CDATA[弱视]]></desc></option><option><id>C</id><type>text</type><desc><![CDATA[共同性斜视]]></desc></option><option><id>D</id><type>text</type><desc><![CDATA[内斜视]]></desc></option><option><id>E</id><type>text</type><desc><![CDATA[外斜视]]></desc></option></options><answers><![CDATA[C]]></answers></question><question><type>1</type><format>text</format><desc><![CDATA[5.共同性斜视的治疗方法是]]></desc><options><option><id>A</id><type>text</type><desc><![CDATA[矫正屈光不正]]></desc></option><option><id>B</id><type>text</type><desc><![CDATA[弱视和正位视训练]]></desc></option><option><id>C</id><type>text</type><desc><![CDATA[手术矫正]]></desc></option><option><id>D</id><type>text</type><desc><![CDATA[针灸及理疗]]></desc></option><option><id>E</id><type>text</type><desc><![CDATA[正位视训练]]></desc></option></options><answers><![CDATA[A]]></answers></question><question><type>1</type><format>html</format><desc><![CDATA[6.导致弱视的原因<u><b>不包括</b></u>]]></desc><options><option><id>A</id><type>text</type><desc><![CDATA[先天性白内障]]></desc></option><option><id>B</id><type>text</type><desc><![CDATA[先天性黄斑缺损]]></desc></option><option><id>C</id><type>text</type><desc><![CDATA[斜视]]></desc></option><option><id>D</id><type>text</type><desc><![CDATA[屈光不正]]></desc></option><option><id>E</id><type>text</type><desc><![CDATA[不恰当的遮盖治疗]]></desc></option></options><answers><![CDATA[C]]></answers></question><question><type>1</type><format>text</format><desc><![CDATA[7.麻痹性斜视首先考虑的治疗方法是]]></desc><options><option><id>A</id><type>text</type><desc><![CDATA[病因治疗]]></desc></option><option><id>B</id><type>text</type><desc><![CDATA[手术治疗]]></desc></option><option><id>C</id><type>text</type><desc><![CDATA[抗生素及激素治疗]]></desc></option><option><id>D</id><type>text</type><desc><![CDATA[血管扩张治疗]]></desc></option><option><id>E</id><type>text</type><desc><![CDATA[理疗及针灸]]></desc></option></options><answers><![CDATA[A]]></answers></question><question><type>1</type><format>text</format><desc><![CDATA[8.共同性外斜视通常伴有]]></desc><options><option><id>A</id><type>text</type><desc><![CDATA[散光性屈光不正]]></desc></option><option><id>B</id><type>text</type><desc><![CDATA[近视性屈光不正]]></desc></option><option><id>C</id><type>text</type><desc><![CDATA[远视性屈光不正]]></desc></option><option><id>D</id><type>text</type><desc><![CDATA[老视性屈光不正]]></desc></option><option><id>E</id><type>text</type><desc><![CDATA[弱视性屈光不正]]></desc></option></options><answers><![CDATA[B]]></answers></question></questions><questions><instructions><![CDATA[A2型题]]></instructions><question><type>2</type><format>text</format><desc><![CDATA[9.一病例的散瞳结果为：右：+5.00DS+1.00DC×90°→0.9,左：+8.00DS+2.00DC×85°→0.3，诊断是]]></desc><options><option><id>A</id><type>text</type><desc><![CDATA[屈光不正]]></desc></option><option><id>B</id><type>text</type><desc><![CDATA[斜视性弱视]]></desc></option><option><id>C</id><type>text</type><desc><![CDATA[形觉剥夺性弱视]]></desc></option><option><id>D</id><type>text</type><desc><![CDATA[屈光不正性弱视]]></desc></option><option><id>E</id><type>text</type><desc><![CDATA[屈光参差性弱视]]></desc></option></options><answers><![CDATA[A]]></answers></question><question><type>2</type><format>text</format><desc><![CDATA[10.患儿5岁，外眼及眼底未发现异常，眼位正，裸眼视力：右：0.3，左：0.1，矫正视力：右：0.8(+3.00D+1.00C×90°)，左：0.3(+7.00D+1.75C×90°)，主要治疗方法是]]></desc><options><option><id>A</id><type>text</type><desc><![CDATA[注视器训练]]></desc></option><option><id>B</id><type>text</type><desc><![CDATA[激光治疗]]></desc></option><option><id>C</id><type>text</type><desc><![CDATA[不戴眼镜，只做弱视训练]]></desc></option><option><id>D</id><type>text</type><desc><![CDATA[配戴矫正眼镜联合健眼遮盖]]></desc></option><option><id>E</id><type>text</type><desc><![CDATA[药物治疗]]></desc></option></options><answers><![CDATA[D]]></answers></question><question><type>2</type><format>text</format><desc><![CDATA[11.有一复视患者的复视图像为：同侧垂直复视、右像高、左像低，右下方向复像距离最大，周边物像属左眼，则麻痹肌是]]></desc><options><option><id>A</id><type>text</type><desc><![CDATA[左眼外直肌]]></desc></option><option><id>B</id><type>text</type><desc><![CDATA[右眼上斜肌]]></desc></option><option><id>C</id><type>text</type><desc><![CDATA[左眼下直肌]]></desc></option><option><id>D</id><type>text</type><desc><![CDATA[左眼上斜肌]]></desc></option><option><id>E</id><type>text</type><desc><![CDATA[左眼上直肌]]></desc></option></options><answers><![CDATA[D]]></answers></question></questions></exam>