﻿<?xml version="1.0" encoding="UTF-8"?><exam><id>20181112155415</id><questions><instructions><![CDATA[A1型题]]></instructions><question><type>1</type><format>text</format><desc><![CDATA[1.前葡萄膜炎是指]]></desc><options><option><id>A</id><type>text</type><desc><![CDATA[虹膜炎]]></desc></option><option><id>B</id><type>text</type><desc><![CDATA[睫状体炎]]></desc></option><option><id>C</id><type>text</type><desc><![CDATA[虹膜睫状体炎]]></desc></option><option><id>D</id><type>text</type><desc><![CDATA[睫状体和脉络膜炎]]></desc></option><option><id>E</id><type>text</type><desc><![CDATA[脉络膜炎]]></desc></option></options><answers><![CDATA[C]]></answers></question><question><type>1</type><format>text</format><desc><![CDATA[2.急性虹膜睫状体炎可引起]]></desc><options><option><id>A</id><type>text</type><desc><![CDATA[眼肌麻痹]]></desc></option><option><id>B</id><type>text</type><desc><![CDATA[瞳孔闭锁和膜闭]]></desc></option><option><id>C</id><type>text</type><desc><![CDATA[斜视]]></desc></option><option><id>D</id><type>text</type><desc><![CDATA[近视及外斜视]]></desc></option><option><id>E</id><type>text</type><desc><![CDATA[以上均不对]]></desc></option></options><answers><![CDATA[B]]></answers></question><question><type>1</type><format>text</format><desc><![CDATA[3.玻璃体中含量最多的成分是]]></desc><options><option><id>A</id><type>text</type><desc><![CDATA[粘蛋白]]></desc></option><option><id>B</id><type>text</type><desc><![CDATA[玻璃体蛋白]]></desc></option><option><id>C</id><type>text</type><desc><![CDATA[水分]]></desc></option><option><id>D</id><type>text</type><desc><![CDATA[维生素C]]></desc></option><option><id>E</id><type>text</type><desc><![CDATA[胶原纤维]]></desc></option></options><answers><![CDATA[C]]></answers></question><question><type>1</type><format>text</format><desc><![CDATA[4.视网膜出现微动脉瘤，最常见于下列哪种疾病]]></desc><options><option><id>A</id><type>text</type><desc><![CDATA[视网膜动脉栓塞]]></desc></option><option><id>B</id><type>text</type><desc><![CDATA[视网膜静脉周围炎]]></desc></option><option><id>C</id><type>text</type><desc><![CDATA[高血压]]></desc></option><option><id>D</id><type>text</type><desc><![CDATA[糖尿病]]></desc></option><option><id>E</id><type>text</type><desc><![CDATA[肾病综合征]]></desc></option></options><answers><![CDATA[D]]></answers></question><question><type>1</type><format>text</format><desc><![CDATA[5.下列是视网膜中央动脉阻塞病人临床表现的是]]></desc><options><option><id>A</id><type>text</type><desc><![CDATA[视力急剧下降甚至光感消失]]></desc></option><option><id>B</id><type>text</type><desc><![CDATA[视力缓慢下降出现复视]]></desc></option><option><id>C</id><type>text</type><desc><![CDATA[视力减退并出现视物变形]]></desc></option><option><id>D</id><type>text</type><desc><![CDATA[视力减退并出现虹视]]></desc></option><option><id>E</id><type>text</type><desc><![CDATA[视力下降，视野弓形缺损]]></desc></option></options><answers><![CDATA[A]]></answers></question><question><type>1</type><format>text</format><desc><![CDATA[6.中心性浆液性视网膜脉络膜病变，其病变部位发生在]]></desc><options><option><id>A</id><type>text</type><desc><![CDATA[视网膜鼻侧]]></desc></option><option><id>B</id><type>text</type><desc><![CDATA[视盘周围]]></desc></option><option><id>C</id><type>text</type><desc><![CDATA[黄斑区]]></desc></option><option><id>D</id><type>text</type><desc><![CDATA[视网膜鼻侧]]></desc></option><option><id>E</id><type>text</type><desc><![CDATA[以上均可发生]]></desc></option></options><answers><![CDATA[C]]></answers></question><question><type>1</type><format>html</format><desc><![CDATA[7.下列<u><b>不属于</b></u>早期高血压动脉硬化眼底表现的是]]></desc><options><option><id>A</id><type>text</type><desc><![CDATA[动脉反光增强]]></desc></option><option><id>B</id><type>text</type><desc><![CDATA[A∶V=1∶2]]></desc></option><option><id>C</id><type>text</type><desc><![CDATA[动脉粗细不均]]></desc></option><option><id>D</id><type>text</type><desc><![CDATA[视乳头水肿]]></desc></option><option><id>E</id><type>text</type><desc><![CDATA[以上均对]]></desc></option></options><answers><![CDATA[D]]></answers></question></questions><questions><instructions><![CDATA[A2型题]]></instructions><question><type>2</type><format>text</format><desc><![CDATA[8.王先生，35岁，3天前开始出现右眼红、胀痛、怕光、流泪，曾自滴“氯霉素”眼药水治疗，未见好转，查体见右眼混合充血，KP(+)，Tyndall(+)。考虑该病人所患疾病为]]></desc><options><option><id>A</id><type>text</type><desc><![CDATA[青光眼]]></desc></option><option><id>B</id><type>text</type><desc><![CDATA[虹膜睫状体炎]]></desc></option><option><id>C</id><type>text</type><desc><![CDATA[角膜炎]]></desc></option><option><id>D</id><type>text</type><desc><![CDATA[白内障]]></desc></option><option><id>E</id><type>text</type><desc><![CDATA[视网膜炎]]></desc></option></options><answers><![CDATA[B]]></answers></question><question><type>2</type><format>text</format><desc><![CDATA[9.病人，男性，75岁，左眼突发视力骤降1小时。查体见右眼视力黑矇，结膜无充血，角膜透明，前房深、清，晶状体透明。眼压17mmHg，考虑该病人所患疾病为]]></desc><options><option><id>A</id><type>text</type><desc><![CDATA[急性闭角型青光眼]]></desc></option><option><id>B</id><type>text</type><desc><![CDATA[葡萄膜炎]]></desc></option><option><id>C</id><type>text</type><desc><![CDATA[视网膜动脉阻塞]]></desc></option><option><id>D</id><type>text</type><desc><![CDATA[视网膜脱离]]></desc></option><option><id>E</id><type>text</type><desc><![CDATA[中浆]]></desc></option></options><answers><![CDATA[C]]></answers></question><question><type>2</type><format>text</format><desc><![CDATA[10.病人，男性，60岁，体检发现血糖高，要求查眼底。查体见双眼视力0.3，结膜无充血，角膜透明，前房深，清，晶状体透明。眼底检查见后极部散在微血管瘤，未见渗出未见出血斑，该病人眼底糖尿病视网膜病变所属时期是]]></desc><options><option><id>A</id><type>text</type><desc><![CDATA[Ⅰ]]></desc></option><option><id>B</id><type>text</type><desc><![CDATA[Ⅱ]]></desc></option><option><id>C</id><type>text</type><desc><![CDATA[Ⅲ]]></desc></option><option><id>D</id><type>text</type><desc><![CDATA[Ⅳ]]></desc></option><option><id>E</id><type>text</type><desc><![CDATA[Ⅴ]]></desc></option></options><answers><![CDATA[A]]></answers></question></questions></exam>