﻿<?xml version="1.0" encoding="UTF-8"?><exam><id>20181113084548</id><questions><instructions><![CDATA[A1型题]]></instructions><question><type>1</type><format>text</format><desc><![CDATA[1.临床上耳鸣的分类包括]]></desc><options><option><id>A</id><type>text</type><desc><![CDATA[内耳和外耳]]></desc></option><option><id>B</id><type>text</type><desc><![CDATA[前庭性和外周性]]></desc></option><option><id>C</id><type>text</type><desc><![CDATA[主观性和客观性]]></desc></option><option><id>D</id><type>text</type><desc><![CDATA[中耳和外耳]]></desc></option><option><id>E</id><type>text</type><desc><![CDATA[先天性和后天性]]></desc></option></options><answers><![CDATA[C]]></answers><keypoints><![CDATA[解析：主观性耳鸣为病人主观感到耳内或颅内有鸣声，而周围环境并无相应的声源。客观性耳鸣少见，指病人和他人都能听到耳鸣的声音，主要有血管的搏动声、咽鼓管异常开放的呼吸音或颞下颌关节紊乱发出的声音等。]]></keypoints></question><question><type>1</type><format>text</format><desc><![CDATA[2.鼓室积液多见的疾病为]]></desc><options><option><id>A</id><type>text</type><desc><![CDATA[化脓性中耳炎]]></desc></option><option><id>B</id><type>text</type><desc><![CDATA[分泌性中耳炎]]></desc></option><option><id>C</id><type>text</type><desc><![CDATA[胆脂瘤型中耳炎]]></desc></option><option><id>D</id><type>text</type><desc><![CDATA[外耳道炎]]></desc></option><option><id>E</id><type>text</type><desc><![CDATA[听神经瘤]]></desc></option></options><answers><![CDATA[B]]></answers><keypoints><![CDATA[解析：分泌性中耳炎病人由于各种原因导致的咽鼓管功能障碍问题，引起的中耳腔负压形成渗出性液体，而导致分泌性中耳炎。]]></keypoints></question><question><type>1</type><format>text</format><desc><![CDATA[3.吸气性呼吸困难导致的临床典型症状为]]></desc><options><option><id>A</id><type>text</type><desc><![CDATA[声音嘶哑]]></desc></option><option><id>B</id><type>text</type><desc><![CDATA[吞咽困难]]></desc></option><option><id>C</id><type>text</type><desc><![CDATA[喉痛]]></desc></option><option><id>D</id><type>text</type><desc><![CDATA[四凹征]]></desc></option><option><id>E</id><type>text</type><desc><![CDATA[胸痛]]></desc></option></options><answers><![CDATA[D]]></answers><keypoints><![CDATA[解析：喉阻塞病人主要表现为吸气费力，吸气时间延长，吸气时空气不易进入肺内，此时胸腔内负压增加，出现胸骨上窝、锁骨上窝、剑突下以及肋间隙软组织凹陷，临床上称之为“四凹征”。]]></keypoints></question><question><type>1</type><format>html</format><desc><![CDATA[4.以下<u><b>不是</b></u>听功能检查项目的是]]></desc><options><option><id>A</id><type>text</type><desc><![CDATA[眼动检查]]></desc></option><option><id>B</id><type>text</type><desc><![CDATA[声导抗测试]]></desc></option><option><id>C</id><type>text</type><desc><![CDATA[纯音计听]]></desc></option><option><id>D</id><type>text</type><desc><![CDATA[音叉试验]]></desc></option><option><id>E</id><type>text</type><desc><![CDATA[电反应测听法]]></desc></option></options><answers><![CDATA[A]]></answers></question><question><type>1</type><format>text</format><desc><![CDATA[5.耳前瘘管切除术备皮范围为]]></desc><options><option><id>A</id><type>text</type><desc><![CDATA[距发际5～6cm]]></desc></option><option><id>B</id><type>text</type><desc><![CDATA[距发际4～5cm]]></desc></option><option><id>C</id><type>text</type><desc><![CDATA[距发际7～8cm]]></desc></option><option><id>D</id><type>text</type><desc><![CDATA[距发际2～3cm]]></desc></option><option><id>E</id><type>text</type><desc><![CDATA[距发际9～10cm]]></desc></option></options><answers><![CDATA[D]]></answers></question><question><type>1</type><format>text</format><desc><![CDATA[6.一般耳部手术全麻术后可以进食的时间是]]></desc><options><option><id>A</id><type>text</type><desc><![CDATA[术后3小时]]></desc></option><option><id>B</id><type>text</type><desc><![CDATA[术后6小时]]></desc></option><option><id>C</id><type>text</type><desc><![CDATA[术后随时可以进食]]></desc></option><option><id>D</id><type>text</type><desc><![CDATA[护士判断病人意识清醒即可进食]]></desc></option><option><id>E</id><type>text</type><desc><![CDATA[术后1小时]]></desc></option></options><answers><![CDATA[D]]></answers></question><question><type>1</type><format>text</format><desc><![CDATA[7.外耳道检查方法正确的为]]></desc><options><option><id>A</id><type>text</type><desc><![CDATA[成人向后上方牵拉耳廓]]></desc></option><option><id>B</id><type>text</type><desc><![CDATA[小儿向后上方牵拉耳廓]]></desc></option><option><id>C</id><type>text</type><desc><![CDATA[成人向后下方牵拉耳廓]]></desc></option><option><id>D</id><type>text</type><desc><![CDATA[小儿向外侧牵拉耳廓]]></desc></option><option><id>E</id><type>text</type><desc><![CDATA[小儿向前下方牵拉耳廓]]></desc></option></options><answers><![CDATA[A]]></answers></question><question><type>1</type><format>html</format><desc><![CDATA[8.关于外耳道滴药法，以下<u><b>不正确</b></u>的是]]></desc><options><option><id>A</id><type>text</type><desc><![CDATA[滴药后保持体位3～4分钟]]></desc></option><option><id>B</id><type>text</type><desc><![CDATA[药液温度接近体温为宜]]></desc></option><option><id>C</id><type>text</type><desc><![CDATA[滴耳液顺耳道前壁滴入]]></desc></option><option><id>D</id><type>text</type><desc><![CDATA[滴耳体位取侧位或坐位（头侧向健侧）]]></desc></option><option><id>E</id><type>text</type><desc><![CDATA[滴药后外耳道口塞入干棉球]]></desc></option></options><answers><![CDATA[C]]></answers></question><question><type>1</type><format>text</format><desc><![CDATA[9.鼓膜穿刺的部位在]]></desc><options><option><id>A</id><type>text</type><desc><![CDATA[松弛部的前下象限]]></desc></option><option><id>B</id><type>text</type><desc><![CDATA[紧张部的前上象限]]></desc></option><option><id>C</id><type>text</type><desc><![CDATA[紧张部的前下象限]]></desc></option><option><id>D</id><type>text</type><desc><![CDATA[紧张部的后上象限]]></desc></option><option><id>E</id><type>text</type><desc><![CDATA[松弛部的前上象限]]></desc></option></options><answers><![CDATA[C]]></answers><keypoints><![CDATA[解析：鼓膜紧张部的前下象限或后下象限作为穿刺点既能最大程度避免损伤到中耳腔重要结构，又有利于在穿刺抽液时抽吸干净。]]></keypoints></question><question><type>1</type><format>html</format><desc><![CDATA[10.额镜使用时操作<u><b>不正确</b></u>的是]]></desc><options><option><id>A</id><type>text</type><desc><![CDATA[瞳孔、镜孔、反光焦点和检查部位在一直线]]></desc></option><option><id>B</id><type>text</type><desc><![CDATA[双眼同时观察]]></desc></option><option><id>C</id><type>text</type><desc><![CDATA[看不清时不可弯腰扭颈迁就光源]]></desc></option><option><id>D</id><type>text</type><desc><![CDATA[检查后要进行手消毒]]></desc></option><option><id>E</id><type>text</type><desc><![CDATA[检查时检查者姿势要保持端正]]></desc></option></options><answers><![CDATA[B]]></answers></question><question><type>1</type><format>html</format><desc><![CDATA[11.耳鼻喉科急重症病人需提前安排就诊，但<u><b>不包括</b></u>]]></desc><options><option><id>A</id><type>text</type><desc><![CDATA[呼吸困难]]></desc></option><option><id>B</id><type>text</type><desc><![CDATA[耳源性并发症]]></desc></option><option><id>C</id><type>text</type><desc><![CDATA[鼻出血]]></desc></option><option><id>D</id><type>text</type><desc><![CDATA[急性咽炎]]></desc></option><option><id>E</id><type>text</type><desc><![CDATA[喉阻塞]]></desc></option></options><answers><![CDATA[D]]></answers></question></questions><questions><instructions><![CDATA[A2型题]]></instructions><question><type>2</type><format>text</format><desc><![CDATA[12.病人门诊诉咽喉部不适一周，医生用间接喉镜为其检查，请问使用时注意事项正确的是]]></desc><options><option><id>A</id><type>text</type><desc><![CDATA[检查时病人仰卧位]]></desc></option><option><id>B</id><type>text</type><desc><![CDATA[检查者用纱布裹住舌前1/2]]></desc></option><option><id>C</id><type>text</type><desc><![CDATA[使用前将镜面稍加热]]></desc></option><option><id>D</id><type>text</type><desc><![CDATA[检查口咽部时，镜面朝前下方]]></desc></option><option><id>E</id><type>text</type><desc><![CDATA[检查时病人要不断吞咽]]></desc></option></options><answers><![CDATA[C]]></answers></question><question><type>2</type><format>html</format><desc><![CDATA[13.女性病人54岁，鼓室成形术后1天，护理观察要点中以下<u><b>错误</b></u>的选项是]]></desc><options><option><id>A</id><type>text</type><desc><![CDATA[术后头部需要制动]]></desc></option><option><id>B</id><type>text</type><desc><![CDATA[外层敷料被渗血污染面积大于3/4以上，及时通知医生]]></desc></option><option><id>C</id><type>text</type><desc><![CDATA[注意观察有无面瘫等并发症]]></desc></option><option><id>D</id><type>text</type><desc><![CDATA[嘱病人防止感冒，教会其正确擤鼻方法]]></desc></option><option><id>E</id><type>text</type><desc><![CDATA[根据医嘱使用抗生素]]></desc></option></options><answers><![CDATA[A]]></answers></question><question><type>2</type><format>text</format><desc><![CDATA[14.病人因右侧耳部不适来院就诊，医嘱为右侧外耳道冲洗，请问操作中注意事项正确的是]]></desc><options><option><id>A</id><type>text</type><desc><![CDATA[冲洗液温度应与室温相同]]></desc></option><option><id>B</id><type>text</type><desc><![CDATA[冲洗时要对准鼓膜]]></desc></option><option><id>C</id><type>text</type><desc><![CDATA[冲洗不畅时要大力冲洗]]></desc></option><option><id>D</id><type>text</type><desc><![CDATA[若耵聍未软化，可用耵聍钩钩出]]></desc></option><option><id>E</id><type>text</type><desc><![CDATA[只能冲洗一次，不可反复冲洗]]></desc></option></options><answers><![CDATA[D]]></answers></question><question><type>2</type><format>html</format><desc><![CDATA[15.5岁分泌性中耳炎患儿出院，护士教家属进行外耳道滴药，以下<u><b>错误</b></u>的选项是]]></desc><options><option><id>A</id><type>text</type><desc><![CDATA[患儿取侧卧位，头侧向健侧，患耳向上]]></desc></option><option><id>B</id><type>text</type><desc><![CDATA[将滴耳液顺耳道前壁滴入2～3滴]]></desc></option><option><id>C</id><type>text</type><desc><![CDATA[滴药前耳廓向后下方牵拉]]></desc></option><option><id>D</id><type>text</type><desc><![CDATA[滴入药物后保持体位3～4分钟]]></desc></option><option><id>E</id><type>text</type><desc><![CDATA[如滴耵聍软化液，应事先告知病人滴入药液量要多]]></desc></option></options><answers><![CDATA[B]]></answers></question><question><type>2</type><format>html</format><desc><![CDATA[16.病人60岁男性，因左上颌窦炎拟行左上颌窦穿刺抽液，护士为其操作时需注意的事项，<u><b>不正确</b></u>的是]]></desc><options><option><id>A</id><type>text</type><desc><![CDATA[避免病人在紧张、饥饿、疲劳时进行治疗，以防晕针的发生]]></desc></option><option><id>B</id><type>text</type><desc><![CDATA[穿刺部位进行表面麻醉]]></desc></option><option><id>C</id><type>text</type><desc><![CDATA[护士应做到技术娴熟，操作利索迅速]]></desc></option><option><id>D</id><type>text</type><desc><![CDATA[如发生晕血或晕针，立即停止治疗]]></desc></option><option><id>E</id><type>text</type><desc><![CDATA[在治疗过程中避免与病人交流，以防意外发生]]></desc></option></options><answers><![CDATA[E]]></answers></question></questions></exam>