﻿<?xml version="1.0" encoding="UTF-8"?><exam><id>20180725145703</id><questions><instructions><![CDATA[A1型题]]></instructions><question><type>1</type><format>text</format><desc><![CDATA[1.颈椎病最严重的类型是]]></desc><options><option><id>A</id><type>text</type><desc><![CDATA[脊髓型]]></desc></option><option><id>B</id><type>text</type><desc><![CDATA[神经根型]]></desc></option><option><id>C</id><type>text</type><desc><![CDATA[椎动脉型]]></desc></option><option><id>D</id><type>text</type><desc><![CDATA[交感型]]></desc></option><option><id>E</id><type>text</type><desc><![CDATA[混合型]]></desc></option></options><answers><![CDATA[A]]></answers></question><question><type>1</type><format>text</format><desc><![CDATA[2.颈椎病发生的基本原因是]]></desc><options><option><id>A</id><type>text</type><desc><![CDATA[颈椎间盘退变]]></desc></option><option><id>B</id><type>text</type><desc><![CDATA[急性损伤]]></desc></option><option><id>C</id><type>text</type><desc><![CDATA[先天性因素]]></desc></option><option><id>D</id><type>text</type><desc><![CDATA[慢性损伤]]></desc></option><option><id>E</id><type>text</type><desc><![CDATA[年龄因素]]></desc></option></options><answers><![CDATA[A]]></answers></question><question><type>1</type><format>html</format><desc><![CDATA[3.脊髓型颈椎病<u><b>不宜</b></u>采用的非手术治疗方法是]]></desc><options><option><id>A</id><type>text</type><desc><![CDATA[理疗]]></desc></option><option><id>B</id><type>text</type><desc><![CDATA[颌枕带牵引]]></desc></option><option><id>C</id><type>text</type><desc><![CDATA[药物治疗]]></desc></option><option><id>D</id><type>text</type><desc><![CDATA[颈托固定]]></desc></option><option><id>E</id><type>text</type><desc><![CDATA[改变不良工作体位]]></desc></option></options><answers><![CDATA[B]]></answers></question><question><type>1</type><format>text</format><desc><![CDATA[4.临床症状多而客观体征少的颈椎病是]]></desc><options><option><id>A</id><type>text</type><desc><![CDATA[椎动脉型]]></desc></option><option><id>B</id><type>text</type><desc><![CDATA[脊髓型]]></desc></option><option><id>C</id><type>text</type><desc><![CDATA[神经根型]]></desc></option><option><id>D</id><type>text</type><desc><![CDATA[交感神经型]]></desc></option><option><id>E</id><type>text</type><desc><![CDATA[复合型]]></desc></option></options><answers><![CDATA[D]]></answers></question><question><type>1</type><format>html</format><desc><![CDATA[5.颈椎病术后护理，应<u><b>除外</b></u>]]></desc><options><option><id>A</id><type>text</type><desc><![CDATA[床头备气管切开包]]></desc></option><option><id>B</id><type>text</type><desc><![CDATA[3日内每日超声雾化吸入]]></desc></option><option><id>C</id><type>text</type><desc><![CDATA[鼓励每日深呼吸、多咳嗽]]></desc></option><option><id>D</id><type>text</type><desc><![CDATA[鼓励早期颈部活动锻炼]]></desc></option><option><id>E</id><type>text</type><desc><![CDATA[鼓励早期四肢活动锻炼]]></desc></option></options><answers><![CDATA[D]]></answers></question><question><type>1</type><format>text</format><desc><![CDATA[6.颈椎病经颈前路手术的病人，术后护理特别强调]]></desc><options><option><id>A</id><type>text</type><desc><![CDATA[颈部功能锻炼]]></desc></option><option><id>B</id><type>text</type><desc><![CDATA[颈部制动]]></desc></option><option><id>C</id><type>text</type><desc><![CDATA[观察呼吸情况]]></desc></option><option><id>D</id><type>text</type><desc><![CDATA[保持引流通畅]]></desc></option><option><id>E</id><type>text</type><desc><![CDATA[注意有无饮水呛咳]]></desc></option></options><answers><![CDATA[C]]></answers></question><question><type>1</type><format>text</format><desc><![CDATA[7.腰椎间盘突出病人，常见的症状是]]></desc><options><option><id>A</id><type>text</type><desc><![CDATA[腰活动受限]]></desc></option><option><id>B</id><type>text</type><desc><![CDATA[腰僵硬]]></desc></option><option><id>C</id><type>text</type><desc><![CDATA[腰痛伴坐骨神经痛]]></desc></option><option><id>D</id><type>text</type><desc><![CDATA[双下肢发紫]]></desc></option><option><id>E</id><type>text</type><desc><![CDATA[大小便失禁]]></desc></option></options><answers><![CDATA[C]]></answers></question><question><type>1</type><format>text</format><desc><![CDATA[8.腰椎间盘突出症病人，早期的基本治疗方法是]]></desc><options><option><id>A</id><type>text</type><desc><![CDATA[绝对卧床休息]]></desc></option><option><id>B</id><type>text</type><desc><![CDATA[理疗]]></desc></option><option><id>C</id><type>text</type><desc><![CDATA[腰背肌锻炼]]></desc></option><option><id>D</id><type>text</type><desc><![CDATA[止痛药物]]></desc></option><option><id>E</id><type>text</type><desc><![CDATA[推拿按摩]]></desc></option></options><answers><![CDATA[A]]></answers></question><question><type>1</type><format>text</format><desc><![CDATA[9.首次急性发作的腰椎间盘突出症治疗首选]]></desc><options><option><id>A</id><type>text</type><desc><![CDATA[避免负重]]></desc></option><option><id>B</id><type>text</type><desc><![CDATA[非手术治疗]]></desc></option><option><id>C</id><type>text</type><desc><![CDATA[口服止痛药]]></desc></option><option><id>D</id><type>text</type><desc><![CDATA[局部注射醋酸泼尼松龙]]></desc></option><option><id>E</id><type>text</type><desc><![CDATA[手术治疗]]></desc></option></options><answers><![CDATA[B]]></answers></question><question><type>1</type><format>html</format><desc><![CDATA[10.腰椎间盘突出症卧床期间注意事项<u><b>错误</b></u>的是]]></desc><options><option><id>A</id><type>text</type><desc><![CDATA[卧硬板床]]></desc></option><option><id>B</id><type>text</type><desc><![CDATA[起卧时给予协助]]></desc></option><option><id>C</id><type>text</type><desc><![CDATA[床上使用便盆]]></desc></option><option><id>D</id><type>text</type><desc><![CDATA[卧床时间需3周或至疼痛症状缓解]]></desc></option><option><id>E</id><type>text</type><desc><![CDATA[绝大部分时间卧床，大小便时带腰围下床]]></desc></option></options><answers><![CDATA[E]]></answers></question></questions><questions><instructions><![CDATA[A2型题]]></instructions><question><type>1</type><format>text</format><desc><![CDATA[11.韦某，男，45岁，公司职员。双下肢麻木无力1年余，近2月来自觉双足踩棉花感、手部麻木，精细动作不稳。该病人可能是]]></desc><options><option><id>A</id><type>text</type><desc><![CDATA[神经根型颈椎病]]></desc></option><option><id>B</id><type>text</type><desc><![CDATA[脊髓型颈椎病]]></desc></option><option><id>C</id><type>text</type><desc><![CDATA[椎动脉型颈椎病]]></desc></option><option><id>D</id><type>text</type><desc><![CDATA[交感神经型颈椎病]]></desc></option><option><id>E</id><type>text</type><desc><![CDATA[复合型颈椎病]]></desc></option></options><answers><![CDATA[B]]></answers></question><question><type>1</type><format>text</format><desc><![CDATA[12.张某，男，60岁。腰腿痛5年余，站立位、过伸位或行走过久时疼痛加重，前屈位、蹲位及骑自行车时疼痛减轻或消失。最可能的诊断是]]></desc><options><option><id>A</id><type>text</type><desc><![CDATA[脊髓型颈椎病]]></desc></option><option><id>B</id><type>text</type><desc><![CDATA[腰椎间盘突出症]]></desc></option><option><id>C</id><type>text</type><desc><![CDATA[腰椎管狭窄症]]></desc></option><option><id>D</id><type>text</type><desc><![CDATA[股骨头坏死]]></desc></option><option><id>E</id><type>text</type><desc><![CDATA[强直性脊柱炎]]></desc></option></options><answers><![CDATA[C]]></answers></question><question><type>1</type><format>text</format><desc><![CDATA[13.李某，男，52岁。腰椎间盘突出症经非手术治疗后症状缓解，康复指导中应首先注意指导的是]]></desc><options><option><id>A</id><type>text</type><desc><![CDATA[增加营养，提高抵抗力]]></desc></option><option><id>B</id><type>text</type><desc><![CDATA[减轻体重，降低脊柱负荷]]></desc></option><option><id>C</id><type>text</type><desc><![CDATA[腰背肌锻炼]]></desc></option><option><id>D</id><type>text</type><desc><![CDATA[下肢肌力锻炼]]></desc></option><option><id>E</id><type>text</type><desc><![CDATA[腰部制动]]></desc></option></options><answers><![CDATA[C]]></answers></question></questions><questions><instructions><![CDATA[A3型题]]></instructions><question><type>1</type><format>text</format><desc><![CDATA[14.陈某，男，38岁。车衣工。颈肩疼痛2年余，近半年来疼痛向左上肢放射，左前臂桡侧及手背桡侧麻木。左上肢牵拉试验和压头试验阳性。]]></desc><children><question><type>1</type><format>text</format><desc><![CDATA[（1）你认为病人所患疾病是]]></desc><options><option><id>A</id><type>text</type><desc><![CDATA[脊髓型颈椎病]]></desc></option><option><id>B</id><type>text</type><desc><![CDATA[神经根型颈椎病]]></desc></option><option><id>C</id><type>text</type><desc><![CDATA[交感神经型颈椎病]]></desc></option><option><id>D</id><type>text</type><desc><![CDATA[椎动脉型颈椎病]]></desc></option><option><id>E</id><type>text</type><desc><![CDATA[复合型颈椎病]]></desc></option></options><answers><![CDATA[B]]></answers></question><question><type>1</type><format>text</format><desc><![CDATA[（2）该病人治疗方法宜应首先选择的是]]></desc><options><option><id>A</id><type>text</type><desc><![CDATA[经前路手术治疗]]></desc></option><option><id>B</id><type>text</type><desc><![CDATA[经后路手术治疗]]></desc></option><option><id>C</id><type>text</type><desc><![CDATA[高压氧治疗]]></desc></option><option><id>D</id><type>text</type><desc><![CDATA[颌枕带颈椎牵引]]></desc></option><option><id>E</id><type>text</type><desc><![CDATA[围领或颈托制动]]></desc></option></options><answers><![CDATA[D]]></answers></question><question><type>1</type><format>text</format><desc><![CDATA[（3）目前主要护理诊断问题是]]></desc><options><option><id>A</id><type>text</type><desc><![CDATA[焦虑]]></desc></option><option><id>B</id><type>text</type><desc><![CDATA[疼痛]]></desc></option><option><id>C</id><type>text</type><desc><![CDATA[躯体活动障碍]]></desc></option><option><id>D</id><type>text</type><desc><![CDATA[知识缺乏]]></desc></option><option><id>E</id><type>text</type><desc><![CDATA[潜在并发症：上肢肌萎缩]]></desc></option></options><answers><![CDATA[B]]></answers></question></children></question><question><type>1</type><format>text</format><desc><![CDATA[15.王某，男，34岁。主因间断性腰部疼痛伴右下肢放射痛2年，加重1个月而入院。]]></desc><children><question><type>1</type><format>text</format><desc><![CDATA[（1）该病人最可能的诊断为]]></desc><options><option><id>A</id><type>text</type><desc><![CDATA[椎管内肿瘤]]></desc></option><option><id>B</id><type>text</type><desc><![CDATA[末梢神经炎]]></desc></option><option><id>C</id><type>text</type><desc><![CDATA[腰椎滑脱]]></desc></option><option><id>D</id><type>text</type><desc><![CDATA[腰椎间盘突出症]]></desc></option><option><id>E</id><type>text</type><desc><![CDATA[腰椎管狭窄症]]></desc></option></options><answers><![CDATA[D]]></answers></question><question><type>1</type><format>text</format><desc><![CDATA[（2）该病人入院后行椎板减压髓核摘除术，术后第1天应指导病人开始进行的锻炼为]]></desc><options><option><id>A</id><type>text</type><desc><![CDATA[股四头肌等长收缩]]></desc></option><option><id>B</id><type>text</type><desc><![CDATA[直腿抬高练习]]></desc></option><option><id>C</id><type>text</type><desc><![CDATA[腰背肌锻炼]]></desc></option><option><id>D</id><type>text</type><desc><![CDATA[转移训练]]></desc></option><option><id>E</id><type>text</type><desc><![CDATA[下床活动]]></desc></option></options><answers><![CDATA[A]]></answers></question></children></question><question><type>1</type><format>text</format><desc><![CDATA[16.马某，男，65岁。近2个月来出现上肢无力、下肢麻木、行走困难、大小便困难、尿潴留，全身肌张力增加、肌力下降和病理反射阳性。]]></desc><children><question><type>1</type><format>text</format><desc><![CDATA[（1）该病人最可能的诊断是]]></desc><options><option><id>A</id><type>text</type><desc><![CDATA[交感神经型颈椎病]]></desc></option><option><id>B</id><type>text</type><desc><![CDATA[脊髓型颈椎病]]></desc></option><option><id>C</id><type>text</type><desc><![CDATA[椎动脉型颈椎病]]></desc></option><option><id>D</id><type>text</type><desc><![CDATA[神经根型颈椎病]]></desc></option><option><id>E</id><type>text</type><desc><![CDATA[复合型颈椎病]]></desc></option></options><answers><![CDATA[B]]></answers></question><question><type>1</type><format>text</format><desc><![CDATA[（2）术前准备中为适应前路手术中牵拉气管操作，护士应重点指导病人进行]]></desc><options><option><id>A</id><type>text</type><desc><![CDATA[戒烟]]></desc></option><option><id>B</id><type>text</type><desc><![CDATA[进行深呼吸和有效咳嗽]]></desc></option><option><id>C</id><type>text</type><desc><![CDATA[头部顶书本样硬物]]></desc></option><option><id>D</id><type>text</type><desc><![CDATA[练习俯卧位]]></desc></option><option><id>E</id><type>text</type><desc><![CDATA[进行气管、食管推移训练]]></desc></option></options><answers><![CDATA[E]]></answers></question><question><type>1</type><format>text</format><desc><![CDATA[（3）行前路手术后1日，病人突然出现呼吸困难、面色发绀、颈部肿胀，敷料可见渗血。此时最重要的紧急措施是]]></desc><options><option><id>A</id><type>text</type><desc><![CDATA[吸氧]]></desc></option><option><id>B</id><type>text</type><desc><![CDATA[剪开缝线、清除血肿]]></desc></option><option><id>C</id><type>text</type><desc><![CDATA[通知医生]]></desc></option><option><id>D</id><type>text</type><desc><![CDATA[气管插管]]></desc></option><option><id>E</id><type>text</type><desc><![CDATA[气管切开]]></desc></option></options><answers><![CDATA[B]]></answers></question></children></question><question><type>1</type><format>text</format><desc><![CDATA[17.何某，男，38岁。腰痛2月，向右侧大腿后及小腿外侧放射，站立时或喷嚏时疼痛加剧。门诊以腰椎间盘突出症收住院。]]></desc><children><question><type>1</type><format>text</format><desc><![CDATA[（1）该病人目前最主要的护理诊断是]]></desc><options><option><id>A</id><type>text</type><desc><![CDATA[焦虑]]></desc></option><option><id>B</id><type>text</type><desc><![CDATA[苦恼]]></desc></option><option><id>C</id><type>text</type><desc><![CDATA[躯体活动障碍]]></desc></option><option><id>D</id><type>text</type><desc><![CDATA[疼痛（腰腿痛）]]></desc></option><option><id>E</id><type>text</type><desc><![CDATA[知识缺乏]]></desc></option></options><answers><![CDATA[D]]></answers></question><question><type>1</type><format>text</format><desc><![CDATA[（2）对于该病人初次发作，首选的治疗和护理方法为]]></desc><options><option><id>A</id><type>text</type><desc><![CDATA[局部封闭]]></desc></option><option><id>B</id><type>text</type><desc><![CDATA[绝对卧床休息]]></desc></option><option><id>C</id><type>text</type><desc><![CDATA[手术]]></desc></option><option><id>D</id><type>text</type><desc><![CDATA[理疗]]></desc></option><option><id>E</id><type>text</type><desc><![CDATA[镇痛止痛药]]></desc></option></options><answers><![CDATA[B]]></answers></question></children></question></questions></exam>