﻿<?xml version="1.0" encoding="UTF-8"?><exam><id>20180725103749</id><questions><instructions><![CDATA[A1型题]]></instructions><question><type>1</type><format>html</format><desc><![CDATA[1.吸入性全身麻醉下<u><b>不可</b></u>缺少的术前用药是]]></desc><options><option><id>A</id><type>text</type><desc><![CDATA[苯巴比妥钠]]></desc></option><option><id>B</id><type>text</type><desc><![CDATA[安定]]></desc></option><option><id>C</id><type>text</type><desc><![CDATA[阿托品]]></desc></option><option><id>D</id><type>text</type><desc><![CDATA[吗啡]]></desc></option><option><id>E</id><type>text</type><desc><![CDATA[异丙嗪]]></desc></option></options><answers><![CDATA[C]]></answers></question><question><type>1</type><format>html</format><desc><![CDATA[2.护理腰椎椎穿刺术后病人，<u><b>不妥</b></u>的是]]></desc><options><option><id>A</id><type>text</type><desc><![CDATA[术后去枕平卧4～6小时]]></desc></option><option><id>B</id><type>text</type><desc><![CDATA[术后24小时不可下床]]></desc></option><option><id>C</id><type>text</type><desc><![CDATA[密切观察意识、瞳孔的变化]]></desc></option><option><id>D</id><type>text</type><desc><![CDATA[颅内压较高者宜多饮水]]></desc></option><option><id>E</id><type>text</type><desc><![CDATA[尽早发现脑疝前驱症状]]></desc></option></options><answers><![CDATA[D]]></answers></question><question><type>1</type><format>text</format><desc><![CDATA[3.全麻未清醒病人取]]></desc><options><option><id>A</id><type>text</type><desc><![CDATA[去枕平卧头偏一侧]]></desc></option><option><id>B</id><type>text</type><desc><![CDATA[头高斜坡位]]></desc></option><option><id>C</id><type>text</type><desc><![CDATA[半卧位]]></desc></option><option><id>D</id><type>text</type><desc><![CDATA[去枕平卧6～8小时]]></desc></option><option><id>E</id><type>text</type><desc><![CDATA[平卧与硬板床上]]></desc></option></options><answers><![CDATA[A]]></answers></question><question><type>1</type><format>text</format><desc><![CDATA[4.麻醉前宜禁食]]></desc><options><option><id>A</id><type>text</type><desc><![CDATA[4小时]]></desc></option><option><id>B</id><type>text</type><desc><![CDATA[6小时]]></desc></option><option><id>C</id><type>text</type><desc><![CDATA[8小时]]></desc></option><option><id>D</id><type>text</type><desc><![CDATA[12小时]]></desc></option><option><id>E</id><type>text</type><desc><![CDATA[24小时]]></desc></option></options><answers><![CDATA[D]]></answers></question><question><type>1</type><format>text</format><desc><![CDATA[5.一般非急症手术，麻醉前需禁饮水时间为]]></desc><options><option><id>A</id><type>text</type><desc><![CDATA[12小时]]></desc></option><option><id>B</id><type>text</type><desc><![CDATA[8小时]]></desc></option><option><id>C</id><type>text</type><desc><![CDATA[4小时]]></desc></option><option><id>D</id><type>text</type><desc><![CDATA[2小时]]></desc></option><option><id>E</id><type>text</type><desc><![CDATA[1小时]]></desc></option></options><answers><![CDATA[C]]></answers></question><question><type>1</type><format>html</format><desc><![CDATA[6.外科手术病人麻醉后的护理<u><b>错误</b></u>的是]]></desc><options><option><id>A</id><type>text</type><desc><![CDATA[全麻未清醒前应去枕平卧位，头转向一侧]]></desc></option><option><id>B</id><type>text</type><desc><![CDATA[腰麻病人必须去枕平卧6～8小时]]></desc></option><option><id>C</id><type>text</type><desc><![CDATA[硬脊膜外麻醉后，病人应平卧4～6小时]]></desc></option><option><id>D</id><type>text</type><desc><![CDATA[小儿吸入麻醉后，也应去枕平卧，头转向一侧]]></desc></option><option><id>E</id><type>text</type><desc><![CDATA[所有麻醉后病人都需要特别护理]]></desc></option></options><answers><![CDATA[E]]></answers></question><question><type>1</type><format>text</format><desc><![CDATA[7.腰麻术后病人体位宜]]></desc><options><option><id>A</id><type>text</type><desc><![CDATA[垫枕平卧6小时]]></desc></option><option><id>B</id><type>text</type><desc><![CDATA[去枕平卧6小时]]></desc></option><option><id>C</id><type>text</type><desc><![CDATA[头低平卧6小时]]></desc></option><option><id>D</id><type>text</type><desc><![CDATA[半卧位6小时]]></desc></option><option><id>E</id><type>text</type><desc><![CDATA[可以自由卧位]]></desc></option></options><answers><![CDATA[B]]></answers></question><question><type>1</type><format>text</format><desc><![CDATA[8.全麻病人未苏醒前回病房，正确的体位是]]></desc><options><option><id>A</id><type>text</type><desc><![CDATA[头低脚高位]]></desc></option><option><id>B</id><type>text</type><desc><![CDATA[垫枕平卧位，头转向一侧]]></desc></option><option><id>C</id><type>text</type><desc><![CDATA[半坐卧位]]></desc></option><option><id>D</id><type>text</type><desc><![CDATA[侧卧位]]></desc></option><option><id>E</id><type>text</type><desc><![CDATA[俯卧位]]></desc></option></options><answers><![CDATA[D]]></answers></question><question><type>1</type><format>text</format><desc><![CDATA[9.腰麻病人术后去枕平卧的主要目的是]]></desc><options><option><id>A</id><type>text</type><desc><![CDATA[预防呼吸道阻塞]]></desc></option><option><id>B</id><type>text</type><desc><![CDATA[防止尿潴留]]></desc></option><option><id>C</id><type>text</type><desc><![CDATA[防止血压下降]]></desc></option><option><id>D</id><type>text</type><desc><![CDATA[预防麻醉后头痛]]></desc></option><option><id>E</id><type>text</type><desc><![CDATA[防止恶心呕吐]]></desc></option></options><answers><![CDATA[D]]></answers></question></questions><questions><instructions><![CDATA[A2型题]]></instructions><question><type>1</type><format>text</format><desc><![CDATA[10.何某，女，45岁。行腰麻术后4小时，烦躁不安，测血压，脉搏，呼吸均正常。查体见：下腹部膨隆，叩诊音呈浊音，首先考虑]]></desc><options><option><id>A</id><type>text</type><desc><![CDATA[肠梗阻]]></desc></option><option><id>B</id><type>text</type><desc><![CDATA[急性胃扩张]]></desc></option><option><id>C</id><type>text</type><desc><![CDATA[腹腔内出血]]></desc></option><option><id>D</id><type>text</type><desc><![CDATA[急性腹膜炎]]></desc></option><option><id>E</id><type>text</type><desc><![CDATA[尿潴留]]></desc></option></options><answers><![CDATA[B]]></answers></question><question><type>1</type><format>text</format><desc><![CDATA[11.李某，女，55岁。发现右侧乳房无痛性包块1月余，质地硬，直径3cm，同侧腋窝2个淋巴结肿大，诊断为乳癌。此病人手术前备皮范围]]></desc><options><option><id>A</id><type>text</type><desc><![CDATA[胸部、同侧腋下及上臂]]></desc></option><option><id>B</id><type>text</type><desc><![CDATA[胸部、上臂]]></desc></option><option><id>C</id><type>text</type><desc><![CDATA[胸部双侧腋下]]></desc></option><option><id>D</id><type>text</type><desc><![CDATA[胸部、颈部及同侧腋下]]></desc></option><option><id>E</id><type>text</type><desc><![CDATA[胸部及同侧腋下]]></desc></option></options><answers><![CDATA[A]]></answers></question><question><type>1</type><format>text</format><desc><![CDATA[12.刘某，女，45岁。发现左侧乳房无痛性肿块1周，查体：肿块质地硬，直径3cm，同侧腋窝3个淋巴结肿大，初步诊断为“乳癌”。该病人的手术体位是]]></desc><options><option><id>A</id><type>text</type><desc><![CDATA[侧卧位]]></desc></option><option><id>B</id><type>text</type><desc><![CDATA[仰卧位]]></desc></option><option><id>C</id><type>text</type><desc><![CDATA[俯卧位]]></desc></option><option><id>D</id><type>text</type><desc><![CDATA[半侧卧位]]></desc></option><option><id>E</id><type>text</type><desc><![CDATA[半坐卧位]]></desc></option></options><answers><![CDATA[D]]></answers></question><question><type>1</type><format>text</format><desc><![CDATA[13.赵某，男，50岁。行剖腹探查术后6天，剧烈咳嗽后、腹部切口全层裂开，小肠部分脱出，切口周围有脓性分泌物。在紧急处理中，正确的操作是]]></desc><options><option><id>A</id><type>text</type><desc><![CDATA[立即将肠管还纳腹腔]]></desc></option><option><id>B</id><type>text</type><desc><![CDATA[立即紧急包扎、消毒]]></desc></option><option><id>C</id><type>text</type><desc><![CDATA[立即用无菌纱巾覆盖，腹带包扎]]></desc></option><option><id>D</id><type>text</type><desc><![CDATA[立即止痛，防休克]]></desc></option><option><id>E</id><type>text</type><desc><![CDATA[立即应用抗生素]]></desc></option></options><answers><![CDATA[C]]></answers></question></questions></exam>