﻿<?xml version="1.0" encoding="UTF-8"?><exam><id>20180725145343</id><questions><instructions><![CDATA[A1型题]]></instructions><question><type>1</type><format>html</format><desc><![CDATA[1.按关节脱位的原因分类，<u><b>错误</b></u>的是]]></desc><options><option><id>A</id><type>text</type><desc><![CDATA[创伤性脱位]]></desc></option><option><id>B</id><type>text</type><desc><![CDATA[先天性脱位]]></desc></option><option><id>C</id><type>text</type><desc><![CDATA[病理性脱位]]></desc></option><option><id>D</id><type>text</type><desc><![CDATA[陈旧性脱位]]></desc></option><option><id>E</id><type>text</type><desc><![CDATA[习惯性脱位]]></desc></option></options><answers><![CDATA[D]]></answers></question><question><type>1</type><format>text</format><desc><![CDATA[2.因关节结构遭受病变破坏引起的脱位是]]></desc><options><option><id>A</id><type>text</type><desc><![CDATA[创伤性脱位]]></desc></option><option><id>B</id><type>text</type><desc><![CDATA[先天性脱位]]></desc></option><option><id>C</id><type>text</type><desc><![CDATA[病理性脱位]]></desc></option><option><id>D</id><type>text</type><desc><![CDATA[陈旧性脱位]]></desc></option><option><id>E</id><type>text</type><desc><![CDATA[习惯性脱位]]></desc></option></options><answers><![CDATA[C]]></answers></question><question><type>1</type><format>text</format><desc><![CDATA[3.胚胎发育异常或胎儿在母体内受到外界因素影响而导致关节发育不良，出生后即出现脱位是]]></desc><options><option><id>A</id><type>text</type><desc><![CDATA[创伤性脱位]]></desc></option><option><id>B</id><type>text</type><desc><![CDATA[先天性脱位]]></desc></option><option><id>C</id><type>text</type><desc><![CDATA[病理性脱位]]></desc></option><option><id>D</id><type>text</type><desc><![CDATA[陈旧性脱位]]></desc></option><option><id>E</id><type>text</type><desc><![CDATA[习惯性脱位]]></desc></option></options><answers><![CDATA[B]]></answers></question><question><type>1</type><format>text</format><desc><![CDATA[4.关节有不稳定因素，可反复发生再脱位的是]]></desc><options><option><id>A</id><type>text</type><desc><![CDATA[创伤性脱位]]></desc></option><option><id>B</id><type>text</type><desc><![CDATA[先天性脱位]]></desc></option><option><id>C</id><type>text</type><desc><![CDATA[病理性脱位]]></desc></option><option><id>D</id><type>text</type><desc><![CDATA[陈旧性脱位]]></desc></option><option><id>E</id><type>text</type><desc><![CDATA[习惯性脱位]]></desc></option></options><answers><![CDATA[E]]></answers></question><question><type>1</type><format>html</format><desc><![CDATA[5.关节脱位的表现，<u><b>错误</b></u>的是]]></desc><options><option><id>A</id><type>text</type><desc><![CDATA[畸形]]></desc></option><option><id>B</id><type>text</type><desc><![CDATA[骨摩擦感]]></desc></option><option><id>C</id><type>text</type><desc><![CDATA[弹性固定]]></desc></option><option><id>D</id><type>text</type><desc><![CDATA[关节盂空虚]]></desc></option><option><id>E</id><type>text</type><desc><![CDATA[关节疼痛、肿胀、功能障碍]]></desc></option></options><answers><![CDATA[B]]></answers></question><question><type>1</type><format>html</format><desc><![CDATA[6.肘关节脱位后的表现，<u><b>错误</b></u>的是]]></desc><options><option><id>A</id><type>text</type><desc><![CDATA[肘关节疼痛、肿胀、功能障碍]]></desc></option><option><id>B</id><type>text</type><desc><![CDATA[“餐叉样”畸形]]></desc></option><option><id>C</id><type>text</type><desc><![CDATA[肘关节呈半屈曲位]]></desc></option><option><id>D</id><type>text</type><desc><![CDATA[尺骨鹰嘴明显后突]]></desc></option><option><id>E</id><type>text</type><desc><![CDATA[肘后三角失去正常关系]]></desc></option></options><answers><![CDATA[B]]></answers></question><question><type>1</type><format>text</format><desc><![CDATA[7.活动范围大、稳定性差、容易脱位的关节是]]></desc><options><option><id>A</id><type>text</type><desc><![CDATA[髋关节]]></desc></option><option><id>B</id><type>text</type><desc><![CDATA[肩关节]]></desc></option><option><id>C</id><type>text</type><desc><![CDATA[肘关节]]></desc></option><option><id>D</id><type>text</type><desc><![CDATA[膝关节]]></desc></option><option><id>E</id><type>text</type><desc><![CDATA[踝关节]]></desc></option></options><answers><![CDATA[B]]></answers></question><question><type>1</type><format>text</format><desc><![CDATA[8.骨折、脱位共有的特殊体征是]]></desc><options><option><id>A</id><type>text</type><desc><![CDATA[畸形]]></desc></option><option><id>B</id><type>text</type><desc><![CDATA[弹性固定]]></desc></option><option><id>C</id><type>text</type><desc><![CDATA[异常活动]]></desc></option><option><id>D</id><type>text</type><desc><![CDATA[骨擦音]]></desc></option><option><id>E</id><type>text</type><desc><![CDATA[关节部位空虚]]></desc></option></options><answers><![CDATA[A]]></answers></question><question><type>1</type><format>text</format><desc><![CDATA[9.肩关节脱位的特有体征是]]></desc><options><option><id>A</id><type>text</type><desc><![CDATA[肿胀]]></desc></option><option><id>B</id><type>text</type><desc><![CDATA[功能障碍]]></desc></option><option><id>C</id><type>text</type><desc><![CDATA[“餐叉”畸形]]></desc></option><option><id>D</id><type>text</type><desc><![CDATA[“方肩”畸形]]></desc></option><option><id>E</id><type>text</type><desc><![CDATA[骨擦音]]></desc></option></options><answers><![CDATA[D]]></answers></question><question><type>1</type><format>html</format><desc><![CDATA[10.肩关节脱位的表现，<u><b>错误</b></u>的是]]></desc><options><option><id>A</id><type>text</type><desc><![CDATA[局部疼痛，不能活动]]></desc></option><option><id>B</id><type>text</type><desc><![CDATA[“方肩”畸形]]></desc></option><option><id>C</id><type>text</type><desc><![CDATA[关节盂空虚]]></desc></option><option><id>D</id><type>text</type><desc><![CDATA[杜加（Dugas）征阳性]]></desc></option><option><id>E</id><type>text</type><desc><![CDATA[X线检查正常]]></desc></option></options><answers><![CDATA[E]]></answers></question><question><type>1</type><format>html</format><desc><![CDATA[11.关节脱位病人的护理，<u><b>错误</b></u>的是]]></desc><options><option><id>A</id><type>text</type><desc><![CDATA[抬高患肢，以利静脉回流，减轻肿胀]]></desc></option><option><id>B</id><type>text</type><desc><![CDATA[髋关节后脱位手法复位后，病人应保持髋关节屈曲、内收、内旋]]></desc></option><option><id>C</id><type>text</type><desc><![CDATA[疼痛时可遵医嘱给予止痛剂]]></desc></option><option><id>D</id><type>text</type><desc><![CDATA[向病人讲明复位后固定的重要性，防止习惯性脱位]]></desc></option><option><id>E</id><type>text</type><desc><![CDATA[固定期间可进行肌肉舒缩及固定范围外的关节活动]]></desc></option></options><answers><![CDATA[B]]></answers></question></questions><questions><instructions><![CDATA[A2型题]]></instructions><question><type>1</type><format>text</format><desc><![CDATA[12.钟某，男，28岁。踢球时不慎摔倒致右肩部疼痛、肿胀、活动受限2小时入院。查体：右肩部肿胀、方肩畸形，局部压痛阳性，右肩关节弹性固定。X线检查示：右肩关节前脱位。急诊给予手法复位及三角巾悬吊固定。请问需固定多长时间后方可进行肩关节功能锻练]]></desc><options><option><id>A</id><type>text</type><desc><![CDATA[固定后即可进行]]></desc></option><option><id>B</id><type>text</type><desc><![CDATA[1周]]></desc></option><option><id>C</id><type>text</type><desc><![CDATA[2周]]></desc></option><option><id>D</id><type>text</type><desc><![CDATA[3周]]></desc></option><option><id>E</id><type>text</type><desc><![CDATA[4周]]></desc></option></options><answers><![CDATA[D]]></answers></question><question><type>1</type><format>text</format><desc><![CDATA[13.陈某，男，38岁。高处坠落致左髋部疼痛、畸形、活动受限4小时入院，X线检查示：左髋关节后脱位，急诊给予麻醉下手法复位，该病人应卧床休息]]></desc><options><option><id>A</id><type>text</type><desc><![CDATA[1周]]></desc></option><option><id>B</id><type>text</type><desc><![CDATA[2周]]></desc></option><option><id>C</id><type>text</type><desc><![CDATA[3周]]></desc></option><option><id>D</id><type>text</type><desc><![CDATA[4周]]></desc></option><option><id>E</id><type>text</type><desc><![CDATA[5周]]></desc></option></options><answers><![CDATA[D]]></answers></question><question><type>1</type><format>text</format><desc><![CDATA[14.何某，男，16岁。摔伤致左肘部肿痛、活动受限2小时。查体：左肘部明显肿胀，后突畸形，肘后三角关系破坏。该病人最可能的诊断是]]></desc><options><option><id>A</id><type>text</type><desc><![CDATA[左肘关节前脱位]]></desc></option><option><id>B</id><type>text</type><desc><![CDATA[左肘关节后脱位]]></desc></option><option><id>C</id><type>text</type><desc><![CDATA[左肱骨髁上骨折]]></desc></option><option><id>D</id><type>text</type><desc><![CDATA[左桡骨小头骨折]]></desc></option><option><id>E</id><type>text</type><desc><![CDATA[左尺骨鹰嘴骨折]]></desc></option></options><answers><![CDATA[B]]></answers></question><question><type>1</type><format>text</format><desc><![CDATA[15.尚某，男，18岁。车祸致左髋部疼痛、肿胀、畸形、活动受限4小时。入院后首选的检查为]]></desc><options><option><id>A</id><type>text</type><desc><![CDATA[X线检查]]></desc></option><option><id>B</id><type>text</type><desc><![CDATA[B超检查]]></desc></option><option><id>C</id><type>text</type><desc><![CDATA[CT检查]]></desc></option><option><id>D</id><type>text</type><desc><![CDATA[核素骨扫描]]></desc></option><option><id>E</id><type>text</type><desc><![CDATA[关节镜检查]]></desc></option></options><answers><![CDATA[A]]></answers></question><question><type>1</type><format>text</format><desc><![CDATA[16.陈某，男，38岁。高处坠落致左髋部疼痛、畸形、活动受限4小时入院，X线检查示：左髋关节后脱位。诊断明确后首选的治疗方法是]]></desc><options><option><id>A</id><type>text</type><desc><![CDATA[切开复位]]></desc></option><option><id>B</id><type>text</type><desc><![CDATA[手法复位]]></desc></option><option><id>C</id><type>text</type><desc><![CDATA[骨牵引复位]]></desc></option><option><id>D</id><type>text</type><desc><![CDATA[皮牵引复位]]></desc></option><option><id>E</id><type>text</type><desc><![CDATA[外展架固定，肿胀消退后手术]]></desc></option></options><answers><![CDATA[B]]></answers></question><question><type>1</type><format>text</format><desc><![CDATA[17.何某，男，20岁。摔伤致左肘部肿痛、活动受限2小时。查体：左肘部明显肿胀，后突畸形，肘后三角关系破坏。入院诊断：左肘关节后脱位。急诊给予手法复位后石膏托固定，石膏托固定应肘关节于]]></desc><options><option><id>A</id><type>text</type><desc><![CDATA[屈曲30°位]]></desc></option><option><id>B</id><type>text</type><desc><![CDATA[屈曲60°位]]></desc></option><option><id>C</id><type>text</type><desc><![CDATA[屈曲90°位]]></desc></option><option><id>D</id><type>text</type><desc><![CDATA[屈曲120°位]]></desc></option><option><id>E</id><type>text</type><desc><![CDATA[伸直位]]></desc></option></options><answers><![CDATA[C]]></answers></question></questions></exam>