﻿<?xml version="1.0" encoding="UTF-8"?><exam><id>20180725104901</id><questions><instructions><![CDATA[A1型题]]></instructions><question><type>1</type><format>html</format><desc><![CDATA[1.手术日晨的准备工作<u><b>错误</b></u>的是]]></desc><options><option><id>A</id><type>text</type><desc><![CDATA[根据不同情况给予术前用药]]></desc></option><option><id>B</id><type>text</type><desc><![CDATA[女性病人要注意是否月经来潮]]></desc></option><option><id>C</id><type>text</type><desc><![CDATA[有活动义齿要取下]]></desc></option><option><id>D</id><type>text</type><desc><![CDATA[手术前均要灌肠]]></desc></option><option><id>E</id><type>text</type><desc><![CDATA[嘱咐病人排尿]]></desc></option></options><answers><![CDATA[D]]></answers></question><question><type>1</type><format>html</format><desc><![CDATA[2.下列手术后切口感染的表述<u><b>错误</b></u>的是]]></desc><options><option><id>A</id><type>text</type><desc><![CDATA[术后24小时内高热]]></desc></option><option><id>B</id><type>text</type><desc><![CDATA[术后3日后切口疼痛加剧]]></desc></option><option><id>C</id><type>text</type><desc><![CDATA[切口红、肿、热、痛]]></desc></option><option><id>D</id><type>text</type><desc><![CDATA[手术后3日后体温仍在38℃以上]]></desc></option><option><id>E</id><type>text</type><desc><![CDATA[术后血白细胞持续升高]]></desc></option></options><answers><![CDATA[A]]></answers></question><question><type>1</type><format>html</format><desc><![CDATA[3.预防术后肺部并发症，<u><b>除外</b></u>]]></desc><options><option><id>A</id><type>text</type><desc><![CDATA[病人戒烟]]></desc></option><option><id>B</id><type>text</type><desc><![CDATA[训练卧床排尿]]></desc></option><option><id>C</id><type>text</type><desc><![CDATA[治愈急性呼吸道炎症]]></desc></option><option><id>D</id><type>text</type><desc><![CDATA[注意口腔卫生]]></desc></option><option><id>E</id><type>text</type><desc><![CDATA[鼓励慢性呼吸道炎症患者排痰]]></desc></option></options><answers><![CDATA[B]]></answers></question><question><type>1</type><format>html</format><desc><![CDATA[4.手术区皮肤的准备<u><b>不正确</b></u>的是]]></desc><options><option><id>A</id><type>text</type><desc><![CDATA[颅脑手术：术前２小时剃头]]></desc></option><option><id>B</id><type>text</type><desc><![CDATA[上腹部手术备皮范围：自乳头到耻骨联合平面，两侧到腋后线]]></desc></option><option><id>C</id><type>text</type><desc><![CDATA[颈部手术备皮范围：自唇下至乳头连线，两侧到斜方肌前缘]]></desc></option><option><id>D</id><type>text</type><desc><![CDATA[面部手术剃除眉毛]]></desc></option><option><id>E</id><type>text</type><desc><![CDATA[小儿手术备皮不剃毛，清洗即可]]></desc></option></options><answers><![CDATA[D]]></answers></question><question><type>1</type><format>html</format><desc><![CDATA[5.手术后卧位，下列<u><b>不正确</b></u>的是]]></desc><options><option><id>A</id><type>text</type><desc><![CDATA[全麻术后未醒的病人，应去枕平卧，头向一侧]]></desc></option><option><id>B</id><type>text</type><desc><![CDATA[颈、胸、腹术后，一般取30°～45°半卧位，膝关节稍屈曲]]></desc></option><option><id>C</id><type>text</type><desc><![CDATA[腰麻病人，去枕平卧]]></desc></option><option><id>D</id><type>text</type><desc><![CDATA[脊柱手术一般平卧硬板床]]></desc></option><option><id>E</id><type>text</type><desc><![CDATA[颅脑手术取平卧位]]></desc></option></options><answers><![CDATA[E]]></answers></question><question><type>1</type><format>html</format><desc><![CDATA[6.鼓励病人早期下床活动的目的，<u><b>不包括</b></u>]]></desc><options><option><id>A</id><type>text</type><desc><![CDATA[促进伤口早期愈合]]></desc></option><option><id>B</id><type>text</type><desc><![CDATA[减轻伤口疼痛]]></desc></option><option><id>C</id><type>text</type><desc><![CDATA[减少肺部并发症]]></desc></option><option><id>D</id><type>text</type><desc><![CDATA[防止深静脉血栓形成]]></desc></option><option><id>E</id><type>text</type><desc><![CDATA[减少腹胀、尿潴留]]></desc></option></options><answers><![CDATA[B]]></answers></question><question><type>1</type><format>text</format><desc><![CDATA[7.术后发生尿潴留常见于]]></desc><options><option><id>A</id><type>text</type><desc><![CDATA[胃大部切除术后]]></desc></option><option><id>B</id><type>text</type><desc><![CDATA[脾切除术后]]></desc></option><option><id>C</id><type>text</type><desc><![CDATA[疝修补术后]]></desc></option><option><id>D</id><type>text</type><desc><![CDATA[肛门直肠手术后]]></desc></option><option><id>E</id><type>text</type><desc><![CDATA[输尿管切开取石术后]]></desc></option></options><answers><![CDATA[D]]></answers></question><question><type>1</type><format>text</format><desc><![CDATA[8.择期手术术前12小时禁食，4小时禁饮的目的是]]></desc><options><option><id>A</id><type>text</type><desc><![CDATA[让胃肠道适当休息]]></desc></option><option><id>B</id><type>text</type><desc><![CDATA[防止因麻醉或手术引起呕吐而致窒息或吸入性肺炎]]></desc></option><option><id>C</id><type>text</type><desc><![CDATA[减少胃肠道手术时的污染]]></desc></option><option><id>D</id><type>text</type><desc><![CDATA[防止术后腹胀]]></desc></option><option><id>E</id><type>text</type><desc><![CDATA[减少术后排便]]></desc></option></options><answers><![CDATA[B]]></answers></question></questions><questions><instructions><![CDATA[A2型题]]></instructions><question><type>1</type><format>html</format><desc><![CDATA[9.李某，男，50岁。因胃癌行胃大部切除术，术后预防腹部切口裂开的措施<u><b>不包括</b></u>]]></desc><options><option><id>A</id><type>text</type><desc><![CDATA[对虚弱患者应用减张缝合]]></desc></option><option><id>B</id><type>text</type><desc><![CDATA[缝合时拉紧，打结牢固]]></desc></option><option><id>C</id><type>text</type><desc><![CDATA[手术前后加强营养支持]]></desc></option><option><id>D</id><type>text</type><desc><![CDATA[及时处理腹胀]]></desc></option><option><id>E</id><type>text</type><desc><![CDATA[适当的腹带包扎]]></desc></option></options><answers><![CDATA[B]]></answers></question><question><type>1</type><format>text</format><desc><![CDATA[10.王某，男，50岁。十二指肠溃疡15年，上腹部隐痛半年余，近1个月又出现呕吐并逐渐加剧，呕吐隔夜宿食，精神状态差，消瘦明显，皮肤弹性差，贫血貌，经胃镜检查确诊为十二指肠溃疡并发幽门梗阻，拟近日择期行胃大部切除术。从提高病人对手术的耐受力考虑，首要的护理诊断是]]></desc><options><option><id>A</id><type>text</type><desc><![CDATA[焦虑]]></desc></option><option><id>B</id><type>text</type><desc><![CDATA[知识缺乏]]></desc></option><option><id>C</id><type>text</type><desc><![CDATA[营养失调：低于机体需要量]]></desc></option><option><id>D</id><type>text</type><desc><![CDATA[活动无耐力]]></desc></option><option><id>E</id><type>text</type><desc><![CDATA[有感染的危险]]></desc></option></options><answers><![CDATA[D]]></answers></question><question><type>1</type><format>text</format><desc><![CDATA[11.李某，女，56岁。因胃穿孔行胃大部切除术。术后饮食指导正确的一项是]]></desc><options><option><id>A</id><type>text</type><desc><![CDATA[术后第1日进流质，2日后改半流质]]></desc></option><option><id>B</id><type>text</type><desc><![CDATA[术后第2日进流质，5日后改半流质]]></desc></option><option><id>C</id><type>text</type><desc><![CDATA[肛门排气后可进流质，酌情改半流质]]></desc></option><option><id>D</id><type>text</type><desc><![CDATA[肛门排气后，可进半流质]]></desc></option><option><id>E</id><type>text</type><desc><![CDATA[迅速补足营养，不必限制饮食]]></desc></option></options><answers><![CDATA[C]]></answers></question><question><type>1</type><format>text</format><desc><![CDATA[12.孙某，男，65岁。脊柱手术后卧床2周，出现右腿小腿疼痛、紧束感，并逐渐出现水肿。该病人可能并发了]]></desc><options><option><id>A</id><type>text</type><desc><![CDATA[肌肉萎缩]]></desc></option><option><id>B</id><type>text</type><desc><![CDATA[水、电解质紊乱]]></desc></option><option><id>C</id><type>text</type><desc><![CDATA[关节炎]]></desc></option><option><id>D</id><type>text</type><desc><![CDATA[切口感染]]></desc></option><option><id>E</id><type>text</type><desc><![CDATA[下肢深静脉血栓形成]]></desc></option></options><answers><![CDATA[E]]></answers></question></questions></exam>