﻿<?xml version="1.0" encoding="UTF-8"?><exam><id>20180725141456</id><questions><instructions><![CDATA[A1型题]]></instructions><question><type>1</type><format>text</format><desc><![CDATA[1.原发性下肢静脉曲张的原因]]></desc><options><option><id>A</id><type>text</type><desc><![CDATA[静脉瓣膜缺陷，静脉内压增高]]></desc></option><option><id>B</id><type>text</type><desc><![CDATA[深静脉内血栓形成]]></desc></option><option><id>C</id><type>text</type><desc><![CDATA[盆腔肿瘤压迫]]></desc></option><option><id>D</id><type>text</type><desc><![CDATA[妊娠子宫压迫]]></desc></option><option><id>E</id><type>text</type><desc><![CDATA[静脉壁损坏]]></desc></option></options><answers><![CDATA[A]]></answers></question><question><type>1</type><format>text</format><desc><![CDATA[2.对下肢静脉曲张病人伴小腿溃疡者处理方法是]]></desc><options><option><id>A</id><type>text</type><desc><![CDATA[积极换药待溃疡愈合后手术]]></desc></option><option><id>B</id><type>text</type><desc><![CDATA[先手术后治疗溃疡]]></desc></option><option><id>C</id><type>text</type><desc><![CDATA[溃疡面植皮]]></desc></option><option><id>D</id><type>text</type><desc><![CDATA[结扎大隐静脉同时植皮]]></desc></option><option><id>E</id><type>text</type><desc><![CDATA[先换药，结扎静脉后再植皮]]></desc></option></options><answers><![CDATA[E]]></answers></question><question><type>1</type><format>html</format><desc><![CDATA[3.下肢静脉曲张硬化疗法的适应证<u><b>错误</b></u>的是]]></desc><options><option><id>A</id><type>text</type><desc><![CDATA[曲张静脉轻而局限]]></desc></option><option><id>B</id><type>text</type><desc><![CDATA[术后残留的曲张静脉]]></desc></option><option><id>C</id><type>text</type><desc><![CDATA[术后复发者]]></desc></option><option><id>D</id><type>text</type><desc><![CDATA[下肢深浅静脉功能良好者]]></desc></option><option><id>E</id><type>text</type><desc><![CDATA[各种下肢静脉曲张]]></desc></option></options><answers><![CDATA[E]]></answers></question><question><type>1</type><format>html</format><desc><![CDATA[4.下肢静脉曲张非手术治疗适应证<u><b>错误</b></u>的是]]></desc><options><option><id>A</id><type>text</type><desc><![CDATA[静脉曲张较轻而无症状者]]></desc></option><option><id>B</id><type>text</type><desc><![CDATA[妊娠期妇女]]></desc></option><option><id>C</id><type>text</type><desc><![CDATA[年老体弱]]></desc></option><option><id>D</id><type>text</type><desc><![CDATA[继发慢性溃疡者]]></desc></option><option><id>E</id><type>text</type><desc><![CDATA[不能耐受手术者]]></desc></option></options><answers><![CDATA[D]]></answers></question><question><type>1</type><format>text</format><desc><![CDATA[5.下肢静脉曲张早期的主要症状是]]></desc><options><option><id>A</id><type>text</type><desc><![CDATA[溃疡形成]]></desc></option><option><id>B</id><type>text</type><desc><![CDATA[下肢沉重感]]></desc></option><option><id>C</id><type>text</type><desc><![CDATA[曲张静脉破裂出血]]></desc></option><option><id>D</id><type>text</type><desc><![CDATA[血栓性静脉炎]]></desc></option><option><id>E</id><type>text</type><desc><![CDATA[静脉血栓形成]]></desc></option></options><answers><![CDATA[B]]></answers></question><question><type>1</type><format>text</format><desc><![CDATA[6.血栓闭塞性脉管炎晚期特有的表现是]]></desc><options><option><id>A</id><type>text</type><desc><![CDATA[间歇性跛行]]></desc></option><option><id>B</id><type>text</type><desc><![CDATA[休息痛]]></desc></option><option><id>C</id><type>text</type><desc><![CDATA[趾端坏疽]]></desc></option><option><id>D</id><type>text</type><desc><![CDATA[足背动脉搏动消失]]></desc></option><option><id>E</id><type>text</type><desc><![CDATA[营养性改变]]></desc></option></options><answers><![CDATA[C]]></answers></question><question><type>1</type><format>html</format><desc><![CDATA[7.血栓闭塞性脉管炎的患肢护理<u><b>不妥</b></u>的是]]></desc><options><option><id>A</id><type>text</type><desc><![CDATA[保暖，避免受潮湿]]></desc></option><option><id>B</id><type>text</type><desc><![CDATA[保持足部清洁]]></desc></option><option><id>C</id><type>text</type><desc><![CDATA[定时热水袋外敷]]></desc></option><option><id>D</id><type>text</type><desc><![CDATA[防止外伤后感染]]></desc></option><option><id>E</id><type>text</type><desc><![CDATA[忌用刺激性外用药]]></desc></option></options><answers><![CDATA[C]]></answers></question><question><type>1</type><format>html</format><desc><![CDATA[8.血栓闭塞性脉管炎的症状<u><b>错误</b></u>的是]]></desc><options><option><id>A</id><type>text</type><desc><![CDATA[静息痛]]></desc></option><option><id>B</id><type>text</type><desc><![CDATA[间歇性发作的突发性疼痛]]></desc></option><option><id>C</id><type>text</type><desc><![CDATA[活动时有间歇痛]]></desc></option><option><id>D</id><type>text</type><desc><![CDATA[对寒冷敏感性增加]]></desc></option><option><id>E</id><type>text</type><desc><![CDATA[局部皮肤颜色变化]]></desc></option></options><answers><![CDATA[B]]></answers></question></questions><questions><instructions><![CDATA[A2型题]]></instructions><question><type>1</type><format>text</format><desc><![CDATA[9.何某，男，56岁。患右下肢静脉曲张20年，住院行大隐静脉高位结扎，加小腿静脉分段结扎术。术后2小时，不听护士劝阻，起立行走时小腿处伤口突然出血不止，紧急处理应]]></desc><options><option><id>A</id><type>text</type><desc><![CDATA[指压止血]]></desc></option><option><id>B</id><type>text</type><desc><![CDATA[用止血带]]></desc></option><option><id>C</id><type>text</type><desc><![CDATA[钳夹结扎]]></desc></option><option><id>D</id><type>text</type><desc><![CDATA[就地包扎]]></desc></option><option><id>E</id><type>text</type><desc><![CDATA[平卧，抬高患肢，加压包扎]]></desc></option></options><answers><![CDATA[E]]></answers></question><question><type>1</type><format>text</format><desc><![CDATA[10.古某，男，50岁。确诊下肢静脉曲张病人伴有皮炎及慢性溃疡1年，应行]]></desc><options><option><id>A</id><type>text</type><desc><![CDATA[支持疗法]]></desc></option><option><id>B</id><type>text</type><desc><![CDATA[硬化疗法]]></desc></option><option><id>C</id><type>text</type><desc><![CDATA[手术治疗]]></desc></option><option><id>D</id><type>text</type><desc><![CDATA[局部药物治疗]]></desc></option><option><id>E</id><type>text</type><desc><![CDATA[抗生素治疗]]></desc></option></options><answers><![CDATA[C]]></answers></question><question><type>1</type><format>text</format><desc><![CDATA[11.韦某，男，48岁。长期吸烟，右下肢反复发作静脉炎并伴有间歇性跛行，其可能的诊断应为]]></desc><options><option><id>A</id><type>text</type><desc><![CDATA[动脉栓塞]]></desc></option><option><id>B</id><type>text</type><desc><![CDATA[血栓闭塞性脉管炎]]></desc></option><option><id>C</id><type>text</type><desc><![CDATA[动脉硬化性闭塞症]]></desc></option><option><id>D</id><type>text</type><desc><![CDATA[雷诺病]]></desc></option><option><id>E</id><type>text</type><desc><![CDATA[大动脉炎]]></desc></option></options><answers><![CDATA[B]]></answers></question><question><type>1</type><format>text</format><desc><![CDATA[12.李某，男，45岁。吸烟史20年，诊断为血栓闭塞性脉管炎，入院后完善术前检查，行动脉重建术，术后正确的体位是]]></desc><options><option><id>A</id><type>text</type><desc><![CDATA[患肢平放，制动1周]]></desc></option><option><id>B</id><type>text</type><desc><![CDATA[患肢平放，制动2周]]></desc></option><option><id>C</id><type>text</type><desc><![CDATA[抬高患肢30°，制动1周]]></desc></option><option><id>D</id><type>text</type><desc><![CDATA[抬高患肢30°，制动2周]]></desc></option><option><id>E</id><type>text</type><desc><![CDATA[抬高患肢30°，制动3周]]></desc></option></options><answers><![CDATA[B]]></answers></question><question><type>1</type><format>text</format><desc><![CDATA[13.刘某，女，60岁。诊断双下肢静脉曲张，住院行大隐静脉高位结扎加小腿静脉分段结扎术，术后早期下床活动的时间]]></desc><options><option><id>A</id><type>text</type><desc><![CDATA[术后24小时以内]]></desc></option><option><id>B</id><type>text</type><desc><![CDATA[术后24～48小时]]></desc></option><option><id>C</id><type>text</type><desc><![CDATA[术后48～72小时]]></desc></option><option><id>D</id><type>text</type><desc><![CDATA[术后72～96小时]]></desc></option><option><id>E</id><type>text</type><desc><![CDATA[术后1周以后]]></desc></option></options><answers><![CDATA[B]]></answers></question><question><type>1</type><format>text</format><desc><![CDATA[14.王某，男，58岁。诊断双下肢静脉曲张，住院行大隐静脉高位结扎加小腿静脉分段结扎术，术后为促进下肢静脉血回流，应指导病人]]></desc><options><option><id>A</id><type>text</type><desc><![CDATA[做足背伸屈运动]]></desc></option><option><id>B</id><type>text</type><desc><![CDATA[做足背弯屈运动]]></desc></option><option><id>C</id><type>text</type><desc><![CDATA[做上肢伸展运动]]></desc></option><option><id>D</id><type>text</type><desc><![CDATA[做上肢弯屈运动]]></desc></option><option><id>E</id><type>text</type><desc><![CDATA[做Buerger运动]]></desc></option></options><answers><![CDATA[A]]></answers></question><question><type>1</type><format>text</format><desc><![CDATA[15.潘某，男，61岁。住院行大隐静脉高位结扎加小腿静脉分段结扎术，术后患肢应注意]]></desc><options><option><id>A</id><type>text</type><desc><![CDATA[坐时双膝不要交叉，休息时患肢下垂]]></desc></option><option><id>B</id><type>text</type><desc><![CDATA[坐时双膝交叉，休息时患肢下垂]]></desc></option><option><id>C</id><type>text</type><desc><![CDATA[坐时双膝不要交叉，休息时患肢抬高]]></desc></option><option><id>D</id><type>text</type><desc><![CDATA[坐时双膝交叉，休息时患肢抬高]]></desc></option><option><id>E</id><type>text</type><desc><![CDATA[坐时肢体伸直，休息时患肢弯曲]]></desc></option></options><answers><![CDATA[C]]></answers></question></questions></exam>