﻿<?xml version="1.0" encoding="UTF-8"?><exam><id>20180725141202</id><questions><instructions><![CDATA[A1型题]]></instructions><question><type>1</type><format>text</format><desc><![CDATA[1.对诊断尚未明确的急腹症病人，可以采取的措施是]]></desc><options><option><id>A</id><type>text</type><desc><![CDATA[用吗啡止痛]]></desc></option><option><id>B</id><type>text</type><desc><![CDATA[用阿托品解痉]]></desc></option><option><id>C</id><type>text</type><desc><![CDATA[给病人灌肠]]></desc></option><option><id>D</id><type>text</type><desc><![CDATA[使用腹泻药]]></desc></option><option><id>E</id><type>text</type><desc><![CDATA[用热水袋热敷]]></desc></option></options><answers><![CDATA[B]]></answers></question><question><type>1</type><format>html</format><desc><![CDATA[2.急腹症诊断未明确前，下述治疗措施<u><b>不正确</b></u>的为]]></desc><options><option><id>A</id><type>text</type><desc><![CDATA[禁用吗啡类止痛剂]]></desc></option><option><id>B</id><type>text</type><desc><![CDATA[严密观察生命体征的变化]]></desc></option><option><id>C</id><type>text</type><desc><![CDATA[定时检查腹部体征的发展]]></desc></option><option><id>D</id><type>text</type><desc><![CDATA[灌肠通便，观察大便的性质]]></desc></option><option><id>E</id><type>text</type><desc><![CDATA[非手术治疗期间病情未见好转，甚至加剧者，需剖腹探查]]></desc></option></options><answers><![CDATA[D]]></answers></question><question><type>1</type><format>text</format><desc><![CDATA[3.下列属于外科急腹症的特点的是]]></desc><options><option><id>A</id><type>text</type><desc><![CDATA[先发热或先呕吐，后才腹痛]]></desc></option><option><id>B</id><type>text</type><desc><![CDATA[先有腹痛，后出现发热等伴随症状]]></desc></option><option><id>C</id><type>text</type><desc><![CDATA[无明显腹肌紧张]]></desc></option><option><id>D</id><type>text</type><desc><![CDATA[有停经史，月经不规则]]></desc></option><option><id>E</id><type>text</type><desc><![CDATA[腹痛或压痛部位不固定，程度均较轻]]></desc></option></options><answers><![CDATA[B]]></answers></question><question><type>1</type><format>html</format><desc><![CDATA[4.下列<u><b>不属于</b></u>急腹症病人术前评估内容的是]]></desc><options><option><id>A</id><type>text</type><desc><![CDATA[腹痛的发生时间]]></desc></option><option><id>B</id><type>text</type><desc><![CDATA[腹痛的性质和程度]]></desc></option><option><id>C</id><type>text</type><desc><![CDATA[腹痛的部位]]></desc></option><option><id>D</id><type>text</type><desc><![CDATA[腹痛与饮食的关系]]></desc></option><option><id>E</id><type>text</type><desc><![CDATA[有无腹痛的家族史]]></desc></option></options><answers><![CDATA[E]]></answers></question><question><type>1</type><format>text</format><desc><![CDATA[5.内脏痛的特点是]]></desc><options><option><id>A</id><type>text</type><desc><![CDATA[疼痛的传导速度快]]></desc></option><option><id>B</id><type>text</type><desc><![CDATA[对压力和张力性刺激极为敏感]]></desc></option><option><id>C</id><type>text</type><desc><![CDATA[与躯体痛同时出现]]></desc></option><option><id>D</id><type>text</type><desc><![CDATA[感觉敏锐，定位准确]]></desc></option><option><id>E</id><type>text</type><desc><![CDATA[感觉迟钝，定位准确]]></desc></option></options><answers><![CDATA[B]]></answers></question><question><type>1</type><format>text</format><desc><![CDATA[6.有利于腹膜炎渗液流至盆腔，减少毒素吸收的护理措施是]]></desc><options><option><id>A</id><type>text</type><desc><![CDATA[禁食、禁饮、输液]]></desc></option><option><id>B</id><type>text</type><desc><![CDATA[胃肠减压]]></desc></option><option><id>C</id><type>text</type><desc><![CDATA[应用抗生素]]></desc></option><option><id>D</id><type>text</type><desc><![CDATA[安置半卧位]]></desc></option><option><id>E</id><type>text</type><desc><![CDATA[保持腹腔引流通畅]]></desc></option></options><answers><![CDATA[D]]></answers></question><question><type>1</type><format>text</format><desc><![CDATA[7.对诊断不明的急腹症病人禁用泻药的主要原因是]]></desc><options><option><id>A</id><type>text</type><desc><![CDATA[易致感染扩散]]></desc></option><option><id>B</id><type>text</type><desc><![CDATA[减少肠道蠕动]]></desc></option><option><id>C</id><type>text</type><desc><![CDATA[易致血压下降]]></desc></option><option><id>D</id><type>text</type><desc><![CDATA[影响肠道消化吸收]]></desc></option><option><id>E</id><type>text</type><desc><![CDATA[易致水电解质失衡]]></desc></option></options><answers><![CDATA[A]]></answers></question><question><type>1</type><format>html</format><desc><![CDATA[8.老年急腹症病人的临床特点<u><b>不包括</b></u>]]></desc><options><option><id>A</id><type>text</type><desc><![CDATA[症状不典型]]></desc></option><option><id>B</id><type>text</type><desc><![CDATA[体征较轻]]></desc></option><option><id>C</id><type>text</type><desc><![CDATA[体温改变不明显]]></desc></option><option><id>D</id><type>text</type><desc><![CDATA[白细胞计数显著提高]]></desc></option><option><id>E</id><type>text</type><desc><![CDATA[易伴发其他疾病]]></desc></option></options><answers><![CDATA[D]]></answers></question><question><type>1</type><format>html</format><desc><![CDATA[9.对于急腹症病人的护理措施<u><b>错误</b></u>的是]]></desc><options><option><id>A</id><type>text</type><desc><![CDATA[禁饮食，按需要实施胃肠减压]]></desc></option><option><id>B</id><type>text</type><desc><![CDATA[积极应用抗生素]]></desc></option><option><id>C</id><type>text</type><desc><![CDATA[便秘者行低压灌肠]]></desc></option><option><id>D</id><type>text</type><desc><![CDATA[禁用吗啡等强镇痛剂]]></desc></option><option><id>E</id><type>text</type><desc><![CDATA[及时纠正体液失衡]]></desc></option></options><answers><![CDATA[C]]></answers></question><question><type>1</type><format>text</format><desc><![CDATA[10.下列急腹症病人必须行胃肠减压的是]]></desc><options><option><id>A</id><type>text</type><desc><![CDATA[急性肠梗阻病人]]></desc></option><option><id>B</id><type>text</type><desc><![CDATA[老年急腹症病人]]></desc></option><option><id>C</id><type>text</type><desc><![CDATA[急腹症伴糖尿病病人]]></desc></option><option><id>D</id><type>text</type><desc><![CDATA[急腹症伴腹膜刺激征病人]]></desc></option><option><id>E</id><type>text</type><desc><![CDATA[急腹症伴移动性浊音病人]]></desc></option></options><answers><![CDATA[A]]></answers></question></questions><questions><instructions><![CDATA[A2型题]]></instructions><question><type>1</type><format>html</format><desc><![CDATA[11.蓝某，男，40岁。因车祸发生脾破裂、失血性休克，准备手术，术前抗休克措施中，<u><b>错误</b></u>的是]]></desc><options><option><id>A</id><type>text</type><desc><![CDATA[吸氧，输液]]></desc></option><option><id>B</id><type>text</type><desc><![CDATA[置热水袋保温]]></desc></option><option><id>C</id><type>text</type><desc><![CDATA[平卧位]]></desc></option><option><id>D</id><type>text</type><desc><![CDATA[测每小时尿量]]></desc></option><option><id>E</id><type>text</type><desc><![CDATA[测中心静脉压]]></desc></option></options><answers><![CDATA[C]]></answers></question><question><type>1</type><format>html</format><desc><![CDATA[12.黄某，男，36岁。被汽车撞伤，右上腹剧痛，查：呼吸36次/分，脉搏100次/分，血压90/60mmHg,诊断不明。下列<u><b>不能</b></u>应用的药物是]]></desc><options><option><id>A</id><type>text</type><desc><![CDATA[异丙嗪]]></desc></option><option><id>B</id><type>text</type><desc><![CDATA[地西泮]]></desc></option><option><id>C</id><type>text</type><desc><![CDATA[6-氨基己酸]]></desc></option><option><id>D</id><type>text</type><desc><![CDATA[吗啡]]></desc></option><option><id>E</id><type>text</type><desc><![CDATA[苯巴比妥]]></desc></option></options><answers><![CDATA[D]]></answers></question><question><type>1</type><format>text</format><desc><![CDATA[13.陈某，女，40岁。晚餐进食油腻食物后出现右上腹阵发性绞痛。为明确病情首选的辅助检查是]]></desc><options><option><id>A</id><type>text</type><desc><![CDATA[B超]]></desc></option><option><id>B</id><type>text</type><desc><![CDATA[静脉胆道造影]]></desc></option><option><id>C</id><type>text</type><desc><![CDATA[纤维胆道镜检查]]></desc></option><option><id>D</id><type>text</type><desc><![CDATA[内镜逆行胰胆管造影（ERCP）]]></desc></option><option><id>E</id><type>text</type><desc><![CDATA[磁共振（MRI）]]></desc></option></options><answers><![CDATA[A]]></answers></question><question><type>1</type><format>text</format><desc><![CDATA[14.韦某，男，25岁。疑脾破裂致失血性休克由门诊直接送入手术室，作为巡回护士应首先处理]]></desc><options><option><id>A</id><type>text</type><desc><![CDATA[给病人吸氧]]></desc></option><option><id>B</id><type>text</type><desc><![CDATA[手术区备皮]]></desc></option><option><id>C</id><type>text</type><desc><![CDATA[输液、抽血配血]]></desc></option><option><id>D</id><type>text</type><desc><![CDATA[准备手术器械]]></desc></option><option><id>E</id><type>text</type><desc><![CDATA[安置好病人体位]]></desc></option></options><answers><![CDATA[C]]></answers></question><question><type>1</type><format>text</format><desc><![CDATA[15.史某，男，22岁。饱餐后打球时突发全腹持续性疼痛，阵发性加剧，伴恶心呕吐，疼痛向腰背部放射。应考虑为]]></desc><options><option><id>A</id><type>text</type><desc><![CDATA[肠扭转]]></desc></option><option><id>B</id><type>text</type><desc><![CDATA[肠套叠]]></desc></option><option><id>C</id><type>text</type><desc><![CDATA[肠粘连]]></desc></option><option><id>D</id><type>text</type><desc><![CDATA[肠肿瘤]]></desc></option><option><id>E</id><type>text</type><desc><![CDATA[肠系膜动脉栓塞]]></desc></option></options><answers><![CDATA[A]]></answers></question><question><type>1</type><format>text</format><desc><![CDATA[16.刘某，男，30岁。因反复上腹痛1年半加重3日入院。护士夜间巡视时，病人诉上腹痛加剧，大汗淋漓，此时护士应采取的最有意义的措施是]]></desc><options><option><id>A</id><type>text</type><desc><![CDATA[取半卧位]]></desc></option><option><id>B</id><type>text</type><desc><![CDATA[遵医嘱使用止痛剂]]></desc></option><option><id>C</id><type>text</type><desc><![CDATA[检查腹肌紧张度，是否有压痛及反跳痛]]></desc></option><option><id>D</id><type>text</type><desc><![CDATA[针灸或热敷]]></desc></option><option><id>E</id><type>text</type><desc><![CDATA[多饮水以减少体液流失]]></desc></option></options><answers><![CDATA[C]]></answers></question><question><type>1</type><format>text</format><desc><![CDATA[17.胡某，男，29岁。因大量饮酒后出现上腹部持续疼痛3小时就诊。为使腹痛减轻，常见的病人体位是]]></desc><options><option><id>A</id><type>text</type><desc><![CDATA[平卧位]]></desc></option><option><id>B</id><type>text</type><desc><![CDATA[半卧位]]></desc></option><option><id>C</id><type>text</type><desc><![CDATA[头低脚高位]]></desc></option><option><id>D</id><type>text</type><desc><![CDATA[端坐卧位]]></desc></option><option><id>E</id><type>text</type><desc><![CDATA[弯腰屈膝侧卧位]]></desc></option></options><answers><![CDATA[E]]></answers></question><question><type>1</type><format>html</format><desc><![CDATA[18.王某，男，46岁。突发左上腹部刀割样剧痛5小时，伴恶心、呕吐来院急诊。初步考虑为胃溃疡穿孔。该病人非手术治疗时的护理中<u><b>不正确</b></u>的是]]></desc><options><option><id>A</id><type>text</type><desc><![CDATA[定时测量血压、脉搏]]></desc></option><option><id>B</id><type>text</type><desc><![CDATA[准确记录出入液量]]></desc></option><option><id>C</id><type>text</type><desc><![CDATA[有效的胃肠减压]]></desc></option><option><id>D</id><type>text</type><desc><![CDATA[为预防脱水给予少量饮水]]></desc></option><option><id>E</id><type>text</type><desc><![CDATA[禁食、静脉输液]]></desc></option></options><answers><![CDATA[D]]></answers></question><question><type>1</type><format>text</format><desc><![CDATA[19.伍某，女，50岁。有胆石症病史5年，4小时前突发上腹剧痛急诊入院。检查后疑为急性胰腺炎。饮食应给予]]></desc><options><option><id>A</id><type>text</type><desc><![CDATA[禁饮食]]></desc></option><option><id>B</id><type>text</type><desc><![CDATA[半流食]]></desc></option><option><id>C</id><type>text</type><desc><![CDATA[低脂、高蛋白、富含纤维素饮食]]></desc></option><option><id>D</id><type>text</type><desc><![CDATA[温热易消化食物]]></desc></option><option><id>E</id><type>text</type><desc><![CDATA[流质饮食]]></desc></option></options><answers><![CDATA[A]]></answers></question><question><type>1</type><format>text</format><desc><![CDATA[20.莫某，男，42岁。以急性腹痛急诊入院，神志不清，脉搏细数，血压80/40mmHg，诊断为“急性梗阻性化脓性胆管炎“。其体位应取]]></desc><options><option><id>A</id><type>text</type><desc><![CDATA[半坐卧位]]></desc></option><option><id>B</id><type>text</type><desc><![CDATA[坐位]]></desc></option><option><id>C</id><type>text</type><desc><![CDATA[头低足高位]]></desc></option><option><id>D</id><type>text</type><desc><![CDATA[头高足低位]]></desc></option><option><id>E</id><type>text</type><desc><![CDATA[平卧位]]></desc></option></options><answers><![CDATA[C]]></answers></question></questions></exam>