﻿<?xml version="1.0" encoding="UTF-8"?><exam><id>20180725150701</id><questions><instructions><![CDATA[A1型题]]></instructions><question><type>1</type><format>text</format><desc><![CDATA[1.人工关节置换的首要目的是]]></desc><options><option><id>A</id><type>text</type><desc><![CDATA[纠正关节畸形]]></desc></option><option><id>B</id><type>text</type><desc><![CDATA[恢复关节功能]]></desc></option><option><id>C</id><type>text</type><desc><![CDATA[提高病人生活质量]]></desc></option><option><id>D</id><type>text</type><desc><![CDATA[缓解疼痛]]></desc></option><option><id>E</id><type>text</type><desc><![CDATA[提高生存率]]></desc></option></options><answers><![CDATA[D]]></answers></question><question><type>1</type><format>text</format><desc><![CDATA[2.人工髋关节置换术后常见的并发症是]]></desc><options><option><id>A</id><type>text</type><desc><![CDATA[下肢深静脉血栓形成]]></desc></option><option><id>B</id><type>text</type><desc><![CDATA[伤口感染]]></desc></option><option><id>C</id><type>text</type><desc><![CDATA[假体脱位]]></desc></option><option><id>D</id><type>text</type><desc><![CDATA[血管神经损伤]]></desc></option><option><id>E</id><type>text</type><desc><![CDATA[假体周围骨折]]></desc></option></options><answers><![CDATA[A]]></answers></question><question><type>1</type><format>text</format><desc><![CDATA[3.人工髋关节置换术后严重并发症是]]></desc><options><option><id>A</id><type>text</type><desc><![CDATA[下肢深静脉血栓形成]]></desc></option><option><id>B</id><type>text</type><desc><![CDATA[伤口感染]]></desc></option><option><id>C</id><type>text</type><desc><![CDATA[假体脱位]]></desc></option><option><id>D</id><type>text</type><desc><![CDATA[血管神经损伤]]></desc></option><option><id>E</id><type>text</type><desc><![CDATA[假体周围骨折]]></desc></option></options><answers><![CDATA[B]]></answers></question><question><type>1</type><format>text</format><desc><![CDATA[4.人工关节置换术的晚期最常见并发症]]></desc><options><option><id>A</id><type>text</type><desc><![CDATA[感染]]></desc></option><option><id>B</id><type>text</type><desc><![CDATA[假体松动]]></desc></option><option><id>C</id><type>text</type><desc><![CDATA[假体脱位]]></desc></option><option><id>D</id><type>text</type><desc><![CDATA[疼痛]]></desc></option><option><id>E</id><type>text</type><desc><![CDATA[假体周围骨折]]></desc></option></options><answers><![CDATA[B]]></answers></question><question><type>1</type><format>html</format><desc><![CDATA[5.下列有关人工髋关节置换中，<u><b>错误</b></u>的是]]></desc><options><option><id>A</id><type>text</type><desc><![CDATA[65岁，左股骨头坏死，髋关节破坏，可行人工髋关节置换术]]></desc></option><option><id>B</id><type>text</type><desc><![CDATA[中老年陈旧性股骨颈骨折，可行人工关节置换]]></desc></option><option><id>C</id><type>text</type><desc><![CDATA[老年股骨颈头下型骨折，身体状况良好者,可一期行人工髋关节置换]]></desc></option><option><id>D</id><type>text</type><desc><![CDATA[髋关节结核可在病灶清除的同时行人工髋关节置换治疗]]></desc></option><option><id>E</id><type>text</type><desc><![CDATA[年轻病人类风湿关节炎，也是人工关节置换的适应证]]></desc></option></options><answers><![CDATA[D]]></answers></question><question><type>1</type><format>text</format><desc><![CDATA[6.髋关节置换术后，下列属于正确体位的是]]></desc><options><option><id>A</id><type>text</type><desc><![CDATA[髋屈曲超过90°]]></desc></option><option><id>B</id><type>text</type><desc><![CDATA[下肢内收超过身体中线]]></desc></option><option><id>C</id><type>text</type><desc><![CDATA[伸髋外旋]]></desc></option><option><id>D</id><type>text</type><desc><![CDATA[下肢外展中立位]]></desc></option><option><id>E</id><type>text</type><desc><![CDATA[屈髋内旋]]></desc></option></options><answers><![CDATA[D]]></answers></question><question><type>1</type><format>html</format><desc><![CDATA[7.下列<u><b>不是</b></u>人工全膝关节置换术的适应证的是]]></desc><options><option><id>A</id><type>text</type><desc><![CDATA[膝关节骨性关节炎]]></desc></option><option><id>B</id><type>text</type><desc><![CDATA[类风湿关节炎的膝关节晚期病变]]></desc></option><option><id>C</id><type>text</type><desc><![CDATA[创伤性关节炎]]></desc></option><option><id>D</id><type>text</type><desc><![CDATA[膝关节结核强直后]]></desc></option><option><id>E</id><type>text</type><desc><![CDATA[膝关节滑膜炎]]></desc></option></options><answers><![CDATA[E]]></answers></question><question><type>1</type><format>text</format><desc><![CDATA[8.关节置换术后疼痛的规范化管理是]]></desc><options><option><id>A</id><type>text</type><desc><![CDATA[疼痛评估及宣教]]></desc></option><option><id>B</id><type>text</type><desc><![CDATA[超前镇痛]]></desc></option><option><id>C</id><type>text</type><desc><![CDATA[多模式镇痛]]></desc></option><option><id>D</id><type>text</type><desc><![CDATA[个体化镇痛、按时给药、按需加药]]></desc></option><option><id>E</id><type>text</type><desc><![CDATA[以上都是]]></desc></option></options><answers><![CDATA[E]]></answers></question><question><type>1</type><format>text</format><desc><![CDATA[9.全膝关节置换术病人贫血的主要原因]]></desc><options><option><id>A</id><type>text</type><desc><![CDATA[术中出血多]]></desc></option><option><id>B</id><type>text</type><desc><![CDATA[病人体质差]]></desc></option><option><id>C</id><type>text</type><desc><![CDATA[术后引流量多]]></desc></option><option><id>D</id><type>text</type><desc><![CDATA[隐性出血]]></desc></option><option><id>E</id><type>text</type><desc><![CDATA[以上都是]]></desc></option></options><answers><![CDATA[D]]></answers></question><question><type>1</type><format>text</format><desc><![CDATA[10.髋关节置换术后预防脱位的关键体位]]></desc><options><option><id>A</id><type>text</type><desc><![CDATA[膝下垫软枕]]></desc></option><option><id>B</id><type>text</type><desc><![CDATA[不能患侧卧位]]></desc></option><option><id>C</id><type>text</type><desc><![CDATA[抬高患肢15°～30°]]></desc></option><option><id>D</id><type>text</type><desc><![CDATA[两腿自然分开]]></desc></option><option><id>E</id><type>text</type><desc><![CDATA[穿丁字鞋，保持患肢外展中立位15°～30°]]></desc></option></options><answers><![CDATA[E]]></answers></question></questions><questions><instructions><![CDATA[A2型题]]></instructions><question><type>1</type><format>text</format><desc><![CDATA[11.王某，男，65岁。摔倒致左髋部疼痛、活动受限，查体：左下肢外旋短缩畸形。X线检查示：左股骨颈头下骨折，明显移位，较恰当的治疗方法是]]></desc><options><option><id>A</id><type>text</type><desc><![CDATA[人工髋关节置换术]]></desc></option><option><id>B</id><type>text</type><desc><![CDATA[空心钉内固定]]></desc></option><option><id>C</id><type>text</type><desc><![CDATA[股骨粗隆间截骨术]]></desc></option><option><id>D</id><type>text</type><desc><![CDATA[骨牵引治疗]]></desc></option><option><id>E</id><type>text</type><desc><![CDATA[不需治疗，只卧床休息]]></desc></option></options><answers><![CDATA[A]]></answers></question><question><type>1</type><format>text</format><desc><![CDATA[12.李某，女性，78岁。摔伤致股右髋部疼痛、活动受限，不能站立；X线检查示：股骨颈内收型骨折。应首选治疗方案]]></desc><options><option><id>A</id><type>text</type><desc><![CDATA[全髋关节置换]]></desc></option><option><id>B</id><type>text</type><desc><![CDATA[闭合复位石膏固定]]></desc></option><option><id>C</id><type>text</type><desc><![CDATA[空心钉内固定]]></desc></option><option><id>D</id><type>text</type><desc><![CDATA[人工股骨头置换]]></desc></option><option><id>E</id><type>text</type><desc><![CDATA[牵引保守治疗]]></desc></option></options><answers><![CDATA[D]]></answers></question></questions></exam>