﻿<?xml version="1.0" encoding="UTF-8"?><exam><id>20180725150027</id><questions><instructions><![CDATA[A1型题]]></instructions><question><type>1</type><format>text</format><desc><![CDATA[1.离体肢（指）体最好保存的环境温度是]]></desc><options><option><id>A</id><type>text</type><desc><![CDATA[0～3℃]]></desc></option><option><id>B</id><type>text</type><desc><![CDATA[3～5℃]]></desc></option><option><id>C</id><type>text</type><desc><![CDATA[5～8℃]]></desc></option><option><id>D</id><type>text</type><desc><![CDATA[8～10℃]]></desc></option><option><id>E</id><type>text</type><desc><![CDATA[11～20℃]]></desc></option></options><answers><![CDATA[B]]></answers></question><question><type>1</type><format>text</format><desc><![CDATA[2.保存离体肢（指）体的最好方法是]]></desc><options><option><id>A</id><type>text</type><desc><![CDATA[清水浸泡法]]></desc></option><option><id>B</id><type>text</type><desc><![CDATA[消毒药液浸泡法]]></desc></option><option><id>C</id><type>text</type><desc><![CDATA[包埋在碎冰块中]]></desc></option><option><id>D</id><type>text</type><desc><![CDATA[干冻冷藏法]]></desc></option><option><id>E</id><type>text</type><desc><![CDATA[浸泡在冷生理盐水中]]></desc></option></options><answers><![CDATA[D]]></answers></question><question><type>1</type><format>text</format><desc><![CDATA[3.断肢（指）再植一般以外伤后的时限为]]></desc><options><option><id>A</id><type>text</type><desc><![CDATA[1～2小时]]></desc></option><option><id>B</id><type>text</type><desc><![CDATA[3～4小时]]></desc></option><option><id>C</id><type>text</type><desc><![CDATA[6～8小时]]></desc></option><option><id>D</id><type>text</type><desc><![CDATA[8～10小时]]></desc></option><option><id>E</id><type>text</type><desc><![CDATA[24小时后]]></desc></option></options><answers><![CDATA[C]]></answers></question><question><type>1</type><format>text</format><desc><![CDATA[4.断肢（指）病人，用止血带控制残端出血时，一般放松的间隔时间为]]></desc><options><option><id>A</id><type>text</type><desc><![CDATA[10分钟]]></desc></option><option><id>B</id><type>text</type><desc><![CDATA[20分钟]]></desc></option><option><id>C</id><type>text</type><desc><![CDATA[30分钟]]></desc></option><option><id>D</id><type>text</type><desc><![CDATA[60分钟]]></desc></option><option><id>E</id><type>text</type><desc><![CDATA[80分钟]]></desc></option></options><answers><![CDATA[D]]></answers></question><question><type>1</type><format>text</format><desc><![CDATA[5.手外伤处理最基本的要求是]]></desc><options><option><id>A</id><type>text</type><desc><![CDATA[骨折的解剖复位]]></desc></option><option><id>B</id><type>text</type><desc><![CDATA[神经一期修复]]></desc></option><option><id>C</id><type>text</type><desc><![CDATA[肌腱一期缝合]]></desc></option><option><id>D</id><type>text</type><desc><![CDATA[彻底清创]]></desc></option><option><id>E</id><type>text</type><desc><![CDATA[抗生素的应用]]></desc></option></options><answers><![CDATA[D]]></answers></question><question><type>1</type><format>html</format><desc><![CDATA[6.关于断肢的现场处理和保存，下列<u><b>错误</b></u>的是]]></desc><options><option><id>A</id><type>text</type><desc><![CDATA[将断肢清洁后包好]]></desc></option><option><id>B</id><type>text</type><desc><![CDATA[放入冰块时，应将断肢包好放入塑料袋中]]></desc></option><option><id>C</id><type>text</type><desc><![CDATA[为迅速降温，将断肢直接放入冰水里]]></desc></option><option><id>D</id><type>text</type><desc><![CDATA[现场对断肢不需作冲洗和消毒]]></desc></option><option><id>E</id><type>text</type><desc><![CDATA[断肢在机器中时应将机器拆开取出断肢]]></desc></option></options><answers><![CDATA[C]]></answers></question><question><type>1</type><format>html</format><desc><![CDATA[7.关于手外伤治疗原则，下列<u><b>错误</b></u>的是]]></desc><options><option><id>A</id><type>text</type><desc><![CDATA[早期彻底清创]]></desc></option><option><id>B</id><type>text</type><desc><![CDATA[清创可使用止血带]]></desc></option><option><id>C</id><type>text</type><desc><![CDATA[骨折不必急于复位固定，留待二期处理]]></desc></option><option><id>D</id><type>text</type><desc><![CDATA[有条件应尽量一期闭合伤口]]></desc></option><option><id>E</id><type>text</type><desc><![CDATA[尽量一期修复神经损伤]]></desc></option></options><answers><![CDATA[C]]></answers></question><question><type>1</type><format>html</format><desc><![CDATA[8.关于断肢再植，下列<u><b>错误</b></u>的是]]></desc><options><option><id>A</id><type>text</type><desc><![CDATA[断肢再植伤者全身情况必须良好]]></desc></option><option><id>B</id><type>text</type><desc><![CDATA[重要神经严重撕脱不影响再植后肢体功能]]></desc></option><option><id>C</id><type>text</type><desc><![CDATA[再植成功与断肢正确保存有关]]></desc></option><option><id>D</id><type>text</type><desc><![CDATA[再植时限一般在6～8小时]]></desc></option><option><id>E</id><type>text</type><desc><![CDATA[断面不规则、有污染不是断肢再植禁忌证]]></desc></option></options><answers><![CDATA[B]]></answers></question></questions><questions><instructions><![CDATA[A2型题]]></instructions><question><type>1</type><format>text</format><desc><![CDATA[9.黄某，女，20岁。4小时前左手食指中、远指节被刀切削，完全离断，断面有木屑污染。该病人断指再植术后成活主要取决于]]></desc><options><option><id>A</id><type>text</type><desc><![CDATA[断指缺血的时间]]></desc></option><option><id>B</id><type>text</type><desc><![CDATA[术后肢体的保暖]]></desc></option><option><id>C</id><type>text</type><desc><![CDATA[术后感染的预防]]></desc></option><option><id>D</id><type>text</type><desc><![CDATA[术后改善微循环药物的应用]]></desc></option><option><id>E</id><type>text</type><desc><![CDATA[血管彻底的清创，吻合技术的提高]]></desc></option></options><answers><![CDATA[E]]></answers></question><question><type>1</type><format>html</format><desc><![CDATA[10.黄某，女，20岁。4小时前左手食指中、远指节被刀切削，完全离断，断面有木屑污染。该病人拟行断指再植手术，以下组织的修复措施中<u><b>不必要</b></u>的是]]></desc><options><option><id>A</id><type>text</type><desc><![CDATA[吻合指动脉]]></desc></option><option><id>B</id><type>text</type><desc><![CDATA[吻合指静脉]]></desc></option><option><id>C</id><type>text</type><desc><![CDATA[吻合指神经]]></desc></option><option><id>D</id><type>text</type><desc><![CDATA[吻合屈指肌腱]]></desc></option><option><id>E</id><type>text</type><desc><![CDATA[吻合伸指肌腱]]></desc></option></options><answers><![CDATA[C]]></answers></question><question><type>1</type><format>text</format><desc><![CDATA[11.黄某，女，20岁。4小时前左手食指中、远指节被刀切削，完全离断，断面有木屑污染。该病人入院后急诊行断指再植术，术后1天发现再植的断指肿胀明显，呈暗红色，可能的原因为]]></desc><options><option><id>A</id><type>text</type><desc><![CDATA[动脉栓塞]]></desc></option><option><id>B</id><type>text</type><desc><![CDATA[静脉栓塞]]></desc></option><option><id>C</id><type>text</type><desc><![CDATA[淋巴回流障碍]]></desc></option><option><id>D</id><type>text</type><desc><![CDATA[组织坏死感染]]></desc></option><option><id>E</id><type>text</type><desc><![CDATA[断端创面内血肿]]></desc></option></options><answers><![CDATA[B]]></answers></question><question><type>1</type><format>text</format><desc><![CDATA[12.黄某，女，20岁。4小时前左手食指中、远指节被刀切削，完全离断，断面有木屑污染。该病人入院后急诊行断指再植手术，术后1天发现再植的断指肿胀明显，呈暗红色，应采取的紧急措施是]]></desc><options><option><id>A</id><type>text</type><desc><![CDATA[暂时抬高患肢观察]]></desc></option><option><id>B</id><type>text</type><desc><![CDATA[截除再植手指]]></desc></option><option><id>C</id><type>text</type><desc><![CDATA[立即手术探查]]></desc></option><option><id>D</id><type>text</type><desc><![CDATA[应用抗凝药物]]></desc></option><option><id>E</id><type>text</type><desc><![CDATA[完全松解外包扎，间断拆线，减少张力，观测无好转，应尽早手术探查]]></desc></option></options><answers><![CDATA[E]]></answers></question></questions></exam>