﻿<?xml version="1.0" encoding="UTF-8"?><exam><id>20180725142719</id><questions><instructions><![CDATA[A1型题]]></instructions><question><type>1</type><format>text</format><desc><![CDATA[1.良性前列腺增生的早期症状为]]></desc><options><option><id>A</id><type>text</type><desc><![CDATA[排尿困难]]></desc></option><option><id>B</id><type>text</type><desc><![CDATA[尿急、尿痛]]></desc></option><option><id>C</id><type>text</type><desc><![CDATA[夜间尿频]]></desc></option><option><id>D</id><type>text</type><desc><![CDATA[血尿]]></desc></option><option><id>E</id><type>text</type><desc><![CDATA[脓尿]]></desc></option></options><answers><![CDATA[C]]></answers></question><question><type>1</type><format>html</format><desc><![CDATA[2.因前列腺增生而发生急性尿潴留的病人，当病人膀胱高度膨胀而又极度虚弱，为其导尿时，首次放尿量<u><b>不应</b></u>超过]]></desc><options><option><id>A</id><type>text</type><desc><![CDATA[500ml]]></desc></option><option><id>B</id><type>text</type><desc><![CDATA[800ml]]></desc></option><option><id>C</id><type>text</type><desc><![CDATA[1000ml]]></desc></option><option><id>D</id><type>text</type><desc><![CDATA[1500ml]]></desc></option><option><id>E</id><type>text</type><desc><![CDATA[2000ml]]></desc></option></options><answers><![CDATA[C]]></answers></question><question><type>1</type><format>text</format><desc><![CDATA[3.良性前列腺增生致急性尿潴留时，应首先采取的处理方法是]]></desc><options><option><id>A</id><type>text</type><desc><![CDATA[嘱病人停止饮水]]></desc></option><option><id>B</id><type>text</type><desc><![CDATA[实施导尿术]]></desc></option><option><id>C</id><type>text</type><desc><![CDATA[膀胱穿刺排尿]]></desc></option><option><id>D</id><type>text</type><desc><![CDATA[耻骨上膀胱造瘘术]]></desc></option><option><id>E</id><type>text</type><desc><![CDATA[安慰病人]]></desc></option></options><answers><![CDATA[B]]></answers></question><question><type>1</type><format>text</format><desc><![CDATA[4.良性前列腺增生最主要的症状是]]></desc><options><option><id>A</id><type>text</type><desc><![CDATA[进行性排尿困难]]></desc></option><option><id>B</id><type>text</type><desc><![CDATA[尿急]]></desc></option><option><id>C</id><type>text</type><desc><![CDATA[尿痛]]></desc></option><option><id>D</id><type>text</type><desc><![CDATA[血尿]]></desc></option><option><id>E</id><type>text</type><desc><![CDATA[尿潴留]]></desc></option></options><answers><![CDATA[A]]></answers></question></questions><questions><instructions><![CDATA[A2型题]]></instructions><question><type>1</type><format>text</format><desc><![CDATA[5.李某，男，70岁。排尿犹豫，夜尿增多，与家人饮烈性酒后，小便不能自解，体检发现膀胱区明显膨隆，最可能的诊断是]]></desc><options><option><id>A</id><type>text</type><desc><![CDATA[尿道结石]]></desc></option><option><id>B</id><type>text</type><desc><![CDATA[尿道狭窄]]></desc></option><option><id>C</id><type>text</type><desc><![CDATA[膀胱结石]]></desc></option><option><id>D</id><type>text</type><desc><![CDATA[肾衰竭]]></desc></option><option><id>E</id><type>text</type><desc><![CDATA[前列腺增生]]></desc></option></options><answers><![CDATA[E]]></answers></question><question><type>1</type><format>text</format><desc><![CDATA[6.韦某，男，70岁。因前列腺增生造成排尿困难，尿潴留，已10小时未排尿。目前正确的护理措施是]]></desc><options><option><id>A</id><type>text</type><desc><![CDATA[让病人坐起试排尿]]></desc></option><option><id>B</id><type>text</type><desc><![CDATA[让病人听水声试排尿]]></desc></option><option><id>C</id><type>text</type><desc><![CDATA[温水冲会阴部诱导排尿]]></desc></option><option><id>D</id><type>text</type><desc><![CDATA[让病人放松自主排尿]]></desc></option><option><id>E</id><type>text</type><desc><![CDATA[行导尿术排尿]]></desc></option></options><answers><![CDATA[E]]></answers></question><question><type>1</type><format>text</format><desc><![CDATA[7.刘某，男，68岁。既往有高血压、冠心病史，因前列腺增生行经尿道前列腺切除术，术后护理中发现病人血钠较低，其主要原因是]]></desc><options><option><id>A</id><type>text</type><desc><![CDATA[术前病人服用过利尿剂]]></desc></option><option><id>B</id><type>text</type><desc><![CDATA[病人手术中有失血]]></desc></option><option><id>C</id><type>text</type><desc><![CDATA[术中冲洗液被吸收致血液稀释]]></desc></option><option><id>D</id><type>text</type><desc><![CDATA[术前禁食]]></desc></option><option><id>E</id><type>text</type><desc><![CDATA[术后伤口出血]]></desc></option></options><answers><![CDATA[C]]></answers></question><question><type>1</type><format>text</format><desc><![CDATA[8.林某，男，62岁。近1年来尿频，夜尿次数增加，该病人应首先考虑为]]></desc><options><option><id>A</id><type>text</type><desc><![CDATA[膀胱炎]]></desc></option><option><id>B</id><type>text</type><desc><![CDATA[肾盂肾炎]]></desc></option><option><id>C</id><type>text</type><desc><![CDATA[前列腺增生]]></desc></option><option><id>D</id><type>text</type><desc><![CDATA[肾结核]]></desc></option><option><id>E</id><type>text</type><desc><![CDATA[尿道炎]]></desc></option></options><answers><![CDATA[C]]></answers></question><question><type>1</type><format>text</format><desc><![CDATA[9.王某，男，65岁。进行性排尿困难5年，夜尿3～5次，肛门指检前列腺6.5cm×5.5cm，中央沟消失，无压痛。病人有时夜间睡眠时有尿液从尿道流出，此应考虑为]]></desc><options><option><id>A</id><type>text</type><desc><![CDATA[真性尿失禁]]></desc></option><option><id>B</id><type>text</type><desc><![CDATA[充溢性尿失禁]]></desc></option><option><id>C</id><type>text</type><desc><![CDATA[压力性尿失禁]]></desc></option><option><id>D</id><type>text</type><desc><![CDATA[急迫性尿失禁]]></desc></option><option><id>E</id><type>text</type><desc><![CDATA[尿瘘]]></desc></option></options><answers><![CDATA[C]]></answers></question><question><type>1</type><format>text</format><desc><![CDATA[10.陈某，男，58岁。进行性排尿困难3年，夜尿3～5次，肛门指检前列腺6cm×5cm，中央沟消失，无压痛。考虑是前列腺增生，若病人发生急性尿潴留，最常用的解决方法是]]></desc><options><option><id>A</id><type>text</type><desc><![CDATA[留置导尿管]]></desc></option><option><id>B</id><type>text</type><desc><![CDATA[耻骨上膀胱穿刺抽吸尿液]]></desc></option><option><id>C</id><type>text</type><desc><![CDATA[诱导排尿]]></desc></option><option><id>D</id><type>text</type><desc><![CDATA[膀胱造口]]></desc></option><option><id>E</id><type>text</type><desc><![CDATA[开放手术]]></desc></option></options><answers><![CDATA[A]]></answers></question></questions></exam>