﻿<?xml version="1.0" encoding="UTF-8"?><exam><id>20180725110954</id><questions><instructions><![CDATA[A1型题]]></instructions><question><type>1</type><format>text</format><desc><![CDATA[1.对严重挤压伤病人，应特别注意观察]]></desc><options><option><id>A</id><type>text</type><desc><![CDATA[体温]]></desc></option><option><id>B</id><type>text</type><desc><![CDATA[尿量]]></desc></option><option><id>C</id><type>text</type><desc><![CDATA[局部疼痛]]></desc></option><option><id>D</id><type>text</type><desc><![CDATA[意识状态]]></desc></option><option><id>E</id><type>text</type><desc><![CDATA[末梢循环情况]]></desc></option></options><answers><![CDATA[B]]></answers></question><question><type>1</type><format>text</format><desc><![CDATA[2.开放性损伤与闭合性损伤的主要区别是]]></desc><options><option><id>A</id><type>text</type><desc><![CDATA[是否引起局部感染]]></desc></option><option><id>B</id><type>text</type><desc><![CDATA[是否合并有内脏损伤]]></desc></option><option><id>C</id><type>text</type><desc><![CDATA[皮肤或黏膜是否保持完整]]></desc></option><option><id>D</id><type>text</type><desc><![CDATA[是锐性暴力还是钝性暴力所致]]></desc></option><option><id>E</id><type>text</type><desc><![CDATA[是直接暴力还是间接暴力所致]]></desc></option></options><answers><![CDATA[C]]></answers></question><question><type>1</type><format>text</format><desc><![CDATA[3.开放性骨折伴动脉破裂出血且合并休克的病人，现场急救应首先]]></desc><options><option><id>A</id><type>text</type><desc><![CDATA[输液]]></desc></option><option><id>B</id><type>text</type><desc><![CDATA[输血]]></desc></option><option><id>C</id><type>text</type><desc><![CDATA[止痛]]></desc></option><option><id>D</id><type>text</type><desc><![CDATA[止血]]></desc></option><option><id>E</id><type>text</type><desc><![CDATA[固定骨折]]></desc></option></options><answers><![CDATA[D]]></answers></question><question><type>1</type><format>text</format><desc><![CDATA[4.清创术的最好时机是伤后]]></desc><options><option><id>A</id><type>text</type><desc><![CDATA[6～8小时内]]></desc></option><option><id>B</id><type>text</type><desc><![CDATA[8～10小时内]]></desc></option><option><id>C</id><type>text</type><desc><![CDATA[10～12小时内]]></desc></option><option><id>D</id><type>text</type><desc><![CDATA[12～16小时内]]></desc></option><option><id>E</id><type>text</type><desc><![CDATA[24小时内]]></desc></option></options><answers><![CDATA[A]]></answers></question><question><type>1</type><format>html</format><desc><![CDATA[5.创伤现场急救措施<u><b>错误</b></u>的是]]></desc><options><option><id>A</id><type>text</type><desc><![CDATA[做简要的全身检查]]></desc></option><option><id>B</id><type>text</type><desc><![CDATA[严密观察生命体征]]></desc></option><option><id>C</id><type>text</type><desc><![CDATA[可疑骨折就局部固定]]></desc></option><option><id>D</id><type>text</type><desc><![CDATA[有活动出血者立即包扎止血]]></desc></option><option><id>E</id><type>text</type><desc><![CDATA[对窒息病人立即送医院抢救]]></desc></option></options><answers><![CDATA[E]]></answers></question><question><type>1</type><format>text</format><desc><![CDATA[6.大面积烧伤病人的护理诊断“体液不足”，其最主要的相关因素]]></desc><options><option><id>A</id><type>text</type><desc><![CDATA[高热]]></desc></option><option><id>B</id><type>text</type><desc><![CDATA[疼痛]]></desc></option><option><id>C</id><type>text</type><desc><![CDATA[创面渗出]]></desc></option><option><id>D</id><type>text</type><desc><![CDATA[饮水不足]]></desc></option><option><id>E</id><type>text</type><desc><![CDATA[创面感染]]></desc></option></options><answers><![CDATA[C]]></answers></question><question><type>1</type><format>text</format><desc><![CDATA[7.控制烧伤感染的关键措施]]></desc><options><option><id>A</id><type>text</type><desc><![CDATA[正确处理创面]]></desc></option><option><id>B</id><type>text</type><desc><![CDATA[密切观察病情变化]]></desc></option><option><id>C</id><type>text</type><desc><![CDATA[及时、足量、快速输液]]></desc></option><option><id>D</id><type>text</type><desc><![CDATA[早期大剂量应用有效抗生素]]></desc></option><option><id>E</id><type>text</type><desc><![CDATA[维持病室内适宜的温度和湿度]]></desc></option></options><answers><![CDATA[A]]></answers></question><question><type>1</type><format>text</format><desc><![CDATA[8.适合用包扎疗法的是]]></desc><options><option><id>A</id><type>text</type><desc><![CDATA[头部烧伤]]></desc></option><option><id>B</id><type>text</type><desc><![CDATA[颈部烧伤]]></desc></option><option><id>C</id><type>text</type><desc><![CDATA[会阴部烧伤]]></desc></option><option><id>D</id><type>text</type><desc><![CDATA[四肢烧伤]]></desc></option><option><id>E</id><type>text</type><desc><![CDATA[躯干大面积烧伤]]></desc></option></options><answers><![CDATA[D]]></answers></question><question><type>1</type><format>text</format><desc><![CDATA[9.易致急性肾衰竭的创伤是]]></desc><options><option><id>A</id><type>text</type><desc><![CDATA[扭伤]]></desc></option><option><id>B</id><type>text</type><desc><![CDATA[挤压伤]]></desc></option><option><id>C</id><type>text</type><desc><![CDATA[冲击伤]]></desc></option><option><id>D</id><type>text</type><desc><![CDATA[裂伤]]></desc></option><option><id>E</id><type>text</type><desc><![CDATA[挫伤]]></desc></option></options><answers><![CDATA[B]]></answers></question><question><type>1</type><format>text</format><desc><![CDATA[10.感染伤口的处理原则是]]></desc><options><option><id>A</id><type>text</type><desc><![CDATA[切除坏死组织植皮]]></desc></option><option><id>B</id><type>text</type><desc><![CDATA[控制感染，加强换药]]></desc></option><option><id>C</id><type>text</type><desc><![CDATA[彻底清创，立即缝合]]></desc></option><option><id>D</id><type>text</type><desc><![CDATA[彻底清创，延期缝合]]></desc></option><option><id>E</id><type>text</type><desc><![CDATA[局部制动、理疗]]></desc></option></options><answers><![CDATA[B]]></answers></question></questions><questions><instructions><![CDATA[A2型题]]></instructions><question><type>1</type><format>text</format><desc><![CDATA[11.李某，男，48岁。2小时前不慎被铁铲伤及右小腿，伤口约10cm，入院后给予清创缝合，为预防破伤风应注射]]></desc><options><option><id>A</id><type>text</type><desc><![CDATA[安络血]]></desc></option><option><id>B</id><type>text</type><desc><![CDATA[维生素B1<sub1></sub>]]></desc></option><option><id>C</id><type>text</type><desc><![CDATA[维生素K1<sub1></sub>]]></desc></option><option><id>D</id><type>text</type><desc><![CDATA[破伤风类毒素]]></desc></option><option><id>E</id><type>text</type><desc><![CDATA[破伤风抗毒素]]></desc></option></options><answers><![CDATA[E]]></answers></question><question><type>1</type><format>text</format><desc><![CDATA[12.何某，男，32岁。2小时前因右前臂上段被人用刀切割深达肌层，紧急来院就诊，急诊科护士应立即协助医生进行]]></desc><options><option><id>A</id><type>text</type><desc><![CDATA[止痛]]></desc></option><option><id>B</id><type>text</type><desc><![CDATA[包扎伤口]]></desc></option><option><id>C</id><type>text</type><desc><![CDATA[固定伤肢]]></desc></option><option><id>D</id><type>text</type><desc><![CDATA[及时而正确地清创缝合]]></desc></option><option><id>E</id><type>text</type><desc><![CDATA[简单缝合伤口]]></desc></option></options><answers><![CDATA[D]]></answers></question><question><type>1</type><format>text</format><desc><![CDATA[13.陈某，男，26岁。因外伤致左下肢开放性软组织损伤，医生检查发现左下肢中段伤口污染较重，行伤口清创后暂不予缝合，观察2天后无明显感染再行缝合，这种缝合是]]></desc><options><option><id>A</id><type>text</type><desc><![CDATA[一期缝合]]></desc></option><option><id>B</id><type>text</type><desc><![CDATA[二期缝合]]></desc></option><option><id>C</id><type>text</type><desc><![CDATA[延期缝合]]></desc></option><option><id>D</id><type>text</type><desc><![CDATA[减张缝合]]></desc></option><option><id>E</id><type>text</type><desc><![CDATA[以上都不是]]></desc></option></options><answers><![CDATA[C]]></answers></question><question><type>1</type><format>html</format><desc><![CDATA[14.马某，男，35岁。因毒蛇咬伤急诊收住院，责任护士在护理该病人中，<u><b>错误</b></u>的是]]></desc><options><option><id>A</id><type>text</type><desc><![CDATA[抬高肢体]]></desc></option><option><id>B</id><type>text</type><desc><![CDATA[严密观察病情变化]]></desc></option><option><id>C</id><type>text</type><desc><![CDATA[卧床休息]]></desc></option><option><id>D</id><type>text</type><desc><![CDATA[创口持续湿敷]]></desc></option><option><id>E</id><type>text</type><desc><![CDATA[按医嘱使用抗蛇毒血清]]></desc></option></options><answers><![CDATA[A]]></answers></question><question><type>1</type><format>html</format><desc><![CDATA[15.潘某，男，40岁。不慎开水烫伤，右下肢浅Ⅱ度烧伤，清创后采取包扎疗法，下列创面处理措施<u><b>错误</b></u>的是]]></desc><options><option><id>A</id><type>text</type><desc><![CDATA[凡士林油纱布盖、包扎]]></desc></option><option><id>B</id><type>text</type><desc><![CDATA[涂蓝油烃包扎]]></desc></option><option><id>C</id><type>text</type><desc><![CDATA[涂龙胆紫后包扎]]></desc></option><option><id>D</id><type>text</type><desc><![CDATA[SD银霜涂后包扎]]></desc></option><option><id>E</id><type>text</type><desc><![CDATA[肢体包扎后应注意抬高患肢]]></desc></option></options><answers><![CDATA[C]]></answers></question><question><type>1</type><format>text</format><desc><![CDATA[16.向某，男，20岁。行阑尾炎切除术后3天，体温正常，换药时发现伤口针眼处皮肤发红，稍肿胀，此时伤口情况是]]></desc><options><option><id>A</id><type>text</type><desc><![CDATA[缝线反应]]></desc></option><option><id>B</id><type>text</type><desc><![CDATA[伤口浅层感染]]></desc></option><option><id>C</id><type>text</type><desc><![CDATA[伤口深层感染]]></desc></option><option><id>D</id><type>text</type><desc><![CDATA[脓肿形成可能]]></desc></option><option><id>E</id><type>text</type><desc><![CDATA[伤口裂开可能]]></desc></option></options><answers><![CDATA[A]]></answers></question><question><type>1</type><format>text</format><desc><![CDATA[17.韦某，男，46岁。头面部躯干部烧伤，32%深Ⅱ度烧伤，经补液扩容治疗后，BP 90/56mmHg,表示为]]></desc><options><option><id>A</id><type>text</type><desc><![CDATA[ 肾衰竭]]></desc></option><option><id>B</id><type>text</type><desc><![CDATA[ 血容量不足]]></desc></option><option><id>C</id><type>text</type><desc><![CDATA[ 血容量严重不足]]></desc></option><option><id>D</id><type>text</type><desc><![CDATA[ 血管过度收缩]]></desc></option><option><id>E</id><type>text</type><desc><![CDATA[ 心源性休克]]></desc></option></options><answers><![CDATA[B]]></answers></question><question><type>1</type><format>text</format><desc><![CDATA[18.林某，男，50岁。被开水烫伤左手和左下肢（不含臀部），左侧腹部有两个手掌大小的烫伤创面，局部有大小不等的水疱，创面水肿明显，剧烈疼痛。其烫伤面积和深度为]]></desc><options><option><id>A</id><type>text</type><desc><![CDATA[24%浅Ⅱ度烧伤]]></desc></option><option><id>B</id><type>text</type><desc><![CDATA[24%深Ⅱ度烧伤]]></desc></option><option><id>C</id><type>text</type><desc><![CDATA[25%浅Ⅱ度烧伤]]></desc></option><option><id>D</id><type>text</type><desc><![CDATA[25%深Ⅱ度烧伤]]></desc></option><option><id>E</id><type>text</type><desc><![CDATA[27%浅Ⅱ度烧伤]]></desc></option></options><answers><![CDATA[C]]></answers></question><question><type>1</type><format>html</format><desc><![CDATA[19.小张护士在为铜绿假单胞菌感染病人的伤口换药时，操作<u><b>错误</b></u>的是]]></desc><options><option><id>A</id><type>text</type><desc><![CDATA[应穿隔离衣戴手套做好防护]]></desc></option><option><id>B</id><type>text</type><desc><![CDATA[换药用品应专用]]></desc></option><option><id>C</id><type>text</type><desc><![CDATA[污染敷料应及时倾倒]]></desc></option><option><id>D</id><type>text</type><desc><![CDATA[用过器械单独特殊处理]]></desc></option><option><id>E</id><type>text</type><desc><![CDATA[换药后严格洗手防止交叉感染]]></desc></option></options><answers><![CDATA[C]]></answers></question><question><type>1</type><format>text</format><desc><![CDATA[20.张某，男，42岁。在某工地5米高处坠落。查体：神志清醒，BP 106/70mmHg，P 90次/分,呼吸24次/分，病人双下肢活动障碍，没有知觉，疑有脊柱骨折，应立即安全转运医院治疗]]></desc><options><option><id>A</id><type>text</type><desc><![CDATA[应3人以平托法将病人轻放平卧于硬板床上，防止脊髓损伤]]></desc></option><option><id>B</id><type>text</type><desc><![CDATA[应3人以平托法将病人轻放半卧于硬板床上，防止脊髓损伤]]></desc></option><option><id>C</id><type>text</type><desc><![CDATA[应3人以平托法将病人轻放半坐卧于硬板床上，防止脊髓损伤]]></desc></option><option><id>D</id><type>text</type><desc><![CDATA[应3人以平托法将病人轻放俯卧于硬板床上，防止脊髓损伤]]></desc></option><option><id>E</id><type>text</type><desc><![CDATA[应3人以平托法将病人轻放侧卧于硬板床上，防止脊髓损伤]]></desc></option></options><answers><![CDATA[A]]></answers></question></questions></exam>