﻿<?xml version="1.0" encoding="UTF-8"?><exam><id>20180725145029</id><questions><instructions><![CDATA[A1型题]]></instructions><question><type>1</type><format>text</format><desc><![CDATA[1.前臂缺血性肌挛缩造成的特有畸形是]]></desc><options><option><id>A</id><type>text</type><desc><![CDATA[锅铲畸形]]></desc></option><option><id>B</id><type>text</type><desc><![CDATA[枪刺刀畸形]]></desc></option><option><id>C</id><type>text</type><desc><![CDATA[垂腕畸形]]></desc></option><option><id>D</id><type>text</type><desc><![CDATA[爪形手畸形]]></desc></option><option><id>E</id><type>text</type><desc><![CDATA[猿手畸形]]></desc></option></options><answers><![CDATA[D]]></answers></question><question><type>1</type><format>text</format><desc><![CDATA[2.在护理骨牵引病人时，如牵引过度可引起]]></desc><options><option><id>A</id><type>text</type><desc><![CDATA[肌肉萎缩]]></desc></option><option><id>B</id><type>text</type><desc><![CDATA[骨愈合障碍]]></desc></option><option><id>C</id><type>text</type><desc><![CDATA[肢体畸形]]></desc></option><option><id>D</id><type>text</type><desc><![CDATA[剧烈疼痛]]></desc></option><option><id>E</id><type>text</type><desc><![CDATA[骨损伤]]></desc></option></options><answers><![CDATA[B]]></answers></question><question><type>1</type><format>text</format><desc><![CDATA[3.下列哪种骨折属不完全性骨折]]></desc><options><option><id>A</id><type>text</type><desc><![CDATA[横形骨折]]></desc></option><option><id>B</id><type>text</type><desc><![CDATA[裂缝骨折]]></desc></option><option><id>C</id><type>text</type><desc><![CDATA[压缩骨折]]></desc></option><option><id>D</id><type>text</type><desc><![CDATA[嵌插骨折]]></desc></option><option><id>E</id><type>text</type><desc><![CDATA[斜形骨折]]></desc></option></options><answers><![CDATA[B]]></answers></question><question><type>1</type><format>text</format><desc><![CDATA[4.骨折特有体征为]]></desc><options><option><id>A</id><type>text</type><desc><![CDATA[疼痛、肿胀、功能障碍]]></desc></option><option><id>B</id><type>text</type><desc><![CDATA[畸形、异常活动、骨擦音]]></desc></option><option><id>C</id><type>text</type><desc><![CDATA[畸形、异常活动、功能障碍]]></desc></option><option><id>D</id><type>text</type><desc><![CDATA[肿胀、瘀斑、异常活动]]></desc></option><option><id>E</id><type>text</type><desc><![CDATA[畸形、弹性固定、关节部位空虚]]></desc></option></options><answers><![CDATA[B]]></answers></question><question><type>1</type><format>text</format><desc><![CDATA[5.石膏固定后最多见的并发症是]]></desc><options><option><id>A</id><type>text</type><desc><![CDATA[血管损伤]]></desc></option><option><id>B</id><type>text</type><desc><![CDATA[神经损伤]]></desc></option><option><id>C</id><type>text</type><desc><![CDATA[关节僵硬]]></desc></option><option><id>D</id><type>text</type><desc><![CDATA[骨化性肌炎]]></desc></option><option><id>E</id><type>text</type><desc><![CDATA[缺血性肌挛缩]]></desc></option></options><answers><![CDATA[C]]></answers></question><question><type>1</type><format>html</format><desc><![CDATA[6.关于Colles骨折，下列<u><b>不正确</b></u>的是]]></desc><options><option><id>A</id><type>text</type><desc><![CDATA[多由直接暴力所致]]></desc></option><option><id>B</id><type>text</type><desc><![CDATA[骨折发生在桡骨远端距桡骨下关节面3cm以内]]></desc></option><option><id>C</id><type>text</type><desc><![CDATA[骨折远端向背侧和桡侧移位]]></desc></option><option><id>D</id><type>text</type><desc><![CDATA[临床表现为枪刺刀和餐叉畸形]]></desc></option><option><id>E</id><type>text</type><desc><![CDATA[治疗以手法复位为主]]></desc></option></options><answers><![CDATA[A]]></answers></question><question><type>1</type><format>html</format><desc><![CDATA[7.石膏绷带包扎<u><b>错误</b></u>的方法是]]></desc><options><option><id>A</id><type>text</type><desc><![CDATA[患肢保持功能位]]></desc></option><option><id>B</id><type>text</type><desc><![CDATA[包扎处用手指扶托肢体]]></desc></option><option><id>C</id><type>text</type><desc><![CDATA[动作敏捷、用力均匀]]></desc></option><option><id>D</id><type>text</type><desc><![CDATA[边缘部分应予修齐]]></desc></option><option><id>E</id><type>text</type><desc><![CDATA[伤口部位在未干固前开窗]]></desc></option></options><answers><![CDATA[B]]></answers></question><question><type>1</type><format>html</format><desc><![CDATA[8.下列骨牵引护理措施<u><b>不正确</b></u>的是]]></desc><options><option><id>A</id><type>text</type><desc><![CDATA[床尾或床头抬高15～30cm]]></desc></option><option><id>B</id><type>text</type><desc><![CDATA[牵引针不可左右移动]]></desc></option><option><id>C</id><type>text</type><desc><![CDATA[去除牵引针孔的血痂]]></desc></option><option><id>D</id><type>text</type><desc><![CDATA[维持肢体在整复或固定的位置]]></desc></option><option><id>E</id><type>text</type><desc><![CDATA[鼓励病人功能锻炼]]></desc></option></options><answers><![CDATA[C]]></answers></question></questions><questions><instructions><![CDATA[A2型题]]></instructions><question><type>1</type><format>text</format><desc><![CDATA[9.党某，男，25岁。农民，抬麦子时，不慎被绊倒，当即不能行走，并出现左下肢畸形、反常活动，所患疾病是]]></desc><options><option><id>A</id><type>text</type><desc><![CDATA[急性腰椎间盘脱出]]></desc></option><option><id>B</id><type>text</type><desc><![CDATA[急性骨髓炎]]></desc></option><option><id>C</id><type>text</type><desc><![CDATA[病理性骨折]]></desc></option><option><id>D</id><type>text</type><desc><![CDATA[急性腰部扭伤]]></desc></option><option><id>E</id><type>text</type><desc><![CDATA[以上都不是]]></desc></option></options><answers><![CDATA[C]]></answers></question><question><type>1</type><format>text</format><desc><![CDATA[10.何某，男，40岁。胫骨骨折石膏管型固定后8小时，诉患肢疼痛难忍，查体：肢端苍白，温度降低，足趾不能主动活动，应考虑]]></desc><options><option><id>A</id><type>text</type><desc><![CDATA[骨折端移位]]></desc></option><option><id>B</id><type>text</type><desc><![CDATA[衬垫不妥]]></desc></option><option><id>C</id><type>text</type><desc><![CDATA[继发感染]]></desc></option><option><id>D</id><type>text</type><desc><![CDATA[血管受压]]></desc></option><option><id>E</id><type>text</type><desc><![CDATA[体位不当]]></desc></option></options><answers><![CDATA[D]]></answers></question><question><type>1</type><format>text</format><desc><![CDATA[11.文某，女，25岁。外伤后出现肘部关节肿胀疑为骨折或脱位，下列哪项能鉴别肱骨髁上骨折和肘关节脱位]]></desc><options><option><id>A</id><type>text</type><desc><![CDATA[手臂功能障碍]]></desc></option><option><id>B</id><type>text</type><desc><![CDATA[肘部剧烈疼痛]]></desc></option><option><id>C</id><type>text</type><desc><![CDATA[是否可摸到尺骨鹰嘴]]></desc></option><option><id>D</id><type>text</type><desc><![CDATA[肘后三点是否失去正常关系]]></desc></option><option><id>E</id><type>text</type><desc><![CDATA[跌倒后手掌撑地而受伤]]></desc></option></options><answers><![CDATA[D]]></answers></question><question><type>1</type><format>html</format><desc><![CDATA[12.廖某，女，58岁。跌倒致左桡骨Colles骨折，下列治疗措施<u><b>错误</b></u>的是]]></desc><options><option><id>A</id><type>text</type><desc><![CDATA[复位重要的是要恢复正常的掌倾角和尺倾角]]></desc></option><option><id>B</id><type>text</type><desc><![CDATA[多数需要手术治疗]]></desc></option><option><id>C</id><type>text</type><desc><![CDATA[复位时需要充分的牵引]]></desc></option><option><id>D</id><type>text</type><desc><![CDATA[应早期进行手指的屈伸活动]]></desc></option><option><id>E</id><type>text</type><desc><![CDATA[4～6周后可去除外固定开始腕关节活动]]></desc></option></options><answers><![CDATA[B]]></answers></question><question><type>1</type><format>text</format><desc><![CDATA[13.伍某，女，22岁。前臂骨折行石膏绷带包扎l小时后，出现脚趾剧痛，苍白发凉，桡动脉搏动减弱。应首先采取的措施是]]></desc><options><option><id>A</id><type>text</type><desc><![CDATA[注意保暖]]></desc></option><option><id>B</id><type>text</type><desc><![CDATA[抬高患肢]]></desc></option><option><id>C</id><type>text</type><desc><![CDATA[做下肢被动活动]]></desc></option><option><id>D</id><type>text</type><desc><![CDATA[按摩]]></desc></option><option><id>E</id><type>text</type><desc><![CDATA[适当松解石膏绷带]]></desc></option></options><answers><![CDATA[E]]></answers></question><question><type>1</type><format>html</format><desc><![CDATA[14.韦某，男，24岁。外伤致右胫腓骨骨折。进行跟骨结节牵引，下列护理<u><b>不妥</b></u>的是]]></desc><options><option><id>A</id><type>text</type><desc><![CDATA[向病人解释牵引的目的及效果]]></desc></option><option><id>B</id><type>text</type><desc><![CDATA[检查针孔周围皮肤有无红肿及疼痛]]></desc></option><option><id>C</id><type>text</type><desc><![CDATA[每日用酒精擦针孔处1～2次]]></desc></option><option><id>D</id><type>text</type><desc><![CDATA[针孔处的血痂应除去以免感染]]></desc></option><option><id>E</id><type>text</type><desc><![CDATA[定期测量肢体长度、防止过度牵引]]></desc></option></options><answers><![CDATA[D]]></answers></question><question><type>1</type><format>text</format><desc><![CDATA[15.王某，女，26岁。车祸2小时，查体：一般情况尚可，右小腿有一长约16cm的伤口，胫骨断端外露，出血不多，并伴有广泛的软组织挫伤。在做X线检查以前，应该进行的处理是]]></desc><options><option><id>A</id><type>text</type><desc><![CDATA[行简单的外固定]]></desc></option><option><id>B</id><type>text</type><desc><![CDATA[行气压止血带止血]]></desc></option><option><id>C</id><type>text</type><desc><![CDATA[急送手术室]]></desc></option><option><id>D</id><type>text</type><desc><![CDATA[长腿石膏托固定]]></desc></option><option><id>E</id><type>text</type><desc><![CDATA[紧急输血、输液]]></desc></option></options><answers><![CDATA[A]]></answers></question><question><type>1</type><format>text</format><desc><![CDATA[16.患儿，男性，12岁。左大腿被汽车横行辗扎，根据下列哪项可确定为骨折]]></desc><options><option><id>A</id><type>text</type><desc><![CDATA[局部肿胀淤血疼痛]]></desc></option><option><id>B</id><type>text</type><desc><![CDATA[不敢持重]]></desc></option><option><id>C</id><type>text</type><desc><![CDATA[不能自主活动]]></desc></option><option><id>D</id><type>text</type><desc><![CDATA[反常活动]]></desc></option><option><id>E</id><type>text</type><desc><![CDATA[局部压痛]]></desc></option></options><answers><![CDATA[D]]></answers></question><question><type>1</type><format>text</format><desc><![CDATA[17.刘某，男，40岁。外伤致右股骨骨折，已行手术复位内固定，术后护士指导病人进行功能锻炼，其一般原则是]]></desc><options><option><id>A</id><type>text</type><desc><![CDATA[早期以患肢肌肉等张收缩运动为主]]></desc></option><option><id>B</id><type>text</type><desc><![CDATA[中期以患肢持重或负重活动为主]]></desc></option><option><id>C</id><type>text</type><desc><![CDATA[中期以患肢肌肉等长收缩运动为主]]></desc></option><option><id>D</id><type>text</type><desc><![CDATA[后期以重点关节为主行全面功能锻炼]]></desc></option><option><id>E</id><type>text</type><desc><![CDATA[后期避免抗阻力运动]]></desc></option></options><answers><![CDATA[D]]></answers></question><question><type>1</type><format>text</format><desc><![CDATA[18.胡某，男，28岁。车祸致股骨干骨折，入院后行骨牵引治疗。护理中防止过度牵引的措施是]]></desc><options><option><id>A</id><type>text</type><desc><![CDATA[将床尾抬高15～30cm]]></desc></option><option><id>B</id><type>text</type><desc><![CDATA[定时测量肢体长度]]></desc></option><option><id>C</id><type>text</type><desc><![CDATA[牵引重量不可随意增减]]></desc></option><option><id>D</id><type>text</type><desc><![CDATA[保持有效牵引]]></desc></option><option><id>E</id><type>text</type><desc><![CDATA[牵引力与反牵引力应保持在一条线上]]></desc></option></options><answers><![CDATA[B]]></answers></question><question><type>1</type><format>text</format><desc><![CDATA[19.陈某，男，35岁。遭遇车祸，胸、腰椎骨折并截瘫，最重要的处理是]]></desc><options><option><id>A</id><type>text</type><desc><![CDATA[卧硬板床]]></desc></option><option><id>B</id><type>text</type><desc><![CDATA[卧石膏床]]></desc></option><option><id>C</id><type>text</type><desc><![CDATA[及早手术行脊髓减压]]></desc></option><option><id>D</id><type>text</type><desc><![CDATA[手法复位并石膏背心固定]]></desc></option><option><id>E</id><type>text</type><desc><![CDATA[坚持腰背肌锻炼活动]]></desc></option></options><answers><![CDATA[C]]></answers></question><question><type>1</type><format>text</format><desc><![CDATA[20.李某，男，32岁。车祸后怀疑脊柱骨折，正确的搬运方法是]]></desc><options><option><id>A</id><type>text</type><desc><![CDATA[一人背起病人搬运]]></desc></option><option><id>B</id><type>text</type><desc><![CDATA[三人同时平托病人搬运]]></desc></option><option><id>C</id><type>text</type><desc><![CDATA[一人抬头，一人抬腿搬运]]></desc></option><option><id>D</id><type>text</type><desc><![CDATA[一人抱起病人搬运]]></desc></option><option><id>E</id><type>text</type><desc><![CDATA[以上均可]]></desc></option></options><answers><![CDATA[B]]></answers></question></questions></exam>