﻿<?xml version="1.0" encoding="UTF-8"?><exam><id>20180725112104</id><questions><instructions><![CDATA[A1型题]]></instructions><question><type>1</type><format>text</format><desc><![CDATA[1.肋骨骨折最常发生于]]></desc><options><option><id>A</id><type>text</type><desc><![CDATA[1～3肋]]></desc></option><option><id>B</id><type>text</type><desc><![CDATA[4～7肋]]></desc></option><option><id>C</id><type>text</type><desc><![CDATA[8～9肋]]></desc></option><option><id>D</id><type>text</type><desc><![CDATA[9～10肋]]></desc></option><option><id>E</id><type>text</type><desc><![CDATA[10～11肋]]></desc></option></options><answers><![CDATA[B]]></answers></question><question><type>1</type><format>text</format><desc><![CDATA[2.反常呼吸常发生于]]></desc><options><option><id>A</id><type>text</type><desc><![CDATA[单根单处肋骨骨折]]></desc></option><option><id>B</id><type>text</type><desc><![CDATA[开放性气胸]]></desc></option><option><id>C</id><type>text</type><desc><![CDATA[闭合性气胸]]></desc></option><option><id>D</id><type>text</type><desc><![CDATA[张力性气胸]]></desc></option><option><id>E</id><type>text</type><desc><![CDATA[多根多处肋骨骨折]]></desc></option></options><answers><![CDATA[E]]></answers></question><question><type>1</type><format>text</format><desc><![CDATA[3.相邻多根多处肋骨骨折时，可出现反常呼吸运动，是指胸壁出现]]></desc><options><option><id>A</id><type>text</type><desc><![CDATA[呼气时外突，吸气时正常]]></desc></option><option><id>B</id><type>text</type><desc><![CDATA[吸气和呼气均外突]]></desc></option><option><id>C</id><type>text</type><desc><![CDATA[吸气时外突，呼气时内陷]]></desc></option><option><id>D</id><type>text</type><desc><![CDATA[吸气时内陷，呼气时外突]]></desc></option><option><id>E</id><type>text</type><desc><![CDATA[吸气和呼气时均内陷]]></desc></option></options><answers><![CDATA[D]]></answers></question><question><type>1</type><format>text</format><desc><![CDATA[4.开放性气胸的急救要点是]]></desc><options><option><id>A</id><type>text</type><desc><![CDATA[剖胸探查]]></desc></option><option><id>B</id><type>text</type><desc><![CDATA[立即封闭伤口]]></desc></option><option><id>C</id><type>text</type><desc><![CDATA[抽气减压]]></desc></option><option><id>D</id><type>text</type><desc><![CDATA[清创缝合]]></desc></option><option><id>E</id><type>text</type><desc><![CDATA[胸腔穿刺]]></desc></option></options><answers><![CDATA[B]]></answers></question><question><type>1</type><format>text</format><desc><![CDATA[5.张力性气胸穿刺排气的部位]]></desc><options><option><id>A</id><type>text</type><desc><![CDATA[伤侧腋前线第2肋间]]></desc></option><option><id>B</id><type>text</type><desc><![CDATA[伤侧腋前线第3～4肋间]]></desc></option><option><id>C</id><type>text</type><desc><![CDATA[伤侧锁骨中线第2肋间]]></desc></option><option><id>D</id><type>text</type><desc><![CDATA[伤侧腋后线第3～4肋间]]></desc></option><option><id>E</id><type>text</type><desc><![CDATA[伤侧锁骨中线第4肋间]]></desc></option></options><answers><![CDATA[C]]></answers></question><question><type>1</type><format>html</format><desc><![CDATA[6.胸部损伤后呼吸道管理，<u><b>不包括</b></u>]]></desc><options><option><id>A</id><type>text</type><desc><![CDATA[指导病人做深呼吸运动，促进肺扩张]]></desc></option><option><id>B</id><type>text</type><desc><![CDATA[协助病人咳嗽排痰]]></desc></option><option><id>C</id><type>text</type><desc><![CDATA[痰液黏稠者，予超声雾化吸入]]></desc></option><option><id>D</id><type>text</type><desc><![CDATA[咳痰无力者给予支气管镜吸痰]]></desc></option><option><id>E</id><type>text</type><desc><![CDATA[常规应用抗生素]]></desc></option></options><answers><![CDATA[E]]></answers></question><question><type>1</type><format>text</format><desc><![CDATA[7.检查胸腔闭式引流是否通畅，最简单的方法是观察]]></desc><options><option><id>A</id><type>text</type><desc><![CDATA[引流管有无受压]]></desc></option><option><id>B</id><type>text</type><desc><![CDATA[引流是否过长]]></desc></option><option><id>C</id><type>text</type><desc><![CDATA[引流管有无扭曲]]></desc></option><option><id>D</id><type>text</type><desc><![CDATA[引流管是否滑脱]]></desc></option><option><id>E</id><type>text</type><desc><![CDATA[水封瓶内长管的水柱有无波动]]></desc></option></options><answers><![CDATA[E]]></answers></question><question><type>1</type><format>html</format><desc><![CDATA[8.胸腔闭式引流的护理措施，<u><b>不包括</b></u>]]></desc><options><option><id>A</id><type>text</type><desc><![CDATA[保持胸腔闭式引流系统的密闭]]></desc></option><option><id>B</id><type>text</type><desc><![CDATA[严格无菌操作，防止逆行感染]]></desc></option><option><id>C</id><type>text</type><desc><![CDATA[保持引流管通畅]]></desc></option><option><id>D</id><type>text</type><desc><![CDATA[观察和记录引流液的量、颜色、性质]]></desc></option><option><id>E</id><type>text</type><desc><![CDATA[严禁挤压引流管，以防止逆行感染]]></desc></option></options><answers><![CDATA[E]]></answers></question><question><type>1</type><format>html</format><desc><![CDATA[9.穿透性心脏损伤致心脏压塞时，<u><b>不正确</b></u>的是]]></desc><options><option><id>A</id><type>text</type><desc><![CDATA[静脉压升高，大于15cmH<sub>2</sub>O]]></desc></option><option><id>B</id><type>text</type><desc><![CDATA[颈静脉怒张]]></desc></option><option><id>C</id><type>text</type><desc><![CDATA[心搏微弱，心音遥远]]></desc></option><option><id>D</id><type>text</type><desc><![CDATA[脉压小，动脉压降低]]></desc></option><option><id>E</id><type>text</type><desc><![CDATA[可闻及心脏杂音]]></desc></option></options><answers><![CDATA[E]]></answers></question><question><type>1</type><format>text</format><desc><![CDATA[10.肺癌最常见的早期症状是]]></desc><options><option><id>A</id><type>text</type><desc><![CDATA[刺激性咳嗽]]></desc></option><option><id>B</id><type>text</type><desc><![CDATA[血痰]]></desc></option><option><id>C</id><type>text</type><desc><![CDATA[脓痰]]></desc></option><option><id>D</id><type>text</type><desc><![CDATA[胸背疼痛]]></desc></option><option><id>E</id><type>text</type><desc><![CDATA[胸闷]]></desc></option></options><answers><![CDATA[A]]></answers></question><question><type>1</type><format>text</format><desc><![CDATA[11.诊断肺癌最可靠的依据是]]></desc><options><option><id>A</id><type>text</type><desc><![CDATA[痰中找到癌细胞]]></desc></option><option><id>B</id><type>text</type><desc><![CDATA[胸片有阴影]]></desc></option><option><id>C</id><type>text</type><desc><![CDATA[大量胸腔积液]]></desc></option><option><id>D</id><type>text</type><desc><![CDATA[造影示支气管狭窄]]></desc></option><option><id>E</id><type>text</type><desc><![CDATA[刺激性咳嗽]]></desc></option></options><answers><![CDATA[A]]></answers></question><question><type>1</type><format>text</format><desc><![CDATA[12.早期非小细胞肺癌的首选治疗方法]]></desc><options><option><id>A</id><type>text</type><desc><![CDATA[放射治疗]]></desc></option><option><id>B</id><type>text</type><desc><![CDATA[手术治疗]]></desc></option><option><id>C</id><type>text</type><desc><![CDATA[中医中药、免疫疗法]]></desc></option><option><id>D</id><type>text</type><desc><![CDATA[非手术综合疗法]]></desc></option><option><id>E</id><type>text</type><desc><![CDATA[化学药物治疗]]></desc></option></options><answers><![CDATA[B]]></answers></question><question><type>1</type><format>html</format><desc><![CDATA[13.肺癌手术前的护理措施，<u><b>不正确</b></u>的是]]></desc><options><option><id>A</id><type>text</type><desc><![CDATA[术前戒烟2周]]></desc></option><option><id>B</id><type>text</type><desc><![CDATA[指导进行腹式呼吸和有效咳嗽训练]]></desc></option><option><id>C</id><type>text</type><desc><![CDATA[常规应用抗生素]]></desc></option><option><id>D</id><type>text</type><desc><![CDATA[改善营养状况]]></desc></option><option><id>E</id><type>text</type><desc><![CDATA[做好心理护理]]></desc></option></options><answers><![CDATA[C]]></answers></question><question><type>1</type><format>text</format><desc><![CDATA[14.食管癌的主要转移途径是]]></desc><options><option><id>A</id><type>text</type><desc><![CDATA[血行转移]]></desc></option><option><id>B</id><type>text</type><desc><![CDATA[淋巴转移]]></desc></option><option><id>C</id><type>text</type><desc><![CDATA[种植转移]]></desc></option><option><id>D</id><type>text</type><desc><![CDATA[直接蔓延]]></desc></option><option><id>E</id><type>text</type><desc><![CDATA[沿食管壁上下扩散]]></desc></option></options><answers><![CDATA[B]]></answers></question><question><type>1</type><format>html</format><desc><![CDATA[15.关于早期食管癌的症状描述，<u><b>不正确</b></u>的是]]></desc><options><option><id>A</id><type>text</type><desc><![CDATA[咽部不适感]]></desc></option><option><id>B</id><type>text</type><desc><![CDATA[食物停滞感]]></desc></option><option><id>C</id><type>text</type><desc><![CDATA[进行性吞咽困难]]></desc></option><option><id>D</id><type>text</type><desc><![CDATA[进食哽噎感]]></desc></option><option><id>E</id><type>text</type><desc><![CDATA[X线钡餐显示食管黏膜紊乱]]></desc></option></options><answers><![CDATA[C]]></answers></question><question><type>1</type><format>text</format><desc><![CDATA[16.中晚期食管癌的典型症状是]]></desc><options><option><id>A</id><type>text</type><desc><![CDATA[进行性消瘦]]></desc></option><option><id>B</id><type>text</type><desc><![CDATA[进行性吞咽困难]]></desc></option><option><id>C</id><type>text</type><desc><![CDATA[进食不畅伴呕吐]]></desc></option><option><id>D</id><type>text</type><desc><![CDATA[间歇性胸痛]]></desc></option><option><id>E</id><type>text</type><desc><![CDATA[低热及贫血]]></desc></option></options><answers><![CDATA[B]]></answers></question><question><type>1</type><format>html</format><desc><![CDATA[17.食管癌术后胃肠减压的护理，<u><b>不正确</b></u>的是]]></desc><options><option><id>A</id><type>text</type><desc><![CDATA[术后3～4日内持续胃肠减压]]></desc></option><option><id>B</id><type>text</type><desc><![CDATA[严密观察引流液的量、颜色、性状、气味并准确记录]]></desc></option><option><id>C</id><type>text</type><desc><![CDATA[经常挤压胃管，防止堵塞]]></desc></option><option><id>D</id><type>text</type><desc><![CDATA[若胃管不通畅，可用少量生理盐水冲洗并及时回抽]]></desc></option><option><id>E</id><type>text</type><desc><![CDATA[胃管脱出后应立即插入，以保证持续的胃肠减压]]></desc></option></options><answers><![CDATA[E]]></answers></question><question><type>1</type><format>text</format><desc><![CDATA[18.食管癌术后最严重的并发症是]]></desc><options><option><id>A</id><type>text</type><desc><![CDATA[乳糜胸]]></desc></option><option><id>B</id><type>text</type><desc><![CDATA[脓胸]]></desc></option><option><id>C</id><type>text</type><desc><![CDATA[血胸]]></desc></option><option><id>D</id><type>text</type><desc><![CDATA[出血]]></desc></option><option><id>E</id><type>text</type><desc><![CDATA[吻合口瘘]]></desc></option></options><answers><![CDATA[E]]></answers></question><question><type>1</type><format>html</format><desc><![CDATA[19.二尖瓣狭窄的症状，<u><b>错误</b></u>的是]]></desc><options><option><id>A</id><type>text</type><desc><![CDATA[轻度狭窄时，静息时多无症状]]></desc></option><option><id>B</id><type>text</type><desc><![CDATA[中度狭窄时，劳累后出现气促、咳嗽、咯血、发绀]]></desc></option><option><id>C</id><type>text</type><desc><![CDATA[中度狭窄时，常有心悸、心前区闷痛、乏力]]></desc></option><option><id>D</id><type>text</type><desc><![CDATA[中度狭窄时，可有胸骨后压榨样疼痛，并向上、向左放射至左肩、左臂等]]></desc></option><option><id>E</id><type>text</type><desc><![CDATA[重度狭窄时，出现夜间阵发性呼吸困难或端坐呼吸]]></desc></option></options><answers><![CDATA[D]]></answers></question><question><type>1</type><format>text</format><desc><![CDATA[20.施行瓣膜置换术的病人，开始口服华法林抗凝治疗的时间]]></desc><options><option><id>A</id><type>text</type><desc><![CDATA[术后12小时之内]]></desc></option><option><id>B</id><type>text</type><desc><![CDATA[术后12～24小时]]></desc></option><option><id>C</id><type>text</type><desc><![CDATA[术后24～48小时]]></desc></option><option><id>D</id><type>text</type><desc><![CDATA[术后48～72小时]]></desc></option><option><id>E</id><type>text</type><desc><![CDATA[置换生物瓣者，不用抗凝治疗]]></desc></option></options><answers><![CDATA[C]]></answers></question><question><type>1</type><format>html</format><desc><![CDATA[21.关于冠心病的症状，<u><b>不正确</b></u>的是]]></desc><options><option><id>A</id><type>text</type><desc><![CDATA[在体力劳动、情绪激动或饱餐时，可发生心绞痛]]></desc></option><option><id>B</id><type>text</type><desc><![CDATA[严重者在静息状态，也可发生心绞痛]]></desc></option><option><id>C</id><type>text</type><desc><![CDATA[表现为胸闷、胸骨后压榨样疼痛，向上、向左放射至左肩、左臂等]]></desc></option><option><id>D</id><type>text</type><desc><![CDATA[发生心绞痛时，嘱病人休息或含服硝酸甘油]]></desc></option><option><id>E</id><type>text</type><desc><![CDATA[发生心肌梗死时，出现严重而持久的心绞痛，休息和含服硝酸甘油后缓解]]></desc></option></options><answers><![CDATA[E]]></answers></question><question><type>1</type><format>html</format><desc><![CDATA[22.冠心病病人的术前护理措施，<u><b>不包括</b></u>]]></desc><options><option><id>A</id><type>text</type><desc><![CDATA[适当的活动与休息，避免劳累]]></desc></option><option><id>B</id><type>text</type><desc><![CDATA[进食高维生素、多纤维素和低脂食物，防止便秘发生]]></desc></option><option><id>C</id><type>text</type><desc><![CDATA[术前1日停服抗凝剂、利尿剂、洋地黄、奎尼丁等药物]]></desc></option><option><id>D</id><type>text</type><desc><![CDATA[应用药物改善心功能，常规给予硝酸甘油、氯化钾等药物]]></desc></option><option><id>E</id><type>text</type><desc><![CDATA[指导病人深呼吸、有效咳嗽]]></desc></option></options><answers><![CDATA[C]]></answers></question></questions><questions><instructions><![CDATA[A2型题]]></instructions><question><type>1</type><format>text</format><desc><![CDATA[23.李某，男，20岁。左胸外伤后发生肋骨骨折入院，极度呼吸困难、发绀，左胸壁可见反常呼吸运动，首要的急救措施是]]></desc><options><option><id>A</id><type>text</type><desc><![CDATA[气管插管]]></desc></option><option><id>B</id><type>text</type><desc><![CDATA[止痛]]></desc></option><option><id>C</id><type>text</type><desc><![CDATA[胸壁加压包扎]]></desc></option><option><id>D</id><type>text</type><desc><![CDATA[开胸探查]]></desc></option><option><id>E</id><type>text</type><desc><![CDATA[应用抗生素]]></desc></option></options><answers><![CDATA[C]]></answers></question><question><type>1</type><format>text</format><desc><![CDATA[24.何某，男，40岁。胸部闭合性损伤导致左侧血气胸，经胸腔闭式引流后病情平稳，下列情况是拔管最好指标的是]]></desc><options><option><id>A</id><type>text</type><desc><![CDATA[胸腔闭式引流量连续两天少于50ml]]></desc></option><option><id>B</id><type>text</type><desc><![CDATA[胸腔闭式引流长管内水柱波动停止]]></desc></option><option><id>C</id><type>text</type><desc><![CDATA[胸腔闭式引流瓶内无气体溢出]]></desc></option><option><id>D</id><type>text</type><desc><![CDATA[胸腔闭式引流管内水柱波动小于1cm]]></desc></option><option><id>E</id><type>text</type><desc><![CDATA[水封瓶内无气体溢出，24小时引流量少于50ml，X线证实患侧肺完全膨胀]]></desc></option></options><answers><![CDATA[E]]></answers></question><question><type>1</type><format>text</format><desc><![CDATA[25.刘某，男，22岁。左胸部刀刺伤后1小时，主诉心前区闷胀疼痛，呼吸困难，烦躁不安，胸壁左侧第4肋间可见一长约2cm伤口，出血已止，听诊心搏微弱、心音遥远，可闻及心脏杂音。该病人可能发生了]]></desc><options><option><id>A</id><type>text</type><desc><![CDATA[休克]]></desc></option><option><id>B</id><type>text</type><desc><![CDATA[感染]]></desc></option><option><id>C</id><type>text</type><desc><![CDATA[心脏压塞]]></desc></option><option><id>D</id><type>text</type><desc><![CDATA[血胸]]></desc></option><option><id>E</id><type>text</type><desc><![CDATA[血气胸]]></desc></option></options><answers><![CDATA[C]]></answers></question><question><type>1</type><format>html</format><desc><![CDATA[26.胡某，男，58岁。吸烟30年，咳嗽少痰4个月，无发热，近半个月来出现声音嘶哑，X线检查提示左肺门病变，但未明确诊断，为了进一步确诊，应采取以下检查，<u><b>不正确</b></u>的是]]></desc><options><option><id>A</id><type>text</type><desc><![CDATA[痰细胞学检查]]></desc></option><option><id>B</id><type>text</type><desc><![CDATA[胸部CＴ]]></desc></option><option><id>C</id><type>text</type><desc><![CDATA[经胸壁穿刺活组织检查]]></desc></option><option><id>D</id><type>text</type><desc><![CDATA[胸部MRI]]></desc></option><option><id>E</id><type>text</type><desc><![CDATA[支气管镜检查]]></desc></option></options><answers><![CDATA[C]]></answers></question><question><type>1</type><format>text</format><desc><![CDATA[27.候某，男，60岁。肺叶切除术后行胸腔闭式引流，翻身时胸腔引流管不慎脱出，首要的护理措施是]]></desc><options><option><id>A</id><type>text</type><desc><![CDATA[立即插入引流管]]></desc></option><option><id>B</id><type>text</type><desc><![CDATA[呼叫医生]]></desc></option><option><id>C</id><type>text</type><desc><![CDATA[立即去取敷料，将伤口封闭]]></desc></option><option><id>D</id><type>text</type><desc><![CDATA[用手指捏紧引流管口处皮肤]]></desc></option><option><id>E</id><type>text</type><desc><![CDATA[协助医生重新留置引流管]]></desc></option></options><answers><![CDATA[D]]></answers></question><question><type>1</type><format>html</format><desc><![CDATA[28.欧某，男，61岁。入院诊断“中段食管癌”，拟行手术治疗，术前准备<u><b>不包括</b></u>]]></desc><options><option><id>A</id><type>text</type><desc><![CDATA[劝其严格戒烟]]></desc></option><option><id>B</id><type>text</type><desc><![CDATA[指导病人进行腹式深呼吸和有效咳嗽训练]]></desc></option><option><id>C</id><type>text</type><desc><![CDATA[保持口腔卫生]]></desc></option><option><id>D</id><type>text</type><desc><![CDATA[术前晚行清洁灌肠]]></desc></option><option><id>E</id><type>text</type><desc><![CDATA[术前3天每晚清洁灌肠]]></desc></option></options><answers><![CDATA[E]]></answers></question><question><type>1</type><format>html</format><desc><![CDATA[29.韦某，女，45岁。主诉活动后心悸、气短3年，入院诊断“风湿性心脏瓣膜病，二尖瓣狭窄”。拟行手术治疗，术前采取以下护理措施，<u><b>不正确</b></u>的是]]></desc><options><option><id>A</id><type>text</type><desc><![CDATA[注意休息，限制活动量]]></desc></option><option><id>B</id><type>text</type><desc><![CDATA[吸氧，改善缺氧情况]]></desc></option><option><id>C</id><type>text</type><desc><![CDATA[限制液体摄入]]></desc></option><option><id>D</id><type>text</type><desc><![CDATA[限制钠盐摄入]]></desc></option><option><id>E</id><type>text</type><desc><![CDATA[应用抗生素预防感染]]></desc></option></options><answers><![CDATA[E]]></answers></question><question><type>1</type><format>html</format><desc><![CDATA[30.王某，女，66岁。冠状动脉旁路移植术后第2天，护理措施<u><b>不正确</b></u>的是]]></desc><options><option><id>A</id><type>text</type><desc><![CDATA[密切监测生命体征，尤其是血压、心率、心律的变化]]></desc></option><option><id>B</id><type>text</type><desc><![CDATA[监测血氧饱和度和血气分析]]></desc></option><option><id>C</id><type>text</type><desc><![CDATA[观察外周血管充盈情况]]></desc></option><option><id>D</id><type>text</type><desc><![CDATA[口服华法林抗凝]]></desc></option><option><id>E</id><type>text</type><desc><![CDATA[观察术侧肢体足背动脉搏动情况]]></desc></option></options><answers><![CDATA[D]]></answers></question></questions></exam>