﻿<?xml version="1.0" encoding="UTF-8"?><exam><id>20180725111316</id><questions><instructions><![CDATA[A1型题]]></instructions><question><type>1</type><format>text</format><desc><![CDATA[1.恶性肿瘤的病理特点<u><b>不包括</b></u>]]></desc><options><option><id>A</id><type>text</type><desc><![CDATA[破坏所在器官]]></desc></option><option><id>B</id><type>text</type><desc><![CDATA[细胞分化成熟]]></desc></option><option><id>C</id><type>text</type><desc><![CDATA[生长较快]]></desc></option><option><id>D</id><type>text</type><desc><![CDATA[浸润性生长]]></desc></option><option><id>E</id><type>text</type><desc><![CDATA[常发生转移]]></desc></option></options><answers><![CDATA[B]]></answers></question><question><type>1</type><format>text</format><desc><![CDATA[2.肿瘤定性诊断的检查是]]></desc><options><option><id>A</id><type>text</type><desc><![CDATA[内镜检查]]></desc></option><option><id>B</id><type>text</type><desc><![CDATA[磁共振]]></desc></option><option><id>C</id><type>text</type><desc><![CDATA[B型超声]]></desc></option><option><id>D</id><type>text</type><desc><![CDATA[放射性同位素]]></desc></option><option><id>E</id><type>text</type><desc><![CDATA[病理检查]]></desc></option></options><answers><![CDATA[E]]></answers></question><question><type>1</type><format>text</format><desc><![CDATA[3.下列肿瘤对放射线敏感的是]]></desc><options><option><id>A</id><type>text</type><desc><![CDATA[交界性肿瘤]]></desc></option><option><id>B</id><type>text</type><desc><![CDATA[淋巴造血系统、生殖细胞肿瘤]]></desc></option><option><id>C</id><type>text</type><desc><![CDATA[软组织恶性肿瘤]]></desc></option><option><id>D</id><type>text</type><desc><![CDATA[神经内分泌瘤]]></desc></option><option><id>E</id><type>text</type><desc><![CDATA[恶性黑色素瘤]]></desc></option></options><answers><![CDATA[B]]></answers></question><question><type>1</type><format>text</format><desc><![CDATA[4.下列属于癌症三级预防的是]]></desc><options><option><id>A</id><type>text</type><desc><![CDATA[减少暴露于致癌物]]></desc></option><option><id>B</id><type>text</type><desc><![CDATA[消除暴露于致癌物]]></desc></option><option><id>C</id><type>text</type><desc><![CDATA[早期治疗癌前病变]]></desc></option><option><id>D</id><type>text</type><desc><![CDATA[早期治疗癌症]]></desc></option><option><id>E</id><type>text</type><desc><![CDATA[诊断和治疗后的康复]]></desc></option></options><answers><![CDATA[E]]></answers></question></questions><questions><instructions><![CDATA[A2型题]]></instructions><question><type>1</type><format>html</format><desc><![CDATA[5.韦某，男，68岁。因肝癌术后化疗，护士对李先生化疗时，下列措施<u><b>不正确</b></u>的是]]></desc><options><option><id>A</id><type>text</type><desc><![CDATA[药液必须新鲜配制]]></desc></option><option><id>B</id><type>text</type><desc><![CDATA[药液不可溢出静脉外]]></desc></option><option><id>C</id><type>text</type><desc><![CDATA[若出现药液外渗，应立即热敷]]></desc></option><option><id>D</id><type>text</type><desc><![CDATA[用后的注射器和空药瓶应单独处理]]></desc></option><option><id>E</id><type>text</type><desc><![CDATA[每周检查白细胞和血小板计数]]></desc></option></options><answers><![CDATA[C]]></answers></question><question><type>1</type><format>html</format><desc><![CDATA[6.王某，男，59岁。结肠癌术后化疗期间，白细胞降至3×10<sup>9</sup>/L，处理首先应]]></desc><options><option><id>A</id><type>text</type><desc><![CDATA[加强营养]]></desc></option><option><id>B</id><type>text</type><desc><![CDATA[减少用药量]]></desc></option><option><id>C</id><type>text</type><desc><![CDATA[少量输血]]></desc></option><option><id>D</id><type>text</type><desc><![CDATA[服生血药]]></desc></option><option><id>E</id><type>text</type><desc><![CDATA[暂停化疗]]></desc></option></options><answers><![CDATA[E]]></answers></question><question><type>1</type><format>text</format><desc><![CDATA[7.雷某，女，48岁。宫颈癌化疗期间，最主要的观察项目是]]></desc><options><option><id>A</id><type>text</type><desc><![CDATA[脱发程度]]></desc></option><option><id>B</id><type>text</type><desc><![CDATA[食欲缺乏]]></desc></option><option><id>C</id><type>text</type><desc><![CDATA[恶心呕吐]]></desc></option><option><id>D</id><type>text</type><desc><![CDATA[皮肤损害]]></desc></option><option><id>E</id><type>text</type><desc><![CDATA[血白细胞和血小板计数]]></desc></option></options><answers><![CDATA[E]]></answers></question><question><type>1</type><format>html</format><desc><![CDATA[8.刘某，男，51岁。胃癌术后化疗，李护士给其静脉注射5-氟尿嘧啶，20分钟后病人诉注射部位疼痛，检查发现局部肿胀，有药物渗出，应<u><b>禁忌</b></u>的处理措施是]]></desc><options><option><id>A</id><type>text</type><desc><![CDATA[立即停止给药]]></desc></option><option><id>B</id><type>text</type><desc><![CDATA[立即用注射器回抽局部组织渗出的药液]]></desc></option><option><id>C</id><type>text</type><desc><![CDATA[及早热敷]]></desc></option><option><id>D</id><type>text</type><desc><![CDATA[利多卡因皮下组织局部封闭]]></desc></option><option><id>E</id><type>text</type><desc><![CDATA[生理盐水局部注射]]></desc></option></options><answers><![CDATA[C]]></answers></question><question><type>1</type><format>html</format><desc><![CDATA[9.万某，男，46岁。鼻咽癌放疗后局部皮肤出现红斑、灼痛，<u><b>错误</b></u>的护理措施是]]></desc><options><option><id>A</id><type>text</type><desc><![CDATA[保持清洁干燥]]></desc></option><option><id>B</id><type>text</type><desc><![CDATA[避免内衣摩擦]]></desc></option><option><id>C</id><type>text</type><desc><![CDATA[不宜日光直射]]></desc></option><option><id>D</id><type>text</type><desc><![CDATA[禁止热敷]]></desc></option><option><id>E</id><type>text</type><desc><![CDATA[局部上涂碘酊]]></desc></option></options><answers><![CDATA[E]]></answers></question><question><type>1</type><format>text</format><desc><![CDATA[10.谢某，女，40岁。侵蚀性葡萄胎，给予氟尿嘧啶和放线菌素D联合化疗8天。可能出现的最严重不良反应是]]></desc><options><option><id>A</id><type>text</type><desc><![CDATA[恶心、呕吐]]></desc></option><option><id>B</id><type>text</type><desc><![CDATA[复发]]></desc></option><option><id>C</id><type>text</type><desc><![CDATA[骨髓抑制]]></desc></option><option><id>D</id><type>text</type><desc><![CDATA[出血性膀胱炎]]></desc></option><option><id>E</id><type>text</type><desc><![CDATA[口腔溃疡]]></desc></option></options><answers><![CDATA[C]]></answers></question><question><type>1</type><format>html</format><desc><![CDATA[11.朱某，男，51岁。食管癌放疗期间，放疗区域皮肤的护理，<u><b>不正确</b></u>的是]]></desc><options><option><id>A</id><type>text</type><desc><![CDATA[保持清洁干燥]]></desc></option><option><id>B</id><type>text</type><desc><![CDATA[每日用肥皂水清洗]]></desc></option><option><id>C</id><type>text</type><desc><![CDATA[避免摩擦]]></desc></option><option><id>D</id><type>text</type><desc><![CDATA[避免日光照射]]></desc></option><option><id>E</id><type>text</type><desc><![CDATA[不可热敷]]></desc></option></options><answers><![CDATA[B]]></answers></question><question><type>1</type><format>html</format><desc><![CDATA[12.赖某，男，60岁。结肠癌术后化疗，下列措施<u><b>不恰当</b></u>的是]]></desc><options><option><id>A</id><type>text</type><desc><![CDATA[使用抗癌药前应了解病人血象，肝肾功能]]></desc></option><option><id>B</id><type>text</type><desc><![CDATA[抗癌药配制药时应核对无误，注意有效期]]></desc></option><option><id>C</id><type>text</type><desc><![CDATA[给药途径为静脉滴注]]></desc></option><option><id>D</id><type>text</type><desc><![CDATA[配制的药液必须在短时间内应用，不可久置]]></desc></option><option><id>E</id><type>text</type><desc><![CDATA[若静脉给药，可使用头皮钢针]]></desc></option></options><answers><![CDATA[E]]></answers></question><question><type>1</type><format>text</format><desc><![CDATA[13.周某，男，42岁。体检发现肝部肿块，确诊为肝癌而出现烦躁、不满，迁怒于家属和医务人员，该病人的心理反应为]]></desc><options><option><id>A</id><type>text</type><desc><![CDATA[震惊否认期]]></desc></option><option><id>B</id><type>text</type><desc><![CDATA[愤怒期]]></desc></option><option><id>C</id><type>text</type><desc><![CDATA[磋商期]]></desc></option><option><id>D</id><type>text</type><desc><![CDATA[抑郁期]]></desc></option><option><id>E</id><type>text</type><desc><![CDATA[接受期]]></desc></option></options><answers><![CDATA[B]]></answers></question><question><type>1</type><format>html</format><desc><![CDATA[14.伍某，男，59岁。食管癌行化疗，查白细胞2.95×10<sup>9</sup>/L，食欲缺乏，消瘦，<u><b>错误</b></u>的护理措施是]]></desc><options><option><id>A</id><type>text</type><desc><![CDATA[暂停放疗]]></desc></option><option><id>B</id><type>text</type><desc><![CDATA[给予生血药]]></desc></option><option><id>C</id><type>text</type><desc><![CDATA[遵医嘱输入新鲜血液]]></desc></option><option><id>D</id><type>text</type><desc><![CDATA[为安慰病人劝其患上呼吸道感染的妻子前来探视]]></desc></option><option><id>E</id><type>text</type><desc><![CDATA[遵医嘱使用抗生素]]></desc></option></options><answers><![CDATA[D]]></answers></question><question><type>1</type><format>text</format><desc><![CDATA[15.王某，女，胃癌术后化疗，病人恶心、呕吐、消瘦、纳差，血红蛋白98.0g/L，血清总蛋白53g/L，护理诊断是]]></desc><options><option><id>A</id><type>text</type><desc><![CDATA[呕吐]]></desc></option><option><id>B</id><type>text</type><desc><![CDATA[恶心]]></desc></option><option><id>C</id><type>text</type><desc><![CDATA[低蛋白血症]]></desc></option><option><id>D</id><type>text</type><desc><![CDATA[食欲缺乏]]></desc></option><option><id>E</id><type>text</type><desc><![CDATA[营养失调]]></desc></option></options><answers><![CDATA[E]]></answers></question><question><type>1</type><format>text</format><desc><![CDATA[16.胡某，男，50岁。直肠癌病人，发现血尿，经检查诊断为肿瘤转移，该种转移属于]]></desc><options><option><id>A</id><type>text</type><desc><![CDATA[血道转移]]></desc></option><option><id>B</id><type>text</type><desc><![CDATA[淋巴道转移]]></desc></option><option><id>C</id><type>text</type><desc><![CDATA[直接浸润]]></desc></option><option><id>D</id><type>text</type><desc><![CDATA[种植性转移]]></desc></option><option><id>E</id><type>text</type><desc><![CDATA[多种渠道转移]]></desc></option></options><answers><![CDATA[C]]></answers></question><question><type>1</type><format>text</format><desc><![CDATA[17.张某，男，50岁。食管癌术后行化疗期间出现恶心、呕吐并伴腹痛、腹泻，张先生因此拒绝继续化疗。责任护士采取了诸多措施，但<u><b>不包括</b></u>]]></desc><options><option><id>A</id><type>text</type><desc><![CDATA[立即停药]]></desc></option><option><id>B</id><type>text</type><desc><![CDATA[告知病人坚持化疗的重要性]]></desc></option><option><id>C</id><type>text</type><desc><![CDATA[加强营养支持]]></desc></option><option><id>D</id><type>text</type><desc><![CDATA[改成晚间给药，降低反应]]></desc></option><option><id>E</id><type>text</type><desc><![CDATA[观察腹痛、腹泻情况，对症处理]]></desc></option></options><answers><![CDATA[A]]></answers></question></questions></exam>