﻿<?xml version="1.0" encoding="UTF-8"?><exam><id>20180725135832</id><questions><instructions><![CDATA[A1型题]]></instructions><question><type>1</type><format>text</format><desc><![CDATA[1.化脓性阑尾炎疼痛特点]]></desc><options><option><id>A</id><type>text</type><desc><![CDATA[轻度隐痛]]></desc></option><option><id>B</id><type>text</type><desc><![CDATA[阵发性胀痛和剧痛]]></desc></option><option><id>C</id><type>text</type><desc><![CDATA[持续性剧烈腹痛]]></desc></option><option><id>D</id><type>text</type><desc><![CDATA[疼痛暂时减轻，后又加重]]></desc></option><option><id>E</id><type>text</type><desc><![CDATA[疼痛减轻]]></desc></option></options><answers><![CDATA[B]]></answers></question><question><type>1</type><format>text</format><desc><![CDATA[2.急性阑尾炎穿孔合并弥漫性腹膜炎时的饮食要求应是]]></desc><options><option><id>A</id><type>text</type><desc><![CDATA[普食]]></desc></option><option><id>B</id><type>text</type><desc><![CDATA[半流质饮食]]></desc></option><option><id>C</id><type>text</type><desc><![CDATA[流质饮食]]></desc></option><option><id>D</id><type>text</type><desc><![CDATA[治疗饮食]]></desc></option><option><id>E</id><type>text</type><desc><![CDATA[ 禁食]]></desc></option></options><answers><![CDATA[E]]></answers></question><question><type>1</type><format>html</format><desc><![CDATA[3.下列<u><b>不是</b></u>老年人急性阑尾炎的临床特点的是]]></desc><options><option><id>A</id><type>text</type><desc><![CDATA[腹痛明显]]></desc></option><option><id>B</id><type>text</type><desc><![CDATA[体征不典型]]></desc></option><option><id>C</id><type>text</type><desc><![CDATA[穿孔率较高]]></desc></option><option><id>D</id><type>text</type><desc><![CDATA[常伴发心血管病、糖尿病等，使病情更趋复杂、严重]]></desc></option><option><id>E</id><type>text</type><desc><![CDATA[临床表现和病理变化不一致]]></desc></option></options><answers><![CDATA[A]]></answers></question><question><type>1</type><format>html</format><desc><![CDATA[4.有关阑尾炎的描述<u><b>不正确</b></u>的是]]></desc><options><option><id>A</id><type>text</type><desc><![CDATA[术后24小时可鼓励下床活动]]></desc></option><option><id>B</id><type>text</type><desc><![CDATA[小儿及老年人阑尾炎病情较轻，抵抗力较弱，应尽量非手术治疗]]></desc></option><option><id>C</id><type>text</type><desc><![CDATA[典型症状是转移性右下腹痛]]></desc></option><option><id>D</id><type>text</type><desc><![CDATA[最重要的体征是右下腹局限性压痛]]></desc></option><option><id>E</id><type>text</type><desc><![CDATA[术后血压平稳即可取半卧位]]></desc></option></options><answers><![CDATA[B]]></answers></question><question><type>1</type><format>text</format><desc><![CDATA[5.典型的急性阑尾炎腹痛开始部位是]]></desc><options><option><id>A</id><type>text</type><desc><![CDATA[右下腹]]></desc></option><option><id>B</id><type>text</type><desc><![CDATA[左下腹]]></desc></option><option><id>C</id><type>text</type><desc><![CDATA[上腹部及脐周]]></desc></option><option><id>D</id><type>text</type><desc><![CDATA[右上腹]]></desc></option><option><id>E</id><type>text</type><desc><![CDATA[右腰部]]></desc></option></options><answers><![CDATA[C]]></answers></question><question><type>1</type><format>text</format><desc><![CDATA[6.弥漫性腹膜炎易导致]]></desc><options><option><id>A</id><type>text</type><desc><![CDATA[绞窄性肠梗阻]]></desc></option><option><id>B</id><type>text</type><desc><![CDATA[机械性肠梗阻]]></desc></option><option><id>C</id><type>text</type><desc><![CDATA[单纯性肠梗阻]]></desc></option><option><id>D</id><type>text</type><desc><![CDATA[麻痹性肠梗阻]]></desc></option><option><id>E</id><type>text</type><desc><![CDATA[痉挛性肠梗阻]]></desc></option></options><answers><![CDATA[D]]></answers></question><question><type>1</type><format>text</format><desc><![CDATA[7.最易引起绞窄的肠梗阻是]]></desc><options><option><id>A</id><type>text</type><desc><![CDATA[粘连性肠梗阻]]></desc></option><option><id>B</id><type>text</type><desc><![CDATA[蛔虫性肠梗阻]]></desc></option><option><id>C</id><type>text</type><desc><![CDATA[肠扭转]]></desc></option><option><id>D</id><type>text</type><desc><![CDATA[麻痹性肠梗阻]]></desc></option><option><id>E</id><type>text</type><desc><![CDATA[肠套叠]]></desc></option></options><answers><![CDATA[C]]></answers></question><question><type>1</type><format>text</format><desc><![CDATA[8.多见于小儿的肠梗阻为]]></desc><options><option><id>A</id><type>text</type><desc><![CDATA[肠粘连]]></desc></option><option><id>B</id><type>text</type><desc><![CDATA[肠道闭锁]]></desc></option><option><id>C</id><type>text</type><desc><![CDATA[肠道肿瘤]]></desc></option><option><id>D</id><type>text</type><desc><![CDATA[肠扭转]]></desc></option><option><id>E</id><type>text</type><desc><![CDATA[肠套叠]]></desc></option></options><answers><![CDATA[E]]></answers></question><question><type>1</type><format>text</format><desc><![CDATA[9.肠梗阻非手术治疗最重要的护理措施是]]></desc><options><option><id>A</id><type>text</type><desc><![CDATA[密切观察病情]]></desc></option><option><id>B</id><type>text</type><desc><![CDATA[应用解痉药]]></desc></option><option><id>C</id><type>text</type><desc><![CDATA[保持有效的胃肠减压]]></desc></option><option><id>D</id><type>text</type><desc><![CDATA[纠正电解质紊乱]]></desc></option><option><id>E</id><type>text</type><desc><![CDATA[详细记录出入液量]]></desc></option></options><answers><![CDATA[C]]></answers></question><question><type>1</type><format>html</format><desc><![CDATA[10.关于肠梗阻下列<u><b>不正确</b></u>的是]]></desc><options><option><id>A</id><type>text</type><desc><![CDATA[绞窄性肠梗阻必然是完全性肠梗阻]]></desc></option><option><id>B</id><type>text</type><desc><![CDATA[不完全性肠梗阻多为单纯性肠梗阻]]></desc></option><option><id>C</id><type>text</type><desc><![CDATA[梗阻段有血运障碍即为绞窄性肠梗阻]]></desc></option><option><id>D</id><type>text</type><desc><![CDATA[回肠梗阻属于高位梗阻]]></desc></option><option><id>E</id><type>text</type><desc><![CDATA[先天性肠梗阻属于机械性肠梗阻]]></desc></option></options><answers><![CDATA[D]]></answers></question><question><type>1</type><format>html</format><desc><![CDATA[11.单纯性粘连性肠梗阻的临床表现<u><b>不可能</b></u>有]]></desc><options><option><id>A</id><type>text</type><desc><![CDATA[阵发性腹痛]]></desc></option><option><id>B</id><type>text</type><desc><![CDATA[咖啡色呕吐物]]></desc></option><option><id>C</id><type>text</type><desc><![CDATA[频繁的呕吐]]></desc></option><option><id>D</id><type>text</type><desc><![CDATA[肠鸣音亢进]]></desc></option><option><id>E</id><type>text</type><desc><![CDATA[肠鸣音呈金属音]]></desc></option></options><answers><![CDATA[B]]></answers></question><question><type>1</type><format>text</format><desc><![CDATA[12.直肠癌术前护理最重要的是]]></desc><options><option><id>A</id><type>text</type><desc><![CDATA[充分的肠道准备]]></desc></option><option><id>B</id><type>text</type><desc><![CDATA[术日晨放置尿管及胃管]]></desc></option><option><id>C</id><type>text</type><desc><![CDATA[输血以纠正贫血]]></desc></option><option><id>D</id><type>text</type><desc><![CDATA[高热量、高蛋白饮食]]></desc></option><option><id>E</id><type>text</type><desc><![CDATA[备皮]]></desc></option></options><answers><![CDATA[A]]></answers></question><question><type>1</type><format>text</format><desc><![CDATA[13.大肠癌最好发的部位是]]></desc><options><option><id>A</id><type>text</type><desc><![CDATA[盲肠]]></desc></option><option><id>B</id><type>text</type><desc><![CDATA[升结肠]]></desc></option><option><id>C</id><type>text</type><desc><![CDATA[横结肠]]></desc></option><option><id>D</id><type>text</type><desc><![CDATA[乙状结肠]]></desc></option><option><id>E</id><type>text</type><desc><![CDATA[直肠]]></desc></option></options><answers><![CDATA[E]]></answers></question></questions><questions><instructions><![CDATA[A2型题]]></instructions><question><type>1</type><format>text</format><desc><![CDATA[14.黄某，女，18岁。急性坏疽性阑尾炎术后，患者出现尿频、尿急、大便次数增多、里急后重、发热，提示]]></desc><options><option><id>A</id><type>text</type><desc><![CDATA[细菌性痢疾]]></desc></option><option><id>B</id><type>text</type><desc><![CDATA[急性肾盂肾炎]]></desc></option><option><id>C</id><type>text</type><desc><![CDATA[过敏性肠炎]]></desc></option><option><id>D</id><type>text</type><desc><![CDATA[膈下脓肿]]></desc></option><option><id>E</id><type>text</type><desc><![CDATA[盆腔脓肿]]></desc></option></options><answers><![CDATA[E]]></answers></question><question><type>1</type><format>html</format><desc><![CDATA[15.李某，男，50岁。因急性阑尾炎行阑尾切除术。术后8小时诉头晕、眼前发黑，检查见面色苍白，P 110次/分，BP 70/50mmHg。下列护理措施<u><b>不妥</b></u>的是]]></desc><options><option><id>A</id><type>text</type><desc><![CDATA[加快静脉输液]]></desc></option><option><id>B</id><type>text</type><desc><![CDATA[紧急报告医生]]></desc></option><option><id>C</id><type>text</type><desc><![CDATA[急配血]]></desc></option><option><id>D</id><type>text</type><desc><![CDATA[安置半卧位]]></desc></option><option><id>E</id><type>text</type><desc><![CDATA[进行术前准备]]></desc></option></options><answers><![CDATA[D]]></answers></question><question><type>1</type><format>text</format><desc><![CDATA[16.陈某，男，37岁。肠梗阻2日，阵发性腹痛，频繁呕吐。体检：唇干，眼窝凹陷，皮肤弹性差，腹略胀，肠鸣音亢进。该病人目前首选的护理诊断是]]></desc><options><option><id>A</id><type>text</type><desc><![CDATA[知识缺乏]]></desc></option><option><id>B</id><type>text</type><desc><![CDATA[急性疼痛]]></desc></option><option><id>C</id><type>text</type><desc><![CDATA[焦虑]]></desc></option><option><id>D</id><type>text</type><desc><![CDATA[体液不足]]></desc></option><option><id>E</id><type>text</type><desc><![CDATA[有感染的危险]]></desc></option></options><answers><![CDATA[D]]></answers></question><question><type>1</type><format>text</format><desc><![CDATA[17.何某，男，79岁。近1周来未曾排便，感腹胀，轻度腹痛，自用开塞露无效，来院就诊。以往有便秘史约25年。查体见腹部膨隆，有肠型和蠕动波，全腹无明显压痛，左下腹可扪及条状物，质硬，可推动，无移动性浊音，肠鸣音亢进。最可能的诊断是]]></desc><options><option><id>A</id><type>text</type><desc><![CDATA[乙状结肠扭转]]></desc></option><option><id>B</id><type>text</type><desc><![CDATA[肠蛔虫堵塞]]></desc></option><option><id>C</id><type>text</type><desc><![CDATA[肠粪块堵塞]]></desc></option><option><id>D</id><type>text</type><desc><![CDATA[乙状结肠癌]]></desc></option><option><id>E</id><type>text</type><desc><![CDATA[肠套叠]]></desc></option></options><answers><![CDATA[C]]></answers></question><question><type>1</type><format>html</format><desc><![CDATA[18.王某，女，50岁。直肠癌拟行Miles手术，咨询肠造口的管理，下列解释<u><b>错误的是</b></u>]]></desc><options><option><id>A</id><type>text</type><desc><![CDATA[造口周围皮肤涂氧化锌软膏]]></desc></option><option><id>B</id><type>text</type><desc><![CDATA[造口开放后取右侧卧位]]></desc></option><option><id>C</id><type>text</type><desc><![CDATA[造口袋内有1/3排泄物时，应更换]]></desc></option><option><id>D</id><type>text</type><desc><![CDATA[粪便成形后可不用造口袋]]></desc></option><option><id>E</id><type>text</type><desc><![CDATA[排便规律后可不用造口袋]]></desc></option></options><answers><![CDATA[B]]></answers></question><question><type>1</type><format>text</format><desc><![CDATA[19.韦某，男，58岁。腹胀、肛门停止排气排便2日，3年前曾因胃溃疡行胃大部切除术。查体：腹部叩诊鼓音，肠鸣音12次/分，有气过水声，为明确诊断，首选的检查方法是]]></desc><options><option><id>A</id><type>text</type><desc><![CDATA[腹部X线片]]></desc></option><option><id>B</id><type>text</type><desc><![CDATA[腹部CT检查]]></desc></option><option><id>C</id><type>text</type><desc><![CDATA[纤维胃镜检查]]></desc></option><option><id>D</id><type>text</type><desc><![CDATA[诊断性腹腔穿刺]]></desc></option><option><id>E</id><type>text</type><desc><![CDATA[腹部B超]]></desc></option></options><answers><![CDATA[A]]></answers></question><question><type>1</type><format>text</format><desc><![CDATA[20.李某，男，45岁。近3个月来排便次数增多，每日3～4次，黏液脓血便，有里急后重感，首选的有助于确诊的检查方法是]]></desc><options><option><id>A</id><type>text</type><desc><![CDATA[X线钡剂灌肠]]></desc></option><option><id>B</id><type>text</type><desc><![CDATA[B超]]></desc></option><option><id>C</id><type>text</type><desc><![CDATA[直肠指检]]></desc></option><option><id>D</id><type>text</type><desc><![CDATA[直肠镜]]></desc></option><option><id>E</id><type>text</type><desc><![CDATA[血清癌胚抗原]]></desc></option></options><answers><![CDATA[D]]></answers></question></questions></exam>