﻿<?xml version="1.0" encoding="UTF-8"?><exam><id>20180725111805</id><questions><instructions><![CDATA[A1型题]]></instructions><question><type>1</type><format>text</format><desc><![CDATA[1.甲状腺癌中预后较好的是]]></desc><options><option><id>A</id><type>text</type><desc><![CDATA[甲状腺腺瘤恶变]]></desc></option><option><id>B</id><type>text</type><desc><![CDATA[乳头状癌]]></desc></option><option><id>C</id><type>text</type><desc><![CDATA[滤泡状腺癌]]></desc></option><option><id>D</id><type>text</type><desc><![CDATA[未分化癌]]></desc></option><option><id>E</id><type>text</type><desc><![CDATA[髓样癌]]></desc></option></options><answers><![CDATA[B]]></answers></question><question><type>1</type><format>html</format><desc><![CDATA[2.下列<u><b>不是</b></u>甲亢的临床表现的是]]></desc><options><option><id>A</id><type>text</type><desc><![CDATA[失眠]]></desc></option><option><id>B</id><type>text</type><desc><![CDATA[脉压大]]></desc></option><option><id>C</id><type>text</type><desc><![CDATA[食欲亢进]]></desc></option><option><id>D</id><type>text</type><desc><![CDATA[多汗]]></desc></option><option><id>E</id><type>text</type><desc><![CDATA[体重增加]]></desc></option></options><answers><![CDATA[E]]></answers></question><question><type>1</type><format>text</format><desc><![CDATA[3.不准备手术的甲亢病人不宜服用碘剂，主要是因为]]></desc><options><option><id>A</id><type>text</type><desc><![CDATA[一旦停服，甲亢症状重现，甚至更严重]]></desc></option><option><id>B</id><type>text</type><desc><![CDATA[碘剂对减轻甲亢症状的疗效不显著]]></desc></option><option><id>C</id><type>text</type><desc><![CDATA[碘剂不能降低甲亢病人的基础代谢率]]></desc></option><option><id>D</id><type>text</type><desc><![CDATA[碘剂效果不如普萘洛尔]]></desc></option><option><id>E</id><type>text</type><desc><![CDATA[病人一般不能耐受碘剂治疗]]></desc></option></options><answers><![CDATA[A]]></answers></question></questions><questions><instructions><![CDATA[A2型题]]></instructions><question><type>1</type><format>text</format><desc><![CDATA[4.蓝某，女性，16岁。因发现颈部逐渐增粗3年，诊断为单纯性甲状腺肿。引起这一疾病最主要的因素是]]></desc><options><option><id>A</id><type>text</type><desc><![CDATA[遗传]]></desc></option><option><id>B</id><type>text</type><desc><![CDATA[自身免疫]]></desc></option><option><id>C</id><type>text</type><desc><![CDATA[蛋白质缺乏]]></desc></option><option><id>D</id><type>text</type><desc><![CDATA[碘缺乏]]></desc></option><option><id>E</id><type>text</type><desc><![CDATA[消化不良]]></desc></option></options><answers><![CDATA[D]]></answers></question><question><type>1</type><format>text</format><desc><![CDATA[5.肖某，女，26岁。清晨起床前空腹测得脉率100次/分，血压120/75mmHg，该病人基础代谢率属于]]></desc><options><option><id>A</id><type>text</type><desc><![CDATA[正常范围]]></desc></option><option><id>B</id><type>text</type><desc><![CDATA[轻度甲亢]]></desc></option><option><id>C</id><type>text</type><desc><![CDATA[中度甲亢]]></desc></option><option><id>D</id><type>text</type><desc><![CDATA[重度甲亢]]></desc></option><option><id>E</id><type>text</type><desc><![CDATA[特重度甲亢]]></desc></option></options><answers><![CDATA[C]]></answers></question><question><type>1</type><format>text</format><desc><![CDATA[6.蔡某，女，17岁。因双侧甲状腺肿大住院。甲状腺扫描可见弥漫性甲状腺肿，均匀分布。临床诊断为单纯性甲状腺肿，支持这一诊断的实验室检查结果是]]></desc><options><option><id>A</id><type>text</type><desc><![CDATA[T3<sub3></sub>、T4<sub4></sub>升高，TSH降低]]></desc></option><option><id>B</id><type>text</type><desc><![CDATA[T3<sub3></sub>、T4<sub4></sub>降低，TSH升高]]></desc></option><option><id>C</id><type>text</type><desc><![CDATA[T3<sub3></sub>、T4<sub4></sub>升高，TSH正常]]></desc></option><option><id>D</id><type>text</type><desc><![CDATA[T3<sub3></sub>、T4<sub4></sub>降低，TSH正常]]></desc></option><option><id>E</id><type>text</type><desc><![CDATA[T3<sub3></sub>、T4<sub4></sub>正常，TSH正常]]></desc></option></options><answers><![CDATA[E]]></answers></question><question><type>1</type><format>text</format><desc><![CDATA[7.欧某，女，34岁。诊断为甲状腺功能亢进，该病人最常见的情绪改变可能是]]></desc><options><option><id>A</id><type>text</type><desc><![CDATA[神经过敏]]></desc></option><option><id>B</id><type>text</type><desc><![CDATA[抑郁]]></desc></option><option><id>C</id><type>text</type><desc><![CDATA[激动易怒]]></desc></option><option><id>D</id><type>text</type><desc><![CDATA[悲伤]]></desc></option><option><id>E</id><type>text</type><desc><![CDATA[注意力不集中]]></desc></option></options><answers><![CDATA[C]]></answers></question><question><type>1</type><format>html</format><desc><![CDATA[8.华某，女，35岁。因甲亢接受放射性<sup>131</sup>I治疗。护士给其进行健康教育时，嘱其治疗后应定期复查，以便及早发现]]></desc><options><option><id>A</id><type>text</type><desc><![CDATA[甲状腺癌变]]></desc></option><option><id>B</id><type>text</type><desc><![CDATA[诱发甲状腺危象]]></desc></option><option><id>C</id><type>text</type><desc><![CDATA[粒细胞减少]]></desc></option><option><id>D</id><type>text</type><desc><![CDATA[突眼恶化]]></desc></option><option><id>E</id><type>text</type><desc><![CDATA[永久性甲状腺功能减退]]></desc></option></options><answers><![CDATA[E]]></answers></question><question><type>1</type><format>text</format><desc><![CDATA[9.何某，男，48岁。双侧甲状腺肿大2年，急躁易怒，怕热多汗，食欲亢进，体重减轻10kg，突眼。对其心理疏导的措施<u><b>不包括</b></u>]]></desc><options><option><id>A</id><type>text</type><desc><![CDATA[理解病人，态度温和与其沟通]]></desc></option><option><id>B</id><type>text</type><desc><![CDATA[对病人关心的问题予以耐心解释]]></desc></option><option><id>C</id><type>text</type><desc><![CDATA[适当的外表修饰可增加自信]]></desc></option><option><id>D</id><type>text</type><desc><![CDATA[指导病人多运动]]></desc></option><option><id>E</id><type>text</type><desc><![CDATA[鼓励病人家属给予病人关爱和理解]]></desc></option></options><answers><![CDATA[D]]></answers></question><question><type>1</type><format>text</format><desc><![CDATA[10.廖某，女，40岁。患原发性甲亢，明显突眼。对其眼部护理<u><b>不包括</b></u>]]></desc><options><option><id>A</id><type>text</type><desc><![CDATA[佩带有色眼镜]]></desc></option><option><id>B</id><type>text</type><desc><![CDATA[睡前涂抗生素眼药膏]]></desc></option><option><id>C</id><type>text</type><desc><![CDATA[睡觉或休息时，抬高头部]]></desc></option><option><id>D</id><type>text</type><desc><![CDATA[多食碘盐]]></desc></option><option><id>E</id><type>text</type><desc><![CDATA[加盖眼罩防止角膜损伤]]></desc></option></options><answers><![CDATA[D]]></answers></question><question><type>1</type><format>text</format><desc><![CDATA[11.林某，女，28岁。患甲亢拟行甲状腺大部切除术，术前给予碘剂口服，对碘剂作用的正确解释是]]></desc><options><option><id>A</id><type>text</type><desc><![CDATA[防止缺碘]]></desc></option><option><id>B</id><type>text</type><desc><![CDATA[抑制甲状腺素分泌]]></desc></option><option><id>C</id><type>text</type><desc><![CDATA[抑制甲状腺素合成]]></desc></option><option><id>D</id><type>text</type><desc><![CDATA[增加甲状腺球蛋白的分解]]></desc></option><option><id>E</id><type>text</type><desc><![CDATA[减轻病人紧张情绪]]></desc></option></options><answers><![CDATA[B]]></answers></question><question><type>1</type><format>html</format><desc><![CDATA[12.林某，女，28岁。患甲亢拟行甲状腺大部切除术，术前给予碘剂口服，口服碘剂时间最长<u><b>不宜</b></u>超过]]></desc><options><option><id>A</id><type>text</type><desc><![CDATA[2周]]></desc></option><option><id>B</id><type>text</type><desc><![CDATA[3周]]></desc></option><option><id>C</id><type>text</type><desc><![CDATA[4周]]></desc></option><option><id>D</id><type>text</type><desc><![CDATA[1周]]></desc></option><option><id>E</id><type>text</type><desc><![CDATA[5周]]></desc></option></options><answers><![CDATA[A]]></answers></question><question><type>1</type><format>text</format><desc><![CDATA[13.苏某，女，30岁。患甲亢半年，应限制的饮食是]]></desc><options><option><id>A</id><type>text</type><desc><![CDATA[高热量]]></desc></option><option><id>B</id><type>text</type><desc><![CDATA[高蛋白]]></desc></option><option><id>C</id><type>text</type><desc><![CDATA[高维生素]]></desc></option><option><id>D</id><type>text</type><desc><![CDATA[高碘饮食]]></desc></option><option><id>E</id><type>text</type><desc><![CDATA[富含钾和钙]]></desc></option></options><answers><![CDATA[D]]></answers></question><question><type>1</type><format>text</format><desc><![CDATA[14.邓某，女，36岁。因甲亢行甲状腺大部切除术后12小时，护士发现其呼吸困难，缺氧，发绀。出现这一状况的常见原因<u><b>不包括</b></u>]]></desc><options><option><id>A</id><type>text</type><desc><![CDATA[喉头水肿]]></desc></option><option><id>B</id><type>text</type><desc><![CDATA[术口出血]]></desc></option><option><id>C</id><type>text</type><desc><![CDATA[气管塌陷]]></desc></option><option><id>D</id><type>text</type><desc><![CDATA[痰液堵塞]]></desc></option><option><id>E</id><type>text</type><desc><![CDATA[双侧喉上神经损伤]]></desc></option></options><answers><![CDATA[E]]></answers></question><question><type>1</type><format>text</format><desc><![CDATA[15.马某，女，32岁。甲亢行甲状腺大部切除术后6小时，护士发现其呼吸困难，颈部肿胀，血压80/60mmHg，紧急处理措施是]]></desc><options><option><id>A</id><type>text</type><desc><![CDATA[注射止血剂]]></desc></option><option><id>B</id><type>text</type><desc><![CDATA[立即吸氧]]></desc></option><option><id>C</id><type>text</type><desc><![CDATA[床边拆除缝线，去除血块]]></desc></option><option><id>D</id><type>text</type><desc><![CDATA[立即气管插管]]></desc></option><option><id>E</id><type>text</type><desc><![CDATA[加压包扎]]></desc></option></options><answers><![CDATA[C]]></answers></question><question><type>1</type><format>text</format><desc><![CDATA[16.姚某，男，36岁。甲状腺大部切除术后第2天出现饮水呛咳，可能的原因是]]></desc><options><option><id>A</id><type>text</type><desc><![CDATA[气管塌陷]]></desc></option><option><id>B</id><type>text</type><desc><![CDATA[伤口内出血]]></desc></option><option><id>C</id><type>text</type><desc><![CDATA[单侧喉返神经损伤]]></desc></option><option><id>D</id><type>text</type><desc><![CDATA[喉上神经内支损伤]]></desc></option><option><id>E</id><type>text</type><desc><![CDATA[喉上神经外支损伤]]></desc></option></options><answers><![CDATA[D]]></answers></question><question><type>1</type><format>text</format><desc><![CDATA[17.陈某，女，30岁。因结节性甲状腺肿并发甲亢行双侧甲状腺大部切除术，第2天清晨，病人突然发生手足麻木，持续性痉挛，且呼吸困难。其处理应立即]]></desc><options><option><id>A</id><type>text</type><desc><![CDATA[肌内注射地西泮10mg]]></desc></option><option><id>B</id><type>text</type><desc><![CDATA[气管切开]]></desc></option><option><id>C</id><type>text</type><desc><![CDATA[吸氧]]></desc></option><option><id>D</id><type>text</type><desc><![CDATA[床边拆除缝线，敞开切口]]></desc></option><option><id>E</id><type>text</type><desc><![CDATA[静脉注射10﹪葡萄糖酸钙20ml]]></desc></option></options><answers><![CDATA[E]]></answers></question><question><type>1</type><format>text</format><desc><![CDATA[18.胡某，女，33岁。因甲亢行甲状腺大部切除，术后18小时发生甲状腺危象，发生这一并发症的原因主要是]]></desc><options><option><id>A</id><type>text</type><desc><![CDATA[切除腺体过多]]></desc></option><option><id>B</id><type>text</type><desc><![CDATA[切除腺体太少]]></desc></option><option><id>C</id><type>text</type><desc><![CDATA[术前准备未达到要求]]></desc></option><option><id>D</id><type>text</type><desc><![CDATA[切除了甲状旁腺]]></desc></option><option><id>E</id><type>text</type><desc><![CDATA[术中病人过度紧张]]></desc></option></options><answers><![CDATA[C]]></answers></question><question><type>1</type><format>text</format><desc><![CDATA[19.曾某，女，29岁。因甲亢行甲状腺大部分切除术。术后第1天出现声音轻微嘶哑，表现焦虑。此时正确的健康教育是告知病人]]></desc><options><option><id>A</id><type>text</type><desc><![CDATA[轻微嘶哑是暂时的]]></desc></option><option><id>B</id><type>text</type><desc><![CDATA[及早练习发音]]></desc></option><option><id>C</id><type>text</type><desc><![CDATA[局部热敷]]></desc></option><option><id>D</id><type>text</type><desc><![CDATA[平卧位]]></desc></option><option><id>E</id><type>text</type><desc><![CDATA[减少饮水量]]></desc></option></options><answers><![CDATA[A]]></answers></question><question><type>1</type><format>text</format><desc><![CDATA[20.林某，女，30岁。甲状腺弥漫性肿大出现霍纳（Horner）综合征，是由于肿大的甲状腺压迫了]]></desc><options><option><id>A</id><type>text</type><desc><![CDATA[食管]]></desc></option><option><id>B</id><type>text</type><desc><![CDATA[气管]]></desc></option><option><id>C</id><type>text</type><desc><![CDATA[喉返神经]]></desc></option><option><id>D</id><type>text</type><desc><![CDATA[颈交感神经]]></desc></option><option><id>E</id><type>text</type><desc><![CDATA[颈部大静脉]]></desc></option></options><answers><![CDATA[D]]></answers></question></questions></exam>