﻿<?xml version="1.0" encoding="UTF-8"?><exam><id>20180725112328</id><questions><instructions><![CDATA[A1型题]]></instructions><question><type>1</type><format>text</format><desc><![CDATA[1.急性乳腺炎伴脓肿形成时，最重要的处理措施是]]></desc><options><option><id>A</id><type>text</type><desc><![CDATA[及时用吸乳器吸净乳汁]]></desc></option><option><id>B</id><type>text</type><desc><![CDATA[大剂量应用抗生素]]></desc></option><option><id>C</id><type>text</type><desc><![CDATA[局部用硫酸镁湿热敷]]></desc></option><option><id>D</id><type>text</type><desc><![CDATA[中药治疗]]></desc></option><option><id>E</id><type>text</type><desc><![CDATA[脓肿切开引流]]></desc></option></options><answers><![CDATA[E]]></answers></question><question><type>1</type><format>text</format><desc><![CDATA[2.急性乳腺炎的主要病因是]]></desc><options><option><id>A</id><type>text</type><desc><![CDATA[产后首次哺乳时间推迟]]></desc></option><option><id>B</id><type>text</type><desc><![CDATA[乳汁淤积和细菌入侵]]></desc></option><option><id>C</id><type>text</type><desc><![CDATA[过早终止哺乳]]></desc></option><option><id>D</id><type>text</type><desc><![CDATA[每次哺乳时间太短]]></desc></option><option><id>E</id><type>text</type><desc><![CDATA[乳汁经常溢出]]></desc></option></options><answers><![CDATA[B]]></answers></question><question><type>1</type><format>html</format><desc><![CDATA[3.关于急性乳腺炎病人的护理，下列<u><b>不正确</b></u>的是]]></desc><options><option><id>A</id><type>text</type><desc><![CDATA[双侧乳房立即停止哺乳，人工喂养]]></desc></option><option><id>B</id><type>text</type><desc><![CDATA[用吸乳器吸净乳汁]]></desc></option><option><id>C</id><type>text</type><desc><![CDATA[局部用硫酸镁湿敷]]></desc></option><option><id>D</id><type>text</type><desc><![CDATA[高热者给予物理降温]]></desc></option><option><id>E</id><type>text</type><desc><![CDATA[脓肿切开引流术后定时换药]]></desc></option></options><answers><![CDATA[A]]></answers></question><question><type>1</type><format>text</format><desc><![CDATA[4.乳房脓肿切开引流多采用放射状切口，其目的是]]></desc><options><option><id>A</id><type>text</type><desc><![CDATA[有利于引流通畅]]></desc></option><option><id>B</id><type>text</type><desc><![CDATA[可避免损伤乳腺导管]]></desc></option><option><id>C</id><type>text</type><desc><![CDATA[有利于换药操作]]></desc></option><option><id>D</id><type>text</type><desc><![CDATA[可避免损伤乳头]]></desc></option><option><id>E</id><type>text</type><desc><![CDATA[可减轻疼痛]]></desc></option></options><answers><![CDATA[B]]></answers></question><question><type>1</type><format>text</format><desc><![CDATA[5.急性乳腺炎病人，最初的症状是]]></desc><options><option><id>A</id><type>text</type><desc><![CDATA[哺乳时剧烈疼痛]]></desc></option><option><id>B</id><type>text</type><desc><![CDATA[局部肿胀区有波动感]]></desc></option><option><id>C</id><type>text</type><desc><![CDATA[双侧腋窝淋巴结肿大、压痛]]></desc></option><option><id>D</id><type>text</type><desc><![CDATA[乳房肿胀疼痛]]></desc></option><option><id>E</id><type>text</type><desc><![CDATA[高热、寒战]]></desc></option></options><answers><![CDATA[D]]></answers></question><question><type>1</type><format>html</format><desc><![CDATA[6.预防产后发生急性乳腺炎，<u><b>不正确</b></u>的措施是]]></desc><options><option><id>A</id><type>text</type><desc><![CDATA[分娩后婴儿马上吸吮]]></desc></option><option><id>B</id><type>text</type><desc><![CDATA[确保正确的含接姿势]]></desc></option><option><id>C</id><type>text</type><desc><![CDATA[坚持定时哺乳]]></desc></option><option><id>D</id><type>text</type><desc><![CDATA[做到充分有效的吸吮]]></desc></option><option><id>E</id><type>text</type><desc><![CDATA[根据婴儿需要哺乳]]></desc></option></options><answers><![CDATA[E]]></answers></question><question><type>1</type><format>text</format><desc><![CDATA[7.乳房深部脓肿，诊断依据应是]]></desc><options><option><id>A</id><type>text</type><desc><![CDATA[皮肤红肿]]></desc></option><option><id>B</id><type>text</type><desc><![CDATA[乳房胀痛]]></desc></option><option><id>C</id><type>text</type><desc><![CDATA[发热]]></desc></option><option><id>D</id><type>text</type><desc><![CDATA[局部波动感]]></desc></option><option><id>E</id><type>text</type><desc><![CDATA[穿刺抽到脓液]]></desc></option></options><answers><![CDATA[E]]></answers></question><question><type>1</type><format>text</format><desc><![CDATA[8.乳腺癌的早期体征是]]></desc><options><option><id>A</id><type>text</type><desc><![CDATA[无痛性肿块]]></desc></option><option><id>B</id><type>text</type><desc><![CDATA[酒窝征]]></desc></option><option><id>C</id><type>text</type><desc><![CDATA[乳头内陷]]></desc></option><option><id>D</id><type>text</type><desc><![CDATA[乳头溢液]]></desc></option><option><id>E</id><type>text</type><desc><![CDATA[橘皮样改变]]></desc></option></options><answers><![CDATA[A]]></answers></question><question><type>1</type><format>text</format><desc><![CDATA[9.乳腺癌根治术后，为预防皮下积液及皮瓣坏死的主要措施是]]></desc><options><option><id>A</id><type>text</type><desc><![CDATA[半卧位]]></desc></option><option><id>B</id><type>text</type><desc><![CDATA[引流管持续负压吸引]]></desc></option><option><id>C</id><type>text</type><desc><![CDATA[加压包扎伤口]]></desc></option><option><id>D</id><type>text</type><desc><![CDATA[抬高同侧上肢]]></desc></option><option><id>E</id><type>text</type><desc><![CDATA[局部沙袋压迫]]></desc></option></options><answers><![CDATA[B]]></answers></question></questions><questions><instructions><![CDATA[A2型题]]></instructions><question><type>1</type><format>text</format><desc><![CDATA[10.李某，女，28岁。乳腺癌扩大根治术后，咨询护士可以妊娠的最佳时间是术后]]></desc><options><option><id>A</id><type>text</type><desc><![CDATA[1年]]></desc></option><option><id>B</id><type>text</type><desc><![CDATA[2年]]></desc></option><option><id>C</id><type>text</type><desc><![CDATA[3年]]></desc></option><option><id>D</id><type>text</type><desc><![CDATA[4年]]></desc></option><option><id>E</id><type>text</type><desc><![CDATA[5年]]></desc></option></options><answers><![CDATA[E]]></answers></question><question><type>1</type><format>text</format><desc><![CDATA[11.刘某，女，25岁。初产妇，顺产后第4日，新生儿母乳喂养。产妇诉乳房胀，乳汁排出不畅。首先应采取的措施是]]></desc><options><option><id>A</id><type>text</type><desc><![CDATA[冷敷乳房]]></desc></option><option><id>B</id><type>text</type><desc><![CDATA[生麦芽煎服]]></desc></option><option><id>C</id><type>text</type><desc><![CDATA[新生儿多吸吮]]></desc></option><option><id>D</id><type>text</type><desc><![CDATA[芒硝外敷乳房]]></desc></option><option><id>E</id><type>text</type><desc><![CDATA[口服己烯雌酚]]></desc></option></options><answers><![CDATA[C]]></answers></question><question><type>1</type><format>html</format><desc><![CDATA[12.韦某，女，26岁。孕24周。针对此孕妇进行预防乳腺炎的健康教育，下列护理措施<u><b>不正确</b></u>的是]]></desc><options><option><id>A</id><type>text</type><desc><![CDATA[产后避免乳汁淤积]]></desc></option><option><id>B</id><type>text</type><desc><![CDATA[防止乳头破损]]></desc></option><option><id>C</id><type>text</type><desc><![CDATA[常用抗生素预防]]></desc></option><option><id>D</id><type>text</type><desc><![CDATA[保持乳头清洁]]></desc></option><option><id>E</id><type>text</type><desc><![CDATA[孕期矫正乳头内陷]]></desc></option></options><answers><![CDATA[C]]></answers></question><question><type>1</type><format>text</format><desc><![CDATA[13.石某，女，30岁。经前乳房胀痛及出现肿块，月经后自行消退，应考虑为]]></desc><options><option><id>A</id><type>text</type><desc><![CDATA[乳腺癌]]></desc></option><option><id>B</id><type>text</type><desc><![CDATA[乳房纤维腺瘤]]></desc></option><option><id>C</id><type>text</type><desc><![CDATA[乳腺肉瘤]]></desc></option><option><id>D</id><type>text</type><desc><![CDATA[乳腺囊性增生病]]></desc></option><option><id>E</id><type>text</type><desc><![CDATA[乳管内乳头状瘤]]></desc></option></options><answers><![CDATA[D]]></answers></question><question><type>1</type><format>text</format><desc><![CDATA[14.李某，女，20岁。乳房肿块，边缘清晰，活动度大，生长缓慢。最常见是]]></desc><options><option><id>A</id><type>text</type><desc><![CDATA[乳管内乳头状瘤。]]></desc></option><option><id>B</id><type>text</type><desc><![CDATA[乳腺结核]]></desc></option><option><id>C</id><type>text</type><desc><![CDATA[乳房纤维腺瘤]]></desc></option><option><id>D</id><type>text</type><desc><![CDATA[乳腺炎性肿块]]></desc></option><option><id>E</id><type>text</type><desc><![CDATA[乳腺囊性增生病]]></desc></option></options><answers><![CDATA[C]]></answers></question><question><type>1</type><format>text</format><desc><![CDATA[15.黄某，女，45岁。患乳腺癌。入院后接受乳腺癌改良根治术。术后患侧皮肤出现青紫，温度降低，脉搏不能扪及，提示]]></desc><options><option><id>A</id><type>text</type><desc><![CDATA[伤口内出血]]></desc></option><option><id>B</id><type>text</type><desc><![CDATA[伤口感染]]></desc></option><option><id>C</id><type>text</type><desc><![CDATA[胸带包扎过紧]]></desc></option><option><id>D</id><type>text</type><desc><![CDATA[引流管阻塞]]></desc></option><option><id>E</id><type>text</type><desc><![CDATA[皮瓣坏死]]></desc></option></options><answers><![CDATA[C]]></answers></question><question><type>1</type><format>text</format><desc><![CDATA[16.汪某，女，50岁。右乳腺癌根治术后上肢活动受限。护士指导其患侧肢体康复锻炼，应达到的目的是]]></desc><options><option><id>A</id><type>text</type><desc><![CDATA[手能摸到同侧耳朵]]></desc></option><option><id>B</id><type>text</type><desc><![CDATA[肩能平举]]></desc></option><option><id>C</id><type>text</type><desc><![CDATA[肘能屈伸]]></desc></option><option><id>D</id><type>text</type><desc><![CDATA[手摸到对侧肩部]]></desc></option><option><id>E</id><type>text</type><desc><![CDATA[手经头摸到对侧耳朵]]></desc></option></options><answers><![CDATA[E]]></answers></question><question><type>1</type><format>text</format><desc><![CDATA[17.马某，女，30岁。乳腺癌行根治术后。护士在出院前进行健康指导时，告知早期发现复发乳癌最应强调的内容是]]></desc><options><option><id>A</id><type>text</type><desc><![CDATA[坚持放疗、化疗]]></desc></option><option><id>B</id><type>text</type><desc><![CDATA[坚持患肢功能锻炼]]></desc></option><option><id>C</id><type>text</type><desc><![CDATA[5年内避免妊娠]]></desc></option><option><id>D</id><type>text</type><desc><![CDATA[经常自查乳房]]></desc></option><option><id>E</id><type>text</type><desc><![CDATA[术侧上肢不易搬重物]]></desc></option></options><answers><![CDATA[D]]></answers></question><question><type>1</type><format>text</format><desc><![CDATA[18.韦某，女，39岁。右侧乳腺癌根治术后。家属发现伤口处包扎很紧，问护士，“怎么这么紧啊？”护士的正确解释是]]></desc><options><option><id>A</id><type>text</type><desc><![CDATA[防止感染]]></desc></option><option><id>B</id><type>text</type><desc><![CDATA[保护伤口]]></desc></option><option><id>C</id><type>text</type><desc><![CDATA[防止皮瓣坏死]]></desc></option><option><id>D</id><type>text</type><desc><![CDATA[有利于引流]]></desc></option><option><id>E</id><type>text</type><desc><![CDATA[利于肢体功能恢复]]></desc></option></options><answers><![CDATA[C]]></answers></question><question><type>1</type><format>text</format><desc><![CDATA[19.欧某，女，35岁。患乳腺癌。入院后行右侧乳腺癌根治术，术后第2日，护士对其进行指导后，病人的讲述中正确的是]]></desc><options><option><id>A</id><type>text</type><desc><![CDATA[这种病不会遗传]]></desc></option><option><id>B</id><type>text</type><desc><![CDATA[2年内不能怀孕]]></desc></option><option><id>C</id><type>text</type><desc><![CDATA[能在右侧胳膊量血压]]></desc></option><option><id>D</id><type>text</type><desc><![CDATA[我要坚持右侧上肢的功能锻炼]]></desc></option><option><id>E</id><type>text</type><desc><![CDATA[下床时用吊带托扶右上肢]]></desc></option></options><answers><![CDATA[E]]></answers></question><question><type>1</type><format>text</format><desc><![CDATA[20.韦某，女，33岁。右侧乳腺癌根治术后第2日，右上肢康复训练正确的是]]></desc><options><option><id>A</id><type>text</type><desc><![CDATA[做转绳运动]]></desc></option><option><id>B</id><type>text</type><desc><![CDATA[手指爬墙运动]]></desc></option><option><id>C</id><type>text</type><desc><![CDATA[下床时用吊带托扶右上肢]]></desc></option><option><id>D</id><type>text</type><desc><![CDATA[用右手洗脸、梳头]]></desc></option><option><id>E</id><type>text</type><desc><![CDATA[搀扶病人右上肢下床活动]]></desc></option></options><answers><![CDATA[C]]></answers></question></questions></exam>