﻿<?xml version="1.0" encoding="UTF-8"?><exam><id>20180725153936</id><questions><instructions><![CDATA[A1型题]]></instructions><question><type>1</type><format>text</format><desc><![CDATA[1.以下是二期梅毒的损害的是]]></desc><options><option><id>A</id><type>text</type><desc><![CDATA[梅毒性树胶肿]]></desc></option><option><id>B</id><type>text</type><desc><![CDATA[结节性梅毒疹]]></desc></option><option><id>C</id><type>text</type><desc><![CDATA[玫瑰疹]]></desc></option><option><id>D</id><type>text</type><desc><![CDATA[哈钦森三联征]]></desc></option><option><id>E</id><type>text</type><desc><![CDATA[硬下疳]]></desc></option></options><answers><![CDATA[C]]></answers></question><question><type>1</type><format>text</format><desc><![CDATA[2.吉海反应可出现在下列哪种疾病的治疗过程中]]></desc><options><option><id>A</id><type>text</type><desc><![CDATA[湿疹]]></desc></option><option><id>B</id><type>text</type><desc><![CDATA[麻风]]></desc></option><option><id>C</id><type>text</type><desc><![CDATA[梅毒]]></desc></option><option><id>D</id><type>text</type><desc><![CDATA[带状疱疹]]></desc></option><option><id>E</id><type>text</type><desc><![CDATA[银屑病]]></desc></option></options><answers><![CDATA[C]]></answers></question><question><type>1</type><format>text</format><desc><![CDATA[3.目前治疗梅毒的首选药物是]]></desc><options><option><id>A</id><type>text</type><desc><![CDATA[红霉素]]></desc></option><option><id>B</id><type>text</type><desc><![CDATA[青霉素]]></desc></option><option><id>C</id><type>text</type><desc><![CDATA[四环素]]></desc></option><option><id>D</id><type>text</type><desc><![CDATA[头孢三嗪]]></desc></option><option><id>E</id><type>text</type><desc><![CDATA[头孢西丁钠]]></desc></option></options><answers><![CDATA[B]]></answers></question><question><type>1</type><format>html</format><desc><![CDATA[4.关于硬下疳以下<u><b>不正确</b></u>的是]]></desc><options><option><id>A</id><type>text</type><desc><![CDATA[急性湿疹无痛性溃疡]]></desc></option><option><id>B</id><type>text</type><desc><![CDATA[带状疱疹常有2～3个]]></desc></option><option><id>C</id><type>text</type><desc><![CDATA[寻常型银屑病进行期软骨样硬]]></desc></option><option><id>D</id><type>text</type><desc><![CDATA[急性荨麻疹未经治疗可自行消退]]></desc></option><option><id>E</id><type>text</type><desc><![CDATA[多数发生于生殖器]]></desc></option></options><answers><![CDATA[B]]></answers></question><question><type>1</type><format>html</format><desc><![CDATA[5.关于一期梅毒，<u><b>错误</b></u>的是]]></desc><options><option><id>A</id><type>text</type><desc><![CDATA[一般病人起病前有不洁性交史]]></desc></option><option><id>B</id><type>text</type><desc><![CDATA[硬下疳是主要表现]]></desc></option><option><id>C</id><type>text</type><desc><![CDATA[梅毒血清试验阴性可排除一期梅毒]]></desc></option><option><id>D</id><type>text</type><desc><![CDATA[潜伏期平均为2～4周]]></desc></option><option><id>E</id><type>text</type><desc><![CDATA[有近卫淋巴结肿大]]></desc></option></options><answers><![CDATA[C]]></answers></question><question><type>1</type><format>text</format><desc><![CDATA[6.妊娠期淋病治疗首选的是]]></desc><options><option><id>A</id><type>text</type><desc><![CDATA[氟喹诺酮类]]></desc></option><option><id>B</id><type>text</type><desc><![CDATA[四环素类]]></desc></option><option><id>C</id><type>text</type><desc><![CDATA[头孢曲松]]></desc></option><option><id>D</id><type>text</type><desc><![CDATA[甲硝唑]]></desc></option><option><id>E</id><type>text</type><desc><![CDATA[替硝唑]]></desc></option></options><answers><![CDATA[C]]></answers></question><question><type>1</type><format>text</format><desc><![CDATA[7.下列关于梅毒螺旋体的叙述，正确的是]]></desc><options><option><id>A</id><type>text</type><desc><![CDATA[一般消毒剂如升汞、苯扎溴铵、酒精等均不能将其杀死]]></desc></option><option><id>B</id><type>text</type><desc><![CDATA[普通光学显微镜下即可见]]></desc></option><option><id>C</id><type>text</type><desc><![CDATA[暗视野显微镜下可见]]></desc></option><option><id>D</id><type>text</type><desc><![CDATA[梅毒螺旋体耐热不耐寒]]></desc></option><option><id>E</id><type>text</type><desc><![CDATA[不是梅毒的病原体]]></desc></option></options><answers><![CDATA[C]]></answers></question><question><type>1</type><format>html</format><desc><![CDATA[8.下列关于梅毒的传染方式，<u><b>错误</b></u>的是]]></desc><options><option><id>A</id><type>text</type><desc><![CDATA[梅毒病人是唯一的传染源]]></desc></option><option><id>B</id><type>text</type><desc><![CDATA[性接触是主要的传染方式]]></desc></option><option><id>C</id><type>text</type><desc><![CDATA[输血可传染梅毒]]></desc></option><option><id>D</id><type>text</type><desc><![CDATA[接吻、哺乳不会传染]]></desc></option><option><id>E</id><type>text</type><desc><![CDATA[接触梅毒病人污染的器物等可被传染]]></desc></option></options><answers><![CDATA[D]]></answers></question><question><type>1</type><format>html</format><desc><![CDATA[9.下列关于梅毒分期，<u><b>错误</b></u>的是]]></desc><options><option><id>A</id><type>text</type><desc><![CDATA[根据传播途径分为后天梅毒和先天梅毒]]></desc></option><option><id>B</id><type>text</type><desc><![CDATA[根据病期分为早期梅毒和晚期梅毒]]></desc></option><option><id>C</id><type>text</type><desc><![CDATA[根据有无临床表现分为显发梅毒和潜伏梅毒]]></desc></option><option><id>D</id><type>text</type><desc><![CDATA[根据传播途径还可分为获得性和胎传梅毒]]></desc></option><option><id>E</id><type>text</type><desc><![CDATA[根据病期还可分为一期和二期梅毒]]></desc></option></options><answers><![CDATA[E]]></answers></question><question><type>1</type><format>html</format><desc><![CDATA[10.关于尖锐湿疣以下叙述<u><b>不正确</b></u>的是]]></desc><options><option><id>A</id><type>text</type><desc><![CDATA[是由人乳头瘤病毒感染引起的一种皮肤恶性赘生物]]></desc></option><option><id>B</id><type>text</type><desc><![CDATA[又称为生殖器疣、性病疣]]></desc></option><option><id>C</id><type>text</type><desc><![CDATA[主要通过性接触传染]]></desc></option><option><id>D</id><type>text</type><desc><![CDATA[是我国目前常见的性传播疾病之一]]></desc></option><option><id>E</id><type>text</type><desc><![CDATA[其长期感染与女性宫颈癌的发生有关]]></desc></option></options><answers><![CDATA[A]]></answers></question><question><type>1</type><format>text</format><desc><![CDATA[11.先天性梅毒是指]]></desc><options><option><id>A</id><type>text</type><desc><![CDATA[生产时由阴道病损感染]]></desc></option><option><id>B</id><type>text</type><desc><![CDATA[母亲哺乳感染]]></desc></option><option><id>C</id><type>text</type><desc><![CDATA[子宫内感染]]></desc></option><option><id>D</id><type>text</type><desc><![CDATA[生产时经医药感染]]></desc></option><option><id>E</id><type>text</type><desc><![CDATA[出生后感染]]></desc></option></options><answers><![CDATA[C]]></answers></question><question><type>1</type><format>text</format><desc><![CDATA[12.下列疾病属于经典性病的是]]></desc><options><option><id>A</id><type>text</type><desc><![CDATA[梅毒]]></desc></option><option><id>B</id><type>text</type><desc><![CDATA[淋病]]></desc></option><option><id>C</id><type>text</type><desc><![CDATA[腹股沟肉芽肿]]></desc></option><option><id>D</id><type>text</type><desc><![CDATA[急性女阴溃疡]]></desc></option><option><id>E</id><type>text</type><desc><![CDATA[尖锐湿疣]]></desc></option></options><answers><![CDATA[A]]></answers></question><question><type>1</type><format>text</format><desc><![CDATA[13.引起尖锐湿疣的病原体是]]></desc><options><option><id>A</id><type>text</type><desc><![CDATA[杜克雷嗜血杆菌]]></desc></option><option><id>B</id><type>text</type><desc><![CDATA[人类乳头瘤病毒]]></desc></option><option><id>C</id><type>text</type><desc><![CDATA[肉芽肿荚膜杆菌]]></desc></option><option><id>D</id><type>text</type><desc><![CDATA[沙眼衣原体]]></desc></option><option><id>E</id><type>text</type><desc><![CDATA[立克次体]]></desc></option></options><answers><![CDATA[B]]></answers></question><question><type>1</type><format>html</format><desc><![CDATA[14.以下性传播疾病<u><b>不是</b></u>由病毒引起的是]]></desc><options><option><id>A</id><type>text</type><desc><![CDATA[尖锐湿疣]]></desc></option><option><id>B</id><type>text</type><desc><![CDATA[生殖器疱疹]]></desc></option><option><id>C</id><type>text</type><desc><![CDATA[艾滋病]]></desc></option><option><id>D</id><type>text</type><desc><![CDATA[扁平湿疣]]></desc></option><option><id>E</id><type>text</type><desc><![CDATA[以上都不是]]></desc></option></options><answers><![CDATA[D]]></answers></question><question><type>1</type><format>html</format><desc><![CDATA[15.下面哪种皮肤病<u><b>不是</b></u>由人类乳头瘤病毒引起的]]></desc><options><option><id>A</id><type>text</type><desc><![CDATA[寻常疣]]></desc></option><option><id>B</id><type>text</type><desc><![CDATA[跖疣]]></desc></option><option><id>C</id><type>text</type><desc><![CDATA[尖锐湿疣]]></desc></option><option><id>D</id><type>text</type><desc><![CDATA[传染性软疣]]></desc></option><option><id>E</id><type>text</type><desc><![CDATA[以上都不是]]></desc></option></options><answers><![CDATA[D]]></answers></question><question><type>1</type><format>text</format><desc><![CDATA[16.人类乳头瘤病毒的宿主是]]></desc><options><option><id>A</id><type>text</type><desc><![CDATA[猿]]></desc></option><option><id>B</id><type>text</type><desc><![CDATA[猴]]></desc></option><option><id>C</id><type>text</type><desc><![CDATA[人]]></desc></option><option><id>D</id><type>text</type><desc><![CDATA[大白鼠]]></desc></option><option><id>E</id><type>text</type><desc><![CDATA[鸡]]></desc></option></options><answers><![CDATA[C]]></answers></question><question><type>1</type><format>html</format><desc><![CDATA[17.HPV在诊断时应依据以下项目，但<u><b>不包括</b></u>]]></desc><options><option><id>A</id><type>text</type><desc><![CDATA[冶游史]]></desc></option><option><id>B</id><type>text</type><desc><![CDATA[生殖器或肛门部位单个或多个乳头状赘生物，表面粗糙]]></desc></option><option><id>C</id><type>text</type><desc><![CDATA[血液病毒抗体检测]]></desc></option><option><id>D</id><type>text</type><desc><![CDATA[醋酸白试验阳性]]></desc></option><option><id>E</id><type>text</type><desc><![CDATA[既往史]]></desc></option></options><answers><![CDATA[C]]></answers></question><question><type>1</type><format>text</format><desc><![CDATA[18.女性假性湿疣的皮疹为]]></desc><options><option><id>A</id><type>text</type><desc><![CDATA[红斑]]></desc></option><option><id>B</id><type>text</type><desc><![CDATA[丘疹]]></desc></option><option><id>C</id><type>text</type><desc><![CDATA[水疱]]></desc></option><option><id>D</id><type>text</type><desc><![CDATA[丘疱疹]]></desc></option><option><id>E</id><type>text</type><desc><![CDATA[斑疹]]></desc></option></options><answers><![CDATA[B]]></answers></question></questions><questions><instructions><![CDATA[A2型题]]></instructions><question><type>1</type><format>text</format><desc><![CDATA[19.女性，16岁，SLE病人，查RPR1/16阳性，TPPA1/320阳性，否认硬下疳史及性生活史，查体皮肤黏膜无特殊。父母梅毒血清反应均阴性，最可能情况是]]></desc><options><option><id>A</id><type>text</type><desc><![CDATA[生物学假阳性]]></desc></option><option><id>B</id><type>text</type><desc><![CDATA[早期梅毒]]></desc></option><option><id>C</id><type>text</type><desc><![CDATA[晚期梅毒]]></desc></option><option><id>D</id><type>text</type><desc><![CDATA[潜伏梅毒]]></desc></option><option><id>E</id><type>text</type><desc><![CDATA[先天梅毒]]></desc></option></options><answers><![CDATA[D]]></answers></question><question><type>1</type><format>text</format><desc><![CDATA[20.男性，36岁，已婚，因龟头部赘生物一周就诊，在其龟头及冠状沟部可见数个乳头瘤样小丘疹，表面潮湿柔软，呈污灰色，承认不洁性接触史，醋酸白试验阳性，其最可能的诊断为]]></desc><options><option><id>A</id><type>text</type><desc><![CDATA[尖锐湿疣]]></desc></option><option><id>B</id><type>text</type><desc><![CDATA[扁平湿疣]]></desc></option><option><id>C</id><type>text</type><desc><![CDATA[假性湿疣]]></desc></option><option><id>D</id><type>text</type><desc><![CDATA[生殖器鲍温样丘疹病]]></desc></option><option><id>E</id><type>text</type><desc><![CDATA[阴茎珍珠状丘疹病]]></desc></option></options><answers><![CDATA[A]]></answers></question></questions></exam>