﻿<?xml version="1.0" encoding="UTF-8"?><exam><id>20180725110815</id><questions><instructions><![CDATA[A1型题]]></instructions><question><type>1</type><format>html</format><desc><![CDATA[1.<u><b>不符合</b></u>外科感染特点的是]]></desc><options><option><id>A</id><type>text</type><desc><![CDATA[多数由单一细菌引起的感染]]></desc></option><option><id>B</id><type>text</type><desc><![CDATA[病变以局部炎症为主]]></desc></option><option><id>C</id><type>text</type><desc><![CDATA[常与创伤有关]]></desc></option><option><id>D</id><type>text</type><desc><![CDATA[常需手术治疗]]></desc></option><option><id>E</id><type>text</type><desc><![CDATA[大多不能自愈或单靠抗菌药治愈]]></desc></option></options><answers><![CDATA[A]]></answers></question><question><type>1</type><format>text</format><desc><![CDATA[2.急性外科感染一般指病程在多长时间以内]]></desc><options><option><id>A</id><type>text</type><desc><![CDATA[1周]]></desc></option><option><id>B</id><type>text</type><desc><![CDATA[2周]]></desc></option><option><id>C</id><type>text</type><desc><![CDATA[3周]]></desc></option><option><id>D</id><type>text</type><desc><![CDATA[1个月]]></desc></option><option><id>E</id><type>text</type><desc><![CDATA[2个月]]></desc></option></options><answers><![CDATA[C]]></answers></question><question><type>1</type><format>text</format><desc><![CDATA[3.颈部急性蜂窝织炎病情评估时，应注意其易发生的严重后果是]]></desc><options><option><id>A</id><type>text</type><desc><![CDATA[颅内化脓性海绵窦炎]]></desc></option><option><id>B</id><type>text</type><desc><![CDATA[败血症]]></desc></option><option><id>C</id><type>text</type><desc><![CDATA[脓毒症]]></desc></option><option><id>D</id><type>text</type><desc><![CDATA[吞咽困难]]></desc></option><option><id>E</id><type>text</type><desc><![CDATA[呼吸困难和窒息]]></desc></option></options><answers><![CDATA[E]]></answers></question><question><type>1</type><format>html</format><desc><![CDATA[4.下列有关感染问题，<u><b>错误</b></u>的是]]></desc><options><option><id>A</id><type>text</type><desc><![CDATA[疖是单个毛囊及其所属皮脂腺的急性化脓性炎症]]></desc></option><option><id>B</id><type>text</type><desc><![CDATA[痈是多数散在的不相关联的疖病]]></desc></option><option><id>C</id><type>text</type><desc><![CDATA[丹毒是皮内网状淋巴管的炎性病变]]></desc></option><option><id>D</id><type>text</type><desc><![CDATA[急性蜂窝织炎是皮下、筋膜下、深部疏松结缔组织的感染]]></desc></option><option><id>E</id><type>text</type><desc><![CDATA[脓肿是急性感染后局部脓液积聚]]></desc></option></options><answers><![CDATA[B]]></answers></question><question><type>1</type><format>text</format><desc><![CDATA[5.应注意隔离，防止交叉感染的疾病是]]></desc><options><option><id>A</id><type>text</type><desc><![CDATA[疖]]></desc></option><option><id>B</id><type>text</type><desc><![CDATA[痈]]></desc></option><option><id>C</id><type>text</type><desc><![CDATA[丹毒]]></desc></option><option><id>D</id><type>text</type><desc><![CDATA[淋巴管炎]]></desc></option><option><id>E</id><type>text</type><desc><![CDATA[蜂窝织炎]]></desc></option></options><answers><![CDATA[C]]></answers></question><question><type>1</type><format>text</format><desc><![CDATA[6.下列属于特异性感染的是]]></desc><options><option><id>A</id><type>text</type><desc><![CDATA[疖]]></desc></option><option><id>B</id><type>text</type><desc><![CDATA[痈]]></desc></option><option><id>C</id><type>text</type><desc><![CDATA[急性蜂窝织炎]]></desc></option><option><id>D</id><type>text</type><desc><![CDATA[破伤风]]></desc></option><option><id>E</id><type>text</type><desc><![CDATA[急性胆囊炎]]></desc></option></options><answers><![CDATA[D]]></answers></question><question><type>1</type><format>text</format><desc><![CDATA[7.痈的好发部位是]]></desc><options><option><id>A</id><type>text</type><desc><![CDATA[腹部]]></desc></option><option><id>B</id><type>text</type><desc><![CDATA[上肢]]></desc></option><option><id>C</id><type>text</type><desc><![CDATA[颈后、背部]]></desc></option><option><id>D</id><type>text</type><desc><![CDATA[下肢]]></desc></option><option><id>E</id><type>text</type><desc><![CDATA[胸部]]></desc></option></options><answers><![CDATA[C]]></answers></question><question><type>1</type><format>text</format><desc><![CDATA[8.脓肿形成后的处理原则是]]></desc><options><option><id>A</id><type>text</type><desc><![CDATA[局部热敷]]></desc></option><option><id>B</id><type>text</type><desc><![CDATA[外敷鱼石脂软膏]]></desc></option><option><id>C</id><type>text</type><desc><![CDATA[抗菌药治疗]]></desc></option><option><id>D</id><type>text</type><desc><![CDATA[切开引流]]></desc></option><option><id>E</id><type>text</type><desc><![CDATA[患肢抬高、制动]]></desc></option></options><answers><![CDATA[D]]></answers></question></questions><questions><instructions><![CDATA[A2型题]]></instructions><question><type>1</type><format>text</format><desc><![CDATA[9.李某，男，68岁。因颈部蜂窝织炎入院，医嘱予气管切开。操作前，护士向其解释该措施的目的是预防]]></desc><options><option><id>A</id><type>text</type><desc><![CDATA[窒息]]></desc></option><option><id>B</id><type>text</type><desc><![CDATA[肺不张]]></desc></option><option><id>C</id><type>text</type><desc><![CDATA[全身感染]]></desc></option><option><id>D</id><type>text</type><desc><![CDATA[呼吸困难]]></desc></option><option><id>E</id><type>text</type><desc><![CDATA[化脓性海绵状静脉窦炎]]></desc></option></options><answers><![CDATA[D]]></answers></question><question><type>1</type><format>text</format><desc><![CDATA[10.李某，女，17岁。面部“危险三角区”长了一个疖，因怕影响形象而想自行挤破清除。护士告诉病人这样做的主要危险是可能导致]]></desc><options><option><id>A</id><type>text</type><desc><![CDATA[上颌骨骨髓炎]]></desc></option><option><id>B</id><type>text</type><desc><![CDATA[面部痈]]></desc></option><option><id>C</id><type>text</type><desc><![CDATA[面部蜂窝织炎]]></desc></option><option><id>D</id><type>text</type><desc><![CDATA[海绵状静脉窦炎]]></desc></option><option><id>E</id><type>text</type><desc><![CDATA[眼球内感染]]></desc></option></options><answers><![CDATA[D]]></answers></question><question><type>1</type><format>text</format><desc><![CDATA[11.孙某，男，55岁。颈部长痈，迁延不愈。护士采集病史时应特别注意询问有无]]></desc><options><option><id>A</id><type>text</type><desc><![CDATA[糖尿病史]]></desc></option><option><id>B</id><type>text</type><desc><![CDATA[高血压病史]]></desc></option><option><id>C</id><type>text</type><desc><![CDATA[吸烟史]]></desc></option><option><id>D</id><type>text</type><desc><![CDATA[近期外伤史]]></desc></option><option><id>E</id><type>text</type><desc><![CDATA[近期服药史]]></desc></option></options><answers><![CDATA[A]]></answers></question><question><type>1</type><format>text</format><desc><![CDATA[12.刘某，男，49岁。3天前不慎刺伤中指指腹，当时未给予特殊处理。今日自感手指有搏动性跳痛，明显肿胀、皮肤苍白。护士告诉病人若不及时治疗，易发生]]></desc><options><option><id>A</id><type>text</type><desc><![CDATA[指骨坏死]]></desc></option><option><id>B</id><type>text</type><desc><![CDATA[甲沟炎]]></desc></option><option><id>C</id><type>text</type><desc><![CDATA[慢性甲沟炎]]></desc></option><option><id>D</id><type>text</type><desc><![CDATA[掌中间隙感染]]></desc></option><option><id>E</id><type>text</type><desc><![CDATA[鱼际间隙感染]]></desc></option></options><answers><![CDATA[A]]></answers></question><question><type>1</type><format>html</format><desc><![CDATA[13.周某，男，50岁。因大面积烧伤入院。对该病人的护理，<u><b>错误</b></u>的是]]></desc><options><option><id>A</id><type>text</type><desc><![CDATA[严密观察病情]]></desc></option><option><id>B</id><type>text</type><desc><![CDATA[高热者应给予物理降温]]></desc></option><option><id>C</id><type>text</type><desc><![CDATA[加强生活护理和基础护理]]></desc></option><option><id>D</id><type>text</type><desc><![CDATA[遵医嘱合理、正确使用抗菌药]]></desc></option><option><id>E</id><type>text</type><desc><![CDATA[体温突然降至正常以下，说明病情好转，不需处理]]></desc></option></options><answers><![CDATA[E]]></answers></question><question><type>1</type><format>text</format><desc><![CDATA[14.高某，男，60岁。因破伤风收入院。护士遵医嘱给予破伤风抗毒素静脉滴注，护士向其解释早期用药的目的是]]></desc><options><option><id>A</id><type>text</type><desc><![CDATA[控制和解除痉挛]]></desc></option><option><id>B</id><type>text</type><desc><![CDATA[抑制破伤风杆菌的生长]]></desc></option><option><id>C</id><type>text</type><desc><![CDATA[减少毒素的产生]]></desc></option><option><id>D</id><type>text</type><desc><![CDATA[中和游离毒素]]></desc></option><option><id>E</id><type>text</type><desc><![CDATA[中和游离与结合的毒素]]></desc></option></options><answers><![CDATA[D]]></answers></question><question><type>1</type><format>text</format><desc><![CDATA[15.马某，男，40岁。因破伤风收入院。护士对该病人进行病情评估，收集资料时应注意该病的潜伏期一般为]]></desc><options><option><id>A</id><type>text</type><desc><![CDATA[3～5天]]></desc></option><option><id>B</id><type>text</type><desc><![CDATA[7～8天]]></desc></option><option><id>C</id><type>text</type><desc><![CDATA[11～20天]]></desc></option><option><id>D</id><type>text</type><desc><![CDATA[24小时内]]></desc></option><option><id>E</id><type>text</type><desc><![CDATA[36～48小时]]></desc></option></options><answers><![CDATA[B]]></answers></question><question><type>1</type><format>html</format><desc><![CDATA[16.刘某，女，30岁。因破伤风收入院，病人频繁抽搐，有关该病人的护理<u><b>错误</b></u>的是]]></desc><options><option><id>A</id><type>text</type><desc><![CDATA[为减少刺激，不需专人护理]]></desc></option><option><id>B</id><type>text</type><desc><![CDATA[病床上加床栏，防止坠床]]></desc></option><option><id>C</id><type>text</type><desc><![CDATA[床边备有气管切开包]]></desc></option><option><id>D</id><type>text</type><desc><![CDATA[床边备有吸痰器]]></desc></option><option><id>E</id><type>text</type><desc><![CDATA[可在病人臼齿间放入一小卷纱布]]></desc></option></options><answers><![CDATA[A]]></answers></question><question><type>1</type><format>text</format><desc><![CDATA[17.姜某，女，45岁。因大面积烧伤后并发全身化脓性感染，需行血细菌培养，护士采血的最佳时间是]]></desc><options><option><id>A</id><type>text</type><desc><![CDATA[寒战、高热时]]></desc></option><option><id>B</id><type>text</type><desc><![CDATA[高热间歇时]]></desc></option><option><id>C</id><type>text</type><desc><![CDATA[空腹时]]></desc></option><option><id>D</id><type>text</type><desc><![CDATA[输入抗菌药时]]></desc></option><option><id>E</id><type>text</type><desc><![CDATA[输入抗菌药后]]></desc></option></options><answers><![CDATA[A]]></answers></question><question><type>1</type><format>text</format><desc><![CDATA[18.王某，女，50岁。因破伤风收入院，护士对其进行病情观察，应特别注意有无]]></desc><options><option><id>A</id><type>text</type><desc><![CDATA[角弓反张]]></desc></option><option><id>B</id><type>text</type><desc><![CDATA[张口困难]]></desc></option><option><id>C</id><type>text</type><desc><![CDATA[苦笑面容]]></desc></option><option><id>D</id><type>text</type><desc><![CDATA[呼吸困难]]></desc></option><option><id>E</id><type>text</type><desc><![CDATA[四肢抽搐]]></desc></option></options><answers><![CDATA[D]]></answers></question><question><type>1</type><format>text</format><desc><![CDATA[19.庞某，女，40岁。因下肢严重挤压伤入院，为预防破伤风最可靠的方法是]]></desc><options><option><id>A</id><type>text</type><desc><![CDATA[静脉滴注破伤风抗毒素]]></desc></option><option><id>B</id><type>text</type><desc><![CDATA[注射破伤风抗毒素]]></desc></option><option><id>C</id><type>text</type><desc><![CDATA[注射破伤风类毒素]]></desc></option><option><id>D</id><type>text</type><desc><![CDATA[受伤后注射甲硝唑]]></desc></option><option><id>E</id><type>text</type><desc><![CDATA[受伤后注射青霉素]]></desc></option></options><answers><![CDATA[B]]></answers></question><question><type>1</type><format>text</format><desc><![CDATA[20.崔某，男，60岁。因颈部蜂窝织炎入院。病人颈部肿胀明显，护士观察中应特别注意]]></desc><options><option><id>A</id><type>text</type><desc><![CDATA[体温]]></desc></option><option><id>B</id><type>text</type><desc><![CDATA[呼吸]]></desc></option><option><id>C</id><type>text</type><desc><![CDATA[血压]]></desc></option><option><id>D</id><type>text</type><desc><![CDATA[吞咽]]></desc></option><option><id>E</id><type>text</type><desc><![CDATA[神志]]></desc></option></options><answers><![CDATA[B]]></answers></question></questions></exam>