﻿<?xml version="1.0" encoding="UTF-8"?><exam><id>20181120144230</id><questions><instructions><![CDATA[一、单项选择题]]></instructions><question><type>1</type><format>text</format><desc><![CDATA[1.炎症时，血液中各种白细胞经血管壁渗出并弥漫于组织间隙中称为]]></desc><options><option><id>A</id><type>text</type><desc><![CDATA[白细胞游出]]></desc></option><option><id>B</id><type>text</type><desc><![CDATA[炎性渗出]]></desc></option><option><id>C</id><type>text</type><desc><![CDATA[白细胞阿米巴样运动]]></desc></option><option><id>D</id><type>text</type><desc><![CDATA[炎细胞浸润]]></desc></option><option><id>E</id><type>text</type><desc><![CDATA[趋化作用]]></desc></option></options><answers><![CDATA[D]]></answers></question><question><type>1</type><format>text</format><desc><![CDATA[2.假膜性炎是指]]></desc><options><option><id>A</id><type>text</type><desc><![CDATA[发生在浆膜的纤维素性炎]]></desc></option><option><id>B</id><type>text</type><desc><![CDATA[发生在黏膜的化脓性炎]]></desc></option><option><id>C</id><type>text</type><desc><![CDATA[发生在浆膜的卡他性炎]]></desc></option><option><id>D</id><type>text</type><desc><![CDATA[发生在黏膜的纤维素性炎]]></desc></option><option><id>E</id><type>text</type><desc><![CDATA[发生在黏膜的变质性炎]]></desc></option></options><answers><![CDATA[D]]></answers></question><question><type>1</type><format>text</format><desc><![CDATA[3.脓肿是指]]></desc><options><option><id>A</id><type>text</type><desc><![CDATA[均由金黄色葡萄球菌引起的炎症]]></desc></option><option><id>B</id><type>text</type><desc><![CDATA[局部组织内急性化脓性炎症]]></desc></option><option><id>C</id><type>text</type><desc><![CDATA[局限性化脓性炎症有脓腔形成]]></desc></option><option><id>D</id><type>text</type><desc><![CDATA[肠黏膜化脓性炎，坏死组织脱落，局部形成的缺损]]></desc></option><option><id>E</id><type>text</type><desc><![CDATA[肺组织坏死液化后经支气管排出局部形成的囊腔]]></desc></option></options><answers><![CDATA[C]]></answers></question><question><type>1</type><format>text</format><desc><![CDATA[4.下列属于变质为主的疾病是]]></desc><options><option><id>A</id><type>text</type><desc><![CDATA[疖痛]]></desc></option><option><id>B</id><type>text</type><desc><![CDATA[病毒性肝炎]]></desc></option><option><id>C</id><type>text</type><desc><![CDATA[细菌性痢疾]]></desc></option><option><id>D</id><type>text</type><desc><![CDATA[大叶性肺炎]]></desc></option><option><id>E</id><type>text</type><desc><![CDATA[纤维素性胸膜炎]]></desc></option></options><answers><![CDATA[B]]></answers></question><question><type>1</type><format>text</format><desc><![CDATA[5.炎症的本质是]]></desc><options><option><id>A</id><type>text</type><desc><![CDATA[以损伤为主的反应]]></desc></option><option><id>B</id><type>text</type><desc><![CDATA[出现红、肿、热、痛及功能障碍]]></desc></option><option><id>C</id><type>text</type><desc><![CDATA[以防御为主的病理过程]]></desc></option><option><id>D</id><type>text</type><desc><![CDATA[局部发生变质、渗出]]></desc></option><option><id>E</id><type>text</type><desc><![CDATA[机体发热，白细胞增高]]></desc></option></options><answers><![CDATA[C]]></answers></question><question><type>1</type><format>text</format><desc><![CDATA[6.纤维素性炎的好发部位是]]></desc><options><option><id>A</id><type>text</type><desc><![CDATA[肌肉]]></desc></option><option><id>B</id><type>text</type><desc><![CDATA[皮肤、浆膜和肺]]></desc></option><option><id>C</id><type>text</type><desc><![CDATA[黏膜、浆膜和肺]]></desc></option><option><id>D</id><type>text</type><desc><![CDATA[黏膜和肺]]></desc></option><option><id>E</id><type>text</type><desc><![CDATA[皮肤和浆膜]]></desc></option></options><answers><![CDATA[C]]></answers></question><question><type>1</type><format>text</format><desc><![CDATA[7.炎症的基本病变是]]></desc><options><option><id>A</id><type>text</type><desc><![CDATA[炎区白细胞浸润]]></desc></option><option><id>B</id><type>text</type><desc><![CDATA[组织的炎性充血、水肿]]></desc></option><option><id>C</id><type>text</type><desc><![CDATA[白细胞的吞噬作用]]></desc></option><option><id>D</id><type>text</type><desc><![CDATA[变质、渗出、增生]]></desc></option><option><id>E</id><type>text</type><desc><![CDATA[红、肿、热、痛、功能障碍]]></desc></option></options><answers><![CDATA[D]]></answers></question><question><type>1</type><format>text</format><desc><![CDATA[8.急性炎症通常以]]></desc><options><option><id>A</id><type>text</type><desc><![CDATA[变质、增生为主]]></desc></option><option><id>B</id><type>text</type><desc><![CDATA[变质与渗出改变为主]]></desc></option><option><id>C</id><type>text</type><desc><![CDATA[增生为主]]></desc></option><option><id>D</id><type>text</type><desc><![CDATA[渗出和增生改变为主]]></desc></option><option><id>E</id><type>text</type><desc><![CDATA[变质、渗出、增生都明显]]></desc></option></options><answers><![CDATA[B]]></answers></question><question><type>1</type><format>text</format><desc><![CDATA[9.蜂窝织炎是指]]></desc><options><option><id>A</id><type>text</type><desc><![CDATA[局限性的化脓性炎]]></desc></option><option><id>B</id><type>text</type><desc><![CDATA[疏松组织中的弥漫性化脓性炎]]></desc></option><option><id>C</id><type>text</type><desc><![CDATA[黏膜脓性卡他性炎]]></desc></option><option><id>D</id><type>text</type><desc><![CDATA[结缔组织变质反应性炎]]></desc></option><option><id>E</id><type>text</type><desc><![CDATA[多发性脓肿]]></desc></option></options><answers><![CDATA[B]]></answers></question><question><type>1</type><format>text</format><desc><![CDATA[10.炎症灶出现大量嗜酸性粒细胞，常提示]]></desc><options><option><id>A</id><type>text</type><desc><![CDATA[炎症早期]]></desc></option><option><id>B</id><type>text</type><desc><![CDATA[慢性炎症]]></desc></option><option><id>C</id><type>text</type><desc><![CDATA[病毒感染]]></desc></option><option><id>D</id><type>text</type><desc><![CDATA[寄生虫感染]]></desc></option><option><id>E</id><type>text</type><desc><![CDATA[细菌感染]]></desc></option></options><answers><![CDATA[D]]></answers></question><question><type>1</type><format>html</format><desc><![CDATA[11.男性，70岁，因腹膜炎症出现腹水，病人进行腹水检查<u><b>不应该</b></u>出现的特征是]]></desc><options><option><id>A</id><type>text</type><desc><![CDATA[蛋白量＞25g/L]]></desc></option><option><id>B</id><type>text</type><desc><![CDATA[比重＞1.018]]></desc></option><option><id>C</id><type>text</type><desc><![CDATA[放置后可自行凝固]]></desc></option><option><id>D</id><type>text</type><desc><![CDATA[细胞数＞0.5×10<sup>9</sup>/L]]></desc></option><option><id>E</id><type>text</type><desc><![CDATA[澄清透明]]></desc></option></options><answers><![CDATA[E]]></answers></question><question><type>1</type><format>text</format><desc><![CDATA[12.男性，6岁。扁桃体红肿，疼痛明显，表面有脓液形成。请问病人血常规检查明显升高的炎细胞是]]></desc><options><option><id>A</id><type>text</type><desc><![CDATA[淋巴细胞]]></desc></option><option><id>B</id><type>text</type><desc><![CDATA[中性粒细胞]]></desc></option><option><id>C</id><type>text</type><desc><![CDATA[浆细胞]]></desc></option><option><id>D</id><type>text</type><desc><![CDATA[巨噬细胞]]></desc></option><option><id>E</id><type>text</type><desc><![CDATA[嗜酸性粒细胞]]></desc></option></options><answers><![CDATA[B]]></answers></question><question><type>1</type><format>text</format><desc><![CDATA[13.男性，32岁。肛旁反复流脓2年。指检可摸到从外口向肛内齿线处一条索状硬物，挤压外口有脓液溢出，医用探针可从外口探入直肠，病人病变应称为]]></desc><options><option><id>A</id><type>text</type><desc><![CDATA[空洞]]></desc></option><option><id>B</id><type>text</type><desc><![CDATA[溃疡]]></desc></option><option><id>C</id><type>text</type><desc><![CDATA[窦道]]></desc></option><option><id>D</id><type>text</type><desc><![CDATA[瘘管]]></desc></option><option><id>E</id><type>text</type><desc><![CDATA[糜烂]]></desc></option></options><answers><![CDATA[D]]></answers></question><question><type>1</type><format>text</format><desc><![CDATA[14.男性，5岁。体温持续高热、寒战、流涕，头疼1天。医生诊断为病毒性感冒，请问病人血常规检查升高的炎细胞是]]></desc><options><option><id>A</id><type>text</type><desc><![CDATA[中性粒细胞]]></desc></option><option><id>B</id><type>text</type><desc><![CDATA[嗜酸性白细胞]]></desc></option><option><id>C</id><type>text</type><desc><![CDATA[淋巴细胞]]></desc></option><option><id>D</id><type>text</type><desc><![CDATA[巨噬细胞和中性粒细胞]]></desc></option><option><id>E</id><type>text</type><desc><![CDATA[中性粒细胞和嗜酸性白细胞]]></desc></option></options><answers><![CDATA[C]]></answers></question><question><type>1</type><format>text</format><desc><![CDATA[15.男性，40岁，背部化脓感染。体检发现局部红肿热痛明显，肺、肝、脑、肾等脏器有数个脓肿灶，其死亡是由于]]></desc><options><option><id>A</id><type>text</type><desc><![CDATA[菌血症]]></desc></option><option><id>B</id><type>text</type><desc><![CDATA[毒血症]]></desc></option><option><id>C</id><type>text</type><desc><![CDATA[脓毒血症]]></desc></option><option><id>D</id><type>text</type><desc><![CDATA[败血症]]></desc></option><option><id>E</id><type>text</type><desc><![CDATA[中毒]]></desc></option></options><answers><![CDATA[C]]></answers></question><question><type>1</type><format>text</format><desc><![CDATA[16.女性，61岁，因手部外伤后感染，局部出现红(最初为鲜红，以后变为暗红)、肿、热、痛、功能障碍。请问病人最初病变局部呈鲜红色的原因为]]></desc><options><option><id>A</id><type>text</type><desc><![CDATA[小动脉扩张充血]]></desc></option><option><id>B</id><type>text</type><desc><![CDATA[小静脉扩张淤血]]></desc></option><option><id>C</id><type>text</type><desc><![CDATA[组织分解代谢增强]]></desc></option><option><id>D</id><type>text</type><desc><![CDATA[炎性渗出物形成]]></desc></option><option><id>E</id><type>text</type><desc><![CDATA[组织细胞增生]]></desc></option></options><answers><![CDATA[A]]></answers></question></questions></exam>