﻿<?xml version="1.0" encoding="UTF-8"?><exam><id>20181219091127</id><questions><instructions><![CDATA[一、单项选择题]]></instructions><question><type>1</type><format>text</format><desc><![CDATA[1.动脉血氧分压是指]]></desc><options><option><id>A</id><type>text</type><desc><![CDATA[血红蛋白和氧结合力的大小]]></desc></option><option><id>B</id><type>text</type><desc><![CDATA[溶解在动脉血液中氧分子所产生的张力]]></desc></option><option><id>C</id><type>text</type><desc><![CDATA[100ml血液中实际含有O<sub>2</sub>的毫升数]]></desc></option><option><id>D</id><type>text</type><desc><![CDATA[血液中血红蛋白的氧饱和度]]></desc></option><option><id>E</id><type>text</type><desc><![CDATA[血红蛋白氧饱和度为50％时的氧分压]]></desc></option></options><answers><![CDATA[B]]></answers></question><question><type>1</type><format>text</format><desc><![CDATA[2.缺氧的概念是]]></desc><options><option><id>A</id><type>text</type><desc><![CDATA[血液氧容量降低]]></desc></option><option><id>B</id><type>text</type><desc><![CDATA[血液氧饱和度降低]]></desc></option><option><id>C</id><type>text</type><desc><![CDATA[组织供氧不足或不能充分利用氧]]></desc></option><option><id>D</id><type>text</type><desc><![CDATA[血液氧含量过低]]></desc></option><option><id>E</id><type>text</type><desc><![CDATA[吸入气体氧分压降低]]></desc></option></options><answers><![CDATA[C]]></answers></question><question><type>1</type><format>html</format><desc><![CDATA[3.下列关于低张性低氧血症的叙述哪一项是<u><b>错误</b></u>的]]></desc><options><option><id>A</id><type>text</type><desc><![CDATA[可出现呼吸性碱中毒]]></desc></option><option><id>B</id><type>text</type><desc><![CDATA[静脉血分流入动脉是病因之一]]></desc></option><option><id>C</id><type>text</type><desc><![CDATA[动静脉血氧含量差大于正常]]></desc></option><option><id>D</id><type>text</type><desc><![CDATA[动脉血氧分压和氧含量降低]]></desc></option><option><id>E</id><type>text</type><desc><![CDATA[血氧容量正常]]></desc></option></options><answers><![CDATA[C]]></answers></question><question><type>1</type><format>text</format><desc><![CDATA[4.低张性低氧血症主要血气特点是]]></desc><options><option><id>A</id><type>text</type><desc><![CDATA[动脉血氧含量低于正常]]></desc></option><option><id>B</id><type>text</type><desc><![CDATA[血液氧容量低于正常]]></desc></option><option><id>C</id><type>text</type><desc><![CDATA[血液氧含量低于正常]]></desc></option><option><id>D</id><type>text</type><desc><![CDATA[血液氧分压低于正常]]></desc></option><option><id>E</id><type>text</type><desc><![CDATA[动脉血氧分压低于正常]]></desc></option></options><answers><![CDATA[E]]></answers></question><question><type>1</type><format>text</format><desc><![CDATA[5.血液性缺氧的血氧指标变化是]]></desc><options><option><id>A</id><type>text</type><desc><![CDATA[动静脉氧含量差增加]]></desc></option><option><id>B</id><type>text</type><desc><![CDATA[动脉血氧饱和度下降]]></desc></option><option><id>C</id><type>text</type><desc><![CDATA[动脉血氧分压下降]]></desc></option><option><id>D</id><type>text</type><desc><![CDATA[血氧容量降低]]></desc></option><option><id>E</id><type>text</type><desc><![CDATA[动脉血氧含量正常]]></desc></option></options><answers><![CDATA[D]]></answers></question><question><type>1</type><format>text</format><desc><![CDATA[6.慢性阻塞性肺病病人发生缺氧的始动因素是]]></desc><options><option><id>A</id><type>text</type><desc><![CDATA[动脉血氧分压降低]]></desc></option><option><id>B</id><type>text</type><desc><![CDATA[肺泡气的氧分压降低]]></desc></option><option><id>C</id><type>text</type><desc><![CDATA[吸入气的氧分压过低]]></desc></option><option><id>D</id><type>text</type><desc><![CDATA[动脉血氧容量降低]]></desc></option><option><id>E</id><type>text</type><desc><![CDATA[动脉血氧饱和度降低]]></desc></option></options><answers><![CDATA[B]]></answers></question><question><type>1</type><format>html</format><desc><![CDATA[7.关于一氧化碳中毒的叙述，下列哪一项<u><b>不适宜</b></u>]]></desc><options><option><id>A</id><type>text</type><desc><![CDATA[CO抑制RBC内糖酵解，使2，3-DPG减少，氧离曲线左移]]></desc></option><option><id>B</id><type>text</type><desc><![CDATA[皮肤、黏膜呈樱桃红色]]></desc></option><option><id>C</id><type>text</type><desc><![CDATA[CO和Hb结合生成的碳氧血红蛋白无携氧能力]]></desc></option><option><id>D</id><type>text</type><desc><![CDATA[呼吸加深变快，肺通气量增加]]></desc></option><option><id>E</id><type>text</type><desc><![CDATA[吸入气中CO浓度为0.1％时，可致中枢神经系统和心脏难以恢复的损伤]]></desc></option></options><answers><![CDATA[D]]></answers></question><question><type>1</type><format>text</format><desc><![CDATA[8.引起肠源性发绀的原因是]]></desc><options><option><id>A</id><type>text</type><desc><![CDATA[肠系膜血管痉挛]]></desc></option><option><id>B</id><type>text</type><desc><![CDATA[亚硝酸盐中毒]]></desc></option><option><id>C</id><type>text</type><desc><![CDATA[肠道淤血水肿]]></desc></option><option><id>D</id><type>text</type><desc><![CDATA[一氧化碳中毒]]></desc></option><option><id>E</id><type>text</type><desc><![CDATA[氰化物中毒]]></desc></option></options><answers><![CDATA[B]]></answers></question><question><type>1</type><format>text</format><desc><![CDATA[9.一氧化碳中毒造成缺氧的主要原因]]></desc><options><option><id>A</id><type>text</type><desc><![CDATA[CO使RBC内2，3-DPG减少]]></desc></option><option><id>B</id><type>text</type><desc><![CDATA[O<sub>2</sub>与脱氧（还原）Hb结合速率变慢]]></desc></option><option><id>C</id><type>text</type><desc><![CDATA[HbCO无携O<sub>2</sub>能力]]></desc></option><option><id>D</id><type>text</type><desc><![CDATA[HbO<sub>2</sub>解离速度减慢]]></desc></option><option><id>E</id><type>text</type><desc><![CDATA[以上都不是]]></desc></option></options><answers><![CDATA[C]]></answers></question><question><type>1</type><format>text</format><desc><![CDATA[10.循环性缺氧时血氧指标最特征性的变化是]]></desc><options><option><id>A</id><type>text</type><desc><![CDATA[动脉血氧饱和度正常]]></desc></option><option><id>B</id><type>text</type><desc><![CDATA[动脉血氧分压正常]]></desc></option><option><id>C</id><type>text</type><desc><![CDATA[动脉血氧含量正常]]></desc></option><option><id>D</id><type>text</type><desc><![CDATA[血氧容量正常]]></desc></option><option><id>E</id><type>text</type><desc><![CDATA[动静脉血氧含量差增大]]></desc></option></options><answers><![CDATA[E]]></answers></question><question><type>1</type><format>text</format><desc><![CDATA[11.组织性缺氧导致细胞缺氧的机制是]]></desc><options><option><id>A</id><type>text</type><desc><![CDATA[毛细血管血液量减少]]></desc></option><option><id>B</id><type>text</type><desc><![CDATA[动脉血氧分压降低]]></desc></option><option><id>C</id><type>text</type><desc><![CDATA[组织利用氧障碍]]></desc></option><option><id>D</id><type>text</type><desc><![CDATA[血液氧容量降低]]></desc></option><option><id>E</id><type>text</type><desc><![CDATA[血液氧饱和度降低]]></desc></option></options><answers><![CDATA[C]]></answers></question><question><type>1</type><format>html</format><desc><![CDATA[12.支气管哮喘引起的缺氧中下列哪一项血氧指标的变化<u><b>不存在</b></u>]]></desc><options><option><id>A</id><type>text</type><desc><![CDATA[动静脉氧差正常或下降]]></desc></option><option><id>B</id><type>text</type><desc><![CDATA[动脉血氧分压降低]]></desc></option><option><id>C</id><type>text</type><desc><![CDATA[动脉血氧饱和度正常]]></desc></option><option><id>D</id><type>text</type><desc><![CDATA[动脉血氧含量降低]]></desc></option><option><id>E</id><type>text</type><desc><![CDATA[静脉血氧分压降低]]></desc></option></options><answers><![CDATA[C]]></answers></question><question><type>1</type><format>text</format><desc><![CDATA[13.以下哪一种原因引起的缺氧往往无发绀]]></desc><options><option><id>A</id><type>text</type><desc><![CDATA[窒息]]></desc></option><option><id>B</id><type>text</type><desc><![CDATA[组织用氧障碍]]></desc></option><option><id>C</id><type>text</type><desc><![CDATA[呼吸功能不全]]></desc></option><option><id>D</id><type>text</type><desc><![CDATA[静脉血掺杂]]></desc></option><option><id>E</id><type>text</type><desc><![CDATA[心力衰竭]]></desc></option></options><answers><![CDATA[B]]></answers></question><question><type>1</type><format>text</format><desc><![CDATA[14.急性低张性缺氧时机体最重要的代偿反应是]]></desc><options><option><id>A</id><type>text</type><desc><![CDATA[脑血流量增加]]></desc></option><option><id>B</id><type>text</type><desc><![CDATA[心率加快]]></desc></option><option><id>C</id><type>text</type><desc><![CDATA[肺通气量增加]]></desc></option><option><id>D</id><type>text</type><desc><![CDATA[腹腔内脏血流量减少]]></desc></option><option><id>E</id><type>text</type><desc><![CDATA[心肌收缩性增强]]></desc></option></options><answers><![CDATA[C]]></answers></question><question><type>1</type><format>text</format><desc><![CDATA[15.低张性缺氧引起肺通气量增加的主要机制是]]></desc><options><option><id>A</id><type>text</type><desc><![CDATA[直接刺激呼吸中枢]]></desc></option><option><id>B</id><type>text</type><desc><![CDATA[刺激颈动脉体化学感受器]]></desc></option><option><id>C</id><type>text</type><desc><![CDATA[刺激颈动脉窦和主动脉弓压力感受器]]></desc></option><option><id>D</id><type>text</type><desc><![CDATA[刺激肺牵张感受器]]></desc></option><option><id>E</id><type>text</type><desc><![CDATA[以上都不是]]></desc></option></options><answers><![CDATA[B]]></answers></question><question><type>1</type><format>text</format><desc><![CDATA[16.急性缺氧时血管收缩和血流量减少最明显的器官为]]></desc><options><option><id>A</id><type>text</type><desc><![CDATA[胰腺]]></desc></option><option><id>B</id><type>text</type><desc><![CDATA[肾脏]]></desc></option><option><id>C</id><type>text</type><desc><![CDATA[肝脏]]></desc></option><option><id>D</id><type>text</type><desc><![CDATA[肺]]></desc></option><option><id>E</id><type>text</type><desc><![CDATA[胃肠道]]></desc></option></options><answers><![CDATA[B]]></answers></question><question><type>1</type><format>html</format><desc><![CDATA[17.某病人血氧指标检查为：PaO<sub>2</sub>12.6kPa（95mmHg），PVO<sub>2</sub>6.3kPa（55mmHg），血氧容量10.8ml/dl，动脉血氧饱和度95％，动静脉氧含量差2.8ml/dl，此病人可能是何种类型缺氧]]></desc><options><option><id>A</id><type>text</type><desc><![CDATA[淤血性缺氧]]></desc></option><option><id>B</id><type>text</type><desc><![CDATA[血液性缺氧]]></desc></option><option><id>C</id><type>text</type><desc><![CDATA[循环性缺氧]]></desc></option><option><id>D</id><type>text</type><desc><![CDATA[低张性缺氧]]></desc></option><option><id>E</id><type>text</type><desc><![CDATA[氰化物中毒]]></desc></option></options><answers><![CDATA[B]]></answers></question></questions><questions><instructions><![CDATA[二、共用题干选择题]]></instructions><question><type>3</type><format>html</format><desc><![CDATA[1.病人，女，16岁，清晨母亲唤其起床，呼之不应，即送医院。病人以往身体健康，其卧室以煤炉取暖，窗户紧闭。体检：体温37.5℃，呼吸22次/min，脉搏115次/min，血压13.0/9.33kPa（100/70mmHg）。神志不清，口唇呈樱红色。其他无异常发现。实验室检查：PaO<sub>2</sub>12.6kPa，血氧容量10.8ml/dl，动脉血氧饱和度95%，HbCO 30%。入院后立即吸O<sub>2</sub>，高压氧舱，给予纠酸、补液等处理后，病情迅速好转，苏醒。]]></desc><children><question><type>3</type><format>text</format><desc><![CDATA[（1）病人昏迷的原因]]></desc><options><option><id>A</id><type>text</type><desc><![CDATA[CO中毒]]></desc></option><option><id>B</id><type>text</type><desc><![CDATA[严重贫血]]></desc></option><option><id>C</id><type>text</type><desc><![CDATA[过氯酸盐中毒]]></desc></option><option><id>D</id><type>text</type><desc><![CDATA[肺心病]]></desc></option><option><id>E</id><type>text</type><desc><![CDATA[氰化钾中毒]]></desc></option></options><answers><![CDATA[A]]></answers></question><question><type>3</type><format>html</format><desc><![CDATA[（2）CO中毒引起缺氧的主要原因，<u><b>错误</b></u>的是]]></desc><options><option><id>A</id><type>text</type><desc><![CDATA[Hb与CO结合形成HbCO]]></desc></option><option><id>B</id><type>text</type><desc><![CDATA[氧离曲线左移]]></desc></option><option><id>C</id><type>text</type><desc><![CDATA[血氧容量不变]]></desc></option><option><id>D</id><type>text</type><desc><![CDATA[CO抑制红细胞内糖酵解]]></desc></option><option><id>E</id><type>text</type><desc><![CDATA[HbCO无携氧能力]]></desc></option></options><answers><![CDATA[C]]></answers></question></children></question><question><type>3</type><format>text</format><desc><![CDATA[2.登山运动员，男，50岁，身体健康，攀登3000米的高峰时发生呼吸困难，缺氧症状，紧急救援。]]></desc><children><question><type>3</type><format>text</format><desc><![CDATA[（1）发生缺氧的原因]]></desc><options><option><id>A</id><type>text</type><desc><![CDATA[肺循环血量少]]></desc></option><option><id>B</id><type>text</type><desc><![CDATA[血液携氧能力低]]></desc></option><option><id>C</id><type>text</type><desc><![CDATA[组织利用氧能力低]]></desc></option><option><id>D</id><type>text</type><desc><![CDATA[肺部气体交换差]]></desc></option><option><id>E</id><type>text</type><desc><![CDATA[吸入气氧分压低]]></desc></option></options><answers><![CDATA[E]]></answers></question><question><type>3</type><format>text</format><desc><![CDATA[（2）急性低张性缺氧时机体重要的代偿反应是]]></desc><options><option><id>A</id><type>text</type><desc><![CDATA[脑血流量增加]]></desc></option><option><id>B</id><type>text</type><desc><![CDATA[肺通气量增加]]></desc></option><option><id>C</id><type>text</type><desc><![CDATA[心率加快]]></desc></option><option><id>D</id><type>text</type><desc><![CDATA[心肌收缩性增强]]></desc></option><option><id>E</id><type>text</type><desc><![CDATA[以上均是]]></desc></option></options><answers><![CDATA[E]]></answers></question></children></question></questions></exam>