﻿<?xml version="1.0" encoding="UTF-8"?><exam><id>20181120152247</id><questions><instructions><![CDATA[一、单项选择题]]></instructions><question><type>1</type><format>text</format><desc><![CDATA[1.启动1型糖尿病胰岛B细胞自身免疫反应的最重要的环境因素之一的是]]></desc><options><option><id>A</id><type>text</type><desc><![CDATA[应激]]></desc></option><option><id>B</id><type>text</type><desc><![CDATA[细菌感染]]></desc></option><option><id>C</id><type>text</type><desc><![CDATA[病毒感染]]></desc></option><option><id>D</id><type>text</type><desc><![CDATA[精神创伤]]></desc></option><option><id>E</id><type>text</type><desc><![CDATA[创伤]]></desc></option></options><answers><![CDATA[C]]></answers></question><question><type>1</type><format>text</format><desc><![CDATA[2.2型糖尿病发病的两个要素是指]]></desc><options><option><id>A</id><type>text</type><desc><![CDATA[胰岛B细胞功能丧失和胰岛素抵抗]]></desc></option><option><id>B</id><type>text</type><desc><![CDATA[糖耐量减低和胰岛素分泌缺陷]]></desc></option><option><id>C</id><type>text</type><desc><![CDATA[糖耐量减低和空腹血糖调节受损]]></desc></option><option><id>D</id><type>text</type><desc><![CDATA[胰岛素抵抗和胰岛素功能缺陷]]></desc></option><option><id>E</id><type>text</type><desc><![CDATA[胰岛素抵抗和糖耐量减低]]></desc></option></options><answers><![CDATA[C]]></answers></question><question><type>1</type><format>text</format><desc><![CDATA[3.1型与2型糖尿病的区别在于]]></desc><options><option><id>A</id><type>text</type><desc><![CDATA[胰岛素基础分泌程度的不同]]></desc></option><option><id>B</id><type>text</type><desc><![CDATA[发病年龄的不同]]></desc></option><option><id>C</id><type>text</type><desc><![CDATA[发病诱因的不同]]></desc></option><option><id>D</id><type>text</type><desc><![CDATA[血糖升高程度的不同]]></desc></option><option><id>E</id><type>text</type><desc><![CDATA[首发症状的不同]]></desc></option></options><answers><![CDATA[A]]></answers></question><question><type>1</type><format>text</format><desc><![CDATA[4.符合1型糖尿病临床特征的是]]></desc><options><option><id>A</id><type>text</type><desc><![CDATA[多见于成年人]]></desc></option><option><id>B</id><type>text</type><desc><![CDATA[肥胖病人多见]]></desc></option><option><id>C</id><type>text</type><desc><![CDATA[病程进展缓慢]]></desc></option><option><id>D</id><type>text</type><desc><![CDATA[有酮症酸中毒倾向]]></desc></option><option><id>E</id><type>text</type><desc><![CDATA[不需依赖胰岛素治疗]]></desc></option></options><answers><![CDATA[D]]></answers></question><question><type>1</type><format>text</format><desc><![CDATA[5.符合2型糖尿病临床特征的是]]></desc><options><option><id>A</id><type>text</type><desc><![CDATA[多见于青少年]]></desc></option><option><id>B</id><type>text</type><desc><![CDATA[病人多较肥胖]]></desc></option><option><id>C</id><type>text</type><desc><![CDATA[起病急症状明显]]></desc></option><option><id>D</id><type>text</type><desc><![CDATA[有酮症酸中毒倾向]]></desc></option><option><id>E</id><type>text</type><desc><![CDATA[需依赖胰岛素治疗]]></desc></option></options><answers><![CDATA[B]]></answers></question><question><type>1</type><format>text</format><desc><![CDATA[6.患儿，女性，5岁，诊断为1型糖尿病。护士在做健康教育时，应告诉患儿家属警惕本病最常见的急性并发症是]]></desc><options><option><id>A</id><type>text</type><desc><![CDATA[脑卒中]]></desc></option><option><id>B</id><type>text</type><desc><![CDATA[急性心肌梗死]]></desc></option><option><id>C</id><type>text</type><desc><![CDATA[酮症酸中毒]]></desc></option><option><id>D</id><type>text</type><desc><![CDATA[高渗性非酮症昏迷]]></desc></option><option><id>E</id><type>text</type><desc><![CDATA[感染]]></desc></option></options><answers><![CDATA[C]]></answers></question><question><type>1</type><format>text</format><desc><![CDATA[7.在护理1型糖尿病病人时，护士应指导病人家属注意调整饮食，控制血糖在达标范围内，以此延缓糖尿病慢性并发症的发生，并应明确导致1型糖尿病人死亡的主要原因是]]></desc><options><option><id>A</id><type>text</type><desc><![CDATA[糖尿病肾病]]></desc></option><option><id>B</id><type>text</type><desc><![CDATA[急性心肌梗死]]></desc></option><option><id>C</id><type>text</type><desc><![CDATA[脑卒中]]></desc></option><option><id>D</id><type>text</type><desc><![CDATA[糖尿病酮症酸中毒]]></desc></option><option><id>E</id><type>text</type><desc><![CDATA[感染]]></desc></option></options><answers><![CDATA[A]]></answers></question><question><type>1</type><format>text</format><desc><![CDATA[8.病人，男性，45岁，单位查体验血糖为6.7mmol/L，来糖尿病咨询门诊咨询，糖尿病健康教育护士给予了解答。为明确诊断应建议病人进一步做的检查是]]></desc><options><option><id>A</id><type>text</type><desc><![CDATA[尿糖]]></desc></option><option><id>B</id><type>text</type><desc><![CDATA[血糖]]></desc></option><option><id>C</id><type>text</type><desc><![CDATA[OGTT糖耐量]]></desc></option><option><id>D</id><type>text</type><desc><![CDATA[血浆胰岛素]]></desc></option><option><id>E</id><type>text</type><desc><![CDATA[糖化血红蛋白]]></desc></option></options><answers><![CDATA[C]]></answers></question><question><type>1</type><format>text</format><desc><![CDATA[9.病人，男性，45岁，身高175cm，体重84kg，工程师，从事室内设计，诊断为2型糖尿病。护士在饮食及运动方面给予其健康教育。该男性病人的理想体重应该是]]></desc><options><option><id>A</id><type>text</type><desc><![CDATA[60kg]]></desc></option><option><id>B</id><type>text</type><desc><![CDATA[65kg]]></desc></option><option><id>C</id><type>text</type><desc><![CDATA[70kg]]></desc></option><option><id>D</id><type>text</type><desc><![CDATA[75kg]]></desc></option><option><id>E</id><type>text</type><desc><![CDATA[80kg]]></desc></option></options><answers><![CDATA[C]]></answers></question><question><type>1</type><format>text</format><desc><![CDATA[10.告诉病人为良好控制血糖，饮食疗法中关键的一个方面是]]></desc><options><option><id>A</id><type>text</type><desc><![CDATA[按时进食]]></desc></option><option><id>B</id><type>text</type><desc><![CDATA[控制总热量]]></desc></option><option><id>C</id><type>text</type><desc><![CDATA[严格限制各种甜食]]></desc></option><option><id>D</id><type>text</type><desc><![CDATA[不能空腹进行体育锻炼]]></desc></option><option><id>E</id><type>text</type><desc><![CDATA[每周监测体重]]></desc></option></options><answers><![CDATA[B]]></answers></question><question><type>1</type><format>html</format><desc><![CDATA[11.一糖尿病教育护士在社区做糖尿病健康教育，其在运动方面的指导<u><b>不妥</b></u>的是]]></desc><options><option><id>A</id><type>text</type><desc><![CDATA[1型糖尿病病人可安排在餐前运动]]></desc></option><option><id>B</id><type>text</type><desc><![CDATA[2型糖尿病病人宜于餐前运动]]></desc></option><option><id>C</id><type>text</type><desc><![CDATA[最好做有氧运动]]></desc></option><option><id>D</id><type>text</type><desc><![CDATA[运动量以不感到疲劳为度]]></desc></option><option><id>E</id><type>text</type><desc><![CDATA[合并急性感染时期卧床休息]]></desc></option></options><answers><![CDATA[A]]></answers></question><question><type>1</type><format>text</format><desc><![CDATA[12.抢救糖尿病酮症中毒的首要的，极其关键的措施是]]></desc><options><option><id>A</id><type>text</type><desc><![CDATA[胰岛素治疗]]></desc></option><option><id>B</id><type>text</type><desc><![CDATA[补液]]></desc></option><option><id>C</id><type>text</type><desc><![CDATA[纠正电解质紊乱]]></desc></option><option><id>D</id><type>text</type><desc><![CDATA[纠正酸中毒]]></desc></option><option><id>E</id><type>text</type><desc><![CDATA[抗感染]]></desc></option></options><answers><![CDATA[B]]></answers></question><question><type>1</type><format>text</format><desc><![CDATA[13.地方性甲状腺肿的主要发病原因是由于食物中缺少]]></desc><options><option><id>A</id><type>text</type><desc><![CDATA[铁]]></desc></option><option><id>B</id><type>text</type><desc><![CDATA[钙]]></desc></option><option><id>C</id><type>text</type><desc><![CDATA[碘]]></desc></option><option><id>D</id><type>text</type><desc><![CDATA[维生素A]]></desc></option><option><id>E</id><type>text</type><desc><![CDATA[维生素B<sub>1</sub>]]></desc></option></options><answers><![CDATA[C]]></answers></question><question><type>1</type><format>text</format><desc><![CDATA[14.女性，52岁，失眠多梦，烦躁不安，多汗消瘦，血压高，心率快，此时最可能的原因是]]></desc><options><option><id>A</id><type>text</type><desc><![CDATA[甲状腺功能亢进]]></desc></option><option><id>B</id><type>text</type><desc><![CDATA[甲状腺功能低下]]></desc></option><option><id>C</id><type>text</type><desc><![CDATA[肾上腺皮质功能亢进]]></desc></option><option><id>D</id><type>text</type><desc><![CDATA[甲状腺肿]]></desc></option><option><id>E</id><type>text</type><desc><![CDATA[肾上腺皮质功能低下]]></desc></option></options><answers><![CDATA[A]]></answers></question><question><type>1</type><format>text</format><desc><![CDATA[15.病人，女性，28岁，居住贵州省山区。近1年来出现颈部增粗，医院就医后诊断为单纯性甲状腺肿，最可能的致病因素为]]></desc><options><option><id>A</id><type>text</type><desc><![CDATA[服用过多致甲状腺肿药物]]></desc></option><option><id>B</id><type>text</type><desc><![CDATA[地方性碘缺乏]]></desc></option><option><id>C</id><type>text</type><desc><![CDATA[青春发育期对甲状腺激素需要量增加]]></desc></option><option><id>D</id><type>text</type><desc><![CDATA[先天性甲状腺激素合成障碍]]></desc></option><option><id>E</id><type>text</type><desc><![CDATA[妊娠期需要量增多]]></desc></option></options><answers><![CDATA[B]]></answers></question><question><type>1</type><format>text</format><desc><![CDATA[16.病人，女性，15岁，诊断单纯性甲状腺肿大2年。目前甲状腺肿大加重，出现了声音嘶哑，其肿大的甲状腺可能压迫了]]></desc><options><option><id>A</id><type>text</type><desc><![CDATA[气管]]></desc></option><option><id>B</id><type>text</type><desc><![CDATA[食管]]></desc></option><option><id>C</id><type>text</type><desc><![CDATA[喉返神经]]></desc></option><option><id>D</id><type>text</type><desc><![CDATA[颈交感神经]]></desc></option><option><id>E</id><type>text</type><desc><![CDATA[上腔静脉]]></desc></option></options><answers><![CDATA[C]]></answers></question><question><type>1</type><format>text</format><desc><![CDATA[17.病人，女性，38岁，患有单纯性甲状腺肿10年，近一个月来出现声音嘶哑，吞咽食物有异物感，其适宜的治疗方法是]]></desc><options><option><id>A</id><type>text</type><desc><![CDATA[碘化食盐]]></desc></option><option><id>B</id><type>text</type><desc><![CDATA[大剂量碘]]></desc></option><option><id>C</id><type>text</type><desc><![CDATA[左甲状腺素]]></desc></option><option><id>D</id><type>text</type><desc><![CDATA[干甲状腺片]]></desc></option><option><id>E</id><type>text</type><desc><![CDATA[手术切除]]></desc></option></options><answers><![CDATA[E]]></answers></question><question><type>1</type><format>text</format><desc><![CDATA[18.病人，女性，18岁，居住在沿海城市，近3个月来颈部增粗，诊断为单纯性甲状腺肿。就诊后该病人和家属询问有关该病的注意事项。作为护士应给予病人的健康教育是：告诉该病人她患病的最可能病因是]]></desc><options><option><id>A</id><type>text</type><desc><![CDATA[致甲状腺肿药物服用过多]]></desc></option><option><id>B</id><type>text</type><desc><![CDATA[青春发育期对甲状腺激素需要量增加]]></desc></option><option><id>C</id><type>text</type><desc><![CDATA[地方性碘缺乏]]></desc></option><option><id>D</id><type>text</type><desc><![CDATA[先天性甲状腺激素合成障碍]]></desc></option><option><id>E</id><type>text</type><desc><![CDATA[摄碘过多]]></desc></option></options><answers><![CDATA[B]]></answers></question><question><type>1</type><format>text</format><desc><![CDATA[19.导致甲状腺功能亢进的最常见原因是]]></desc><options><option><id>A</id><type>text</type><desc><![CDATA[弥漫性毒性甲状腺肿]]></desc></option><option><id>B</id><type>text</type><desc><![CDATA[结节性毒性甲状腺肿]]></desc></option><option><id>C</id><type>text</type><desc><![CDATA[甲状腺高功能腺瘤]]></desc></option><option><id>D</id><type>text</type><desc><![CDATA[桥本甲状腺毒症]]></desc></option><option><id>E</id><type>text</type><desc><![CDATA[垂体TSH腺瘤或增生致甲状腺功能亢进症]]></desc></option></options><answers><![CDATA[A]]></answers></question><question><type>1</type><format>text</format><desc><![CDATA[20.目前公认的与弥漫性毒性甲状腺肿的发生有关的因素是]]></desc><options><option><id>A</id><type>text</type><desc><![CDATA[感染导致]]></desc></option><option><id>B</id><type>text</type><desc><![CDATA[遗传因素]]></desc></option><option><id>C</id><type>text</type><desc><![CDATA[应激刺激]]></desc></option><option><id>D</id><type>text</type><desc><![CDATA[自身免疫反应]]></desc></option><option><id>E</id><type>text</type><desc><![CDATA[摄碘过多]]></desc></option></options><answers><![CDATA[D]]></answers></question><question><type>1</type><format>text</format><desc><![CDATA[21.甲亢病人心血管系统的特征性表现是]]></desc><options><option><id>A</id><type>text</type><desc><![CDATA[心悸气短]]></desc></option><option><id>B</id><type>text</type><desc><![CDATA[睡眠时心率仍增快]]></desc></option><option><id>C</id><type>text</type><desc><![CDATA[心尖部第一心音亢进]]></desc></option><option><id>D</id><type>text</type><desc><![CDATA[房颤]]></desc></option><option><id>E</id><type>text</type><desc><![CDATA[心脏增大]]></desc></option></options><answers><![CDATA[B]]></answers></question><question><type>1</type><format>text</format><desc><![CDATA[22.病人，男性，62岁，体重89kg，平时少运动，诊断为2型糖尿病。护士在进行运动方面的指导时，可以建议病人选择最容易坚持的运动方法是]]></desc><options><option><id>A</id><type>text</type><desc><![CDATA[打太极拳]]></desc></option><option><id>B</id><type>text</type><desc><![CDATA[游泳]]></desc></option><option><id>C</id><type>text</type><desc><![CDATA[爬山]]></desc></option><option><id>D</id><type>text</type><desc><![CDATA[步行]]></desc></option><option><id>E</id><type>text</type><desc><![CDATA[瑜珈]]></desc></option></options><answers><![CDATA[D]]></answers></question><question><type>1</type><format>text</format><desc><![CDATA[23.病人，男性，55岁，诊断为2型糖尿病，应用格列美脲降血糖。在用药过程中病人出现了强烈饥饿感，心慌、手抖、出汗、头晕无力等，提示该病人合并了]]></desc><options><option><id>A</id><type>text</type><desc><![CDATA[糖尿病酮症酸中毒反应]]></desc></option><option><id>B</id><type>text</type><desc><![CDATA[低血糖反应]]></desc></option><option><id>C</id><type>text</type><desc><![CDATA[糖尿病高渗性非酮症糖尿病昏迷]]></desc></option><option><id>D</id><type>text</type><desc><![CDATA[休克]]></desc></option><option><id>E</id><type>text</type><desc><![CDATA[心律失常]]></desc></option></options><answers><![CDATA[B]]></answers></question><question><type>1</type><format>text</format><desc><![CDATA[24.病人，女性，57岁，2型糖尿病7年，因血糖控制不好，改用胰岛素治疗。护士应告诉该病人注射胰岛素后最常发生的不良反应是]]></desc><options><option><id>A</id><type>text</type><desc><![CDATA[低血糖反应]]></desc></option><option><id>B</id><type>text</type><desc><![CDATA[过敏反应]]></desc></option><option><id>C</id><type>text</type><desc><![CDATA[胃肠道反应]]></desc></option><option><id>D</id><type>text</type><desc><![CDATA[注射部位脂肪萎陷]]></desc></option><option><id>E</id><type>text</type><desc><![CDATA[酮症酸中毒]]></desc></option></options><answers><![CDATA[A]]></answers></question><question><type>1</type><format>text</format><desc><![CDATA[25.病人，女性，25岁，出现怕热多汗，多食消瘦、心动过速，易发怒等症状，诊断为甲状腺功能亢进症，其中属于高代谢症群的症状是]]></desc><options><option><id>A</id><type>text</type><desc><![CDATA[手指细颤]]></desc></option><option><id>B</id><type>text</type><desc><![CDATA[怕热多汗]]></desc></option><option><id>C</id><type>text</type><desc><![CDATA[多食消瘦]]></desc></option><option><id>D</id><type>text</type><desc><![CDATA[周期性麻痹]]></desc></option><option><id>E</id><type>text</type><desc><![CDATA[激动易怒]]></desc></option></options><answers><![CDATA[B]]></answers></question><question><type>1</type><format>text</format><desc><![CDATA[26.病人，女性，58岁，患有甲亢3年，近来出现肌无力等甲亢性肌病表现。护士在给予病人健康教育时，应让病人特别注意的症状是]]></desc><options><option><id>A</id><type>text</type><desc><![CDATA[进食饮水发呛]]></desc></option><option><id>B</id><type>text</type><desc><![CDATA[心动过速]]></desc></option><option><id>C</id><type>text</type><desc><![CDATA[多汗怕热]]></desc></option><option><id>D</id><type>text</type><desc><![CDATA[手指细颤]]></desc></option><option><id>E</id><type>text</type><desc><![CDATA[腹泻]]></desc></option></options><answers><![CDATA[A]]></answers></question><question><type>1</type><format>html</format><desc><![CDATA[27.病人，女性，30岁，因疲乏无力、多汗怕热，爱发脾气，体重减轻，有浸润性突眼，诊断为甲状腺功能亢进。护士为其进行饮食指导时，应告诉病人<u><b>避免</b></u>食用]]></desc><options><option><id>A</id><type>text</type><desc><![CDATA[高热量、高蛋白食物]]></desc></option><option><id>B</id><type>text</type><desc><![CDATA[含碘丰富的食物]]></desc></option><option><id>C</id><type>text</type><desc><![CDATA[低纤维素食物]]></desc></option><option><id>D</id><type>text</type><desc><![CDATA[富含钾、钙的食物]]></desc></option><option><id>E</id><type>text</type><desc><![CDATA[豆腐、豆浆等豆制品]]></desc></option></options><answers><![CDATA[B]]></answers></question></questions><questions><instructions><![CDATA[二、共用题干选择题]]></instructions><question><type>3</type><format>text</format><desc><![CDATA[1.病人，男性，19岁，患1型糖尿病多年，注射胰岛素控制血糖。因上感，体温39.2℃，食欲减退，恶心、呕吐、腹痛。护理体检，呼吸深大，可闻烂苹果味，皮肤干燥，烦躁和嗜睡交替。监测血糖21.5mmol/L。]]></desc><children><question><type>3</type><format>text</format><desc><![CDATA[（1）根据评估结果，判断病人可能合并了]]></desc><options><option><id>A</id><type>text</type><desc><![CDATA[酮症酸中毒]]></desc></option><option><id>B</id><type>text</type><desc><![CDATA[低血糖反应]]></desc></option><option><id>C</id><type>text</type><desc><![CDATA[急性胃肠炎]]></desc></option><option><id>D</id><type>text</type><desc><![CDATA[高渗性非酮症昏迷]]></desc></option><option><id>E</id><type>text</type><desc><![CDATA[急性脑炎]]></desc></option></options><answers><![CDATA[A]]></answers></question><question><type>3</type><format>html</format><desc><![CDATA[（2）护士在协助医生进行抢救时，应<u><b>除外</b></u>的护理措施是]]></desc><options><option><id>A</id><type>text</type><desc><![CDATA[迅速建立两条静脉通道]]></desc></option><option><id>B</id><type>text</type><desc><![CDATA[给予低流量持续吸氧]]></desc></option><option><id>C</id><type>text</type><desc><![CDATA[胰岛素应小剂量持续点滴]]></desc></option><option><id>D</id><type>text</type><desc><![CDATA[抢救时将胰岛素加入5％葡萄糖盐液中]]></desc></option><option><id>E</id><type>text</type><desc><![CDATA[监测电解质特别是血钾的改变]]></desc></option></options><answers><![CDATA[D]]></answers></question></children></question></questions></exam>