﻿<?xml version="1.0" encoding="UTF-8"?><exam><id>20181120143311</id><questions><instructions><![CDATA[一、单项选择题]]></instructions><question><type>1</type><format>text</format><desc><![CDATA[1．心力衰竭细胞是指心力衰竭时出现的]]></desc><options><option><id>A</id><type>text</type><desc><![CDATA[含脂褐素的心肌细胞]]></desc></option><option><id>B</id><type>text</type><desc><![CDATA[肺泡腔的泡沫细胞]]></desc></option><option><id>C</id><type>text</type><desc><![CDATA[肺泡腔内吞噬炭末的巨噬细胞]]></desc></option><option><id>D</id><type>text</type><desc><![CDATA[肺泡腔内含有含铁血黄素的巨噬细胞]]></desc></option><option><id>E</id><type>text</type><desc><![CDATA[肺泡腔内吞噬矽尘的巨噬细胞]]></desc></option></options><answers><![CDATA[D]]></answers></question><question><type>1</type><format>html</format><desc><![CDATA[2. 慢性肝淤血病变的叙述，哪项是<u><b>错误</b></u>的]]></desc><options><option><id>A</id><type>text</type><desc><![CDATA[中央静脉扩张]]></desc></option><option><id>B</id><type>text</type><desc><![CDATA[肝细胞萎缩]]></desc></option><option><id>C</id><type>text</type><desc><![CDATA[肝细胞脂肪变性]]></desc></option><option><id>D</id><type>text</type><desc><![CDATA[肝窦扩张]]></desc></option><option><id>E</id><type>text</type><desc><![CDATA[肝细胞大片坏死]]></desc></option></options><answers><![CDATA[E]]></answers></question><question><type>1</type><format>text</format><desc><![CDATA[3. 槟榔肝是指]]></desc><options><option><id>A</id><type>text</type><desc><![CDATA[肝脂肪变性]]></desc></option><option><id>B</id><type>text</type><desc><![CDATA[肝硬化]]></desc></option><option><id>C</id><type>text</type><desc><![CDATA[肝细胞萎缩]]></desc></option><option><id>D</id><type>text</type><desc><![CDATA[慢性肝淤血]]></desc></option><option><id>E</id><type>text</type><desc><![CDATA[肝细胞肿胀]]></desc></option></options><answers><![CDATA[D]]></answers></question><question><type>1</type><format>text</format><desc><![CDATA[4．风湿性心内膜炎瓣膜闭锁缘血栓的主要成分是]]></desc><options><option><id>A</id><type>text</type><desc><![CDATA[血小板和纤维素]]></desc></option><option><id>B</id><type>text</type><desc><![CDATA[毛细血管和成纤维细胞]]></desc></option><option><id>C</id><type>text</type><desc><![CDATA[血小板和白细胞]]></desc></option><option><id>D</id><type>text</type><desc><![CDATA[血小板和内皮细胞]]></desc></option><option><id>E</id><type>text</type><desc><![CDATA[血小板和成纤维细胞]]></desc></option></options><answers><![CDATA[A]]></answers></question><question><type>1</type><format>text</format><desc><![CDATA[5.血栓由肉芽组织取代的过程称为]]></desc><options><option><id>A</id><type>text</type><desc><![CDATA[钙化]]></desc></option><option><id>B</id><type>text</type><desc><![CDATA[溶解]]></desc></option><option><id>C</id><type>text</type><desc><![CDATA[吸收]]></desc></option><option><id>D</id><type>text</type><desc><![CDATA[机化]]></desc></option><option><id>E</id><type>text</type><desc><![CDATA[再通]]></desc></option></options><answers><![CDATA[D]]></answers></question><question><type>1</type><format>html</format><desc><![CDATA[6.下列哪项<u><b>不是</b></u>体循环淤血的表现]]></desc><options><option><id>A</id><type>text</type><desc><![CDATA[颈静脉怒张]]></desc></option><option><id>B</id><type>text</type><desc><![CDATA[肝脾淤血]]></desc></option><option><id>C</id><type>text</type><desc><![CDATA[下肢水肿]]></desc></option><option><id>D</id><type>text</type><desc><![CDATA[肺淤血]]></desc></option><option><id>E</id><type>text</type><desc><![CDATA[下肢淤血]]></desc></option></options><answers><![CDATA[D]]></answers></question><question><type>1</type><format>text</format><desc><![CDATA[7.肺动脉血栓栓塞的栓子主要来自]]></desc><options><option><id>A</id><type>text</type><desc><![CDATA[下肢静脉]]></desc></option><option><id>B</id><type>text</type><desc><![CDATA[门静脉]]></desc></option><option><id>C</id><type>text</type><desc><![CDATA[上腔静脉]]></desc></option><option><id>D</id><type>text</type><desc><![CDATA[头颈静脉]]></desc></option><option><id>E</id><type>text</type><desc><![CDATA[胸壁静脉]]></desc></option></options><answers><![CDATA[A]]></answers></question><question><type>1</type><format>text</format><desc><![CDATA[8.最常见的栓塞为]]></desc><options><option><id>A</id><type>text</type><desc><![CDATA[细菌栓塞]]></desc></option><option><id>B</id><type>text</type><desc><![CDATA[血栓栓塞]]></desc></option><option><id>C</id><type>text</type><desc><![CDATA[脂肪栓塞]]></desc></option><option><id>D</id><type>text</type><desc><![CDATA[羊水栓塞]]></desc></option><option><id>E</id><type>text</type><desc><![CDATA[气体栓塞]]></desc></option></options><answers><![CDATA[B]]></answers></question><question><type>1</type><format>text</format><desc><![CDATA[9.潜水员从深水中过快的升至水面可导致]]></desc><options><option><id>A</id><type>text</type><desc><![CDATA[空气栓塞]]></desc></option><option><id>B</id><type>text</type><desc><![CDATA[细菌栓塞]]></desc></option><option><id>C</id><type>text</type><desc><![CDATA[脂肪栓塞]]></desc></option><option><id>D</id><type>text</type><desc><![CDATA[氮气栓塞]]></desc></option><option><id>E</id><type>text</type><desc><![CDATA[细胞栓塞]]></desc></option></options><answers><![CDATA[D]]></answers></question><question><type>1</type><format>text</format><desc><![CDATA[10.脂肪栓塞易发生于]]></desc><options><option><id>A</id><type>text</type><desc><![CDATA[潜水作业时]]></desc></option><option><id>B</id><type>text</type><desc><![CDATA[分娩时]]></desc></option><option><id>C</id><type>text</type><desc><![CDATA[外伤骨折时]]></desc></option><option><id>D</id><type>text</type><desc><![CDATA[输血时]]></desc></option><option><id>E</id><type>text</type><desc><![CDATA[静脉注射时]]></desc></option></options><answers><![CDATA[C]]></answers></question><question><type>1</type><format>text</format><desc><![CDATA[11.肠扭转可引起肠壁发生]]></desc><options><option><id>A</id><type>text</type><desc><![CDATA[液化性坏死]]></desc></option><option><id>B</id><type>text</type><desc><![CDATA[贫血性梗死]]></desc></option><option><id>C</id><type>text</type><desc><![CDATA[干性坏疽]]></desc></option><option><id>D</id><type>text</type><desc><![CDATA[出血性梗死]]></desc></option><option><id>E</id><type>text</type><desc><![CDATA[气性坏疽]]></desc></option></options><answers><![CDATA[D]]></answers></question><question><type>1</type><format>text</format><desc><![CDATA[12.心肌梗死大体改变是]]></desc><options><option><id>A</id><type>text</type><desc><![CDATA[锥体形]]></desc></option><option><id>B</id><type>text</type><desc><![CDATA[楔形]]></desc></option><option><id>C</id><type>text</type><desc><![CDATA[圆形]]></desc></option><option><id>D</id><type>text</type><desc><![CDATA[扇面形]]></desc></option><option><id>E</id><type>text</type><desc><![CDATA[不规则形]]></desc></option></options><answers><![CDATA[E]]></answers></question></questions></exam>