﻿<?xml version="1.0" encoding="UTF-8"?><exam><id>20181120142345</id><questions><instructions><![CDATA[一、单项选择题]]></instructions><question><type>1</type><format>text</format><desc><![CDATA[1．应激是机体受到各种强烈因素刺激时所产生的一种]]></desc><options><option><id>A</id><type>text</type><desc><![CDATA[特异性全身反应]]></desc></option><option><id>B</id><type>text</type><desc><![CDATA[损害性全身反应]]></desc></option><option><id>C</id><type>text</type><desc><![CDATA[非特异性全身反应]]></desc></option><option><id>D</id><type>text</type><desc><![CDATA[代偿性全身反应]]></desc></option><option><id>E</id><type>text</type><desc><![CDATA[防御性全身反应]]></desc></option></options><answers><![CDATA[C]]></answers></question><question><type>1</type><format>text</format><desc><![CDATA[2．能作为应激原的是]]></desc><options><option><id>A</id><type>text</type><desc><![CDATA[寒冷]]></desc></option><option><id>B</id><type>text</type><desc><![CDATA[惊恐]]></desc></option><option><id>C</id><type>text</type><desc><![CDATA[化学毒物]]></desc></option><option><id>D</id><type>text</type><desc><![CDATA[感染]]></desc></option><option><id>E</id><type>text</type><desc><![CDATA[以上都是]]></desc></option></options><answers><![CDATA[E]]></answers></question><question><type>1</type><format>html</format><desc><![CDATA[3．应激过程中儿茶酚胺促进下列激素分泌，<u><b>除了</b></u>]]></desc><options><option><id>A</id><type>text</type><desc><![CDATA[胰高血糖素]]></desc></option><option><id>B</id><type>text</type><desc><![CDATA[甲状腺素]]></desc></option><option><id>C</id><type>text</type><desc><![CDATA[生长素]]></desc></option><option><id>D</id><type>text</type><desc><![CDATA[促肾上腺皮质激素]]></desc></option><option><id>E</id><type>text</type><desc><![CDATA[胰岛素]]></desc></option></options><answers><![CDATA[E]]></answers></question><question><type>1</type><format>text</format><desc><![CDATA[4．应激时急性期反应蛋白增加最多的是]]></desc><options><option><id>A</id><type>text</type><desc><![CDATA[纤维蛋白原]]></desc></option><option><id>B</id><type>text</type><desc><![CDATA[α<sub>2</sub>-巨球蛋白]]></desc></option><option><id>C</id><type>text</type><desc><![CDATA[C反应蛋白]]></desc></option><option><id>D</id><type>text</type><desc><![CDATA[补体蛋白]]></desc></option><option><id>E</id><type>text</type><desc><![CDATA[α<sub>1</sub>蛋白酶抑制剂]]></desc></option></options><answers><![CDATA[C]]></answers></question><question><type>1</type><format>text</format><desc><![CDATA[5．应激时，消化系统的改变主要表现为]]></desc><options><option><id>A</id><type>text</type><desc><![CDATA[胃肠血管舒张、血流量增加]]></desc></option><option><id>B</id><type>text</type><desc><![CDATA[胃酸分泌增加]]></desc></option><option><id>C</id><type>text</type><desc><![CDATA[胃黏液蛋白分泌增加]]></desc></option><option><id>D</id><type>text</type><desc><![CDATA[平滑肌麻痹]]></desc></option><option><id>E</id><type>text</type><desc><![CDATA[胃黏膜糜烂、溃疡、出血]]></desc></option></options><answers><![CDATA[E]]></answers></question><question><type>1</type><format>text</format><desc><![CDATA[6．应激时物质代谢变化特点是]]></desc><options><option><id>A</id><type>text</type><desc><![CDATA[分解减少，合成减少]]></desc></option><option><id>B</id><type>text</type><desc><![CDATA[分解增加，合成增加]]></desc></option><option><id>C</id><type>text</type><desc><![CDATA[分解减少，合成增加]]></desc></option><option><id>D</id><type>text</type><desc><![CDATA[分解增加，合成减少]]></desc></option><option><id>E</id><type>text</type><desc><![CDATA[分解增加，合成不变]]></desc></option></options><answers><![CDATA[D]]></answers></question><question><type>1</type><format>text</format><desc><![CDATA[7．关于热休克蛋白功能的叙述，正确的是]]></desc><options><option><id>A</id><type>text</type><desc><![CDATA[清除异物和坏死组织]]></desc></option><option><id>B</id><type>text</type><desc><![CDATA[充当“分子伴娘”的作用]]></desc></option><option><id>C</id><type>text</type><desc><![CDATA[增强机体抗出血能力]]></desc></option><option><id>D</id><type>text</type><desc><![CDATA[抑制蛋白酶活性]]></desc></option><option><id>E</id><type>text</type><desc><![CDATA[清除自由基]]></desc></option></options><answers><![CDATA[B]]></answers></question><question><type>1</type><format>text</format><desc><![CDATA[8．急性期反应蛋白主要由下列哪种细胞合成]]></desc><options><option><id>A</id><type>text</type><desc><![CDATA[单核吞噬细胞]]></desc></option><option><id>B</id><type>text</type><desc><![CDATA[成纤维细胞]]></desc></option><option><id>C</id><type>text</type><desc><![CDATA[血管内皮细胞]]></desc></option><option><id>D</id><type>text</type><desc><![CDATA[肝细胞]]></desc></option><option><id>E</id><type>text</type><desc><![CDATA[淋巴细胞]]></desc></option></options><answers><![CDATA[D]]></answers></question><question><type>1</type><format>text</format><desc><![CDATA[9．应激时机体最突出的表现是]]></desc><options><option><id>A</id><type>text</type><desc><![CDATA[免疫功能增强]]></desc></option><option><id>B</id><type>text</type><desc><![CDATA[造血功能增强]]></desc></option><option><id>C</id><type>text</type><desc><![CDATA[血液重新分布]]></desc></option><option><id>D</id><type>text</type><desc><![CDATA[白细胞数目增加]]></desc></option><option><id>E</id><type>text</type><desc><![CDATA[神经内分泌反应]]></desc></option></options><answers><![CDATA[E]]></answers></question><question><type>1</type><format>text</format><desc><![CDATA[10．应激性溃疡形成的最基本条件是]]></desc><options><option><id>A</id><type>text</type><desc><![CDATA[胆汁反流]]></desc></option><option><id>B</id><type>text</type><desc><![CDATA[酸中毒]]></desc></option><option><id>C</id><type>text</type><desc><![CDATA[胃黏膜缺血]]></desc></option><option><id>D</id><type>text</type><desc><![CDATA[胃腔内H<sup>+</sup>向黏膜内的反向弥散]]></desc></option><option><id>E</id><type>text</type><desc><![CDATA[碱中毒]]></desc></option></options><answers><![CDATA[C]]></answers></question><question><type>1</type><format>text</format><desc><![CDATA[11．蓝斑-交感-肾上肾髓质系统的中枢位点是]]></desc><options><option><id>A</id><type>text</type><desc><![CDATA[肾上腺髓质]]></desc></option><option><id>B</id><type>text</type><desc><![CDATA[腺垂体]]></desc></option><option><id>C</id><type>text</type><desc><![CDATA[蓝斑]]></desc></option><option><id>D</id><type>text</type><desc><![CDATA[大脑边缘系统]]></desc></option><option><id>E</id><type>text</type><desc><![CDATA[室旁核]]></desc></option></options><answers><![CDATA[C]]></answers></question><question><type>1</type><format>text</format><desc><![CDATA[12．应激时蓝斑-交感-肾上腺髓质系统的外周效应是]]></desc><options><option><id>A</id><type>text</type><desc><![CDATA[CRH释放]]></desc></option><option><id>B</id><type>text</type><desc><![CDATA[血浆肾上腺素、去甲肾上腺素浓度迅速升高]]></desc></option><option><id>C</id><type>text</type><desc><![CDATA[糖皮质激素分泌增加]]></desc></option><option><id>D</id><type>text</type><desc><![CDATA[ACTH释放]]></desc></option><option><id>E</id><type>text</type><desc><![CDATA[引起兴奋、警觉、紧张、焦虑等情绪反应]]></desc></option></options><answers><![CDATA[B]]></answers></question><question><type>1</type><format>text</format><desc><![CDATA[13．下列哪种蛋白为负性急性期反应蛋白]]></desc><options><option><id>A</id><type>text</type><desc><![CDATA[纤维蛋白原]]></desc></option><option><id>B</id><type>text</type><desc><![CDATA[铜蓝蛋白]]></desc></option><option><id>C</id><type>text</type><desc><![CDATA[α<sub>1</sub>蛋白酶抑制剂]]></desc></option><option><id>D</id><type>text</type><desc><![CDATA[白蛋白]]></desc></option><option><id>E</id><type>text</type><desc><![CDATA[C反应蛋白]]></desc></option></options><answers><![CDATA[D]]></answers></question><question><type>1</type><format>text</format><desc><![CDATA[14．参加应激反应的关键性器官是]]></desc><options><option><id>A</id><type>text</type><desc><![CDATA[心脏]]></desc></option><option><id>B</id><type>text</type><desc><![CDATA[肺]]></desc></option><option><id>C</id><type>text</type><desc><![CDATA[前列腺]]></desc></option><option><id>D</id><type>text</type><desc><![CDATA[甲状腺]]></desc></option><option><id>E</id><type>text</type><desc><![CDATA[肾上腺]]></desc></option></options><answers><![CDATA[E]]></answers></question><question><type>1</type><format>html</format><desc><![CDATA[15．蓝斑-交感-肾上腺髓质系统的中枢效应，<u><b>错误</b></u>的是]]></desc><options><option><id>A</id><type>text</type><desc><![CDATA[抑郁]]></desc></option><option><id>B</id><type>text</type><desc><![CDATA[警觉]]></desc></option><option><id>C</id><type>text</type><desc><![CDATA[兴奋]]></desc></option><option><id>D</id><type>text</type><desc><![CDATA[紧张、恐惧]]></desc></option><option><id>E</id><type>text</type><desc><![CDATA[焦虑、兴奋]]></desc></option></options><answers><![CDATA[A]]></answers></question><question><type>1</type><format>text</format><desc><![CDATA[16．全身适应综合征(GAS)的抵抗期时体内起主要作用的激素是]]></desc><options><option><id>A</id><type>text</type><desc><![CDATA[胰岛素]]></desc></option><option><id>B</id><type>text</type><desc><![CDATA[醛固酮]]></desc></option><option><id>C</id><type>text</type><desc><![CDATA[胰高血糖素]]></desc></option><option><id>D</id><type>text</type><desc><![CDATA[糖皮质激素]]></desc></option><option><id>E</id><type>text</type><desc><![CDATA[垂体加压素]]></desc></option></options><answers><![CDATA[D]]></answers></question><question><type>1</type><format>html</format><desc><![CDATA[17．应激时糖皮质激素<u><b>不具有</b></u>以下的作用]]></desc><options><option><id>A</id><type>text</type><desc><![CDATA[促进蛋白质分解]]></desc></option><option><id>B</id><type>text</type><desc><![CDATA[促进脂肪动员]]></desc></option><option><id>C</id><type>text</type><desc><![CDATA[稳定溶酶体膜]]></desc></option><option><id>D</id><type>text</type><desc><![CDATA[降低血糖]]></desc></option><option><id>E</id><type>text</type><desc><![CDATA[维持心血管对儿茶酚胺的反应性]]></desc></option></options><answers><![CDATA[D]]></answers></question><question><type>1</type><format>text</format><desc><![CDATA[18.一大面积烫伤3岁患儿，入院第2日后出现黑便两次。大便潜血阳性。患儿最有可能发生的疾病是]]></desc><options><option><id>A</id><type>text</type><desc><![CDATA[应激性溃疡]]></desc></option><option><id>B</id><type>text</type><desc><![CDATA[支气管哮喘]]></desc></option><option><id>C</id><type>text</type><desc><![CDATA[原发性高血压]]></desc></option><option><id>D</id><type>text</type><desc><![CDATA[心理性应激]]></desc></option><option><id>E</id><type>text</type><desc><![CDATA[冠心病]]></desc></option></options><answers><![CDATA[A]]></answers></question><question><type>1</type><format>text</format><desc><![CDATA[19.一患儿与父母野外营地露宿时，一家人不幸遭遇狼群袭击，目睹双亲惨死，自己被亲戚救回后，一直闷闷不乐，不与原熟悉小朋友玩耍，常看着父母照片发呆，此患儿可最有可能发生以下哪种疾病]]></desc><options><option><id>A</id><type>text</type><desc><![CDATA[应激性溃疡]]></desc></option><option><id>B</id><type>text</type><desc><![CDATA[支气管哮喘]]></desc></option><option><id>C</id><type>text</type><desc><![CDATA[原发性高血压]]></desc></option><option><id>D</id><type>text</type><desc><![CDATA[心理性应激]]></desc></option><option><id>E</id><type>text</type><desc><![CDATA[冠心病]]></desc></option></options><answers><![CDATA[D]]></answers></question></questions></exam>