﻿<?xml version="1.0" encoding="UTF-8"?><exam><id>20181120151933</id><questions><instructions><![CDATA[一、单项选择题]]></instructions><question><type>1</type><format>text</format><desc><![CDATA[1.慢性肾衰竭最常见的病因是]]></desc><options><option><id>A</id><type>text</type><desc><![CDATA[慢性肾盂肾炎]]></desc></option><option><id>B</id><type>text</type><desc><![CDATA[肾结核]]></desc></option><option><id>C</id><type>text</type><desc><![CDATA[慢性肾小球肾炎]]></desc></option><option><id>D</id><type>text</type><desc><![CDATA[肾小球硬化症]]></desc></option><option><id>E</id><type>text</type><desc><![CDATA[慢性尿路梗阻]]></desc></option></options><answers><![CDATA[C]]></answers></question><question><type>1</type><format>text</format><desc><![CDATA[2.尿毒症最早和最突出的临床表现是]]></desc><options><option><id>A</id><type>text</type><desc><![CDATA[高钾或低钾血症]]></desc></option><option><id>B</id><type>text</type><desc><![CDATA[高钠血症]]></desc></option><option><id>C</id><type>text</type><desc><![CDATA[抽搐]]></desc></option><option><id>D</id><type>text</type><desc><![CDATA[高血压]]></desc></option><option><id>E</id><type>text</type><desc><![CDATA[食欲减退、恶心、呕吐]]></desc></option></options><answers><![CDATA[E]]></answers></question><question><type>1</type><format>text</format><desc><![CDATA[3.尿毒症必有的表现是]]></desc><options><option><id>A</id><type>text</type><desc><![CDATA[皮肤瘙痒]]></desc></option><option><id>B</id><type>text</type><desc><![CDATA[代谢性酸中毒]]></desc></option><option><id>C</id><type>text</type><desc><![CDATA[胃肠道症状]]></desc></option><option><id>D</id><type>text</type><desc><![CDATA[精神、神经症状]]></desc></option><option><id>E</id><type>text</type><desc><![CDATA[贫血]]></desc></option></options><answers><![CDATA[E]]></answers></question><question><type>1</type><format>text</format><desc><![CDATA[4.尿毒症病人最常见心血管表现是]]></desc><options><option><id>A</id><type>text</type><desc><![CDATA[心律失常]]></desc></option><option><id>B</id><type>text</type><desc><![CDATA[尿毒症性心肌炎]]></desc></option><option><id>C</id><type>text</type><desc><![CDATA[心力衰竭]]></desc></option><option><id>D</id><type>text</type><desc><![CDATA[尿毒症性心包炎]]></desc></option><option><id>E</id><type>text</type><desc><![CDATA[高血压]]></desc></option></options><answers><![CDATA[E]]></answers></question><question><type>1</type><format>text</format><desc><![CDATA[5.慢性肾衰竭出血的主要原因是]]></desc><options><option><id>A</id><type>text</type><desc><![CDATA[脾功能亢进]]></desc></option><option><id>B</id><type>text</type><desc><![CDATA[促红细胞生成素减少]]></desc></option><option><id>C</id><type>text</type><desc><![CDATA[凝血因子减少]]></desc></option><option><id>D</id><type>text</type><desc><![CDATA[毒素增多]]></desc></option><option><id>E</id><type>text</type><desc><![CDATA[缺乏维生素K]]></desc></option></options><answers><![CDATA[D]]></answers></question><question><type>1</type><format>text</format><desc><![CDATA[6.少尿期的补液原则及入水量为]]></desc><options><option><id>A</id><type>text</type><desc><![CDATA[高于每日排出量的1倍]]></desc></option><option><id>B</id><type>text</type><desc><![CDATA[补液不加限制]]></desc></option><option><id>C</id><type>text</type><desc><![CDATA[量出为入，每天补液量=显性失水+不显性失水-内生水]]></desc></option><option><id>D</id><type>text</type><desc><![CDATA[排出量的1/3～1/2]]></desc></option><option><id>E</id><type>text</type><desc><![CDATA[等于每日排出量]]></desc></option></options><answers><![CDATA[C]]></answers></question><question><type>1</type><format>text</format><desc><![CDATA[7.慢性肾衰竭病人发生肾性骨病的主要原因是]]></desc><options><option><id>A</id><type>text</type><desc><![CDATA[阳光照射时间不足]]></desc></option><option><id>B</id><type>text</type><desc><![CDATA[尿钙排泄增多]]></desc></option><option><id>C</id><type>text</type><desc><![CDATA[饮食中钙摄入减少]]></desc></option><option><id>D</id><type>text</type><desc><![CDATA[运动过少]]></desc></option><option><id>E</id><type>text</type><desc><![CDATA[活性维生素D<sub>3</sub>不足]]></desc></option></options><answers><![CDATA[E]]></answers></question><question><type>1</type><format>text</format><desc><![CDATA[8.慢性肾衰竭病人出现高血压主要的原因是]]></desc><options><option><id>A</id><type>text</type><desc><![CDATA[交感神经兴奋性改变]]></desc></option><option><id>B</id><type>text</type><desc><![CDATA[激肽系统的作用]]></desc></option><option><id>C</id><type>text</type><desc><![CDATA[缩血管物质分泌过多]]></desc></option><option><id>D</id><type>text</type><desc><![CDATA[胰岛素抵抗]]></desc></option><option><id>E</id><type>text</type><desc><![CDATA[水钠潴留、肾素活性增高]]></desc></option></options><answers><![CDATA[E]]></answers></question><question><type>1</type><format>text</format><desc><![CDATA[9.尿毒症病人可能与肾脏内分泌功能障碍有关的临床表现是]]></desc><options><option><id>A</id><type>text</type><desc><![CDATA[胃肠道症状]]></desc></option><option><id>B</id><type>text</type><desc><![CDATA[代谢性酸中毒]]></desc></option><option><id>C</id><type>text</type><desc><![CDATA[尿毒症性心包炎]]></desc></option><option><id>D</id><type>text</type><desc><![CDATA[心力衰竭]]></desc></option><option><id>E</id><type>text</type><desc><![CDATA[贫血]]></desc></option></options><answers><![CDATA[E]]></answers></question><question><type>1</type><format>text</format><desc><![CDATA[10.慢性肾衰竭后期病人，一旦出现下列哪种情况提示病情严重]]></desc><options><option><id>A</id><type>text</type><desc><![CDATA[少尿、高血钾]]></desc></option><option><id>B</id><type>text</type><desc><![CDATA[肾性骨病]]></desc></option><option><id>C</id><type>text</type><desc><![CDATA[乏力、食欲减退]]></desc></option><option><id>D</id><type>text</type><desc><![CDATA[水肿、低钠血症]]></desc></option><option><id>E</id><type>text</type><desc><![CDATA[贫血]]></desc></option></options><answers><![CDATA[A]]></answers></question><question><type>1</type><format>text</format><desc><![CDATA[11.尿毒症酸碱平衡紊乱最常见]]></desc><options><option><id>A</id><type>text</type><desc><![CDATA[呼吸性酸中毒]]></desc></option><option><id>B</id><type>text</type><desc><![CDATA[呼吸性碱中毒]]></desc></option><option><id>C</id><type>text</type><desc><![CDATA[代谢性酸中毒]]></desc></option><option><id>D</id><type>text</type><desc><![CDATA[代谢性碱中毒]]></desc></option><option><id>E</id><type>text</type><desc><![CDATA[混合性酸中毒]]></desc></option></options><answers><![CDATA[C]]></answers></question><question><type>1</type><format>text</format><desc><![CDATA[12.慢性肾衰竭病人降低血尿素氮最有效的方法是]]></desc><options><option><id>A</id><type>text</type><desc><![CDATA[利尿]]></desc></option><option><id>B</id><type>text</type><desc><![CDATA[低蛋白饮食]]></desc></option><option><id>C</id><type>text</type><desc><![CDATA[透析疗法]]></desc></option><option><id>D</id><type>text</type><desc><![CDATA[必需氨基酸疗法]]></desc></option><option><id>E</id><type>text</type><desc><![CDATA[纠正酸中毒]]></desc></option></options><answers><![CDATA[C]]></answers></question><question><type>1</type><format>text</format><desc><![CDATA[13.慢性肾衰竭病人出现高血钾时最有效的抢救措施是]]></desc><options><option><id>A</id><type>text</type><desc><![CDATA[利尿剂]]></desc></option><option><id>B</id><type>text</type><desc><![CDATA[5%碳酸氢钠]]></desc></option><option><id>C</id><type>text</type><desc><![CDATA[ 5%葡萄糖加胰岛素]]></desc></option><option><id>D</id><type>text</type><desc><![CDATA[10%葡萄糖酸钙]]></desc></option><option><id>E</id><type>text</type><desc><![CDATA[透析疗法]]></desc></option></options><answers><![CDATA[E]]></answers></question><question><type>1</type><format>text</format><desc><![CDATA[14.慢性肾衰竭尿毒症期病人，下列情况需首先处理的是]]></desc><options><option><id>A</id><type>text</type><desc><![CDATA[Hb 60g/L]]></desc></option><option><id>B</id><type>text</type><desc><![CDATA[BUN 33mmol/L]]></desc></option><option><id>C</id><type>text</type><desc><![CDATA[血钾7.8mmol/L]]></desc></option><option><id>D</id><type>text</type><desc><![CDATA[Cr 550μmol/L]]></desc></option><option><id>E</id><type>text</type><desc><![CDATA[CO<sub>2</sub>CP 19mmol/L]]></desc></option></options><answers><![CDATA[C]]></answers></question><question><type>1</type><format>html</format><desc><![CDATA[15.尿毒症病人<u><b>不宜</b></u>使用的是]]></desc><options><option><id>A</id><type>text</type><desc><![CDATA[奶酪]]></desc></option><option><id>B</id><type>text</type><desc><![CDATA[豆制品]]></desc></option><option><id>C</id><type>text</type><desc><![CDATA[鸡蛋]]></desc></option><option><id>D</id><type>text</type><desc><![CDATA[瘦肉]]></desc></option><option><id>E</id><type>text</type><desc><![CDATA[红薯]]></desc></option></options><answers><![CDATA[B]]></answers></question><question><type>1</type><format>html</format><desc><![CDATA[16.慢性肾衰竭病人饮食护理<u><b>不包括</b></u>的是]]></desc><options><option><id>A</id><type>text</type><desc><![CDATA[高磷]]></desc></option><option><id>B</id><type>text</type><desc><![CDATA[高钙]]></desc></option><option><id>C</id><type>text</type><desc><![CDATA[高热量]]></desc></option><option><id>D</id><type>text</type><desc><![CDATA[高维生素]]></desc></option><option><id>E</id><type>text</type><desc><![CDATA[动物蛋白]]></desc></option></options><answers><![CDATA[A]]></answers></question><question><type>1</type><format>text</format><desc><![CDATA[17.肾衰竭少尿期护理措施正确的是]]></desc><options><option><id>A</id><type>text</type><desc><![CDATA[大量补液]]></desc></option><option><id>B</id><type>text</type><desc><![CDATA[摄入含钾食物]]></desc></option><option><id>C</id><type>text</type><desc><![CDATA[禁用库存血]]></desc></option><option><id>D</id><type>text</type><desc><![CDATA[及时补充钾盐]]></desc></option><option><id>E</id><type>text</type><desc><![CDATA[高蛋白饮食]]></desc></option></options><answers><![CDATA[C]]></answers></question><question><type>1</type><format>html</format><desc><![CDATA[18.少尿期是指尿量<u><b>少于</b></u>]]></desc><options><option><id>A</id><type>text</type><desc><![CDATA[100ml]]></desc></option><option><id>B</id><type>text</type><desc><![CDATA[400ml]]></desc></option><option><id>C</id><type>text</type><desc><![CDATA[500ml]]></desc></option><option><id>D</id><type>text</type><desc><![CDATA[800ml]]></desc></option><option><id>E</id><type>text</type><desc><![CDATA[1000ml]]></desc></option></options><answers><![CDATA[B]]></answers></question><question><type>1</type><format>text</format><desc><![CDATA[19.慢性肾衰竭病人皮肤瘙痒，清洁皮肤时应用]]></desc><options><option><id>A</id><type>text</type><desc><![CDATA[肥皂水]]></desc></option><option><id>B</id><type>text</type><desc><![CDATA[浴液]]></desc></option><option><id>C</id><type>text</type><desc><![CDATA[消毒剂]]></desc></option><option><id>D</id><type>text</type><desc><![CDATA[温水]]></desc></option><option><id>E</id><type>text</type><desc><![CDATA[酒精]]></desc></option></options><answers><![CDATA[D]]></answers></question><question><type>1</type><format>text</format><desc><![CDATA[20.肾前急性肾衰竭常见原因是]]></desc><options><option><id>A</id><type>text</type><desc><![CDATA[尿路梗阻]]></desc></option><option><id>B</id><type>text</type><desc><![CDATA[严重挤压伤]]></desc></option><option><id>C</id><type>text</type><desc><![CDATA[药物中毒]]></desc></option><option><id>D</id><type>text</type><desc><![CDATA[双侧输尿管结石]]></desc></option><option><id>E</id><type>text</type><desc><![CDATA[休克]]></desc></option></options><answers><![CDATA[E]]></answers></question><question><type>1</type><format>text</format><desc><![CDATA[21.急性肾衰竭少尿期的主要死亡原因是]]></desc><options><option><id>A</id><type>text</type><desc><![CDATA[低血钠]]></desc></option><option><id>B</id><type>text</type><desc><![CDATA[酸中毒]]></desc></option><option><id>C</id><type>text</type><desc><![CDATA[心力衰竭]]></desc></option><option><id>D</id><type>text</type><desc><![CDATA[感染]]></desc></option><option><id>E</id><type>text</type><desc><![CDATA[高钾血症]]></desc></option></options><answers><![CDATA[E]]></answers></question><question><type>1</type><format>html</format><desc><![CDATA[22.关于多尿期护理哪项<u><b>错误</b></u>]]></desc><options><option><id>A</id><type>text</type><desc><![CDATA[合理补液]]></desc></option><option><id>B</id><type>text</type><desc><![CDATA[肾功能已经恢复，病人已经脱离危险期]]></desc></option><option><id>C</id><type>text</type><desc><![CDATA[防止感染发生]]></desc></option><option><id>D</id><type>text</type><desc><![CDATA[加强营养]]></desc></option><option><id>E</id><type>text</type><desc><![CDATA[有可能出现电解质失调]]></desc></option></options><answers><![CDATA[B]]></answers></question><question><type>1</type><format>text</format><desc><![CDATA[23.病人，男性，46岁，慢性肾小球肾炎8年，乏力，恶心两个月，平时血压偏高，贫血貌，血压24/14kPa（190/120mmHg），心、肺听诊无异常发现，血肌酐730μmol/L，该病人处于]]></desc><options><option><id>A</id><type>text</type><desc><![CDATA[血肌酐>707μmol/L]]></desc></option><option><id>B</id><type>text</type><desc><![CDATA[肾功能不全失代偿期]]></desc></option><option><id>C</id><type>text</type><desc><![CDATA[尿毒症期]]></desc></option><option><id>D</id><type>text</type><desc><![CDATA[肾衰竭期]]></desc></option><option><id>E</id><type>text</type><desc><![CDATA[正常]]></desc></option></options><answers><![CDATA[C]]></answers></question><question><type>1</type><format>text</format><desc><![CDATA[24.病人，女性，56岁，自述极度疲乏、心慌、胸闷、尿少。体检：心律不齐，期前收缩9次/分，测血钾7.8mmol/L。如不处理，会突然发生]]></desc><options><option><id>A</id><type>text</type><desc><![CDATA[昏迷]]></desc></option><option><id>B</id><type>text</type><desc><![CDATA[休克]]></desc></option><option><id>C</id><type>text</type><desc><![CDATA[心脏骤停]]></desc></option><option><id>D</id><type>text</type><desc><![CDATA[呼吸衰竭]]></desc></option><option><id>E</id><type>text</type><desc><![CDATA[心力衰竭]]></desc></option></options><answers><![CDATA[C]]></answers></question><question><type>1</type><format>text</format><desc><![CDATA[25.病人，男性，40岁，慢性肾衰竭尿毒症，因酸中毒给予碱性药物静脉滴注，将滴注完毕时突然出现手足抽搐，此时首要的护理措施为]]></desc><options><option><id>A</id><type>text</type><desc><![CDATA[吸氧]]></desc></option><option><id>B</id><type>text</type><desc><![CDATA[地西泮肌内注射]]></desc></option><option><id>C</id><type>text</type><desc><![CDATA[苯妥英钠肌内注射]]></desc></option><option><id>D</id><type>text</type><desc><![CDATA[压舌板置于上下磨牙之间]]></desc></option><option><id>E</id><type>text</type><desc><![CDATA[10%葡萄糖酸钙静脉注射]]></desc></option></options><answers><![CDATA[E]]></answers></question><question><type>1</type><format>text</format><desc><![CDATA[26.男性，30岁，近年来发现乏力、眼睑水肿，尿检有蛋白及颗粒管型。给予优质低蛋白饮食。主要选择]]></desc><options><option><id>A</id><type>text</type><desc><![CDATA[植物蛋白]]></desc></option><option><id>B</id><type>text</type><desc><![CDATA[动物蛋白]]></desc></option><option><id>C</id><type>text</type><desc><![CDATA[人工合成蛋白]]></desc></option><option><id>D</id><type>text</type><desc><![CDATA[氨基酸]]></desc></option><option><id>E</id><type>text</type><desc><![CDATA[含人体不能合成氨基酸蛋白]]></desc></option></options><answers><![CDATA[B]]></answers></question><question><type>1</type><format>text</format><desc><![CDATA[27.病人，男性，30岁，下肢被高空坠物压伤后4天。今晨出现轻度呼吸困难，听诊肺内大量水泡音；尿量24h<100ml，尿色深，尿比重1.010。目前病人最重要的护理问题是]]></desc><options><option><id>A</id><type>text</type><desc><![CDATA[体温过高]]></desc></option><option><id>B</id><type>text</type><desc><![CDATA[体液过多]]></desc></option><option><id>C</id><type>text</type><desc><![CDATA[营养失调]]></desc></option><option><id>D</id><type>text</type><desc><![CDATA[皮肤完整性受损]]></desc></option><option><id>E</id><type>text</type><desc><![CDATA[焦虑、恐惧]]></desc></option></options><answers><![CDATA[B]]></answers></question></questions><questions><instructions><![CDATA[二、共用题干选择题]]></instructions><question><type>3</type><format>text</format><desc><![CDATA[1.病人，男性，33岁，8年前发现蛋白尿一直未正规治疗。一周前出现头晕乏力，恶心呕吐。查：血压180/110mmHg，水肿，尿蛋白（++），血肌酐360μmol/L，B示双肾缩小。]]></desc><children><question><type>3</type><format>text</format><desc><![CDATA[（1）为进一步明确诊断还需检查]]></desc><options><option><id>A</id><type>text</type><desc><![CDATA[血常规]]></desc></option><option><id>B</id><type>text</type><desc><![CDATA[心电图]]></desc></option><option><id>C</id><type>text</type><desc><![CDATA[尿常规]]></desc></option><option><id>D</id><type>text</type><desc><![CDATA[静脉肾盂造影]]></desc></option><option><id>E</id><type>text</type><desc><![CDATA[内生肌酐清除率]]></desc></option></options><answers><![CDATA[E]]></answers></question><question><type>3</type><format>text</format><desc><![CDATA[（2）该病人最有可能的诊断是]]></desc><options><option><id>A</id><type>text</type><desc><![CDATA[急性肾衰竭]]></desc></option><option><id>B</id><type>text</type><desc><![CDATA[慢性肾衰竭]]></desc></option><option><id>C</id><type>text</type><desc><![CDATA[急性肾盂肾炎]]></desc></option><option><id>D</id><type>text</type><desc><![CDATA[慢性肾盂肾炎]]></desc></option><option><id>E</id><type>text</type><desc><![CDATA[慢性肾小球肾炎]]></desc></option></options><answers><![CDATA[B]]></answers></question></children></question><question><type>3</type><format>html</format><desc><![CDATA[2.病人男，54岁。一周前尿量减少，约500～600ml/d，食欲差、双眼睑水肿就诊。查体：血压：170/110mmHg。实验室检查：血肌酐：726μmmol/L，尿素氮：26.8μmmol/L，血钾：6.5mmol/L，RBC：2.35×10<sup>12</sup>/L，Hb：70g/L。初步诊断为肾衰竭收住入院]]></desc><children><question><type>3</type><format>text</format><desc><![CDATA[（1）引起该病人高血压的最主要原因是]]></desc><options><option><id>A</id><type>text</type><desc><![CDATA[肾素活性增高]]></desc></option><option><id>B</id><type>text</type><desc><![CDATA[水钠潴留]]></desc></option><option><id>C</id><type>text</type><desc><![CDATA[使用环孢素等药物]]></desc></option><option><id>D</id><type>text</type><desc><![CDATA[精神应激]]></desc></option><option><id>E</id><type>text</type><desc><![CDATA[钠盐摄入过多]]></desc></option></options><answers><![CDATA[B]]></answers></question><question><type>3</type><format>text</format><desc><![CDATA[（2）该病人应避免摄入哪种食物]]></desc><options><option><id>A</id><type>text</type><desc><![CDATA[苹果]]></desc></option><option><id>B</id><type>text</type><desc><![CDATA[芋头]]></desc></option><option><id>C</id><type>text</type><desc><![CDATA[橘子]]></desc></option><option><id>D</id><type>text</type><desc><![CDATA[马铃薯]]></desc></option><option><id>E</id><type>text</type><desc><![CDATA[鸡蛋]]></desc></option></options><answers><![CDATA[C]]></answers></question><question><type>3</type><format>text</format><desc><![CDATA[（3）该病人每天摄入的液体量因为]]></desc><options><option><id>A</id><type>text</type><desc><![CDATA[相当于前一天的尿量]]></desc></option><option><id>B</id><type>text</type><desc><![CDATA[2000～5000ml]]></desc></option><option><id>C</id><type>text</type><desc><![CDATA[前一天的尿量减去500ml]]></desc></option><option><id>D</id><type>text</type><desc><![CDATA[前一天的尿量加上500ml]]></desc></option><option><id>E</id><type>text</type><desc><![CDATA[一般不严格限水，但不可过多饮水]]></desc></option></options><answers><![CDATA[D]]></answers></question></children></question></questions></exam>