<?xml version="1.0" encoding="UTF-8"?><exam><id>20181120152543</id><questions><instructions><![CDATA[一、单项选择题]]></instructions><question><type>1</type><format>text</format><desc><![CDATA[1.肺结核最主要的传播途径是]]></desc><options><option><id>A</id><type>text</type><desc><![CDATA[飞沫]]></desc></option><option><id>B</id><type>text</type><desc><![CDATA[尘埃]]></desc></option><option><id>C</id><type>text</type><desc><![CDATA[食物和水]]></desc></option><option><id>D</id><type>text</type><desc><![CDATA[皮肤接触]]></desc></option><option><id>E</id><type>text</type><desc><![CDATA[毛巾或餐具]]></desc></option></options><answers><![CDATA[A]]></answers></question><question><type>1</type><format>html</format><desc><![CDATA[2.以下哪项同结核病转向愈合时的改变<u><b>无关</b></u>]]></desc><options><option><id>A</id><type>text</type><desc><![CDATA[吸收、消散]]></desc></option><option><id>B</id><type>text</type><desc><![CDATA[纤维包裹]]></desc></option><option><id>C</id><type>text</type><desc><![CDATA[纤维化]]></desc></option><option><id>D</id><type>text</type><desc><![CDATA[病灶周围出现渗出]]></desc></option><option><id>E</id><type>text</type><desc><![CDATA[钙化]]></desc></option></options><answers><![CDATA[D]]></answers></question><question><type>1</type><format>text</format><desc><![CDATA[3.人体初次感染结核菌后出现的肺结核类型是]]></desc><options><option><id>A</id><type>text</type><desc><![CDATA[原发性肺结核]]></desc></option><option><id>B</id><type>text</type><desc><![CDATA[浸润性肺结核]]></desc></option><option><id>C</id><type>text</type><desc><![CDATA[血型播散性肺结核]]></desc></option><option><id>D</id><type>text</type><desc><![CDATA[慢性纤维空洞型肺结核]]></desc></option><option><id>E</id><type>text</type><desc><![CDATA[结核性胸膜炎]]></desc></option></options><answers><![CDATA[A]]></answers></question><question><type>1</type><format>html</format><desc><![CDATA[4.下列哪项是继发性肺结核所<u><b>不具备</b></u>的]]></desc><options><option><id>A</id><type>text</type><desc><![CDATA[肺尖最常受累]]></desc></option><option><id>B</id><type>text</type><desc><![CDATA[可形成纤维性空洞]]></desc></option><option><id>C</id><type>text</type><desc><![CDATA[病程长，时好时坏]]></desc></option><option><id>D</id><type>text</type><desc><![CDATA[淋巴道播散为主]]></desc></option><option><id>E</id><type>text</type><desc><![CDATA[病变复杂，新旧病变交替]]></desc></option></options><answers><![CDATA[D]]></answers></question><question><type>1</type><format>text</format><desc><![CDATA[5.结核病具有诊断意义的病理改变是]]></desc><options><option><id>A</id><type>text</type><desc><![CDATA[结核结节的形成]]></desc></option><option><id>B</id><type>text</type><desc><![CDATA[干酪样坏死]]></desc></option><option><id>C</id><type>text</type><desc><![CDATA[渗出大量中性粒细胞]]></desc></option><option><id>D</id><type>text</type><desc><![CDATA[渗出大量淋巴细胞]]></desc></option><option><id>E</id><type>text</type><desc><![CDATA[上皮样细胞]]></desc></option></options><answers><![CDATA[A]]></answers></question><question><type>1</type><format>text</format><desc><![CDATA[6.伤寒的病变特征是]]></desc><options><option><id>A</id><type>text</type><desc><![CDATA[全身淋巴结肿大]]></desc></option><option><id>B</id><type>text</type><desc><![CDATA[全身单核巨噬细胞系统增生]]></desc></option><option><id>C</id><type>text</type><desc><![CDATA[肠道溃疡形成]]></desc></option><option><id>D</id><type>text</type><desc><![CDATA[肝、脾肿大]]></desc></option><option><id>E</id><type>text</type><desc><![CDATA[外周白细胞减少]]></desc></option></options><answers><![CDATA[B]]></answers></question><question><type>1</type><format>text</format><desc><![CDATA[7.肠穿孔和出血易发生在肠伤寒的]]></desc><options><option><id>A</id><type>text</type><desc><![CDATA[潜伏期]]></desc></option><option><id>B</id><type>text</type><desc><![CDATA[髓样肿胀期]]></desc></option><option><id>C</id><type>text</type><desc><![CDATA[坏死期]]></desc></option><option><id>D</id><type>text</type><desc><![CDATA[溃疡期]]></desc></option><option><id>E</id><type>text</type><desc><![CDATA[愈合期]]></desc></option></options><answers><![CDATA[D]]></answers></question><question><type>1</type><format>text</format><desc><![CDATA[8.急性细菌性痢疾的典型肠道病变是]]></desc><options><option><id>A</id><type>text</type><desc><![CDATA[出血性炎]]></desc></option><option><id>B</id><type>text</type><desc><![CDATA[化脓性炎]]></desc></option><option><id>C</id><type>text</type><desc><![CDATA[浆液性炎]]></desc></option><option><id>D</id><type>text</type><desc><![CDATA[假膜性炎（纤维素性炎）]]></desc></option><option><id>E</id><type>text</type><desc><![CDATA[肉芽肿性炎]]></desc></option></options><answers><![CDATA[D]]></answers></question><question><type>1</type><format>html</format><desc><![CDATA[9.有关急性细菌性痢疾形成的假膜，下列<u><b>错误</b></u>的是]]></desc><options><option><id>A</id><type>text</type><desc><![CDATA[假膜形成是急性细菌性痢疾的特征性病变]]></desc></option><option><id>B</id><type>text</type><desc><![CDATA[首先出现在黏膜皱襞的顶部，随病变扩展融合成片]]></desc></option><option><id>C</id><type>text</type><desc><![CDATA[假膜脱落后一般易形成深达肌层或浆膜层的溃疡]]></desc></option><option><id>D</id><type>text</type><desc><![CDATA[肉眼观呈灰白色或暗红色]]></desc></option><option><id>E</id><type>text</type><desc><![CDATA[大便中偶见片状假膜]]></desc></option></options><answers><![CDATA[C]]></answers></question><question><type>1</type><format>text</format><desc><![CDATA[10.流行性乙型脑炎最具特征的病变是]]></desc><options><option><id>A</id><type>text</type><desc><![CDATA[噬神经细胞现象]]></desc></option><option><id>B</id><type>text</type><desc><![CDATA[卫星现象]]></desc></option><option><id>C</id><type>text</type><desc><![CDATA[筛网状软化灶]]></desc></option><option><id>D</id><type>text</type><desc><![CDATA[淋巴细胞袖口状浸润]]></desc></option><option><id>E</id><type>text</type><desc><![CDATA[胶质结节]]></desc></option></options><answers><![CDATA[C]]></answers></question><question><type>1</type><format>text</format><desc><![CDATA[11.流行性乙型脑炎的传播途径是]]></desc><options><option><id>A</id><type>text</type><desc><![CDATA[呼吸道]]></desc></option><option><id>B</id><type>text</type><desc><![CDATA[消化道]]></desc></option><option><id>C</id><type>text</type><desc><![CDATA[神经]]></desc></option><option><id>D</id><type>text</type><desc><![CDATA[虫媒传染]]></desc></option><option><id>E</id><type>text</type><desc><![CDATA[皮肤接触传染]]></desc></option></options><answers><![CDATA[D]]></answers></question><question><type>1</type><format>text</format><desc><![CDATA[12.流行性脑脊髓膜炎的特征性病变是]]></desc><options><option><id>A</id><type>text</type><desc><![CDATA[硬脑膜中性粒细胞浸润]]></desc></option><option><id>B</id><type>text</type><desc><![CDATA[蛛网膜下腔有大量中性粒细胞浸润]]></desc></option><option><id>C</id><type>text</type><desc><![CDATA[蛛网膜下腔有大量单核细胞]]></desc></option><option><id>D</id><type>text</type><desc><![CDATA[脑实质内软化灶形成]]></desc></option><option><id>E</id><type>text</type><desc><![CDATA[硬脑膜有大量单核细胞浸润]]></desc></option></options><answers><![CDATA[B]]></answers></question><question><type>1</type><format>text</format><desc><![CDATA[13.对狂犬病有诊断意义的神经改变是]]></desc><options><option><id>A</id><type>text</type><desc><![CDATA[Lafora小体]]></desc></option><option><id>B</id><type>text</type><desc><![CDATA[Lewy小体]]></desc></option><option><id>C</id><type>text</type><desc><![CDATA[纤维小体]]></desc></option><option><id>D</id><type>text</type><desc><![CDATA[Negri小体]]></desc></option><option><id>E</id><type>text</type><desc><![CDATA[玻璃小体]]></desc></option></options><answers><![CDATA[D]]></answers></question><question><type>1</type><format>html</format><desc><![CDATA[14.下列<u><b>不属于</b></u>性传播疾病的是]]></desc><options><option><id>A</id><type>text</type><desc><![CDATA[尖锐湿疣]]></desc></option><option><id>B</id><type>text</type><desc><![CDATA[淋病]]></desc></option><option><id>C</id><type>text</type><desc><![CDATA[艾滋病]]></desc></option><option><id>D</id><type>text</type><desc><![CDATA[软下疳]]></desc></option><option><id>E</id><type>text</type><desc><![CDATA[麻风]]></desc></option></options><answers><![CDATA[E]]></answers></question><question><type>1</type><format>html</format><desc><![CDATA[15.关于梅毒的描述<u><b>错误</b></u>的是]]></desc><options><option><id>A</id><type>text</type><desc><![CDATA[以性传播为主]]></desc></option><option><id>B</id><type>text</type><desc><![CDATA[隐性梅毒血清反应阳性]]></desc></option><option><id>C</id><type>text</type><desc><![CDATA[早期梅毒传染性弱]]></desc></option><option><id>D</id><type>text</type><desc><![CDATA[病变具有长期性和破坏性]]></desc></option><option><id>E</id><type>text</type><desc><![CDATA[晚期梅毒常致器官破坏]]></desc></option></options><answers><![CDATA[C]]></answers></question><question><type>1</type><format>text</format><desc><![CDATA[16.阿米巴滋养体引起的组织坏死为]]></desc><options><option><id>A</id><type>text</type><desc><![CDATA[凝固性坏死]]></desc></option><option><id>B</id><type>text</type><desc><![CDATA[干酪样坏死]]></desc></option><option><id>C</id><type>text</type><desc><![CDATA[纤维素样坏死]]></desc></option><option><id>D</id><type>text</type><desc><![CDATA[液化性坏死]]></desc></option><option><id>E</id><type>text</type><desc><![CDATA[坏疽]]></desc></option></options><answers><![CDATA[D]]></answers></question><question><type>1</type><format>html</format><desc><![CDATA[17.血吸虫病时形成的虫卵结节中<u><b>不含有</u></b>]]></desc><options><option><id>A</id><type>text</type><desc><![CDATA[干酪样坏死]]></desc></option><option><id>B</id><type>text</type><desc><![CDATA[类上皮细胞]]></desc></option><option><id>C</id><type>text</type><desc><![CDATA[多核巨细胞]]></desc></option><option><id>D</id><type>text</type><desc><![CDATA[淋巴细胞]]></desc></option><option><id>E</id><type>text</type><desc><![CDATA[嗜酸性粒细胞]]></desc></option></options><answers><![CDATA[A]]></answers></question><question><type>1</type><format>text</format><desc><![CDATA[18.女性，35岁。无明显不适。体检时X线检查见肺上叶有一直径1.0的圆形阴影，该病人最可能的诊断是]]></desc><options><option><id>A</id><type>text</type><desc><![CDATA[局灶型肺结核]]></desc></option><option><id>B</id><type>text</type><desc><![CDATA[浸润型肺结核]]></desc></option><option><id>C</id><type>text</type><desc><![CDATA[干酪样肺炎]]></desc></option><option><id>D</id><type>text</type><desc><![CDATA[肺结核球]]></desc></option><option><id>E</id><type>text</type><desc><![CDATA[肺癌]]></desc></option></options><answers><![CDATA[A]]></answers></question><question><type>1</type><format>text</format><desc><![CDATA[19.男性，25岁，发热伴头痛、食欲缺乏、腹痛、腹泻3天，每日排便10余次，初为黏液稀便，后转为黏液脓血便。该病人可能是]]></desc><options><option><id>A</id><type>text</type><desc><![CDATA[伤寒]]></desc></option><option><id>B</id><type>text</type><desc><![CDATA[阿米巴痢疾]]></desc></option><option><id>C</id><type>text</type><desc><![CDATA[急性细菌性痢疾]]></desc></option><option><id>D</id><type>text</type><desc><![CDATA[肠真菌病]]></desc></option><option><id>E</id><type>text</type><desc><![CDATA[结肠癌]]></desc></option></options><answers><![CDATA[C]]></answers></question><question><type>1</type><format>text</format><desc><![CDATA[20.男性，26岁，排尿时尿道口疼痛1天，查尿道口红肿，有黄白色脓性分泌物。近1周有过不洁性接触史。该病人的诊断是]]></desc><options><option><id>A</id><type>text</type><desc><![CDATA[尿路损伤]]></desc></option><option><id>B</id><type>text</type><desc><![CDATA[尿路结石]]></desc></option><option><id>C</id><type>text</type><desc><![CDATA[淋病]]></desc></option><option><id>D</id><type>text</type><desc><![CDATA[膀胱炎]]></desc></option><option><id>E</id><type>text</type><desc><![CDATA[肾盂肾炎]]></desc></option></options><answers><![CDATA[C]]></answers></question></questions></exam>