﻿<?xml version="1.0" encoding="UTF-8"?><exam><id>20181120141920</id><questions><instructions><![CDATA[一、单项选择题]]></instructions><question><type>1</type><format>text</format><desc><![CDATA[1．有关健康的正确提法是]]></desc><options><option><id>A</id><type>text</type><desc><![CDATA[不生病就是健康]]></desc></option><option><id>B</id><type>text</type><desc><![CDATA[健康是指体格健全]]></desc></option><option><id>C</id><type>text</type><desc><![CDATA[健康是指精神上的完全良好状态]]></desc></option><option><id>D</id><type>text</type><desc><![CDATA[健康是指社会适应能力的完全良好状态]]></desc></option><option><id>E</id><type>text</type><desc><![CDATA[健康是指没有疾病或病痛，躯体上、精神上和社会上的完全良好状态]]></desc></option></options><answers><![CDATA[E]]></answers></question><question><type>1</type><format>text</format><desc><![CDATA[2．下述哪项属于病人的症状]]></desc><options><option><id>A</id><type>text</type><desc><![CDATA[体温升高]]></desc></option><option><id>B</id><type>text</type><desc><![CDATA[耳鸣]]></desc></option><option><id>C</id><type>text</type><desc><![CDATA[白细胞升高]]></desc></option><option><id>D</id><type>text</type><desc><![CDATA[ 淋巴细胞升高]]></desc></option><option><id>E</id><type>text</type><desc><![CDATA[肝肿大]]></desc></option></options><answers><![CDATA[B]]></answers></question><question><type>1</type><format>text</format><desc><![CDATA[3．体征是指]]></desc><options><option><id>A</id><type>text</type><desc><![CDATA[ 疾病引起病人主观感觉上的异常]]></desc></option><option><id>B</id><type>text</type><desc><![CDATA[在患病机体检查出的客观存在的异常]]></desc></option><option><id>C</id><type>text</type><desc><![CDATA[病人有目地的语言和行为异常]]></desc></option><option><id>D</id><type>text</type><desc><![CDATA[在体表可以观察到的病理变化]]></desc></option><option><id>E</id><type>text</type><desc><![CDATA[在机体内部出现的结构变化]]></desc></option></options><answers><![CDATA[B]]></answers></question><question><type>1</type><format>text</format><desc><![CDATA[4．病因学研究的内容是]]></desc><options><option><id>A</id><type>text</type><desc><![CDATA[疾病发生的原因与条件]]></desc></option><option><id>B</id><type>text</type><desc><![CDATA[与疾病发生密切相关的危险因素]]></desc></option><option><id>C</id><type>text</type><desc><![CDATA[疾病时自稳调节紊乱的规律]]></desc></option><option><id>D</id><type>text</type><desc><![CDATA[因果转化规律]]></desc></option><option><id>E</id><type>text</type><desc><![CDATA[疾病转规的规律]]></desc></option></options><answers><![CDATA[A]]></answers></question><question><type>1</type><format>html</format><desc><![CDATA[5．疾病发生<u><b>必不可少</b></u>的因素是]]></desc><options><option><id>A</id><type>text</type><desc><![CDATA[疾病的条件]]></desc></option><option><id>B</id><type>text</type><desc><![CDATA[ 疾病的原因]]></desc></option><option><id>C</id><type>text</type><desc><![CDATA[疾病的危险因素]]></desc></option><option><id>D</id><type>text</type><desc><![CDATA[疾病的诱因]]></desc></option><option><id>E</id><type>text</type><desc><![CDATA[疾病的外因]]></desc></option></options><answers><![CDATA[B]]></answers></question><question><type>1</type><format>text</format><desc><![CDATA[6．能够促进疾病发生发展的因素称为]]></desc><options><option><id>A</id><type>text</type><desc><![CDATA[疾病的条件]]></desc></option><option><id>B</id><type>text</type><desc><![CDATA[疾病的原因]]></desc></option><option><id>C</id><type>text</type><desc><![CDATA[疾病的危险因素]]></desc></option><option><id>D</id><type>text</type><desc><![CDATA[疾病的内因]]></desc></option><option><id>E</id><type>text</type><desc><![CDATA[疾病的外因]]></desc></option></options><answers><![CDATA[A]]></answers></question><question><type>1</type><format>html</format><desc><![CDATA[7．下述哪项<u><b>不属于</b></u>生物性致病因素]]></desc><options><option><id>A</id><type>text</type><desc><![CDATA[病毒]]></desc></option><option><id>B</id><type>text</type><desc><![CDATA[细菌]]></desc></option><option><id>C</id><type>text</type><desc><![CDATA[四氯化碳]]></desc></option><option><id>D</id><type>text</type><desc><![CDATA[立克次体]]></desc></option><option><id>E</id><type>text</type><desc><![CDATA[疟原虫]]></desc></option></options><answers><![CDATA[C]]></answers></question><question><type>1</type><format>text</format><desc><![CDATA[8．导致青霉素过敏的致病因素属于]]></desc><options><option><id>A</id><type>text</type><desc><![CDATA[生物性因素]]></desc></option><option><id>B</id><type>text</type><desc><![CDATA[理化性因素]]></desc></option><option><id>C</id><type>text</type><desc><![CDATA[先天性因素]]></desc></option><option><id>D</id><type>text</type><desc><![CDATA[营养性因素]]></desc></option><option><id>E</id><type>text</type><desc><![CDATA[免疫性因素]]></desc></option></options><answers><![CDATA[E]]></answers></question><question><type>1</type><format>text</format><desc><![CDATA[9．血友病的致病因素属于]]></desc><options><option><id>A</id><type>text</type><desc><![CDATA[生物性因素]]></desc></option><option><id>B</id><type>text</type><desc><![CDATA[遗传性因素]]></desc></option><option><id>C</id><type>text</type><desc><![CDATA[先天性因素]]></desc></option><option><id>D</id><type>text</type><desc><![CDATA[营养性因素]]></desc></option><option><id>E</id><type>text</type><desc><![CDATA[免疫性因素]]></desc></option></options><answers><![CDATA[B]]></answers></question><question><type>1</type><format>text</format><desc><![CDATA[10．疾病的发展方向取决于]]></desc><options><option><id>A</id><type>text</type><desc><![CDATA[病因的数量与强度]]></desc></option><option><id>B</id><type>text</type><desc><![CDATA[存在的诱因]]></desc></option><option><id>C</id><type>text</type><desc><![CDATA[机体的抵抗力]]></desc></option><option><id>D</id><type>text</type><desc><![CDATA[损伤与抗损伤力量的对比]]></desc></option><option><id>E</id><type>text</type><desc><![CDATA[机体自稳调节的能力]]></desc></option></options><answers><![CDATA[D]]></answers></question><question><type>1</type><format>html</format><desc><![CDATA[11．下述哪项<u><b>不符合</b></u>完全康复的标准]]></desc><options><option><id>A</id><type>text</type><desc><![CDATA[致病因素已经消除或不起作用]]></desc></option><option><id>B</id><type>text</type><desc><![CDATA[疾病时发生的损伤性变化完全消失]]></desc></option><option><id>C</id><type>text</type><desc><![CDATA[劳动能力完全恢复]]></desc></option><option><id>D</id><type>text</type><desc><![CDATA[机体的自稳调节恢复正常]]></desc></option><option><id>E</id><type>text</type><desc><![CDATA[遗留有基本病理变化，通过机体的代偿来维持内环境相对稳定]]></desc></option></options><answers><![CDATA[E]]></answers></question><question><type>1</type><format>text</format><desc><![CDATA[12.全脑功能的永久性停止称为]]></desc><options><option><id>A</id><type>text</type><desc><![CDATA[植物人状态]]></desc></option><option><id>B</id><type>text</type><desc><![CDATA[濒死状态]]></desc></option><option><id>C</id><type>text</type><desc><![CDATA[脑死亡]]></desc></option><option><id>D</id><type>text</type><desc><![CDATA[生物学死亡]]></desc></option><option><id>E</id><type>text</type><desc><![CDATA[临床死亡]]></desc></option></options><answers><![CDATA[C]]></answers></question></questions></exam>