﻿<?xml version="1.0" encoding="UTF-8"?><exam><id>20181219095259</id><questions><instructions><![CDATA[一、单项选择题]]></instructions><question><type>1</type><format>text</format><desc><![CDATA[1.外科病人最易发生水和钠代谢紊乱是]]></desc><options><option><id>A</id><type>text</type><desc><![CDATA[水中毒]]></desc></option><option><id>B</id><type>text</type><desc><![CDATA[低渗性脱水]]></desc></option><option><id>C</id><type>text</type><desc><![CDATA[等渗性脱水]]></desc></option><option><id>D</id><type>text</type><desc><![CDATA[高渗性脱水]]></desc></option><option><id>E</id><type>text</type><desc><![CDATA[水肿]]></desc></option></options><answers><![CDATA[C]]></answers></question><question><type>1</type><format>text</format><desc><![CDATA[2.高渗性脱水病人常见的临床表现是]]></desc><options><option><id>A</id><type>text</type><desc><![CDATA[兴奋、手足麻木]]></desc></option><option><id>B</id><type>text</type><desc><![CDATA[头晕、视力减退]]></desc></option><option><id>C</id><type>text</type><desc><![CDATA[淡漠、反应迟缓]]></desc></option><option><id>D</id><type>text</type><desc><![CDATA[呆滞、嗜睡]]></desc></option><option><id>E</id><type>text</type><desc><![CDATA[口渴、谵妄]]></desc></option></options><answers><![CDATA[E]]></answers></question><question><type>1</type><format>text</format><desc><![CDATA[3.等渗性脱水伴酸中毒的病人，在补充等渗盐水和碱性溶液，纠正脱水酸中毒后需注意可能发生]]></desc><options><option><id>A</id><type>text</type><desc><![CDATA[低钠]]></desc></option><option><id>B</id><type>text</type><desc><![CDATA[低镁]]></desc></option><option><id>C</id><type>text</type><desc><![CDATA[低钾]]></desc></option><option><id>D</id><type>text</type><desc><![CDATA[低氯]]></desc></option><option><id>E</id><type>text</type><desc><![CDATA[低磷]]></desc></option></options><answers><![CDATA[C]]></answers></question><question><type>1</type><format>text</format><desc><![CDATA[4.高渗性脱水和低渗性脱水共有的表现为]]></desc><options><option><id>A</id><type>text</type><desc><![CDATA[血红蛋白浓度升高]]></desc></option><option><id>B</id><type>text</type><desc><![CDATA[明显口渴感]]></desc></option><option><id>C</id><type>text</type><desc><![CDATA[尿比重升高]]></desc></option><option><id>D</id><type>text</type><desc><![CDATA[血细胞比容降低]]></desc></option><option><id>E</id><type>text</type><desc><![CDATA[腱反射减弱]]></desc></option></options><answers><![CDATA[A]]></answers></question><question><type>1</type><format>text</format><desc><![CDATA[5.幽门梗阻长期呕吐病人常易发生的电解质紊乱是]]></desc><options><option><id>A</id><type>text</type><desc><![CDATA[低钾低氯性酸中毒]]></desc></option><option><id>B</id><type>text</type><desc><![CDATA[低钾低氯性碱中毒]]></desc></option><option><id>C</id><type>text</type><desc><![CDATA[高钾高氯性酸中毒]]></desc></option><option><id>D</id><type>text</type><desc><![CDATA[高钾高氯性碱中毒]]></desc></option><option><id>E</id><type>text</type><desc><![CDATA[低钾高氯性碱中毒]]></desc></option></options><answers><![CDATA[B]]></answers></question><question><type>1</type><format>html</format><desc><![CDATA[6.<u><b>不符合</b></u>低钾血症临床表现的是]]></desc><options><option><id>A</id><type>text</type><desc><![CDATA[精神萎靡]]></desc></option><option><id>B</id><type>text</type><desc><![CDATA[心律失常]]></desc></option><option><id>C</id><type>text</type><desc><![CDATA[肠鸣音消失]]></desc></option><option><id>D</id><type>text</type><desc><![CDATA[腹胀]]></desc></option><option><id>E</id><type>text</type><desc><![CDATA[腱反射亢进]]></desc></option></options><answers><![CDATA[E]]></answers></question><question><type>1</type><format>html</format><desc><![CDATA[7.低钾血症一般<u><b>不表现</b></u>为]]></desc><options><option><id>A</id><type>text</type><desc><![CDATA[碱中毒]]></desc></option><option><id>B</id><type>text</type><desc><![CDATA[碱性尿]]></desc></option><option><id>C</id><type>text</type><desc><![CDATA[心电图出现U波]]></desc></option><option><id>D</id><type>text</type><desc><![CDATA[恶心呕吐]]></desc></option><option><id>E</id><type>text</type><desc><![CDATA[腱反射减弱]]></desc></option></options><answers><![CDATA[B]]></answers></question><question><type>1</type><format>text</format><desc><![CDATA[8.高钾血症常见的临床表现是]]></desc><options><option><id>A</id><type>text</type><desc><![CDATA[心动过缓]]></desc></option><option><id>B</id><type>text</type><desc><![CDATA[肠蠕动消失]]></desc></option><option><id>C</id><type>text</type><desc><![CDATA[四肢肌张力增强]]></desc></option><option><id>D</id><type>text</type><desc><![CDATA[腹胀]]></desc></option><option><id>E</id><type>text</type><desc><![CDATA[恶心、呕吐]]></desc></option></options><answers><![CDATA[A]]></answers></question><question><type>1</type><format>text</format><desc><![CDATA[9.低钾血症的病人，补钾后病情仍无改善时，应首先考虑缺乏]]></desc><options><option><id>A</id><type>text</type><desc><![CDATA[镁]]></desc></option><option><id>B</id><type>text</type><desc><![CDATA[磷]]></desc></option><option><id>C</id><type>text</type><desc><![CDATA[钠]]></desc></option><option><id>D</id><type>text</type><desc><![CDATA[氯]]></desc></option><option><id>E</id><type>text</type><desc><![CDATA[钙]]></desc></option></options><answers><![CDATA[A]]></answers></question><question><type>1</type><format>text</format><desc><![CDATA[10.哪一类水、钠代谢障碍更易发生休克?]]></desc><options><option><id>A</id><type>text</type><desc><![CDATA[低渗性脱水]]></desc></option><option><id>B</id><type>text</type><desc><![CDATA[等渗性脱水]]></desc></option><option><id>C</id><type>text</type><desc><![CDATA[高渗性脱水]]></desc></option><option><id>D</id><type>text</type><desc><![CDATA[水中毒]]></desc></option><option><id>E</id><type>text</type><desc><![CDATA[原发性脱水]]></desc></option></options><answers><![CDATA[A]]></answers></question><question><type>1</type><format>text</format><desc><![CDATA[11．脱水热产生的原因是]]></desc><options><option><id>A</id><type>text</type><desc><![CDATA[散热减少]]></desc></option><option><id>B</id><type>text</type><desc><![CDATA[产热增加]]></desc></option><option><id>C</id><type>text</type><desc><![CDATA[体温调节中枢紊乱]]></desc></option><option><id>D</id><type>text</type><desc><![CDATA[体温调节中枢调定点上移]]></desc></option><option><id>E</id><type>text</type><desc><![CDATA[甲状腺激素分泌增加]]></desc></option></options><answers><![CDATA[A]]></answers></question><question><type>1</type><format>text</format><desc><![CDATA[12．水肿是指]]></desc><options><option><id>A</id><type>text</type><desc><![CDATA[细胞内液过多]]></desc></option><option><id>B</id><type>text</type><desc><![CDATA[细胞外液过多]]></desc></option><option><id>C</id><type>text</type><desc><![CDATA[组织间隙或体腔内液体过多]]></desc></option><option><id>D</id><type>text</type><desc><![CDATA[血管内液体过多]]></desc></option><option><id>E</id><type>text</type><desc><![CDATA[血浆量增加]]></desc></option></options><answers><![CDATA[C]]></answers></question><question><type>1</type><format>text</format><desc><![CDATA[13．肾病综合征病人早期引起水肿的主要机制是]]></desc><options><option><id>A</id><type>text</type><desc><![CDATA[毛细血管流体静压升高]]></desc></option><option><id>B</id><type>text</type><desc><![CDATA[低蛋白血症]]></desc></option><option><id>C</id><type>text</type><desc><![CDATA[微血管通透性增强]]></desc></option><option><id>D</id><type>text</type><desc><![CDATA[淋巴回流受阻]]></desc></option><option><id>E</id><type>text</type><desc><![CDATA[钠水潴留]]></desc></option></options><answers><![CDATA[B]]></answers></question><question><type>1</type><format>text</format><desc><![CDATA[14.男，20岁。10000米长跑后晕倒，眼窝下陷，神志欠清。急查血钾5.3mmol/L，血钠155mmol/L。该病人最可能的水电解质平衡紊乱类型是]]></desc><options><option><id>A</id><type>text</type><desc><![CDATA[高渗性脱水]]></desc></option><option><id>B</id><type>text</type><desc><![CDATA[低渗性脱水]]></desc></option><option><id>C</id><type>text</type><desc><![CDATA[等渗性脱水]]></desc></option><option><id>D</id><type>text</type><desc><![CDATA[低钠血症]]></desc></option><option><id>E</id><type>text</type><desc><![CDATA[高钾血症]]></desc></option></options><answers><![CDATA[A]]></answers></question><question><type>1</type><format>text</format><desc><![CDATA[15.女，50岁。恶心呕吐伴乏力、少尿6小时，呕吐量大，无口渴。2年前有腹部手术史。此时病人最可能出现的水电解质平衡紊乱是]]></desc><options><option><id>A</id><type>text</type><desc><![CDATA[高渗性脱水]]></desc></option><option><id>B</id><type>text</type><desc><![CDATA[稀释性低钠血症]]></desc></option><option><id>C</id><type>text</type><desc><![CDATA[低渗性脱水]]></desc></option><option><id>D</id><type>text</type><desc><![CDATA[等渗性脱水]]></desc></option><option><id>E</id><type>text</type><desc><![CDATA[高钾血症]]></desc></option></options><answers><![CDATA[D]]></answers></question><question><type>1</type><format>text</format><desc><![CDATA[16.男，40岁。急性肠梗阻2天，呕吐频繁、乏力、尿少、口唇干燥、眼窝下陷、皮肤弹性差，脉搏116次/分。化验：Hb 163g/L，血细胞比容0.55，血清钠140mmol/L，血清钾4 mmol/L。该病人可能发生]]></desc><options><option><id>A</id><type>text</type><desc><![CDATA[低渗性脱水]]></desc></option><option><id>B</id><type>text</type><desc><![CDATA[高渗性脱水]]></desc></option><option><id>C</id><type>text</type><desc><![CDATA[等渗性脱水]]></desc></option><option><id>D</id><type>text</type><desc><![CDATA[水中毒]]></desc></option><option><id>E</id><type>text</type><desc><![CDATA[高钾血症]]></desc></option></options><answers><![CDATA[C]]></answers></question><question><type>1</type><format>text</format><desc><![CDATA[17.女，47岁，慢性肾炎病史多年，近2年经常出现双下肢水肿，一直服双嘧达莫（潘生丁）及氢氯噻嗪治疗。近1周感觉腹胀、双下肢无力。首先考虑的是]]></desc><options><option><id>A</id><type>text</type><desc><![CDATA[肾功能严重减退]]></desc></option><option><id>B</id><type>text</type><desc><![CDATA[低钾血症]]></desc></option><option><id>C</id><type>text</type><desc><![CDATA[高血压]]></desc></option><option><id>D</id><type>text</type><desc><![CDATA[酸中毒]]></desc></option><option><id>E</id><type>text</type><desc><![CDATA[药物中毒]]></desc></option></options><answers><![CDATA[B]]></answers></question></questions></exam>