﻿<?xml version="1.0" encoding="UTF-8"?><exam><id>20181120143928</id><questions><instructions><![CDATA[一、单项选择题]]></instructions><question><type>1</type><format>text</format><desc><![CDATA[1.人体最重要的散热途径是]]></desc><options><option><id>A</id><type>text</type><desc><![CDATA[肺]]></desc></option><option><id>B</id><type>text</type><desc><![CDATA[肌肉]]></desc></option><option><id>C</id><type>text</type><desc><![CDATA[粪]]></desc></option><option><id>D</id><type>text</type><desc><![CDATA[尿]]></desc></option><option><id>E</id><type>text</type><desc><![CDATA[皮肤]]></desc></option></options><answers><![CDATA[E]]></answers></question><question><type>1</type><format>text</format><desc><![CDATA[2.临床上一般把体温上升超过正常值的多少称为发热]]></desc><options><option><id>A</id><type>text</type><desc><![CDATA[0.5℃]]></desc></option><option><id>B</id><type>text</type><desc><![CDATA[0.8℃]]></desc></option><option><id>C</id><type>text</type><desc><![CDATA[1.0℃]]></desc></option><option><id>D</id><type>text</type><desc><![CDATA[1.5℃]]></desc></option><option><id>E</id><type>text</type><desc><![CDATA[2.0℃]]></desc></option></options><answers><![CDATA[A]]></answers></question><question><type>1</type><format>text</format><desc><![CDATA[3.体温下降期的表现是]]></desc><options><option><id>A</id><type>text</type><desc><![CDATA[皮肤干燥]]></desc></option><option><id>B</id><type>text</type><desc><![CDATA[畏寒]]></desc></option><option><id>C</id><type>text</type><desc><![CDATA[出汗]]></desc></option><option><id>D</id><type>text</type><desc><![CDATA[皮肤苍白]]></desc></option><option><id>E</id><type>text</type><desc><![CDATA[寒战]]></desc></option></options><answers><![CDATA[C]]></answers></question><question><type>1</type><format>text</format><desc><![CDATA[4.下述哪种情况的体温升高属于发热]]></desc><options><option><id>A</id><type>text</type><desc><![CDATA[妇女月经前期]]></desc></option><option><id>B</id><type>text</type><desc><![CDATA[剧烈运动后]]></desc></option><option><id>C</id><type>text</type><desc><![CDATA[妇女妊娠期]]></desc></option><option><id>D</id><type>text</type><desc><![CDATA[中暑]]></desc></option><option><id>E</id><type>text</type><desc><![CDATA[化脓性扁桃体炎]]></desc></option></options><answers><![CDATA[E]]></answers></question><question><type>1</type><format>text</format><desc><![CDATA[5.内生致热原的作用部位是]]></desc><options><option><id>A</id><type>text</type><desc><![CDATA[中性粒细胞]]></desc></option><option><id>B</id><type>text</type><desc><![CDATA[骨骼肌]]></desc></option><option><id>C</id><type>text</type><desc><![CDATA[下丘脑体温调节中枢]]></desc></option><option><id>D</id><type>text</type><desc><![CDATA[皮肤血管]]></desc></option><option><id>E</id><type>text</type><desc><![CDATA[汗腺]]></desc></option></options><answers><![CDATA[C]]></answers></question><question><type>1</type><format>text</format><desc><![CDATA[6.外致热原的作用部位是]]></desc><options><option><id>A</id><type>text</type><desc><![CDATA[下丘脑体温调节中枢]]></desc></option><option><id>B</id><type>text</type><desc><![CDATA[骨骼肌]]></desc></option><option><id>C</id><type>text</type><desc><![CDATA[汗腺]]></desc></option><option><id>D</id><type>text</type><desc><![CDATA[皮肤血管]]></desc></option><option><id>E</id><type>text</type><desc><![CDATA[产EP细胞]]></desc></option></options><answers><![CDATA[E]]></answers></question><question><type>1</type><format>text</format><desc><![CDATA[7.外致热原的作用主要是]]></desc><options><option><id>A</id><type>text</type><desc><![CDATA[激活局部的血管内皮细胞，释放致炎物质]]></desc></option><option><id>B</id><type>text</type><desc><![CDATA[刺激局部的神经末梢，释放神经介质]]></desc></option><option><id>C</id><type>text</type><desc><![CDATA[直接作用于下丘脑的体温调节中枢]]></desc></option><option><id>D</id><type>text</type><desc><![CDATA[促进内生致热原的产生和释放]]></desc></option><option><id>E</id><type>text</type><desc><![CDATA[加速分解代谢，产热增加]]></desc></option></options><answers><![CDATA[D]]></answers></question><question><type>1</type><format>text</format><desc><![CDATA[8.体温上升期热代谢特点是]]></desc><options><option><id>A</id><type>text</type><desc><![CDATA[散热减少，产热增加，体温升高]]></desc></option><option><id>B</id><type>text</type><desc><![CDATA[产热减少，散热增加，体温升高]]></desc></option><option><id>C</id><type>text</type><desc><![CDATA[散热减少，产热增加，体温恒定]]></desc></option><option><id>D</id><type>text</type><desc><![CDATA[产热与散热在高水平上相对平衡，体温保持高水平]]></desc></option><option><id>E</id><type>text</type><desc><![CDATA[产热减少，散热增加，体温恒定]]></desc></option></options><answers><![CDATA[A]]></answers></question><question><type>1</type><format>text</format><desc><![CDATA[9.一般认为，体温每升高1℃，基础代谢率可提高]]></desc><options><option><id>A</id><type>text</type><desc><![CDATA[10％]]></desc></option><option><id>B</id><type>text</type><desc><![CDATA[13％]]></desc></option><option><id>C</id><type>text</type><desc><![CDATA[25％]]></desc></option><option><id>D</id><type>text</type><desc><![CDATA[30％]]></desc></option><option><id>E</id><type>text</type><desc><![CDATA[50%]]></desc></option></options><answers><![CDATA[B]]></answers></question><question><type>1</type><format>html</format><desc><![CDATA[10.下列对发热病人的处理哪项<u><b>不正确</u></b>]]></desc><options><option><id>A</id><type>text</type><desc><![CDATA[寻找病因，针对病因治疗]]></desc></option><option><id>B</id><type>text</type><desc><![CDATA[进食易消化营养物质]]></desc></option><option><id>C</id><type>text</type><desc><![CDATA[注意水盐代谢，预防脱水]]></desc></option><option><id>D</id><type>text</type><desc><![CDATA[补充维生素]]></desc></option><option><id>E</id><type>text</type><desc><![CDATA[尽早解热]]></desc></option></options><answers><![CDATA[E]]></answers></question><question><type>1</type><format>text</format><desc><![CDATA[11．体温下降期可导致]]></desc><options><option><id>A</id><type>text</type><desc><![CDATA[Na<sup>+</sup>潴留]]></desc></option><option><id>B</id><type>text</type><desc><![CDATA[K<sup>+</sup>潴留]]></desc></option><option><id>C</id><type>text</type><desc><![CDATA[水潴留]]></desc></option><option><id>D</id><type>text</type><desc><![CDATA[脱水]]></desc></option><option><id>E</id><type>text</type><desc><![CDATA[出汗减少]]></desc></option></options><answers><![CDATA[D]]></answers></question><question><type>1</type><format>text</format><desc><![CDATA[12.发热时机体糖代谢变化为]]></desc><options><option><id>A</id><type>text</type><desc><![CDATA[糖原分解增多，糖异生增强，血糖升高，乳酸增多]]></desc></option><option><id>B</id><type>text</type><desc><![CDATA[糖原分解增多，糖异生减少，血糖升高，乳酸减少]]></desc></option><option><id>C</id><type>text</type><desc><![CDATA[糖原分解减少，糖异生减少，血糖降低，乳酸增多]]></desc></option><option><id>D</id><type>text</type><desc><![CDATA[糖原分解减少，糖异生增加，血糖降低，乳酸减少]]></desc></option><option><id>E</id><type>text</type><desc><![CDATA[糖原分解增多，糖异生减少，血糖升高，乳酸增多]]></desc></option></options><answers><![CDATA[A]]></answers></question><question><type>1</type><format>text</format><desc><![CDATA[13.幼儿高热易发生惊厥，是由于]]></desc><options><option><id>A</id><type>text</type><desc><![CDATA[中枢神经系统发育不成熟]]></desc></option><option><id>B</id><type>text</type><desc><![CDATA[体弱]]></desc></option><option><id>C</id><type>text</type><desc><![CDATA[小儿对致热原敏感]]></desc></option><option><id>D</id><type>text</type><desc><![CDATA[年龄小]]></desc></option><option><id>E</id><type>text</type><desc><![CDATA[肌肉收缩]]></desc></option></options><answers><![CDATA[A]]></answers></question><question><type>1</type><format>text</format><desc><![CDATA[14.病人畏寒、寒战、皮肤干燥、苍白，出现“鸡皮疙瘩”，体温在38.5℃，请问病人正处于]]></desc><options><option><id>A</id><type>text</type><desc><![CDATA[体温上升期]]></desc></option><option><id>B</id><type>text</type><desc><![CDATA[体温下降期]]></desc></option><option><id>C</id><type>text</type><desc><![CDATA[高热持续期]]></desc></option><option><id>D</id><type>text</type><desc><![CDATA[体温过热]]></desc></option><option><id>E</id><type>text</type><desc><![CDATA[体温正常]]></desc></option></options><answers><![CDATA[A]]></answers></question></questions></exam>