﻿<?xml version="1.0" encoding="UTF-8"?><exam><id>20181120145154</id><questions><instructions><![CDATA[一、单项选择题]]></instructions><question><type>1</type><format>text</format><desc><![CDATA[1.慢性支气管炎病人咳痰的病变基础是]]></desc><options><option><id>A</id><type>text</type><desc><![CDATA[支气管壁腺体萎缩，平滑肌收缩]]></desc></option><option><id>B</id><type>text</type><desc><![CDATA[腺体肥大、增生，黏膜上皮内杯状细胞增多]]></desc></option><option><id>C</id><type>text</type><desc><![CDATA[支气管壁充血、水肿和淋巴细胞浸润]]></desc></option><option><id>D</id><type>text</type><desc><![CDATA[支气管黏膜上皮细胞变性，坏死脱落]]></desc></option><option><id>E</id><type>text</type><desc><![CDATA[软骨片萎缩、纤维化、钙化和骨化]]></desc></option></options><answers><![CDATA[B]]></answers></question><question><type>1</type><format>text</format><desc><![CDATA[2.导致慢性不可逆性气道阻塞的肺疾病是]]></desc><options><option><id>A</id><type>text</type><desc><![CDATA[支气管哮喘]]></desc></option><option><id>B</id><type>text</type><desc><![CDATA[大叶性肺炎]]></desc></option><option><id>C</id><type>text</type><desc><![CDATA[支原体肺炎]]></desc></option><option><id>D</id><type>text</type><desc><![CDATA[慢性支气管炎]]></desc></option><option><id>E</id><type>text</type><desc><![CDATA[病毒性肺炎]]></desc></option></options><answers><![CDATA[D]]></answers></question><question><type>1</type><format>html</format><desc><![CDATA[3.下列哪一项<u><b>不符合</b></u>大叶性肺炎的特征]]></desc><options><option><id>A</id><type>text</type><desc><![CDATA[病变多累及一个大叶]]></desc></option><option><id>B</id><type>text</type><desc><![CDATA[纤维素性炎症]]></desc></option><option><id>C</id><type>text</type><desc><![CDATA[可发生肺肉质变]]></desc></option><option><id>D</id><type>text</type><desc><![CDATA[常并发肺脓肿]]></desc></option><option><id>E</id><type>text</type><desc><![CDATA[多由肺炎双球菌引起]]></desc></option></options><answers><![CDATA[D]]></answers></question><question><type>1</type><format>text</format><desc><![CDATA[4.下列哪一种病变能反映大叶性肺炎的本质]]></desc><options><option><id>A</id><type>text</type><desc><![CDATA[急性出血性炎症]]></desc></option><option><id>B</id><type>text</type><desc><![CDATA[肺泡的纤维素性炎症]]></desc></option><option><id>C</id><type>text</type><desc><![CDATA[肺的肉质变]]></desc></option><option><id>D</id><type>text</type><desc><![CDATA[肺的化脓性炎症]]></desc></option><option><id>E</id><type>text</type><desc><![CDATA[支气管及肺泡的卡他性炎]]></desc></option></options><answers><![CDATA[B]]></answers></question><question><type>1</type><format>text</format><desc><![CDATA[5.大叶性肺炎病人出现明显发绀等缺氧症状时，提示病变处于]]></desc><options><option><id>A</id><type>text</type><desc><![CDATA[充血水肿期]]></desc></option><option><id>B</id><type>text</type><desc><![CDATA[红色肝样变期]]></desc></option><option><id>C</id><type>text</type><desc><![CDATA[灰色肝样变期]]></desc></option><option><id>D</id><type>text</type><desc><![CDATA[溶解消散期]]></desc></option><option><id>E</id><type>text</type><desc><![CDATA[合并肺肉质变时]]></desc></option></options><answers><![CDATA[B]]></answers></question><question><type>1</type><format>html</format><desc><![CDATA[6.下列哪一项<u><b>不符合</b></u>小叶性肺炎]]></desc><options><option><id>A</id><type>text</type><desc><![CDATA[可由多种细菌引起]]></desc></option><option><id>B</id><type>text</type><desc><![CDATA[病变多为化脓性炎症]]></desc></option><option><id>C</id><type>text</type><desc><![CDATA[支气管旁淋巴结常有急性炎性反应]]></desc></option><option><id>D</id><type>text</type><desc><![CDATA[病灶融合多发展为肺肉质变]]></desc></option><option><id>E</id><type>text</type><desc><![CDATA[可导致支气管扩张症]]></desc></option></options><answers><![CDATA[D]]></answers></question><question><type>1</type><format>text</format><desc><![CDATA[7.下列哪一项能反映小叶性肺炎的本质]]></desc><options><option><id>A</id><type>text</type><desc><![CDATA[支气管及肺泡的卡他性炎症]]></desc></option><option><id>B</id><type>text</type><desc><![CDATA[肺泡的纤维素性炎症]]></desc></option><option><id>C</id><type>text</type><desc><![CDATA[支气管及肺泡的化脓性炎症]]></desc></option><option><id>D</id><type>text</type><desc><![CDATA[常是麻疹、百日咳等传染病的并发症]]></desc></option><option><id>E</id><type>text</type><desc><![CDATA[实质上是由急性支气管炎及支气管周围炎发展而来的肺组织炎症]]></desc></option></options><answers><![CDATA[C]]></answers></question><question><type>1</type><format>text</format><desc><![CDATA[8.确诊支原体肺炎的根据是]]></desc><options><option><id>A</id><type>text</type><desc><![CDATA[病人为儿童和青年]]></desc></option><option><id>B</id><type>text</type><desc><![CDATA[起病急，剧烈的干性咳嗽]]></desc></option><option><id>C</id><type>text</type><desc><![CDATA[病变表现为间质性炎症]]></desc></option><option><id>D</id><type>text</type><desc><![CDATA[肺泡壁内无渗出物]]></desc></option><option><id>E</id><type>text</type><desc><![CDATA[痰、鼻分泌物的病原体培养阳性]]></desc></option></options><answers><![CDATA[E]]></answers></question><question><type>1</type><format>html</format><desc><![CDATA[9.对病毒性肺炎描述<u><b>错误</b></u>的是]]></desc><options><option><id>A</id><type>text</type><desc><![CDATA[是上呼吸道病毒感染向下蔓延所致]]></desc></option><option><id>B</id><type>text</type><desc><![CDATA[炎症从支气管、细支气管开始沿肺间质发展]]></desc></option><option><id>C</id><type>text</type><desc><![CDATA[肺泡腔内可出现脓性渗出物]]></desc></option><option><id>D</id><type>text</type><desc><![CDATA[肺组织可出现灶性坏死]]></desc></option><option><id>E</id><type>text</type><desc><![CDATA[多核巨细胞内可查见病毒包涵体]]></desc></option></options><answers><![CDATA[E]]></answers></question><question><type>1</type><format>text</format><desc><![CDATA[10.易形成透明膜的肺炎是]]></desc><options><option><id>A</id><type>text</type><desc><![CDATA[麻疹病毒性肺炎]]></desc></option><option><id>B</id><type>text</type><desc><![CDATA[百日咳性肺炎]]></desc></option><option><id>C</id><type>text</type><desc><![CDATA[支原体肺炎]]></desc></option><option><id>D</id><type>text</type><desc><![CDATA[小叶性肺炎]]></desc></option><option><id>E</id><type>text</type><desc><![CDATA[呼吸道合胞病毒性肺炎]]></desc></option></options><answers><![CDATA[C]]></answers></question><question><type>1</type><format>text</format><desc><![CDATA[11.诊断病毒性肺炎的主要依据是]]></desc><options><option><id>A</id><type>text</type><desc><![CDATA[病毒包涵体]]></desc></option><option><id>B</id><type>text</type><desc><![CDATA[病变在肺间质]]></desc></option><option><id>C</id><type>text</type><desc><![CDATA[透明膜形成]]></desc></option><option><id>D</id><type>text</type><desc><![CDATA[肺间质淋巴细胞浸润]]></desc></option><option><id>E</id><type>text</type><desc><![CDATA[支气管和肺泡上皮增生形成多核巨细胞]]></desc></option></options><answers><![CDATA[A]]></answers></question><question><type>1</type><format>html</format><desc><![CDATA[12.下列哪一项<u><b>不符合</b></u>硅肺的病理变化]]></desc><options><option><id>A</id><type>text</type><desc><![CDATA[肺门淋巴结内硅结节形成]]></desc></option><option><id>B</id><type>text</type><desc><![CDATA[第二期硅肺时硅结节以中、下叶肺门周围组织较密集]]></desc></option><option><id>C</id><type>text</type><desc><![CDATA[融合的硅结节中央部常发生坏死和钙化]]></desc></option><option><id>D</id><type>text</type><desc><![CDATA[肺膜弥漫性纤维化]]></desc></option><option><id>E</id><type>text</type><desc><![CDATA[易并发肺结核病]]></desc></option></options><answers><![CDATA[B]]></answers></question><question><type>1</type><format>text</format><desc><![CDATA[13.构成细胞性硅结节的主要细胞是]]></desc><options><option><id>A</id><type>text</type><desc><![CDATA[成纤维细胞]]></desc></option><option><id>B</id><type>text</type><desc><![CDATA[吞噬硅尘的巨噬细胞]]></desc></option><option><id>C</id><type>text</type><desc><![CDATA[吞噬硅尘的中性粒细胞]]></desc></option><option><id>D</id><type>text</type><desc><![CDATA[血管内皮细胞]]></desc></option><option><id>E</id><type>text</type><desc><![CDATA[淋巴细胞]]></desc></option></options><answers><![CDATA[B]]></answers></question><question><type>1</type><format>text</format><desc><![CDATA[14.下列哪一项最常引起慢性肺源性心脏病]]></desc><options><option><id>A</id><type>text</type><desc><![CDATA[支气管哮喘]]></desc></option><option><id>B</id><type>text</type><desc><![CDATA[肺结核病]]></desc></option><option><id>C</id><type>text</type><desc><![CDATA[支气管扩张症]]></desc></option><option><id>D</id><type>text</type><desc><![CDATA[慢性支气管炎]]></desc></option><option><id>E</id><type>text</type><desc><![CDATA[大叶性肺炎时的肺肉质变]]></desc></option></options><answers><![CDATA[D]]></answers></question></questions><questions><instructions><![CDATA[二、共用题干选择题]]></instructions><question><type>3</type><format>text</format><desc><![CDATA[1.男性，35岁，淋雨后发热，咳嗽、咯铁锈色痰，呼吸急促，发绀，胸部有刺痛。体温39.8℃，脉搏125次/分，呼吸30次/分，叩诊左上肺实音。X线示左上肺弥漫实变阴影。]]></desc><children><question><type>3</type><format>text</format><desc><![CDATA[(1)该病人的诊断是]]></desc><options><option><id>A</id><type>text</type><desc><![CDATA[肺结核]]></desc></option><option><id>B</id><type>text</type><desc><![CDATA[大叶性肺炎]]></desc></option><option><id>C</id><type>text</type><desc><![CDATA[小叶性肺炎]]></desc></option><option><id>D</id><type>text</type><desc><![CDATA[肺癌]]></desc></option><option><id>E</id><type>text</type><desc><![CDATA[支气管扩张]]></desc></option></options><answers><![CDATA[B]]></answers></question><question><type>3</type><format>text</format><desc><![CDATA[(2)该病人咳铁锈色痰的原因是]]></desc><options><option><id>A</id><type>text</type><desc><![CDATA[血管破裂出血]]></desc></option><option><id>B</id><type>text</type><desc><![CDATA[炎症刺激]]></desc></option><option><id>C</id><type>text</type><desc><![CDATA[腺体分泌增多]]></desc></option><option><id>D</id><type>text</type><desc><![CDATA[巨噬细胞吞噬细菌]]></desc></option><option><id>E</id><type>text</type><desc><![CDATA[含铁血黄素细胞]]></desc></option></options><answers><![CDATA[E]]></answers></question><question><type>3</type><format>text</format><desc><![CDATA[(3)此病例位于哪一期]]></desc><options><option><id>A</id><type>text</type><desc><![CDATA[充血水肿期]]></desc></option><option><id>B</id><type>text</type><desc><![CDATA[红色肝样变期]]></desc></option><option><id>C</id><type>text</type><desc><![CDATA[灰色肝样变期]]></desc></option><option><id>D</id><type>text</type><desc><![CDATA[溶解消散期]]></desc></option><option><id>E</id><type>text</type><desc><![CDATA[肺肉质变期]]></desc></option></options><answers><![CDATA[B]]></answers></question></children></question><question><type>3</type><format>text</format><desc><![CDATA[2.男性，60岁，吸烟30年。反复咳嗽，咳痰，喘息22年。气促、心悸3年，下肢水肿，腹胀3个月。查体：呼吸28次/分，端坐呼吸，口唇指甲发绀，呼吸时锁骨上窝明显凹陷，颈静脉怒张，呼吸动作减弱，呈桶状胸，胸部叩诊过清音。腹部膨隆，明显腹水征，肝脏增大至肋下7.5cm,双下肢水肿。]]></desc><children><question><type>3</type><format>text</format><desc><![CDATA[(1)病人的疾病发展过程是]]></desc><options><option><id>A</id><type>text</type><desc><![CDATA[慢性支气管炎-支气管扩张-肺心病]]></desc></option><option><id>B</id><type>text</type><desc><![CDATA[小叶性肺炎-支气管扩张-肺气肿]]></desc></option><option><id>C</id><type>text</type><desc><![CDATA[慢性支气管炎-肺气肿-肺心病]]></desc></option><option><id>D</id><type>text</type><desc><![CDATA[慢性支气管炎-肺心病-肺气肿]]></desc></option><option><id>E</id><type>text</type><desc><![CDATA[慢性支气管炎-小叶性肺炎-大叶性肺炎]]></desc></option></options><answers><![CDATA[C]]></answers></question><question><type>3</type><format>text</format><desc><![CDATA[(2)病人出现颈静脉怒张、双下肢水肿和腹水的原因是]]></desc><options><option><id>A</id><type>text</type><desc><![CDATA[缺氧]]></desc></option><option><id>B</id><type>text</type><desc><![CDATA[右心衰竭]]></desc></option><option><id>C</id><type>text</type><desc><![CDATA[左心衰竭]]></desc></option><option><id>D</id><type>text</type><desc><![CDATA[肺水肿]]></desc></option><option><id>E</id><type>text</type><desc><![CDATA[呼吸衰竭]]></desc></option></options><answers><![CDATA[B]]></answers></question></children></question></questions></exam>