﻿<?xml version="1.0" encoding="UTF-8"?><exam><id>20181120143051</id><questions><instructions><![CDATA[一、单项选择题]]></instructions><question><type>1</type><format>html</format><desc><![CDATA[1．下列<u><b>不属于</b></u>细胞、组织的适应性变化的是]]></desc><options><option><id>A</id><type>text</type><desc><![CDATA[萎缩]]></desc></option><option><id>B</id><type>text</type><desc><![CDATA[肥大]]></desc></option><option><id>C</id><type>text</type><desc><![CDATA[发育不全]]></desc></option><option><id>D</id><type>text</type><desc><![CDATA[增生]]></desc></option><option><id>E</id><type>text</type><desc><![CDATA[化生]]></desc></option></options><answers><![CDATA[C]]></answers></question><question><type>1</type><format>text</format><desc><![CDATA[2.下列最易发生脂肪变性的器官是]]></desc><options><option><id>A</id><type>text</type><desc><![CDATA[肠、肝、脾]]></desc></option><option><id>B</id><type>text</type><desc><![CDATA[肝、肾、心]]></desc></option><option><id>C</id><type>text</type><desc><![CDATA[肝、心、脾]]></desc></option><option><id>D</id><type>text</type><desc><![CDATA[肠、脾、脑]]></desc></option><option><id>E</id><type>text</type><desc><![CDATA[肝、心、脑]]></desc></option></options><answers><![CDATA[B]]></answers></question><question><type>1</type><format>html</format><desc><![CDATA[3.下列<u><b>不属于</b></u>凝固性坏死的病变是]]></desc><options><option><id>A</id><type>text</type><desc><![CDATA[肝脓肿]]></desc></option><option><id>B</id><type>text</type><desc><![CDATA[脾梗死]]></desc></option><option><id>C</id><type>text</type><desc><![CDATA[肾结核]]></desc></option><option><id>D</id><type>text</type><desc><![CDATA[心肌梗死]]></desc></option><option><id>E</id><type>text</type><desc><![CDATA[癌细胞坏死]]></desc></option></options><answers><![CDATA[A]]></answers></question><question><type>1</type><format>text</format><desc><![CDATA[4.血管壁玻璃样变性主要发生于]]></desc><options><option><id>A</id><type>text</type><desc><![CDATA[大动脉]]></desc></option><option><id>B</id><type>text</type><desc><![CDATA[中动脉]]></desc></option><option><id>C</id><type>text</type><desc><![CDATA[小动脉]]></desc></option><option><id>D</id><type>text</type><desc><![CDATA[细动脉]]></desc></option><option><id>E</id><type>text</type><desc><![CDATA[弹性动脉]]></desc></option></options><answers><![CDATA[D]]></answers></question><question><type>1</type><format>text</format><desc><![CDATA[5.全身营养不良时，首先发生萎缩的组织是]]></desc><options><option><id>A</id><type>text</type><desc><![CDATA[纤维组织]]></desc></option><option><id>B</id><type>text</type><desc><![CDATA[骨骼肌]]></desc></option><option><id>C</id><type>text</type><desc><![CDATA[心肌]]></desc></option><option><id>D</id><type>text</type><desc><![CDATA[脑组织]]></desc></option><option><id>E</id><type>text</type><desc><![CDATA[脂肪组织]]></desc></option></options><answers><![CDATA[E]]></answers></question><question><type>1</type><format>html</format><desc><![CDATA[6.下列<u><b>不属于</b></u>肉芽组织的功能的是]]></desc><options><option><id>A</id><type>text</type><desc><![CDATA[抗感染]]></desc></option><option><id>B</id><type>text</type><desc><![CDATA[保护创面]]></desc></option><option><id>C</id><type>text</type><desc><![CDATA[填补伤口]]></desc></option><option><id>D</id><type>text</type><desc><![CDATA[机化坏死组织]]></desc></option><option><id>E</id><type>text</type><desc><![CDATA[肉芽组织变为瘢痕组织]]></desc></option></options><answers><![CDATA[E]]></answers></question><question><type>1</type><format>text</format><desc><![CDATA[7.病人，男，68岁，既往有高血压病史25年，最有可能发生的心脏病变是]]></desc><options><option><id>A</id><type>text</type><desc><![CDATA[萎缩]]></desc></option><option><id>B</id><type>text</type><desc><![CDATA[肥大]]></desc></option><option><id>C</id><type>text</type><desc><![CDATA[增生]]></desc></option><option><id>D</id><type>text</type><desc><![CDATA[化生]]></desc></option><option><id>E</id><type>text</type><desc><![CDATA[发育不全]]></desc></option></options><answers><![CDATA[B]]></answers></question><question><type>1</type><format>text</format><desc><![CDATA[8.病人，女，60岁，有肺结核病史5年，最有可能发生的肺部病变是]]></desc><options><option><id>A</id><type>text</type><desc><![CDATA[凝固性坏死]]></desc></option><option><id>B</id><type>text</type><desc><![CDATA[液化性坏死]]></desc></option><option><id>C</id><type>text</type><desc><![CDATA[干酪样坏死]]></desc></option><option><id>D</id><type>text</type><desc><![CDATA[纤维素样坏死]]></desc></option><option><id>E</id><type>text</type><desc><![CDATA[脂肪坏死]]></desc></option></options><answers><![CDATA[C]]></answers></question><question><type>1</type><format>text</format><desc><![CDATA[9.病人，男，24岁，吸烟，近一年来右下肢行走后疼痛，休息后好转，出现间歇性跛行。近一个月来，右趾变黑皱缩，失去知觉，此种病变考虑为]]></desc><options><option><id>A</id><type>text</type><desc><![CDATA[干性坏疽]]></desc></option><option><id>B</id><type>text</type><desc><![CDATA[湿性坏疽]]></desc></option><option><id>C</id><type>text</type><desc><![CDATA[气性坏疽]]></desc></option><option><id>D</id><type>text</type><desc><![CDATA[液化性坏死]]></desc></option><option><id>E</id><type>text</type><desc><![CDATA[凝固性坏死]]></desc></option></options><answers><![CDATA[A]]></answers></question><question><type>1</type><format>text</format><desc><![CDATA[10.病人，男性，32岁，因急性肝损伤急症手术，曾患甲型肝炎已治愈，术中见肝右叶外侧5cm裂口，深3cm，术后肝肾功能检查正常，食欲、体力恢复正常，肝脏损伤得以顺利修复，从内环境分析，主要起再生作用的是]]></desc><options><option><id>A</id><type>text</type><desc><![CDATA[不稳定细胞]]></desc></option><option><id>B</id><type>text</type><desc><![CDATA[肥大细胞]]></desc></option><option><id>C</id><type>text</type><desc><![CDATA[纤维细胞]]></desc></option><option><id>D</id><type>text</type><desc><![CDATA[稳定细胞]]></desc></option><option><id>E</id><type>text</type><desc><![CDATA[永久性细胞]]></desc></option></options><answers><![CDATA[D]]></answers></question><question><type>1</type><format>text</format><desc><![CDATA[11.男，50岁，30年吸烟史。支气管活检可见鳞状上皮和支气管腺体，此种病理变化考虑为]]></desc><options><option><id>A</id><type>text</type><desc><![CDATA[支气管黏膜化生]]></desc></option><option><id>B</id><type>text</type><desc><![CDATA[支气管黏膜肥大]]></desc></option><option><id>C</id><type>text</type><desc><![CDATA[支气管黏膜萎缩]]></desc></option><option><id>D</id><type>text</type><desc><![CDATA[支气管鳞状细胞癌]]></desc></option><option><id>E</id><type>text</type><desc><![CDATA[支气管腺癌]]></desc></option></options><answers><![CDATA[A]]></answers></question><question><type>1</type><format>text</format><desc><![CDATA[12.男，15岁，阑尾炎术后第七天左右拆线的原因主要是]]></desc><options><option><id>A</id><type>text</type><desc><![CDATA[肉芽组织已形成]]></desc></option><option><id>B</id><type>text</type><desc><![CDATA[胶原纤维已产生]]></desc></option><option><id>C</id><type>text</type><desc><![CDATA[表皮已再生]]></desc></option><option><id>D</id><type>text</type><desc><![CDATA[炎症已消退]]></desc></option><option><id>E</id><type>text</type><desc><![CDATA[伤口已愈合]]></desc></option></options><answers><![CDATA[B]]></answers></question></questions></exam>