﻿<?xml version="1.0" encoding="UTF-8"?><exam><id>20181120151621</id><questions><instructions><![CDATA[一、单项选择题]]></instructions><question><type>1</type><format>text</format><desc><![CDATA[1.下列哪项是肾小球肾炎的主要发病机制]]></desc><options><option><id>A</id><type>text</type><desc><![CDATA[遗传因素]]></desc></option><option><id>B</id><type>text</type><desc><![CDATA[变态反应]]></desc></option><option><id>C</id><type>text</type><desc><![CDATA[体液免疫]]></desc></option><option><id>D</id><type>text</type><desc><![CDATA[感染直接损伤]]></desc></option></options><answers><![CDATA[B]]></answers></question><question><type>1</type><format>text</format><desc><![CDATA[2.肾小球肾炎主要累及的部位是]]></desc><options><option><id>A</id><type>text</type><desc><![CDATA[双侧肾脏的肾小球]]></desc></option><option><id>B</id><type>text</type><desc><![CDATA[双侧肾脏的肾小管]]></desc></option><option><id>C</id><type>text</type><desc><![CDATA[双侧肾脏的集合管]]></desc></option><option><id>D</id><type>text</type><desc><![CDATA[双侧肾脏的间质]]></desc></option></options><answers><![CDATA[A]]></answers></question><question><type>1</type><format>text</format><desc><![CDATA[3.急性弥漫性增生性肾小球肾炎的镜下主要是]]></desc><options><option><id>A</id><type>text</type><desc><![CDATA[肾小球间质中结缔组织增生]]></desc></option><option><id>B</id><type>text</type><desc><![CDATA[肾小球壁层上皮细胞增生]]></desc></option><option><id>C</id><type>text</type><desc><![CDATA[肾小球毛细血管壁增生]]></desc></option><option><id>D</id><type>text</type><desc><![CDATA[肾小球毛细血管内皮细胞及系膜细胞增生]]></desc></option></options><answers><![CDATA[D]]></answers></question><question><type>1</type><format>text</format><desc><![CDATA[4.弥漫性新月体性肾小球肾炎的镜下主要是]]></desc><options><option><id>A</id><type>text</type><desc><![CDATA[肾小球脏层上皮细胞增生]]></desc></option><option><id>B</id><type>text</type><desc><![CDATA[肾小球壁层上皮细胞增生]]></desc></option><option><id>C</id><type>text</type><desc><![CDATA[系膜细胞增生]]></desc></option><option><id>D</id><type>text</type><desc><![CDATA[毛细血管内皮细胞增生]]></desc></option></options><answers><![CDATA[B]]></answers></question><question><type>1</type><format>text</format><desc><![CDATA[5.膜性肾病的特征性病变是]]></desc><options><option><id>A</id><type>text</type><desc><![CDATA[瘢痕肾]]></desc></option><option><id>B</id><type>text</type><desc><![CDATA[大白肾]]></desc></option><option><id>C</id><type>text</type><desc><![CDATA[大红肾]]></desc></option><option><id>D</id><type>text</type><desc><![CDATA[蚤咬肾]]></desc></option></options><answers><![CDATA[B]]></answers></question><question><type>1</type><format>text</format><desc><![CDATA[6.引起肾脏体积明显缩小的常见病变是]]></desc><options><option><id>A</id><type>text</type><desc><![CDATA[肾结石]]></desc></option><option><id>B</id><type>text</type><desc><![CDATA[肾脓肿]]></desc></option><option><id>C</id><type>text</type><desc><![CDATA[新月体性肾小球肾炎]]></desc></option><option><id>D</id><type>text</type><desc><![CDATA[慢性肾炎]]></desc></option></options><answers><![CDATA[D]]></answers></question><question><type>1</type><format>text</format><desc><![CDATA[7.肾小球进行性纤维化玻璃样变的是]]></desc><options><option><id>A</id><type>text</type><desc><![CDATA[高血压性固缩肾]]></desc></option><option><id>B</id><type>text</type><desc><![CDATA[动脉粥样硬化性固缩肾]]></desc></option><option><id>C</id><type>text</type><desc><![CDATA[慢性肾盂炎]]></desc></option><option><id>D</id><type>text</type><desc><![CDATA[弥漫性硬化性肾小球肾炎]]></desc></option></options><answers><![CDATA[D]]></answers></question><question><type>1</type><format>text</format><desc><![CDATA[8.临床上多表现为肾病综合征的肾炎类型为]]></desc><options><option><id>A</id><type>text</type><desc><![CDATA[急性弥漫性增生性肾小球肾炎]]></desc></option><option><id>B</id><type>text</type><desc><![CDATA[弥漫性新月体性肾小球肾炎]]></desc></option><option><id>C</id><type>text</type><desc><![CDATA[弥漫性膜性肾小球肾炎]]></desc></option><option><id>D</id><type>text</type><desc><![CDATA[慢性硬化性肾小球肾炎]]></desc></option></options><answers><![CDATA[A]]></answers></question><question><type>1</type><format>text</format><desc><![CDATA[9.引起肾盂肾炎最主要的病原菌是]]></desc><options><option><id>A</id><type>text</type><desc><![CDATA[肺炎杆菌]]></desc></option><option><id>B</id><type>text</type><desc><![CDATA[葡萄球菌]]></desc></option><option><id>C</id><type>text</type><desc><![CDATA[链球菌]]></desc></option><option><id>D</id><type>text</type><desc><![CDATA[大肠杆菌]]></desc></option></options><answers><![CDATA[D]]></answers></question><question><type>1</type><format>text</format><desc><![CDATA[10. 肾盂肾炎最主要的感染途径是]]></desc><options><option><id>A</id><type>text</type><desc><![CDATA[上行性感染]]></desc></option><option><id>B</id><type>text</type><desc><![CDATA[血源性感染]]></desc></option><option><id>C</id><type>text</type><desc><![CDATA[医源性感染]]></desc></option><option><id>D</id><type>text</type><desc><![CDATA[多途径感染]]></desc></option></options><answers><![CDATA[A]]></answers></question><question><type>1</type><format>text</format><desc><![CDATA[11.急性肾盂肾炎的病变特点是]]></desc><options><option><id>A</id><type>text</type><desc><![CDATA[单发性肾脓肿]]></desc></option><option><id>B</id><type>text</type><desc><![CDATA[不累及肾小球、肾小管的化脓性炎症]]></desc></option><option><id>C</id><type>text</type><desc><![CDATA[以肾间质和肾盂为主的急性化脓性炎症]]></desc></option><option><id>D</id><type>text</type><desc><![CDATA[以肾盂为主的急性化脓性炎症]]></desc></option></options><answers><![CDATA[C]]></answers></question><question><type>1</type><format>html</format><desc><![CDATA[12. 关于慢性肾盂肾炎的叙述，哪项是<u><b>不正确</b></u>的]]></desc><options><option><id>A</id><type>text</type><desc><![CDATA[肉眼观表现为颗粒性固缩肾]]></desc></option><option><id>B</id><type>text</type><desc><![CDATA[肾盂肾盏变形]]></desc></option><option><id>C</id><type>text</type><desc><![CDATA[有肾小管功能障碍]]></desc></option><option><id>D</id><type>text</type><desc><![CDATA[肾脏不规则瘢痕(瘢痕肾)]]></desc></option></options><answers><![CDATA[A]]></answers></question><question><type>1</type><format>text</format><desc><![CDATA[13.肾盂肾炎的诱因是]]></desc><options><option><id>A</id><type>text</type><desc><![CDATA[泌尿道黏膜损伤]]></desc></option><option><id>B</id><type>text</type><desc><![CDATA[尿路阻塞、尿液反流]]></desc></option><option><id>C</id><type>text</type><desc><![CDATA[全身抵抗力低]]></desc></option><option><id>D</id><type>text</type><desc><![CDATA[以上都是]]></desc></option></options><answers><![CDATA[D]]></answers></question><question><type>1</type><format>text</format><desc><![CDATA[14.尿中出血何种管型对诊断肾盂肾炎有帮助]]></desc><options><option><id>A</id><type>text</type><desc><![CDATA[上皮细胞管型]]></desc></option><option><id>B</id><type>text</type><desc><![CDATA[白细胞管型]]></desc></option><option><id>C</id><type>text</type><desc><![CDATA[红细胞管型]]></desc></option><option><id>D</id><type>text</type><desc><![CDATA[颗粒管型]]></desc></option></options><answers><![CDATA[B]]></answers></question><question><type>1</type><format>text</format><desc><![CDATA[15. 直接由细菌感染引起的肾脏疾病有]]></desc><options><option><id>A</id><type>text</type><desc><![CDATA[多囊肾]]></desc></option><option><id>B</id><type>text</type><desc><![CDATA[肾病综合征]]></desc></option><option><id>C</id><type>text</type><desc><![CDATA[肾小球肾炎]]></desc></option><option><id>D</id><type>text</type><desc><![CDATA[肾盂肾炎]]></desc></option></options><answers><![CDATA[D]]></answers></question><question><type>1</type><format>text</format><desc><![CDATA[16.慢性肾盂肾炎形态变化可能性最小的是]]></desc><options><option><id>A</id><type>text</type><desc><![CDATA[肾间质纤维化]]></desc></option><option><id>B</id><type>text</type><desc><![CDATA[肾小球球囊周围纤维化]]></desc></option><option><id>C</id><type>text</type><desc><![CDATA[肾小球代偿性肥大]]></desc></option><option><id>D</id><type>text</type><desc><![CDATA[肾小管腔内淋巴细胞]]></desc></option></options><answers><![CDATA[D]]></answers></question><question><type>1</type><format>text</format><desc><![CDATA[17.肾癌最常见的转移部位]]></desc><options><option><id>A</id><type>text</type><desc><![CDATA[肝]]></desc></option><option><id>B</id><type>text</type><desc><![CDATA[肺]]></desc></option><option><id>C</id><type>text</type><desc><![CDATA[骨骼]]></desc></option><option><id>D</id><type>text</type><desc><![CDATA[肾上腺]]></desc></option></options><answers><![CDATA[B]]></answers></question><question><type>1</type><format>text</format><desc><![CDATA[18. 最常见的肾癌细胞类型]]></desc><options><option><id>A</id><type>text</type><desc><![CDATA[透明细胞癌]]></desc></option><option><id>B</id><type>text</type><desc><![CDATA[肾母细胞瘤.]]></desc></option><option><id>C</id><type>text</type><desc><![CDATA[梭形细胞癌]]></desc></option><option><id>D</id><type>text</type><desc><![CDATA[囊性细胞癌]]></desc></option></options><answers><![CDATA[A]]></answers></question><question><type>1</type><format>text</format><desc><![CDATA[19.在我国泌尿系统常见的恶性肿瘤是]]></desc><options><option><id>A</id><type>text</type><desc><![CDATA[肾细胞癌]]></desc></option><option><id>B</id><type>text</type><desc><![CDATA[尿路上皮细胞癌]]></desc></option><option><id>C</id><type>text</type><desc><![CDATA[前列腺癌]]></desc></option><option><id>D</id><type>text</type><desc><![CDATA[肾母细胞瘤]]></desc></option></options><answers><![CDATA[A]]></answers></question><question><type>1</type><format>text</format><desc><![CDATA[20.最常见的膀胱癌的类型]]></desc><options><option><id>A</id><type>text</type><desc><![CDATA[透明细胞癌]]></desc></option><option><id>B</id><type>text</type><desc><![CDATA[尿路上皮细胞癌]]></desc></option><option><id>C</id><type>text</type><desc><![CDATA[黏液腺癌]]></desc></option><option><id>D</id><type>text</type><desc><![CDATA[鳞状上皮细胞癌]]></desc></option></options><answers><![CDATA[B]]></answers></question></questions></exam>