﻿<?xml version="1.0" encoding="UTF-8"?><exam><id>20181120144844</id><questions><instructions><![CDATA[一、单项选择题]]></instructions><question><type>1</type><format>html</format><desc><![CDATA[1.下述<u><b>不符合</b></u>肿瘤性增生的特点的是]]></desc><options><option><id>A</id><type>text</type><desc><![CDATA[增生过程中需致癌因素持续存在]]></desc></option><option><id>B</id><type>text</type><desc><![CDATA[生长旺盛，与整个机体不协调]]></desc></option><option><id>C</id><type>text</type><desc><![CDATA[细胞分化成熟能力下降]]></desc></option><option><id>D</id><type>text</type><desc><![CDATA[细胞分裂能力加强]]></desc></option><option><id>E</id><type>text</type><desc><![CDATA[通常形成局部肿块]]></desc></option></options><answers><![CDATA[A]]></answers></question><question><type>1</type><format>html</format><desc><![CDATA[2.下述<u><b>不符合</b></u>癌的特征的是]]></desc><options><option><id>A</id><type>text</type><desc><![CDATA[上皮组织发生的恶性肿瘤]]></desc></option><option><id>B</id><type>text</type><desc><![CDATA[以浸润性生长为主]]></desc></option><option><id>C</id><type>text</type><desc><![CDATA[癌细胞可排列成巢状]]></desc></option><option><id>D</id><type>text</type><desc><![CDATA[实质与间质分界清楚]]></desc></option><option><id>E</id><type>text</type><desc><![CDATA[以血道转移为主]]></desc></option></options><answers><![CDATA[E]]></answers></question><question><type>1</type><format>html</format><desc><![CDATA[3.下列<u><b>不属于</b></u>癌前病变的是]]></desc><options><option><id>A</id><type>text</type><desc><![CDATA[慢性萎缩性胃炎]]></desc></option><option><id>B</id><type>text</type><desc><![CDATA[十二指肠溃疡]]></desc></option><option><id>C</id><type>text</type><desc><![CDATA[经久不愈的皮肤慢性溃疡]]></desc></option><option><id>D</id><type>text</type><desc><![CDATA[黏膜白斑]]></desc></option><option><id>E</id><type>text</type><desc><![CDATA[结肠多发性息肉]]></desc></option></options><answers><![CDATA[B]]></answers></question><question><type>1</type><format>html</format><desc><![CDATA[4.下列肿瘤来源于上皮组织的是<b></b>]]></desc><options><option><id>A</id><type>text</type><desc><![CDATA[血管瘤]]></desc></option><option><id>B</id><type>text</type><desc><![CDATA[纤维肉瘤]]></desc></option><option><id>C</id><type>text</type><desc><![CDATA[脂肪瘤]]></desc></option><option><id>D</id><type>text</type><desc><![CDATA[乳头状瘤]]></desc></option><option><id>E</id><type>text</type><desc><![CDATA[非霍奇金淋巴瘤]]></desc></option></options><answers><![CDATA[D]]></answers></question><question><type>1</type><format>html</format><desc><![CDATA[5.恶性肿瘤与良性肿瘤最主要的<u><b>不同点</b></u>是]]></desc><options><option><id>A</id><type>text</type><desc><![CDATA[细胞分化差]]></desc></option><option><id>B</id><type>text</type><desc><![CDATA[有大量激素分泌]]></desc></option><option><id>C</id><type>text</type><desc><![CDATA[浸润性生长为主]]></desc></option><option><id>D</id><type>text</type><desc><![CDATA[生长快]]></desc></option><option><id>E</id><type>text</type><desc><![CDATA[发生转移]]></desc></option></options><answers><![CDATA[E]]></answers></question><question><type>1</type><format>html</format><desc><![CDATA[6.<u><b>不属于</b></u>恶性肿瘤的是]]></desc><options><option><id>A</id><type>text</type><desc><![CDATA[淋巴瘤]]></desc></option><option><id>B</id><type>text</type><desc><![CDATA[黑色素瘤]]></desc></option><option><id>C</id><type>text</type><desc><![CDATA[血管瘤]]></desc></option><option><id>D</id><type>text</type><desc><![CDATA[精原细胞瘤]]></desc></option><option><id>E</id><type>text</type><desc><![CDATA[白血病]]></desc></option></options><answers><![CDATA[C]]></answers></question><question><type>1</type><format>html</format><desc><![CDATA[7.<u><b>不属于</b></u>良性肿瘤的是]]></desc><options><option><id>A</id><type>text</type><desc><![CDATA[纤维瘤]]></desc></option><option><id>B</id><type>text</type><desc><![CDATA[血管瘤]]></desc></option><option><id>C</id><type>text</type><desc><![CDATA[淋巴瘤]]></desc></option><option><id>D</id><type>text</type><desc><![CDATA[纤维瘤]]></desc></option><option><id>E</id><type>text</type><desc><![CDATA[软骨瘤]]></desc></option></options><answers><![CDATA[C]]></answers></question><question><type>1</type><format>text</format><desc><![CDATA[8.病人，女，26岁，发现乳腺肿物一月余，触摸边界清楚，活动良好，周围淋巴结未见肿大。考虑为]]></desc><options><option><id>A</id><type>text</type><desc><![CDATA[乳腺恶性肿瘤]]></desc></option><option><id>B</id><type>text</type><desc><![CDATA[乳腺纤维瘤]]></desc></option><option><id>C</id><type>text</type><desc><![CDATA[乳腺癌]]></desc></option><option><id>D</id><type>text</type><desc><![CDATA[乳腺增生]]></desc></option><option><id>E</id><type>text</type><desc><![CDATA[乳腺炎]]></desc></option></options><answers><![CDATA[B]]></answers></question><question><type>1</type><format>text</format><desc><![CDATA[9.病人，女，18岁，大腿肿物2月余，肿物生长迅速，边界不清，X线显示肿瘤侵犯骨皮质，可见与骨表面垂直的骨小梁，呈日光放射状。镜下可见明显异型性的梭形和多边形的瘤细胞。此病例考虑为]]></desc><options><option><id>A</id><type>text</type><desc><![CDATA[软骨瘤]]></desc></option><option><id>B</id><type>text</type><desc><![CDATA[脂肪瘤]]></desc></option><option><id>C</id><type>text</type><desc><![CDATA[骨肉瘤]]></desc></option><option><id>D</id><type>text</type><desc><![CDATA[纤维肉瘤]]></desc></option><option><id>E</id><type>text</type><desc><![CDATA[脂肪肉瘤]]></desc></option></options><answers><![CDATA[C]]></answers></question></questions><questions><instructions><![CDATA[二、共用题干选择题]]></instructions><question><type>3</type><format>text</format><desc><![CDATA[1.病人，男，40岁，自述胃病十余年，最近疼痛剧烈，钡餐造影发现胃壁小弯侧有一6cm×8cm 溃疡型肿物，边界不清，病人出现腹水，便潜血。B超显示肝脏多发结节性肿物。]]></desc><children><question><type>3</type><format>text</format><desc><![CDATA[（1）该病人考虑的疾病是]]></desc><options><option><id>A</id><type>text</type><desc><![CDATA[胃溃疡]]></desc></option><option><id>B</id><type>text</type><desc><![CDATA[胃癌]]></desc></option><option><id>C</id><type>text</type><desc><![CDATA[原发性肝癌]]></desc></option><option><id>D</id><type>text</type><desc><![CDATA[肝硬化]]></desc></option><option><id>E</id><type>text</type><desc><![CDATA[十二指肠溃疡]]></desc></option></options><answers><![CDATA[B]]></answers></question><question><type>3</type><format>text</format><desc><![CDATA[（2）该病人肝脏多发结节的可能原因是]]></desc><options><option><id>A</id><type>text</type><desc><![CDATA[转移性肝癌]]></desc></option><option><id>B</id><type>text</type><desc><![CDATA[原发性肝癌]]></desc></option><option><id>C</id><type>text</type><desc><![CDATA[肝硬化]]></desc></option><option><id>D</id><type>text</type><desc><![CDATA[肝炎]]></desc></option><option><id>E</id><type>text</type><desc><![CDATA[脂肪肝]]></desc></option></options><answers><![CDATA[A]]></answers></question></children></question></questions></exam>