﻿<?xml version="1.0" encoding="UTF-8"?><exam><id>20181120150855</id><questions><instructions><![CDATA[一、单项选择题]]></instructions><question><type>1</type><format>text</format><desc><![CDATA[1.下列哪项变化引起心室前负荷过重]]></desc><options><option><id>A</id><type>text</type><desc><![CDATA[二尖瓣关闭不全]]></desc></option><option><id>B</id><type>text</type><desc><![CDATA[二尖瓣狭窄]]></desc></option><option><id>C</id><type>text</type><desc><![CDATA[主动脉瓣关闭不全]]></desc></option><option><id>D</id><type>text</type><desc><![CDATA[主动脉瓣狭窄]]></desc></option><option><id>E</id><type>text</type><desc><![CDATA[甲状腺功能亢进]]></desc></option></options><answers><![CDATA[C]]></answers></question><question><type>1</type><format>text</format><desc><![CDATA[2.属于右心衰竭表现的是]]></desc><options><option><id>A</id><type>text</type><desc><![CDATA[ 咳嗽]]></desc></option><option><id>B</id><type>text</type><desc><![CDATA[ 咳痰]]></desc></option><option><id>C</id><type>text</type><desc><![CDATA[ 交替脉]]></desc></option><option><id>D</id><type>text</type><desc><![CDATA[ 肝脏肿大]]></desc></option><option><id>E</id><type>text</type><desc><![CDATA[ 肺部湿啰音]]></desc></option></options><answers><![CDATA[D]]></answers></question><question><type>1</type><format>text</format><desc><![CDATA[3.哪项可引起左室压力负荷过重]]></desc><options><option><id>A</id><type>text</type><desc><![CDATA[高血压]]></desc></option><option><id>B</id><type>text</type><desc><![CDATA[二尖瓣关闭不全]]></desc></option><option><id>C</id><type>text</type><desc><![CDATA[主动脉瓣关闭不全]]></desc></option><option><id>D</id><type>text</type><desc><![CDATA[甲状腺功能亢进]]></desc></option><option><id>E</id><type>text</type><desc><![CDATA[贫血]]></desc></option></options><answers><![CDATA[A]]></answers></question><question><type>1</type><format>text</format><desc><![CDATA[4. 慢性充血性心力衰竭的诱发因素中，最为常见的是]]></desc><options><option><id>A</id><type>text</type><desc><![CDATA[环境、气候的急剧变化]]></desc></option><option><id>B</id><type>text</type><desc><![CDATA[妊娠与分娩]]></desc></option><option><id>C</id><type>text</type><desc><![CDATA[过劳与情绪激动]]></desc></option><option><id>D</id><type>text</type><desc><![CDATA[感染]]></desc></option><option><id>E</id><type>text</type><desc><![CDATA[输液过多、过快]]></desc></option></options><answers><![CDATA[D]]></answers></question><question><type>1</type><format>text</format><desc><![CDATA[5. 对心力衰竭概念的描述，下述哪项比较恰当]]></desc><options><option><id>A</id><type>text</type><desc><![CDATA[心输出量绝对或相对减少，难以满足全身组织代谢需要]]></desc></option><option><id>B</id><type>text</type><desc><![CDATA[心脏指数低于正常]]></desc></option><option><id>C</id><type>text</type><desc><![CDATA[是由原发性心肌舒缩功能障碍引起的泵衰竭]]></desc></option><option><id>D</id><type>text</type><desc><![CDATA[心输出量低于正常]]></desc></option><option><id>E</id><type>text</type><desc><![CDATA[心脏每搏输出量降低]]></desc></option></options><answers><![CDATA[A]]></answers></question><question><type>1</type><format>text</format><desc><![CDATA[6. 严重贫血引起心力衰竭的主要机制是]]></desc><options><option><id>A</id><type>text</type><desc><![CDATA[心肌收缩蛋白破坏]]></desc></option><option><id>B</id><type>text</type><desc><![CDATA[兴奋-收缩偶联障碍]]></desc></option><option><id>C</id><type>text</type><desc><![CDATA[心肌能量生成障碍]]></desc></option><option><id>D</id><type>text</type><desc><![CDATA[心肌能量利用障碍]]></desc></option><option><id>E</id><type>text</type><desc><![CDATA[心肌能量储存障碍]]></desc></option></options><answers><![CDATA[C]]></answers></question><question><type>1</type><format>text</format><desc><![CDATA[7. 左心功能不全引起呼吸困难的主要机制是]]></desc><options><option><id>A</id><type>text</type><desc><![CDATA[支气管平滑肌敏感性增高]]></desc></option><option><id>B</id><type>text</type><desc><![CDATA[体循环淤血，回心血量减少]]></desc></option><option><id>C</id><type>text</type><desc><![CDATA[肺淤血、水肿]]></desc></option><option><id>D</id><type>text</type><desc><![CDATA[低血压]]></desc></option><option><id>E</id><type>text</type><desc><![CDATA[心肌缺血缺氧]]></desc></option></options><answers><![CDATA[C]]></answers></question><question><type>1</type><format>html</format><desc><![CDATA[8. 关于心力衰竭时的心率加快，下述哪项说法<u><b>不正确</b></u>]]></desc><options><option><id>A</id><type>text</type><desc><![CDATA[与交感神经兴奋有关]]></desc></option><option><id>B</id><type>text</type><desc><![CDATA[可增加心输出量]]></desc></option><option><id>C</id><type>text</type><desc><![CDATA[心率越快代偿效果越好]]></desc></option><option><id>D</id><type>text</type><desc><![CDATA[无论急性或慢性心力衰竭心率都加快]]></desc></option><option><id>E</id><type>text</type><desc><![CDATA[心率加快是最容易和最迅速被动员的一种代偿方式]]></desc></option></options><answers><![CDATA[C]]></answers></question><question><type>1</type><format>text</format><desc><![CDATA[9. 左心衰竭病人新近出现右心衰竭时可表现为]]></desc><options><option><id>A</id><type>text</type><desc><![CDATA[肺淤血、水肿加重]]></desc></option><option><id>B</id><type>text</type><desc><![CDATA[肺淤血、水肿减轻]]></desc></option><option><id>C</id><type>text</type><desc><![CDATA[肺淤血、体循环淤血均减轻]]></desc></option><option><id>D</id><type>text</type><desc><![CDATA[肺淤血、体循环淤血均加重]]></desc></option><option><id>E</id><type>text</type><desc><![CDATA[肺淤血加重、体循环淤血减轻]]></desc></option></options><answers><![CDATA[B]]></answers></question><question><type>1</type><format>text</format><desc><![CDATA[10. 下述哪种疾病最容易引起离心性肥大]]></desc><options><option><id>A</id><type>text</type><desc><![CDATA[二尖瓣狭窄]]></desc></option><option><id>B</id><type>text</type><desc><![CDATA[主动脉瓣关闭不全]]></desc></option><option><id>C</id><type>text</type><desc><![CDATA[肺动脉高压]]></desc></option><option><id>D</id><type>text</type><desc><![CDATA[高血压]]></desc></option><option><id>E</id><type>text</type><desc><![CDATA[主动脉瓣狭窄]]></desc></option></options><answers><![CDATA[B]]></answers></question><question><type>1</type><format>text</format><desc><![CDATA[11. 病人，女性，68岁。因短时间内输入液体量过多，引起急性循环负荷过重，病人出现特有的症状是]]></desc><options><option><id>A</id><type>text</type><desc><![CDATA[ 喘憋，呼吸困难]]></desc></option><option><id>B</id><type>text</type><desc><![CDATA[ 心慌，恶心]]></desc></option><option><id>C</id><type>text</type><desc><![CDATA[ 发绀，烦躁不安]]></desc></option><option><id>D</id><type>text</type><desc><![CDATA[ 呼吸困难，心悸]]></desc></option><option><id>E</id><type>text</type><desc><![CDATA[ 呼吸困难，咯粉红色泡沫样痰]]></desc></option></options><answers><![CDATA[E]]></answers></question><question><type>1</type><format>text</format><desc><![CDATA[12. 病人，女性，50岁，因胸闷、咳嗽、咳痰、呼吸困难、尿少就诊，既往有风湿性心脏病二尖瓣狭窄。考虑病人出现了心力衰竭，诱发心力衰竭最常见的因素是]]></desc><options><option><id>A</id><type>text</type><desc><![CDATA[ 摄入高钠食物]]></desc></option><option><id>B</id><type>text</type><desc><![CDATA[ 呼吸道感染]]></desc></option><option><id>C</id><type>text</type><desc><![CDATA[ 严重脱水]]></desc></option><option><id>D</id><type>text</type><desc><![CDATA[ 劳累过度]]></desc></option><option><id>E</id><type>text</type><desc><![CDATA[ 各种缓慢型心律失常]]></desc></option></options><answers><![CDATA[B]]></answers></question><question><type>1</type><format>html</format><desc><![CDATA[13.病人，男性，62岁，诊断为风湿性心脏病，住院后夜间病人突然憋醒，被迫坐起，咳嗽咳喘，烦躁不安，听诊双肺布满湿啰音，血压180/100mmHg，心率120次/分，下列哪项护理措施<u><b>不正确</b></u>]]></desc><options><option><id>A</id><type>text</type><desc><![CDATA[ 通知医师]]></desc></option><option><id>B</id><type>text</type><desc><![CDATA[ 给予氧气吸入]]></desc></option><option><id>C</id><type>text</type><desc><![CDATA[ 安慰病人稳定情绪]]></desc></option><option><id>D</id><type>text</type><desc><![CDATA[ 病人坐位双腿下垂]]></desc></option><option><id>E</id><type>text</type><desc><![CDATA[ 补充水分稀释痰液]]></desc></option></options><answers><![CDATA[E]]></answers></question><question><type>1</type><format>text</format><desc><![CDATA[14.病人，男性，28岁，自幼好发扁桃体炎，8年前于劳动时出现呼吸困难，后咳粉红色泡沫样痰及双下肢水肿，诊断为慢性风湿性心脏病，二尖瓣狭窄及主动脉瓣关闭不全。病人双下肢水肿的原因是]]></desc><options><option><id>A</id><type>text</type><desc><![CDATA[左心衰竭]]></desc></option><option><id>B</id><type>text</type><desc><![CDATA[肾衰竭]]></desc></option><option><id>C</id><type>text</type><desc><![CDATA[肝功能障碍]]></desc></option><option><id>D</id><type>text</type><desc><![CDATA[右心衰竭]]></desc></option><option><id>E</id><type>text</type><desc><![CDATA[细菌感染]]></desc></option></options><answers><![CDATA[D]]></answers></question><question><type>1</type><format>text</format><desc><![CDATA[15. 病人，男性，58岁，高血压十余年。间歇发作胸闷、胸痛2年，确诊为高血压病、冠心病。此次上厕所后突然出现胸闷、气喘、咳粉红色泡沫样痰。目前最可能的诊断是]]></desc><options><option><id>A</id><type>text</type><desc><![CDATA[急性支气管炎]]></desc></option><option><id>B</id><type>text</type><desc><![CDATA[急性左心衰]]></desc></option><option><id>C</id><type>text</type><desc><![CDATA[全心衰竭]]></desc></option><option><id>D</id><type>text</type><desc><![CDATA[心肌梗死]]></desc></option><option><id>E</id><type>text</type><desc><![CDATA[劳累性心绞痛]]></desc></option></options><answers><![CDATA[B]]></answers></question></questions></exam>