﻿<?xml version="1.0" encoding="UTF-8"?><exam><id>20181120145427</id><questions><instructions><![CDATA[一、单项选择题]]></instructions><question><type>1</type><format>text</format><desc><![CDATA[1．呼吸衰竭通常是]]></desc><options><option><id>A</id><type>text</type><desc><![CDATA[外呼吸功能严重障碍的后果]]></desc></option><option><id>B</id><type>text</type><desc><![CDATA[内呼吸功能严重障碍的后果]]></desc></option><option><id>C</id><type>text</type><desc><![CDATA[内、外呼吸功能严重障碍的后果]]></desc></option><option><id>D</id><type>text</type><desc><![CDATA[血液不能携氧的后果]]></desc></option><option><id>E</id><type>text</type><desc><![CDATA[组织细胞不能利用氧的后果]]></desc></option></options><answers><![CDATA[A]]></answers></question><question><type>1</type><format>text</format><desc><![CDATA[2．出现严重胸膜病变时，病人可发生]]></desc><options><option><id>A</id><type>text</type><desc><![CDATA[弥散障碍]]></desc></option><option><id>B</id><type>text</type><desc><![CDATA[限制性通气不足]]></desc></option><option><id>C</id><type>text</type><desc><![CDATA[阻塞性通气不足]]></desc></option><option><id>D</id><type>text</type><desc><![CDATA[死腔气量增加]]></desc></option><option><id>E</id><type>text</type><desc><![CDATA[肺表面活性物质受破坏]]></desc></option></options><answers><![CDATA[B]]></answers></question><question><type>1</type><format>text</format><desc><![CDATA[3．一般情况下，弥散障碍主要导致血中]]></desc><options><option><id>A</id><type>text</type><desc><![CDATA[氧分压升高、二氧化碳分压升高]]></desc></option><option><id>B</id><type>text</type><desc><![CDATA[氧分压降低、二氧化碳分压降低]]></desc></option><option><id>C</id><type>text</type><desc><![CDATA[氧分压不变、二氧化碳分压不变]]></desc></option><option><id>D</id><type>text</type><desc><![CDATA[氧分压不变、二氧化碳分压升高]]></desc></option><option><id>E</id><type>text</type><desc><![CDATA[氧分压降低、二氧化碳分压不变]]></desc></option></options><answers><![CDATA[E]]></answers></question><question><type>1</type><format>text</format><desc><![CDATA[4．会因弥散障碍而导致呼吸衰竭，肺泡呼吸面积减少到]]></desc><options><option><id>A</id><type>text</type><desc><![CDATA[1/6以上]]></desc></option><option><id>B</id><type>text</type><desc><![CDATA[1/5以上]]></desc></option><option><id>C</id><type>text</type><desc><![CDATA[1/4以上]]></desc></option><option><id>D</id><type>text</type><desc><![CDATA[1/3以上]]></desc></option><option><id>E</id><type>text</type><desc><![CDATA[1/2以上]]></desc></option></options><answers><![CDATA[E]]></answers></question><question><type>1</type><format>text</format><desc><![CDATA[5．限制性通气不足产生的原因之一是]]></desc><options><option><id>A</id><type>text</type><desc><![CDATA[白喉]]></desc></option><option><id>B</id><type>text</type><desc><![CDATA[支气管哮喘]]></desc></option><option><id>C</id><type>text</type><desc><![CDATA[气管异物]]></desc></option><option><id>D</id><type>text</type><desc><![CDATA[多发性肋骨骨折]]></desc></option><option><id>E</id><type>text</type><desc><![CDATA[肺泡水肿]]></desc></option></options><answers><![CDATA[D]]></answers></question><question><type>1</type><format>text</format><desc><![CDATA[6．直接影响气管阻力的最主要因素是]]></desc><options><option><id>A</id><type>text</type><desc><![CDATA[气道内径]]></desc></option><option><id>B</id><type>text</type><desc><![CDATA[气道长度和形态]]></desc></option><option><id>C</id><type>text</type><desc><![CDATA[气流速度]]></desc></option><option><id>D</id><type>text</type><desc><![CDATA[气流类型（层流、湍流）]]></desc></option><option><id>E</id><type>text</type><desc><![CDATA[气体的密度]]></desc></option></options><answers><![CDATA[A]]></answers></question><question><type>1</type><format>text</format><desc><![CDATA[7．造成阻塞性通气不足的原因是]]></desc><options><option><id>A</id><type>text</type><desc><![CDATA[呼吸肌活动障碍]]></desc></option><option><id>B</id><type>text</type><desc><![CDATA[胸廓顺应性降低]]></desc></option><option><id>C</id><type>text</type><desc><![CDATA[肺顺应性降低]]></desc></option><option><id>D</id><type>text</type><desc><![CDATA[气道阻力增加]]></desc></option><option><id>E</id><type>text</type><desc><![CDATA[弥散障碍]]></desc></option></options><answers><![CDATA[D]]></answers></question><question><type>1</type><format>text</format><desc><![CDATA[8．对有通气障碍致使血中二氧化碳潴留的病人，开始给氧时可]]></desc><options><option><id>A</id><type>text</type><desc><![CDATA[持续给高浓度氧]]></desc></option><option><id>B</id><type>text</type><desc><![CDATA[间断性给高浓度氧]]></desc></option><option><id>C</id><type>text</type><desc><![CDATA[给纯氧]]></desc></option><option><id>D</id><type>text</type><desc><![CDATA[给高压氧]]></desc></option><option><id>E</id><type>text</type><desc><![CDATA[持续给低浓度低流量氧]]></desc></option></options><answers><![CDATA[E]]></answers></question><question><type>1</type><format>text</format><desc><![CDATA[9.一慢性阻塞性肺病人，时感呼气时呼吸困难，主要机制是]]></desc><options><option><id>A</id><type>text</type><desc><![CDATA[中央性气道阻塞]]></desc></option><option><id>B</id><type>text</type><desc><![CDATA[呼气时气道内压大于大气压]]></desc></option><option><id>C</id><type>text</type><desc><![CDATA[胸内压升高压迫气道，气道狭窄加重]]></desc></option><option><id>D</id><type>text</type><desc><![CDATA[肺泡扩张，小气道口径变大，管道伸长]]></desc></option><option><id>E</id><type>text</type><desc><![CDATA[小气道阻力增加]]></desc></option></options><answers><![CDATA[E]]></answers></question><question><type>1</type><format>text</format><desc><![CDATA[10.一肺水肿病人仅在爬上七楼后开始产生低氧血症，是由于]]></desc><options><option><id>A</id><type>text</type><desc><![CDATA[肺泡膜呼吸面积减少]]></desc></option><option><id>B</id><type>text</type><desc><![CDATA[肺泡膜增厚]]></desc></option><option><id>C</id><type>text</type><desc><![CDATA[肺泡膜两侧分压差减小]]></desc></option><option><id>D</id><type>text</type><desc><![CDATA[血液和肺泡接触时间过于缩短]]></desc></option><option><id>E</id><type>text</type><desc><![CDATA[等压点向小气道侧移动]]></desc></option></options><answers><![CDATA[D]]></answers></question><question><type>1</type><format>html</format><desc><![CDATA[11.为了解病人肺泡换气功能，先给予纯氧，吸入15分钟，观察吸纯氧前后的PaO<sub>2</sub>，如变化不大，属下列何种异常]]></desc><options><option><id>A</id><type>text</type><desc><![CDATA[功能性分流]]></desc></option><option><id>B</id><type>text</type><desc><![CDATA[解剖性分流]]></desc></option><option><id>C</id><type>text</type><desc><![CDATA[弥散障碍]]></desc></option><option><id>D</id><type>text</type><desc><![CDATA[死腔样通气]]></desc></option><option><id>E</id><type>text</type><desc><![CDATA[通气障碍]]></desc></option></options><answers><![CDATA[B]]></answers></question><question><type>1</type><format>html</format><desc><![CDATA[12.急性呼吸窘迫综合征中下列<u><b>不存在</b></u>的是]]></desc><options><option><id>A</id><type>text</type><desc><![CDATA[胸廓和肺顺应性降低]]></desc></option><option><id>B</id><type>text</type><desc><![CDATA[X线检查肺纹理增加，斑片状阴影出现]]></desc></option><option><id>C</id><type>text</type><desc><![CDATA[进行性呼吸困难，呼吸频率每分钟20次以上]]></desc></option><option><id>D</id><type>text</type><desc><![CDATA[顽固性低氧血症]]></desc></option><option><id>E</id><type>text</type><desc><![CDATA[吸纯氧15分钟后PaO<sub>2</sub>低于350mmHg]]></desc></option></options><answers><![CDATA[E]]></answers></question><question><type>1</type><format>text</format><desc><![CDATA[13.一呼吸衰竭病人，昏迷不醒，此时肺性脑病发生的主要作用是]]></desc><options><option><id>A</id><type>text</type><desc><![CDATA[缺氧使脑血管扩张]]></desc></option><option><id>B</id><type>text</type><desc><![CDATA[缺氧使细胞内ATP生成减少]]></desc></option><option><id>C</id><type>text</type><desc><![CDATA[缺氧使血管壁通透性升高]]></desc></option><option><id>D</id><type>text</type><desc><![CDATA[缺氧使细胞内酸中毒]]></desc></option><option><id>E</id><type>text</type><desc><![CDATA[CO<sub>2</sub>分压升高使脑血流量增加和脑细胞酸中毒]]></desc></option></options><answers><![CDATA[E]]></answers></question><question><type>1</type><format>text</format><desc><![CDATA[14.一诊断为Ⅱ型呼吸衰竭病人，造成其机体损害的始动发病环节是]]></desc><options><option><id>A</id><type>text</type><desc><![CDATA[低氧血症]]></desc></option><option><id>B</id><type>text</type><desc><![CDATA[酸碱平衡紊乱]]></desc></option><option><id>C</id><type>text</type><desc><![CDATA[高碳酸血症]]></desc></option><option><id>D</id><type>text</type><desc><![CDATA[血氯降低]]></desc></option><option><id>E</id><type>text</type><desc><![CDATA[低氧血症+高碳酸血症]]></desc></option></options><answers><![CDATA[E]]></answers></question><question><type>1</type><format>html</format><desc><![CDATA[15.一呼吸衰竭病人，住院一周后出院，回家后发现便血，产生胃溃疡、胃出血的基本机制，哪项<u><b>不对</b></u>]]></desc><options><option><id>A</id><type>text</type><desc><![CDATA[胃黏膜屏障作用降低]]></desc></option><option><id>B</id><type>text</type><desc><![CDATA[减弱胃壁细胞碳酸酐酶活性]]></desc></option><option><id>C</id><type>text</type><desc><![CDATA[胃酸分泌增多]]></desc></option><option><id>D</id><type>text</type><desc><![CDATA[使胃壁血管收缩]]></desc></option><option><id>E</id><type>text</type><desc><![CDATA[合并DIC]]></desc></option></options><answers><![CDATA[B]]></answers></question></questions></exam>