﻿<?xml version="1.0" encoding="UTF-8"?><exam><id>20181120151457</id><questions><instructions><![CDATA[一、单项选择题]]></instructions><question><type>1</type><format>text</format><desc><![CDATA[1. 可以成为肝性脑病诱发因素的是]]></desc><options><option><id>A</id><type>text</type><desc><![CDATA[ 应用葡萄糖提供热量]]></desc></option><option><id>B</id><type>text</type><desc><![CDATA[ 应用常量的1/2量镇静剂]]></desc></option><option><id>C</id><type>text</type><desc><![CDATA[ 谷氨酸钾输入过快]]></desc></option><option><id>D</id><type>text</type><desc><![CDATA[ 大量放腹水]]></desc></option><option><id>E</id><type>text</type><desc><![CDATA[ 食醋灌肠]]></desc></option></options><answers><![CDATA[D]]></answers></question><question><type>1</type><format>html</format><desc><![CDATA[2. 哪项<u><b>不是</b></u>氨对脑的毒性作用]]></desc><options><option><id>A</id><type>text</type><desc><![CDATA[干扰脑的能量代谢]]></desc></option><option><id>B</id><type>text</type><desc><![CDATA[使脑内兴奋性递质产生减少]]></desc></option><option><id>C</id><type>text</type><desc><![CDATA[使脑内抑制性递质产生增多]]></desc></option><option><id>D</id><type>text</type><desc><![CDATA[使脑的敏感性增高]]></desc></option><option><id>E</id><type>text</type><desc><![CDATA[抑制脑细胞的功能]]></desc></option></options><answers><![CDATA[D]]></answers></question><question><type>1</type><format>text</format><desc><![CDATA[3. 肝性脑病最早出现的表现是]]></desc><options><option><id>A</id><type>text</type><desc><![CDATA[定向力障碍]]></desc></option><option><id>B</id><type>text</type><desc><![CDATA[反射亢进]]></desc></option><option><id>C</id><type>text</type><desc><![CDATA[性格和行为改变]]></desc></option><option><id>D</id><type>text</type><desc><![CDATA[昏睡]]></desc></option><option><id>E</id><type>text</type><desc><![CDATA[扑翼样震颤]]></desc></option></options><answers><![CDATA[C]]></answers></question><question><type>1</type><format>text</format><desc><![CDATA[4. 导致肝性脑病的假性神经递质有]]></desc><options><option><id>A</id><type>text</type><desc><![CDATA[苯乙胺和酸乙等]]></desc></option><option><id>B</id><type>text</type><desc><![CDATA[苯乙醇胺和羟苯乙醇胺]]></desc></option><option><id>C</id><type>text</type><desc><![CDATA[苯乙醇胺、羟苯乙醇胺和5－羟色胺等]]></desc></option><option><id>D</id><type>text</type><desc><![CDATA[苯乙胺、酪胺和GABA等]]></desc></option><option><id>E</id><type>text</type><desc><![CDATA[苯乙胺、酪胺和5羟色胺等]]></desc></option></options><answers><![CDATA[B]]></answers></question><question><type>1</type><format>html</format><desc><![CDATA[5. 下列哪项<u><b>不是</b></u>肝性脑病的特点]]></desc><options><option><id>A</id><type>text</type><desc><![CDATA[大脑形态学有典型改变]]></desc></option><option><id>B</id><type>text</type><desc><![CDATA[主要以代谢障碍为主]]></desc></option><option><id>C</id><type>text</type><desc><![CDATA[扑翼样震颤]]></desc></option><option><id>D</id><type>text</type><desc><![CDATA[神经精神系统变化]]></desc></option><option><id>E</id><type>text</type><desc><![CDATA[晚期病人出现肝昏迷]]></desc></option></options><answers><![CDATA[A]]></answers></question><question><type>1</type><format>text</format><desc><![CDATA[6. 肝性脑病病人禁用的饮食是]]></desc><options><option><id>A</id><type>text</type><desc><![CDATA[低蛋白饮食]]></desc></option><option><id>B</id><type>text</type><desc><![CDATA[低脂肪饮食]]></desc></option><option><id>C</id><type>text</type><desc><![CDATA[高蛋白饮食]]></desc></option><option><id>D</id><type>text</type><desc><![CDATA[高维生素饮食]]></desc></option><option><id>E</id><type>text</type><desc><![CDATA[高热量饮食]]></desc></option></options><answers><![CDATA[C]]></answers></question><question><type>1</type><format>text</format><desc><![CDATA[7. 肝性脑病病人给予肠道消毒剂最主要的目的是]]></desc><options><option><id>A</id><type>text</type><desc><![CDATA[消除致病菌的毒素]]></desc></option><option><id>B</id><type>text</type><desc><![CDATA[减省霉菌的繁殖]]></desc></option><option><id>C</id><type>text</type><desc><![CDATA[抑制肠道细菌减少氨的形成]]></desc></option><option><id>D</id><type>text</type><desc><![CDATA[预防原发性腹膜炎]]></desc></option><option><id>E</id><type>text</type><desc><![CDATA[防止继发性肠道感染]]></desc></option></options><answers><![CDATA[C]]></answers></question><question><type>1</type><format>text</format><desc><![CDATA[8. 肝性脑病病人血氨增高，导致中枢神经系统功能紊乱最主要的机制是]]></desc><options><option><id>A</id><type>text</type><desc><![CDATA[干扰大脑的蛋白质代谢]]></desc></option><option><id>B</id><type>text</type><desc><![CDATA[干扰大脑的脂肪代谢]]></desc></option><option><id>C</id><type>text</type><desc><![CDATA[干扰大脑的水盐代谢]]></desc></option><option><id>D</id><type>text</type><desc><![CDATA[干扰大脑的能量代谢]]></desc></option><option><id>E</id><type>text</type><desc><![CDATA[干扰大脑的微量元素的正常含量]]></desc></option></options><answers><![CDATA[D]]></answers></question><question><type>1</type><format>text</format><desc><![CDATA[9. 病人，男性，因“神志不清，行为异常5天，昏迷1天”入院。既往有肝硬化病史8年。经治疗后病人清醒，病情好转，此时适宜的饮食是]]></desc><options><option><id>A</id><type>text</type><desc><![CDATA[绝对禁食蛋白质饮食]]></desc></option><option><id>B</id><type>text</type><desc><![CDATA[限制碳水化合物的摄入]]></desc></option><option><id>C</id><type>text</type><desc><![CDATA[以植物蛋白为主，逐步增加]]></desc></option><option><id>D</id><type>text</type><desc><![CDATA[增加纤维素饮食]]></desc></option><option><id>E</id><type>text</type><desc><![CDATA[增加水分摄入]]></desc></option></options><answers><![CDATA[C]]></answers></question><question><type>1</type><format>text</format><desc><![CDATA[10. 病人，男性，58岁。有肝硬化病史，突然出现神志恍惚，情绪低落，口齿不清，护士应警惕病人可能出现了]]></desc><options><option><id>A</id><type>text</type><desc><![CDATA[肺性脑病]]></desc></option><option><id>B</id><type>text</type><desc><![CDATA[肝性脑病]]></desc></option><option><id>C</id><type>text</type><desc><![CDATA[呼吸衰竭]]></desc></option><option><id>D</id><type>text</type><desc><![CDATA[肝癌]]></desc></option><option><id>E</id><type>text</type><desc><![CDATA[急性胰腺炎]]></desc></option></options><answers><![CDATA[B]]></answers></question><question><type>1</type><format>text</format><desc><![CDATA[11. 病人，男性，52岁。肝硬化，大量腹水。入院后给予利尿剂治疗，腹水量明显减少，但病人出现了淡漠少言、反应迟钝、言语不清等症状。根据病人的情况，考虑可能出现了]]></desc><options><option><id>A</id><type>text</type><desc><![CDATA[继发感染]]></desc></option><option><id>B</id><type>text</type><desc><![CDATA[肝性脑病]]></desc></option><option><id>C</id><type>text</type><desc><![CDATA[脑出血]]></desc></option><option><id>D</id><type>text</type><desc><![CDATA[低血糖昏迷]]></desc></option><option><id>E</id><type>text</type><desc><![CDATA[肝肾综合征]]></desc></option></options><answers><![CDATA[B]]></answers></question><question><type>1</type><format>text</format><desc><![CDATA[12. 病人，女性，65岁。肝硬化，大量腹水。入院后给予利尿剂治疗，腹水量明显减少，但病人发生了肝性脑病。该病人可能出现的电解质紊乱类型是]]></desc><options><option><id>A</id><type>text</type><desc><![CDATA[代谢性酸中毒]]></desc></option><option><id>B</id><type>text</type><desc><![CDATA[代谢性碱中毒]]></desc></option><option><id>C</id><type>text</type><desc><![CDATA[呼吸性酸中毒]]></desc></option><option><id>D</id><type>text</type><desc><![CDATA[呼吸性碱中毒]]></desc></option><option><id>E</id><type>text</type><desc><![CDATA[混合性酸中毒]]></desc></option></options><answers><![CDATA[B]]></answers></question><question><type>1</type><format>text</format><desc><![CDATA[13. 赵先生，50岁，因肝硬化食道静脉曲张、腹水入院治疗。放腹水后出现精神错乱、昏睡，伴有扑翼样震颤、脑电图异常等肝昏迷表现。请问该病人处于肝性脑病的哪一个时期]]></desc><options><option><id>A</id><type>text</type><desc><![CDATA[前驱期]]></desc></option><option><id>B</id><type>text</type><desc><![CDATA[昏迷前期]]></desc></option><option><id>C</id><type>text</type><desc><![CDATA[昏睡期]]></desc></option><option><id>D</id><type>text</type><desc><![CDATA[浅昏迷期]]></desc></option><option><id>E</id><type>text</type><desc><![CDATA[深昏迷期]]></desc></option></options><answers><![CDATA[C]]></answers></question></questions></exam>