﻿<?xml version="1.0" encoding="UTF-8"?><exam><id>20180925153043</id><questions><instructions><![CDATA[一、单项选择题]]></instructions><question><type>1</type><format>text</format><desc><![CDATA[1．患儿，女，3岁，发热、轻度呕吐2天，体格检查：体温40℃，神志清楚，颈抵抗，眼结膜及颈、上胸部有针尖样散在的瘀点。辅助检查：皮肤瘀点组织液涂片，脑膜炎球菌阳性，该患儿可能是]]></desc><options><option><id>A</id><type>text</type><desc><![CDATA[轻型流脑]]></desc></option><option><id>B</id><type>text</type><desc><![CDATA[普通型流脑]]></desc></option><option><id>C</id><type>text</type><desc><![CDATA[暴发休克型流脑]]></desc></option><option><id>D</id><type>text</type><desc><![CDATA[暴发脑膜脑炎型流脑]]></desc></option><option><id>E</id><type>text</type><desc><![CDATA[暴发混合型流脑]]></desc></option></options><answers><![CDATA[B]]></answers></question><question><type>1</type><format>html</format><desc><![CDATA[2．患儿，男，8岁，因发热、头痛2天，伴频繁呕吐1天。体格检查：T39.8℃、P124次/分、R26次/分、BP102/60mmHg。神志清楚，左下肢及臀部皮肤见散在瘀点、瘀斑。实验室检查：WBC24×10<sup>9</sup>/L，N92%，L8%，PLT95×10<sup>9</sup>/L。考虑是流行性脑脊髓膜炎，需进一步检查确诊，以下做法<u><b>不正确</b></u>的是]]></desc><options><option><id>A</id><type>text</type><desc><![CDATA[安置在流脑病房]]></desc></option><option><id>B</id><type>text</type><desc><![CDATA[安置在单人房间]]></desc></option><option><id>C</id><type>text</type><desc><![CDATA[家属探视时需戴口罩]]></desc></option><option><id>D</id><type>text</type><desc><![CDATA[注意开窗通风]]></desc></option><option><id>E</id><type>text</type><desc><![CDATA[注意物品消毒]]></desc></option></options><answers><![CDATA[A]]></answers></question><question><type>1</type><format>text</format><desc><![CDATA[3．流脑最主要的传播途径是]]></desc><options><option><id>A</id><type>text</type><desc><![CDATA[空气传播]]></desc></option><option><id>B</id><type>text</type><desc><![CDATA[飞沫传播]]></desc></option><option><id>C</id><type>text</type><desc><![CDATA[接触传播（主要是母婴传播）]]></desc></option><option><id>D</id><type>text</type><desc><![CDATA[接触传播（主要是体液传播）]]></desc></option><option><id>E</id><type>text</type><desc><![CDATA[接触传播（主要是经消化道途径传播）]]></desc></option></options><answers><![CDATA[B]]></answers></question><question><type>1</type><format>text</format><desc><![CDATA[4．某护士值班期间收治了一位流脑患者，半个小时后该护士再看望患者时，发现患者瘀点瘀斑明显增多，成大片状，考虑患者可能出现了DIC，该护士首先要准备]]></desc><options><option><id>A</id><type>text</type><desc><![CDATA[维生素K]]></desc></option><option><id>B</id><type>text</type><desc><![CDATA[抗血纤溶芳酸]]></desc></option><option><id>C</id><type>text</type><desc><![CDATA[肝素]]></desc></option><option><id>D</id><type>text</type><desc><![CDATA[抗纤溶药物]]></desc></option><option><id>E</id><type>text</type><desc><![CDATA[糖皮质激素]]></desc></option></options><answers><![CDATA[C]]></answers></question><question><type>1</type><format>text</format><desc><![CDATA[5．患者，男性，25岁，突发寒战，体温39℃左右，腹泻10余次，伴里急后重、脓血便。考虑是细菌性痢疾。细菌性痢疾确诊需做]]></desc><options><option><id>A</id><type>text</type><desc><![CDATA[血常规检查]]></desc></option><option><id>B</id><type>text</type><desc><![CDATA[粪便常规检查]]></desc></option><option><id>C</id><type>text</type><desc><![CDATA[血细菌培养检查]]></desc></option><option><id>D</id><type>text</type><desc><![CDATA[粪便细菌培养检查]]></desc></option><option><id>E</id><type>text</type><desc><![CDATA[结肠镜检查]]></desc></option></options><answers><![CDATA[D]]></answers></question><question><type>1</type><format>html</format><desc><![CDATA[6．患者，男，21岁，在路边吃早点后的第2天出现左下腹疼痛、腹泻、黏液脓血便，伴里急后重，体温39.5℃。血常规：白细胞10×10<sup>9</sup>/L，中性粒细胞90%，粪便培养找到痢疾杆菌，应对该患者]]></desc><options><option><id>A</id><type>text</type><desc><![CDATA[按消化道隔离，隔离至临床症状消失3天后]]></desc></option><option><id>B</id><type>text</type><desc><![CDATA[按消化道隔离，隔离至临床症状消失5天后]]></desc></option><option><id>C</id><type>text</type><desc><![CDATA[按消化道隔离，粪便培养2次阴性]]></desc></option><option><id>D</id><type>text</type><desc><![CDATA[按消化道隔离，隔离至临床症状消失，粪便培养1次阴性]]></desc></option><option><id>E</id><type>text</type><desc><![CDATA[按消化道隔离，隔离至临床症状消失，粪便培养2次阴性]]></desc></option></options><answers><![CDATA[E]]></answers></question><question><type>1</type><format>text</format><desc><![CDATA[7．患儿，男，7岁，高热半天伴反复惊厥、意识不清入院，入院后未排便。体格检查：血压70/50mmHg，面色苍白、两侧瞳孔不等大，光反射迟钝，呼吸浅表。辅助检查：肛拭子查粪便可见脓细胞、红细胞，该患儿可能是细菌性痢疾中]]></desc><options><option><id>A</id><type>text</type><desc><![CDATA[普通型]]></desc></option><option><id>B</id><type>text</type><desc><![CDATA[轻型]]></desc></option><option><id>C</id><type>text</type><desc><![CDATA[重型]]></desc></option><option><id>D</id><type>text</type><desc><![CDATA[中毒性菌痢休克型]]></desc></option><option><id>E</id><type>text</type><desc><![CDATA[中毒性菌痢脑型]]></desc></option></options><answers><![CDATA[D]]></answers></question><question><type>1</type><format>text</format><desc><![CDATA[8．关于细菌性痢疾传染源描述最恰当的是]]></desc><options><option><id>A</id><type>text</type><desc><![CDATA[病人]]></desc></option><option><id>B</id><type>text</type><desc><![CDATA[带菌者]]></desc></option><option><id>C</id><type>text</type><desc><![CDATA[病人家属]]></desc></option><option><id>D</id><type>text</type><desc><![CDATA[病人、带菌者]]></desc></option><option><id>E</id><type>text</type><desc><![CDATA[病人、带虫者]]></desc></option></options><answers><![CDATA[D]]></answers></question><question><type>1</type><format>text</format><desc><![CDATA[9．患儿，男，9岁，夏季突发剧烈腹泻2天，每天水样便20余次，伴阵发性小腿肌肉及腹壁疼痛1天，神志不清2h。体格检查：体温36.5℃，血压60/49mmHg，重度脱水貌，粪便镜检：WBC0～3/HP，粪便增菌后分离培养可见霍乱弧菌，诊断为霍乱，首选治疗是]]></desc><options><option><id>A</id><type>text</type><desc><![CDATA[立即止泻]]></desc></option><option><id>B</id><type>text</type><desc><![CDATA[迅速补液]]></desc></option><option><id>C</id><type>text</type><desc><![CDATA[抗菌治疗]]></desc></option><option><id>D</id><type>text</type><desc><![CDATA[加强营养]]></desc></option><option><id>E</id><type>text</type><desc><![CDATA[对症治疗]]></desc></option></options><answers><![CDATA[B]]></answers></question><question><type>1</type><format>text</format><desc><![CDATA[10．患者，男，20岁，在沿海某地出差，2h前骤起腹泻、呕吐，发病后排便7次，水样便，无腹痛，不发热，为协助诊断，此时首选以下哪项辅助检查]]></desc><options><option><id>A</id><type>text</type><desc><![CDATA[霍乱特异性抗体检测]]></desc></option><option><id>B</id><type>text</type><desc><![CDATA[尿常规]]></desc></option><option><id>C</id><type>text</type><desc><![CDATA[血常规]]></desc></option><option><id>D</id><type>text</type><desc><![CDATA[粪便常规]]></desc></option><option><id>E</id><type>text</type><desc><![CDATA[动力试验及制动试验]]></desc></option></options><answers><![CDATA[E]]></answers></question><question><type>1</type><format>text</format><desc><![CDATA[11．患者，男，20岁，在沿海某地出差，2h前骤起腹泻、呕吐，发病后排便7次，水样便，无腹痛，不发热，血压正常，无明显脱水貌，粪便悬滴检查可见穿梭状快速运动的弧菌，拟诊为霍乱。该患者目前处于]]></desc><options><option><id>A</id><type>text</type><desc><![CDATA[潜伏期]]></desc></option><option><id>B</id><type>text</type><desc><![CDATA[泻吐期]]></desc></option><option><id>C</id><type>text</type><desc><![CDATA[脱水期]]></desc></option><option><id>D</id><type>text</type><desc><![CDATA[恢复期]]></desc></option><option><id>E</id><type>text</type><desc><![CDATA[反应期]]></desc></option></options><answers><![CDATA[B]]></answers></question><question><type>1</type><format>text</format><desc><![CDATA[12．霍乱患者典型临床特征为]]></desc><options><option><id>A</id><type>text</type><desc><![CDATA[剧烈腹痛、腹泻、休克]]></desc></option><option><id>B</id><type>text</type><desc><![CDATA[无腹痛、剧烈腹泻、高热]]></desc></option><option><id>C</id><type>text</type><desc><![CDATA[剧烈腹痛、腹泻、高热]]></desc></option><option><id>D</id><type>text</type><desc><![CDATA[无腹痛，有剧烈腹泻、呕吐]]></desc></option><option><id>E</id><type>text</type><desc><![CDATA[剧烈腹痛、腹泻、呕吐]]></desc></option></options><answers><![CDATA[D]]></answers></question><question><type>1</type><format>html</format><desc><![CDATA[13．患者，女，25岁，发热10天，伴腹胀，右下腹痛，体格检查：体温39℃，脉搏78次/分，表情淡漠，精神恍惚，肝脾肿大。血常规：白细胞3.0x10<sup>9</sup>/L，中性粒细胞30%。血培养：伤寒杆菌阳性。诊断为伤寒，以下描述<u><b>错误</b></u>的是]]></desc><options><option><id>A</id><type>text</type><desc><![CDATA[该病人是伤寒传染源]]></desc></option><option><id>B</id><type>text</type><desc><![CDATA[该患者在伤寒潜伏期时，粪便可以排菌]]></desc></option><option><id>C</id><type>text</type><desc><![CDATA[伤寒主要通过粪-口途径传播]]></desc></option><option><id>D</id><type>text</type><desc><![CDATA[该病人体温正常后即可解除隔离]]></desc></option><option><id>E</id><type>text</type><desc><![CDATA[应给予田女士1周岁的女儿医学观察23天]]></desc></option></options><answers><![CDATA[D]]></answers></question><question><type>1</type><format>text</format><desc><![CDATA[14．患者，男，32岁，因发热5天，伴腹胀、右下腹痛1天入院，诊断为伤寒，经治疗患者体温恢复，临床症状消失。因进食量过大，患者突然出现烦躁，出冷汗，血压70/40mmHg。患者最有可能发生了]]></desc><options><option><id>A</id><type>text</type><desc><![CDATA[肠穿孔]]></desc></option><option><id>B</id><type>text</type><desc><![CDATA[肠出血]]></desc></option><option><id>C</id><type>text</type><desc><![CDATA[急性肠炎]]></desc></option><option><id>D</id><type>text</type><desc><![CDATA[肠黏连]]></desc></option><option><id>E</id><type>text</type><desc><![CDATA[肠梗阻]]></desc></option></options><answers><![CDATA[B]]></answers></question><question><type>1</type><format>html</format><desc><![CDATA[15．患者，男，18岁，发热8天，伴纳差、腹胀，体格检查：体温39℃，脉搏80次/分，表情呆滞，胸部可见3～4个玫瑰疹，肝肋下1cm，脾肋下2cm。辅助检查：白细胞4.0×10<sup>9</sup>/L，肥达试验“O”1:160，“H”1:160，该患者可能患有]]></desc><options><option><id>A</id><type>text</type><desc><![CDATA[细菌性痢疾]]></desc></option><option><id>B</id><type>text</type><desc><![CDATA[霍乱]]></desc></option><option><id>C</id><type>text</type><desc><![CDATA[伤寒]]></desc></option><option><id>D</id><type>text</type><desc><![CDATA[甲型病毒性肝炎]]></desc></option><option><id>E</id><type>text</type><desc><![CDATA[戊型病毒性肝炎]]></desc></option></options><answers><![CDATA[C]]></answers></question><question><type>1</type><format>html</format><desc><![CDATA[16．患者，女，36岁，近5天该患者出现持续发热，纳差、腹胀。体格检查：体温40℃，脉搏90次/分，表情呆滞，右下腹有压痛。辅助检查：白细胞3.5×10<sup>9</sup>/L，血培养：伤寒杆菌阳性。诊断为伤寒，首选治疗药物是]]></desc><options><option><id>A</id><type>text</type><desc><![CDATA[喹诺酮类药物]]></desc></option><option><id>B</id><type>text</type><desc><![CDATA[第三代头孢菌素]]></desc></option><option><id>C</id><type>text</type><desc><![CDATA[氯霉素]]></desc></option><option><id>D</id><type>text</type><desc><![CDATA[庆大霉素]]></desc></option><option><id>E</id><type>text</type><desc><![CDATA[磺胺类药物]]></desc></option></options><answers><![CDATA[A]]></answers></question><question><type>1</type><format>html</format><desc><![CDATA[17．患儿，男，5岁，发热，咽痛2天来医院就诊，体温39.4℃。查体：咽及扁桃体显著充血，有脓性分泌物，皮肤可见针尖大小的充血性皮疹及帕氏线。辅助检查：WBC18×10<sup>9</sup>/L，N85%。拟诊为猩红热。猩红热的主要传播途径是]]></desc><options><option><id>A</id><type>text</type><desc><![CDATA[接触传播（消化道）]]></desc></option><option><id>B</id><type>text</type><desc><![CDATA[接触传播（产道）]]></desc></option><option><id>C</id><type>text</type><desc><![CDATA[飞沫传播]]></desc></option><option><id>D</id><type>text</type><desc><![CDATA[接触传播（皮肤伤口）]]></desc></option><option><id>E</id><type>text</type><desc><![CDATA[接触传播（血体液）]]></desc></option></options><answers><![CDATA[C]]></answers></question><question><type>1</type><format>text</format><desc><![CDATA[18．猩红热的特征性表现主要是]]></desc><options><option><id>A</id><type>text</type><desc><![CDATA[发热、咽峡炎、皮疹]]></desc></option><option><id>B</id><type>text</type><desc><![CDATA[发热、皮疹、口周苍白圈]]></desc></option><option><id>C</id><type>text</type><desc><![CDATA[发热、咽峡炎、口周苍白圈]]></desc></option><option><id>D</id><type>text</type><desc><![CDATA[发热、皮疹、杨梅舌]]></desc></option><option><id>E</id><type>text</type><desc><![CDATA[发热、中毒症状、皮疹]]></desc></option></options><answers><![CDATA[A]]></answers></question><question><type>1</type><format>text</format><desc><![CDATA[19．患儿，女，6岁，患猩红热5天，全身皮肤脱屑，手脚有大片脱皮，护士进行健康指导正确的是]]></desc><options><option><id>A</id><type>text</type><desc><![CDATA[用手撕脱，清除皮屑]]></desc></option><option><id>B</id><type>text</type><desc><![CDATA[用消毒剪刀修剪，清除皮屑]]></desc></option><option><id>C</id><type>text</type><desc><![CDATA[用乙醇擦拭，清除皮屑]]></desc></option><option><id>D</id><type>text</type><desc><![CDATA[用刷子刮皮，清除皮屑]]></desc></option><option><id>E</id><type>text</type><desc><![CDATA[用粗糙物搓皮，清除皮屑]]></desc></option></options><answers><![CDATA[B]]></answers></question><question><type>1</type><format>text</format><desc><![CDATA[20．患儿，女，6岁，患猩红热病后18天，出现眼睑水肿，尿呈茶色，血压132/102mmHg，该患儿可能发生了]]></desc><options><option><id>A</id><type>text</type><desc><![CDATA[喉炎]]></desc></option><option><id>B</id><type>text</type><desc><![CDATA[风湿炎]]></desc></option><option><id>C</id><type>text</type><desc><![CDATA[心肌炎]]></desc></option><option><id>D</id><type>text</type><desc><![CDATA[肾炎]]></desc></option><option><id>E</id><type>text</type><desc><![CDATA[支气管炎]]></desc></option></options><answers><![CDATA[D]]></answers></question></questions></exam>