﻿<?xml version="1.0" encoding="UTF-8"?><exam><id>20180925112053</id><questions><instructions><![CDATA[一、单项选择题]]></instructions><question><type>1</type><format>html</format><desc><![CDATA[1．传染病与感染性疾病的主要<u><b>不同</b></u>之处是]]></desc><options><option><id>A</id><type>text</type><desc><![CDATA[人体感染病毒]]></desc></option><option><id>B</id><type>text</type><desc><![CDATA[人体感染细菌]]></desc></option><option><id>C</id><type>text</type><desc><![CDATA[人体感染寄生虫]]></desc></option><option><id>D</id><type>text</type><desc><![CDATA[有传染性]]></desc></option><option><id>E</id><type>text</type><desc><![CDATA[有感染性]]></desc></option></options><answers><![CDATA[D]]></answers></question><question><type>1</type><format>text</format><desc><![CDATA[2．传染病的基本特征主要包括]]></desc><options><option><id>A</id><type>text</type><desc><![CDATA[特殊的病原体、传染性、流行病学特征、感染后并发症]]></desc></option><option><id>B</id><type>text</type><desc><![CDATA[特殊的病原体、感染性、流行病学特征、感染后免疫]]></desc></option><option><id>C</id><type>text</type><desc><![CDATA[特殊的病原体、传染性、流行病学特征、感染后免疫]]></desc></option><option><id>D</id><type>text</type><desc><![CDATA[特殊的病原体、流行性、传染病学特征、感染后免疫]]></desc></option><option><id>E</id><type>text</type><desc><![CDATA[特殊的病原体、流行性、传染病学特征、感染后并发症]]></desc></option></options><answers><![CDATA[C]]></answers></question><question><type>1</type><format>text</format><desc><![CDATA[3．幼儿园发现1例麻疹患者，为了防止传染给其他小儿，该患者应隔离至]]></desc><options><option><id>A</id><type>text</type><desc><![CDATA[潜伏期结束]]></desc></option><option><id>B</id><type>text</type><desc><![CDATA[传染期结束]]></desc></option><option><id>C</id><type>text</type><desc><![CDATA[前驱期结束]]></desc></option><option><id>D</id><type>text</type><desc><![CDATA[症状明显期结束]]></desc></option><option><id>E</id><type>text</type><desc><![CDATA[恢复期结束]]></desc></option></options><answers><![CDATA[B]]></answers></question><question><type>1</type><format>text</format><desc><![CDATA[4．某传染病在某地区的发病率显著高于常年一般水平，称为]]></desc><options><option><id>A</id><type>text</type><desc><![CDATA[散发]]></desc></option><option><id>B</id><type>text</type><desc><![CDATA[流行]]></desc></option><option><id>C</id><type>text</type><desc><![CDATA[大流行]]></desc></option><option><id>D</id><type>text</type><desc><![CDATA[暴发]]></desc></option><option><id>E</id><type>text</type><desc><![CDATA[高发]]></desc></option></options><answers><![CDATA[B]]></answers></question><question><type>1</type><format>text</format><desc><![CDATA[5．患者，女，46岁，患伤寒后治疗有效，体温下降，但还没降至正常，体温又再次升高，血培养阳性，此时称为]]></desc><options><option><id>A</id><type>text</type><desc><![CDATA[重复感染]]></desc></option><option><id>B</id><type>text</type><desc><![CDATA[再感染]]></desc></option><option><id>C</id><type>text</type><desc><![CDATA[再燃]]></desc></option><option><id>D</id><type>text</type><desc><![CDATA[复发]]></desc></option><option><id>E</id><type>text</type><desc><![CDATA[并发症]]></desc></option></options><answers><![CDATA[C]]></answers></question><question><type>1</type><format>text</format><desc><![CDATA[6．下列需要进行严格管理的传染病是]]></desc><options><option><id>A</id><type>text</type><desc><![CDATA[肺结核、艾滋病]]></desc></option><option><id>B</id><type>text</type><desc><![CDATA[霍乱、狂犬病]]></desc></option><option><id>C</id><type>text</type><desc><![CDATA[肺炭疽、细菌性痢疾]]></desc></option><option><id>D</id><type>text</type><desc><![CDATA[病毒性肝炎、水痘]]></desc></option><option><id>E</id><type>text</type><desc><![CDATA[手足口病、麻疹]]></desc></option></options><answers><![CDATA[A]]></answers></question><question><type>1</type><format>html</format><desc><![CDATA[7．<u><b>不是</b></u>甲类传染病，但按甲类传染病进行管理的疾病是]]></desc><options><option><id>A</id><type>text</type><desc><![CDATA[狂犬病]]></desc></option><option><id>B</id><type>text</type><desc><![CDATA[人高致病性禽流感]]></desc></option><option><id>C</id><type>text</type><desc><![CDATA[甲型H<sub>1</sub>N<sub>1</sub>流感]]></desc></option><option><id>D</id><type>text</type><desc><![CDATA[霍乱]]></desc></option><option><id>E</id><type>text</type><desc><![CDATA[肺炭疽]]></desc></option></options><answers><![CDATA[E]]></answers></question><question><type>1</type><format>text</format><desc><![CDATA[8．患者，男，7岁，目前，没有临床表现，但是，其咽拭子及鼻腔分泌物培养，找到了猩红热致病菌，该患者处于]]></desc><options><option><id>A</id><type>text</type><desc><![CDATA[清除病原体状态]]></desc></option><option><id>B</id><type>text</type><desc><![CDATA[病原携带状态（带菌者）]]></desc></option><option><id>C</id><type>text</type><desc><![CDATA[病原携带状态（带病毒者）]]></desc></option><option><id>D</id><type>text</type><desc><![CDATA[病原携带状态（带虫者）]]></desc></option><option><id>E</id><type>text</type><desc><![CDATA[潜伏性感染状态]]></desc></option></options><answers><![CDATA[B]]></answers></question><question><type>1</type><format>text</format><desc><![CDATA[9．某护士在为患者接种流感疫苗前，发现部分疫苗有混浊现象，护士应采取的措施是]]></desc><options><option><id>A</id><type>text</type><desc><![CDATA[就地销毁，记录经过]]></desc></option><option><id>B</id><type>text</type><desc><![CDATA[先接种该疫苗，再严密观察]]></desc></option><option><id>C</id><type>text</type><desc><![CDATA[先接种该疫苗，再报告医院有关部门]]></desc></option><option><id>D</id><type>text</type><desc><![CDATA[从该批次疫苗中寻找混浊不明显的疫苗接种]]></desc></option><option><id>E</id><type>text</type><desc><![CDATA[停止接种该批次疫苗，报告医院有关部门]]></desc></option></options><answers><![CDATA[E]]></answers></question><question><type>1</type><format>text</format><desc><![CDATA[10．患者，女，24岁，经检查确诊为细菌性痢疾，该患者的密切接触者应进行卫生检疫，其检疫期限的依据是细菌性痢疾的]]></desc><options><option><id>A</id><type>text</type><desc><![CDATA[潜伏期]]></desc></option><option><id>B</id><type>text</type><desc><![CDATA[前驱期]]></desc></option><option><id>C</id><type>text</type><desc><![CDATA[症状明显期]]></desc></option><option><id>D</id><type>text</type><desc><![CDATA[恢复期]]></desc></option><option><id>E</id><type>text</type><desc><![CDATA[后遗症期]]></desc></option></options><answers><![CDATA[A]]></answers></question><question><type>1</type><format>html</format><desc><![CDATA[11．以下关于病原学检查描述<u><b>不正确</b></u>的是]]></desc><options><option><id>A</id><type>text</type><desc><![CDATA[病原学检查包括检测特异性抗原、抗体]]></desc></option><option><id>B</id><type>text</type><desc><![CDATA[病原学检查包括检测特异性核酸]]></desc></option><option><id>C</id><type>text</type><desc><![CDATA[病原学检查是确诊传染病的重要依据]]></desc></option><option><id>D</id><type>text</type><desc><![CDATA[病原学检查对判断疗效有指导意义]]></desc></option><option><id>E</id><type>text</type><desc><![CDATA[某些病原学检查方法受抗生素、温度影响]]></desc></option></options><answers><![CDATA[A]]></answers></question><question><type>1</type><format>text</format><desc><![CDATA[12．构成传染病流行过程的三个基本条件是]]></desc><options><option><id>A</id><type>text</type><desc><![CDATA[微生物，宿主，媒介]]></desc></option><option><id>B</id><type>text</type><desc><![CDATA[病原体，人体，环境]]></desc></option><option><id>C</id><type>text</type><desc><![CDATA[病原体，环境，宿主]]></desc></option><option><id>D</id><type>text</type><desc><![CDATA[病原体数量，致病力，感染部位]]></desc></option><option><id>E</id><type>text</type><desc><![CDATA[传染源，传播途径，易感人群]]></desc></option></options><answers><![CDATA[E]]></answers></question><question><type>1</type><format>text</format><desc><![CDATA[13．根据《中华人民共和国传染病防治法》，医务人员有责任向大众宣传传染病防治知识。预防传染病流行的方法有]]></desc><options><option><id>A</id><type>text</type><desc><![CDATA[管理传染源]]></desc></option><option><id>B</id><type>text</type><desc><![CDATA[切断传播途径]]></desc></option><option><id>C</id><type>text</type><desc><![CDATA[保护易感者]]></desc></option><option><id>D</id><type>text</type><desc><![CDATA[改善社会和自然环境]]></desc></option><option><id>E</id><type>text</type><desc><![CDATA[以上均是]]></desc></option></options><answers><![CDATA[E]]></answers></question><question><type>1</type><format>html</format><desc><![CDATA[14．某护生到外科实习，护士长提醒她要注意标准预防，<u><b>不属于</b></u>标准预防的是]]></desc><options><option><id>A</id><type>text</type><desc><![CDATA[洗手、卫生手消毒]]></desc></option><option><id>B</id><type>text</type><desc><![CDATA[隔离标志醒目]]></desc></option><option><id>C</id><type>text</type><desc><![CDATA[穿戴防护用品]]></desc></option><option><id>D</id><type>text</type><desc><![CDATA[不可徒手去除针头]]></desc></option><option><id>E</id><type>text</type><desc><![CDATA[消毒物体表面及环境]]></desc></option></options><answers><![CDATA[B]]></answers></question><question><type>1</type><format>text</format><desc><![CDATA[15．患者，男，36岁，因乙型病毒性肝炎伴肝性脑病入院，该病属于接触传播性疾病，其隔离标志颜色正确的是]]></desc><options><option><id>A</id><type>text</type><desc><![CDATA[粉色]]></desc></option><option><id>B</id><type>text</type><desc><![CDATA[黄色]]></desc></option><option><id>C</id><type>text</type><desc><![CDATA[蓝色]]></desc></option><option><id>D</id><type>text</type><desc><![CDATA[绿色]]></desc></option><option><id>E</id><type>text</type><desc><![CDATA[紫色]]></desc></option></options><answers><![CDATA[C]]></answers></question><question><type>1</type><format>html</format><desc><![CDATA[16．患者，男，33岁，因患流行性脑脊髓膜炎入院，该病主要是经飞沫传播。入院后病人有明显的焦虑、恐惧心理，对该患者实施护理<u><b>不妥</b></u>的措施是]]></desc><options><option><id>A</id><type>text</type><desc><![CDATA[尊重病人，摘下口罩，与病人亲切交谈]]></desc></option><option><id>B</id><type>text</type><desc><![CDATA[密切观察病人病情变化]]></desc></option><option><id>C</id><type>text</type><desc><![CDATA[病人亲朋好友探视时需戴口罩]]></desc></option><option><id>D</id><type>text</type><desc><![CDATA[取得病人及家属的信任]]></desc></option><option><id>E</id><type>text</type><desc><![CDATA[做好安慰解释工作]]></desc></option></options><answers><![CDATA[A]]></answers></question><question><type>1</type><format>text</format><desc><![CDATA[17．患者，女，2岁，患手足口病入院，属于终末消毒的情况是]]></desc><options><option><id>A</id><type>text</type><desc><![CDATA[该患儿住院前对拟住病房进行消毒]]></desc></option><option><id>B</id><type>text</type><desc><![CDATA[每日用消毒液擦拭床单位表面]]></desc></option><option><id>C</id><type>text</type><desc><![CDATA[及时将该患儿换下来的衣物进行清洗消毒]]></desc></option><option><id>D</id><type>text</type><desc><![CDATA[及时对该患儿所用餐具进行消毒]]></desc></option><option><id>E</id><type>text</type><desc><![CDATA[患儿住院后，对家庭环境、物品进行消毒]]></desc></option></options><answers><![CDATA[E]]></answers></question><question><type>1</type><format>text</format><desc><![CDATA[18．某护士为乙型肝炎病人采集血标本时，不慎将血液滴在病人的床头柜上，此时护士对该床头柜的处理方法，正确的是]]></desc><options><option><id>A</id><type>text</type><desc><![CDATA[仅用清水擦拭]]></desc></option><option><id>B</id><type>text</type><desc><![CDATA[先用清水擦拭，再用消毒液擦拭]]></desc></option><option><id>C</id><type>text</type><desc><![CDATA[仅用卫生纸擦拭]]></desc></option><option><id>D</id><type>text</type><desc><![CDATA[先用卫生吸附、清除血液后，再用消毒液擦拭]]></desc></option><option><id>E</id><type>text</type><desc><![CDATA[仅用消毒液擦拭]]></desc></option></options><answers><![CDATA[D]]></answers></question><question><type>1</type><format>html</format><desc><![CDATA[19．某护生在医院实习时，他对医院建筑区域划分描述<u><b>不正确</b></u>的是]]></desc><options><option><id>A</id><type>text</type><desc><![CDATA[医院食堂属于无危险区域]]></desc></option><option><id>B</id><type>text</type><desc><![CDATA[示教室属于低危险区域]]></desc></option><option><id>C</id><type>text</type><desc><![CDATA[普通病房属于中危险区域]]></desc></option><option><id>D</id><type>text</type><desc><![CDATA[传染病房属于高危险区域]]></desc></option><option><id>E</id><type>text</type><desc><![CDATA[重症监护病房属于极高危险区域]]></desc></option></options><answers><![CDATA[A]]></answers></question><question><type>1</type><format>html</format><desc><![CDATA[20．<u><b>不属于</b></u>呼吸道传染病病区“三区两缓冲两通道”的是]]></desc><options><option><id>A</id><type>text</type><desc><![CDATA[污染区]]></desc></option><option><id>B</id><type>text</type><desc><![CDATA[无菌区]]></desc></option><option><id>C</id><type>text</type><desc><![CDATA[缓冲间]]></desc></option><option><id>D</id><type>text</type><desc><![CDATA[医务人员通道]]></desc></option><option><id>E</id><type>text</type><desc><![CDATA[病人通道]]></desc></option></options><answers><![CDATA[B]]></answers></question><question><type>1</type><format>text</format><desc><![CDATA[21．某护士在工作中发生血源性病原体职业暴露，最常见的原因是]]></desc><options><option><id>A</id><type>text</type><desc><![CDATA[接触被污染的体液]]></desc></option><option><id>B</id><type>text</type><desc><![CDATA[接触被污染的衣物]]></desc></option><option><id>C</id><type>text</type><desc><![CDATA[为污染伤口换药]]></desc></option><option><id>D</id><type>text</type><desc><![CDATA[针刺伤]]></desc></option><option><id>E</id><type>text</type><desc><![CDATA[侵袭性操作]]></desc></option></options><answers><![CDATA[D]]></answers></question><question><type>1</type><format>text</format><desc><![CDATA[22．某护士被安排在传染病病区工作，她对传染病职业防护概念理解正确的是]]></desc><options><option><id>A</id><type>text</type><desc><![CDATA[职业防护是为了避免职业暴露]]></desc></option><option><id>B</id><type>text</type><desc><![CDATA[职业防护是为了处理职业暴露]]></desc></option><option><id>C</id><type>text</type><desc><![CDATA[职业防护与职业暴露无关]]></desc></option><option><id>D</id><type>text</type><desc><![CDATA[各种传染病职业防护方法相同]]></desc></option><option><id>E</id><type>text</type><desc><![CDATA[空气传播与飞沫传播职业防护方法相同]]></desc></option></options><answers><![CDATA[A]]></answers></question></questions></exam>