﻿<?xml version="1.0" encoding="UTF-8"?><exam><id>20180925101455</id><questions><instructions><![CDATA[一、单项选择题]]></instructions><question><type>1</type><format>text</format><desc><![CDATA[1．病人，女，24岁，2个月前有不安全性生活史，近半个月大阴唇处出现一个较硬、无痛性的圆形结节，创面较清洁，不痛不痒，附近浅表淋巴结有肿大。梅毒暗视野显微镜检查阳性，该病人可能是]]></desc><options><option><id>A</id><type>text</type><desc><![CDATA[一期梅毒]]></desc></option><option><id>B</id><type>text</type><desc><![CDATA[二期梅毒]]></desc></option><option><id>C</id><type>text</type><desc><![CDATA[三期梅毒]]></desc></option><option><id>D</id><type>text</type><desc><![CDATA[隐性梅毒]]></desc></option><option><id>E</id><type>text</type><desc><![CDATA[先天梅毒]]></desc></option></options><answers><![CDATA[A]]></answers></question><question><type>1</type><format>text</format><desc><![CDATA[2．病人，男，40岁，疑似梅毒病人，关于确诊梅毒最确切的说法是]]></desc><options><option><id>A</id><type>text</type><desc><![CDATA[有流行病学史]]></desc></option><option><id>B</id><type>text</type><desc><![CDATA[初筛阳性]]></desc></option><option><id>C</id><type>text</type><desc><![CDATA[确认试题阳性]]></desc></option><option><id>C</id><type>text</type><desc><![CDATA[有流行病学史、初筛阳性、确认试验阳性]]></desc></option><option><id>D</id><type>text</type><desc><![CDATA[有流行病学史、有临床表现、初筛阳性、确认试验阳性]]></desc></option></options><answers><![CDATA[C]]></answers></question><question><type>1</type><format>html</format><desc><![CDATA[3．病人，女，22岁，怀孕3个月，是梅毒病人，护士对其进行指导<u><b>不妥</b></u>的是]]></desc><options><option><id>A</id><type>text</type><desc><![CDATA[梅毒主要是性接触隔离]]></desc></option><option><id>B</id><type>text</type><desc><![CDATA[隔离至梅毒血清抗体转阴]]></desc></option><option><id>C</id><type>text</type><desc><![CDATA[严禁梅毒病人捐献血液、器官]]></desc></option><option><id>D</id><type>text</type><desc><![CDATA[要尽早进行抗梅毒治疗]]></desc></option><option><id>E</id><type>text</type><desc><![CDATA[注意消毒内裤]]></desc></option></options><answers><![CDATA[B]]></answers></question><question><type>1</type><format>html</format><desc><![CDATA[4．病人，女，22岁，是梅毒病人。该病人对梅毒看法<u><b>欠妥</b></u>的是]]></desc><options><option><id>A</id><type>text</type><desc><![CDATA[梅毒治愈后仍要注意个人卫生]]></desc></option><option><id>B</id><type>text</type><desc><![CDATA[患梅毒期间不宜怀孕]]></desc></option><option><id>C</id><type>text</type><desc><![CDATA[妊娠3个月内梅毒病人可传染给胎儿]]></desc></option><option><id>D</id><type>text</type><desc><![CDATA[如果梅毒病人怀孕，要尽早开始治疗]]></desc></option><option><id>E</id><type>text</type><desc><![CDATA[杜绝不安全性行为]]></desc></option></options><answers><![CDATA[C]]></answers></question><question><type>1</type><format>text</format><desc><![CDATA[5．小刘怀孕后，医生要为做婚前梅毒方面的检查，首选]]></desc><options><option><id>A</id><type>text</type><desc><![CDATA[暗视野显微镜检查]]></desc></option><option><id>B</id><type>text</type><desc><![CDATA[RPR]]></desc></option><option><id>C</id><type>text</type><desc><![CDATA[TPHA]]></desc></option><option><id>D</id><type>text</type><desc><![CDATA[PCR]]></desc></option><option><id>E</id><type>text</type><desc><![CDATA[ELISA]]></desc></option></options><answers><![CDATA[B]]></answers></question></questions></exam>