﻿<?xml version="1.0" encoding="UTF-8"?><exam><id>20180925102812</id><questions><instructions><![CDATA[一、单项选择题]]></instructions><question><type>1</type><format>text</format><desc><![CDATA[1．病人，男，35岁，在非洲务工1年，回国1周后出现高热，伴剧烈头痛、大汗、恶心、呕吐，随即昏迷。入院时，病人有重度贫血貌，巩膜轻度黄染，脾脏肋下3cm，质中，脑膜刺激征阳性。血涂片找到疟原虫。首先考虑的诊断是]]></desc><options><option><id>A</id><type>text</type><desc><![CDATA[典型疟疾轻症]]></desc></option><option><id>B</id><type>text</type><desc><![CDATA[不典型疟疾轻症]]></desc></option><option><id>C</id><type>text</type><desc><![CDATA[重症疟疾]]></desc></option><option><id>D</id><type>text</type><desc><![CDATA[疟疾复发]]></desc></option><option><id>E</id><type>text</type><desc><![CDATA[疟疾再燃]]></desc></option></options><answers><![CDATA[C]]></answers></question><question><type>1</type><format>text</format><desc><![CDATA[2．病人，男，32岁，隔日寒战、高热、大汗，血中查到疟原虫，诊断为疟疾。经护理评估了解到，病人6个月前曾有类似情况，连续发作数日，未治疗而自行缓解。目前，考虑该病人为疟疾复发，首选治疗药物是]]></desc><options><option><id>A</id><type>text</type><desc><![CDATA[伯氨喹]]></desc></option><option><id>B</id><type>text</type><desc><![CDATA[氯喹]]></desc></option><option><id>C</id><type>text</type><desc><![CDATA[蒿甲醚]]></desc></option><option><id>D</id><type>text</type><desc><![CDATA[奎宁]]></desc></option><option><id>E</id><type>text</type><desc><![CDATA[磷酸咯萘啶]]></desc></option></options><answers><![CDATA[A]]></answers></question><question><type>1</type><format>html</format><desc><![CDATA[3．病人，女，32岁，从东南亚旅行回来后，出现寒战、高热、大汗，继之缓解，隔日再次发作，初步诊断为疟疾。给予抗疟疾治疗，其用药护理<u><b>不妥</b></u>的是]]></desc><options><option><id>A</id><type>text</type><desc><![CDATA[遵医嘱用药]]></desc></option><option><id>B</id><type>text</type><desc><![CDATA[注意注射制剂对溶媒的要求]]></desc></option><option><id>C</id><type>text</type><desc><![CDATA[用氯喹时，要快速静脉滴注]]></desc></option><option><id>D</id><type>text</type><desc><![CDATA[用伯氨喹前了解G-6PD活性]]></desc></option><option><id>E</id><type>text</type><desc><![CDATA[用伯氨喹后注意病人有无溶血情况]]></desc></option></options><answers><![CDATA[C]]></answers></question><question><type>1</type><format>text</format><desc><![CDATA[4．病人，男，30岁，农民，平素体健，突发寒战、高热、大汗，隔日发作持续2周，血涂片找到疟原虫，诊断为疟疾。护理措施正确的是]]></desc><options><option><id>A</id><type>text</type><desc><![CDATA[卧床休息，定期测量体温]]></desc></option><option><id>B</id><type>text</type><desc><![CDATA[高热时给予温水擦浴]]></desc></option><option><id>C</id><type>text</type><desc><![CDATA[出汗后及时更换衣服]]></desc></option><option><id>D</id><type>text</type><desc><![CDATA[注意观察抗疟药物副作用]]></desc></option><option><id>E</id><type>text</type><desc><![CDATA[以上都正确]]></desc></option></options><answers><![CDATA[E]]></answers></question><question><type>1</type><format>text</format><desc><![CDATA[5．预防疟疾最主要的措施是]]></desc><options><option><id>A</id><type>text</type><desc><![CDATA[根治疟疾病人]]></desc></option><option><id>B</id><type>text</type><desc><![CDATA[根治疟疾带虫者]]></desc></option><option><id>C</id><type>text</type><desc><![CDATA[预防服药]]></desc></option><option><id>D</id><type>text</type><desc><![CDATA[避免血液传播]]></desc></option><option><id>E</id><type>text</type><desc><![CDATA[防蚊、灭蚊]]></desc></option></options><answers><![CDATA[E]]></answers></question><question><type>1</type><format>html</format><desc><![CDATA[6．病人，男，28岁，渔民，持续发热20天，伴畏寒、腹痛、腹泻。体温39.5℃，肝肋下1cm，脾肋下未及，白细胞4×10<sup>9</sup>/L，嗜酸粒细胞45%。对该病人进行护理评估时，应特别注意询问]]></desc><options><option><id>A</id><type>text</type><desc><![CDATA[肝病史]]></desc></option><option><id>B</id><type>text</type><desc><![CDATA[用药史]]></desc></option><option><id>C</id><type>text</type><desc><![CDATA[血吸虫疫水接触史]]></desc></option><option><id>D</id><type>text</type><desc><![CDATA[不洁饮食史]]></desc></option><option><id>E</id><type>text</type><desc><![CDATA[结核病史]]></desc></option></options><answers><![CDATA[C]]></answers></question><question><type>1</type><format>text</format><desc><![CDATA[7．病人，男，46岁，间歇性发热2周入院。1个月前有血吸虫疫水接触史，体格检查：体温39.5℃，肝肋下2cm，脾肋下1cm，粪便查见血吸虫虫卵，诊断为]]></desc><options><option><id>A</id><type>text</type><desc><![CDATA[急性血吸虫病]]></desc></option><option><id>B</id><type>text</type><desc><![CDATA[慢性血吸虫病]]></desc></option><option><id>C</id><type>text</type><desc><![CDATA[晚期血吸虫病]]></desc></option><option><id>D</id><type>text</type><desc><![CDATA[血吸虫异位损害]]></desc></option><option><id>E</id><type>text</type><desc><![CDATA[巨脾型血吸虫]]></desc></option></options><answers><![CDATA[A]]></answers></question><question><type>1</type><format>text</format><desc><![CDATA[8．日本血吸虫病治疗的首选药物是]]></desc><options><option><id>A</id><type>text</type><desc><![CDATA[吡喹酮]]></desc></option><option><id>B</id><type>text</type><desc><![CDATA[氯喹]]></desc></option><option><id>C</id><type>text</type><desc><![CDATA[甲硝唑]]></desc></option><option><id>D</id><type>text</type><desc><![CDATA[乙胺嘧啶]]></desc></option><option><id>E</id><type>text</type><desc><![CDATA[克林霉素]]></desc></option></options><answers><![CDATA[A]]></answers></question><question><type>1</type><format>html</format><desc><![CDATA[9．病人，男，20岁，持续发热半个月，体温37～40℃，腹痛，粪便稀，2～3次/天，无脓血便，精神、食欲尚可。体格检查：肝剑突下4cm，轻度触痛。辅助检查：WBC4×10<sup>9</sup>/L，N50%，L20%，E30%。发病前1个月曾到洞庭湖区捕鱼。拟诊日本血吸虫病，具有确诊价值的检查是]]></desc><options><option><id>A</id><type>text</type><desc><![CDATA[环卵沉淀试验]]></desc></option><option><id>B</id><type>text</type><desc><![CDATA[腹部超声波检查]]></desc></option><option><id>C</id><type>text</type><desc><![CDATA[肥达反应]]></desc></option><option><id>D</id><type>text</type><desc><![CDATA[粪便常规]]></desc></option><option><id>E</id><type>text</type><desc><![CDATA[PPD皮试]]></desc></option></options><answers><![CDATA[A]]></answers></question><question><type>1</type><format>html</format><desc><![CDATA[10．病人，男，53岁，渔民，家住洞庭湖附近，因呕血、黑便2天入院，有慢性血吸虫病病史7年。体格检查：慢性肝病面容、贫血貌，消瘦，腹部膨隆，可见肝掌，肝右肋下2cm，剑突下5cm，脾平脐，移动性浊音阳性。辅助检查：Hb65g/L，RBC1.3×10<sup>12</sup>/L；腹部B超显示门静脉增宽、脾脏肿大、大量腹腔积液；血吸虫环卵沉淀试验阳性。初步诊断为晚期血吸虫病。该病人的护理问题是]]></desc><options><option><id>A</id><type>text</type><desc><![CDATA[营养失调]]></desc></option><option><id>B</id><type>text</type><desc><![CDATA[活动无耐力]]></desc></option><option><id>C</id><type>text</type><desc><![CDATA[舒适度的改变]]></desc></option><option><id>D</id><type>text</type><desc><![CDATA[潜在并发症：肝性脑病]]></desc></option><option><id>E</id><type>text</type><desc><![CDATA[以上都是]]></desc></option></options><answers><![CDATA[E]]></answers></question></questions></exam>