﻿<?xml version="1.0" encoding="UTF-8"?><exam><id>20181102113225</id><questions><instructions><![CDATA[一、单项选择题]]></instructions><question><type>1</type><format>html</format><desc><![CDATA[1.关于胰岛素的药理作用的叙述<u><b>错误</b></u>的是]]></desc><options><option><id>A</id><type>text</type><desc><![CDATA[促进糖原分解]]></desc></option><option><id>B</id><type>text</type><desc><![CDATA[促进氨基酸的转运和蛋白质合成]]></desc></option><option><id>C</id><type>text</type><desc><![CDATA[促进脂肪合成并抑制其分解]]></desc></option><option><id>D</id><type>text</type><desc><![CDATA[抑制蛋白质分解]]></desc></option><option><id>E</id><type>text</type><desc><![CDATA[促进葡萄糖的氧化和酵解]]></desc></option></options><answers><![CDATA[A]]></answers></question><question><type>1</type><format>text</format><desc><![CDATA[2.可促进抗利尿激素分泌的降血糖药是]]></desc><options><option><id>A</id><type>text</type><desc><![CDATA[格列齐特]]></desc></option><option><id>B</id><type>text</type><desc><![CDATA[格列吡嗪]]></desc></option><option><id>C</id><type>text</type><desc><![CDATA[甲苯磺丁脲]]></desc></option><option><id>D</id><type>text</type><desc><![CDATA[二甲双胍]]></desc></option><option><id>E</id><type>text</type><desc><![CDATA[氯磺丙脲]]></desc></option></options><answers><![CDATA[E]]></answers></question><question><type>1</type><format>html</format><desc><![CDATA[3.胰岛素临床上<u><b>不可</b></u>用于]]></desc><options><option><id>A</id><type>text</type><desc><![CDATA[胰岛素依赖型糖尿病]]></desc></option><option><id>B</id><type>text</type><desc><![CDATA[糖尿病并发各种症状]]></desc></option><option><id>C</id><type>text</type><desc><![CDATA[非胰岛素依赖型糖尿病用口服降血糖药未控制者]]></desc></option><option><id>D</id><type>text</type><desc><![CDATA[合并重度感染、消耗性疾病等糖尿病]]></desc></option><option><id>E</id><type>text</type><desc><![CDATA[尿崩症]]></desc></option></options><answers><![CDATA[E]]></answers></question><question><type>1</type><format>text</format><desc><![CDATA[4.可造成乳酸血症的降血糖药是]]></desc><options><option><id>A</id><type>text</type><desc><![CDATA[格列吡嗪]]></desc></option><option><id>B</id><type>text</type><desc><![CDATA[氯磺丙脲]]></desc></option><option><id>C</id><type>text</type><desc><![CDATA[格列本脲]]></desc></option><option><id>D</id><type>text</type><desc><![CDATA[甲苯磺丁脲]]></desc></option><option><id>E</id><type>text</type><desc><![CDATA[二甲双胍]]></desc></option></options><answers><![CDATA[E]]></answers></question><question><type>1</type><format>html</format><desc><![CDATA[5.对胰岛功能完全丧失者<u><b>无效</b></u>的药物是]]></desc><options><option><id>A</id><type>text</type><desc><![CDATA[普通胰岛素]]></desc></option><option><id>B</id><type>text</type><desc><![CDATA[甲苯磺丁脲]]></desc></option><option><id>C</id><type>text</type><desc><![CDATA[珠蛋白锌胰岛素]]></desc></option><option><id>D</id><type>text</type><desc><![CDATA[精蛋白锌胰岛素]]></desc></option><option><id>E</id><type>text</type><desc><![CDATA[二甲双胍]]></desc></option></options><answers><![CDATA[B]]></answers></question><question><type>1</type><format>text</format><desc><![CDATA[6.通过在小肠竞争性抑制α-葡萄糖苷酶，产生降血糖作用的药物是]]></desc><options><option><id>A</id><type>text</type><desc><![CDATA[格列齐特]]></desc></option><option><id>B</id><type>text</type><desc><![CDATA[格列吡嗪]]></desc></option><option><id>C</id><type>text</type><desc><![CDATA[甲苯磺丁脲]]></desc></option><option><id>D</id><type>text</type><desc><![CDATA[二甲双胍]]></desc></option><option><id>E</id><type>text</type><desc><![CDATA[阿卡波糖]]></desc></option></options><answers><![CDATA[E]]></answers></question><question><type>1</type><format>html</format><desc><![CDATA[7.与二甲双胍降糖作用的机制<u><b>无关</b></u>的是]]></desc><options><option><id>A</id><type>text</type><desc><![CDATA[减少葡萄糖在肠道吸收及糖原异生]]></desc></option><option><id>B</id><type>text</type><desc><![CDATA[促进组织摄取和利用葡萄糖]]></desc></option><option><id>C</id><type>text</type><desc><![CDATA[增加胰岛素与受体的结合]]></desc></option><option><id>D</id><type>text</type><desc><![CDATA[刺激胰岛B细胞释放胰岛素]]></desc></option><option><id>E</id><type>text</type><desc><![CDATA[增强机体对胰岛素的敏感性]]></desc></option></options><answers><![CDATA[D]]></answers></question><question><type>1</type><format>html</format><desc><![CDATA[8.胰岛素<u><b>不常见</b></u>的不良反应有]]></desc><options><option><id>A</id><type>text</type><desc><![CDATA[低血糖反应]]></desc></option><option><id>B</id><type>text</type><desc><![CDATA[过敏反应]]></desc></option><option><id>C</id><type>text</type><desc><![CDATA[耐受性]]></desc></option><option><id>D</id><type>text</type><desc><![CDATA[胃肠道反应]]></desc></option><option><id>E</id><type>text</type><desc><![CDATA[皮下脂肪萎缩]]></desc></option></options><answers><![CDATA[D]]></answers></question><question><type>1</type><format>text</format><desc><![CDATA[9.属于胰岛素增敏剂的是]]></desc><options><option><id>A</id><type>text</type><desc><![CDATA[罗格列酮]]></desc></option><option><id>B</id><type>text</type><desc><![CDATA[格列吡嗪]]></desc></option><option><id>C</id><type>text</type><desc><![CDATA[甲苯磺丁脲]]></desc></option><option><id>D</id><type>text</type><desc><![CDATA[二甲双胍]]></desc></option><option><id>E</id><type>text</type><desc><![CDATA[阿卡波糖]]></desc></option></options><answers><![CDATA[A]]></answers></question><question><type>1</type><format>text</format><desc><![CDATA[10.主要用于治疗1型糖尿病的药物是]]></desc><options><option><id>A</id><type>text</type><desc><![CDATA[氯磺丙脲]]></desc></option><option><id>B</id><type>text</type><desc><![CDATA[格列吡嗪]]></desc></option><option><id>C</id><type>text</type><desc><![CDATA[胰岛素]]></desc></option><option><id>D</id><type>text</type><desc><![CDATA[二甲双胍]]></desc></option><option><id>E</id><type>text</type><desc><![CDATA[瑞格列奈]]></desc></option></options><answers><![CDATA[C]]></answers></question></questions><questions><instructions><![CDATA[二、共用题干选择题]]></instructions><question><type>3</type><format>text</format><desc><![CDATA[1.病人，男性，20岁。诊断为1型糖尿病，在治疗过程中出现心悸、出汗、饥饿感、意识模糊。]]></desc><children><question><type>3</type><format>text</format><desc><![CDATA[（1）病人最可能发生的问题是]]></desc><options><option><id>A</id><type>text</type><desc><![CDATA[过敏反应]]></desc></option><option><id>B</id><type>text</type><desc><![CDATA[心律失常]]></desc></option><option><id>C</id><type>text</type><desc><![CDATA[自主神经功能紊乱]]></desc></option><option><id>D</id><type>text</type><desc><![CDATA[低血糖]]></desc></option><option><id>E</id><type>text</type><desc><![CDATA[周围神经炎]]></desc></option></options><answers><![CDATA[D]]></answers></question><question><type>3</type><format>text</format><desc><![CDATA[（2）引起该现象的常见原因是]]></desc><options><option><id>A</id><type>text</type><desc><![CDATA[注射胰岛素剂量过大]]></desc></option><option><id>B</id><type>text</type><desc><![CDATA[每日运动量适中]]></desc></option><option><id>C</id><type>text</type><desc><![CDATA[注射胰岛素与进餐时间密切配合]]></desc></option><option><id>D</id><type>text</type><desc><![CDATA[每餐按规定进食量进食]]></desc></option><option><id>E</id><type>text</type><desc><![CDATA[并发冠心病及脑血管病]]></desc></option></options><answers><![CDATA[A]]></answers></question><question><type>3</type><format>text</format><desc><![CDATA[（3）护士应立即采取的措施是]]></desc><options><option><id>A</id><type>text</type><desc><![CDATA[使用胰岛素]]></desc></option><option><id>B</id><type>text</type><desc><![CDATA[报告值班医生]]></desc></option><option><id>C</id><type>text</type><desc><![CDATA[做心电图检查]]></desc></option><option><id>D</id><type>text</type><desc><![CDATA[静脉注射50%葡萄糖]]></desc></option><option><id>E</id><type>text</type><desc><![CDATA[静脉滴注生理盐水并等待医嘱]]></desc></option></options><answers><![CDATA[D]]></answers></question></children></question></questions></exam>