﻿<?xml version="1.0" encoding="UTF-8"?><exam><id>20181102082107</id><questions><instructions><![CDATA[一、单项选择题]]></instructions><question><type>1</type><format>text</format><desc><![CDATA[1.药效学研究的主要内容是]]></desc><options><option><id>A</id><type>text</type><desc><![CDATA[药物的临床疗效]]></desc></option><option><id>B</id><type>text</type><desc><![CDATA[药物疗效的途径]]></desc></option><option><id>C</id><type>text</type><desc><![CDATA[药物质量改善的途径]]></desc></option><option><id>D</id><type>text</type><desc><![CDATA[机体对药物处理的方式]]></desc></option><option><id>E</id><type>text</type><desc><![CDATA[药物对机体的作用及作用机制]]></desc></option></options><answers><![CDATA[E]]></answers></question><question><type>1</type><format>text</format><desc><![CDATA[2.药动学研究的主要内容是]]></desc><options><option><id>A</id><type>text</type><desc><![CDATA[机体对药物的影响]]></desc></option><option><id>B</id><type>text</type><desc><![CDATA[药物对机体的作用及作用机制]]></desc></option><option><id>C</id><type>text</type><desc><![CDATA[药物发生动力学变化的原因]]></desc></option><option><id>D</id><type>text</type><desc><![CDATA[合理用药的治疗方案]]></desc></option><option><id>E</id><type>text</type><desc><![CDATA[药物发生作用的规律]]></desc></option></options><answers><![CDATA[A]]></answers></question><question><type>1</type><format>html</format><desc><![CDATA[3.对护士在药物治疗中角色和职责的叙述，<u><b>错误</b></u>的是]]></desc><options><option><id>A</id><type>text</type><desc><![CDATA[掌握正确的给药方法和技术]]></desc></option><option><id>B</id><type>text</type><desc><![CDATA[参与病区药品管理]]></desc></option><option><id>C</id><type>text</type><desc><![CDATA[遵守安全给药的原则]]></desc></option><option><id>D</id><type>text</type><desc><![CDATA[对不合理用药方案进行修改]]></desc></option><option><id>E</id><type>text</type><desc><![CDATA[指导病人正确用药]]></desc></option></options><answers><![CDATA[D]]></answers></question><question><type>1</type><format>html</format><desc><![CDATA[4.对安全给药的原则叙述，<u><b>错误</b></u>的是]]></desc><options><option><id>A</id><type>text</type><desc><![CDATA[根据医嘱给药]]></desc></option><option><id>B</id><type>text</type><desc><![CDATA[严格执行“三查”“七对”制度]]></desc></option><option><id>C</id><type>text</type><desc><![CDATA[根据病人要求及时用药]]></desc></option><option><id>D</id><type>text</type><desc><![CDATA[发现有疑问的医嘱，及时与医生沟通]]></desc></option><option><id>E</id><type>text</type><desc><![CDATA[加强用药后监护]]></desc></option></options><answers><![CDATA[C]]></answers></question><question><type>1</type><format>html</format><desc><![CDATA[5.特殊药品<u><b>不包括</b></u>]]></desc><options><option><id>A</id><type>text</type><desc><![CDATA[医疗用毒性药品]]></desc></option><option><id>B</id><type>text</type><desc><![CDATA[急救药品]]></desc></option><option><id>C</id><type>text</type><desc><![CDATA[放射性药品]]></desc></option><option><id>D</id><type>text</type><desc><![CDATA[精神药品]]></desc></option><option><id>E</id><type>text</type><desc><![CDATA[麻醉药品]]></desc></option></options><answers><![CDATA[B]]></answers></question></questions></exam>