﻿<?xml version="1.0" encoding="UTF-8"?><exam><id>20181102130434</id><questions><instructions><![CDATA[一、单项选择题]]></instructions><question><type>1</type><format>text</format><desc><![CDATA[1.下列药物每天给药一次的是]]></desc><options><option><id>A</id><type>text</type><desc><![CDATA[头孢曲松]]></desc></option><option><id>B</id><type>text</type><desc><![CDATA[氨苄青霉素]]></desc></option><option><id>C</id><type>text</type><desc><![CDATA[头孢唑啉]]></desc></option><option><id>D</id><type>text</type><desc><![CDATA[头孢他啶]]></desc></option><option><id>E</id><type>text</type><desc><![CDATA[头孢呋新]]></desc></option></options><answers><![CDATA[A]]></answers></question><question><type>1</type><format>text</format><desc><![CDATA[2.有关第三代头孢的特点，正确的是]]></desc><options><option><id>A</id><type>text</type><desc><![CDATA[对肾脏没有毒性作用]]></desc></option><option><id>B</id><type>text</type><desc><![CDATA[对各种β-内酰胺酶不稳定]]></desc></option><option><id>C</id><type>text</type><desc><![CDATA[对G<sup>-</sup>菌的作甩比一、二代强]]></desc></option><option><id>D</id><type>text</type><desc><![CDATA[对G<sup>+</sup>菌的作用比一、二代强]]></desc></option><option><id>E</id><type>text</type><desc><![CDATA[对铜绿假单胞菌的作用很弱]]></desc></option></options><answers><![CDATA[C]]></answers></question><question><type>1</type><format>text</format><desc><![CDATA[3.可首选治疗流行性脑脊髓膜炎的药物是]]></desc><options><option><id>A</id><type>text</type><desc><![CDATA[青霉素G]]></desc></option><option><id>B</id><type>text</type><desc><![CDATA[司氟沙星]]></desc></option><option><id>C</id><type>text</type><desc><![CDATA[氧氟沙星]]></desc></option><option><id>D</id><type>text</type><desc><![CDATA[氯霉素]]></desc></option><option><id>E</id><type>text</type><desc><![CDATA[红霉素]]></desc></option></options><answers><![CDATA[A]]></answers></question><question><type>1</type><format>text</format><desc><![CDATA[4.下列首选青霉素G治疗的是]]></desc><options><option><id>A</id><type>text</type><desc><![CDATA[大肠埃希菌引起的腹腔感染]]></desc></option><option><id>B</id><type>text</type><desc><![CDATA[溶血性链球菌引起的蜂窝组织炎]]></desc></option><option><id>C</id><type>text</type><desc><![CDATA[耐甲痒西林的金黄色葡萄球菌]]></desc></option><option><id>D</id><type>text</type><desc><![CDATA[表皮葡萄球菌引起的皮肤感染]]></desc></option><option><id>E</id><type>text</type><desc><![CDATA[烧伤继发的铜绿假单胞菌感染]]></desc></option></options><answers><![CDATA[B]]></answers></question><question><type>1</type><format>text</format><desc><![CDATA[5.下列半合成青霉素中对铜绿假单胞菌有效的是]]></desc><options><option><id>A</id><type>text</type><desc><![CDATA[甲氧西林]]></desc></option><option><id>B</id><type>text</type><desc><![CDATA[苯唑西林]]></desc></option><option><id>C</id><type>text</type><desc><![CDATA[阿莫西林]]></desc></option><option><id>D</id><type>text</type><desc><![CDATA[哌拉西林]]></desc></option><option><id>E</id><type>text</type><desc><![CDATA[氯唑西林]]></desc></option></options><answers><![CDATA[D]]></answers></question><question><type>1</type><format>text</format><desc><![CDATA[6.青霉素最严重的不良反应]]></desc><options><option><id>A</id><type>text</type><desc><![CDATA[局部疼痛]]></desc></option><option><id>B</id><type>text</type><desc><![CDATA[局部硬结]]></desc></option><option><id>C</id><type>text</type><desc><![CDATA[上臂局部皮疹]]></desc></option><option><id>D</id><type>text</type><desc><![CDATA[头痛]]></desc></option><option><id>E</id><type>text</type><desc><![CDATA[过敏性休克]]></desc></option></options><answers><![CDATA[E]]></answers></question><question><type>1</type><format>text</format><desc><![CDATA[7.关于头孢菌素的描述中正确的是]]></desc><options><option><id>A</id><type>text</type><desc><![CDATA[与青霉素类无交叉过敏反应]]></desc></option><option><id>B</id><type>text</type><desc><![CDATA[均具有抗铜绿假单胞菌的作用]]></desc></option><option><id>C</id><type>text</type><desc><![CDATA[抗革兰阳性菌和革兰阴性菌的作用第一代到第四代依次增强]]></desc></option><option><id>D</id><type>text</type><desc><![CDATA[一代到四代的穿透力均较强]]></desc></option><option><id>E</id><type>text</type><desc><![CDATA[肾毒性第一代到第四代依次减轻]]></desc></option></options><answers><![CDATA[E]]></answers></question><question><type>1</type><format>text</format><desc><![CDATA[8.作为β-内酰胺酶抑制剂，可与β-内酰胺类抗生素构成复方增强疗效的是]]></desc><options><option><id>A</id><type>text</type><desc><![CDATA[氨曲南]]></desc></option><option><id>B</id><type>text</type><desc><![CDATA[克拉维酸]]></desc></option><option><id>C</id><type>text</type><desc><![CDATA[优立新]]></desc></option><option><id>D</id><type>text</type><desc><![CDATA[亚胺培南]]></desc></option><option><id>E</id><type>text</type><desc><![CDATA[西司他丁]]></desc></option></options><answers><![CDATA[B]]></answers></question><question><type>1</type><format>text</format><desc><![CDATA[9.关于美罗培南特点的描述正确的是]]></desc><options><option><id>A</id><type>text</type><desc><![CDATA[抗菌谱窄]]></desc></option><option><id>B</id><type>text</type><desc><![CDATA[耐酶性弱]]></desc></option><option><id>C</id><type>text</type><desc><![CDATA[体内容易被脱氢肽酶水解失活]]></desc></option><option><id>D</id><type>text</type><desc><![CDATA[口服无效]]></desc></option><option><id>E</id><type>text</type><desc><![CDATA[无肾损害]]></desc></option></options><answers><![CDATA[D]]></answers></question><question><type>1</type><format>text</format><desc><![CDATA[10.关于β-内酰胺类抗生素引起过敏性休克时首选的药物是]]></desc><options><option><id>A</id><type>text</type><desc><![CDATA[苯海拉明]]></desc></option><option><id>B</id><type>text</type><desc><![CDATA[肾上腺素]]></desc></option><option><id>C</id><type>text</type><desc><![CDATA[地塞米松]]></desc></option><option><id>D</id><type>text</type><desc><![CDATA[多巴胺]]></desc></option><option><id>E</id><type>text</type><desc><![CDATA[异丙嗪]]></desc></option></options><answers><![CDATA[B]]></answers></question></questions></exam>