﻿<?xml version="1.0" encoding="UTF-8"?><exam><id>20181102084046</id><questions><instructions><![CDATA[一、单项选择题]]></instructions><question><type>1</type><format>text</format><desc><![CDATA[1.阿托品对眼睛的作用是]]></desc><options><option><id>A</id><type>text</type><desc><![CDATA[扩大瞳孔，升高眼内压，视远物模糊]]></desc></option><option><id>B</id><type>text</type><desc><![CDATA[扩大瞳孔，升高眼内压，视近物模糊]]></desc></option><option><id>C</id><type>text</type><desc><![CDATA[扩大瞳孔，降低眼内压，视近物模糊]]></desc></option><option><id>D</id><type>text</type><desc><![CDATA[扩大瞳孔，降低眼内压，视远物模糊]]></desc></option><option><id>E</id><type>text</type><desc><![CDATA[缩小瞳孔，升高眼内压，视近物模糊]]></desc></option></options><answers><![CDATA[B]]></answers></question><question><type>1</type><format>text</format><desc><![CDATA[2.用于房室传导阻滞的药物是]]></desc><options><option><id>A</id><type>text</type><desc><![CDATA[琥珀胆碱]]></desc></option><option><id>B</id><type>text</type><desc><![CDATA[毒扁豆碱]]></desc></option><option><id>C</id><type>text</type><desc><![CDATA[毛果芸香碱]]></desc></option><option><id>D</id><type>text</type><desc><![CDATA[阿托品]]></desc></option><option><id>E</id><type>text</type><desc><![CDATA[泮库溴铵]]></desc></option></options><answers><![CDATA[D]]></answers></question><question><type>1</type><format>text</format><desc><![CDATA[3.阿托品禁用于]]></desc><options><option><id>A</id><type>text</type><desc><![CDATA[支气管哮喘]]></desc></option><option><id>B</id><type>text</type><desc><![CDATA[肠痉挛]]></desc></option><option><id>C</id><type>text</type><desc><![CDATA[虹膜睫状体炎]]></desc></option><option><id>D</id><type>text</type><desc><![CDATA[中毒性休克]]></desc></option><option><id>E</id><type>text</type><desc><![CDATA[青光眼]]></desc></option></options><answers><![CDATA[E]]></answers></question><question><type>1</type><format>text</format><desc><![CDATA[4.阿托品对下列哪些症状无缓解作用]]></desc><options><option><id>A</id><type>text</type><desc><![CDATA[内脏绞痛]]></desc></option><option><id>B</id><type>text</type><desc><![CDATA[流涎出汗]]></desc></option><option><id>C</id><type>text</type><desc><![CDATA[骨骼肌震颤]]></desc></option><option><id>D</id><type>text</type><desc><![CDATA[心动过缓]]></desc></option><option><id>E</id><type>text</type><desc><![CDATA[大小便失禁]]></desc></option></options><answers><![CDATA[C]]></answers></question><question><type>1</type><format>html</format><desc><![CDATA[5.关于阿托品的叙述，<u><b>错误</b></u>的是]]></desc><options><option><id>A</id><type>text</type><desc><![CDATA[可用于麻醉前给药]]></desc></option><option><id>B</id><type>text</type><desc><![CDATA[常用于感染性休克]]></desc></option><option><id>C</id><type>text</type><desc><![CDATA[可用于治疗缓慢型心律失常]]></desc></option><option><id>D</id><type>text</type><desc><![CDATA[常用于缓解支气管哮喘]]></desc></option><option><id>E</id><type>text</type><desc><![CDATA[治疗胆绞痛常与哌替啶合用]]></desc></option></options><answers><![CDATA[D]]></answers></question><question><type>1</type><format>text</format><desc><![CDATA[6.大剂量阿托品治疗感染性休克，其理论依据是]]></desc><options><option><id>A</id><type>text</type><desc><![CDATA[收缩血管，升高血压]]></desc></option><option><id>B</id><type>text</type><desc><![CDATA[扩张小血管，改善微循环]]></desc></option><option><id>C</id><type>text</type><desc><![CDATA[扩张支气管，解除呼吸困难]]></desc></option><option><id>D</id><type>text</type><desc><![CDATA[兴奋心脏，增加心排出量]]></desc></option><option><id>E</id><type>text</type><desc><![CDATA[兴奋大脑皮层，使病人苏醒]]></desc></option></options><answers><![CDATA[B]]></answers></question><question><type>1</type><format>text</format><desc><![CDATA[7.阿托品用于麻醉前给药，其目的是]]></desc><options><option><id>A</id><type>text</type><desc><![CDATA[增强麻醉效果]]></desc></option><option><id>B</id><type>text</type><desc><![CDATA[兴奋呼吸中枢]]></desc></option><option><id>C</id><type>text</type><desc><![CDATA[预防麻醉引起的低血压]]></desc></option><option><id>D</id><type>text</type><desc><![CDATA[使骨骼肌完全松弛]]></desc></option><option><id>E</id><type>text</type><desc><![CDATA[减少呼吸道腺体分泌]]></desc></option></options><answers><![CDATA[E]]></answers></question><question><type>1</type><format>text</format><desc><![CDATA[8.与阿托品阻断M受体作用无关的效应是]]></desc><options><option><id>A</id><type>text</type><desc><![CDATA[扩大瞳孔，调节麻痹]]></desc></option><option><id>B</id><type>text</type><desc><![CDATA[抑制腺体分泌]]></desc></option><option><id>C</id><type>text</type><desc><![CDATA[扩张血管，改善微循环]]></desc></option><option><id>D</id><type>text</type><desc><![CDATA[松弛内脏平滑肌]]></desc></option><option><id>E</id><type>text</type><desc><![CDATA[兴奋心脏，加快心率]]></desc></option></options><answers><![CDATA[C]]></answers></question><question><type>1</type><format>text</format><desc><![CDATA[9.具有较强的中枢抗胆碱作用，可用于抗帕金森病的药物是]]></desc><options><option><id>A</id><type>text</type><desc><![CDATA[阿托品]]></desc></option><option><id>B</id><type>text</type><desc><![CDATA[山莨菪碱]]></desc></option><option><id>C</id><type>text</type><desc><![CDATA[东莨菪碱]]></desc></option><option><id>D</id><type>text</type><desc><![CDATA[溴丙胺太林]]></desc></option><option><id>E</id><type>text</type><desc><![CDATA[哌仑西平]]></desc></option></options><answers><![CDATA[C]]></answers></question><question><type>1</type><format>text</format><desc><![CDATA[10.阿托品的不良反应不包括]]></desc><options><option><id>A</id><type>text</type><desc><![CDATA[口干]]></desc></option><option><id>B</id><type>text</type><desc><![CDATA[排尿困难]]></desc></option><option><id>C</id><type>text</type><desc><![CDATA[心悸]]></desc></option><option><id>D</id><type>text</type><desc><![CDATA[畏光]]></desc></option><option><id>E</id><type>text</type><desc><![CDATA[视远物模糊]]></desc></option></options><answers><![CDATA[E]]></answers></question><question><type>1</type><format>text</format><desc><![CDATA[11.具有防晕止吐作用的药物是]]></desc><options><option><id>A</id><type>text</type><desc><![CDATA[阿托品]]></desc></option><option><id>B</id><type>text</type><desc><![CDATA[新斯的明]]></desc></option><option><id>C</id><type>text</type><desc><![CDATA[东莨菪碱]]></desc></option><option><id>D</id><type>text</type><desc><![CDATA[山莨菪碱]]></desc></option><option><id>E</id><type>text</type><desc><![CDATA[毒扁豆碱]]></desc></option></options><answers><![CDATA[C]]></answers></question><question><type>1</type><format>text</format><desc><![CDATA[12.阿托品对下列平滑肌解痉效果最好的是]]></desc><options><option><id>A</id><type>text</type><desc><![CDATA[支气管平滑肌]]></desc></option><option><id>B</id><type>text</type><desc><![CDATA[胃肠道平滑肌]]></desc></option><option><id>C</id><type>text</type><desc><![CDATA[胆道平滑肌]]></desc></option><option><id>D</id><type>text</type><desc><![CDATA[输尿管平滑肌]]></desc></option><option><id>E</id><type>text</type><desc><![CDATA[子宫平滑肌]]></desc></option></options><answers><![CDATA[B]]></answers></question><question><type>1</type><format>text</format><desc><![CDATA[13.对胃肠道平滑肌解痉挛作用强而持久的阿托品合成代用品是]]></desc><options><option><id>A</id><type>text</type><desc><![CDATA[托吡卡胺]]></desc></option><option><id>B</id><type>text</type><desc><![CDATA[东莨菪碱]]></desc></option><option><id>C</id><type>text</type><desc><![CDATA[琥珀胆碱]]></desc></option><option><id>D</id><type>text</type><desc><![CDATA[溴丙胺太林]]></desc></option><option><id>E</id><type>text</type><desc><![CDATA[哌仑西平]]></desc></option></options><answers><![CDATA[D]]></answers></question><question><type>1</type><format>html</format><desc><![CDATA[14.关于东莨菪碱的叙述，<u><b>错误</b></u>的是]]></desc><options><option><id>A</id><type>text</type><desc><![CDATA[中枢兴奋作用较强]]></desc></option><option><id>B</id><type>text</type><desc><![CDATA[可用于麻醉前给药]]></desc></option><option><id>C</id><type>text</type><desc><![CDATA[可用于晕动病和帕金森病]]></desc></option><option><id>D</id><type>text</type><desc><![CDATA[抑制唾液分泌作用强]]></desc></option><option><id>E</id><type>text</type><desc><![CDATA[青光眼病人禁用]]></desc></option></options><answers><![CDATA[A]]></answers></question><question><type>1</type><format>text</format><desc><![CDATA[15.具有扩瞳作用的药物是]]></desc><options><option><id>A</id><type>text</type><desc><![CDATA[托吡卡胺]]></desc></option><option><id>B</id><type>text</type><desc><![CDATA[溴丙胺太林]]></desc></option><option><id>C</id><type>text</type><desc><![CDATA[山莨菪碱]]></desc></option><option><id>D</id><type>text</type><desc><![CDATA[东莨菪碱]]></desc></option><option><id>E</id><type>text</type><desc><![CDATA[哌仑西平]]></desc></option></options><answers><![CDATA[A]]></answers></question><question><type>1</type><format>text</format><desc><![CDATA[16.关于山莨菪碱的叙述，正确的是]]></desc><options><option><id>A</id><type>text</type><desc><![CDATA[对眼和腺体的作用强]]></desc></option><option><id>B</id><type>text</type><desc><![CDATA[易透过血脑屏障]]></desc></option><option><id>C</id><type>text</type><desc><![CDATA[可用于感染性休克]]></desc></option><option><id>D</id><type>text</type><desc><![CDATA[常用于麻醉前给药]]></desc></option><option><id>E</id><type>text</type><desc><![CDATA[可用于抗帕金森病]]></desc></option></options><answers><![CDATA[C]]></answers></question><question><type>1</type><format>text</format><desc><![CDATA[17.病人，男性，3岁。因误服敌敌畏迅速送医院抢救，洗胃后给予阿托品、碘解磷定治疗。目前病人者出现皮肤潮红，瞳孔扩大，心率加快，应采取的措施是]]></desc><options><option><id>A</id><type>text</type><desc><![CDATA[加大阿托品用量]]></desc></option><option><id>B</id><type>text</type><desc><![CDATA[加大碘解磷定用量]]></desc></option><option><id>C</id><type>text</type><desc><![CDATA[立即停用阿托品]]></desc></option><option><id>D</id><type>text</type><desc><![CDATA[肌注毛果芸香碱]]></desc></option><option><id>E</id><type>text</type><desc><![CDATA[阿托品逐渐减量至停药]]></desc></option></options><answers><![CDATA[E]]></answers></question><question><type>1</type><format>text</format><desc><![CDATA[18.病人，男性，55岁。1小时前因右侧腰背部剧烈疼痛，难以忍受，出冷汗，服颠茄片不见好转，急来院门诊。尿常规检查：可见红细胞。B型超声波检查：肾结石。该病人应选用的药物是]]></desc><options><option><id>A</id><type>text</type><desc><![CDATA[阿托品]]></desc></option><option><id>B</id><type>text</type><desc><![CDATA[哌替啶]]></desc></option><option><id>C</id><type>text</type><desc><![CDATA[阿托品并用哌替啶]]></desc></option><option><id>D</id><type>text</type><desc><![CDATA[吗啡]]></desc></option><option><id>E</id><type>text</type><desc><![CDATA[阿托品并用吗啡]]></desc></option></options><answers><![CDATA[C]]></answers></question><question><type>1</type><format>text</format><desc><![CDATA[19.病人，男性，3岁。烦躁多动约5小时，急诊入院。入院前6小时，曾与邻居小孩同在外面玩耍采摘野果吃。1小时后出现手脚乱动，走路不稳，多言且含糊不清，躁动不安，全身皮肤潮红，干燥，尤面颊部最为明显，瞳孔散大，对光反射消失，心率140次/分，体温升高。诊断：曼陀罗中毒。病人应选用的解救药物是]]></desc><options><option><id>A</id><type>text</type><desc><![CDATA[毛果芸香碱]]></desc></option><option><id>B</id><type>text</type><desc><![CDATA[阿托品]]></desc></option><option><id>C</id><type>text</type><desc><![CDATA[氯解磷定]]></desc></option><option><id>D</id><type>text</type><desc><![CDATA[吗啡]]></desc></option><option><id>E</id><type>text</type><desc><![CDATA[哌替啶]]></desc></option></options><answers><![CDATA[A]]></answers></question><question><type>1</type><format>text</format><desc><![CDATA[20.病人，男性，35岁。因手术需要进行蛛网膜下腔阻滞麻醉，麻醉过程中出现心率过缓，应选择的治疗药物是]]></desc><options><option><id>A</id><type>text</type><desc><![CDATA[阿托品]]></desc></option><option><id>B</id><type>text</type><desc><![CDATA[毛果芸香碱]]></desc></option><option><id>C</id><type>text</type><desc><![CDATA[新斯的明]]></desc></option><option><id>D</id><type>text</type><desc><![CDATA[异丙肾上腺素]]></desc></option><option><id>E</id><type>text</type><desc><![CDATA[肾上腺素]]></desc></option></options><answers><![CDATA[A]]></answers></question><question><type>1</type><format>text</format><desc><![CDATA[21.病人，男想性，35岁。因房室传导阻滞入院，应选用的治疗药物是]]></desc><options><option><id>A</id><type>text</type><desc><![CDATA[琥珀胆碱]]></desc></option><option><id>B</id><type>text</type><desc><![CDATA[吡斯的明]]></desc></option><option><id>C</id><type>text</type><desc><![CDATA[溴丙胺太林]]></desc></option><option><id>D</id><type>text</type><desc><![CDATA[阿托品]]></desc></option><option><id>E</id><type>text</type><desc><![CDATA[泮库溴铵]]></desc></option></options><answers><![CDATA[D]]></answers></question><question><type>1</type><format>text</format><desc><![CDATA[22.病人，女性，51岁。严重腹泻伴高热、昏睡入院，诊断为感染性休克，应选用的治疗药物是]]></desc><options><option><id>A</id><type>text</type><desc><![CDATA[山莨菪碱]]></desc></option><option><id>B</id><type>text</type><desc><![CDATA[溴丙胺太林]]></desc></option><option><id>C</id><type>text</type><desc><![CDATA[哌仑西平]]></desc></option><option><id>D</id><type>text</type><desc><![CDATA[新斯的明]]></desc></option><option><id>E</id><type>text</type><desc><![CDATA[泮库溴铵]]></desc></option></options><answers><![CDATA[A]]></answers></question><question><type>1</type><format>text</format><desc><![CDATA[23.病人，女性，44岁。因腹痛入院，诊断为急性胆绞痛。应选用的治疗药物是]]></desc><options><option><id>A</id><type>text</type><desc><![CDATA[阿托品]]></desc></option><option><id>B</id><type>text</type><desc><![CDATA[阿托品+筒箭毒碱]]></desc></option><option><id>C</id><type>text</type><desc><![CDATA[阿托品+泮库溴铵]]></desc></option><option><id>D</id><type>text</type><desc><![CDATA[阿托品+哌替啶]]></desc></option><option><id>E</id><type>text</type><desc><![CDATA[阿托品+溴丙胺太林]]></desc></option></options><answers><![CDATA[D]]></answers></question></questions></exam>