﻿<?xml version="1.0" encoding="UTF-8"?><exam><id>20181102124723</id><questions><instructions><![CDATA[一、单项选择题]]></instructions><question><type>1</type><format>text</format><desc><![CDATA[1.具有成瘾性的镇咳药是]]></desc><options><option><id>A</id><type>text</type><desc><![CDATA[可待因]]></desc></option><option><id>B</id><type>text</type><desc><![CDATA[右美沙芬]]></desc></option><option><id>C</id><type>text</type><desc><![CDATA[喷托维林]]></desc></option><option><id>D</id><type>text</type><desc><![CDATA[苯丙哌林]]></desc></option><option><id>E</id><type>text</type><desc><![CDATA[苯佐那酯]]></desc></option></options><answers><![CDATA[A]]></answers></question><question><type>1</type><format>text</format><desc><![CDATA[2.治疗急性哮喘发作宜选用]]></desc><options><option><id>A</id><type>text</type><desc><![CDATA[茶碱类]]></desc></option><option><id>B</id><type>text</type><desc><![CDATA[肾上腺素受体激动药]]></desc></option><option><id>C</id><type>text</type><desc><![CDATA[倍氯米松]]></desc></option><option><id>D</id><type>text</type><desc><![CDATA[色苷酸钠]]></desc></option><option><id>E</id><type>text</type><desc><![CDATA[异丙托溴铵]]></desc></option></options><answers><![CDATA[B]]></answers></question><question><type>1</type><format>text</format><desc><![CDATA[3.某病人哮喘发作，用异丙肾上腺素治疗，护士监测其不良反应时最常出现的是]]></desc><options><option><id>A</id><type>text</type><desc><![CDATA[心动过缓]]></desc></option><option><id>B</id><type>text</type><desc><![CDATA[心动过速]]></desc></option><option><id>C</id><type>text</type><desc><![CDATA[嗜睡]]></desc></option><option><id>D</id><type>text</type><desc><![CDATA[血压升高]]></desc></option><option><id>E</id><type>text</type><desc><![CDATA[直立性低血压]]></desc></option></options><answers><![CDATA[B]]></answers></question><question><type>1</type><format>html</format><desc><![CDATA[4.关于氨茶碱的应用描述<u><b>不正确</b></u>的是]]></desc><options><option><id>A</id><type>text</type><desc><![CDATA[为支气管扩张剂]]></desc></option><option><id>B</id><type>text</type><desc><![CDATA[常用的给药途径为肌内注射]]></desc></option><option><id>C</id><type>text</type><desc><![CDATA[静脉注射时应稀释后慢推]]></desc></option><option><id>D</id><type>text</type><desc><![CDATA[速度过快可引起头晕、心律失常]]></desc></option><option><id>E</id><type>text</type><desc><![CDATA[浓度过高可导致血压下降、心搏骤停]]></desc></option></options><answers><![CDATA[B]]></answers></question></questions><questions><instructions><![CDATA[二、共用题干选择题]]></instructions><question><type>3</type><format>text</format><desc><![CDATA[1.病人，女性，28岁。因外出春游去植物园，出现咳嗽、咳痰并伴喘息1天入院。体检：体温36.5℃，脉搏90次/分，呼吸28次/分，血压110/80mmHg，喘息貌，口唇发绀，肺部可闻及广泛的哮鸣音。]]></desc><children><question><type>3</type><format>text</format><desc><![CDATA[（1）该病人最可能的诊断是]]></desc><options><option><id>A</id><type>text</type><desc><![CDATA[肺炎]]></desc></option><option><id>B</id><type>text</type><desc><![CDATA[支气管扩张]]></desc></option><option><id>C</id><type>text</type><desc><![CDATA[支气管哮喘]]></desc></option><option><id>D</id><type>text</type><desc><![CDATA[肺心病]]></desc></option><option><id>E</id><type>text</type><desc><![CDATA[心功能不全]]></desc></option></options><answers><![CDATA[C]]></answers></question><question><type>3</type><format>text</format><desc><![CDATA[（2）该病人发病最可能的诱因是]]></desc><options><option><id>A</id><type>text</type><desc><![CDATA[花粉]]></desc></option><option><id>B</id><type>text</type><desc><![CDATA[尘螨]]></desc></option><option><id>C</id><type>text</type><desc><![CDATA[动物毛屑]]></desc></option><option><id>D</id><type>text</type><desc><![CDATA[病毒感染]]></desc></option><option><id>E</id><type>text</type><desc><![CDATA[精神因素]]></desc></option></options><answers><![CDATA[A]]></answers></question><question><type>3</type><format>text</format><desc><![CDATA[（3）下面哪种是控制症状的首选药]]></desc><options><option><id>A</id><type>text</type><desc><![CDATA[氨茶碱]]></desc></option><option><id>B</id><type>text</type><desc><![CDATA[β<sub>2</sub>受体激动药]]></desc></option><option><id>C</id><type>text</type><desc><![CDATA[色甘酸钠]]></desc></option><option><id>D</id><type>text</type><desc><![CDATA[倍氯米松]]></desc></option><option><id>E</id><type>text</type><desc><![CDATA[异丙托溴铵]]></desc></option></options><answers><![CDATA[B]]></answers></question><question><type>3</type><format>html</format><desc><![CDATA[（4）下列对病人采取的护理措施<u><b>错误</b></u>的是]]></desc><options><option><id>A</id><type>text</type><desc><![CDATA[每日饮水量应在2000ml以上]]></desc></option><option><id>B</id><type>text</type><desc><![CDATA[在病室内摆放鲜花]]></desc></option><option><id>C</id><type>text</type><desc><![CDATA[遵医嘱给予祛痰药物]]></desc></option><option><id>D</id><type>text</type><desc><![CDATA[遵医嘱给予糖皮质激素]]></desc></option><option><id>E</id><type>text</type><desc><![CDATA[避免食用鱼、虾等食物]]></desc></option></options><answers><![CDATA[B]]></answers></question></children></question></questions></exam>