﻿<?xml version="1.0" encoding="UTF-8"?><exam><id>20181102124402</id><questions><instructions><![CDATA[一、单项选择题]]></instructions><question><type>1</type><format>text</format><desc><![CDATA[1.治疗慢性失血所致贫血宜选用]]></desc><options><option><id>A</id><type>text</type><desc><![CDATA[叶酸]]></desc></option><option><id>B</id><type>text</type><desc><![CDATA[维生素]]></desc></option><option><id>C</id><type>text</type><desc><![CDATA[肝素]]></desc></option><option><id>D</id><type>text</type><desc><![CDATA[枸橼酸钠]]></desc></option><option><id>E</id><type>text</type><desc><![CDATA[硫酸亚铁]]></desc></option></options><answers><![CDATA[E]]></answers></question><question><type>1</type><format>text</format><desc><![CDATA[2.同服会阻碍铁剂吸收的物质是]]></desc><options><option><id>A</id><type>text</type><desc><![CDATA[维生素C]]></desc></option><option><id>B</id><type>text</type><desc><![CDATA[稀盐酸]]></desc></option><option><id>C</id><type>text</type><desc><![CDATA[碳酸氢钠]]></desc></option><option><id>D</id><type>text</type><desc><![CDATA[果糖]]></desc></option><option><id>E</id><type>text</type><desc><![CDATA[半胱氨酸]]></desc></option></options><answers><![CDATA[C]]></answers></question><question><type>1</type><format>text</format><desc><![CDATA[3.口服铁剂最常见的不良反应是]]></desc><options><option><id>A</id><type>text</type><desc><![CDATA[胃肠道反应]]></desc></option><option><id>B</id><type>text</type><desc><![CDATA[胃酸分泌过多]]></desc></option><option><id>C</id><type>text</type><desc><![CDATA[心力衰竭]]></desc></option><option><id>D</id><type>text</type><desc><![CDATA[肾衰]]></desc></option><option><id>E</id><type>text</type><desc><![CDATA[昏迷]]></desc></option></options><answers><![CDATA[A]]></answers></question><question><type>1</type><format>text</format><desc><![CDATA[4.铁剂急性中毒的特殊解毒剂是]]></desc><options><option><id>A</id><type>text</type><desc><![CDATA[四环素]]></desc></option><option><id>B</id><type>text</type><desc><![CDATA[磷酸钙]]></desc></option><option><id>C</id><type>text</type><desc><![CDATA[去铁胺]]></desc></option><option><id>D</id><type>text</type><desc><![CDATA[转铁蛋白]]></desc></option><option><id>E</id><type>text</type><desc><![CDATA[碳酸氢钠]]></desc></option></options><answers><![CDATA[C]]></answers></question><question><type>1</type><format>text</format><desc><![CDATA[5.治疗恶性贫血病人神经症状的药物是]]></desc><options><option><id>A</id><type>text</type><desc><![CDATA[口服维生素<sub></sub>]]></desc></option><option><id>B</id><type>text</type><desc><![CDATA[口服硫酸亚铁]]></desc></option><option><id>C</id><type>text</type><desc><![CDATA[注射维生素B<sub>12</sub>]]></desc></option><option><id>D</id><type>text</type><desc><![CDATA[注射红细胞生成素]]></desc></option><option><id>E</id><type>text</type><desc><![CDATA[口服叶酸]]></desc></option></options><answers><![CDATA[C]]></answers></question><question><type>1</type><format>text</format><desc><![CDATA[6.适用于治疗甲氧苄啶引起的巨幼红细胞性贫血的药物是]]></desc><options><option><id>A</id><type>text</type><desc><![CDATA[叶酸]]></desc></option><option><id>B</id><type>text</type><desc><![CDATA[硫酸亚铁]]></desc></option><option><id>C</id><type>text</type><desc><![CDATA[枸橼酸铁胺]]></desc></option><option><id>D</id><type>text</type><desc><![CDATA[甲酰四氢叶酸]]></desc></option><option><id>E</id><type>text</type><desc><![CDATA[维生素B<sub>12</sub>]]></desc></option></options><answers><![CDATA[D]]></answers></question><question><type>1</type><format>html</format><desc><![CDATA[7.对下列疾病所致出血，使用维生素K治疗<u><b>无效</b></u>的是]]></desc><options><option><id>A</id><type>text</type><desc><![CDATA[阻塞性黄疸]]></desc></option><option><id>B</id><type>text</type><desc><![CDATA[华法林过量]]></desc></option><option><id>C</id><type>text</type><desc><![CDATA[肺疾患所致咯血]]></desc></option><option><id>D</id><type>text</type><desc><![CDATA[长期大量应用四环素]]></desc></option><option><id>E</id><type>text</type><desc><![CDATA[新生儿出血]]></desc></option></options><answers><![CDATA[C]]></answers></question><question><type>1</type><format>text</format><desc><![CDATA[8.维生素K的止血机制是]]></desc><options><option><id>A</id><type>text</type><desc><![CDATA[抑制纤溶酶原的激活]]></desc></option><option><id>B</id><type>text</type><desc><![CDATA[促进血管收缩]]></desc></option><option><id>C</id><type>text</type><desc><![CDATA[抑制抗凝血酶]]></desc></option><option><id>D</id><type>text</type><desc><![CDATA[拮抗抗凝血酶Ⅲ的作用]]></desc></option><option><id>E</id><type>text</type><desc><![CDATA[参与Ⅱ、Ⅶ、Ⅸ、Ⅹ因子合成]]></desc></option></options><answers><![CDATA[E]]></answers></question><question><type>1</type><format>text</format><desc><![CDATA[9.纤溶系统亢进引起的出血宜选用]]></desc><options><option><id>A</id><type>text</type><desc><![CDATA[维生素K]]></desc></option><option><id>B</id><type>text</type><desc><![CDATA[鱼精蛋白]]></desc></option><option><id>C</id><type>text</type><desc><![CDATA[右旋糖苷]]></desc></option><option><id>D</id><type>text</type><desc><![CDATA[氨甲苯酸]]></desc></option><option><id>E</id><type>text</type><desc><![CDATA[华法林]]></desc></option></options><answers><![CDATA[D]]></answers></question><question><type>1</type><format>text</format><desc><![CDATA[10.肝素的抗凝血作用]]></desc><options><option><id>A</id><type>text</type><desc><![CDATA[仅在体内有效]]></desc></option><option><id>B</id><type>text</type><desc><![CDATA[仅在体外有效]]></desc></option><option><id>C</id><type>text</type><desc><![CDATA[体内、外都有效]]></desc></option><option><id>D</id><type>text</type><desc><![CDATA[仅口服有效]]></desc></option><option><id>E</id><type>text</type><desc><![CDATA[起效缓慢]]></desc></option></options><answers><![CDATA[C]]></answers></question><question><type>1</type><format>text</format><desc><![CDATA[11.肝素及华法林均可用于]]></desc><options><option><id>A</id><type>text</type><desc><![CDATA[弥散性血管内凝血]]></desc></option><option><id>B</id><type>text</type><desc><![CDATA[防治血栓栓塞性疾病]]></desc></option><option><id>C</id><type>text</type><desc><![CDATA[体外循环]]></desc></option><option><id>D</id><type>text</type><desc><![CDATA[溶解血栓]]></desc></option><option><id>E</id><type>text</type><desc><![CDATA[出血性疾病]]></desc></option></options><answers><![CDATA[B]]></answers></question><question><type>1</type><format>text</format><desc><![CDATA[12.肝素抗凝作用的主要机制是]]></desc><options><option><id>A</id><type>text</type><desc><![CDATA[与钙离子形成络合物]]></desc></option><option><id>B</id><type>text</type><desc><![CDATA[促进抗凝血酶Ⅲ的活性]]></desc></option><option><id>C</id><type>text</type><desc><![CDATA[激活纤溶系统]]></desc></option><option><id>D</id><type>text</type><desc><![CDATA[对抗维生素K的作用]]></desc></option><option><id>E</id><type>text</type><desc><![CDATA[收缩血管]]></desc></option></options><answers><![CDATA[B]]></answers></question><question><type>1</type><format>text</format><desc><![CDATA[13.尿激酶治疗血栓栓塞性疾病的根据是]]></desc><options><option><id>A</id><type>text</type><desc><![CDATA[抑制凝血酶原激活物]]></desc></option><option><id>B</id><type>text</type><desc><![CDATA[竞争性拮抗维生素K的作用]]></desc></option><option><id>C</id><type>text</type><desc><![CDATA[激活抗凝血酶灭活多种凝血因子]]></desc></option><option><id>D</id><type>text</type><desc><![CDATA[激活纤溶酶原使之形成纤溶酶]]></desc></option><option><id>E</id><type>text</type><desc><![CDATA[扩张毛细血管]]></desc></option></options><answers><![CDATA[D]]></answers></question><question><type>1</type><format>html</format><desc><![CDATA[14.关于香豆素类抗凝药的特点，下列描述<u><b>错误</b></u>的是]]></desc><options><option><id>A</id><type>text</type><desc><![CDATA[口服有效]]></desc></option><option><id>B</id><type>text</type><desc><![CDATA[起效缓慢，但作用持久]]></desc></option><option><id>C</id><type>text</type><desc><![CDATA[体内外均有抗凝作用]]></desc></option><option><id>D</id><type>text</type><desc><![CDATA[对已合成的凝血因子无对抗作用]]></desc></option><option><id>E</id><type>text</type><desc><![CDATA[抑制凝血因子的合成]]></desc></option></options><answers><![CDATA[D]]></answers></question><question><type>1</type><format>text</format><desc><![CDATA[15.对前列腺、肝、胰手术的各种出血，最适宜的止血药物是：]]></desc><options><option><id>A</id><type>text</type><desc><![CDATA[维生素K]]></desc></option><option><id>B</id><type>text</type><desc><![CDATA[鱼精蛋白]]></desc></option><option><id>C</id><type>text</type><desc><![CDATA[右旋糖酐]]></desc></option><option><id>D</id><type>text</type><desc><![CDATA[氨甲苯酸]]></desc></option><option><id>E</id><type>text</type><desc><![CDATA[链激酶]]></desc></option></options><answers><![CDATA[D]]></answers></question><question><type>1</type><format>text</format><desc><![CDATA[16.枸橼酸钠可用于]]></desc><options><option><id>A</id><type>text</type><desc><![CDATA[血栓栓塞性疾病的治疗]]></desc></option><option><id>B</id><type>text</type><desc><![CDATA[预防血栓栓塞形成]]></desc></option><option><id>C</id><type>text</type><desc><![CDATA[输血时防止血液在体外凝固]]></desc></option><option><id>D</id><type>text</type><desc><![CDATA[应用于弥漫性血管内凝血早期]]></desc></option><option><id>E</id><type>text</type><desc><![CDATA[肺、胃出血，也可用于外伤出血]]></desc></option></options><answers><![CDATA[C]]></answers></question><question><type>1</type><format>text</format><desc><![CDATA[17.病人，女性，17岁，患缺铁性贫血。指导病人口服硫酸亚铁正确的方法是]]></desc><options><option><id>A</id><type>text</type><desc><![CDATA[饭后服药]]></desc></option><option><id>B</id><type>text</type><desc><![CDATA[餐中或饭后服用]]></desc></option><option><id>C</id><type>text</type><desc><![CDATA[每8小时1次]]></desc></option><option><id>D</id><type>text</type><desc><![CDATA[早晨、中午和睡前各1次]]></desc></option><option><id>E</id><type>text</type><desc><![CDATA[任何时间服用]]></desc></option></options><answers><![CDATA[A]]></answers></question><question><type>1</type><format>html</format><desc><![CDATA[18.病人，女性，27岁，诊断为缺铁性贫血。护士为其讲述服用铁剂的方法，下列描述中<u><b>不正确</b></u>的是]]></desc><options><option><id>A</id><type>text</type><desc><![CDATA[餐后服用]]></desc></option><option><id>B</id><type>text</type><desc><![CDATA[饮浓茶]]></desc></option><option><id>C</id><type>text</type><desc><![CDATA[与维生素C同服]]></desc></option><option><id>D</id><type>text</type><desc><![CDATA[不能同时喝牛奶]]></desc></option><option><id>E</id><type>text</type><desc><![CDATA[用吸管吸服铁剂]]></desc></option></options><answers><![CDATA[B]]></answers></question></questions><questions><instructions><![CDATA[二、共用题干选择题]]></instructions><question><type>3</type><format>text</format><desc><![CDATA[1.病人，女性，32岁，“胃大部切除术”后3年。近1年，病人出现头晕、心悸、气短、乏力。诊断为缺铁性贫血。]]></desc><children><question><type>3</type><format>text</format><desc><![CDATA[（1）导致病人贫血的原因可能是]]></desc><options><option><id>A</id><type>text</type><desc><![CDATA[饮食中供铁不足]]></desc></option><option><id>B</id><type>text</type><desc><![CDATA[铁吸收不良]]></desc></option><option><id>C</id><type>text</type><desc><![CDATA[育龄期女性需铁量增加]]></desc></option><option><id>D</id><type>text</type><desc><![CDATA[损失铁过多]]></desc></option><option><id>E</id><type>text</type><desc><![CDATA[铁不能利用]]></desc></option></options><answers><![CDATA[B]]></answers></question><question><type>3</type><format>html</format><desc><![CDATA[（2）指导病人口服铁剂的要点<u><b>不包括</b></u>]]></desc><options><option><id>A</id><type>text</type><desc><![CDATA[宜于进餐后服用]]></desc></option><option><id>B</id><type>text</type><desc><![CDATA[用吸管服用液体铁剂，避免牙齿染色]]></desc></option><option><id>C</id><type>text</type><desc><![CDATA[可同服稀盐酸，促进铁剂的吸收]]></desc></option><option><id>D</id><type>text</type><desc><![CDATA[如有消化道反应，可与牛奶同服]]></desc></option><option><id>E</id><type>text</type><desc><![CDATA[血红蛋白正常后，需继续服铁3～6个月]]></desc></option></options><answers><![CDATA[D]]></answers></question></children></question></questions></exam>