﻿<?xml version="1.0" encoding="UTF-8"?><exam><id>20181102084439</id><questions><instructions><![CDATA[一、单项选择题]]></instructions><question><type>1</type><format>text</format><desc><![CDATA[1.青霉素过敏性休克时，首选何药抢救]]></desc><options><option><id>A</id><type>text</type><desc><![CDATA[多巴胺]]></desc></option><option><id>B</id><type>text</type><desc><![CDATA[去甲肾上腺素]]></desc></option><option><id>C</id><type>text</type><desc><![CDATA[肾上腺素]]></desc></option><option><id>D</id><type>text</type><desc><![CDATA[异丙肾上腺素]]></desc></option><option><id>E</id><type>text</type><desc><![CDATA[扑尔敏]]></desc></option></options><answers><![CDATA[C]]></answers></question><question><type>1</type><format>text</format><desc><![CDATA[2.去甲肾上腺素静脉滴注时间过长或剂量过大的主要危险是]]></desc><options><option><id>A</id><type>text</type><desc><![CDATA[心率加快]]></desc></option><option><id>B</id><type>text</type><desc><![CDATA[急性肾功能衰竭]]></desc></option><option><id>C</id><type>text</type><desc><![CDATA[情绪变化]]></desc></option><option><id>D</id><type>text</type><desc><![CDATA[升高血压]]></desc></option><option><id>E</id><type>text</type><desc><![CDATA[支气管收缩]]></desc></option></options><answers><![CDATA[B]]></answers></question><question><type>1</type><format>text</format><desc><![CDATA[3.临床上治疗Ⅱ、Ⅲ度房室传导阻滞，下列药物中宜选用]]></desc><options><option><id>A</id><type>text</type><desc><![CDATA[去甲肾上腺素]]></desc></option><option><id>B</id><type>text</type><desc><![CDATA[多巴胺]]></desc></option><option><id>C</id><type>text</type><desc><![CDATA[异丙肾上腺素]]></desc></option><option><id>D</id><type>text</type><desc><![CDATA[肾上腺素]]></desc></option><option><id>E</id><type>text</type><desc><![CDATA[麻黄碱]]></desc></option></options><answers><![CDATA[C]]></answers></question><question><type>1</type><format>text</format><desc><![CDATA[4.抢救麻醉和手术意外导致的心脏骤停时，下列药物中宜选用]]></desc><options><option><id>A</id><type>text</type><desc><![CDATA[肾上腺素]]></desc></option><option><id>B</id><type>text</type><desc><![CDATA[多巴胺]]></desc></option><option><id>C</id><type>text</type><desc><![CDATA[麻黄碱]]></desc></option><option><id>D</id><type>text</type><desc><![CDATA[去甲肾上腺素]]></desc></option><option><id>E</id><type>text</type><desc><![CDATA[地高辛]]></desc></option></options><answers><![CDATA[A]]></answers></question><question><type>1</type><format>text</format><desc><![CDATA[5.急性肾功能衰竭时，常选用下列何药与利尿剂配伍使用]]></desc><options><option><id>A</id><type>text</type><desc><![CDATA[多巴胺]]></desc></option><option><id>B</id><type>text</type><desc><![CDATA[肾上腺素]]></desc></option><option><id>C</id><type>text</type><desc><![CDATA[去甲肾上腺素]]></desc></option><option><id>D</id><type>text</type><desc><![CDATA[多巴酚丁胺]]></desc></option><option><id>E</id><type>text</type><desc><![CDATA[麻黄碱]]></desc></option></options><answers><![CDATA[A]]></answers></question><question><type>1</type><format>html</format><desc><![CDATA[6.下列何药中，对α受体几乎<u><b>无作用</b></u>的是]]></desc><options><option><id>A</id><type>text</type><desc><![CDATA[去甲肾上腺素]]></desc></option><option><id>B</id><type>text</type><desc><![CDATA[可乐定]]></desc></option><option><id>C</id><type>text</type><desc><![CDATA[间羟胺]]></desc></option><option><id>D</id><type>text</type><desc><![CDATA[肾上腺素]]></desc></option><option><id>E</id><type>text</type><desc><![CDATA[异丙肾上腺素]]></desc></option></options><answers><![CDATA[E]]></answers></question><question><type>1</type><format>text</format><desc><![CDATA[7.对α受体和β受体均有强大的激动作用的是]]></desc><options><option><id>A</id><type>text</type><desc><![CDATA[去甲肾上腺素]]></desc></option><option><id>B</id><type>text</type><desc><![CDATA[麻黄碱]]></desc></option><option><id>C</id><type>text</type><desc><![CDATA[可乐定]]></desc></option><option><id>D</id><type>text</type><desc><![CDATA[肾上腺素]]></desc></option><option><id>E</id><type>text</type><desc><![CDATA[多巴酚丁胺]]></desc></option></options><answers><![CDATA[D]]></answers></question><question><type>1</type><format>text</format><desc><![CDATA[8.下列受体激动剂和受体阻断剂的搭配最恰当的是]]></desc><options><option><id>A</id><type>text</type><desc><![CDATA[异丙肾上腺素-普萘洛尔]]></desc></option><option><id>B</id><type>text</type><desc><![CDATA[肾上腺素-哌唑嗪]]></desc></option><option><id>C</id><type>text</type><desc><![CDATA[去甲肾上腺素-普萘洛尔]]></desc></option><option><id>D</id><type>text</type><desc><![CDATA[间羟胺-多巴胺]]></desc></option><option><id>E</id><type>text</type><desc><![CDATA[多巴酚丁胺-普萘洛尔]]></desc></option></options><answers><![CDATA[A]]></answers></question><question><type>1</type><format>text</format><desc><![CDATA[9.一个11岁男童在湖边戏水不慎落入湖中，捞上时呼吸、心跳均停止，此时除人工呼吸、心脏按压外，下列药物宜选用]]></desc><options><option><id>A</id><type>text</type><desc><![CDATA[地高辛]]></desc></option><option><id>B</id><type>text</type><desc><![CDATA[去甲肾上腺素]]></desc></option><option><id>C</id><type>text</type><desc><![CDATA[阿托品]]></desc></option><option><id>D</id><type>text</type><desc><![CDATA[肾上腺素]]></desc></option><option><id>E</id><type>text</type><desc><![CDATA[异丙肾上腺素]]></desc></option></options><answers><![CDATA[D]]></answers></question><question><type>1</type><format>text</format><desc><![CDATA[10.治疗剂量可增强心肌收缩力及明显舒张肾血管的药物是]]></desc><options><option><id>A</id><type>text</type><desc><![CDATA[肾上腺素]]></desc></option><option><id>B</id><type>text</type><desc><![CDATA[麻黄碱]]></desc></option><option><id>C</id><type>text</type><desc><![CDATA[去氧肾上腺素]]></desc></option><option><id>D</id><type>text</type><desc><![CDATA[多巴胺]]></desc></option><option><id>E</id><type>text</type><desc><![CDATA[去甲肾上腺素]]></desc></option></options><answers><![CDATA[D]]></answers></question><question><type>1</type><format>text</format><desc><![CDATA[11.氯丙嗪过量引起血压下降，升高血压应选用的药物是]]></desc><options><option><id>A</id><type>text</type><desc><![CDATA[肾上腺素]]></desc></option><option><id>B</id><type>text</type><desc><![CDATA[去甲肾上腺素]]></desc></option><option><id>C</id><type>text</type><desc><![CDATA[阿托品]]></desc></option><option><id>D</id><type>text</type><desc><![CDATA[多巴胺]]></desc></option><option><id>E</id><type>text</type><desc><![CDATA[异丙肾上腺素]]></desc></option></options><answers><![CDATA[B]]></answers></question><question><type>1</type><format>html</format><desc><![CDATA[12.与肾上腺素比较，异丙肾上腺素<u><b>不具备</b></u>的作用是]]></desc><options><option><id>A</id><type>text</type><desc><![CDATA[松弛支气管平滑肌]]></desc></option><option><id>B</id><type>text</type><desc><![CDATA[抑制肥大细胞释放过敏性物质]]></desc></option><option><id>C</id><type>text</type><desc><![CDATA[收缩支气管粘膜血管]]></desc></option><option><id>D</id><type>text</type><desc><![CDATA[激动β<sub>2</sub>受体]]></desc></option><option><id>E</id><type>text</type><desc><![CDATA[激动β<sub>1</sub>受体]]></desc></option></options><answers><![CDATA[C]]></answers></question></questions></exam>