﻿<?xml version="1.0" encoding="UTF-8"?><exam><id>20181102132701</id><questions><instructions><![CDATA[一、单项选择题]]></instructions><question><type>1</type><format>text</format><desc><![CDATA[1.对于正在发病的间日疟病人进行根治，应选]]></desc><options><option><id>A</id><type>text</type><desc><![CDATA[氯喹]]></desc></option><option><id>B</id><type>text</type><desc><![CDATA[伯氨喹]]></desc></option><option><id>C</id><type>text</type><desc><![CDATA[氯喹+乙胺嘧啶]]></desc></option><option><id>D</id><type>text</type><desc><![CDATA[氯喹+伯氨喹]]></desc></option><option><id>E</id><type>text</type><desc><![CDATA[乙胺嘧啶]]></desc></option></options><answers><![CDATA[D]]></answers></question><question><type>1</type><format>text</format><desc><![CDATA[2.下列可用作病因性预防的药物是]]></desc><options><option><id>A</id><type>text</type><desc><![CDATA[氯喹]]></desc></option><option><id>B</id><type>text</type><desc><![CDATA[青蒿素]]></desc></option><option><id>C</id><type>text</type><desc><![CDATA[甲氟喹]]></desc></option><option><id>D</id><type>text</type><desc><![CDATA[乙胺嘧啶]]></desc></option><option><id>E</id><type>text</type><desc><![CDATA[伯氨喹]]></desc></option></options><answers><![CDATA[D]]></answers></question><question><type>1</type><format>html</format><desc><![CDATA[3.对伯氨喹的描述，下列<u><b>不正确</b></u>的是]]></desc><options><option><id>A</id><type>text</type><desc><![CDATA[根治间日疟和控制疟疾传播最有效]]></desc></option><option><id>B</id><type>text</type><desc><![CDATA[对间日疟红细胞外期相各种疟原虫配子体有强大杀灭作用]]></desc></option><option><id>C</id><type>text</type><desc><![CDATA[可控制疟疾症状发作]]></desc></option><option><id>D</id><type>text</type><desc><![CDATA[疟原虫对其很少产生耐药性]]></desc></option><option><id>E</id><type>text</type><desc><![CDATA[与氯喹合用根治间日疟病人]]></desc></option></options><answers><![CDATA[C]]></answers></question><question><type>1</type><format>html</format><desc><![CDATA[4.对乙胺嘧啶的描述<u><b>错误的</b></u>是]]></desc><options><option><id>A</id><type>text</type><desc><![CDATA[有效地抑制恶性疟和间日疟原发性红细胞外期]]></desc></option><option><id>B</id><type>text</type><desc><![CDATA[疟疾病因性预防首选药]]></desc></option><option><id>C</id><type>text</type><desc><![CDATA[对未成熟的裂殖体有抑制作用]]></desc></option><option><id>D</id><type>text</type><desc><![CDATA[抑制疟原虫二氢叶酸还原酶]]></desc></option><option><id>E</id><type>text</type><desc><![CDATA[可控制疟疾症状发作]]></desc></option></options><answers><![CDATA[E]]></answers></question><question><type>1</type><format>text</format><desc><![CDATA[5.进入疫区时作为病因性预防的常规用药是]]></desc><options><option><id>A</id><type>text</type><desc><![CDATA[伯氨喹]]></desc></option><option><id>B</id><type>text</type><desc><![CDATA[氯喹]]></desc></option><option><id>C</id><type>text</type><desc><![CDATA[乙胺嘧啶]]></desc></option><option><id>D</id><type>text</type><desc><![CDATA[增效磺胺]]></desc></option><option><id>E</id><type>text</type><desc><![CDATA[青蒿素]]></desc></option></options><answers><![CDATA[C]]></answers></question><question><type>1</type><format>text</format><desc><![CDATA[6.控制良性疟疾复发及防治疟疾传播最有效的药物是]]></desc><options><option><id>A</id><type>text</type><desc><![CDATA[伯氨喹]]></desc></option><option><id>B</id><type>text</type><desc><![CDATA[氯喹]]></desc></option><option><id>C</id><type>text</type><desc><![CDATA[乙胺嘧啶]]></desc></option><option><id>D</id><type>text</type><desc><![CDATA[奎宁]]></desc></option><option><id>E</id><type>text</type><desc><![CDATA[青蒿素]]></desc></option></options><answers><![CDATA[A]]></answers></question><question><type>1</type><format>text</format><desc><![CDATA[7.下列对心肌有严重毒性的药品是]]></desc><options><option><id>A</id><type>text</type><desc><![CDATA[甲硝唑]]></desc></option><option><id>B</id><type>text</type><desc><![CDATA[氯喹]]></desc></option><option><id>C</id><type>text</type><desc><![CDATA[乙胺嘧啶]]></desc></option><option><id>D</id><type>text</type><desc><![CDATA[依米丁]]></desc></option><option><id>E</id><type>text</type><desc><![CDATA[青蒿素]]></desc></option></options><answers><![CDATA[D]]></answers></question><question><type>1</type><format>html</format><desc><![CDATA[8.下列对甲硝唑的描述<u><b>不正确的</b></u>是]]></desc><options><option><id>A</id><type>text</type><desc><![CDATA[对阿米巴大滋养体有直接杀灭作用]]></desc></option><option><id>B</id><type>text</type><desc><![CDATA[治疗急性阿米巴痢疾和肠外阿米巴病效果最好]]></desc></option><option><id>C</id><type>text</type><desc><![CDATA[适用于排包囊者]]></desc></option><option><id>D</id><type>text</type><desc><![CDATA[对阴道滴虫有直接杀灭作用]]></desc></option><option><id>E</id><type>text</type><desc><![CDATA[目前治疗贾第鞭毛虫最有效的药物]]></desc></option></options><answers><![CDATA[C]]></answers></question><question><type>1</type><format>html</format><desc><![CDATA[9.下列<u><b>不是</b></u>甲硝唑的适应证的是]]></desc><options><option><id>A</id><type>text</type><desc><![CDATA[阿米巴痢疾]]></desc></option><option><id>B</id><type>text</type><desc><![CDATA[阿米巴肝脓肿]]></desc></option><option><id>C</id><type>text</type><desc><![CDATA[阴道滴虫病]]></desc></option><option><id>D</id><type>text</type><desc><![CDATA[绦虫病]]></desc></option><option><id>E</id><type>text</type><desc><![CDATA[盆腔厌氧菌感染]]></desc></option></options><answers><![CDATA[D]]></answers></question><question><type>1</type><format>text</format><desc><![CDATA[10.吡喹酮属于]]></desc><options><option><id>A</id><type>text</type><desc><![CDATA[抗阿米巴药]]></desc></option><option><id>B</id><type>text</type><desc><![CDATA[抗病毒药]]></desc></option><option><id>C</id><type>text</type><desc><![CDATA[抗疟药]]></desc></option><option><id>D</id><type>text</type><desc><![CDATA[抗吸虫药驱绦虫药]]></desc></option><option><id>E</id><type>text</type><desc><![CDATA[抗肠蠕虫药]]></desc></option></options><answers><![CDATA[D]]></answers></question><question><type>1</type><format>text</format><desc><![CDATA[11.下列驱虫谱最广且高效低毒的驱虫药是]]></desc><options><option><id>A</id><type>text</type><desc><![CDATA[甲苯咪唑]]></desc></option><option><id>B</id><type>text</type><desc><![CDATA[吡喹酮]]></desc></option><option><id>C</id><type>text</type><desc><![CDATA[哌嗪]]></desc></option><option><id>D</id><type>text</type><desc><![CDATA[阿苯达唑]]></desc></option><option><id>E</id><type>text</type><desc><![CDATA[噻嘧啶]]></desc></option></options><answers><![CDATA[D]]></answers></question><question><type>1</type><format>html</format><desc><![CDATA[12.下列<u><b>不属于</b></u>广谱驱虫药是]]></desc><options><option><id>A</id><type>text</type><desc><![CDATA[甲苯咪唑]]></desc></option><option><id>B</id><type>text</type><desc><![CDATA[左旋咪唑]]></desc></option><option><id>C</id><type>text</type><desc><![CDATA[哌嗪]]></desc></option><option><id>D</id><type>text</type><desc><![CDATA[阿苯达唑]]></desc></option><option><id>E</id><type>text</type><desc><![CDATA[噻嘧啶]]></desc></option></options><answers><![CDATA[C]]></answers></question></questions></exam>